{
"type": "FeatureCollection",
"name": "elvis_tile_id_66",
"crs": { "type": "name", "properties": { "name": "urn:ogc:def:crs:OGC:1.3:CRS84" } },
"xy_coordinate_resolution": 1e-15,
"features": [
{ "type": "Feature", "properties": { "fid": 431618, "elvelengde_m": 636.33, "elvID": "090-71-1", "elvenavn": null, "regulert": null, "fid_2": 66, "id": 66, "left": 4.486919847, "top": 61.946110046000001, "right": 4.986919847, "bottom": 61.446110046000001, "row_index": 25, "col_index": 1, "tile_id": 66 }, "geometry": { "type": "MultiLineString", "coordinates": [ [ [ 4.884884767820834, 61.869854549578427 ], [ 4.884836756602871, 61.870212766918527 ], [ 4.88397174947537, 61.870699196362494 ], [ 4.883833614516809, 61.871018751088904 ], [ 4.883606655096599, 61.871290592732173 ], [ 4.88365590247141, 61.871489859892314 ], [ 4.883835776878478, 61.871710966614316 ], [ 4.883838829661302, 61.871971732820548 ], [ 4.88340617790575, 61.872498160545732 ], [ 4.882879464941806, 61.87273414782814 ], [ 4.882022339770971, 61.872923848758241 ], [ 4.881654006879456, 61.873133474694697 ], [ 4.88120770199842, 61.873239229577081 ], [ 4.880484053190567, 61.873152761601375 ], [ 4.879714939210419, 61.873712950990885 ], [ 4.878708359530349, 61.873848509993579 ] ] ] } },
{ "type": "Feature", "properties": { "fid": 431621, "elvelengde_m": 678.02, "elvID": "090-86-18", "elvenavn": null, "regulert": null, "fid_2": 66, "id": 66, "left": 4.486919847, "top": 61.946110046000001, "right": 4.986919847, "bottom": 61.446110046000001, "row_index": 25, "col_index": 1, "tile_id": 66 }, "geometry": { "type": "MultiLineString", "coordinates": [ [ [ 4.986919847, 61.869821103548148 ], [ 4.985617684230268, 61.869536338449429 ], [ 4.984893277207553, 61.869110664078534 ], [ 4.981995244664732, 61.868126986126818 ], [ 4.981329218294572, 61.868125526256634 ] ] ] } },
{ "type": "Feature", "properties": { "fid": 431623, "elvelengde_m": 12.7, "elvID": "090-71-1", "elvenavn": null, "regulert": null, "fid_2": 66, "id": 66, "left": 4.486919847, "top": 61.946110046000001, "right": 4.986919847, "bottom": 61.446110046000001, "row_index": 25, "col_index": 1, "tile_id": 66 }, "geometry": { "type": "MultiLineString", "coordinates": [ [ [ 4.935210033284942, 61.864206411361046 ], [ 4.935119710884442, 61.864311746327353 ] ] ] } },
{ "type": "Feature", "properties": { "fid": 431625, "elvelengde_m": 117.12, "elvID": "090-86-12", "elvenavn": null, "regulert": null, "fid_2": 66, "id": 66, "left": 4.486919847, "top": 61.946110046000001, "right": 4.986919847, "bottom": 61.446110046000001, "row_index": 25, "col_index": 1, "tile_id": 66 }, "geometry": { "type": "MultiLineString", "coordinates": [ [ [ 4.983477233113556, 61.857985764699443 ], [ 4.98562255306017, 61.857733869458841 ] ] ] } },
{ "type": "Feature", "properties": { "fid": 431632, "elvelengde_m": 253.26, "elvID": "090-91-1", "elvenavn": null, "regulert": null, "fid_2": 66, "id": 66, "left": 4.486919847, "top": 61.946110046000001, "right": 4.986919847, "bottom": 61.446110046000001, "row_index": 25, "col_index": 1, "tile_id": 66 }, "geometry": { "type": "MultiLineString", "coordinates": [ [ [ 4.986919847, 61.818788120907598 ], [ 4.986082316889396, 61.818914636244841 ], [ 4.985138059994119, 61.818869023000161 ] ] ] } },
{ "type": "Feature", "properties": { "fid": 431637, "elvelengde_m": 22.27, "elvID": "090-2-2", "elvenavn": null, "regulert": null, "fid_2": 66, "id": 66, "left": 4.486919847, "top": 61.946110046000001, "right": 4.986919847, "bottom": 61.446110046000001, "row_index": 25, "col_index": 1, "tile_id": 66 }, "geometry": { "type": "MultiLineString", "coordinates": [ [ [ 4.83050283568388, 61.795206648357571 ], [ 4.830144543981156, 61.79531124945246 ] ] ] } },
{ "type": "Feature", "properties": { "fid": 431638, "elvelengde_m": 515.31, "elvID": "090-18-1", "elvenavn": null, "regulert": null, "fid_2": 66, "id": 66, "left": 4.486919847, "top": 61.946110046000001, "right": 4.986919847, "bottom": 61.446110046000001, "row_index": 25, "col_index": 1, "tile_id": 66 }, "geometry": { "type": "MultiLineString", "coordinates": [ [ [ 4.827063759839932, 61.786687277905713 ], [ 4.825407331845476, 61.785602981492254 ], [ 4.825028276143764, 61.785177916158062 ], [ 4.82440900165833, 61.78484444495556 ], [ 4.822616767453474, 61.783504226195944 ], [ 4.822558548688098, 61.782726968891303 ] ] ] } },
{ "type": "Feature", "properties": { "fid": 431639, "elvelengde_m": 65.17, "elvID": "090-71-4", "elvenavn": null, "regulert": null, "fid_2": 66, "id": 66, "left": 4.486919847, "top": 61.946110046000001, "right": 4.986919847, "bottom": 61.446110046000001, "row_index": 25, "col_index": 1, "tile_id": 66 }, "geometry": { "type": "MultiLineString", "coordinates": [ [ [ 4.908911115794626, 61.861304038277055 ], [ 4.908986505236268, 61.861570041059679 ], [ 4.909334762909753, 61.861838018956739 ] ] ] } },
{ "type": "Feature", "properties": { "fid": 431641, "elvelengde_m": 91.37, "elvID": "090-58-2", "elvenavn": null, "regulert": null, "fid_2": 66, "id": 66, "left": 4.486919847, "top": 61.946110046000001, "right": 4.986919847, "bottom": 61.446110046000001, "row_index": 25, "col_index": 1, "tile_id": 66 }, "geometry": { "type": "MultiLineString", "coordinates": [ [ [ 4.968711092348739, 61.885023791222089 ], [ 4.968990408397195, 61.885273460592792 ], [ 4.969645612737967, 61.885449068663732 ], [ 4.969854715631979, 61.885596762474435 ] ] ] } },
{ "type": "Feature", "properties": { "fid": 431642, "elvelengde_m": 35.72, "elvID": "090-73-1", "elvenavn": null, "regulert": null, "fid_2": 66, "id": 66, "left": 4.486919847, "top": 61.946110046000001, "right": 4.986919847, "bottom": 61.446110046000001, "row_index": 25, "col_index": 1, "tile_id": 66 }, "geometry": { "type": "MultiLineString", "coordinates": [ [ [ 4.861331457545178, 61.867096076361577 ], [ 4.861711356555448, 61.866943455550761 ], [ 4.861842446983673, 61.867000218506256 ] ] ] } },
{ "type": "Feature", "properties": { "fid": 431645, "elvelengde_m": 80.05, "elvID": "090-16-1", "elvenavn": null, "regulert": null, "fid_2": 66, "id": 66, "left": 4.486919847, "top": 61.946110046000001, "right": 4.986919847, "bottom": 61.446110046000001, "row_index": 25, "col_index": 1, "tile_id": 66 }, "geometry": { "type": "MultiLineString", "coordinates": [ [ [ 4.84462863219799, 61.780640229866584 ], [ 4.844168975810939, 61.780456063320955 ], [ 4.843856934320099, 61.780509314893834 ], [ 4.843305595844051, 61.7804562042284 ] ] ] } },
{ "type": "Feature", "properties": { "fid": 431646, "elvelengde_m": 358.7, "elvID": "090-80-1", "elvenavn": null, "regulert": null, "fid_2": 66, "id": 66, "left": 4.486919847, "top": 61.946110046000001, "right": 4.986919847, "bottom": 61.446110046000001, "row_index": 25, "col_index": 1, "tile_id": 66 }, "geometry": { "type": "MultiLineString", "coordinates": [ [ [ 4.935215927836996, 61.854563445462645 ], [ 4.936311620556081, 61.854430387551254 ], [ 4.93609208457897, 61.854090249680382 ], [ 4.935575324954485, 61.853836052699101 ], [ 4.934559988386984, 61.853607725049287 ], [ 4.933461015847432, 61.85372256155533 ], [ 4.932688138623365, 61.853351506713032 ], [ 4.932008109209638, 61.853198690326295 ] ] ] } },
{ "type": "Feature", "properties": { "fid": 431649, "elvelengde_m": 352.28, "elvID": "090-13-1", "elvenavn": null, "regulert": null, "fid_2": 66, "id": 66, "left": 4.486919847, "top": 61.946110046000001, "right": 4.986919847, "bottom": 61.446110046000001, "row_index": 25, "col_index": 1, "tile_id": 66 }, "geometry": { "type": "MultiLineString", "coordinates": [ [ [ 4.858747953124062, 61.761487144944077 ], [ 4.860147082368684, 61.761821665947416 ], [ 4.862953442161725, 61.762713611117391 ], [ 4.864574365854311, 61.762904177236123 ] ] ] } },
{ "type": "Feature", "properties": { "fid": 433465, "elvelengde_m": 475.36, "elvID": "090-65-1", "elvenavn": null, "regulert": null, "fid_2": 66, "id": 66, "left": 4.486919847, "top": 61.946110046000001, "right": 4.986919847, "bottom": 61.446110046000001, "row_index": 25, "col_index": 1, "tile_id": 66 }, "geometry": { "type": "MultiLineString", "coordinates": [ [ [ 4.964119828337768, 61.89412997795462 ], [ 4.963456785682976, 61.89395763551957 ], [ 4.961850721660842, 61.894000321633868 ], [ 4.961271964955455, 61.893911414141449 ], [ 4.960274242641111, 61.893531490899846 ], [ 4.958838720632028, 61.893147729117203 ], [ 4.955954063023168, 61.892631418959013 ] ] ] } },
{ "type": "Feature", "properties": { "fid": 433466, "elvelengde_m": 143.87, "elvID": "090-65-1", "elvenavn": null, "regulert": null, "fid_2": 66, "id": 66, "left": 4.486919847, "top": 61.946110046000001, "right": 4.986919847, "bottom": 61.446110046000001, "row_index": 25, "col_index": 1, "tile_id": 66 }, "geometry": { "type": "MultiLineString", "coordinates": [ [ [ 4.930135251212202, 61.887356630175532 ], [ 4.929594553995956, 61.887268668058354 ], [ 4.92922003040538, 61.887077806138805 ], [ 4.928980768963532, 61.88658526046941 ], [ 4.928556180014854, 61.886435427868996 ] ] ] } },
{ "type": "Feature", "properties": { "fid": 433467, "elvelengde_m": 504.09, "elvID": "090-65-4", "elvenavn": null, "regulert": null, "fid_2": 66, "id": 66, "left": 4.486919847, "top": 61.946110046000001, "right": 4.986919847, "bottom": 61.446110046000001, "row_index": 25, "col_index": 1, "tile_id": 66 }, "geometry": { "type": "MultiLineString", "coordinates": [ [ [ 4.954117507157877, 61.886491738841784 ], [ 4.954124820895904, 61.886869503750276 ], [ 4.95455202220487, 61.887673021667581 ], [ 4.954701483965474, 61.888126824585768 ], [ 4.954788220854821, 61.888911484895509 ], [ 4.954651992667799, 61.889222073276819 ], [ 4.95355276443152, 61.889756028846591 ], [ 4.951614779337358, 61.890148437966452 ] ] ] } },
{ "type": "Feature", "properties": { "fid": 433469, "elvelengde_m": 424.2, "elvID": "090-71-2", "elvenavn": null, "regulert": null, "fid_2": 66, "id": 66, "left": 4.486919847, "top": 61.946110046000001, "right": 4.986919847, "bottom": 61.446110046000001, "row_index": 25, "col_index": 1, "tile_id": 66 }, "geometry": { "type": "MultiLineString", "coordinates": [ [ [ 4.930078966956601, 61.859703657042751 ], [ 4.929928225330051, 61.859977925335102 ], [ 4.929551298171186, 61.860236460004678 ], [ 4.927977751167737, 61.860333487545915 ], [ 4.927456170857454, 61.86053386661299 ], [ 4.927409941136609, 61.860739169053211 ], [ 4.926137865161581, 61.86171727966466 ], [ 4.925807207143502, 61.86205810166156 ], [ 4.925809378234061, 61.862327836978025 ], [ 4.925946744622842, 61.862439692461031 ] ] ] } },
{ "type": "Feature", "properties": { "fid": 433470, "elvelengde_m": 318.31, "elvID": "090-86-16", "elvenavn": null, "regulert": null, "fid_2": 66, "id": 66, "left": 4.486919847, "top": 61.946110046000001, "right": 4.986919847, "bottom": 61.446110046000001, "row_index": 25, "col_index": 1, "tile_id": 66 }, "geometry": { "type": "MultiLineString", "coordinates": [ [ [ 4.960481278716267, 61.864107065613645 ], [ 4.961096210645664, 61.863630672257479 ], [ 4.961657443364412, 61.862981991819275 ], [ 4.961710632494152, 61.862579176964267 ], [ 4.961898907362545, 61.862305933507379 ], [ 4.962893919976255, 61.861544174210628 ] ] ] } },
{ "type": "Feature", "properties": { "fid": 433471, "elvelengde_m": 1147.19, "elvID": "090-86-25", "elvenavn": null, "regulert": null, "fid_2": 66, "id": 66, "left": 4.486919847, "top": 61.946110046000001, "right": 4.986919847, "bottom": 61.446110046000001, "row_index": 25, "col_index": 1, "tile_id": 66 }, "geometry": { "type": "MultiLineString", "coordinates": [ [ [ 4.986919847, 61.863436969913131 ], [ 4.986877684192935, 61.863406694241505 ], [ 4.986676960781362, 61.863050225358322 ], [ 4.986593462394247, 61.862670233732736 ], [ 4.985639295581431, 61.861527762692432 ], [ 4.985107324459295, 61.860649212419354 ], [ 4.985097546413337, 61.860289309037661 ], [ 4.985763847638268, 61.859850379906199 ], [ 4.986767372192224, 61.858729110313064 ], [ 4.986919847, 61.858620954643236 ] ] ] } },
{ "type": "Feature", "properties": { "fid": 433473, "elvelengde_m": 541.52, "elvID": "090-81-1", "elvenavn": null, "regulert": null, "fid_2": 66, "id": 66, "left": 4.486919847, "top": 61.946110046000001, "right": 4.986919847, "bottom": 61.446110046000001, "row_index": 25, "col_index": 1, "tile_id": 66 }, "geometry": { "type": "MultiLineString", "coordinates": [ [ [ 4.913898690643214, 61.841316175071732 ], [ 4.914198551276346, 61.841064384665117 ], [ 4.913999819008722, 61.839701219235657 ], [ 4.91452727206177, 61.839235748980336 ], [ 4.915226087915323, 61.83891953276116 ], [ 4.915525883160722, 61.838667827156335 ], [ 4.915539355084008, 61.837762657373354 ], [ 4.91674680853201, 61.836933930569238 ] ] ] } },
{ "type": "Feature", "properties": { "fid": 434896, "elvelengde_m": 213.13, "elvID": "090-62-1", "elvenavn": null, "regulert": null, "fid_2": 66, "id": 66, "left": 4.486919847, "top": 61.946110046000001, "right": 4.986919847, "bottom": 61.446110046000001, "row_index": 25, "col_index": 1, "tile_id": 66 }, "geometry": { "type": "MultiLineString", "coordinates": [ [ [ 4.946086299645737, 61.905419984187148 ], [ 4.946089825160211, 61.906399909313649 ], [ 4.945499242881867, 61.907283852635345 ] ] ] } },
{ "type": "Feature", "properties": { "fid": 434897, "elvelengde_m": 27.08, "elvID": "090-69-1", "elvenavn": null, "regulert": null, "fid_2": 66, "id": 66, "left": 4.486919847, "top": 61.946110046000001, "right": 4.986919847, "bottom": 61.446110046000001, "row_index": 25, "col_index": 1, "tile_id": 66 }, "geometry": { "type": "MultiLineString", "coordinates": [ [ [ 4.925539925894029, 61.873224112696306 ], [ 4.925070894806979, 61.873174110040743 ] ] ] } },
{ "type": "Feature", "properties": { "fid": 434899, "elvelengde_m": 25.27, "elvID": "090-80-1", "elvenavn": null, "regulert": null, "fid_2": 66, "id": 66, "left": 4.486919847, "top": 61.946110046000001, "right": 4.986919847, "bottom": 61.446110046000001, "row_index": 25, "col_index": 1, "tile_id": 66 }, "geometry": { "type": "MultiLineString", "coordinates": [ [ [ 4.932008109209638, 61.853198690326295 ], [ 4.931537936022248, 61.85315766598395 ] ] ] } },
{ "type": "Feature", "properties": { "fid": 434908, "elvelengde_m": 44.68, "elvID": "090-2-1", "elvenavn": null, "regulert": null, "fid_2": 66, "id": 66, "left": 4.486919847, "top": 61.946110046000001, "right": 4.986919847, "bottom": 61.446110046000001, "row_index": 25, "col_index": 1, "tile_id": 66 }, "geometry": { "type": "MultiLineString", "coordinates": [ [ [ 4.837851211561724, 61.796203046253872 ], [ 4.837225975934349, 61.796471733631414 ] ] ] } },
{ "type": "Feature", "properties": { "fid": 434911, "elvelengde_m": 554.69, "elvID": "090-12-1", "elvenavn": null, "regulert": null, "fid_2": 66, "id": 66, "left": 4.486919847, "top": 61.946110046000001, "right": 4.986919847, "bottom": 61.446110046000001, "row_index": 25, "col_index": 1, "tile_id": 66 }, "geometry": { "type": "MultiLineString", "coordinates": [ [ [ 4.867120404300328, 61.768239902348867 ], [ 4.866513289213985, 61.767817251170342 ], [ 4.86631579753615, 61.767451600287224 ], [ 4.866427422246269, 61.767185352241135 ], [ 4.867026109500642, 61.766825849997659 ], [ 4.867452558347302, 61.766335227195974 ], [ 4.867752879566686, 61.766218350474738 ], [ 4.869825310559739, 61.765903382565867 ], [ 4.870766180905935, 61.765679868982104 ], [ 4.871768768281748, 61.765278567125371 ], [ 4.872426054574359, 61.764920699446876 ] ] ] } },
{ "type": "Feature", "properties": { "fid": 434912, "elvelengde_m": 76.79, "elvID": "090-65-5", "elvenavn": null, "regulert": null, "fid_2": 66, "id": 66, "left": 4.486919847, "top": 61.946110046000001, "right": 4.986919847, "bottom": 61.446110046000001, "row_index": 25, "col_index": 1, "tile_id": 66 }, "geometry": { "type": "MultiLineString", "coordinates": [ [ [ 4.939454765150782, 61.889762749720738 ], [ 4.939158686447467, 61.889699685010839 ], [ 4.939441907382368, 61.88918446314532 ] ] ] } },
{ "type": "Feature", "properties": { "fid": 434913, "elvelengde_m": 50.6, "elvID": "090-71-7", "elvenavn": null, "regulert": null, "fid_2": 66, "id": 66, "left": 4.486919847, "top": 61.946110046000001, "right": 4.986919847, "bottom": 61.446110046000001, "row_index": 25, "col_index": 1, "tile_id": 66 }, "geometry": { "type": "MultiLineString", "coordinates": [ [ [ 4.91841406620766, 61.866405270645743 ], [ 4.917973782264917, 61.866229276553462 ], [ 4.917869525395289, 61.866056737899193 ] ] ] } },
{ "type": "Feature", "properties": { "fid": 434915, "elvelengde_m": 158.76, "elvID": "090-16-1", "elvenavn": null, "regulert": null, "fid_2": 66, "id": 66, "left": 4.486919847, "top": 61.946110046000001, "right": 4.986919847, "bottom": 61.446110046000001, "row_index": 25, "col_index": 1, "tile_id": 66 }, "geometry": { "type": "MultiLineString", "coordinates": [ [ [ 4.849142746021937, 61.781091578270122 ], [ 4.847641335813055, 61.781095249372243 ], [ 4.846723352292171, 61.781186034489139 ], [ 4.846677976869775, 61.780927063630315 ] ] ] } },
{ "type": "Feature", "properties": { "fid": 434918, "elvelengde_m": 46.8, "elvID": "090-69-1", "elvenavn": null, "regulert": null, "fid_2": 66, "id": 66, "left": 4.486919847, "top": 61.946110046000001, "right": 4.986919847, "bottom": 61.446110046000001, "row_index": 25, "col_index": 1, "tile_id": 66 }, "geometry": { "type": "MultiLineString", "coordinates": [ [ [ 4.928766105458604, 61.872247847526943 ], [ 4.928511153066592, 61.872487483940624 ], [ 4.928253774866444, 61.872576279691948 ] ] ] } },
{ "type": "Feature", "properties": { "fid": 438323, "elvelengde_m": 118.69, "elvID": "090-73-1", "elvenavn": null, "regulert": null, "fid_2": 66, "id": 66, "left": 4.486919847, "top": 61.946110046000001, "right": 4.986919847, "bottom": 61.446110046000001, "row_index": 25, "col_index": 1, "tile_id": 66 }, "geometry": { "type": "MultiLineString", "coordinates": [ [ [ 4.8702865910547, 61.872787579260397 ], [ 4.871201393230908, 61.873345567494219 ], [ 4.871511452883057, 61.873667211650137 ] ] ] } },
{ "type": "Feature", "properties": { "fid": 438324, "elvelengde_m": 954.88, "elvID": "090-73-1", "elvenavn": null, "regulert": null, "fid_2": 66, "id": 66, "left": 4.486919847, "top": 61.946110046000001, "right": 4.986919847, "bottom": 61.446110046000001, "row_index": 25, "col_index": 1, "tile_id": 66 }, "geometry": { "type": "MultiLineString", "coordinates": [ [ [ 4.861842446983673, 61.867000218506256 ], [ 4.863276267681552, 61.866751250060894 ], [ 4.864643876608361, 61.86677464136087 ], [ 4.865460797943709, 61.867068923699847 ], [ 4.866597776952823, 61.867813207244062 ], [ 4.867160533838406, 61.868863951450798 ], [ 4.867172520175801, 61.86919693431517 ], [ 4.866651403287549, 61.869954282244258 ], [ 4.866599381558964, 61.870339374830237 ], [ 4.866448228079983, 61.87061348663223 ], [ 4.866594638432337, 61.870797718988051 ], [ 4.86816453694345, 61.871582078049926 ], [ 4.86897210669655, 61.871804272395849 ], [ 4.86934351451642, 61.872156931956269 ], [ 4.8702865910547, 61.872787579260397 ] ] ] } },
{ "type": "Feature", "properties": { "fid": 438325, "elvelengde_m": 746.44, "elvID": "090-86-12", "elvenavn": null, "regulert": null, "fid_2": 66, "id": 66, "left": 4.486919847, "top": 61.946110046000001, "right": 4.986919847, "bottom": 61.446110046000001, "row_index": 25, "col_index": 1, "tile_id": 66 }, "geometry": { "type": "MultiLineString", "coordinates": [ [ [ 4.971828731675203, 61.865240400374773 ], [ 4.971966107302953, 61.864920751448992 ], [ 4.972388496513876, 61.864456756015272 ], [ 4.972870189955795, 61.863688821189214 ], [ 4.972858016976569, 61.863203056103814 ], [ 4.972955887608956, 61.862747487662133 ], [ 4.973186664323732, 61.862295821030834 ], [ 4.974658994832456, 61.861808539445427 ], [ 4.975564679197157, 61.860999201832989 ], [ 4.97556305359418, 61.860576601326784 ], [ 4.975845682413762, 61.859874683174546 ], [ 4.975844858891343, 61.859155699520663 ] ] ] } },
{ "type": "Feature", "properties": { "fid": 438327, "elvelengde_m": 111.08, "elvID": "090-85-2", "elvenavn": null, "regulert": null, "fid_2": 66, "id": 66, "left": 4.486919847, "top": 61.946110046000001, "right": 4.986919847, "bottom": 61.446110046000001, "row_index": 25, "col_index": 1, "tile_id": 66 }, "geometry": { "type": "MultiLineString", "coordinates": [ [ [ 4.959207309463626, 61.853273613550598 ], [ 4.960866877479534, 61.852666294705237 ] ] ] } },
{ "type": "Feature", "properties": { "fid": 438328, "elvelengde_m": 191.38, "elvID": "090-83-2", "elvenavn": null, "regulert": null, "fid_2": 66, "id": 66, "left": 4.486919847, "top": 61.946110046000001, "right": 4.986919847, "bottom": 61.446110046000001, "row_index": 25, "col_index": 1, "tile_id": 66 }, "geometry": { "type": "MultiLineString", "coordinates": [ [ [ 4.936604504065104, 61.848956900862163 ], [ 4.936984522443473, 61.848671602667871 ], [ 4.937266901703098, 61.847403315693107 ], [ 4.937354616494275, 61.847316081259052 ] ] ] } },
{ "type": "Feature", "properties": { "fid": 438336, "elvelengde_m": 14.8, "elvID": "090-91-1", "elvenavn": null, "regulert": null, "fid_2": 66, "id": 66, "left": 4.486919847, "top": 61.946110046000001, "right": 4.986919847, "bottom": 61.446110046000001, "row_index": 25, "col_index": 1, "tile_id": 66 }, "geometry": { "type": "MultiLineString", "coordinates": [ [ [ 4.973104038367601, 61.819909706345562 ], [ 4.972866127014801, 61.819839834808072 ] ] ] } },
{ "type": "Feature", "properties": { "fid": 438338, "elvelengde_m": 412.85, "elvID": "090-4-1", "elvenavn": null, "regulert": null, "fid_2": 66, "id": 66, "left": 4.486919847, "top": 61.946110046000001, "right": 4.986919847, "bottom": 61.446110046000001, "row_index": 25, "col_index": 1, "tile_id": 66 }, "geometry": { "type": "MultiLineString", "coordinates": [ [ [ 4.859162755807816, 61.798870979371799 ], [ 4.862050484482921, 61.799290779692853 ], [ 4.863811375022051, 61.799191077899458 ], [ 4.864476245527386, 61.79904930037744 ], [ 4.865423416768505, 61.799068845652421 ], [ 4.866711837565302, 61.799215794491033 ] ] ] } },
{ "type": "Feature", "properties": { "fid": 438339, "elvelengde_m": 807.36, "elvID": "090-93-1", "elvenavn": null, "regulert": null, "fid_2": 66, "id": 66, "left": 4.486919847, "top": 61.946110046000001, "right": 4.986919847, "bottom": 61.446110046000001, "row_index": 25, "col_index": 1, "tile_id": 66 }, "geometry": { "type": "MultiLineString", "coordinates": [ [ [ 4.938216819259825, 61.807060379151203 ], [ 4.938782192763032, 61.806951358036379 ], [ 4.939401899642077, 61.806717866957968 ], [ 4.94045592556165, 61.806650245657167 ], [ 4.944658369972502, 61.805758689122186 ], [ 4.945235455968562, 61.805703843365386 ], [ 4.945948667729345, 61.805769890968612 ], [ 4.947119579889505, 61.806110177634864 ], [ 4.947556152969785, 61.806114021269465 ], [ 4.948268160207609, 61.806045232355416 ], [ 4.949504140946972, 61.805749141902872 ], [ 4.951210682920028, 61.805484829381861 ], [ 4.952340259894844, 61.805419353320325 ] ] ] } },
{ "type": "Feature", "properties": { "fid": 438340, "elvelengde_m": 228.18, "elvID": "090-16-1", "elvenavn": null, "regulert": null, "fid_2": 66, "id": 66, "left": 4.486919847, "top": 61.946110046000001, "right": 4.986919847, "bottom": 61.446110046000001, "row_index": 25, "col_index": 1, "tile_id": 66 }, "geometry": { "type": "MultiLineString", "coordinates": [ [ [ 4.853011971732509, 61.781820087477179 ], [ 4.850736087042264, 61.78155682576444 ], [ 4.849709943268778, 61.781108865822986 ], [ 4.849142746021937, 61.781091578270122 ] ] ] } },
{ "type": "Feature", "properties": { "fid": 438341, "elvelengde_m": 124.09, "elvID": "090-15-1", "elvenavn": null, "regulert": null, "fid_2": 66, "id": 66, "left": 4.486919847, "top": 61.946110046000001, "right": 4.986919847, "bottom": 61.446110046000001, "row_index": 25, "col_index": 1, "tile_id": 66 }, "geometry": { "type": "MultiLineString", "coordinates": [ [ [ 4.859841052868356, 61.777207883975301 ], [ 4.860396644875125, 61.777170742853514 ], [ 4.861347811632806, 61.776731963065579 ], [ 4.861395564202692, 61.776517729023404 ] ] ] } },
{ "type": "Feature", "properties": { "fid": 438343, "elvelengde_m": 144.92, "elvID": "090-65-1", "elvenavn": null, "regulert": null, "fid_2": 66, "id": 66, "left": 4.486919847, "top": 61.946110046000001, "right": 4.986919847, "bottom": 61.446110046000001, "row_index": 25, "col_index": 1, "tile_id": 66 }, "geometry": { "type": "MultiLineString", "coordinates": [ [ [ 4.949663908740385, 61.891933788224733 ], [ 4.948607723019327, 61.890736872495395 ] ] ] } },
{ "type": "Feature", "properties": { "fid": 438348, "elvelengde_m": 25.92, "elvID": "090-16-1", "elvenavn": null, "regulert": null, "fid_2": 66, "id": 66, "left": 4.486919847, "top": 61.946110046000001, "right": 4.986919847, "bottom": 61.446110046000001, "row_index": 25, "col_index": 1, "tile_id": 66 }, "geometry": { "type": "MultiLineString", "coordinates": [ [ [ 4.842173687421991, 61.780403914417739 ], [ 4.841744909571403, 61.780346046017023 ] ] ] } },
{ "type": "Feature", "properties": { "fid": 438352, "elvelengde_m": 56.81, "elvID": "090-2-3", "elvenavn": null, "regulert": null, "fid_2": 66, "id": 66, "left": 4.486919847, "top": 61.946110046000001, "right": 4.986919847, "bottom": 61.446110046000001, "row_index": 25, "col_index": 1, "tile_id": 66 }, "geometry": { "type": "MultiLineString", "coordinates": [ [ [ 4.834378389725487, 61.789326028513521 ], [ 4.834697676335062, 61.789515625104144 ], [ 4.834733431340994, 61.78977941208106 ] ] ] } },
{ "type": "Feature", "properties": { "fid": 439831, "elvelengde_m": 81.01, "elvID": "090-68-1", "elvenavn": null, "regulert": null, "fid_2": 66, "id": 66, "left": 4.486919847, "top": 61.946110046000001, "right": 4.986919847, "bottom": 61.446110046000001, "row_index": 25, "col_index": 1, "tile_id": 66 }, "geometry": { "type": "MultiLineString", "coordinates": [ [ [ 4.929112937085365, 61.8814382459367 ], [ 4.928182920177505, 61.88201494002201 ] ] ] } },
{ "type": "Feature", "properties": { "fid": 439832, "elvelengde_m": 934.95, "elvID": "090-69-1", "elvenavn": null, "regulert": null, "fid_2": 66, "id": 66, "left": 4.486919847, "top": 61.946110046000001, "right": 4.986919847, "bottom": 61.446110046000001, "row_index": 25, "col_index": 1, "tile_id": 66 }, "geometry": { "type": "MultiLineString", "coordinates": [ [ [ 4.925070894806979, 61.873174110040743 ], [ 4.924878531076851, 61.873474006773804 ], [ 4.924977790004516, 61.873872448046249 ], [ 4.924821079365062, 61.874191463274848 ], [ 4.924977106350763, 61.874591659304713 ], [ 4.925029187535999, 61.875060592029108 ], [ 4.926407395864829, 61.876009390404882 ], [ 4.927016273252874, 61.876584882402348 ], [ 4.927024143166463, 61.877097539780692 ], [ 4.926919497992707, 61.877597800897526 ], [ 4.927167964635242, 61.878450167138489 ], [ 4.92701900455563, 61.879569429721059 ], [ 4.92635601662985, 61.879972255602908 ], [ 4.925101150539875, 61.880462421429449 ], [ 4.925000104710374, 61.88083092369677 ] ] ] } },
{ "type": "Feature", "properties": { "fid": 439833, "elvelengde_m": 741.84, "elvID": "090-86-12", "elvenavn": null, "regulert": null, "fid_2": 66, "id": 66, "left": 4.486919847, "top": 61.946110046000001, "right": 4.986919847, "bottom": 61.446110046000001, "row_index": 25, "col_index": 1, "tile_id": 66 }, "geometry": { "type": "MultiLineString", "coordinates": [ [ [ 4.980373342079547, 61.876133724676173 ], [ 4.977991399364551, 61.875857256373514 ], [ 4.973386309663494, 61.874967278073989 ], [ 4.972273674252689, 61.87416154623044 ], [ 4.971330948375368, 61.873801302298631 ], [ 4.970144188436099, 61.873559803750396 ], [ 4.968914200384287, 61.872777629443213 ] ] ] } },
{ "type": "Feature", "properties": { "fid": 439834, "elvelengde_m": 498.46, "elvID": "090-78-1", "elvenavn": null, "regulert": null, "fid_2": 66, "id": 66, "left": 4.486919847, "top": 61.946110046000001, "right": 4.986919847, "bottom": 61.446110046000001, "row_index": 25, "col_index": 1, "tile_id": 66 }, "geometry": { "type": "MultiLineString", "coordinates": [ [ [ 4.873772770295284, 61.857654795296966 ], [ 4.872392818529422, 61.857019994987752 ], [ 4.871495490865213, 61.85675933646344 ], [ 4.869594640642077, 61.856036928445228 ], [ 4.868256812739441, 61.855232602842698 ], [ 4.868124000574667, 61.854806043310738 ], [ 4.867784465623998, 61.85464293346184 ], [ 4.867355865104358, 61.854576160534755 ] ] ] } },
{ "type": "Feature", "properties": { "fid": 439835, "elvelengde_m": 1061.0, "elvID": "090-86-18", "elvenavn": null, "regulert": null, "fid_2": 66, "id": 66, "left": 4.486919847, "top": 61.946110046000001, "right": 4.986919847, "bottom": 61.446110046000001, "row_index": 25, "col_index": 1, "tile_id": 66 }, "geometry": { "type": "MultiLineString", "coordinates": [ [ [ 4.980276685629437, 61.865991202588347 ], [ 4.980081569511182, 61.8653023831342 ], [ 4.979424042496334, 61.864222431289129 ], [ 4.979364348668644, 61.862791427028064 ], [ 4.979077850347395, 61.862072882232603 ], [ 4.97973579465363, 61.861265118716098 ], [ 4.980547941586923, 61.860587766417481 ], [ 4.98167850204476, 61.859802733196197 ], [ 4.981965033566861, 61.859649428874803 ], [ 4.983240919414296, 61.859354143909933 ], [ 4.983715497365634, 61.858927558211406 ], [ 4.985190517047607, 61.85829378924565 ], [ 4.98557075765567, 61.857984032511744 ], [ 4.98562255306017, 61.857733869458841 ] ] ] } },
{ "type": "Feature", "properties": { "fid": 439837, "elvelengde_m": 235.87, "elvID": "090-86-27", "elvenavn": null, "regulert": null, "fid_2": 66, "id": 66, "left": 4.486919847, "top": 61.946110046000001, "right": 4.986919847, "bottom": 61.446110046000001, "row_index": 25, "col_index": 1, "tile_id": 66 }, "geometry": { "type": "MultiLineString", "coordinates": [ [ [ 4.983456033555117, 61.853211947011573 ], [ 4.984696730351684, 61.852600977583293 ], [ 4.985637156713101, 61.852538692409368 ], [ 4.9861246593157, 61.852157332687064 ], [ 4.986790161218245, 61.85201505977259 ] ] ] } },
{ "type": "Feature", "properties": { "fid": 439847, "elvelengde_m": 601.59, "elvID": "090-8-1", "elvenavn": null, "regulert": null, "fid_2": 66, "id": 66, "left": 4.486919847, "top": 61.946110046000001, "right": 4.986919847, "bottom": 61.446110046000001, "row_index": 25, "col_index": 1, "tile_id": 66 }, "geometry": { "type": "MultiLineString", "coordinates": [ [ [ 4.882559980843101, 61.781757924614801 ], [ 4.884228056930715, 61.781915893218837 ], [ 4.884421527327788, 61.782029546290971 ], [ 4.884563245384279, 61.782249554103338 ], [ 4.884605257390781, 61.782502618351714 ], [ 4.885117633133246, 61.782787616925141 ], [ 4.886449760376449, 61.783331040003659 ], [ 4.887816700078808, 61.784181126304269 ], [ 4.888634360358838, 61.784313418190273 ], [ 4.889485842198539, 61.784761635785905 ], [ 4.890813994624846, 61.784901919126476 ] ] ] } },
{ "type": "Feature", "properties": { "fid": 439848, "elvelengde_m": 901.5, "elvID": "090-10-1", "elvenavn": null, "regulert": null, "fid_2": 66, "id": 66, "left": 4.486919847, "top": 61.946110046000001, "right": 4.986919847, "bottom": 61.446110046000001, "row_index": 25, "col_index": 1, "tile_id": 66 }, "geometry": { "type": "MultiLineString", "coordinates": [ [ [ 4.883517196476634, 61.775457883064277 ], [ 4.884132304373117, 61.775116734843557 ], [ 4.884641589160388, 61.775141070502258 ], [ 4.885363230593192, 61.775279648866366 ], [ 4.887778138167061, 61.77538805364216 ], [ 4.889817229190535, 61.77561098366818 ], [ 4.89155833761312, 61.775932874952382 ], [ 4.892981959047488, 61.775930571639449 ], [ 4.894496137216254, 61.775679351931721 ], [ 4.897107408392681, 61.775595727371737 ], [ 4.899447122440922, 61.774983765497687 ] ] ] } },
{ "type": "Feature", "properties": { "fid": 439849, "elvelengde_m": 221.58, "elvID": "090-12-2", "elvenavn": null, "regulert": null, "fid_2": 66, "id": 66, "left": 4.486919847, "top": 61.946110046000001, "right": 4.986919847, "bottom": 61.446110046000001, "row_index": 25, "col_index": 1, "tile_id": 66 }, "geometry": { "type": "MultiLineString", "coordinates": [ [ [ 4.86541858176234, 61.770031623631311 ], [ 4.866608055109739, 61.768665073271357 ], [ 4.866996037997195, 61.768461098098072 ], [ 4.867120404300328, 61.768239902348867 ] ] ] } },
{ "type": "Feature", "properties": { "fid": 439850, "elvelengde_m": 557.13, "elvID": "090-65-1", "elvenavn": null, "regulert": null, "fid_2": 66, "id": 66, "left": 4.486919847, "top": 61.946110046000001, "right": 4.986919847, "bottom": 61.446110046000001, "row_index": 25, "col_index": 1, "tile_id": 66 }, "geometry": { "type": "MultiLineString", "coordinates": [ [ [ 4.939441907382368, 61.88918446314532 ], [ 4.938106036756113, 61.888846796170377 ], [ 4.936159809198256, 61.888138306309358 ], [ 4.933496422105565, 61.887454941048524 ], [ 4.931684092297165, 61.887201635739579 ], [ 4.930443140907059, 61.887415293336922 ], [ 4.930135251212202, 61.887356630175532 ] ] ] } },
{ "type": "Feature", "properties": { "fid": 439851, "elvelengde_m": 243.41, "elvID": "090-2-1", "elvenavn": null, "regulert": null, "fid_2": 66, "id": 66, "left": 4.486919847, "top": 61.946110046000001, "right": 4.986919847, "bottom": 61.446110046000001, "row_index": 25, "col_index": 1, "tile_id": 66 }, "geometry": { "type": "MultiLineString", "coordinates": [ [ [ 4.841028260369521, 61.794762217660505 ], [ 4.841048803302474, 61.794891818065544 ], [ 4.840828128944703, 61.795036522741732 ], [ 4.840082702334759, 61.795306468357005 ], [ 4.839662476768821, 61.795600954575541 ], [ 4.83865609793855, 61.795830175498104 ], [ 4.837851211561724, 61.796203046253872 ] ] ] } },
{ "type": "Feature", "properties": { "fid": 439853, "elvelengde_m": 45.12, "elvID": "090-86-19", "elvenavn": null, "regulert": null, "fid_2": 66, "id": 66, "left": 4.486919847, "top": 61.946110046000001, "right": 4.986919847, "bottom": 61.446110046000001, "row_index": 25, "col_index": 1, "tile_id": 66 }, "geometry": { "type": "MultiLineString", "coordinates": [ [ [ 4.952654767103446, 61.858372427460232 ], [ 4.953390114021852, 61.858567674898644 ] ] ] } },
{ "type": "Feature", "properties": { "fid": 439854, "elvelengde_m": 31.47, "elvID": "090-85-2", "elvenavn": null, "regulert": null, "fid_2": 66, "id": 66, "left": 4.486919847, "top": 61.946110046000001, "right": 4.986919847, "bottom": 61.446110046000001, "row_index": 25, "col_index": 1, "tile_id": 66 }, "geometry": { "type": "MultiLineString", "coordinates": [ [ [ 4.95869993727563, 61.853405265018637 ], [ 4.959207309463626, 61.853273613550598 ] ] ] } },
{ "type": "Feature", "properties": { "fid": 439989, "elvelengde_m": 412.05, "elvID": "090-2-3", "elvenavn": null, "regulert": null, "fid_2": 66, "id": 66, "left": 4.486919847, "top": 61.946110046000001, "right": 4.986919847, "bottom": 61.446110046000001, "row_index": 25, "col_index": 1, "tile_id": 66 }, "geometry": { "type": "MultiLineString", "coordinates": [ [ [ 4.834733431340994, 61.78977941208106 ], [ 4.835013323693269, 61.790237324450679 ], [ 4.835633845574718, 61.790561953531189 ], [ 4.835773599252712, 61.790790939289693 ], [ 4.835809111487026, 61.791088655573056 ], [ 4.836340970919712, 61.791509349229457 ], [ 4.8363385979942, 61.791805952473212 ], [ 4.835392374095796, 61.792343598121448 ], [ 4.835197139853816, 61.793083854640102 ] ] ] } },
{ "type": "Feature", "properties": { "fid": 439990, "elvelengde_m": 63.47, "elvID": "090-16-1", "elvenavn": null, "regulert": null, "fid_2": 66, "id": 66, "left": 4.486919847, "top": 61.946110046000001, "right": 4.986919847, "bottom": 61.446110046000001, "row_index": 25, "col_index": 1, "tile_id": 66 }, "geometry": { "type": "MultiLineString", "coordinates": [ [ [ 4.843305595844051, 61.7804562042284 ], [ 4.842173687421991, 61.780403914417739 ] ] ] } },
{ "type": "Feature", "properties": { "fid": 439991, "elvelengde_m": 87.81, "elvID": "090-15-1", "elvenavn": null, "regulert": null, "fid_2": 66, "id": 66, "left": 4.486919847, "top": 61.946110046000001, "right": 4.986919847, "bottom": 61.446110046000001, "row_index": 25, "col_index": 1, "tile_id": 66 }, "geometry": { "type": "MultiLineString", "coordinates": [ [ [ 4.861395564202692, 61.776517729023404 ], [ 4.861111171367382, 61.776374249070663 ], [ 4.860405138917483, 61.776263054953795 ], [ 4.860165602455048, 61.776066954061413 ] ] ] } },
{ "type": "Feature", "properties": { "fid": 439993, "elvelengde_m": 62.86, "elvID": "090-92-1", "elvenavn": null, "regulert": null, "fid_2": 66, "id": 66, "left": 4.486919847, "top": 61.946110046000001, "right": 4.986919847, "bottom": 61.446110046000001, "row_index": 25, "col_index": 1, "tile_id": 66 }, "geometry": { "type": "MultiLineString", "coordinates": [ [ [ 4.979333925624145, 61.810510123631843 ], [ 4.978728648566563, 61.810511779093211 ], [ 4.978322755338901, 61.810687142863245 ] ] ] } },
{ "type": "Feature", "properties": { "fid": 439997, "elvelengde_m": 40.54, "elvID": "090-65-5", "elvenavn": null, "regulert": null, "fid_2": 66, "id": 66, "left": 4.486919847, "top": 61.946110046000001, "right": 4.986919847, "bottom": 61.446110046000001, "row_index": 25, "col_index": 1, "tile_id": 66 }, "geometry": { "type": "MultiLineString", "coordinates": [ [ [ 4.931617293366638, 61.8971980731285 ], [ 4.93144048123245, 61.897175412541458 ], [ 4.93134241719765, 61.896903057609968 ] ] ] } },
{ "type": "Feature", "properties": { "fid": 439999, "elvelengde_m": 25.23, "elvID": "090-7-2", "elvenavn": null, "regulert": null, "fid_2": 66, "id": 66, "left": 4.486919847, "top": 61.946110046000001, "right": 4.986919847, "bottom": 61.446110046000001, "row_index": 25, "col_index": 1, "tile_id": 66 }, "geometry": { "type": "MultiLineString", "coordinates": [ [ [ 4.859036369738383, 61.782473692816403 ], [ 4.859351113175888, 61.782545542325167 ], [ 4.859303690203556, 61.782601421870837 ] ] ] } },
{ "type": "Feature", "properties": { "fid": 440000, "elvelengde_m": 578.76, "elvID": "090-92-1", "elvenavn": null, "regulert": null, "fid_2": 66, "id": 66, "left": 4.486919847, "top": 61.946110046000001, "right": 4.986919847, "bottom": 61.446110046000001, "row_index": 25, "col_index": 1, "tile_id": 66 }, "geometry": { "type": "MultiLineString", "coordinates": [ [ [ 4.986919847, 61.808722031171762 ], [ 4.986568830354756, 61.808838809896123 ], [ 4.984039166540947, 61.810081191666917 ], [ 4.982826471058132, 61.810324974267658 ], [ 4.981982345010494, 61.810201660064919 ] ] ] } },
{ "type": "Feature", "properties": { "fid": 446533, "elvelengde_m": 355.91, "elvID": "090-58-3", "elvenavn": null, "regulert": null, "fid_2": 66, "id": 66, "left": 4.486919847, "top": 61.946110046000001, "right": 4.986919847, "bottom": 61.446110046000001, "row_index": 25, "col_index": 1, "tile_id": 66 }, "geometry": { "type": "MultiLineString", "coordinates": [ [ [ 4.963618934052771, 61.886663233587917 ], [ 4.964107490017192, 61.886713529286659 ], [ 4.964763366524209, 61.886651827947766 ], [ 4.969854715631979, 61.885596762474435 ] ] ] } },
{ "type": "Feature", "properties": { "fid": 446536, "elvelengde_m": 86.32, "elvID": "090-71-6", "elvenavn": null, "regulert": null, "fid_2": 66, "id": 66, "left": 4.486919847, "top": 61.946110046000001, "right": 4.986919847, "bottom": 61.446110046000001, "row_index": 25, "col_index": 1, "tile_id": 66 }, "geometry": { "type": "MultiLineString", "coordinates": [ [ [ 4.913037674477838, 61.862757439338125 ], [ 4.912313354411845, 61.863050506978446 ], [ 4.911934958685738, 61.863318041097202 ] ] ] } },
{ "type": "Feature", "properties": { "fid": 446537, "elvelengde_m": 459.54, "elvID": "090-80-4", "elvenavn": null, "regulert": null, "fid_2": 66, "id": 66, "left": 4.486919847, "top": 61.946110046000001, "right": 4.986919847, "bottom": 61.446110046000001, "row_index": 25, "col_index": 1, "tile_id": 66 }, "geometry": { "type": "MultiLineString", "coordinates": [ [ [ 4.904481655902346, 61.853719773611978 ], [ 4.904010116834067, 61.852977468926682 ], [ 4.903626411189291, 61.852714377694099 ], [ 4.902481591293474, 61.85231169295762 ], [ 4.900924126793306, 61.852148327858167 ], [ 4.90054179534729, 61.852020166119445 ], [ 4.900022434380954, 61.851635974614034 ], [ 4.899404178395306, 61.851419577398019 ], [ 4.898298271344564, 61.851296752127944 ] ] ] } },
{ "type": "Feature", "properties": { "fid": 446538, "elvelengde_m": 329.8, "elvID": "090-80-3", "elvenavn": null, "regulert": null, "fid_2": 66, "id": 66, "left": 4.486919847, "top": 61.946110046000001, "right": 4.986919847, "bottom": 61.446110046000001, "row_index": 25, "col_index": 1, "tile_id": 66 }, "geometry": { "type": "MultiLineString", "coordinates": [ [ [ 4.909499991030614, 61.849194679167049 ], [ 4.908498999711762, 61.849281831751462 ], [ 4.907186157616567, 61.849710064537724 ], [ 4.906895077526551, 61.849891684779742 ], [ 4.906696625615353, 61.850243897518752 ], [ 4.90642500566799, 61.850424605894489 ], [ 4.904619635201218, 61.850694404024708 ] ] ] } },
{ "type": "Feature", "properties": { "fid": 446540, "elvelengde_m": 739.14, "elvID": "090-85-4", "elvenavn": null, "regulert": null, "fid_2": 66, "id": 66, "left": 4.486919847, "top": 61.946110046000001, "right": 4.986919847, "bottom": 61.446110046000001, "row_index": 25, "col_index": 1, "tile_id": 66 }, "geometry": { "type": "MultiLineString", "coordinates": [ [ [ 4.97480776156984, 61.847637146154035 ], [ 4.973854764774441, 61.846638329053221 ], [ 4.973575991331601, 61.846153844298101 ], [ 4.972995303568387, 61.845795248141044 ], [ 4.972890839413185, 61.845576402480638 ], [ 4.973236189150959, 61.845119060579179 ], [ 4.97314010736793, 61.844837632580379 ], [ 4.972090308502987, 61.844285384014881 ], [ 4.971746717336781, 61.844005637911287 ], [ 4.971432342700313, 61.843502043765156 ], [ 4.971330257357291, 61.843121567877589 ], [ 4.970848128012865, 61.842882586840965 ], [ 4.970519888531427, 61.842630135027939 ], [ 4.970377460077606, 61.84241029931038 ], [ 4.969762843518438, 61.842167616350558 ], [ 4.969522169535043, 61.841828081819081 ] ] ] } },
{ "type": "Feature", "properties": { "fid": 446544, "elvelengde_m": 224.68, "elvID": "090-91-6", "elvenavn": null, "regulert": null, "fid_2": 66, "id": 66, "left": 4.486919847, "top": 61.946110046000001, "right": 4.986919847, "bottom": 61.446110046000001, "row_index": 25, "col_index": 1, "tile_id": 66 }, "geometry": { "type": "MultiLineString", "coordinates": [ [ [ 4.980916882289185, 61.818448891505916 ], [ 4.97964089194101, 61.818177708679769 ], [ 4.978779077474648, 61.817792882633498 ], [ 4.977923725780036, 61.817794782644 ], [ 4.977177964118656, 61.817683062513836 ] ] ] } },
{ "type": "Feature", "properties": { "fid": 446547, "elvelengde_m": 205.52, "elvID": "090-2-1", "elvenavn": null, "regulert": null, "fid_2": 66, "id": 66, "left": 4.486919847, "top": 61.946110046000001, "right": 4.986919847, "bottom": 61.446110046000001, "row_index": 25, "col_index": 1, "tile_id": 66 }, "geometry": { "type": "MultiLineString", "coordinates": [ [ [ 4.828986528509042, 61.797003490505134 ], [ 4.829509824017248, 61.796506951935946 ], [ 4.829691730744864, 61.795586557494445 ], [ 4.830144543981156, 61.79531124945246 ] ] ] } },
{ "type": "Feature", "properties": { "fid": 446548, "elvelengde_m": 403.29, "elvID": "090-25-1", "elvenavn": null, "regulert": null, "fid_2": 66, "id": 66, "left": 4.486919847, "top": 61.946110046000001, "right": 4.986919847, "bottom": 61.446110046000001, "row_index": 25, "col_index": 1, "tile_id": 66 }, "geometry": { "type": "MultiLineString", "coordinates": [ [ [ 4.960778386420418, 61.79167198847901 ], [ 4.959983019636235, 61.792088879248524 ], [ 4.959596564691882, 61.792428039790586 ], [ 4.959218289575134, 61.792560726848365 ], [ 4.958127225524108, 61.792627540540423 ], [ 4.957285633956615, 61.79296222949872 ], [ 4.956808131071895, 61.793703290676447 ], [ 4.956133303446062, 61.794017064886958 ], [ 4.955784377032875, 61.794066437367775 ] ] ] } },
{ "type": "Feature", "properties": { "fid": 446549, "elvelengde_m": 396.11, "elvID": "090-16-1", "elvenavn": null, "regulert": null, "fid_2": 66, "id": 66, "left": 4.486919847, "top": 61.946110046000001, "right": 4.986919847, "bottom": 61.446110046000001, "row_index": 25, "col_index": 1, "tile_id": 66 }, "geometry": { "type": "MultiLineString", "coordinates": [ [ [ 4.841744909571403, 61.780346046017023 ], [ 4.84104286609328, 61.780342638947346 ], [ 4.840845772280117, 61.780255812891788 ], [ 4.840373906533991, 61.779675063037246 ], [ 4.840187422049396, 61.779228947392291 ], [ 4.839609737242259, 61.7788698595594 ], [ 4.839282499662953, 61.778482315664355 ], [ 4.838822451464059, 61.778234449031331 ], [ 4.837332611039487, 61.777842262134932 ] ] ] } },
{ "type": "Feature", "properties": { "fid": 446550, "elvelengde_m": 10.34, "elvID": "090-75-1", "elvenavn": null, "regulert": null, "fid_2": 66, "id": 66, "left": 4.486919847, "top": 61.946110046000001, "right": 4.986919847, "bottom": 61.446110046000001, "row_index": 25, "col_index": 1, "tile_id": 66 }, "geometry": { "type": "MultiLineString", "coordinates": [ [ [ 4.846200112690866, 61.85832599101397 ], [ 4.846131669345461, 61.858412624050601 ] ] ] } },
{ "type": "Feature", "properties": { "fid": 446551, "elvelengde_m": 107.82, "elvID": "090-71-4", "elvenavn": null, "regulert": null, "fid_2": 66, "id": 66, "left": 4.486919847, "top": 61.946110046000001, "right": 4.986919847, "bottom": 61.446110046000001, "row_index": 25, "col_index": 1, "tile_id": 66 }, "geometry": { "type": "MultiLineString", "coordinates": [ [ [ 4.910959695669374, 61.864359247740495 ], [ 4.911378915045611, 61.865302506868034 ] ] ] } },
{ "type": "Feature", "properties": { "fid": 446553, "elvelengde_m": 130.13, "elvID": "090-2-1", "elvenavn": null, "regulert": null, "fid_2": 66, "id": 66, "left": 4.486919847, "top": 61.946110046000001, "right": 4.986919847, "bottom": 61.446110046000001, "row_index": 25, "col_index": 1, "tile_id": 66 }, "geometry": { "type": "MultiLineString", "coordinates": [ [ [ 4.82942123133409, 61.792962182475527 ], [ 4.829651525450431, 61.792642708518045 ], [ 4.829348124429962, 61.792419041446436 ], [ 4.829433456951945, 61.792338328627395 ], [ 4.830370115876508, 61.792406658601081 ] ] ] } },
{ "type": "Feature", "properties": { "fid": 446554, "elvelengde_m": 31.78, "elvID": "090-58-3", "elvenavn": null, "regulert": null, "fid_2": 66, "id": 66, "left": 4.486919847, "top": 61.946110046000001, "right": 4.986919847, "bottom": 61.446110046000001, "row_index": 25, "col_index": 1, "tile_id": 66 }, "geometry": { "type": "MultiLineString", "coordinates": [ [ [ 4.963084728607178, 61.886534801780371 ], [ 4.963618934052771, 61.886663233587917 ] ] ] } },
{ "type": "Feature", "properties": { "fid": 446557, "elvelengde_m": 39.83, "elvID": "090-14-1", "elvenavn": null, "regulert": null, "fid_2": 66, "id": 66, "left": 4.486919847, "top": 61.946110046000001, "right": 4.986919847, "bottom": 61.446110046000001, "row_index": 25, "col_index": 1, "tile_id": 66 }, "geometry": { "type": "MultiLineString", "coordinates": [ [ [ 4.867770321620545, 61.759752920463946 ], [ 4.867312082134784, 61.759471785635775 ] ] ] } },
{ "type": "Feature", "properties": { "fid": 449591, "elvelengde_m": 378.45, "elvID": "090-63-1", "elvenavn": null, "regulert": null, "fid_2": 66, "id": 66, "left": 4.486919847, "top": 61.946110046000001, "right": 4.986919847, "bottom": 61.446110046000001, "row_index": 25, "col_index": 1, "tile_id": 66 }, "geometry": { "type": "MultiLineString", "coordinates": [ [ [ 4.937864672090519, 61.904035763523503 ], [ 4.937958334602354, 61.90447895666459 ], [ 4.938138458542165, 61.904843867116611 ], [ 4.938249826924205, 61.90558428980831 ], [ 4.938864175015411, 61.906986739590465 ], [ 4.938941078065914, 61.907376355209891 ] ] ] } },
{ "type": "Feature", "properties": { "fid": 449592, "elvelengde_m": 830.84, "elvID": "090-75-1", "elvenavn": null, "regulert": null, "fid_2": 66, "id": 66, "left": 4.486919847, "top": 61.946110046000001, "right": 4.986919847, "bottom": 61.446110046000001, "row_index": 25, "col_index": 1, "tile_id": 66 }, "geometry": { "type": "MultiLineString", "coordinates": [ [ [ 4.846131669345461, 61.858412624050601 ], [ 4.845945886833552, 61.859081262553097 ], [ 4.84593982098808, 61.860249734128963 ], [ 4.845194681972007, 61.861252130815508 ], [ 4.844954785093534, 61.861757339589602 ], [ 4.844235871501962, 61.862427686119929 ], [ 4.843432459699389, 61.862735984525621 ], [ 4.841959889148029, 61.863770224924146 ], [ 4.841152788447847, 61.864105407648644 ], [ 4.840108120999831, 61.864370509218745 ], [ 4.840048972412887, 61.864665325509812 ], [ 4.839811484047797, 61.864754378444943 ] ] ] } },
{ "type": "Feature", "properties": { "fid": 449593, "elvelengde_m": 563.58, "elvID": "090-86-12", "elvenavn": null, "regulert": null, "fid_2": 66, "id": 66, "left": 4.486919847, "top": 61.946110046000001, "right": 4.986919847, "bottom": 61.446110046000001, "row_index": 25, "col_index": 1, "tile_id": 66 }, "geometry": { "type": "MultiLineString", "coordinates": [ [ [ 4.969567855783525, 61.870126963836988 ], [ 4.969853284665872, 61.869838772471482 ], [ 4.969934688396502, 61.869364785299723 ], [ 4.970173622779081, 61.868850427298476 ], [ 4.970986126515412, 61.867885381449561 ], [ 4.971063829941535, 61.867438195660945 ], [ 4.971596278073984, 61.866429163759214 ], [ 4.971828731675203, 61.865240400374773 ] ] ] } },
{ "type": "Feature", "properties": { "fid": 449594, "elvelengde_m": 707.44, "elvID": "090-77-1", "elvenavn": null, "regulert": null, "fid_2": 66, "id": 66, "left": 4.486919847, "top": 61.946110046000001, "right": 4.986919847, "bottom": 61.446110046000001, "row_index": 25, "col_index": 1, "tile_id": 66 }, "geometry": { "type": "MultiLineString", "coordinates": [ [ [ 4.848564107076527, 61.852400072153976 ], [ 4.846712748165035, 61.852020429048054 ], [ 4.844431167605657, 61.851726570387257 ], [ 4.843439902672164, 61.851299572286976 ], [ 4.842784104655296, 61.850822706421752 ], [ 4.842303981251582, 61.850295734315488 ], [ 4.841204026407491, 61.8493496319416 ], [ 4.84064516128293, 61.849058855275473 ], [ 4.84031288495582, 61.848563378461691 ], [ 4.839592488060942, 61.848212355268743 ] ] ] } },
{ "type": "Feature", "properties": { "fid": 449595, "elvelengde_m": 379.38, "elvID": "090-80-1", "elvenavn": null, "regulert": null, "fid_2": 66, "id": 66, "left": 4.486919847, "top": 61.946110046000001, "right": 4.986919847, "bottom": 61.446110046000001, "row_index": 25, "col_index": 1, "tile_id": 66 }, "geometry": { "type": "MultiLineString", "coordinates": [ [ [ 4.928396680229142, 61.852884803428644 ], [ 4.927446651454868, 61.852730835779759 ], [ 4.926257414241476, 61.852659581228025 ], [ 4.924266474687991, 61.852321790576063 ], [ 4.923930178963804, 61.852132000564744 ], [ 4.92383791310356, 61.851967518611616 ], [ 4.923423433264138, 61.851793309667187 ], [ 4.921999554495657, 61.851769118166821 ] ] ] } },
{ "type": "Feature", "properties": { "fid": 449603, "elvelengde_m": 152.59, "elvID": "090-91-4", "elvenavn": null, "regulert": null, "fid_2": 66, "id": 66, "left": 4.486919847, "top": 61.946110046000001, "right": 4.986919847, "bottom": 61.446110046000001, "row_index": 25, "col_index": 1, "tile_id": 66 }, "geometry": { "type": "MultiLineString", "coordinates": [ [ [ 4.986919847, 61.818290518438403 ], [ 4.985138059994119, 61.818869023000161 ] ] ] } },
{ "type": "Feature", "properties": { "fid": 449608, "elvelengde_m": 268.32, "elvID": "090-2-1", "elvenavn": null, "regulert": null, "fid_2": 66, "id": 66, "left": 4.486919847, "top": 61.946110046000001, "right": 4.986919847, "bottom": 61.446110046000001, "row_index": 25, "col_index": 1, "tile_id": 66 }, "geometry": { "type": "MultiLineString", "coordinates": [ [ [ 4.830370115876508, 61.792406658601081 ], [ 4.833585612995674, 61.792783087020496 ], [ 4.835197139853816, 61.793083854640102 ] ] ] } },
{ "type": "Feature", "properties": { "fid": 449609, "elvelengde_m": 7.49, "elvID": "090-65-1", "elvenavn": null, "regulert": null, "fid_2": 66, "id": 66, "left": 4.486919847, "top": 61.946110046000001, "right": 4.986919847, "bottom": 61.446110046000001, "row_index": 25, "col_index": 1, "tile_id": 66 }, "geometry": { "type": "MultiLineString", "coordinates": [ [ [ 4.948607723019327, 61.890736872495395 ], [ 4.948467482561105, 61.890726419512184 ] ] ] } },
{ "type": "Feature", "properties": { "fid": 449610, "elvelengde_m": 27.86, "elvID": "090-15-1", "elvenavn": null, "regulert": null, "fid_2": 66, "id": 66, "left": 4.486919847, "top": 61.946110046000001, "right": 4.986919847, "bottom": 61.446110046000001, "row_index": 25, "col_index": 1, "tile_id": 66 }, "geometry": { "type": "MultiLineString", "coordinates": [ [ [ 4.857949815346468, 61.777861024554305 ], [ 4.85847470334991, 61.777843733383001 ] ] ] } },
{ "type": "Feature", "properties": { "fid": 449611, "elvelengde_m": 59.06, "elvID": "090-2-1", "elvenavn": null, "regulert": null, "fid_2": 66, "id": 66, "left": 4.486919847, "top": 61.946110046000001, "right": 4.986919847, "bottom": 61.446110046000001, "row_index": 25, "col_index": 1, "tile_id": 66 }, "geometry": { "type": "MultiLineString", "coordinates": [ [ [ 4.83851443173472, 61.799019199494531 ], [ 4.839606639582119, 61.799088168225111 ] ] ] } },
{ "type": "Feature", "properties": { "fid": 449612, "elvelengde_m": 154.03, "elvID": "090-65-7", "elvenavn": null, "regulert": null, "fid_2": 66, "id": 66, "left": 4.486919847, "top": 61.946110046000001, "right": 4.986919847, "bottom": 61.446110046000001, "row_index": 25, "col_index": 1, "tile_id": 66 }, "geometry": { "type": "MultiLineString", "coordinates": [ [ [ 4.948711583665585, 61.89207651045313 ], [ 4.9484165413956, 61.891651376650948 ], [ 4.94838415691811, 61.890935632733253 ], [ 4.948467482561105, 61.890726419512184 ] ] ] } },
{ "type": "Feature", "properties": { "fid": 449779, "elvelengde_m": 88.35, "elvID": "090-26-1", "elvenavn": null, "regulert": null, "fid_2": 66, "id": 66, "left": 4.486919847, "top": 61.946110046000001, "right": 4.986919847, "bottom": 61.446110046000001, "row_index": 25, "col_index": 1, "tile_id": 66 }, "geometry": { "type": "MultiLineString", "coordinates": [ [ [ 4.974433726273076, 61.791363275588985 ], [ 4.974053823373096, 61.791368725908413 ], [ 4.973883571543743, 61.791217765097684 ], [ 4.973137968853753, 61.790965653835961 ] ] ] } },
{ "type": "Feature", "properties": { "fid": 449782, "elvelengde_m": 25.06, "elvID": "090-71-9", "elvenavn": null, "regulert": null, "fid_2": 66, "id": 66, "left": 4.486919847, "top": 61.946110046000001, "right": 4.986919847, "bottom": 61.446110046000001, "row_index": 25, "col_index": 1, "tile_id": 66 }, "geometry": { "type": "MultiLineString", "coordinates": [ [ [ 4.885061238841214, 61.869158308375077 ], [ 4.884949923586492, 61.869371187173861 ] ] ] } },
{ "type": "Feature", "properties": { "fid": 449785, "elvelengde_m": 128.85, "elvID": "090-15-1", "elvenavn": null, "regulert": null, "fid_2": 66, "id": 66, "left": 4.486919847, "top": 61.946110046000001, "right": 4.986919847, "bottom": 61.446110046000001, "row_index": 25, "col_index": 1, "tile_id": 66 }, "geometry": { "type": "MultiLineString", "coordinates": [ [ [ 4.854123544761425, 61.781110929660116 ], [ 4.853828850452318, 61.780892166684779 ], [ 4.852532578302371, 61.780592112643717 ], [ 4.8526320532302, 61.780415265806205 ] ] ] } },
{ "type": "Feature", "properties": { "fid": 449786, "elvelengde_m": 19.15, "elvID": "090-15-4", "elvenavn": null, "regulert": null, "fid_2": 66, "id": 66, "left": 4.486919847, "top": 61.946110046000001, "right": 4.986919847, "bottom": 61.446110046000001, "row_index": 25, "col_index": 1, "tile_id": 66 }, "geometry": { "type": "MultiLineString", "coordinates": [ [ [ 4.867316177503972, 61.778625952677949 ], [ 4.867417047696613, 61.77846145315312 ] ] ] } },
{ "type": "Feature", "properties": { "fid": 449787, "elvelengde_m": 701.43, "elvID": "090-71-1", "elvenavn": null, "regulert": null, "fid_2": 66, "id": 66, "left": 4.486919847, "top": 61.946110046000001, "right": 4.986919847, "bottom": 61.446110046000001, "row_index": 25, "col_index": 1, "tile_id": 66 }, "geometry": { "type": "MultiLineString", "coordinates": [ [ [ 4.911290117715304, 61.86592840222054 ], [ 4.903971952499638, 61.866692714380534 ], [ 4.902819512313219, 61.867038980990181 ], [ 4.900803103808586, 61.868026865861637 ], [ 4.89930824504683, 61.867921741883706 ] ] ] } },
{ "type": "Feature", "properties": { "fid": 451758, "elvelengde_m": 630.04, "elvID": "090-86-13", "elvenavn": null, "regulert": null, "fid_2": 66, "id": 66, "left": 4.486919847, "top": 61.946110046000001, "right": 4.986919847, "bottom": 61.446110046000001, "row_index": 25, "col_index": 1, "tile_id": 66 }, "geometry": { "type": "MultiLineString", "coordinates": [ [ [ 4.975663195563569, 61.877056597622257 ], [ 4.972620101718289, 61.875870742990678 ], [ 4.971770570926417, 61.875090624885871 ], [ 4.970580953760746, 61.874435581427974 ], [ 4.968823940236561, 61.873754853715532 ], [ 4.968471667249403, 61.873537674621396 ], [ 4.968630118003538, 61.873200924237985 ], [ 4.968423810449815, 61.872889100015577 ] ] ] } },
{ "type": "Feature", "properties": { "fid": 451759, "elvelengde_m": 716.42, "elvID": "090-74-1", "elvenavn": null, "regulert": null, "fid_2": 66, "id": 66, "left": 4.486919847, "top": 61.946110046000001, "right": 4.986919847, "bottom": 61.446110046000001, "row_index": 25, "col_index": 1, "tile_id": 66 }, "geometry": { "type": "MultiLineString", "coordinates": [ [ [ 4.854628823828923, 61.86439591492735 ], [ 4.85415477487247, 61.864381595955152 ], [ 4.85259109248585, 61.863840031383688 ], [ 4.852061393484981, 61.863814946109983 ], [ 4.851306439521143, 61.86390900328535 ], [ 4.84912600974457, 61.864688217269119 ], [ 4.848231096342151, 61.865110716776236 ], [ 4.846841655086928, 61.865304151323301 ], [ 4.846118732736958, 61.865528177923089 ], [ 4.844505678024547, 61.865769666105315 ], [ 4.843960048355462, 61.865944599044354 ], [ 4.842884333518446, 61.866128706373587 ] ] ] } },
{ "type": "Feature", "properties": { "fid": 451760, "elvelengde_m": 729.17, "elvID": "090-76-1", "elvenavn": null, "regulert": null, "fid_2": 66, "id": 66, "left": 4.486919847, "top": 61.946110046000001, "right": 4.986919847, "bottom": 61.446110046000001, "row_index": 25, "col_index": 1, "tile_id": 66 }, "geometry": { "type": "MultiLineString", "coordinates": [ [ [ 4.839307201630827, 61.859194917065082 ], [ 4.838975571673979, 61.85883425008366 ], [ 4.838533287412448, 61.858587133594646 ], [ 4.837686834377159, 61.858372693052196 ], [ 4.836542901557998, 61.858247974232185 ], [ 4.835937117379188, 61.858364581321517 ], [ 4.835738601069354, 61.858565305813698 ], [ 4.835737532670622, 61.859131630407212 ], [ 4.83546031465109, 61.859491852807778 ], [ 4.834927328245406, 61.859772385297049 ], [ 4.832736763646642, 61.861324119772156 ], [ 4.831938005014909, 61.862019062929285 ], [ 4.831785846067436, 61.86228791254026 ] ] ] } },
{ "type": "Feature", "properties": { "fid": 451761, "elvelengde_m": 623.0, "elvID": "090-71-4", "elvenavn": null, "regulert": null, "fid_2": 66, "id": 66, "left": 4.486919847, "top": 61.946110046000001, "right": 4.986919847, "bottom": 61.446110046000001, "row_index": 25, "col_index": 1, "tile_id": 66 }, "geometry": { "type": "MultiLineString", "coordinates": [ [ [ 4.917203829501622, 61.857775343599421 ], [ 4.915921581473004, 61.858114753213897 ], [ 4.913166437324552, 61.858653272658273 ], [ 4.911224178372398, 61.859233512506236 ], [ 4.909801340275192, 61.859910273850417 ], [ 4.909176505669667, 61.860314291099769 ], [ 4.90880627710056, 61.860806544306541 ], [ 4.908848499172603, 61.861203407634356 ] ] ] } },
{ "type": "Feature", "properties": { "fid": 451766, "elvelengde_m": 580.11, "elvID": "090-85-3", "elvenavn": null, "regulert": null, "fid_2": 66, "id": 66, "left": 4.486919847, "top": 61.946110046000001, "right": 4.986919847, "bottom": 61.446110046000001, "row_index": 25, "col_index": 1, "tile_id": 66 }, "geometry": { "type": "MultiLineString", "coordinates": [ [ [ 4.958428462572797, 61.846050277941295 ], [ 4.959089038007113, 61.845512359408033 ], [ 4.959710773569508, 61.845270015461843 ], [ 4.959842170874116, 61.844995211019139 ], [ 4.960660084518551, 61.844417011072714 ], [ 4.961034260373819, 61.844320200260881 ], [ 4.962252049107679, 61.844382946261625 ], [ 4.963116064661731, 61.844255613642012 ], [ 4.963644113894296, 61.844001456361838 ], [ 4.964208640870765, 61.843469657293539 ], [ 4.9645815741937, 61.843237833072557 ], [ 4.965070600351162, 61.843135446569988 ], [ 4.966105486868019, 61.843219896341679 ] ] ] } },
{ "type": "Feature", "properties": { "fid": 451767, "elvelengde_m": 1214.16, "elvID": "090-83-1", "elvenavn": null, "regulert": null, "fid_2": 66, "id": 66, "left": 4.486919847, "top": 61.946110046000001, "right": 4.986919847, "bottom": 61.446110046000001, "row_index": 25, "col_index": 1, "tile_id": 66 }, "geometry": { "type": "MultiLineString", "coordinates": [ [ [ 4.937354616494275, 61.847316081259052 ], [ 4.937462569445927, 61.846645117153209 ], [ 4.938118964068046, 61.845567745519432 ], [ 4.938489793263579, 61.844778671359911 ], [ 4.938399931760202, 61.843445652017998 ], [ 4.938630963177533, 61.842850162315671 ], [ 4.938901161233759, 61.842534560382823 ], [ 4.93958450555532, 61.842258103028172 ], [ 4.941327585635466, 61.842022034628222 ], [ 4.942244210832929, 61.841707482339679 ], [ 4.94370427285881, 61.840591068097957 ], [ 4.944035824311323, 61.839953655398446 ], [ 4.944362622550917, 61.839783486034172 ], [ 4.94531450668222, 61.838768865680059 ], [ 4.945494525874665, 61.838414539149191 ], [ 4.945406950867111, 61.838214203654992 ], [ 4.944855604536644, 61.838101296977747 ] ] ] } },
{ "type": "Feature", "properties": { "fid": 451775, "elvelengde_m": 598.53, "elvID": "090-11-1", "elvenavn": null, "regulert": null, "fid_2": 66, "id": 66, "left": 4.486919847, "top": 61.946110046000001, "right": 4.986919847, "bottom": 61.446110046000001, "row_index": 25, "col_index": 1, "tile_id": 66 }, "geometry": { "type": "MultiLineString", "coordinates": [ [ [ 4.877123372036973, 61.772326025745265 ], [ 4.877780794418948, 61.772094102302752 ], [ 4.878540702888015, 61.771946151973232 ], [ 4.879633368235824, 61.771439658582878 ], [ 4.880719517850566, 61.771265379874229 ], [ 4.881240950632793, 61.77091256117366 ], [ 4.881372821990965, 61.770637944218038 ], [ 4.882042596960094, 61.770028758444326 ], [ 4.882592666564426, 61.769787099927782 ], [ 4.884053035624475, 61.769547667848087 ], [ 4.885208825954055, 61.768975930640963 ] ] ] } },
{ "type": "Feature", "properties": { "fid": 451776, "elvelengde_m": 200.93, "elvID": "090-71-1", "elvenavn": null, "regulert": null, "fid_2": 66, "id": 66, "left": 4.486919847, "top": 61.946110046000001, "right": 4.986919847, "bottom": 61.446110046000001, "row_index": 25, "col_index": 1, "tile_id": 66 }, "geometry": { "type": "MultiLineString", "coordinates": [ [ [ 4.917869525395289, 61.866056737899193 ], [ 4.916914818607586, 61.866118030153778 ], [ 4.916035269595016, 61.866283760896309 ], [ 4.914159084588508, 61.866388870865002 ] ] ] } },
{ "type": "Feature", "properties": { "fid": 451778, "elvelengde_m": 184.32, "elvID": "090-80-1", "elvenavn": null, "regulert": null, "fid_2": 66, "id": 66, "left": 4.486919847, "top": 61.946110046000001, "right": 4.986919847, "bottom": 61.446110046000001, "row_index": 25, "col_index": 1, "tile_id": 66 }, "geometry": { "type": "MultiLineString", "coordinates": [ [ [ 4.931537936022248, 61.85315766598395 ], [ 4.930707863458639, 61.852967455326549 ], [ 4.92988476773646, 61.853123508212448 ], [ 4.92924651542752, 61.852933629685836 ], [ 4.928396680229142, 61.852884803428644 ] ] ] } },
{ "type": "Feature", "properties": { "fid": 451780, "elvelengde_m": 28.73, "elvID": "090-15-1", "elvenavn": null, "regulert": null, "fid_2": 66, "id": 66, "left": 4.486919847, "top": 61.946110046000001, "right": 4.986919847, "bottom": 61.446110046000001, "row_index": 25, "col_index": 1, "tile_id": 66 }, "geometry": { "type": "MultiLineString", "coordinates": [ [ [ 4.853972158343365, 61.779628655242661 ], [ 4.854296551669615, 61.779580887490226 ], [ 4.854256047442952, 61.779493365307829 ] ] ] } },
{ "type": "Feature", "properties": { "fid": 451781, "elvelengde_m": 241.28, "elvID": "090-93-1", "elvenavn": null, "regulert": null, "fid_2": 66, "id": 66, "left": 4.486919847, "top": 61.946110046000001, "right": 4.986919847, "bottom": 61.446110046000001, "row_index": 25, "col_index": 1, "tile_id": 66 }, "geometry": { "type": "MultiLineString", "coordinates": [ [ [ 4.934857388163524, 61.80818339533505 ], [ 4.936107261392072, 61.808193983405843 ], [ 4.937806060030943, 61.807124136802337 ], [ 4.938216819259825, 61.807060379151203 ] ] ] } },
{ "type": "Feature", "properties": { "fid": 451783, "elvelengde_m": 36.09, "elvID": "090-59-1", "elvenavn": null, "regulert": null, "fid_2": 66, "id": 66, "left": 4.486919847, "top": 61.946110046000001, "right": 4.986919847, "bottom": 61.446110046000001, "row_index": 25, "col_index": 1, "tile_id": 66 }, "geometry": { "type": "MultiLineString", "coordinates": [ [ [ 4.983328327939629, 61.894539809132667 ], [ 4.983957445794338, 61.894663271865618 ] ] ] } },
{ "type": "Feature", "properties": { "fid": 451785, "elvelengde_m": 517.14, "elvID": "090-65-6", "elvenavn": null, "regulert": null, "fid_2": 66, "id": 66, "left": 4.486919847, "top": 61.946110046000001, "right": 4.986919847, "bottom": 61.446110046000001, "row_index": 25, "col_index": 1, "tile_id": 66 }, "geometry": { "type": "MultiLineString", "coordinates": [ [ [ 4.935330376620239, 61.896859283557468 ], [ 4.93570917261253, 61.896591791255901 ], [ 4.935697556134669, 61.895962232004138 ], [ 4.935994296858007, 61.895737214711311 ], [ 4.937693044458794, 61.894996366506767 ], [ 4.938785907667222, 61.89394101152935 ], [ 4.939399330533729, 61.893195070331352 ], [ 4.939444332848262, 61.892998637423439 ], [ 4.939309493913719, 61.892868791331416 ] ] ] } },
{ "type": "Feature", "properties": { "fid": 451786, "elvelengde_m": 642.53, "elvID": "090-65-5", "elvenavn": null, "regulert": null, "fid_2": 66, "id": 66, "left": 4.486919847, "top": 61.946110046000001, "right": 4.986919847, "bottom": 61.446110046000001, "row_index": 25, "col_index": 1, "tile_id": 66 }, "geometry": { "type": "MultiLineString", "coordinates": [ [ [ 4.93134241719765, 61.896903057609968 ], [ 4.931857453138804, 61.896612679235268 ], [ 4.932668796893841, 61.896528829077354 ], [ 4.935792577374548, 61.895533605727756 ], [ 4.937136869671674, 61.894881131146548 ], [ 4.937878416863788, 61.894462491299024 ], [ 4.938357759058989, 61.894009183149969 ], [ 4.938551083070656, 61.893556576514818 ], [ 4.939309493913719, 61.892868791331416 ] ] ] } },
{ "type": "Feature", "properties": { "fid": 451787, "elvelengde_m": 211.96, "elvID": "090-65-3", "elvenavn": null, "regulert": null, "fid_2": 66, "id": 66, "left": 4.486919847, "top": 61.946110046000001, "right": 4.986919847, "bottom": 61.446110046000001, "row_index": 25, "col_index": 1, "tile_id": 66 }, "geometry": { "type": "MultiLineString", "coordinates": [ [ [ 4.955101763518185, 61.894898586878334 ], [ 4.955145502606759, 61.894423442522452 ], [ 4.955624662617471, 61.893682400903735 ], [ 4.955709939942286, 61.893037733585764 ] ] ] } },
{ "type": "Feature", "properties": { "fid": 451788, "elvelengde_m": 222.77, "elvID": "090-58-2", "elvenavn": null, "regulert": null, "fid_2": 66, "id": 66, "left": 4.486919847, "top": 61.946110046000001, "right": 4.986919847, "bottom": 61.446110046000001, "row_index": 25, "col_index": 1, "tile_id": 66 }, "geometry": { "type": "MultiLineString", "coordinates": [ [ [ 4.969854715631979, 61.885596762474435 ], [ 4.970561683966123, 61.885869107503972 ], [ 4.971470480278548, 61.88634527512199 ], [ 4.972079178884111, 61.886785584005935 ], [ 4.972754104626524, 61.887012187145395 ] ] ] } },
{ "type": "Feature", "properties": { "fid": 451789, "elvelengde_m": 392.17, "elvID": "090-86-14", "elvenavn": null, "regulert": null, "fid_2": 66, "id": 66, "left": 4.486919847, "top": 61.946110046000001, "right": 4.986919847, "bottom": 61.446110046000001, "row_index": 25, "col_index": 1, "tile_id": 66 }, "geometry": { "type": "MultiLineString", "coordinates": [ [ [ 4.963412085269693, 61.875088039626206 ], [ 4.964865102779356, 61.874465570144963 ], [ 4.967202911933334, 61.873829311874154 ], [ 4.967682262170209, 61.873604482609394 ], [ 4.96757195360919, 61.87343047665383 ], [ 4.967578747703467, 61.873088984353991 ], [ 4.967961511635363, 61.872929476962952 ], [ 4.968423810449815, 61.872889100015577 ] ] ] } },
{ "type": "Feature", "properties": { "fid": 451790, "elvelengde_m": 134.83, "elvID": "090-71-4", "elvenavn": null, "regulert": null, "fid_2": 66, "id": 66, "left": 4.486919847, "top": 61.946110046000001, "right": 4.986919847, "bottom": 61.446110046000001, "row_index": 25, "col_index": 1, "tile_id": 66 }, "geometry": { "type": "MultiLineString", "coordinates": [ [ [ 4.909334762909753, 61.861838018956739 ], [ 4.909709571993896, 61.862451508428144 ], [ 4.910231511222426, 61.862961529959016 ] ] ] } },
{ "type": "Feature", "properties": { "fid": 451796, "elvelengde_m": 238.31, "elvID": "090-85-1", "elvenavn": null, "regulert": null, "fid_2": 66, "id": 66, "left": 4.486919847, "top": 61.946110046000001, "right": 4.986919847, "bottom": 61.446110046000001, "row_index": 25, "col_index": 1, "tile_id": 66 }, "geometry": { "type": "MultiLineString", "coordinates": [ [ [ 4.966105486868019, 61.843219896341679 ], [ 4.969522169535043, 61.841828081819081 ] ] ] } },
{ "type": "Feature", "properties": { "fid": 451801, "elvelengde_m": 335.17, "elvID": "090-91-5", "elvenavn": null, "regulert": null, "fid_2": 66, "id": 66, "left": 4.486919847, "top": 61.946110046000001, "right": 4.986919847, "bottom": 61.446110046000001, "row_index": 25, "col_index": 1, "tile_id": 66 }, "geometry": { "type": "MultiLineString", "coordinates": [ [ [ 4.977177964118656, 61.817683062513836 ], [ 4.974799691537653, 61.81871899741467 ], [ 4.974320675775956, 61.819037536772015 ], [ 4.973380389776618, 61.819396411494658 ], [ 4.972866127014801, 61.819839834808072 ] ] ] } },
{ "type": "Feature", "properties": { "fid": 451802, "elvelengde_m": 475.91, "elvID": "090-3-1", "elvenavn": null, "regulert": null, "fid_2": 66, "id": 66, "left": 4.486919847, "top": 61.946110046000001, "right": 4.986919847, "bottom": 61.446110046000001, "row_index": 25, "col_index": 1, "tile_id": 66 }, "geometry": { "type": "MultiLineString", "coordinates": [ [ [ 4.857704927715032, 61.800103518680288 ], [ 4.85887503935062, 61.800300669827969 ], [ 4.861729014863799, 61.800548693623419 ], [ 4.863298389829266, 61.800883620211614 ], [ 4.864806057300207, 61.800974031347003 ], [ 4.866287669689235, 61.801251391579989 ] ] ] } },
{ "type": "Feature", "properties": { "fid": 451807, "elvelengde_m": 447.78, "elvID": "090-6-1", "elvenavn": null, "regulert": null, "fid_2": 66, "id": 66, "left": 4.486919847, "top": 61.946110046000001, "right": 4.986919847, "bottom": 61.446110046000001, "row_index": 25, "col_index": 1, "tile_id": 66 }, "geometry": { "type": "MultiLineString", "coordinates": [ [ [ 4.878834214129227, 61.793260678515068 ], [ 4.879297199180662, 61.793490306749646 ], [ 4.881521454916676, 61.793898786214982 ], [ 4.882243193221981, 61.794181171542242 ], [ 4.882924897770631, 61.794891625804553 ], [ 4.883813723534228, 61.795065633999585 ], [ 4.883961751044832, 61.795288102151495 ], [ 4.884894055606448, 61.795760373314081 ] ] ] } },
{ "type": "Feature", "properties": { "fid": 451808, "elvelengde_m": 1181.09, "elvID": "090-17-1", "elvenavn": null, "regulert": null, "fid_2": 66, "id": 66, "left": 4.486919847, "top": 61.946110046000001, "right": 4.986919847, "bottom": 61.446110046000001, "row_index": 25, "col_index": 1, "tile_id": 66 }, "geometry": { "type": "MultiLineString", "coordinates": [ [ [ 4.847714375911593, 61.784779160939543 ], [ 4.847288947896046, 61.784694395322347 ], [ 4.842503604530219, 61.784702180838934 ], [ 4.840136682933982, 61.784513540087211 ], [ 4.83870317282235, 61.784164267773249 ], [ 4.836967257445639, 61.784084611325788 ], [ 4.835213186694086, 61.783437997295849 ], [ 4.833368069418313, 61.783184207364044 ], [ 4.832896449184959, 61.782882112757413 ], [ 4.83255030568476, 61.782494040758372 ], [ 4.831569173809319, 61.781888907887144 ], [ 4.829523170211096, 61.781017491548361 ], [ 4.828467890632375, 61.780926355506111 ] ] ] } },
{ "type": "Feature", "properties": { "fid": 451809, "elvelengde_m": 125.76, "elvID": "090-15-1", "elvenavn": null, "regulert": null, "fid_2": 66, "id": 66, "left": 4.486919847, "top": 61.946110046000001, "right": 4.986919847, "bottom": 61.446110046000001, "row_index": 25, "col_index": 1, "tile_id": 66 }, "geometry": { "type": "MultiLineString", "coordinates": [ [ [ 4.8526320532302, 61.780415265806205 ], [ 4.852687299926423, 61.78014716213724 ], [ 4.852913807078083, 61.779875277147035 ], [ 4.853972158343365, 61.779628655242661 ] ] ] } },
{ "type": "Feature", "properties": { "fid": 451810, "elvelengde_m": 278.34, "elvID": "090-9-1", "elvenavn": null, "regulert": null, "fid_2": 66, "id": 66, "left": 4.486919847, "top": 61.946110046000001, "right": 4.986919847, "bottom": 61.446110046000001, "row_index": 25, "col_index": 1, "tile_id": 66 }, "geometry": { "type": "MultiLineString", "coordinates": [ [ [ 4.889287607078702, 61.781842934056705 ], [ 4.890286384785163, 61.781755966502253 ], [ 4.891941404900843, 61.781446052358767 ], [ 4.892505136947863, 61.781489887707323 ], [ 4.894231204464595, 61.781855884594002 ] ] ] } },
{ "type": "Feature", "properties": { "fid": 451811, "elvelengde_m": 652.2, "elvID": "090-15-2", "elvenavn": null, "regulert": null, "fid_2": 66, "id": 66, "left": 4.486919847, "top": 61.946110046000001, "right": 4.986919847, "bottom": 61.446110046000001, "row_index": 25, "col_index": 1, "tile_id": 66 }, "geometry": { "type": "MultiLineString", "coordinates": [ [ [ 4.872236968703739, 61.775927745086584 ], [ 4.870920729035174, 61.775977862399458 ], [ 4.86897736751743, 61.776314915417686 ], [ 4.865797614287882, 61.776246024056036 ], [ 4.864525491397545, 61.776108743789486 ], [ 4.862354864688325, 61.776160149660456 ], [ 4.861250440109721, 61.776045856131681 ], [ 4.860165602455048, 61.776066954061413 ] ] ] } },
{ "type": "Feature", "properties": { "fid": 451813, "elvelengde_m": 172.71, "elvID": "090-65-4", "elvenavn": null, "regulert": null, "fid_2": 66, "id": 66, "left": 4.486919847, "top": 61.946110046000001, "right": 4.986919847, "bottom": 61.446110046000001, "row_index": 25, "col_index": 1, "tile_id": 66 }, "geometry": { "type": "MultiLineString", "coordinates": [ [ [ 4.951614779337358, 61.890148437966452 ], [ 4.950732562721719, 61.890374800578989 ], [ 4.948607723019327, 61.890736872495395 ] ] ] } },
{ "type": "Feature", "properties": { "fid": 451815, "elvelengde_m": 130.89, "elvID": "090-71-1", "elvenavn": null, "regulert": null, "fid_2": 66, "id": 66, "left": 4.486919847, "top": 61.946110046000001, "right": 4.986919847, "bottom": 61.446110046000001, "row_index": 25, "col_index": 1, "tile_id": 66 }, "geometry": { "type": "MultiLineString", "coordinates": [ [ [ 4.891334750613725, 61.867899161796757 ], [ 4.891151603650764, 61.867832374134046 ], [ 4.89082905913778, 61.867919949102472 ], [ 4.890373059101196, 61.868496720880557 ], [ 4.889826147764457, 61.868501293602456 ] ] ] } },
{ "type": "Feature", "properties": { "fid": 451816, "elvelengde_m": 80.52, "elvID": "090-2-1", "elvenavn": null, "regulert": null, "fid_2": 66, "id": 66, "left": 4.486919847, "top": 61.946110046000001, "right": 4.986919847, "bottom": 61.446110046000001, "row_index": 25, "col_index": 1, "tile_id": 66 }, "geometry": { "type": "MultiLineString", "coordinates": [ [ [ 4.837225975934349, 61.796471733631414 ], [ 4.836739914345576, 61.796957408649384 ], [ 4.836813392455251, 61.797133431165392 ] ] ] } },
{ "type": "Feature", "properties": { "fid": 451819, "elvelengde_m": 76.93, "elvID": "090-15-5", "elvenavn": null, "regulert": null, "fid_2": 66, "id": 66, "left": 4.486919847, "top": 61.946110046000001, "right": 4.986919847, "bottom": 61.446110046000001, "row_index": 25, "col_index": 1, "tile_id": 66 }, "geometry": { "type": "MultiLineString", "coordinates": [ [ [ 4.853951513519255, 61.77495600971492 ], [ 4.854547334104141, 61.775262176067343 ], [ 4.85430066446913, 61.775503206781679 ] ] ] } },
{ "type": "Feature", "properties": { "fid": 451820, "elvelengde_m": 84.99, "elvID": "090-15-2", "elvenavn": null, "regulert": null, "fid_2": 66, "id": 66, "left": 4.486919847, "top": 61.946110046000001, "right": 4.986919847, "bottom": 61.446110046000001, "row_index": 25, "col_index": 1, "tile_id": 66 }, "geometry": { "type": "MultiLineString", "coordinates": [ [ [ 4.873760963825541, 61.775813186147481 ], [ 4.872980113686209, 61.775938860811102 ], [ 4.872236968703739, 61.775927745086584 ] ] ] } },
{ "type": "Feature", "properties": { "fid": 452322, "elvelengde_m": 577.35, "elvID": "090-64-1", "elvenavn": null, "regulert": null, "fid_2": 66, "id": 66, "left": 4.486919847, "top": 61.946110046000001, "right": 4.986919847, "bottom": 61.446110046000001, "row_index": 25, "col_index": 1, "tile_id": 66 }, "geometry": { "type": "MultiLineString", "coordinates": [ [ [ 4.933146173692125, 61.903114109660898 ], [ 4.933920672430987, 61.903883059177417 ], [ 4.934205497560005, 61.904035397111215 ], [ 4.934585876645527, 61.90475693967015 ], [ 4.934585844086969, 61.905044440585456 ], [ 4.934766053884529, 61.905265566984042 ], [ 4.93591206347337, 61.906252276793971 ], [ 4.936538478649452, 61.906558505691486 ], [ 4.93667948226074, 61.906787328146166 ], [ 4.936772987515091, 61.90737439836839 ], [ 4.936680949017961, 61.907504155165569 ], [ 4.936676639701271, 61.907829461873554 ] ] ] } },
{ "type": "Feature", "properties": { "fid": 452323, "elvelengde_m": 274.48, "elvID": "090-65-7", "elvenavn": null, "regulert": null, "fid_2": 66, "id": 66, "left": 4.486919847, "top": 61.946110046000001, "right": 4.986919847, "bottom": 61.446110046000001, "row_index": 25, "col_index": 1, "tile_id": 66 }, "geometry": { "type": "MultiLineString", "coordinates": [ [ [ 4.94692056518848, 61.894235015692573 ], [ 4.947637039241609, 61.894004454342806 ], [ 4.948156525105983, 61.893534341601836 ], [ 4.948429289746347, 61.893056983656749 ], [ 4.948765010428981, 61.892680343099073 ], [ 4.948711583665585, 61.89207651045313 ] ] ] } },
{ "type": "Feature", "properties": { "fid": 452325, "elvelengde_m": 168.5, "elvID": "090-72-2", "elvenavn": null, "regulert": null, "fid_2": 66, "id": 66, "left": 4.486919847, "top": 61.946110046000001, "right": 4.986919847, "bottom": 61.446110046000001, "row_index": 25, "col_index": 1, "tile_id": 66 }, "geometry": { "type": "MultiLineString", "coordinates": [ [ [ 4.883312224237042, 61.866822884548242 ], [ 4.882792419320499, 61.86785910966428 ], [ 4.882268995526069, 61.868212065863446 ] ] ] } },
{ "type": "Feature", "properties": { "fid": 452327, "elvelengde_m": 493.89, "elvID": "090-83-1", "elvenavn": null, "regulert": null, "fid_2": 66, "id": 66, "left": 4.486919847, "top": 61.946110046000001, "right": 4.986919847, "bottom": 61.446110046000001, "row_index": 25, "col_index": 1, "tile_id": 66 }, "geometry": { "type": "MultiLineString", "coordinates": [ [ [ 4.943964391054841, 61.850271337979933 ], [ 4.943767756759899, 61.850031614726554 ], [ 4.9431968910947, 61.849601252602511 ], [ 4.94235594328284, 61.849198921737106 ], [ 4.940581797009729, 61.848660973789727 ], [ 4.93921127072206, 61.848377760786711 ], [ 4.938652492240832, 61.848145576660755 ], [ 4.937354616494275, 61.847316081259052 ] ] ] } },
{ "type": "Feature", "properties": { "fid": 452328, "elvelengde_m": 62.46, "elvID": "090-84-1", "elvenavn": null, "regulert": null, "fid_2": 66, "id": 66, "left": 4.486919847, "top": 61.946110046000001, "right": 4.986919847, "bottom": 61.446110046000001, "row_index": 25, "col_index": 1, "tile_id": 66 }, "geometry": { "type": "MultiLineString", "coordinates": [ [ [ 4.957985775935104, 61.841528032056459 ], [ 4.957922362343434, 61.841522809573064 ], [ 4.958123276837108, 61.841007392790075 ] ] ] } },
{ "type": "Feature", "properties": { "fid": 452333, "elvelengde_m": 687.58, "elvID": "090-91-1", "elvenavn": null, "regulert": null, "fid_2": 66, "id": 66, "left": 4.486919847, "top": 61.946110046000001, "right": 4.986919847, "bottom": 61.446110046000001, "row_index": 25, "col_index": 1, "tile_id": 66 }, "geometry": { "type": "MultiLineString", "coordinates": [ [ [ 4.985138059994119, 61.818869023000161 ], [ 4.984326608191088, 61.819114948326657 ], [ 4.98375631389264, 61.819116145282905 ], [ 4.981827246510742, 61.818898031220456 ], [ 4.98134686242957, 61.818937801061438 ], [ 4.97960238270385, 61.819632882187094 ], [ 4.978928137931248, 61.819846783344687 ], [ 4.978169910325182, 61.819977351682425 ], [ 4.977651728851264, 61.820016135768917 ], [ 4.976033825422813, 61.819887777197678 ], [ 4.973104038367601, 61.819909706345562 ] ] ] } },
{ "type": "Feature", "properties": { "fid": 452335, "elvelengde_m": 908.74, "elvID": "090-92-1", "elvenavn": null, "regulert": null, "fid_2": 66, "id": 66, "left": 4.486919847, "top": 61.946110046000001, "right": 4.986919847, "bottom": 61.446110046000001, "row_index": 25, "col_index": 1, "tile_id": 66 }, "geometry": { "type": "MultiLineString", "coordinates": [ [ [ 4.976066549702744, 61.811519918077728 ], [ 4.975295319294364, 61.811605135118441 ], [ 4.974964328689899, 61.811811079565793 ], [ 4.974724300307679, 61.812190600056056 ], [ 4.974490498494674, 61.812381524829902 ], [ 4.974257447433529, 61.812419667370989 ], [ 4.970800961331014, 61.8126957719792 ], [ 4.968341545239464, 61.812758313498406 ], [ 4.967573516987863, 61.812672777608526 ], [ 4.967046933638715, 61.812486525942873 ], [ 4.966243902517676, 61.811928925504631 ], [ 4.966210351949985, 61.811785109952645 ], [ 4.966288486398308, 61.811671174454567 ], [ 4.965351437471484, 61.811149223318203 ], [ 4.964831102311182, 61.81097664159288 ], [ 4.963285398386145, 61.810857776641164 ], [ 4.962216053944812, 61.810571232742191 ] ] ] } },
{ "type": "Feature", "properties": { "fid": 452336, "elvelengde_m": 428.01, "elvID": "090-93-1", "elvenavn": null, "regulert": null, "fid_2": 66, "id": 66, "left": 4.486919847, "top": 61.946110046000001, "right": 4.986919847, "bottom": 61.446110046000001, "row_index": 25, "col_index": 1, "tile_id": 66 }, "geometry": { "type": "MultiLineString", "coordinates": [ [ [ 4.952807496506813, 61.805909508712638 ], [ 4.953047876984425, 61.806536828836215 ], [ 4.953054023550481, 61.807211131072563 ], [ 4.953427903604987, 61.807545888539408 ], [ 4.954009943233902, 61.807742818067481 ], [ 4.954474885445476, 61.808107297851826 ], [ 4.955098222734427, 61.808278297706806 ], [ 4.956472732443173, 61.80907802324203 ] ] ] } },
{ "type": "Feature", "properties": { "fid": 452339, "elvelengde_m": 829.41, "elvID": "090-26-1", "elvenavn": null, "regulert": null, "fid_2": 66, "id": 66, "left": 4.486919847, "top": 61.946110046000001, "right": 4.986919847, "bottom": 61.446110046000001, "row_index": 25, "col_index": 1, "tile_id": 66 }, "geometry": { "type": "MultiLineString", "coordinates": [ [ [ 4.983116495217156, 61.797137240091345 ], [ 4.982774330800583, 61.796848553971806 ], [ 4.980269261777957, 61.79523801166205 ], [ 4.980071307969099, 61.794719827223439 ], [ 4.979879474419399, 61.7945883458056 ], [ 4.97936615848918, 61.79444738341725 ], [ 4.978645578182734, 61.794003849993452 ], [ 4.978132932209381, 61.793422533631421 ], [ 4.977121580199194, 61.792880411575247 ], [ 4.976943763168975, 61.792497706831078 ], [ 4.976411196236863, 61.791924781487737 ], [ 4.976045518898054, 61.79167127999203 ], [ 4.975230836659724, 61.791368730484891 ], [ 4.974433726273076, 61.791363275588985 ] ] ] } },
{ "type": "Feature", "properties": { "fid": 452340, "elvelengde_m": 321.49, "elvID": "090-7-2", "elvenavn": null, "regulert": null, "fid_2": 66, "id": 66, "left": 4.486919847, "top": 61.946110046000001, "right": 4.986919847, "bottom": 61.446110046000001, "row_index": 25, "col_index": 1, "tile_id": 66 }, "geometry": { "type": "MultiLineString", "coordinates": [ [ [ 4.866505778317688, 61.783261522617387 ], [ 4.866981757361241, 61.783392739900322 ], [ 4.869545814088243, 61.783667689391137 ], [ 4.87242840841053, 61.783691573604465 ] ] ] } },
{ "type": "Feature", "properties": { "fid": 452341, "elvelengde_m": 206.12, "elvID": "090-15-3", "elvenavn": null, "regulert": null, "fid_2": 66, "id": 66, "left": 4.486919847, "top": 61.946110046000001, "right": 4.986919847, "bottom": 61.446110046000001, "row_index": 25, "col_index": 1, "tile_id": 66 }, "geometry": { "type": "MultiLineString", "coordinates": [ [ [ 4.859123832825547, 61.77985623129009 ], [ 4.85832636032309, 61.779292735219791 ], [ 4.858328050187559, 61.77913999455599 ], [ 4.858472812468183, 61.778910723323207 ], [ 4.858895559637407, 61.778590811683799 ], [ 4.858943549411188, 61.778376504448502 ], [ 4.858795053999503, 61.778210199258346 ] ] ] } },
{ "type": "Feature", "properties": { "fid": 452342, "elvelengde_m": 325.42, "elvID": "090-14-1", "elvenavn": null, "regulert": null, "fid_2": 66, "id": 66, "left": 4.486919847, "top": 61.946110046000001, "right": 4.986919847, "bottom": 61.446110046000001, "row_index": 25, "col_index": 1, "tile_id": 66 }, "geometry": { "type": "MultiLineString", "coordinates": [ [ [ 4.867312082134784, 61.759471785635775 ], [ 4.866885020914942, 61.759261157052869 ], [ 4.866839174604878, 61.759178859353007 ], [ 4.866980237606923, 61.758976299483223 ], [ 4.868542513668325, 61.758502053629641 ], [ 4.871382770769452, 61.757994883730824 ] ] ] } },
{ "type": "Feature", "properties": { "fid": 452344, "elvelengde_m": 15.52, "elvID": "090-15-3", "elvenavn": null, "regulert": null, "fid_2": 66, "id": 66, "left": 4.486919847, "top": 61.946110046000001, "right": 4.986919847, "bottom": 61.446110046000001, "row_index": 25, "col_index": 1, "tile_id": 66 }, "geometry": { "type": "MultiLineString", "coordinates": [ [ [ 4.859350317069993, 61.779944404791195 ], [ 4.859123832825547, 61.77985623129009 ] ] ] } },
{ "type": "Feature", "properties": { "fid": 452347, "elvelengde_m": 45.89, "elvID": "090-71-3", "elvenavn": null, "regulert": null, "fid_2": 66, "id": 66, "left": 4.486919847, "top": 61.946110046000001, "right": 4.986919847, "bottom": 61.446110046000001, "row_index": 25, "col_index": 1, "tile_id": 66 }, "geometry": { "type": "MultiLineString", "coordinates": [ [ [ 4.930457449441899, 61.870512309587617 ], [ 4.930091793890373, 61.870510127294345 ], [ 4.929708101837344, 61.870659720172341 ] ] ] } },
{ "type": "Feature", "properties": { "fid": 456242, "elvelengde_m": 835.86, "elvID": "090-60-1", "elvenavn": null, "regulert": null, "fid_2": 66, "id": 66, "left": 4.486919847, "top": 61.946110046000001, "right": 4.986919847, "bottom": 61.446110046000001, "row_index": 25, "col_index": 1, "tile_id": 66 }, "geometry": { "type": "MultiLineString", "coordinates": [ [ [ 4.95368661585491, 61.90069533587041 ], [ 4.95706097640233, 61.901266579042492 ], [ 4.958249897129242, 61.90174915983912 ], [ 4.960009056906932, 61.903187006551789 ], [ 4.960260528670173, 61.903446208293765 ], [ 4.960354549453049, 61.903745514063196 ], [ 4.959875322179688, 61.904486571940886 ], [ 4.959691683758116, 61.905011534350294 ], [ 4.959689529781386, 61.905460947734483 ], [ 4.959541288751853, 61.905861026103622 ], [ 4.959736024348699, 61.906473623687255 ] ] ] } },
{ "type": "Feature", "properties": { "fid": 456243, "elvelengde_m": 105.08, "elvID": "090-67-1", "elvenavn": null, "regulert": null, "fid_2": 66, "id": 66, "left": 4.486919847, "top": 61.946110046000001, "right": 4.986919847, "bottom": 61.446110046000001, "row_index": 25, "col_index": 1, "tile_id": 66 }, "geometry": { "type": "MultiLineString", "coordinates": [ [ [ 4.930209730347531, 61.881497782310802 ], [ 4.930112310937055, 61.881656653216965 ], [ 4.929023943639492, 61.882236496565213 ] ] ] } },
{ "type": "Feature", "properties": { "fid": 456244, "elvelengde_m": 28.72, "elvID": "090-86-13", "elvenavn": null, "regulert": null, "fid_2": 66, "id": 66, "left": 4.486919847, "top": 61.946110046000001, "right": 4.986919847, "bottom": 61.446110046000001, "row_index": 25, "col_index": 1, "tile_id": 66 }, "geometry": { "type": "MultiLineString", "coordinates": [ [ [ 4.968423810449815, 61.872889100015577 ], [ 4.968914200384287, 61.872777629443213 ] ] ] } },
{ "type": "Feature", "properties": { "fid": 456245, "elvelengde_m": 964.95, "elvID": "090-71-1", "elvenavn": null, "regulert": null, "fid_2": 66, "id": 66, "left": 4.486919847, "top": 61.946110046000001, "right": 4.986919847, "bottom": 61.446110046000001, "row_index": 25, "col_index": 1, "tile_id": 66 }, "geometry": { "type": "MultiLineString", "coordinates": [ [ [ 4.934447834279753, 61.864498689278903 ], [ 4.933749810172101, 61.86445097861867 ], [ 4.930994846544245, 61.863982772201403 ], [ 4.92914047292001, 61.863900951661307 ], [ 4.928333666571788, 61.863670219966451 ], [ 4.926235044042481, 61.863562955561349 ], [ 4.925477605292022, 61.863675339401858 ], [ 4.92328534413557, 61.864275562528242 ], [ 4.922530188264913, 61.864369989817284 ], [ 4.921060863823999, 61.864398327445599 ], [ 4.919250632781187, 61.864822845545696 ], [ 4.919023357808276, 61.864976077900387 ], [ 4.918539079043834, 61.865752669669774 ] ] ] } },
{ "type": "Feature", "properties": { "fid": 456246, "elvelengde_m": 434.42, "elvID": "090-78-2", "elvenavn": null, "regulert": null, "fid_2": 66, "id": 66, "left": 4.486919847, "top": 61.946110046000001, "right": 4.986919847, "bottom": 61.446110046000001, "row_index": 25, "col_index": 1, "tile_id": 66 }, "geometry": { "type": "MultiLineString", "coordinates": [ [ [ 4.865896077390784, 61.858343796081122 ], [ 4.867271903048538, 61.856326623742824 ], [ 4.867264853880681, 61.855813882486515 ], [ 4.867126077023289, 61.855432248620893 ], [ 4.867127135729731, 61.855144613186162 ], [ 4.867355865104358, 61.854576160534755 ] ] ] } },
{ "type": "Feature", "properties": { "fid": 456247, "elvelengde_m": 800.13, "elvID": "090-79-1", "elvenavn": null, "regulert": null, "fid_2": 66, "id": 66, "left": 4.486919847, "top": 61.946110046000001, "right": 4.986919847, "bottom": 61.446110046000001, "row_index": 25, "col_index": 1, "tile_id": 66 }, "geometry": { "type": "MultiLineString", "coordinates": [ [ [ 4.885682296667799, 61.854847789518821 ], [ 4.885827065728276, 61.854195929548879 ], [ 4.886162347718862, 61.853540657990436 ], [ 4.886111749430264, 61.85278408517329 ], [ 4.88596828767112, 61.852294370092501 ], [ 4.886055248475661, 61.851928364982982 ], [ 4.886290431829506, 61.851593840510489 ], [ 4.886448089186898, 61.850987222842804 ], [ 4.886010106445823, 61.850138019906375 ], [ 4.886017942006475, 61.849796653473561 ], [ 4.886344231211019, 61.849491811713627 ], [ 4.886590123199937, 61.849076671988307 ], [ 4.886577475465906, 61.84832120012419 ], [ 4.886435853906208, 61.848101214382837 ], [ 4.886040154449339, 61.847905270974692 ] ] ] } },
{ "type": "Feature", "properties": { "fid": 456253, "elvelengde_m": 354.62, "elvID": "090-90-1", "elvenavn": null, "regulert": null, "fid_2": 66, "id": 66, "left": 4.486919847, "top": 61.946110046000001, "right": 4.986919847, "bottom": 61.446110046000001, "row_index": 25, "col_index": 1, "tile_id": 66 }, "geometry": { "type": "MultiLineString", "coordinates": [ [ [ 4.986919847, 61.829458131977447 ], [ 4.986838986484583, 61.82955286081372 ], [ 4.986746168137944, 61.829972663676017 ], [ 4.986558180809364, 61.83024584715767 ], [ 4.985524193664349, 61.830736904414046 ], [ 4.985277228906032, 61.831026299344614 ], [ 4.985232765419955, 61.831366634471479 ], [ 4.985098050771245, 61.831524493986699 ], [ 4.985270942721805, 61.831744470263402 ] ] ] } },
{ "type": "Feature", "properties": { "fid": 456256, "elvelengde_m": 194.57, "elvID": "090-2-1", "elvenavn": null, "regulert": null, "fid_2": 66, "id": 66, "left": 4.486919847, "top": 61.946110046000001, "right": 4.986919847, "bottom": 61.446110046000001, "row_index": 25, "col_index": 1, "tile_id": 66 }, "geometry": { "type": "MultiLineString", "coordinates": [ [ [ 4.835898709310567, 61.797995678386954 ], [ 4.836089924260826, 61.798127349585741 ], [ 4.837138221934262, 61.79824005980899 ], [ 4.837610672232834, 61.798398280725223 ], [ 4.837987485704022, 61.798841330172827 ], [ 4.83821645753623, 61.798974009151486 ], [ 4.83851443173472, 61.799019199494531 ] ] ] } },
{ "type": "Feature", "properties": { "fid": 456258, "elvelengde_m": 711.27, "elvID": "090-3-1", "elvenavn": null, "regulert": null, "fid_2": 66, "id": 66, "left": 4.486919847, "top": 61.946110046000001, "right": 4.986919847, "bottom": 61.446110046000001, "row_index": 25, "col_index": 1, "tile_id": 66 }, "geometry": { "type": "MultiLineString", "coordinates": [ [ [ 4.846038553888188, 61.796334418085493 ], [ 4.847699666354693, 61.796690436464921 ], [ 4.849644222907586, 61.796920073205158 ], [ 4.850496868125533, 61.797215585481851 ], [ 4.850407486005801, 61.797455603818761 ], [ 4.850209495850248, 61.797656358531619 ], [ 4.850298663708205, 61.797838889735033 ], [ 4.850689487949838, 61.79803950804213 ], [ 4.851496819136084, 61.798108844557696 ], [ 4.851874827716589, 61.798264126394535 ], [ 4.852066697453457, 61.798530667608425 ], [ 4.852438606701826, 61.798730682723495 ], [ 4.854337092963125, 61.799300577697366 ], [ 4.856084164538508, 61.79958709621247 ] ] ] } },
{ "type": "Feature", "properties": { "fid": 456259, "elvelengde_m": 1511.01, "elvID": "090-5-1", "elvenavn": null, "regulert": null, "fid_2": 66, "id": 66, "left": 4.486919847, "top": 61.946110046000001, "right": 4.986919847, "bottom": 61.446110046000001, "row_index": 25, "col_index": 1, "tile_id": 66 }, "geometry": { "type": "MultiLineString", "coordinates": [ [ [ 4.846802810180654, 61.792788546101143 ], [ 4.847179794169123, 61.792808920670645 ], [ 4.848513937147365, 61.792633541182703 ], [ 4.849551811133249, 61.792682895990467 ], [ 4.850258300355586, 61.792794344213483 ], [ 4.852532519133382, 61.793393522059453 ], [ 4.853014232523852, 61.793623833904768 ], [ 4.853536479448929, 61.794116086682521 ], [ 4.853676569422989, 61.794345071225841 ], [ 4.853525037223862, 61.794763113675188 ], [ 4.853871576468249, 61.79515114125207 ], [ 4.854424517962296, 61.795275734339036 ], [ 4.855851352524935, 61.795822182933144 ], [ 4.856224562446048, 61.795869507408121 ], [ 4.857461945927461, 61.795709092013652 ], [ 4.859255456021757, 61.795646488369876 ], [ 4.861059508846764, 61.79536829777993 ], [ 4.862382271340327, 61.795417336489741 ], [ 4.86385855378132, 61.795596626191305 ], [ 4.864331140811204, 61.795754668177608 ], [ 4.864567123146506, 61.795977475124928 ], [ 4.864573194669025, 61.796355292969736 ], [ 4.864417813986302, 61.796521476570952 ], [ 4.864568726215358, 61.796669928802224 ], [ 4.865992244997517, 61.796676815035276 ], [ 4.86637034333079, 61.796831969478404 ], [ 4.86693848625833, 61.797550446463205 ], [ 4.867464203613975, 61.797736977611855 ], [ 4.868169057860355, 61.797723862245945 ] ] ] } },
{ "type": "Feature", "properties": { "fid": 456260, "elvelengde_m": 328.74, "elvID": "090-7-1", "elvenavn": null, "regulert": null, "fid_2": 66, "id": 66, "left": 4.486919847, "top": 61.946110046000001, "right": 4.986919847, "bottom": 61.446110046000001, "row_index": 25, "col_index": 1, "tile_id": 66 }, "geometry": { "type": "MultiLineString", "coordinates": [ [ [ 4.884176391057751, 61.787973295204417 ], [ 4.885267522297978, 61.787907263600864 ], [ 4.886507810853013, 61.78771974854974 ], [ 4.887211583911621, 61.787426194031312 ], [ 4.887777737399678, 61.787452112486484 ], [ 4.888311111697245, 61.787246029227504 ], [ 4.889896884737188, 61.787226454710144 ] ] ] } },
{ "type": "Feature", "properties": { "fid": 456261, "elvelengde_m": 512.31, "elvID": "090-12-1", "elvenavn": null, "regulert": null, "fid_2": 66, "id": 66, "left": 4.486919847, "top": 61.946110046000001, "right": 4.986919847, "bottom": 61.446110046000001, "row_index": 25, "col_index": 1, "tile_id": 66 }, "geometry": { "type": "MultiLineString", "coordinates": [ [ [ 4.872106921129878, 61.771806419327056 ], [ 4.871955733782441, 61.771379393484835 ], [ 4.87144031630646, 61.770977281891554 ], [ 4.871582814315376, 61.770622049917563 ], [ 4.871486646815407, 61.770349361945243 ], [ 4.870720229549198, 61.76969706330469 ], [ 4.868643598494794, 61.769050099416361 ], [ 4.868220549144101, 61.768668806771842 ], [ 4.867120404300328, 61.768239902348867 ] ] ] } },
{ "type": "Feature", "properties": { "fid": 456262, "elvelengde_m": 160.23, "elvID": "090-71-3", "elvenavn": null, "regulert": null, "fid_2": 66, "id": 66, "left": 4.486919847, "top": 61.946110046000001, "right": 4.986919847, "bottom": 61.446110046000001, "row_index": 25, "col_index": 1, "tile_id": 66 }, "geometry": { "type": "MultiLineString", "coordinates": [ [ [ 4.915840038948843, 61.867578223542978 ], [ 4.914159084588508, 61.866388870865002 ] ] ] } },
{ "type": "Feature", "properties": { "fid": 456264, "elvelengde_m": 49.12, "elvID": "090-71-1", "elvenavn": null, "regulert": null, "fid_2": 66, "id": 66, "left": 4.486919847, "top": 61.946110046000001, "right": 4.986919847, "bottom": 61.446110046000001, "row_index": 25, "col_index": 1, "tile_id": 66 }, "geometry": { "type": "MultiLineString", "coordinates": [ [ [ 4.918539079043834, 61.865752669669774 ], [ 4.917869525395289, 61.866056737899193 ] ] ] } },
{ "type": "Feature", "properties": { "fid": 456265, "elvelengde_m": 297.73, "elvID": "090-86-18", "elvenavn": null, "regulert": null, "fid_2": 66, "id": 66, "left": 4.486919847, "top": 61.946110046000001, "right": 4.986919847, "bottom": 61.446110046000001, "row_index": 25, "col_index": 1, "tile_id": 66 }, "geometry": { "type": "MultiLineString", "coordinates": [ [ [ 4.981329218294572, 61.868125526256634 ], [ 4.980244686809456, 61.867999791629188 ], [ 4.980171721604067, 61.867367040149595 ], [ 4.9804227087228, 61.867244531803102 ], [ 4.980779335627307, 61.866738925635019 ], [ 4.980691692321431, 61.86647416286867 ], [ 4.980276685629437, 61.865991202588347 ] ] ] } },
{ "type": "Feature", "properties": { "fid": 456267, "elvelengde_m": 276.21, "elvID": "090-86-27", "elvenavn": null, "regulert": null, "fid_2": 66, "id": 66, "left": 4.486919847, "top": 61.946110046000001, "right": 4.986919847, "bottom": 61.446110046000001, "row_index": 25, "col_index": 1, "tile_id": 66 }, "geometry": { "type": "MultiLineString", "coordinates": [ [ [ 4.986790161218245, 61.85201505977259 ], [ 4.986919847, 61.851955690595524 ] ] ] } },
{ "type": "Feature", "properties": { "fid": 456272, "elvelengde_m": 50.07, "elvID": "090-59-1", "elvenavn": null, "regulert": null, "fid_2": 66, "id": 66, "left": 4.486919847, "top": 61.946110046000001, "right": 4.986919847, "bottom": 61.446110046000001, "row_index": 25, "col_index": 1, "tile_id": 66 }, "geometry": { "type": "MultiLineString", "coordinates": [ [ [ 4.984007361270993, 61.894293636437702 ], [ 4.983887943106523, 61.894226800161732 ], [ 4.983140340373092, 61.89422864238437 ] ] ] } },
{ "type": "Feature", "properties": { "fid": 456273, "elvelengde_m": 14.35, "elvID": "090-69-2", "elvenavn": null, "regulert": null, "fid_2": 66, "id": 66, "left": 4.486919847, "top": 61.946110046000001, "right": 4.986919847, "bottom": 61.446110046000001, "row_index": 25, "col_index": 1, "tile_id": 66 }, "geometry": { "type": "MultiLineString", "coordinates": [ [ [ 4.924883550436964, 61.873081012659753 ], [ 4.925070894806979, 61.873174110040743 ] ] ] } },
{ "type": "Feature", "properties": { "fid": 458644, "elvelengde_m": 458.79, "elvID": "090-66-1", "elvenavn": null, "regulert": null, "fid_2": 66, "id": 66, "left": 4.486919847, "top": 61.946110046000001, "right": 4.986919847, "bottom": 61.446110046000001, "row_index": 25, "col_index": 1, "tile_id": 66 }, "geometry": { "type": "MultiLineString", "coordinates": [ [ [ 4.937045219609504, 61.8809359706393 ], [ 4.935765944633853, 61.880961073372532 ], [ 4.934542046321239, 61.881428254328156 ], [ 4.933772417726162, 61.881917950390275 ], [ 4.932197755266324, 61.882323786441944 ], [ 4.931188713675234, 61.882289951502813 ], [ 4.9306697357021, 61.882675644343649 ], [ 4.930066526737138, 61.88289365428097 ] ] ] } },
{ "type": "Feature", "properties": { "fid": 458645, "elvelengde_m": 650.04, "elvID": "090-70-1", "elvenavn": null, "regulert": null, "fid_2": 66, "id": 66, "left": 4.486919847, "top": 61.946110046000001, "right": 4.986919847, "bottom": 61.446110046000001, "row_index": 25, "col_index": 1, "tile_id": 66 }, "geometry": { "type": "MultiLineString", "coordinates": [ [ [ 4.894705743223593, 61.871865511451006 ], [ 4.894101191784666, 61.87253958421168 ], [ 4.893718960915359, 61.872833874467389 ], [ 4.892900193039629, 61.873258859158824 ], [ 4.8923840229576, 61.8737018634151 ], [ 4.891672152521556, 61.874040144041039 ], [ 4.890722330086729, 61.874308414689047 ], [ 4.888108591175609, 61.875479710007085 ], [ 4.887311512696933, 61.87574354539273 ], [ 4.887026825477293, 61.875878890411258 ], [ 4.886830042709563, 61.876170094854587 ] ] ] } },
{ "type": "Feature", "properties": { "fid": 458646, "elvelengde_m": 653.31, "elvID": "090-72-1", "elvenavn": null, "regulert": null, "fid_2": 66, "id": 66, "left": 4.486919847, "top": 61.946110046000001, "right": 4.986919847, "bottom": 61.446110046000001, "row_index": 25, "col_index": 1, "tile_id": 66 }, "geometry": { "type": "MultiLineString", "coordinates": [ [ [ 4.882268995526069, 61.868212065863446 ], [ 4.88217354374554, 61.868496755748261 ], [ 4.881844657974862, 61.868819521377453 ], [ 4.881222679989952, 61.869196485031161 ], [ 4.880886612441795, 61.869572960963012 ], [ 4.88074955063269, 61.870031331342112 ], [ 4.880174674875056, 61.870477448875327 ], [ 4.878742086583636, 61.872316745012256 ], [ 4.878605345724286, 61.872398952537139 ], [ 4.87811581192163, 61.873136493144301 ], [ 4.878171175442864, 61.873622751766227 ] ] ] } },
{ "type": "Feature", "properties": { "fid": 458648, "elvelengde_m": 306.02, "elvID": "090-86-15", "elvenavn": null, "regulert": null, "fid_2": 66, "id": 66, "left": 4.486919847, "top": 61.946110046000001, "right": 4.986919847, "bottom": 61.446110046000001, "row_index": 25, "col_index": 1, "tile_id": 66 }, "geometry": { "type": "MultiLineString", "coordinates": [ [ [ 4.962018024022773, 61.872808825018033 ], [ 4.962645084195309, 61.872962157482419 ], [ 4.963546162287387, 61.872916647350579 ], [ 4.964542806289183, 61.872577377387742 ], [ 4.965719694404457, 61.872459185374595 ], [ 4.967436158777043, 61.872581473073978 ] ] ] } },
{ "type": "Feature", "properties": { "fid": 458649, "elvelengde_m": 636.34, "elvID": "090-71-2", "elvenavn": null, "regulert": null, "fid_2": 66, "id": 66, "left": 4.486919847, "top": 61.946110046000001, "right": 4.986919847, "bottom": 61.446110046000001, "row_index": 25, "col_index": 1, "tile_id": 66 }, "geometry": { "type": "MultiLineString", "coordinates": [ [ [ 4.925563849841121, 61.862599256990613 ], [ 4.925047230512294, 61.862619796376855 ], [ 4.924864832134689, 61.862704367444159 ], [ 4.924760153937411, 61.862917026324268 ], [ 4.923948322036781, 61.863297396459096 ], [ 4.91949385679919, 61.863443793666576 ], [ 4.9187294919918, 61.863609869829901 ], [ 4.917220343266409, 61.86422137051553 ], [ 4.915021963727592, 61.864578333500233 ] ] ] } },
{ "type": "Feature", "properties": { "fid": 458650, "elvelengde_m": 11.72, "elvID": "090-71-4", "elvenavn": null, "regulert": null, "fid_2": 66, "id": 66, "left": 4.486919847, "top": 61.946110046000001, "right": 4.986919847, "bottom": 61.446110046000001, "row_index": 25, "col_index": 1, "tile_id": 66 }, "geometry": { "type": "MultiLineString", "coordinates": [ [ [ 4.908848499172603, 61.861203407634356 ], [ 4.908911115794626, 61.861304038277055 ] ] ] } },
{ "type": "Feature", "properties": { "fid": 458651, "elvelengde_m": 394.85, "elvID": "090-80-2", "elvenavn": null, "regulert": null, "fid_2": 66, "id": 66, "left": 4.486919847, "top": 61.946110046000001, "right": 4.986919847, "bottom": 61.446110046000001, "row_index": 25, "col_index": 1, "tile_id": 66 }, "geometry": { "type": "MultiLineString", "coordinates": [ [ [ 4.927459244582921, 61.853495301677782 ], [ 4.924982599052867, 61.853089165396611 ], [ 4.923040074399832, 61.852959589929718 ], [ 4.922760506532087, 61.852771551643251 ], [ 4.922598729884244, 61.852128422370612 ], [ 4.922039860324734, 61.851896069177101 ], [ 4.921999554495657, 61.851769118166821 ] ] ] } },
{ "type": "Feature", "properties": { "fid": 458652, "elvelengde_m": 859.53, "elvID": "090-78-1", "elvenavn": null, "regulert": null, "fid_2": 66, "id": 66, "left": 4.486919847, "top": 61.946110046000001, "right": 4.986919847, "bottom": 61.446110046000001, "row_index": 25, "col_index": 1, "tile_id": 66 }, "geometry": { "type": "MultiLineString", "coordinates": [ [ [ 4.867355865104358, 61.854576160534755 ], [ 4.867116030924504, 61.85339123861224 ], [ 4.866646730232298, 61.852496053666073 ], [ 4.866647838640662, 61.852064610129531 ], [ 4.866173198479684, 61.851208509392087 ], [ 4.866219335188527, 61.850586344945462 ], [ 4.866552488287445, 61.849526586217706 ], [ 4.866273106151911, 61.849059767184087 ], [ 4.866422387627367, 61.848743774785 ], [ 4.867605309117558, 61.848209877768525 ], [ 4.867968458665106, 61.847915151292618 ], [ 4.868271098896594, 61.847645532807071 ], [ 4.868258641676034, 61.847308713799848 ] ] ] } },
{ "type": "Feature", "properties": { "fid": 458655, "elvelengde_m": 4.26, "elvID": "090-84-1", "elvenavn": null, "regulert": null, "fid_2": 66, "id": 66, "left": 4.486919847, "top": 61.946110046000001, "right": 4.986919847, "bottom": 61.446110046000001, "row_index": 25, "col_index": 1, "tile_id": 66 }, "geometry": { "type": "MultiLineString", "coordinates": [ [ [ 4.957993666747993, 61.841565446933082 ], [ 4.957985775935104, 61.841528032056459 ] ] ] } },
{ "type": "Feature", "properties": { "fid": 458656, "elvelengde_m": 818.73, "elvID": "090-82-1", "elvenavn": null, "regulert": null, "fid_2": 66, "id": 66, "left": 4.486919847, "top": 61.946110046000001, "right": 4.986919847, "bottom": 61.446110046000001, "row_index": 25, "col_index": 1, "tile_id": 66 }, "geometry": { "type": "MultiLineString", "coordinates": [ [ [ 4.92739141880457, 61.842121683554225 ], [ 4.92630011569852, 61.841316217947913 ], [ 4.924248449640878, 61.840437281339938 ], [ 4.921681606008346, 61.840145236331495 ], [ 4.92079266570799, 61.839966023699802 ], [ 4.919891706529311, 61.839588509301997 ], [ 4.917985161386524, 61.838624045354265 ], [ 4.917356546595625, 61.838200766475502 ], [ 4.917183029537866, 61.837934903376819 ], [ 4.917100741065369, 61.837269216434144 ] ] ] } },
{ "type": "Feature", "properties": { "fid": 458659, "elvelengde_m": 1232.68, "elvID": "090-2-1", "elvenavn": null, "regulert": null, "fid_2": 66, "id": 66, "left": 4.486919847, "top": 61.946110046000001, "right": 4.986919847, "bottom": 61.446110046000001, "row_index": 25, "col_index": 1, "tile_id": 66 }, "geometry": { "type": "MultiLineString", "coordinates": [ [ [ 4.839606639582119, 61.799088168225111 ], [ 4.843244242116657, 61.799719930646752 ], [ 4.844187634662586, 61.799766420215825 ], [ 4.846523537745515, 61.799630475222258 ], [ 4.848309826369968, 61.799765434268863 ], [ 4.848788316852269, 61.799878781492794 ], [ 4.849267826288878, 61.800098704934783 ], [ 4.84955618774248, 61.800522337607028 ], [ 4.849735690717564, 61.801022245334941 ], [ 4.850453639271559, 61.801754259175929 ], [ 4.851679692219019, 61.802240648978731 ], [ 4.852108736281762, 61.802298669763942 ], [ 4.852486768535619, 61.802454039465793 ], [ 4.852664817768597, 61.802684046321893 ], [ 4.852920067347071, 61.803465001223316 ], [ 4.853428404913817, 61.804343362884275 ], [ 4.853434364266312, 61.805143654742828 ], [ 4.853827010080926, 61.805573969828181 ] ] ] } },
{ "type": "Feature", "properties": { "fid": 458663, "elvelengde_m": 365.23, "elvID": "090-19-1", "elvenavn": null, "regulert": null, "fid_2": 66, "id": 66, "left": 4.486919847, "top": 61.946110046000001, "right": 4.986919847, "bottom": 61.446110046000001, "row_index": 25, "col_index": 1, "tile_id": 66 }, "geometry": { "type": "MultiLineString", "coordinates": [ [ [ 4.82350358022052, 61.786057519031822 ], [ 4.823029612056499, 61.785494650635073 ], [ 4.822287078026695, 61.784393167987766 ], [ 4.821761492380191, 61.783927680058291 ], [ 4.820538831645265, 61.783144875672988 ] ] ] } },
{ "type": "Feature", "properties": { "fid": 458664, "elvelengde_m": 161.9, "elvID": "090-71-4", "elvenavn": null, "regulert": null, "fid_2": 66, "id": 66, "left": 4.486919847, "top": 61.946110046000001, "right": 4.986919847, "bottom": 61.446110046000001, "row_index": 25, "col_index": 1, "tile_id": 66 }, "geometry": { "type": "MultiLineString", "coordinates": [ [ [ 4.910231511222426, 61.862961529959016 ], [ 4.910360467052509, 61.863512100911478 ], [ 4.910959695669374, 61.864359247740495 ] ] ] } },
{ "type": "Feature", "properties": { "fid": 458668, "elvelengde_m": 110.49, "elvID": "090-15-1", "elvenavn": null, "regulert": null, "fid_2": 66, "id": 66, "left": 4.486919847, "top": 61.946110046000001, "right": 4.986919847, "bottom": 61.446110046000001, "row_index": 25, "col_index": 1, "tile_id": 66 }, "geometry": { "type": "MultiLineString", "coordinates": [ [ [ 4.85847470334991, 61.777843733383001 ], [ 4.858608059193339, 61.777586123115924 ], [ 4.859145723306327, 61.77749782283523 ], [ 4.859479582103482, 61.777291166666508 ], [ 4.859841052868356, 61.777207883975301 ] ] ] } },
{ "type": "Feature", "properties": { "fid": 458669, "elvelengde_m": 148.3, "elvID": "090-58-1", "elvenavn": null, "regulert": null, "fid_2": 66, "id": 66, "left": 4.486919847, "top": 61.946110046000001, "right": 4.986919847, "bottom": 61.446110046000001, "row_index": 25, "col_index": 1, "tile_id": 66 }, "geometry": { "type": "MultiLineString", "coordinates": [ [ [ 4.982933303548614, 61.886429336468339 ], [ 4.983793340716915, 61.886779635643947 ], [ 4.983247099507405, 61.887330357818271 ], [ 4.983241444715514, 61.887406727045551 ], [ 4.983398109193372, 61.887476431224869 ] ] ] } },
{ "type": "Feature", "properties": { "fid": 458670, "elvelengde_m": 249.56, "elvID": "090-58-1", "elvenavn": null, "regulert": null, "fid_2": 66, "id": 66, "left": 4.486919847, "top": 61.946110046000001, "right": 4.986919847, "bottom": 61.446110046000001, "row_index": 25, "col_index": 1, "tile_id": 66 }, "geometry": { "type": "MultiLineString", "coordinates": [ [ [ 4.986019520535074, 61.889854307970182 ], [ 4.986527052106736, 61.890115718783385 ], [ 4.986919847, 61.890474823980121 ] ] ] } },
{ "type": "Feature", "properties": { "fid": 462449, "elvelengde_m": 315.13, "elvID": "090-65-2", "elvenavn": null, "regulert": null, "fid_2": 66, "id": 66, "left": 4.486919847, "top": 61.946110046000001, "right": 4.986919847, "bottom": 61.446110046000001, "row_index": 25, "col_index": 1, "tile_id": 66 }, "geometry": { "type": "MultiLineString", "coordinates": [ [ [ 4.95337945771665, 61.895099579250328 ], [ 4.953615401830362, 61.894755775596252 ], [ 4.953718582269946, 61.894264639592656 ], [ 4.953576060171223, 61.893613135696867 ], [ 4.953705278006247, 61.893356268251488 ], [ 4.954133256452695, 61.893144155988885 ], [ 4.955709939942286, 61.893037733585764 ] ] ] } },
{ "type": "Feature", "properties": { "fid": 462452, "elvelengde_m": 62.44, "elvID": "090-86-15", "elvenavn": null, "regulert": null, "fid_2": 66, "id": 66, "left": 4.486919847, "top": 61.946110046000001, "right": 4.986919847, "bottom": 61.446110046000001, "row_index": 25, "col_index": 1, "tile_id": 66 }, "geometry": { "type": "MultiLineString", "coordinates": [ [ [ 4.967436158777043, 61.872581473073978 ], [ 4.968423810449815, 61.872889100015577 ] ] ] } },
{ "type": "Feature", "properties": { "fid": 462453, "elvelengde_m": 265.56, "elvID": "090-71-8", "elvenavn": null, "regulert": null, "fid_2": 66, "id": 66, "left": 4.486919847, "top": 61.946110046000001, "right": 4.986919847, "bottom": 61.446110046000001, "row_index": 25, "col_index": 1, "tile_id": 66 }, "geometry": { "type": "MultiLineString", "coordinates": [ [ [ 4.917735575522973, 61.861926226096955 ], [ 4.913887384366904, 61.86266581426618 ], [ 4.913037674477838, 61.862757439338125 ] ] ] } },
{ "type": "Feature", "properties": { "fid": 462462, "elvelengde_m": 95.89, "elvID": "090-2-1", "elvenavn": null, "regulert": null, "fid_2": 66, "id": 66, "left": 4.486919847, "top": 61.946110046000001, "right": 4.986919847, "bottom": 61.446110046000001, "row_index": 25, "col_index": 1, "tile_id": 66 }, "geometry": { "type": "MultiLineString", "coordinates": [ [ [ 4.836813392455251, 61.797133431165392 ], [ 4.836430879883214, 61.797571418599468 ], [ 4.835756415047042, 61.797784527428838 ] ] ] } },
{ "type": "Feature", "properties": { "fid": 462465, "elvelengde_m": 298.25, "elvID": "090-6-2", "elvenavn": null, "regulert": null, "fid_2": 66, "id": 66, "left": 4.486919847, "top": 61.946110046000001, "right": 4.986919847, "bottom": 61.446110046000001, "row_index": 25, "col_index": 1, "tile_id": 66 }, "geometry": { "type": "MultiLineString", "coordinates": [ [ [ 4.873382909814038, 61.793267576583922 ], [ 4.874810224385402, 61.793103686604965 ], [ 4.875798294660428, 61.793241315539852 ], [ 4.877731401409081, 61.793128654228212 ], [ 4.878834214129227, 61.793260678515068 ] ] ] } },
{ "type": "Feature", "properties": { "fid": 462466, "elvelengde_m": 1388.03, "elvID": "090-23-1", "elvenavn": null, "regulert": null, "fid_2": 66, "id": 66, "left": 4.486919847, "top": 61.946110046000001, "right": 4.986919847, "bottom": 61.446110046000001, "row_index": 25, "col_index": 1, "tile_id": 66 }, "geometry": { "type": "MultiLineString", "coordinates": [ [ [ 4.975409447397549, 61.801747427060782 ], [ 4.97403473268221, 61.801221601044993 ], [ 4.973421665535002, 61.800826081771916 ], [ 4.971796327130871, 61.800328920185173 ], [ 4.971129203376887, 61.800201665741064 ], [ 4.969523378928585, 61.800136267561285 ], [ 4.968859833498257, 61.799981920934748 ], [ 4.967953888879442, 61.799937352593915 ], [ 4.967349404999956, 61.799622927553763 ], [ 4.9667816542565, 61.799462418847746 ], [ 4.965641753411933, 61.799464855630994 ], [ 4.965013688018007, 61.799329495501063 ], [ 4.964063734836032, 61.798753232810576 ], [ 4.962731947080433, 61.79819268659832 ], [ 4.961934762586226, 61.797755623673481 ], [ 4.960474176398647, 61.797308048784643 ], [ 4.959712427351694, 61.79689015653431 ], [ 4.958051611634782, 61.795654685987657 ], [ 4.956526269127673, 61.795124317114677 ], [ 4.955719810597493, 61.794758779494586 ], [ 4.955201121024421, 61.794676720895239 ] ] ] } },
{ "type": "Feature", "properties": { "fid": 462467, "elvelengde_m": 397.43, "elvID": "090-7-4", "elvenavn": null, "regulert": null, "fid_2": 66, "id": 66, "left": 4.486919847, "top": 61.946110046000001, "right": 4.986919847, "bottom": 61.446110046000001, "row_index": 25, "col_index": 1, "tile_id": 66 }, "geometry": { "type": "MultiLineString", "coordinates": [ [ [ 4.877738268675712, 61.788265378961022 ], [ 4.879439248969244, 61.78889185038927 ], [ 4.879923762525896, 61.788960350422833 ], [ 4.880999614633717, 61.788866770223606 ], [ 4.882523177170098, 61.788265432926323 ], [ 4.884176391057751, 61.787973295204417 ] ] ] } },
{ "type": "Feature", "properties": { "fid": 462468, "elvelengde_m": 474.03, "elvID": "090-13-1", "elvenavn": null, "regulert": null, "fid_2": 66, "id": 66, "left": 4.486919847, "top": 61.946110046000001, "right": 4.986919847, "bottom": 61.446110046000001, "row_index": 25, "col_index": 1, "tile_id": 66 }, "geometry": { "type": "MultiLineString", "coordinates": [ [ [ 4.864574365854311, 61.762904177236123 ], [ 4.865527996387329, 61.763148759377422 ], [ 4.866223890599599, 61.76347534997484 ], [ 4.866381416955745, 61.763857671497234 ], [ 4.866664084259499, 61.764153879864914 ], [ 4.867836088213502, 61.764467893962284 ], [ 4.870581685962805, 61.764649590397468 ], [ 4.8718391856869, 61.764619481869666 ] ] ] } },
{ "type": "Feature", "properties": { "fid": 462469, "elvelengde_m": 10.59, "elvID": "090-86-15", "elvenavn": null, "regulert": null, "fid_2": 66, "id": 66, "left": 4.486919847, "top": 61.946110046000001, "right": 4.986919847, "bottom": 61.446110046000001, "row_index": 25, "col_index": 1, "tile_id": 66 }, "geometry": { "type": "MultiLineString", "coordinates": [ [ [ 4.961978695960878, 61.872715897287044 ], [ 4.962018024022773, 61.872808825018033 ] ] ] } },
{ "type": "Feature", "properties": { "fid": 462471, "elvelengde_m": 229.28, "elvID": "090-71-2", "elvenavn": null, "regulert": null, "fid_2": 66, "id": 66, "left": 4.486919847, "top": 61.946110046000001, "right": 4.986919847, "bottom": 61.446110046000001, "row_index": 25, "col_index": 1, "tile_id": 66 }, "geometry": { "type": "MultiLineString", "coordinates": [ [ [ 4.915021963727592, 61.864578333500233 ], [ 4.914842083391194, 61.864414344412985 ], [ 4.91469666210216, 61.864425541098271 ], [ 4.911378915045611, 61.865302506868034 ] ] ] } },
{ "type": "Feature", "properties": { "fid": 463525, "elvelengde_m": 354.15, "elvID": "090-65-1", "elvenavn": null, "regulert": null, "fid_2": 66, "id": 66, "left": 4.486919847, "top": 61.946110046000001, "right": 4.986919847, "bottom": 61.446110046000001, "row_index": 25, "col_index": 1, "tile_id": 66 }, "geometry": { "type": "MultiLineString", "coordinates": [ [ [ 4.955954063023168, 61.892631418959013 ], [ 4.952383754603298, 61.892256627246645 ], [ 4.951759683944263, 61.892076411202368 ], [ 4.95056420379523, 61.892185005465976 ], [ 4.950189440488138, 61.892137986109397 ], [ 4.949663908740385, 61.891933788224733 ] ] ] } },
{ "type": "Feature", "properties": { "fid": 463527, "elvelengde_m": 131.31, "elvID": "090-86-12", "elvenavn": null, "regulert": null, "fid_2": 66, "id": 66, "left": 4.486919847, "top": 61.946110046000001, "right": 4.986919847, "bottom": 61.446110046000001, "row_index": 25, "col_index": 1, "tile_id": 66 }, "geometry": { "type": "MultiLineString", "coordinates": [ [ [ 4.968714801319806, 61.872124503641984 ], [ 4.969238713428061, 61.871906303433008 ], [ 4.969285739395428, 61.871548036386621 ], [ 4.969139449570144, 61.871067328879796 ] ] ] } },
{ "type": "Feature", "properties": { "fid": 463528, "elvelengde_m": 239.15, "elvID": "090-86-24", "elvenavn": null, "regulert": null, "fid_2": 66, "id": 66, "left": 4.486919847, "top": 61.946110046000001, "right": 4.986919847, "bottom": 61.446110046000001, "row_index": 25, "col_index": 1, "tile_id": 66 }, "geometry": { "type": "MultiLineString", "coordinates": [ [ [ 4.967455028838143, 61.865642418164825 ], [ 4.969539250934368, 61.865281115968493 ], [ 4.971828731675203, 61.865240400374773 ] ] ] } },
{ "type": "Feature", "properties": { "fid": 463534, "elvelengde_m": 297.16, "elvID": "090-1-1", "elvenavn": null, "regulert": null, "fid_2": 66, "id": 66, "left": 4.486919847, "top": 61.946110046000001, "right": 4.986919847, "bottom": 61.446110046000001, "row_index": 25, "col_index": 1, "tile_id": 66 }, "geometry": { "type": "MultiLineString", "coordinates": [ [ [ 4.845133061891604, 61.806960159691556 ], [ 4.845471697728012, 61.807545771627524 ], [ 4.845790086572464, 61.807861076830953 ], [ 4.846224876055176, 61.808017984489972 ], [ 4.846702900229047, 61.807996539416472 ], [ 4.84850793499047, 61.807574637814199 ], [ 4.849058525692693, 61.807585228912387 ] ] ] } },
{ "type": "Feature", "properties": { "fid": 463535, "elvelengde_m": 292.33, "elvID": "090-91-5", "elvenavn": null, "regulert": null, "fid_2": 66, "id": 66, "left": 4.486919847, "top": 61.946110046000001, "right": 4.986919847, "bottom": 61.446110046000001, "row_index": 25, "col_index": 1, "tile_id": 66 }, "geometry": { "type": "MultiLineString", "coordinates": [ [ [ 4.979578675471421, 61.815461099186031 ], [ 4.979284938438878, 61.816252623273272 ], [ 4.978161805650007, 61.816992819708048 ], [ 4.977493542322415, 61.817161970720356 ], [ 4.977177964118656, 61.817683062513836 ] ] ] } },
{ "type": "Feature", "properties": { "fid": 463536, "elvelengde_m": 150.77, "elvID": "090-92-1", "elvenavn": null, "regulert": null, "fid_2": 66, "id": 66, "left": 4.486919847, "top": 61.946110046000001, "right": 4.986919847, "bottom": 61.446110046000001, "row_index": 25, "col_index": 1, "tile_id": 66 }, "geometry": { "type": "MultiLineString", "coordinates": [ [ [ 4.981982345010494, 61.810201660064919 ], [ 4.981742658661459, 61.810171391481461 ], [ 4.979730465805817, 61.810562182814614 ], [ 4.979333925624145, 61.810510123631843 ] ] ] } },
{ "type": "Feature", "properties": { "fid": 463537, "elvelengde_m": 204.66, "elvID": "090-92-3", "elvenavn": null, "regulert": null, "fid_2": 66, "id": 66, "left": 4.486919847, "top": 61.946110046000001, "right": 4.986919847, "bottom": 61.446110046000001, "row_index": 25, "col_index": 1, "tile_id": 66 }, "geometry": { "type": "MultiLineString", "coordinates": [ [ [ 4.9780002749893, 61.810102375154649 ], [ 4.976769369504622, 61.810506750186107 ], [ 4.976299941891964, 61.81075365055046 ], [ 4.976055313035652, 61.811025177108007 ], [ 4.976066549702744, 61.811519918077728 ] ] ] } },
{ "type": "Feature", "properties": { "fid": 463540, "elvelengde_m": 42.81, "elvID": "090-71-1", "elvenavn": null, "regulert": null, "fid_2": 66, "id": 66, "left": 4.486919847, "top": 61.946110046000001, "right": 4.986919847, "bottom": 61.446110046000001, "row_index": 25, "col_index": 1, "tile_id": 66 }, "geometry": { "type": "MultiLineString", "coordinates": [ [ [ 4.935119710884442, 61.864311746327353 ], [ 4.934447834279753, 61.864498689278903 ] ] ] } },
{ "type": "Feature", "properties": { "fid": 463544, "elvelengde_m": 90.58, "elvID": "090-93-1", "elvenavn": null, "regulert": null, "fid_2": 66, "id": 66, "left": 4.486919847, "top": 61.946110046000001, "right": 4.986919847, "bottom": 61.446110046000001, "row_index": 25, "col_index": 1, "tile_id": 66 }, "geometry": { "type": "MultiLineString", "coordinates": [ [ [ 4.952340259894844, 61.805419353320325 ], [ 4.95255752208187, 61.805365065196121 ], [ 4.95301455978182, 61.805474160386261 ], [ 4.952807496506813, 61.805909508712638 ] ] ] } },
{ "type": "Feature", "properties": { "fid": 463545, "elvelengde_m": 103.61, "elvID": "090-74-1", "elvenavn": null, "regulert": null, "fid_2": 66, "id": 66, "left": 4.486919847, "top": 61.946110046000001, "right": 4.986919847, "bottom": 61.446110046000001, "row_index": 25, "col_index": 1, "tile_id": 66 }, "geometry": { "type": "MultiLineString", "coordinates": [ [ [ 4.856458172674277, 61.864459150535566 ], [ 4.856074710161514, 61.864563380622215 ], [ 4.854628823828923, 61.86439591492735 ] ] ] } },
{ "type": "Feature", "properties": { "fid": 463549, "elvelengde_m": 160.85, "elvID": "090-71-1", "elvenavn": null, "regulert": null, "fid_2": 66, "id": 66, "left": 4.486919847, "top": 61.946110046000001, "right": 4.986919847, "bottom": 61.446110046000001, "row_index": 25, "col_index": 1, "tile_id": 66 }, "geometry": { "type": "MultiLineString", "coordinates": [ [ [ 4.914159084588508, 61.866388870865002 ], [ 4.911866305484902, 61.865964246646215 ], [ 4.911290117715304, 61.86592840222054 ] ] ] } },
{ "type": "Feature", "properties": { "fid": 468677, "elvelengde_m": 52.18, "elvID": "090-59-1", "elvenavn": null, "regulert": null, "fid_2": 66, "id": 66, "left": 4.486919847, "top": 61.946110046000001, "right": 4.986919847, "bottom": 61.446110046000001, "row_index": 25, "col_index": 1, "tile_id": 66 }, "geometry": { "type": "MultiLineString", "coordinates": [ [ [ 4.983140340373092, 61.89422864238437 ], [ 4.982903397141105, 61.894293529463283 ], [ 4.98294618962211, 61.894402793048833 ], [ 4.983328327939629, 61.894539809132667 ] ] ] } },
{ "type": "Feature", "properties": { "fid": 468678, "elvelengde_m": 360.27, "elvID": "090-65-5", "elvenavn": null, "regulert": null, "fid_2": 66, "id": 66, "left": 4.486919847, "top": 61.946110046000001, "right": 4.986919847, "bottom": 61.446110046000001, "row_index": 25, "col_index": 1, "tile_id": 66 }, "geometry": { "type": "MultiLineString", "coordinates": [ [ [ 4.939309493913719, 61.892868791331416 ], [ 4.939302182167959, 61.892491015363241 ], [ 4.938835203225421, 61.891272666266588 ], [ 4.9387831207591, 61.890803658746712 ], [ 4.939537715878969, 61.890142760325404 ], [ 4.93954967361169, 61.889909387791647 ], [ 4.939454765150782, 61.889762749720738 ] ] ] } },
{ "type": "Feature", "properties": { "fid": 468679, "elvelengde_m": 460.35, "elvID": "090-58-2", "elvenavn": null, "regulert": null, "fid_2": 66, "id": 66, "left": 4.486919847, "top": 61.946110046000001, "right": 4.986919847, "bottom": 61.446110046000001, "row_index": 25, "col_index": 1, "tile_id": 66 }, "geometry": { "type": "MultiLineString", "coordinates": [ [ [ 4.964647577648634, 61.881461752988933 ], [ 4.965283331819696, 61.881839988201797 ], [ 4.966568635187827, 61.883648618406887 ], [ 4.966996939533423, 61.884011563162929 ], [ 4.968510482045001, 61.884811174957775 ], [ 4.968711092348739, 61.885023791222089 ] ] ] } },
{ "type": "Feature", "properties": { "fid": 468680, "elvelengde_m": 678.8, "elvID": "090-73-2", "elvenavn": null, "regulert": null, "fid_2": 66, "id": 66, "left": 4.486919847, "top": 61.946110046000001, "right": 4.986919847, "bottom": 61.446110046000001, "row_index": 25, "col_index": 1, "tile_id": 66 }, "geometry": { "type": "MultiLineString", "coordinates": [ [ [ 4.870296777540155, 61.867205310109107 ], [ 4.870343367776925, 61.867566313042801 ], [ 4.870592777158838, 61.867834456258194 ], [ 4.870674801144027, 61.868214577266876 ], [ 4.871779412673593, 61.869200644212789 ], [ 4.872014242355418, 61.869576372492169 ], [ 4.872147184058438, 61.870002842832129 ], [ 4.872160109551769, 61.870465394833346 ], [ 4.872015052673911, 61.87070011670837 ], [ 4.872018645798877, 61.871239495205998 ], [ 4.871767107489815, 61.871690436139801 ], [ 4.871116658989848, 61.872138329039757 ], [ 4.8705878041896, 61.872248233518057 ], [ 4.8703478131678, 61.872474805897639 ], [ 4.8702865910547, 61.872787579260397 ] ] ] } },
{ "type": "Feature", "properties": { "fid": 468682, "elvelengde_m": 1356.01, "elvID": "090-72-1", "elvenavn": null, "regulert": null, "fid_2": 66, "id": 66, "left": 4.486919847, "top": 61.946110046000001, "right": 4.986919847, "bottom": 61.446110046000001, "row_index": 25, "col_index": 1, "tile_id": 66 }, "geometry": { "type": "MultiLineString", "coordinates": [ [ [ 4.890375473644115, 61.859015726503934 ], [ 4.883926812783782, 61.861825218390848 ], [ 4.882319218250866, 61.862316301505025 ], [ 4.881035669300409, 61.862943024144244 ], [ 4.880363534031305, 61.862985796767497 ], [ 4.879890568294343, 61.863106401577006 ], [ 4.879515868479967, 61.86334696647252 ], [ 4.879422716558692, 61.863613804114415 ], [ 4.879610868299488, 61.864338595432706 ], [ 4.879517238539321, 61.865315659149388 ], [ 4.879760781364338, 61.86562862583181 ], [ 4.879942121263092, 61.866263436542475 ], [ 4.880318208845145, 61.866580367315279 ], [ 4.880937361145298, 61.866931572206944 ], [ 4.881516248868185, 61.867155623917355 ], [ 4.881605987438539, 61.867338069288643 ], [ 4.881512794847358, 61.867748895201558 ], [ 4.881693520475518, 61.867961013827063 ], [ 4.882268995526069, 61.868212065863446 ] ] ] } },
{ "type": "Feature", "properties": { "fid": 468683, "elvelengde_m": 354.93, "elvID": "090-80-1", "elvenavn": null, "regulert": null, "fid_2": 66, "id": 66, "left": 4.486919847, "top": 61.946110046000001, "right": 4.986919847, "bottom": 61.446110046000001, "row_index": 25, "col_index": 1, "tile_id": 66 }, "geometry": { "type": "MultiLineString", "coordinates": [ [ [ 4.904619635201218, 61.850694404024708 ], [ 4.903671879685432, 61.850666120689681 ], [ 4.902426795761132, 61.850871592656674 ], [ 4.900723853101112, 61.851369264348826 ], [ 4.898298271344564, 61.851296752127944 ] ] ] } },
{ "type": "Feature", "properties": { "fid": 468684, "elvelengde_m": 685.26, "elvID": "090-80-1", "elvenavn": null, "regulert": null, "fid_2": 66, "id": 66, "left": 4.486919847, "top": 61.946110046000001, "right": 4.986919847, "bottom": 61.446110046000001, "row_index": 25, "col_index": 1, "tile_id": 66 }, "geometry": { "type": "MultiLineString", "coordinates": [ [ [ 4.898298271344564, 61.851296752127944 ], [ 4.898069668078413, 61.851298892605598 ], [ 4.897411270326952, 61.851099518859868 ], [ 4.896256579457043, 61.851056004915286 ], [ 4.895023762335776, 61.850884337991751 ], [ 4.894643826764229, 61.850738133404825 ], [ 4.894229829120627, 61.850420056538063 ], [ 4.893897726311026, 61.84991571555426 ], [ 4.8936026664317, 61.849277563675187 ], [ 4.89346078127461, 61.848491223640799 ], [ 4.892373736190893, 61.847092341516536 ], [ 4.892331403764056, 61.846839349669722 ], [ 4.892186180416014, 61.846677332771165 ] ] ] } },
{ "type": "Feature", "properties": { "fid": 468693, "elvelengde_m": 455.93, "elvID": "090-21-1", "elvenavn": null, "regulert": null, "fid_2": 66, "id": 66, "left": 4.486919847, "top": 61.946110046000001, "right": 4.986919847, "bottom": 61.446110046000001, "row_index": 25, "col_index": 1, "tile_id": 66 }, "geometry": { "type": "MultiLineString", "coordinates": [ [ [ 4.922346211043246, 61.806823256206584 ], [ 4.922148752726674, 61.806592474802322 ], [ 4.922104192822175, 61.806213745510561 ], [ 4.921865419488415, 61.805864991279158 ], [ 4.921716273479236, 61.804557057032945 ], [ 4.921056576578398, 61.804087905626176 ], [ 4.921099395809682, 61.803909433274733 ], [ 4.921386727587596, 61.803747275432073 ], [ 4.92133957493654, 61.803530168932006 ], [ 4.920912983995032, 61.803166764321588 ], [ 4.92101246579317, 61.802989957187378 ] ] ] } },
{ "type": "Feature", "properties": { "fid": 468694, "elvelengde_m": 573.26, "elvID": "090-21-1", "elvenavn": null, "regulert": null, "fid_2": 66, "id": 66, "left": 4.486919847, "top": 61.946110046000001, "right": 4.986919847, "bottom": 61.446110046000001, "row_index": 25, "col_index": 1, "tile_id": 66 }, "geometry": { "type": "MultiLineString", "coordinates": [ [ [ 4.92101246579317, 61.802989957187378 ], [ 4.921868926967575, 61.802691783348408 ], [ 4.921960212794425, 61.802289981924332 ], [ 4.92191305734265, 61.802072875609383 ], [ 4.921760562497933, 61.801933531746165 ], [ 4.92129609424191, 61.801712926613867 ], [ 4.92095802884665, 61.80139719401852 ], [ 4.920587319912745, 61.800613061499156 ], [ 4.919682842695505, 61.800271538398647 ], [ 4.918020591121942, 61.79991646367646 ], [ 4.917540576614614, 61.799668429705271 ], [ 4.917361046219716, 61.7994472978191 ], [ 4.916766975403502, 61.799175679053327 ] ] ] } },
{ "type": "Feature", "properties": { "fid": 468695, "elvelengde_m": 370.45, "elvID": "090-2-1", "elvenavn": null, "regulert": null, "fid_2": 66, "id": 66, "left": 4.486919847, "top": 61.946110046000001, "right": 4.986919847, "bottom": 61.446110046000001, "row_index": 25, "col_index": 1, "tile_id": 66 }, "geometry": { "type": "MultiLineString", "coordinates": [ [ [ 4.835197139853816, 61.793083854640102 ], [ 4.837180822912623, 61.793440778044562 ], [ 4.837512328097208, 61.793657654712277 ], [ 4.839222837696664, 61.794069105289815 ], [ 4.839603827390954, 61.794341296932274 ], [ 4.841028260369521, 61.794762217660505 ] ] ] } },
{ "type": "Feature", "properties": { "fid": 468698, "elvelengde_m": 1023.81, "elvID": "090-20-1", "elvenavn": null, "regulert": null, "fid_2": 66, "id": 66, "left": 4.486919847, "top": 61.946110046000001, "right": 4.986919847, "bottom": 61.446110046000001, "row_index": 25, "col_index": 1, "tile_id": 66 }, "geometry": { "type": "MultiLineString", "coordinates": [ [ [ 4.819272142889285, 61.792877978041304 ], [ 4.818341852824883, 61.79287647929614 ], [ 4.816683938593527, 61.792358375873405 ], [ 4.815496777199092, 61.792151310195457 ], [ 4.815213499582706, 61.791998937282415 ], [ 4.814936082315916, 61.79138800332278 ], [ 4.814357660674931, 61.791172569966442 ], [ 4.813077085036388, 61.791232356976536 ], [ 4.810660545054911, 61.790987693140806 ], [ 4.810378795390134, 61.790826275396689 ], [ 4.810385102974037, 61.790224193626209 ], [ 4.810098944994795, 61.789954757884765 ], [ 4.80999705984105, 61.789726944605349 ], [ 4.810238746444543, 61.789347652114749 ], [ 4.810234470927431, 61.788682284369315 ], [ 4.810482594325733, 61.788114457790719 ], [ 4.810660941927619, 61.787922150051138 ], [ 4.810670037185306, 61.78743693073082 ], [ 4.810567094381805, 61.787218004830528 ], [ 4.810180197267254, 61.786974161790063 ] ] ] } },
{ "type": "Feature", "properties": { "fid": 468700, "elvelengde_m": 987.62, "elvID": "090-27-1", "elvenavn": null, "regulert": null, "fid_2": 66, "id": 66, "left": 4.486919847, "top": 61.946110046000001, "right": 4.986919847, "bottom": 61.446110046000001, "row_index": 25, "col_index": 1, "tile_id": 66 }, "geometry": { "type": "MultiLineString", "coordinates": [ [ [ 4.986919847, 61.78613477304593 ], [ 4.983545121916329, 61.786012304876664 ], [ 4.979945997806419, 61.786095614770637 ], [ 4.979246243434888, 61.785931212509574 ], [ 4.978524948183882, 61.785640451082074 ], [ 4.977582123084897, 61.785010476696762 ] ] ] } },
{ "type": "Feature", "properties": { "fid": 468702, "elvelengde_m": 15.96, "elvID": "090-60-1", "elvenavn": null, "regulert": null, "fid_2": 66, "id": 66, "left": 4.486919847, "top": 61.946110046000001, "right": 4.986919847, "bottom": 61.446110046000001, "row_index": 25, "col_index": 1, "tile_id": 66 }, "geometry": { "type": "MultiLineString", "coordinates": [ [ [ 4.953388930023733, 61.900669397381812 ], [ 4.95368661585491, 61.90069533587041 ] ] ] } },
{ "type": "Feature", "properties": { "fid": 468707, "elvelengde_m": 573.91, "elvID": "090-58-2", "elvenavn": null, "regulert": null, "fid_2": 66, "id": 66, "left": 4.486919847, "top": 61.946110046000001, "right": 4.986919847, "bottom": 61.446110046000001, "row_index": 25, "col_index": 1, "tile_id": 66 }, "geometry": { "type": "MultiLineString", "coordinates": [ [ [ 4.972754104626524, 61.887012187145395 ], [ 4.974521640696409, 61.887264897450649 ], [ 4.975465465523548, 61.887295375251668 ], [ 4.977100680902202, 61.886873277233754 ], [ 4.97794777411687, 61.887078141845542 ], [ 4.981311722494231, 61.886499939293621 ], [ 4.982933303548614, 61.886429336468339 ] ] ] } },
{ "type": "Feature", "properties": { "fid": 468708, "elvelengde_m": 182.85, "elvID": "090-71-1", "elvenavn": null, "regulert": null, "fid_2": 66, "id": 66, "left": 4.486919847, "top": 61.946110046000001, "right": 4.986919847, "bottom": 61.446110046000001, "row_index": 25, "col_index": 1, "tile_id": 66 }, "geometry": { "type": "MultiLineString", "coordinates": [ [ [ 4.937739704721457, 61.864339116990486 ], [ 4.937672910795541, 61.864554295861545 ], [ 4.937460098075868, 61.864692667762313 ], [ 4.936757754153587, 61.864558061908021 ], [ 4.935953224839531, 61.864201635827769 ], [ 4.935210033284942, 61.864206411361046 ] ] ] } },
{ "type": "Feature", "properties": { "fid": 468709, "elvelengde_m": 144.75, "elvID": "090-92-3", "elvenavn": null, "regulert": null, "fid_2": 66, "id": 66, "left": 4.486919847, "top": 61.946110046000001, "right": 4.986919847, "bottom": 61.446110046000001, "row_index": 25, "col_index": 1, "tile_id": 66 }, "geometry": { "type": "MultiLineString", "coordinates": [ [ [ 4.980199023882343, 61.809372631475831 ], [ 4.9794024433953, 61.809537793138517 ], [ 4.9780002749893, 61.810102375154649 ] ] ] } },
{ "type": "Feature", "properties": { "fid": 470279, "elvelengde_m": 439.21, "elvID": "090-27-1", "elvenavn": null, "regulert": null, "fid_2": 66, "id": 66, "left": 4.486919847, "top": 61.946110046000001, "right": 4.986919847, "bottom": 61.446110046000001, "row_index": 25, "col_index": 1, "tile_id": 66 }, "geometry": { "type": "MultiLineString", "coordinates": [ [ [ 4.977582123084897, 61.785010476696762 ], [ 4.97733933261109, 61.784883265462319 ], [ 4.977034272489773, 61.784555886846434 ], [ 4.976289104455579, 61.784522562256676 ], [ 4.975443513718849, 61.784332256012021 ], [ 4.974138224053946, 61.784378151585983 ], [ 4.971764179566281, 61.784661171871925 ], [ 4.970478738788538, 61.784558471124505 ], [ 4.970177679544209, 61.784433309767614 ] ] ] } },
{ "type": "Feature", "properties": { "fid": 474926, "elvelengde_m": 49.6, "elvID": "090-65-2", "elvenavn": null, "regulert": null, "fid_2": 66, "id": 66, "left": 4.486919847, "top": 61.946110046000001, "right": 4.986919847, "bottom": 61.446110046000001, "row_index": 25, "col_index": 1, "tile_id": 66 }, "geometry": { "type": "MultiLineString", "coordinates": [ [ [ 4.955709939942286, 61.893037733585764 ], [ 4.955892445883354, 61.892953123114111 ], [ 4.955954063023168, 61.892631418959013 ] ] ] } },
{ "type": "Feature", "properties": { "fid": 474927, "elvelengde_m": 304.82, "elvID": "090-58-1", "elvenavn": null, "regulert": null, "fid_2": 66, "id": 66, "left": 4.486919847, "top": 61.946110046000001, "right": 4.986919847, "bottom": 61.446110046000001, "row_index": 25, "col_index": 1, "tile_id": 66 }, "geometry": { "type": "MultiLineString", "coordinates": [ [ [ 4.983398109193372, 61.887476431224869 ], [ 4.983400773852068, 61.887746175774829 ], [ 4.984073767482162, 61.888278250466904 ], [ 4.984977614666378, 61.889230571776558 ], [ 4.986019520535074, 61.889854307970182 ] ] ] } },
{ "type": "Feature", "properties": { "fid": 474928, "elvelengde_m": 652.22, "elvID": "090-66-1", "elvenavn": null, "regulert": null, "fid_2": 66, "id": 66, "left": 4.486919847, "top": 61.946110046000001, "right": 4.986919847, "bottom": 61.446110046000001, "row_index": 25, "col_index": 1, "tile_id": 66 }, "geometry": { "type": "MultiLineString", "coordinates": [ [ [ 4.94916134412006, 61.880907187057623 ], [ 4.948217521187148, 61.880843427919196 ], [ 4.947033200191399, 61.881015180034495 ], [ 4.94556285340633, 61.881043839774406 ], [ 4.944692595154927, 61.881000064548289 ], [ 4.943369481782261, 61.880781229643659 ], [ 4.94223361431347, 61.880729689889087 ], [ 4.938151513500959, 61.880779909059463 ], [ 4.937045219609504, 61.8809359706393 ] ] ] } },
{ "type": "Feature", "properties": { "fid": 474929, "elvelengde_m": 221.56, "elvID": "090-71-1", "elvenavn": null, "regulert": null, "fid_2": 66, "id": 66, "left": 4.486919847, "top": 61.946110046000001, "right": 4.986919847, "bottom": 61.446110046000001, "row_index": 25, "col_index": 1, "tile_id": 66 }, "geometry": { "type": "MultiLineString", "coordinates": [ [ [ 4.895461614176985, 61.867788830335527 ], [ 4.893000936656136, 61.867966978152054 ], [ 4.891334750613725, 61.867899161796757 ] ] ] } },
{ "type": "Feature", "properties": { "fid": 474930, "elvelengde_m": 500.34, "elvID": "090-86-17", "elvenavn": null, "regulert": null, "fid_2": 66, "id": 66, "left": 4.486919847, "top": 61.946110046000001, "right": 4.986919847, "bottom": 61.446110046000001, "row_index": 25, "col_index": 1, "tile_id": 66 }, "geometry": { "type": "MultiLineString", "coordinates": [ [ [ 4.951581738364463, 61.862892182036674 ], [ 4.952595972953848, 61.862994102098668 ], [ 4.955288334200286, 61.863504776353814 ], [ 4.958056536941978, 61.863586267713799 ], [ 4.958722593632048, 61.863875609521727 ], [ 4.959894638823322, 61.864080833764987 ], [ 4.960481278716267, 61.864107065613645 ] ] ] } },
{ "type": "Feature", "properties": { "fid": 474932, "elvelengde_m": 435.77, "elvID": "090-86-12", "elvenavn": null, "regulert": null, "fid_2": 66, "id": 66, "left": 4.486919847, "top": 61.946110046000001, "right": 4.986919847, "bottom": 61.446110046000001, "row_index": 25, "col_index": 1, "tile_id": 66 }, "geometry": { "type": "MultiLineString", "coordinates": [ [ [ 4.975844858891343, 61.859155699520663 ], [ 4.976452644619008, 61.859020534155682 ], [ 4.978396762864953, 61.85899668207194 ], [ 4.98020576143501, 61.858699014177951 ], [ 4.981530052303684, 61.858612027764728 ], [ 4.983477233113556, 61.857985764699443 ] ] ] } },
{ "type": "Feature", "properties": { "fid": 474936, "elvelengde_m": 511.53, "elvID": "090-84-1", "elvenavn": null, "regulert": null, "fid_2": 66, "id": 66, "left": 4.486919847, "top": 61.946110046000001, "right": 4.986919847, "bottom": 61.446110046000001, "row_index": 25, "col_index": 1, "tile_id": 66 }, "geometry": { "type": "MultiLineString", "coordinates": [ [ [ 4.952061275212736, 61.84471210640065 ], [ 4.952351359083653, 61.844531872308821 ], [ 4.952718413201568, 61.844057335444518 ], [ 4.953769925399435, 61.843584881348377 ], [ 4.955608902341578, 61.843486279005091 ], [ 4.957335091504299, 61.842512342848913 ], [ 4.957474780276874, 61.842174769433939 ], [ 4.957783613736487, 61.841940495741682 ], [ 4.957993666747993, 61.841565446933082 ] ] ] } },
{ "type": "Feature", "properties": { "fid": 474937, "elvelengde_m": 169.07, "elvID": "090-85-1", "elvenavn": null, "regulert": null, "fid_2": 66, "id": 66, "left": 4.486919847, "top": 61.946110046000001, "right": 4.986919847, "bottom": 61.446110046000001, "row_index": 25, "col_index": 1, "tile_id": 66 }, "geometry": { "type": "MultiLineString", "coordinates": [ [ [ 4.969522169535043, 61.841828081819081 ], [ 4.969751772626538, 61.841672787189026 ], [ 4.969977604139927, 61.841347171017688 ], [ 4.969996430823667, 61.84093648872274 ], [ 4.9693305791201, 61.840758025422083 ], [ 4.969225162669383, 61.840559024660941 ] ] ] } },
{ "type": "Feature", "properties": { "fid": 474944, "elvelengde_m": 297.93, "elvID": "090-91-1", "elvenavn": null, "regulert": null, "fid_2": 66, "id": 66, "left": 4.486919847, "top": 61.946110046000001, "right": 4.986919847, "bottom": 61.446110046000001, "row_index": 25, "col_index": 1, "tile_id": 66 }, "geometry": { "type": "MultiLineString", "coordinates": [ [ [ 4.972866127014801, 61.819839834808072 ], [ 4.971714724561755, 61.819779039870781 ], [ 4.970209244028926, 61.819375313278115 ], [ 4.967642362320882, 61.818949245234023 ] ] ] } },
{ "type": "Feature", "properties": { "fid": 474945, "elvelengde_m": 163.4, "elvID": "090-91-1", "elvenavn": null, "regulert": null, "fid_2": 66, "id": 66, "left": 4.486919847, "top": 61.946110046000001, "right": 4.986919847, "bottom": 61.446110046000001, "row_index": 25, "col_index": 1, "tile_id": 66 }, "geometry": { "type": "MultiLineString", "coordinates": [ [ [ 4.965842611160857, 61.819049193047498 ], [ 4.964298423764951, 61.81898543411527 ], [ 4.963759795279049, 61.818775649048085 ], [ 4.96332242609215, 61.818453903914886 ] ] ] } },
{ "type": "Feature", "properties": { "fid": 474949, "elvelengde_m": 327.92, "elvID": "090-2-1", "elvenavn": null, "regulert": null, "fid_2": 66, "id": 66, "left": 4.486919847, "top": 61.946110046000001, "right": 4.986919847, "bottom": 61.446110046000001, "row_index": 25, "col_index": 1, "tile_id": 66 }, "geometry": { "type": "MultiLineString", "coordinates": [ [ [ 4.830144543981156, 61.79531124945246 ], [ 4.829885658403467, 61.795032858789909 ], [ 4.829564440026513, 61.794845440447304 ], [ 4.829506242264909, 61.794574006350466 ], [ 4.829034466668076, 61.794271983587009 ], [ 4.828381588649207, 61.794045340322839 ], [ 4.828177641284589, 61.793868324875113 ], [ 4.828419501932952, 61.793345294537815 ], [ 4.82942123133409, 61.792962182475527 ] ] ] } },
{ "type": "Feature", "properties": { "fid": 474950, "elvelengde_m": 331.25, "elvID": "090-22-1", "elvenavn": null, "regulert": null, "fid_2": 66, "id": 66, "left": 4.486919847, "top": 61.946110046000001, "right": 4.986919847, "bottom": 61.446110046000001, "row_index": 25, "col_index": 1, "tile_id": 66 }, "geometry": { "type": "MultiLineString", "coordinates": [ [ [ 4.936645215029269, 61.800127898895006 ], [ 4.937069834673565, 61.7999337710134 ], [ 4.937342974480988, 61.799591248727488 ], [ 4.93753710733125, 61.798985810324027 ], [ 4.93862276235032, 61.797957120410175 ], [ 4.939055116713059, 61.797441208138821 ] ] ] } },
{ "type": "Feature", "properties": { "fid": 474951, "elvelengde_m": 865.56, "elvID": "090-7-1", "elvenavn": null, "regulert": null, "fid_2": 66, "id": 66, "left": 4.486919847, "top": 61.946110046000001, "right": 4.986919847, "bottom": 61.446110046000001, "row_index": 25, "col_index": 1, "tile_id": 66 }, "geometry": { "type": "MultiLineString", "coordinates": [ [ [ 4.861246677197552, 61.78763369821165 ], [ 4.861825498886279, 61.787282490313231 ], [ 4.862304460091861, 61.786829557557255 ], [ 4.863428475027067, 61.786378013314582 ], [ 4.863669418256764, 61.785998788704383 ], [ 4.864943816420809, 61.785416997449559 ], [ 4.86508505840063, 61.785214353533412 ], [ 4.864910624823442, 61.784534821905787 ], [ 4.865184164908259, 61.784336340404991 ], [ 4.866046257507383, 61.784137650232566 ], [ 4.866613554411976, 61.784154781227599 ], [ 4.867031506892897, 61.784293171428274 ], [ 4.86768991064873, 61.784340003117471 ], [ 4.870112992261598, 61.784251154211269 ], [ 4.872192774109267, 61.783891262007764 ], [ 4.87242840841053, 61.783691573604465 ] ] ] } },
{ "type": "Feature", "properties": { "fid": 474953, "elvelengde_m": 729.77, "elvID": "090-15-1", "elvenavn": null, "regulert": null, "fid_2": 66, "id": 66, "left": 4.486919847, "top": 61.946110046000001, "right": 4.986919847, "bottom": 61.446110046000001, "row_index": 25, "col_index": 1, "tile_id": 66 }, "geometry": { "type": "MultiLineString", "coordinates": [ [ [ 4.853739976173583, 61.775719975536973 ], [ 4.851274544999197, 61.775141877146126 ], [ 4.849559886445388, 61.775188829776084 ], [ 4.848753160941496, 61.775119494641366 ], [ 4.847244711567939, 61.77462432359934 ], [ 4.846060339069315, 61.77439959691484 ], [ 4.845262688631189, 61.774402371856546 ], [ 4.844449081363149, 61.774243018809642 ], [ 4.843354032368686, 61.774200727256961 ], [ 4.840920612130551, 61.773810200319616 ] ] ] } },
{ "type": "Feature", "properties": { "fid": 474955, "elvelengde_m": 29.34, "elvID": "090-93-1", "elvenavn": null, "regulert": null, "fid_2": 66, "id": 66, "left": 4.486919847, "top": 61.946110046000001, "right": 4.986919847, "bottom": 61.446110046000001, "row_index": 25, "col_index": 1, "tile_id": 66 }, "geometry": { "type": "MultiLineString", "coordinates": [ [ [ 4.93263831259241, 61.806617786319279 ], [ 4.932867059112104, 61.806856916124865 ] ] ] } },
{ "type": "Feature", "properties": { "fid": 474959, "elvelengde_m": 58.39, "elvID": "090-71-2", "elvenavn": null, "regulert": null, "fid_2": 66, "id": 66, "left": 4.486919847, "top": 61.946110046000001, "right": 4.986919847, "bottom": 61.446110046000001, "row_index": 25, "col_index": 1, "tile_id": 66 }, "geometry": { "type": "MultiLineString", "coordinates": [ [ [ 4.930809894923337, 61.859314767819058 ], [ 4.930078966956601, 61.859703657042751 ] ] ] } },
{ "type": "Feature", "properties": { "fid": 477984, "elvelengde_m": 333.33, "elvID": "090-71-7", "elvenavn": null, "regulert": null, "fid_2": 66, "id": 66, "left": 4.486919847, "top": 61.946110046000001, "right": 4.986919847, "bottom": 61.446110046000001, "row_index": 25, "col_index": 1, "tile_id": 66 }, "geometry": { "type": "MultiLineString", "coordinates": [ [ [ 4.924620050934966, 61.866832209513696 ], [ 4.922151605869406, 61.866642018046946 ], [ 4.919966364542725, 61.866613103974288 ], [ 4.91841406620766, 61.866405270645743 ] ] ] } },
{ "type": "Feature", "properties": { "fid": 477985, "elvelengde_m": 424.14, "elvID": "090-71-6", "elvenavn": null, "regulert": null, "fid_2": 66, "id": 66, "left": 4.486919847, "top": 61.946110046000001, "right": 4.986919847, "bottom": 61.446110046000001, "row_index": 25, "col_index": 1, "tile_id": 66 }, "geometry": { "type": "MultiLineString", "coordinates": [ [ [ 4.916506516497167, 61.861008897877554 ], [ 4.913895262073739, 61.860895154971558 ], [ 4.912698199625449, 61.861165150827304 ], [ 4.912135206116888, 61.861391114531223 ], [ 4.911980996367887, 61.861548300548201 ], [ 4.912033958585659, 61.861720747146187 ], [ 4.912989752279474, 61.862261543992048 ], [ 4.913182515289741, 61.862528019866424 ], [ 4.913037674477838, 61.862757439338125 ] ] ] } },
{ "type": "Feature", "properties": { "fid": 477986, "elvelengde_m": 804.68, "elvID": "090-86-16", "elvenavn": null, "regulert": null, "fid_2": 66, "id": 66, "left": 4.486919847, "top": 61.946110046000001, "right": 4.986919847, "bottom": 61.446110046000001, "row_index": 25, "col_index": 1, "tile_id": 66 }, "geometry": { "type": "MultiLineString", "coordinates": [ [ [ 4.950562007372284, 61.865999433759185 ], [ 4.950976736211982, 61.866173288694498 ], [ 4.952210466693086, 61.866344646673468 ], [ 4.954442216363068, 61.867318262235536 ], [ 4.955062103947669, 61.867381556472054 ], [ 4.955641620570784, 61.867317638259131 ], [ 4.95593312124637, 61.867128525230271 ], [ 4.956120240047522, 61.866864254668286 ], [ 4.956442507473513, 61.866729927959945 ], [ 4.957914206892745, 61.866683359231509 ], [ 4.958249844769635, 61.866594383017961 ], [ 4.959056665665412, 61.865961825065284 ], [ 4.959755444581659, 61.865137487155231 ], [ 4.960179288061965, 61.864376813556824 ], [ 4.960481278716267, 61.864107065613645 ] ] ] } },
{ "type": "Feature", "properties": { "fid": 477991, "elvelengde_m": 185.55, "elvID": "090-84-2", "elvenavn": null, "regulert": null, "fid_2": 66, "id": 66, "left": 4.486919847, "top": 61.946110046000001, "right": 4.986919847, "bottom": 61.446110046000001, "row_index": 25, "col_index": 1, "tile_id": 66 }, "geometry": { "type": "MultiLineString", "coordinates": [ [ [ 4.958897397771509, 61.843070663541639 ], [ 4.958833260549881, 61.842872161606849 ], [ 4.958053723053964, 61.842391791594792 ], [ 4.957887048812553, 61.842144705256501 ], [ 4.958040259495116, 61.841647861646109 ], [ 4.957993666747993, 61.841565446933082 ] ] ] } },
{ "type": "Feature", "properties": { "fid": 477996, "elvelengde_m": 875.22, "elvID": "090-91-3", "elvenavn": null, "regulert": null, "fid_2": 66, "id": 66, "left": 4.486919847, "top": 61.946110046000001, "right": 4.986919847, "bottom": 61.446110046000001, "row_index": 25, "col_index": 1, "tile_id": 66 }, "geometry": { "type": "MultiLineString", "coordinates": [ [ [ 4.986919847, 61.823216741005524 ], [ 4.986811239291177, 61.823223754873503 ], [ 4.986250282171348, 61.823153310707475 ], [ 4.984731399980991, 61.822704411909143 ], [ 4.977887801160099, 61.821838777230099 ], [ 4.97712872615302, 61.82139405904389 ], [ 4.975946268597635, 61.820990934382991 ], [ 4.974861723294136, 61.820419721408932 ], [ 4.973568147038911, 61.82013903779211 ], [ 4.973104038367601, 61.819909706345562 ] ] ] } },
{ "type": "Feature", "properties": { "fid": 478001, "elvelengde_m": 161.34, "elvID": "090-92-1", "elvenavn": null, "regulert": null, "fid_2": 66, "id": 66, "left": 4.486919847, "top": 61.946110046000001, "right": 4.986919847, "bottom": 61.446110046000001, "row_index": 25, "col_index": 1, "tile_id": 66 }, "geometry": { "type": "MultiLineString", "coordinates": [ [ [ 4.978322755338901, 61.810687142863245 ], [ 4.977623989633281, 61.810945305450325 ], [ 4.977336776039041, 61.811251451978364 ], [ 4.977011703395169, 61.811412746185617 ], [ 4.976066549702744, 61.811519918077728 ] ] ] } },
{ "type": "Feature", "properties": { "fid": 478002, "elvelengde_m": 498.76, "elvID": "090-59-1", "elvenavn": null, "regulert": null, "fid_2": 66, "id": 66, "left": 4.486919847, "top": 61.946110046000001, "right": 4.986919847, "bottom": 61.446110046000001, "row_index": 25, "col_index": 1, "tile_id": 66 }, "geometry": { "type": "MultiLineString", "coordinates": [ [ [ 4.984320082503668, 61.894676538989728 ], [ 4.986919847, 61.894850531405766 ] ] ] } },
{ "type": "Feature", "properties": { "fid": 478008, "elvelengde_m": 36.98, "elvID": "090-76-1", "elvenavn": null, "regulert": null, "fid_2": 66, "id": 66, "left": 4.486919847, "top": 61.946110046000001, "right": 4.986919847, "bottom": 61.446110046000001, "row_index": 25, "col_index": 1, "tile_id": 66 }, "geometry": { "type": "MultiLineString", "coordinates": [ [ [ 4.839289608466862, 61.859524797052735 ], [ 4.839307201630827, 61.859194917065082 ] ] ] } },
{ "type": "Feature", "properties": { "fid": 478010, "elvelengde_m": 103.69, "elvID": "090-20-1", "elvenavn": null, "regulert": null, "fid_2": 66, "id": 66, "left": 4.486919847, "top": 61.946110046000001, "right": 4.986919847, "bottom": 61.446110046000001, "row_index": 25, "col_index": 1, "tile_id": 66 }, "geometry": { "type": "MultiLineString", "coordinates": [ [ [ 4.819813844109258, 61.793515563255255 ], [ 4.819872570683374, 61.792995786153661 ], [ 4.819516230472332, 61.792805176114015 ], [ 4.819272142889285, 61.792877978041304 ] ] ] } },
{ "type": "Feature", "properties": { "fid": 478012, "elvelengde_m": 70.77, "elvID": "090-71-2", "elvenavn": null, "regulert": null, "fid_2": 66, "id": 66, "left": 4.486919847, "top": 61.946110046000001, "right": 4.986919847, "bottom": 61.446110046000001, "row_index": 25, "col_index": 1, "tile_id": 66 }, "geometry": { "type": "MultiLineString", "coordinates": [ [ [ 4.911378915045611, 61.865302506868034 ], [ 4.911245280023079, 61.865859952835336 ], [ 4.911290117715304, 61.86592840222054 ] ] ] } },
{ "type": "Feature", "properties": { "fid": 483738, "elvelengde_m": 866.41, "elvID": "090-67-1", "elvenavn": null, "regulert": null, "fid_2": 66, "id": 66, "left": 4.486919847, "top": 61.946110046000001, "right": 4.986919847, "bottom": 61.446110046000001, "row_index": 25, "col_index": 1, "tile_id": 66 }, "geometry": { "type": "MultiLineString", "coordinates": [ [ [ 4.942408351151401, 61.877543722224793 ], [ 4.942135654508808, 61.878021068501084 ], [ 4.941936362954618, 61.878662389016995 ], [ 4.941654207905753, 61.879067502151948 ], [ 4.94122134684364, 61.879315518439284 ], [ 4.940469665823588, 61.879527039239726 ], [ 4.938371169816621, 61.879842542603129 ], [ 4.936517086512482, 61.879927601340725 ], [ 4.936155040796153, 61.880037674821253 ], [ 4.935486474445758, 61.880053925494998 ], [ 4.934190364216881, 61.8804919506074 ], [ 4.932965610299541, 61.880536630067972 ], [ 4.931542394102506, 61.880782233082911 ], [ 4.93115725568838, 61.880959497946307 ], [ 4.930775260244274, 61.88125389718104 ], [ 4.930209730347531, 61.881497782310802 ] ] ] } },
{ "type": "Feature", "properties": { "fid": 483740, "elvelengde_m": 358.76, "elvID": "090-71-1", "elvenavn": null, "regulert": null, "fid_2": 66, "id": 66, "left": 4.486919847, "top": 61.946110046000001, "right": 4.986919847, "bottom": 61.446110046000001, "row_index": 25, "col_index": 1, "tile_id": 66 }, "geometry": { "type": "MultiLineString", "coordinates": [ [ [ 4.889826147764457, 61.868501293602456 ], [ 4.888497284109978, 61.868614249362189 ], [ 4.887440254489594, 61.868546704869601 ], [ 4.886684573966598, 61.868928610989009 ], [ 4.886107457796315, 61.868974220109429 ], [ 4.886022021263169, 61.869043581164995 ], [ 4.88630935565802, 61.86931287455868 ], [ 4.885638161493445, 61.869490592866534 ], [ 4.884884767820834, 61.869854549578427 ] ] ] } },
{ "type": "Feature", "properties": { "fid": 483741, "elvelengde_m": 876.83, "elvID": "090-71-3", "elvenavn": null, "regulert": null, "fid_2": 66, "id": 66, "left": 4.486919847, "top": 61.946110046000001, "right": 4.986919847, "bottom": 61.446110046000001, "row_index": 25, "col_index": 1, "tile_id": 66 }, "geometry": { "type": "MultiLineString", "coordinates": [ [ [ 4.929708101837344, 61.870659720172341 ], [ 4.928439590299858, 61.870891804191032 ], [ 4.927865822001421, 61.870910761984824 ], [ 4.925970795964433, 61.870845563161566 ], [ 4.924156489309921, 61.870603030846709 ], [ 4.923400311685685, 61.870418673448683 ], [ 4.92240629848432, 61.870020662693207 ], [ 4.921742925913169, 61.869569510787137 ], [ 4.920784297333965, 61.869190404137022 ], [ 4.919877862446421, 61.868992638261567 ], [ 4.918560033201845, 61.868881675124648 ], [ 4.918275787543591, 61.868585527637734 ], [ 4.917501061665089, 61.868400665132853 ], [ 4.916277061786843, 61.867869844030118 ], [ 4.915840038948843, 61.867578223542978 ] ] ] } },
{ "type": "Feature", "properties": { "fid": 483742, "elvelengde_m": 177.52, "elvID": "090-86-12", "elvenavn": null, "regulert": null, "fid_2": 66, "id": 66, "left": 4.486919847, "top": 61.946110046000001, "right": 4.986919847, "bottom": 61.446110046000001, "row_index": 25, "col_index": 1, "tile_id": 66 }, "geometry": { "type": "MultiLineString", "coordinates": [ [ [ 4.98562255306017, 61.857733869458841 ], [ 4.985904263002798, 61.857472367858612 ], [ 4.986335299399349, 61.857377129623991 ], [ 4.986919847, 61.857115628774906 ] ] ] } },
{ "type": "Feature", "properties": { "fid": 483750, "elvelengde_m": 343.95, "elvID": "090-93-1", "elvenavn": null, "regulert": null, "fid_2": 66, "id": 66, "left": 4.486919847, "top": 61.946110046000001, "right": 4.986919847, "bottom": 61.446110046000001, "row_index": 25, "col_index": 1, "tile_id": 66 }, "geometry": { "type": "MultiLineString", "coordinates": [ [ [ 4.932867059112104, 61.806856916124865 ], [ 4.933096583156746, 61.807133334295756 ], [ 4.933057307298452, 61.807285085596689 ], [ 4.932147682082246, 61.807554765712844 ], [ 4.931876640293091, 61.807735446625607 ], [ 4.931912040597438, 61.808042134683937 ], [ 4.932353171799529, 61.808297911168211 ], [ 4.932814400350628, 61.808401510582655 ], [ 4.933573847848833, 61.808406029723749 ], [ 4.934857388163524, 61.80818339533505 ] ] ] } },
{ "type": "Feature", "properties": { "fid": 483751, "elvelengde_m": 148.07, "elvID": "090-21-2", "elvenavn": null, "regulert": null, "fid_2": 66, "id": 66, "left": 4.486919847, "top": 61.946110046000001, "right": 4.986919847, "bottom": 61.446110046000001, "row_index": 25, "col_index": 1, "tile_id": 66 }, "geometry": { "type": "MultiLineString", "coordinates": [ [ [ 4.919510594065494, 61.803824878076576 ], [ 4.919720891583901, 61.803495467379214 ], [ 4.919620873343616, 61.80343055145309 ], [ 4.919783146867723, 61.80324617577989 ], [ 4.920544264023882, 61.802940125309853 ], [ 4.92101246579317, 61.802989957187378 ] ] ] } },
{ "type": "Feature", "properties": { "fid": 483753, "elvelengde_m": 371.43, "elvID": "090-6-1", "elvenavn": null, "regulert": null, "fid_2": 66, "id": 66, "left": 4.486919847, "top": 61.946110046000001, "right": 4.986919847, "bottom": 61.446110046000001, "row_index": 25, "col_index": 1, "tile_id": 66 }, "geometry": { "type": "MultiLineString", "coordinates": [ [ [ 4.873666747148238, 61.791154433820033 ], [ 4.875987563832992, 61.792114286624795 ], [ 4.87826564482754, 61.792686218731333 ], [ 4.878441667434697, 61.792790338109739 ], [ 4.878834214129227, 61.793260678515068 ] ] ] } },
{ "type": "Feature", "properties": { "fid": 483754, "elvelengde_m": 1044.11, "elvID": "090-7-1", "elvenavn": null, "regulert": null, "fid_2": 66, "id": 66, "left": 4.486919847, "top": 61.946110046000001, "right": 4.986919847, "bottom": 61.446110046000001, "row_index": 25, "col_index": 1, "tile_id": 66 }, "geometry": { "type": "MultiLineString", "coordinates": [ [ [ 4.87242840841053, 61.783691573604465 ], [ 4.873142739630887, 61.783461362663544 ], [ 4.876504501213649, 61.783733500734911 ], [ 4.877213840254648, 61.783682836776244 ], [ 4.877876196739414, 61.783981392605355 ], [ 4.878586372838653, 61.784065805315848 ], [ 4.879164780454634, 61.784424841952067 ], [ 4.879205219196226, 61.784830473446071 ], [ 4.879438201918916, 61.784936300162109 ], [ 4.87963053077024, 61.784915215836733 ], [ 4.880146563527201, 61.784607082221534 ], [ 4.881329795484796, 61.784561711922883 ], [ 4.881524496453189, 61.784666495357321 ], [ 4.881518301164883, 61.784855027275356 ], [ 4.881719999032767, 61.785049892504013 ], [ 4.881576279731048, 61.785414098804488 ], [ 4.881617625527237, 61.785954725950354 ], [ 4.882189185771154, 61.787500170996758 ], [ 4.882669601756198, 61.787739329078612 ], [ 4.884176391057751, 61.787973295204417 ] ] ] } },
{ "type": "Feature", "properties": { "fid": 483756, "elvelengde_m": 456.74, "elvID": "090-15-4", "elvenavn": null, "regulert": null, "fid_2": 66, "id": 66, "left": 4.486919847, "top": 61.946110046000001, "right": 4.986919847, "bottom": 61.446110046000001, "row_index": 25, "col_index": 1, "tile_id": 66 }, "geometry": { "type": "MultiLineString", "coordinates": [ [ [ 4.867417047696613, 61.77846145315312 ], [ 4.867602823108217, 61.77835015368084 ], [ 4.867601948416183, 61.778215336062893 ], [ 4.867461617347359, 61.778130159066059 ], [ 4.866276917241597, 61.777905690397738 ], [ 4.865902665309676, 61.777723552436655 ], [ 4.865522473834718, 61.777163698432155 ], [ 4.865094144050212, 61.776961947357186 ], [ 4.864432895700099, 61.776798241082773 ], [ 4.863813336163782, 61.776464943687877 ], [ 4.862724065028495, 61.776378056061311 ], [ 4.861395564202692, 61.776517729023404 ] ] ] } },
{ "type": "Feature", "properties": { "fid": 483757, "elvelengde_m": 60.33, "elvID": "090-27-1", "elvenavn": null, "regulert": null, "fid_2": 66, "id": 66, "left": 4.486919847, "top": 61.946110046000001, "right": 4.986919847, "bottom": 61.446110046000001, "row_index": 25, "col_index": 1, "tile_id": 66 }, "geometry": { "type": "MultiLineString", "coordinates": [ [ [ 4.970177679544209, 61.784433309767614 ], [ 4.969207739526151, 61.784177925168713 ] ] ] } },
{ "type": "Feature", "properties": { "fid": 483758, "elvelengde_m": 85.75, "elvID": "090-84-1", "elvenavn": null, "regulert": null, "fid_2": 66, "id": 66, "left": 4.486919847, "top": 61.946110046000001, "right": 4.986919847, "bottom": 61.446110046000001, "row_index": 25, "col_index": 1, "tile_id": 66 }, "geometry": { "type": "MultiLineString", "coordinates": [ [ [ 4.958123276837108, 61.841007392790075 ], [ 4.958284317824359, 61.840244376734887 ] ] ] } },
{ "type": "Feature", "properties": { "fid": 483759, "elvelengde_m": 129.23, "elvID": "090-71-6", "elvenavn": null, "regulert": null, "fid_2": 66, "id": 66, "left": 4.486919847, "top": 61.946110046000001, "right": 4.986919847, "bottom": 61.446110046000001, "row_index": 25, "col_index": 1, "tile_id": 66 }, "geometry": { "type": "MultiLineString", "coordinates": [ [ [ 4.911934958685738, 61.863318041097202 ], [ 4.91156577727343, 61.863511689987966 ], [ 4.910959695669374, 61.864359247740495 ] ] ] } },
{ "type": "Feature", "properties": { "fid": 483760, "elvelengde_m": 105.29, "elvID": "090-3-1", "elvenavn": null, "regulert": null, "fid_2": 66, "id": 66, "left": 4.486919847, "top": 61.946110046000001, "right": 4.986919847, "bottom": 61.446110046000001, "row_index": 25, "col_index": 1, "tile_id": 66 }, "geometry": { "type": "MultiLineString", "coordinates": [ [ [ 4.856084164538508, 61.79958709621247 ], [ 4.856372077185298, 61.799621179701454 ], [ 4.857704927715032, 61.800103518680288 ] ] ] } },
{ "type": "Feature", "properties": { "fid": 483761, "elvelengde_m": 24.82, "elvID": "090-2-1", "elvenavn": null, "regulert": null, "fid_2": 66, "id": 66, "left": 4.486919847, "top": 61.946110046000001, "right": 4.986919847, "bottom": 61.446110046000001, "row_index": 25, "col_index": 1, "tile_id": 66 }, "geometry": { "type": "MultiLineString", "coordinates": [ [ [ 4.835756415047042, 61.797784527428838 ], [ 4.835898709310567, 61.797995678386954 ] ] ] } },
{ "type": "Feature", "properties": { "fid": 483762, "elvelengde_m": 44.8, "elvID": "090-15-3", "elvenavn": null, "regulert": null, "fid_2": 66, "id": 66, "left": 4.486919847, "top": 61.946110046000001, "right": 4.986919847, "bottom": 61.446110046000001, "row_index": 25, "col_index": 1, "tile_id": 66 }, "geometry": { "type": "MultiLineString", "coordinates": [ [ [ 4.858795053999503, 61.778210199258346 ], [ 4.85847470334991, 61.777843733383001 ] ] ] } },
{ "type": "Feature", "properties": { "fid": 483764, "elvelengde_m": 776.33, "elvID": "090-58-1", "elvenavn": null, "regulert": null, "fid_2": 66, "id": 66, "left": 4.486919847, "top": 61.946110046000001, "right": 4.986919847, "bottom": 61.446110046000001, "row_index": 25, "col_index": 1, "tile_id": 66 }, "geometry": { "type": "MultiLineString", "coordinates": [ [ [ 4.986919847, 61.882717728183835 ], [ 4.985844235435725, 61.882590090901374 ], [ 4.984521777441991, 61.882548874143268 ], [ 4.984006307199142, 61.882645537144036 ], [ 4.983413272381974, 61.88340078692331 ], [ 4.982610450955184, 61.883987369050388 ], [ 4.982873320771135, 61.885052508389393 ], [ 4.983282879813881, 61.885642909278474 ], [ 4.982933303548614, 61.886429336468339 ] ] ] } },
{ "type": "Feature", "properties": { "fid": 483768, "elvelengde_m": 125.9, "elvID": "090-2-2", "elvenavn": null, "regulert": null, "fid_2": 66, "id": 66, "left": 4.486919847, "top": 61.946110046000001, "right": 4.986919847, "bottom": 61.446110046000001, "row_index": 25, "col_index": 1, "tile_id": 66 }, "geometry": { "type": "MultiLineString", "coordinates": [ [ [ 4.832764769192376, 61.794869867183728 ], [ 4.83050283568388, 61.795206648357571 ] ] ] } },
{ "type": "Feature", "properties": { "fid": 483769, "elvelengde_m": 36.79, "elvID": "090-71-1", "elvenavn": null, "regulert": null, "fid_2": 66, "id": 66, "left": 4.486919847, "top": 61.946110046000001, "right": 4.986919847, "bottom": 61.446110046000001, "row_index": 25, "col_index": 1, "tile_id": 66 }, "geometry": { "type": "MultiLineString", "coordinates": [ [ [ 4.89930824504683, 61.867921741883706 ], [ 4.898657815775947, 61.867803398542023 ] ] ] } },
{ "type": "Feature", "properties": { "fid": 487954, "elvelengde_m": 59.54, "elvID": "090-71-9", "elvenavn": null, "regulert": null, "fid_2": 66, "id": 66, "left": 4.486919847, "top": 61.946110046000001, "right": 4.986919847, "bottom": 61.446110046000001, "row_index": 25, "col_index": 1, "tile_id": 66 }, "geometry": { "type": "MultiLineString", "coordinates": [ [ [ 4.884949923586492, 61.869371187173861 ], [ 4.884693446247231, 61.869579163857175 ], [ 4.884884767820834, 61.869854549578427 ] ] ] } },
{ "type": "Feature", "properties": { "fid": 487955, "elvelengde_m": 74.7, "elvID": "090-86-12", "elvenavn": null, "regulert": null, "fid_2": 66, "id": 66, "left": 4.486919847, "top": 61.946110046000001, "right": 4.986919847, "bottom": 61.446110046000001, "row_index": 25, "col_index": 1, "tile_id": 66 }, "geometry": { "type": "MultiLineString", "coordinates": [ [ [ 4.968914200384287, 61.872777629443213 ], [ 4.968953196600163, 61.87262593974819 ], [ 4.968714801319806, 61.872124503641984 ] ] ] } },
{ "type": "Feature", "properties": { "fid": 487956, "elvelengde_m": 119.73, "elvID": "090-86-12", "elvenavn": null, "regulert": null, "fid_2": 66, "id": 66, "left": 4.486919847, "top": 61.946110046000001, "right": 4.986919847, "bottom": 61.446110046000001, "row_index": 25, "col_index": 1, "tile_id": 66 }, "geometry": { "type": "MultiLineString", "coordinates": [ [ [ 4.969139449570144, 61.871067328879796 ], [ 4.968893835277088, 61.870619688634839 ], [ 4.968999100959277, 61.870397998931729 ], [ 4.969567855783525, 61.870126963836988 ] ] ] } },
{ "type": "Feature", "properties": { "fid": 487957, "elvelengde_m": 279.26, "elvID": "090-71-5", "elvenavn": null, "regulert": null, "fid_2": 66, "id": 66, "left": 4.486919847, "top": 61.946110046000001, "right": 4.986919847, "bottom": 61.446110046000001, "row_index": 25, "col_index": 1, "tile_id": 66 }, "geometry": { "type": "MultiLineString", "coordinates": [ [ [ 4.910368795647568, 61.859082189836435 ], [ 4.909702525878328, 61.859511752501739 ], [ 4.909187985827539, 61.859658255773212 ], [ 4.908751619530577, 61.859932982603496 ], [ 4.908513035935174, 61.860294451590839 ], [ 4.90851578061191, 61.860986677613397 ], [ 4.908848499172603, 61.861203407634356 ] ] ] } },
{ "type": "Feature", "properties": { "fid": 487958, "elvelengde_m": 637.66, "elvID": "090-86-19", "elvenavn": null, "regulert": null, "fid_2": 66, "id": 66, "left": 4.486919847, "top": 61.946110046000001, "right": 4.986919847, "bottom": 61.446110046000001, "row_index": 25, "col_index": 1, "tile_id": 66 }, "geometry": { "type": "MultiLineString", "coordinates": [ [ [ 4.953390114021852, 61.858567674898644 ], [ 4.953858130934683, 61.858770267584404 ], [ 4.953958992721399, 61.859015941636159 ], [ 4.954423490419344, 61.859245436507322 ], [ 4.957236449698004, 61.859993436747779 ], [ 4.958983114061631, 61.860314494451714 ], [ 4.960471428986005, 61.860717800137081 ], [ 4.960977511129299, 61.860921450526099 ], [ 4.961279846950693, 61.86137094199804 ], [ 4.961551298408031, 61.861477699498039 ], [ 4.962167404677061, 61.861567761386361 ], [ 4.962893919976255, 61.861544174210628 ] ] ] } },
{ "type": "Feature", "properties": { "fid": 487959, "elvelengde_m": 756.72, "elvID": "090-86-16", "elvenavn": null, "regulert": null, "fid_2": 66, "id": 66, "left": 4.486919847, "top": 61.946110046000001, "right": 4.986919847, "bottom": 61.446110046000001, "row_index": 25, "col_index": 1, "tile_id": 66 }, "geometry": { "type": "MultiLineString", "coordinates": [ [ [ 4.962893919976255, 61.861544174210628 ], [ 4.966587034858077, 61.861248101275109 ], [ 4.968588978100442, 61.860785602941803 ], [ 4.970345036503984, 61.860747098885234 ], [ 4.971003767428648, 61.860658716623753 ], [ 4.972094707935656, 61.860322017721678 ], [ 4.973376680311992, 61.860126051578746 ], [ 4.973892175230453, 61.859970336796174 ], [ 4.974894996449645, 61.859433454598083 ], [ 4.975844858891343, 61.859155699520663 ] ] ] } },
{ "type": "Feature", "properties": { "fid": 487961, "elvelengde_m": 987.69, "elvID": "090-80-1", "elvenavn": null, "regulert": null, "fid_2": 66, "id": 66, "left": 4.486919847, "top": 61.946110046000001, "right": 4.986919847, "bottom": 61.446110046000001, "row_index": 25, "col_index": 1, "tile_id": 66 }, "geometry": { "type": "MultiLineString", "coordinates": [ [ [ 4.921999554495657, 61.851769118166821 ], [ 4.921655108479718, 61.851498216548286 ], [ 4.920056449395802, 61.851216931219753 ], [ 4.919563408991381, 61.851346039329592 ], [ 4.918429921418673, 61.851429250211638 ], [ 4.917858829414317, 61.851430233868918 ], [ 4.916906620627399, 61.851294046800419 ], [ 4.91638659755052, 61.851341548615991 ], [ 4.915670934614914, 61.851571961184675 ], [ 4.915062087495585, 61.851571765960905 ], [ 4.914062507366873, 61.851506121779579 ], [ 4.913163705745796, 61.851254695881465 ], [ 4.910734329437773, 61.851209292266645 ], [ 4.909503477019305, 61.851307398183167 ], [ 4.908172049279735, 61.85130376852382 ], [ 4.907370487662347, 61.851180945602742 ], [ 4.906284739794112, 61.850762026423808 ], [ 4.904762707528063, 61.850761613211034 ], [ 4.904619635201218, 61.850694404024708 ] ] ] } },
{ "type": "Feature", "properties": { "fid": 487964, "elvelengde_m": 1226.17, "elvID": "090-85-1", "elvenavn": null, "regulert": null, "fid_2": 66, "id": 66, "left": 4.486919847, "top": 61.946110046000001, "right": 4.986919847, "bottom": 61.446110046000001, "row_index": 25, "col_index": 1, "tile_id": 66 }, "geometry": { "type": "MultiLineString", "coordinates": [ [ [ 4.960866877479534, 61.852666294705237 ], [ 4.9608679340355, 61.852513439345735 ], [ 4.960480222893865, 61.851989646046718 ], [ 4.960476509121207, 61.851584990668101 ], [ 4.960822095835435, 61.850983895484205 ], [ 4.961148903634674, 61.850669896602341 ], [ 4.962098760301338, 61.850248458248856 ], [ 4.962291516282469, 61.850083209549425 ], [ 4.962090911427109, 61.849439119238298 ], [ 4.962087144283589, 61.849034551943731 ], [ 4.962226788211385, 61.848697061428098 ], [ 4.962709973638908, 61.848495461517537 ], [ 4.963984365646516, 61.848496982698983 ], [ 4.964357347703682, 61.84840912707822 ], [ 4.964553942859075, 61.848217086347653 ], [ 4.964554866362522, 61.847776739007891 ], [ 4.963833416939028, 61.84747671724287 ], [ 4.963738503489861, 61.847330096827541 ], [ 4.964118389571655, 61.846757063066143 ], [ 4.964457640669169, 61.845913017155979 ], [ 4.965309926128437, 61.845218892873454 ], [ 4.965547652820505, 61.84485748580979 ], [ 4.965677448545857, 61.843872320440283 ], [ 4.966105486868019, 61.843219896341679 ] ] ] } },
{ "type": "Feature", "properties": { "fid": 487969, "elvelengde_m": 111.33, "elvID": "090-91-1", "elvenavn": null, "regulert": null, "fid_2": 66, "id": 66, "left": 4.486919847, "top": 61.946110046000001, "right": 4.986919847, "bottom": 61.446110046000001, "row_index": 25, "col_index": 1, "tile_id": 66 }, "geometry": { "type": "MultiLineString", "coordinates": [ [ [ 4.967642362320882, 61.818949245234023 ], [ 4.967168889308597, 61.818791454250253 ], [ 4.966791417730243, 61.818771579852431 ], [ 4.966228220850039, 61.818862684636315 ], [ 4.965842611160857, 61.819049193047498 ] ] ] } },
{ "type": "Feature", "properties": { "fid": 487974, "elvelengde_m": 732.08, "elvID": "090-24-1", "elvenavn": null, "regulert": null, "fid_2": 66, "id": 66, "left": 4.486919847, "top": 61.946110046000001, "right": 4.986919847, "bottom": 61.446110046000001, "row_index": 25, "col_index": 1, "tile_id": 66 }, "geometry": { "type": "MultiLineString", "coordinates": [ [ [ 4.967619670526608, 61.795828519148714 ], [ 4.966867862372732, 61.796057979980468 ], [ 4.964530463441191, 61.796214045200351 ], [ 4.963266315890966, 61.796149788022142 ], [ 4.962210304636999, 61.795947956317939 ], [ 4.960171983237754, 61.795995734695865 ], [ 4.959277946757541, 61.795861435504641 ], [ 4.958716231653118, 61.795656241359048 ], [ 4.958039631239481, 61.795168839106964 ], [ 4.957383191279637, 61.794529265800598 ], [ 4.956858239104537, 61.794333930993311 ], [ 4.955818308446246, 61.794294765815643 ] ] ] } },
{ "type": "Feature", "properties": { "fid": 487975, "elvelengde_m": 795.0, "elvID": "090-26-1", "elvenavn": null, "regulert": null, "fid_2": 66, "id": 66, "left": 4.486919847, "top": 61.946110046000001, "right": 4.986919847, "bottom": 61.446110046000001, "row_index": 25, "col_index": 1, "tile_id": 66 }, "geometry": { "type": "MultiLineString", "coordinates": [ [ [ 4.973137968853753, 61.790965653835961 ], [ 4.97272218619152, 61.790225306643087 ], [ 4.971995593396455, 61.789395027244275 ], [ 4.971387320226446, 61.788963622509556 ], [ 4.970585504680226, 61.788562481140964 ], [ 4.968817226218113, 61.78699126651113 ], [ 4.968008216959668, 61.786500117465749 ], [ 4.967583521489334, 61.786119000246352 ], [ 4.967303921742261, 61.785535360723337 ], [ 4.967223922821402, 61.785117390659039 ], [ 4.967711605336311, 61.784650237052631 ] ] ] } },
{ "type": "Feature", "properties": { "fid": 487976, "elvelengde_m": 354.99, "elvID": "090-15-1", "elvenavn": null, "regulert": null, "fid_2": 66, "id": 66, "left": 4.486919847, "top": 61.946110046000001, "right": 4.986919847, "bottom": 61.446110046000001, "row_index": 25, "col_index": 1, "tile_id": 66 }, "geometry": { "type": "MultiLineString", "coordinates": [ [ [ 4.860165602455048, 61.776066954061413 ], [ 4.859934358901404, 61.775952251574274 ], [ 4.858848717034962, 61.775838433875435 ], [ 4.8573841170395, 61.776000962519355 ], [ 4.855714799409007, 61.775995503939377 ], [ 4.853739976173583, 61.775719975536973 ] ] ] } },
{ "type": "Feature", "properties": { "fid": 487978, "elvelengde_m": 510.83, "elvID": "090-65-1", "elvenavn": null, "regulert": null, "fid_2": 66, "id": 66, "left": 4.486919847, "top": 61.946110046000001, "right": 4.986919847, "bottom": 61.446110046000001, "row_index": 25, "col_index": 1, "tile_id": 66 }, "geometry": { "type": "MultiLineString", "coordinates": [ [ [ 4.948467482561105, 61.890726419512184 ], [ 4.947484543271202, 61.890457250909421 ], [ 4.94364746830333, 61.88996531241883 ], [ 4.942325569225027, 61.889619804145021 ], [ 4.940577086938763, 61.889289803260347 ], [ 4.939441907382368, 61.88918446314532 ] ] ] } },
{ "type": "Feature", "properties": { "fid": 487979, "elvelengde_m": 98.12, "elvID": "090-69-1", "elvenavn": null, "regulert": null, "fid_2": 66, "id": 66, "left": 4.486919847, "top": 61.946110046000001, "right": 4.986919847, "bottom": 61.446110046000001, "row_index": 25, "col_index": 1, "tile_id": 66 }, "geometry": { "type": "MultiLineString", "coordinates": [ [ [ 4.927013813216452, 61.873024897122882 ], [ 4.926990948904319, 61.873203438144344 ], [ 4.926820669991276, 61.873230929900046 ], [ 4.925539925894029, 61.873224112696306 ] ] ] } },
{ "type": "Feature", "properties": { "fid": 487980, "elvelengde_m": 53.85, "elvID": "090-71-2", "elvenavn": null, "regulert": null, "fid_2": 66, "id": 66, "left": 4.486919847, "top": 61.946110046000001, "right": 4.986919847, "bottom": 61.446110046000001, "row_index": 25, "col_index": 1, "tile_id": 66 }, "geometry": { "type": "MultiLineString", "coordinates": [ [ [ 4.925946744622842, 61.862439692461031 ], [ 4.926140296669714, 61.862593948901598 ], [ 4.925828707982269, 61.862656501222112 ], [ 4.925563849841121, 61.862599256990613 ] ] ] } },
{ "type": "Feature", "properties": { "fid": 487984, "elvelengde_m": 33.81, "elvID": "090-7-3", "elvenavn": null, "regulert": null, "fid_2": 66, "id": 66, "left": 4.486919847, "top": 61.946110046000001, "right": 4.986919847, "bottom": 61.446110046000001, "row_index": 25, "col_index": 1, "tile_id": 66 }, "geometry": { "type": "MultiLineString", "coordinates": [ [ [ 4.862813431238028, 61.781506462971372 ], [ 4.863258578507989, 61.781476913205879 ], [ 4.86329800763213, 61.781564513118617 ] ] ] } },
{ "type": "Feature", "properties": { "fid": 487985, "elvelengde_m": 19.18, "elvID": "090-59-1", "elvenavn": null, "regulert": null, "fid_2": 66, "id": 66, "left": 4.486919847, "top": 61.946110046000001, "right": 4.986919847, "bottom": 61.446110046000001, "row_index": 25, "col_index": 1, "tile_id": 66 }, "geometry": { "type": "MultiLineString", "coordinates": [ [ [ 4.983957445794338, 61.894663271865618 ], [ 4.984320082503668, 61.894676538989728 ] ] ] } },
{ "type": "Feature", "properties": { "fid": 487986, "elvelengde_m": 373.21, "elvID": "090-71-1", "elvenavn": null, "regulert": null, "fid_2": 66, "id": 66, "left": 4.486919847, "top": 61.946110046000001, "right": 4.986919847, "bottom": 61.446110046000001, "row_index": 25, "col_index": 1, "tile_id": 66 }, "geometry": { "type": "MultiLineString", "coordinates": [ [ [ 4.898657815775947, 61.867803398542023 ], [ 4.898150622100054, 61.867741194575473 ], [ 4.898524191584438, 61.867545235982455 ], [ 4.898542955327989, 61.8673666180608 ], [ 4.898363500125559, 61.866932296791553 ], [ 4.898011368816601, 61.866635077870889 ], [ 4.897456150178098, 61.866664450806233 ], [ 4.897061627387568, 61.866858251037328 ], [ 4.896854589418557, 61.867191558004151 ], [ 4.896432155373905, 61.867588661681715 ], [ 4.896168181886973, 61.86771619904404 ], [ 4.895461614176985, 61.867788830335527 ] ] ] } },
{ "type": "Feature", "properties": { "fid": 488348, "elvelengde_m": 648.62, "elvID": "090-61-1", "elvenavn": null, "regulert": null, "fid_2": 66, "id": 66, "left": 4.486919847, "top": 61.946110046000001, "right": 4.986919847, "bottom": 61.446110046000001, "row_index": 25, "col_index": 1, "tile_id": 66 }, "geometry": { "type": "MultiLineString", "coordinates": [ [ [ 4.950560663742262, 61.902864060576796 ], [ 4.951124219652148, 61.902925716908527 ], [ 4.951466007127163, 61.903079588574727 ], [ 4.952123466630455, 61.903584340461293 ], [ 4.953211567708119, 61.904002757773569 ], [ 4.954698503573212, 61.90443317588516 ], [ 4.954936926793439, 61.904647058706352 ], [ 4.955830565001131, 61.905095759348406 ], [ 4.95631824669969, 61.90558652459184 ], [ 4.957303452491025, 61.906064959997785 ], [ 4.95811617820203, 61.906259667539558 ], [ 4.959207999416263, 61.906771113822096 ] ] ] } },
{ "type": "Feature", "properties": { "fid": 488349, "elvelengde_m": 175.37, "elvID": "090-66-2", "elvenavn": null, "regulert": null, "fid_2": 66, "id": 66, "left": 4.486919847, "top": 61.946110046000001, "right": 4.986919847, "bottom": 61.446110046000001, "row_index": 25, "col_index": 1, "tile_id": 66 }, "geometry": { "type": "MultiLineString", "coordinates": [ [ [ 4.940233368236183, 61.881308829178835 ], [ 4.939281246762958, 61.881307689743387 ], [ 4.937045219609504, 61.8809359706393 ] ] ] } },
{ "type": "Feature", "properties": { "fid": 488351, "elvelengde_m": 117.72, "elvID": "090-69-1", "elvenavn": null, "regulert": null, "fid_2": 66, "id": 66, "left": 4.486919847, "top": 61.946110046000001, "right": 4.986919847, "bottom": 61.446110046000001, "row_index": 25, "col_index": 1, "tile_id": 66 }, "geometry": { "type": "MultiLineString", "coordinates": [ [ [ 4.928253774866444, 61.872576279691948 ], [ 4.927149074291677, 61.872579693304232 ], [ 4.926865706763146, 61.872705971930351 ], [ 4.927013813216452, 61.873024897122882 ] ] ] } },
{ "type": "Feature", "properties": { "fid": 488354, "elvelengde_m": 196.53, "elvID": "090-85-1", "elvenavn": null, "regulert": null, "fid_2": 66, "id": 66, "left": 4.486919847, "top": 61.946110046000001, "right": 4.986919847, "bottom": 61.446110046000001, "row_index": 25, "col_index": 1, "tile_id": 66 }, "geometry": { "type": "MultiLineString", "coordinates": [ [ [ 4.962527269110375, 61.854216198122757 ], [ 4.962248647722881, 61.85387548209517 ], [ 4.961495078880032, 61.853385744625399 ], [ 4.961062333678438, 61.852770802863482 ], [ 4.960866877479534, 61.852666294705237 ] ] ] } },
{ "type": "Feature", "properties": { "fid": 488359, "elvelengde_m": 401.55, "elvID": "090-7-2", "elvenavn": null, "regulert": null, "fid_2": 66, "id": 66, "left": 4.486919847, "top": 61.946110046000001, "right": 4.986919847, "bottom": 61.446110046000001, "row_index": 25, "col_index": 1, "tile_id": 66 }, "geometry": { "type": "MultiLineString", "coordinates": [ [ [ 4.859303690203556, 61.782601421870837 ], [ 4.859512563813504, 61.7826967028127 ], [ 4.860840936835245, 61.782537009734739 ], [ 4.861808135289681, 61.782580470678212 ], [ 4.862336611471047, 61.782634299626466 ], [ 4.86284250239696, 61.78278705392534 ], [ 4.866505778317688, 61.783261522617387 ] ] ] } },
{ "type": "Feature", "properties": { "fid": 488360, "elvelengde_m": 116.33, "elvID": "090-16-1", "elvenavn": null, "regulert": null, "fid_2": 66, "id": 66, "left": 4.486919847, "top": 61.946110046000001, "right": 4.986919847, "bottom": 61.446110046000001, "row_index": 25, "col_index": 1, "tile_id": 66 }, "geometry": { "type": "MultiLineString", "coordinates": [ [ [ 4.846677976869775, 61.780927063630315 ], [ 4.846335738260386, 61.780790819289592 ], [ 4.84462863219799, 61.780640229866584 ] ] ] } },
{ "type": "Feature", "properties": { "fid": 488361, "elvelengde_m": 263.62, "elvID": "090-7-3", "elvenavn": null, "regulert": null, "fid_2": 66, "id": 66, "left": 4.486919847, "top": 61.946110046000001, "right": 4.986919847, "bottom": 61.446110046000001, "row_index": 25, "col_index": 1, "tile_id": 66 }, "geometry": { "type": "MultiLineString", "coordinates": [ [ [ 4.86329800763213, 61.781564513118617 ], [ 4.864433790562935, 61.782012296104412 ], [ 4.865054109776512, 61.782480485208346 ], [ 4.865189388962887, 61.782745320387946 ], [ 4.865615306709022, 61.782964908644246 ], [ 4.866279339241704, 61.783110878756943 ], [ 4.866505778317688, 61.783261522617387 ] ] ] } },
{ "type": "Feature", "properties": { "fid": 488362, "elvelengde_m": 290.49, "elvID": "090-15-1", "elvenavn": null, "regulert": null, "fid_2": 66, "id": 66, "left": 4.486919847, "top": 61.946110046000001, "right": 4.986919847, "bottom": 61.446110046000001, "row_index": 25, "col_index": 1, "tile_id": 66 }, "geometry": { "type": "MultiLineString", "coordinates": [ [ [ 4.854256047442952, 61.779493365307829 ], [ 4.8542070580371, 61.779294183713134 ], [ 4.854293847995719, 61.77907199685356 ], [ 4.854621735603158, 61.778892989806081 ], [ 4.855474664818683, 61.778622234673151 ], [ 4.856610464666786, 61.778081258891739 ], [ 4.85757051277979, 61.777858518167271 ], [ 4.857949815346468, 61.777861024554305 ] ] ] } },
{ "type": "Feature", "properties": { "fid": 488363, "elvelengde_m": 38.62, "elvID": "090-15-5", "elvenavn": null, "regulert": null, "fid_2": 66, "id": 66, "left": 4.486919847, "top": 61.946110046000001, "right": 4.986919847, "bottom": 61.446110046000001, "row_index": 25, "col_index": 1, "tile_id": 66 }, "geometry": { "type": "MultiLineString", "coordinates": [ [ [ 4.85430066446913, 61.775503206781679 ], [ 4.853739976173583, 61.775719975536973 ] ] ] } },
{ "type": "Feature", "properties": { "fid": 488367, "elvelengde_m": 61.02, "elvID": "090-91-5", "elvenavn": null, "regulert": null, "fid_2": 66, "id": 66, "left": 4.486919847, "top": 61.946110046000001, "right": 4.986919847, "bottom": 61.446110046000001, "row_index": 25, "col_index": 1, "tile_id": 66 }, "geometry": { "type": "MultiLineString", "coordinates": [ [ [ 4.979761277133004, 61.814951089164452 ], [ 4.979471718391244, 61.815291408805386 ], [ 4.979578675471421, 61.815461099186031 ] ] ] } },
{ "type": "Feature", "properties": { "fid": 722571, "elvelengde_m": 99.62, "elvID": "085-91-1", "elvenavn": null, "regulert": null, "fid_2": 66, "id": 66, "left": 4.486919847, "top": 61.946110046000001, "right": 4.986919847, "bottom": 61.446110046000001, "row_index": 25, "col_index": 1, "tile_id": 66 }, "geometry": { "type": "MultiLineString", "coordinates": [ [ [ 4.981386978149707, 61.721910566325114 ], [ 4.980725868964721, 61.722331574954168 ], [ 4.98063529872532, 61.722589718384377 ], [ 4.980673751524676, 61.722688348398933 ] ] ] } },
{ "type": "Feature", "properties": { "fid": 722572, "elvelengde_m": 157.56, "elvID": "085-91-1", "elvenavn": null, "regulert": null, "fid_2": 66, "id": 66, "left": 4.486919847, "top": 61.946110046000001, "right": 4.986919847, "bottom": 61.446110046000001, "row_index": 25, "col_index": 1, "tile_id": 66 }, "geometry": { "type": "MultiLineString", "coordinates": [ [ [ 4.986919847, 61.72128794347401 ], [ 4.984883182559747, 61.721833335124472 ] ] ] } },
{ "type": "Feature", "properties": { "fid": 722575, "elvelengde_m": 447.8, "elvID": "085-95-1", "elvenavn": null, "regulert": null, "fid_2": 66, "id": 66, "left": 4.486919847, "top": 61.946110046000001, "right": 4.986919847, "bottom": 61.446110046000001, "row_index": 25, "col_index": 1, "tile_id": 66 }, "geometry": { "type": "MultiLineString", "coordinates": [ [ [ 4.872042561492149, 61.711195265802104 ], [ 4.872322701855065, 61.711365508669857 ], [ 4.872180698258135, 61.711576952381591 ], [ 4.872228976462864, 61.711641410874549 ], [ 4.872930205095619, 61.711779427206061 ], [ 4.873067975288159, 61.71188244191638 ], [ 4.873310758864946, 61.712474060828107 ], [ 4.873687867878504, 61.712629261387683 ], [ 4.875049024061318, 61.712931076954249 ], [ 4.876143584850507, 61.712820150143841 ], [ 4.876746090236378, 61.712847361971768 ], [ 4.878002295712985, 61.713075570602079 ] ] ] } },
{ "type": "Feature", "properties": { "fid": 722579, "elvelengde_m": 259.08, "elvID": "085-96-1", "elvenavn": null, "regulert": null, "fid_2": 66, "id": 66, "left": 4.486919847, "top": 61.946110046000001, "right": 4.986919847, "bottom": 61.446110046000001, "row_index": 25, "col_index": 1, "tile_id": 66 }, "geometry": { "type": "MultiLineString", "coordinates": [ [ [ 4.86967808401289, 61.708202205878109 ], [ 4.869685916483893, 61.707860847160589 ], [ 4.870307214322893, 61.706899708659918 ], [ 4.870397176449506, 61.705930585201351 ] ] ] } },
{ "type": "Feature", "properties": { "fid": 722583, "elvelengde_m": 1111.81, "elvID": "085-91-1", "elvenavn": null, "regulert": null, "fid_2": 66, "id": 66, "left": 4.486919847, "top": 61.946110046000001, "right": 4.986919847, "bottom": 61.446110046000001, "row_index": 25, "col_index": 1, "tile_id": 66 }, "geometry": { "type": "MultiLineString", "coordinates": [ [ [ 4.985313411109203, 61.711984998335886 ], [ 4.984600584941615, 61.7123685129215 ], [ 4.984471305724481, 61.712634390841572 ], [ 4.984549918710997, 61.714065913465895 ], [ 4.984400679634674, 61.714340277986942 ], [ 4.984446795241508, 61.714566317601061 ], [ 4.985441621493297, 61.714928106368319 ], [ 4.985707385977117, 61.715214537870636 ], [ 4.985798592733534, 61.715531817455812 ], [ 4.986547322891155, 61.716183086059118 ], [ 4.986836301162398, 61.716290421078916 ], [ 4.986919847, 61.716743771965689 ] ] ] } },
{ "type": "Feature", "properties": { "fid": 722626, "elvelengde_m": 361.4, "elvID": "085-103-1", "elvenavn": null, "regulert": null, "fid_2": 66, "id": 66, "left": 4.486919847, "top": 61.946110046000001, "right": 4.986919847, "bottom": 61.446110046000001, "row_index": 25, "col_index": 1, "tile_id": 66 }, "geometry": { "type": "MultiLineString", "coordinates": [ [ [ 4.844188304198913, 61.689216670254098 ], [ 4.84404450240108, 61.689302345536511 ], [ 4.843901781588547, 61.689657519731334 ], [ 4.843618558161426, 61.689792702050966 ], [ 4.841633557162115, 61.690056043071856 ], [ 4.841167059600796, 61.69000587580976 ], [ 4.840405674046366, 61.689758011757839 ], [ 4.840130574141077, 61.689551836940076 ], [ 4.840127008484131, 61.689156179183428 ], [ 4.839993732119927, 61.688882386664304 ] ] ] } },
{ "type": "Feature", "properties": { "fid": 722630, "elvelengde_m": 187.46, "elvID": "085-103-1", "elvenavn": null, "regulert": null, "fid_2": 66, "id": 66, "left": 4.486919847, "top": 61.946110046000001, "right": 4.986919847, "bottom": 61.446110046000001, "row_index": 25, "col_index": 1, "tile_id": 66 }, "geometry": { "type": "MultiLineString", "coordinates": [ [ [ 4.839993732119927, 61.688882386664304 ], [ 4.839094918020701, 61.688810137008772 ], [ 4.838533482872658, 61.688622254490724 ], [ 4.837933808186687, 61.68857703553148 ], [ 4.836947956410366, 61.688169417147506 ] ] ] } },
{ "type": "Feature", "properties": { "fid": 722631, "elvelengde_m": 131.92, "elvID": "085-103-1", "elvenavn": null, "regulert": null, "fid_2": 66, "id": 66, "left": 4.486919847, "top": 61.946110046000001, "right": 4.986919847, "bottom": 61.446110046000001, "row_index": 25, "col_index": 1, "tile_id": 66 }, "geometry": { "type": "MultiLineString", "coordinates": [ [ [ 4.847407056540361, 61.688927869855625 ], [ 4.846690620394545, 61.689328559622091 ], [ 4.845379885945166, 61.689504612062571 ] ] ] } },
{ "type": "Feature", "properties": { "fid": 722632, "elvelengde_m": 45.38, "elvID": "085-103-1", "elvenavn": null, "regulert": null, "fid_2": 66, "id": 66, "left": 4.486919847, "top": 61.946110046000001, "right": 4.986919847, "bottom": 61.446110046000001, "row_index": 25, "col_index": 1, "tile_id": 66 }, "geometry": { "type": "MultiLineString", "coordinates": [ [ [ 4.831807754391584, 61.687689261517939 ], [ 4.831155768716866, 61.687951713610893 ] ] ] } },
{ "type": "Feature", "properties": { "fid": 722633, "elvelengde_m": 69.58, "elvID": "085-103-3", "elvenavn": null, "regulert": null, "fid_2": 66, "id": 66, "left": 4.486919847, "top": 61.946110046000001, "right": 4.986919847, "bottom": 61.446110046000001, "row_index": 25, "col_index": 1, "tile_id": 66 }, "geometry": { "type": "MultiLineString", "coordinates": [ [ [ 4.838126194358772, 61.688133395275266 ], [ 4.837229960063524, 61.688043122277151 ], [ 4.836947956410366, 61.688169417147506 ] ] ] } },
{ "type": "Feature", "properties": { "fid": 722636, "elvelengde_m": 78.7, "elvID": "085-103-1", "elvenavn": null, "regulert": null, "fid_2": 66, "id": 66, "left": 4.486919847, "top": 61.946110046000001, "right": 4.986919847, "bottom": 61.446110046000001, "row_index": 25, "col_index": 1, "tile_id": 66 }, "geometry": { "type": "MultiLineString", "coordinates": [ [ [ 4.834443111303882, 61.687095290312847 ], [ 4.833183476443116, 61.687173805904358 ], [ 4.833041871000241, 61.687241341677229 ] ] ] } },
{ "type": "Feature", "properties": { "fid": 722638, "elvelengde_m": 179.18, "elvID": "085-103-1", "elvenavn": null, "regulert": null, "fid_2": 66, "id": 66, "left": 4.486919847, "top": 61.946110046000001, "right": 4.986919847, "bottom": 61.446110046000001, "row_index": 25, "col_index": 1, "tile_id": 66 }, "geometry": { "type": "MultiLineString", "coordinates": [ [ [ 4.836947956410366, 61.688169417147506 ], [ 4.836370240456327, 61.688241755913545 ], [ 4.836083149516358, 61.688125143144738 ], [ 4.836042828326065, 61.687863203816256 ], [ 4.835851210068612, 61.687740435335613 ], [ 4.835621770627156, 61.687337892471746 ], [ 4.835156897080454, 61.687134954830803 ] ] ] } },
{ "type": "Feature", "properties": { "fid": 722639, "elvelengde_m": 39.56, "elvID": "085-103-1", "elvenavn": null, "regulert": null, "fid_2": 66, "id": 66, "left": 4.486919847, "top": 61.946110046000001, "right": 4.986919847, "bottom": 61.446110046000001, "row_index": 25, "col_index": 1, "tile_id": 66 }, "geometry": { "type": "MultiLineString", "coordinates": [ [ [ 4.835156897080454, 61.687134954830803 ], [ 4.834443111303882, 61.687095290312847 ] ] ] } },
{ "type": "Feature", "properties": { "fid": 722657, "elvelengde_m": 281.29, "elvID": "085-103-3", "elvenavn": null, "regulert": null, "fid_2": 66, "id": 66, "left": 4.486919847, "top": 61.946110046000001, "right": 4.986919847, "bottom": 61.446110046000001, "row_index": 25, "col_index": 1, "tile_id": 66 }, "geometry": { "type": "MultiLineString", "coordinates": [ [ [ 4.839522479485661, 61.685919313602284 ], [ 4.839807987323237, 61.686188758681084 ], [ 4.83979517810274, 61.686565982477255 ], [ 4.839356402586636, 61.687011080629368 ], [ 4.838633266252944, 61.688022880715458 ], [ 4.838126194358772, 61.688133395275266 ] ] ] } },
{ "type": "Feature", "properties": { "fid": 722658, "elvelengde_m": 19.98, "elvID": "085-100-1", "elvenavn": null, "regulert": null, "fid_2": 66, "id": 66, "left": 4.486919847, "top": 61.946110046000001, "right": 4.986919847, "bottom": 61.446110046000001, "row_index": 25, "col_index": 1, "tile_id": 66 }, "geometry": { "type": "MultiLineString", "coordinates": [ [ [ 4.85929291915275, 61.687238461890352 ], [ 4.859202485069874, 61.687064980073764 ] ] ] } },
{ "type": "Feature", "properties": { "fid": 722667, "elvelengde_m": 80.95, "elvID": "085-90-1", "elvenavn": "Husefestelva", "regulert": 1, "fid_2": 66, "id": 66, "left": 4.486919847, "top": 61.946110046000001, "right": 4.986919847, "bottom": 61.446110046000001, "row_index": 25, "col_index": 1, "tile_id": 66 }, "geometry": { "type": "MultiLineString", "coordinates": [ [ [ 4.986919847, 61.696021126498927 ], [ 4.986423839654504, 61.696034732959902 ], [ 4.985756251857139, 61.696212608193186 ] ] ] } },
{ "type": "Feature", "properties": { "fid": 722670, "elvelengde_m": 266.68, "elvID": "085-103-1", "elvenavn": null, "regulert": null, "fid_2": 66, "id": 66, "left": 4.486919847, "top": 61.946110046000001, "right": 4.986919847, "bottom": 61.446110046000001, "row_index": 25, "col_index": 1, "tile_id": 66 }, "geometry": { "type": "MultiLineString", "coordinates": [ [ [ 4.854775398806296, 61.686490347896495 ], [ 4.854664652056483, 61.68646901998968 ], [ 4.854351487737872, 61.685983100202407 ], [ 4.854071512301743, 61.685812725392573 ], [ 4.853736959763203, 61.685766677935149 ], [ 4.853352911890656, 61.685808933211071 ], [ 4.852989616271218, 61.685977712303568 ], [ 4.852649396427638, 61.686255077692913 ], [ 4.851460685077554, 61.686650592135976 ] ] ] } },
{ "type": "Feature", "properties": { "fid": 722685, "elvelengde_m": 91.34, "elvID": "085-100-1", "elvenavn": null, "regulert": null, "fid_2": 66, "id": 66, "left": 4.486919847, "top": 61.946110046000001, "right": 4.986919847, "bottom": 61.446110046000001, "row_index": 25, "col_index": 1, "tile_id": 66 }, "geometry": { "type": "MultiLineString", "coordinates": [ [ [ 4.861025511128501, 61.685043512006274 ], [ 4.862108774806911, 61.684869511387504 ], [ 4.862675307806412, 61.684877644370161 ] ] ] } },
{ "type": "Feature", "properties": { "fid": 722694, "elvelengde_m": 416.75, "elvID": "085-103-2", "elvenavn": null, "regulert": null, "fid_2": 66, "id": 66, "left": 4.486919847, "top": 61.946110046000001, "right": 4.986919847, "bottom": 61.446110046000001, "row_index": 25, "col_index": 1, "tile_id": 66 }, "geometry": { "type": "MultiLineString", "coordinates": [ [ [ 4.847645307648779, 61.68251613268356 ], [ 4.847877261363135, 61.68332336724206 ], [ 4.847913195816309, 61.68389984577118 ], [ 4.848375065704781, 61.684686985650842 ], [ 4.848702235374336, 61.684786830477712 ], [ 4.849355882260778, 61.685274173734648 ], [ 4.849726815712383, 61.685752933810271 ], [ 4.849769584344132, 61.685996934057293 ] ] ] } },
{ "type": "Feature", "properties": { "fid": 723757, "elvelengde_m": 116.71, "elvID": "085-100-1", "elvenavn": null, "regulert": null, "fid_2": 66, "id": 66, "left": 4.486919847, "top": 61.946110046000001, "right": 4.986919847, "bottom": 61.446110046000001, "row_index": 25, "col_index": 1, "tile_id": 66 }, "geometry": { "type": "MultiLineString", "coordinates": [ [ [ 4.866143153859824, 61.679615467783449 ], [ 4.865350990035133, 61.678890469713878 ], [ 4.865305441396312, 61.678664294048048 ] ] ] } },
{ "type": "Feature", "properties": { "fid": 723761, "elvelengde_m": 91.06, "elvID": "085-97-1", "elvenavn": null, "regulert": null, "fid_2": 66, "id": 66, "left": 4.486919847, "top": 61.946110046000001, "right": 4.986919847, "bottom": 61.446110046000001, "row_index": 25, "col_index": 1, "tile_id": 66 }, "geometry": { "type": "MultiLineString", "coordinates": [ [ [ 4.885878751054261, 61.680318576401937 ], [ 4.886848632032986, 61.679648031942058 ] ] ] } },
{ "type": "Feature", "properties": { "fid": 723763, "elvelengde_m": 126.94, "elvID": "085-100-1", "elvenavn": null, "regulert": null, "fid_2": 66, "id": 66, "left": 4.486919847, "top": 61.946110046000001, "right": 4.986919847, "bottom": 61.446110046000001, "row_index": 25, "col_index": 1, "tile_id": 66 }, "geometry": { "type": "MultiLineString", "coordinates": [ [ [ 4.86526865554806, 61.677809130827221 ], [ 4.864945071063016, 61.67768242619583 ], [ 4.864508584146395, 61.677974889123462 ], [ 4.864003048075494, 61.67807645509734 ], [ 4.863758845110759, 61.67778145130255 ] ] ] } },
{ "type": "Feature", "properties": { "fid": 723770, "elvelengde_m": 514.93, "elvID": "085-89-1", "elvenavn": null, "regulert": null, "fid_2": 66, "id": 66, "left": 4.486919847, "top": 61.946110046000001, "right": 4.986919847, "bottom": 61.446110046000001, "row_index": 25, "col_index": 1, "tile_id": 66 }, "geometry": { "type": "MultiLineString", "coordinates": [ [ [ 4.97687403702939, 61.683618878990544 ], [ 4.976908468721094, 61.683790733059652 ], [ 4.977148981480294, 61.683977548060668 ], [ 4.977186966301904, 61.685138265845353 ], [ 4.977124215434956, 61.685765684517946 ], [ 4.976795985695711, 61.686250437908704 ], [ 4.976036764082755, 61.686704420097087 ], [ 4.974821293082129, 61.687009775786827 ], [ 4.974077654568313, 61.686981508041754 ], [ 4.973567425149497, 61.686774927029283 ] ] ] } },
{ "type": "Feature", "properties": { "fid": 723781, "elvelengde_m": 316.99, "elvID": "085-102-1", "elvenavn": null, "regulert": null, "fid_2": 66, "id": 66, "left": 4.486919847, "top": 61.946110046000001, "right": 4.986919847, "bottom": 61.446110046000001, "row_index": 25, "col_index": 1, "tile_id": 66 }, "geometry": { "type": "MultiLineString", "coordinates": [ [ [ 4.850817716314954, 61.672570657129341 ], [ 4.848736303391402, 61.672291792805126 ], [ 4.847662100246712, 61.67198049216907 ], [ 4.845202440011635, 61.671721321573699 ] ] ] } },
{ "type": "Feature", "properties": { "fid": 723825, "elvelengde_m": 70.58, "elvID": "085-101-1", "elvenavn": null, "regulert": null, "fid_2": 66, "id": 66, "left": 4.486919847, "top": 61.946110046000001, "right": 4.986919847, "bottom": 61.446110046000001, "row_index": 25, "col_index": 1, "tile_id": 66 }, "geometry": { "type": "MultiLineString", "coordinates": [ [ [ 4.840349275650046, 61.668270009923788 ], [ 4.840357076642466, 61.668072538637141 ], [ 4.840211494197874, 61.667888290790394 ], [ 4.839719368577452, 61.667849763294463 ] ] ] } },
{ "type": "Feature", "properties": { "fid": 723829, "elvelengde_m": 566.4, "elvID": "085-89-1", "elvenavn": null, "regulert": null, "fid_2": 66, "id": 66, "left": 4.486919847, "top": 61.946110046000001, "right": 4.986919847, "bottom": 61.446110046000001, "row_index": 25, "col_index": 1, "tile_id": 66 }, "geometry": { "type": "MultiLineString", "coordinates": [ [ [ 4.976597267705992, 61.677758802308922 ], [ 4.976442432384779, 61.678365468359083 ], [ 4.976672820122695, 61.678920576621849 ], [ 4.976855857602704, 61.680274363452575 ], [ 4.976712614386165, 61.680647752408838 ], [ 4.976796408341972, 61.680874863106425 ], [ 4.976655742977372, 61.681374202228639 ], [ 4.976740915632939, 61.681592451430426 ], [ 4.976510742805115, 61.682196900063808 ], [ 4.976450076627926, 61.682662587577767 ], [ 4.976305318460835, 61.682757184248274 ] ] ] } },
{ "type": "Feature", "properties": { "fid": 723838, "elvelengde_m": 15.87, "elvID": "085-89-1", "elvenavn": null, "regulert": null, "fid_2": 66, "id": 66, "left": 4.486919847, "top": 61.946110046000001, "right": 4.986919847, "bottom": 61.446110046000001, "row_index": 25, "col_index": 1, "tile_id": 66 }, "geometry": { "type": "MultiLineString", "coordinates": [ [ [ 4.977263752387636, 61.676708563811331 ], [ 4.977078985359633, 61.676820120473586 ] ] ] } },
{ "type": "Feature", "properties": { "fid": 723856, "elvelengde_m": 676.31, "elvID": "085-99-1", "elvenavn": null, "regulert": null, "fid_2": 66, "id": 66, "left": 4.486919847, "top": 61.946110046000001, "right": 4.986919847, "bottom": 61.446110046000001, "row_index": 25, "col_index": 1, "tile_id": 66 }, "geometry": { "type": "MultiLineString", "coordinates": [ [ [ 4.872809835197258, 61.671923916057231 ], [ 4.873341489327299, 61.671202702705635 ], [ 4.873961606799555, 61.670807849423134 ], [ 4.874298678004811, 61.670125795841891 ], [ 4.874266051285125, 61.669945054751651 ], [ 4.874645297840678, 61.669372192665705 ], [ 4.874981404329954, 61.669121562729003 ], [ 4.879301575053068, 61.666929913415125 ] ] ] } },
{ "type": "Feature", "properties": { "fid": 723891, "elvelengde_m": 476.88, "elvID": "085-98-1", "elvenavn": null, "regulert": null, "fid_2": 66, "id": 66, "left": 4.486919847, "top": 61.946110046000001, "right": 4.986919847, "bottom": 61.446110046000001, "row_index": 25, "col_index": 1, "tile_id": 66 }, "geometry": { "type": "MultiLineString", "coordinates": [ [ [ 4.895520439769986, 61.668283395992454 ], [ 4.895700854715372, 61.668064038007181 ], [ 4.895668613895519, 61.667451676763278 ], [ 4.89586449371053, 61.667259913083264 ], [ 4.895868470264579, 61.666945360814907 ], [ 4.897118484755683, 61.665508590667763 ], [ 4.897763034275162, 61.664215481635928 ] ] ] } },
{ "type": "Feature", "properties": { "fid": 723896, "elvelengde_m": 514.13, "elvID": "085-88-1", "elvenavn": null, "regulert": null, "fid_2": 66, "id": 66, "left": 4.486919847, "top": 61.946110046000001, "right": 4.986919847, "bottom": 61.446110046000001, "row_index": 25, "col_index": 1, "tile_id": 66 }, "geometry": { "type": "MultiLineString", "coordinates": [ [ [ 4.983193430180679, 61.674608725697006 ], [ 4.983471911387776, 61.674212372229135 ], [ 4.983579511616127, 61.673676187190885 ], [ 4.983400391544317, 61.672870924280012 ], [ 4.983543872149625, 61.672641418109031 ], [ 4.984062802604272, 61.672431865262418 ], [ 4.985290078140194, 61.671721906450898 ], [ 4.985720485284293, 61.671321021349819 ], [ 4.986161214568346, 61.670695730588186 ], [ 4.986396405575623, 61.670486850038017 ] ] ] } },
{ "type": "Feature", "properties": { "fid": 723909, "elvelengde_m": 50.8, "elvID": "085-88-1", "elvenavn": null, "regulert": null, "fid_2": 66, "id": 66, "left": 4.486919847, "top": 61.946110046000001, "right": 4.986919847, "bottom": 61.446110046000001, "row_index": 25, "col_index": 1, "tile_id": 66 }, "geometry": { "type": "MultiLineString", "coordinates": [ [ [ 4.986591404576443, 61.670150963784273 ], [ 4.986781491767952, 61.669707155976276 ] ] ] } },
{ "type": "Feature", "properties": { "fid": 723920, "elvelengde_m": 46.15, "elvID": "085-98-1", "elvenavn": null, "regulert": null, "fid_2": 66, "id": 66, "left": 4.486919847, "top": 61.946110046000001, "right": 4.986919847, "bottom": 61.446110046000001, "row_index": 25, "col_index": 1, "tile_id": 66 }, "geometry": { "type": "MultiLineString", "coordinates": [ [ [ 4.898700389201433, 61.663138069701546 ], [ 4.898837291202529, 61.662818305681256 ], [ 4.898973872305917, 61.662761116338579 ] ] ] } },
{ "type": "Feature", "properties": { "fid": 723971, "elvelengde_m": 2144.98, "elvID": "085-100-1", "elvenavn": null, "regulert": null, "fid_2": 66, "id": 66, "left": 4.486919847, "top": 61.946110046000001, "right": 4.986919847, "bottom": 61.446110046000001, "row_index": 25, "col_index": 1, "tile_id": 66 }, "geometry": { "type": "MultiLineString", "coordinates": [ [ [ 4.862993662664038, 61.676149075545915 ], [ 4.862886706055682, 61.676100869015976 ], [ 4.863189019404233, 61.675256030451557 ], [ 4.863810701115281, 61.673863389560587 ], [ 4.863867860407306, 61.673577428797309 ], [ 4.864100314481976, 61.673395677885573 ], [ 4.863886073729123, 61.672876792540798 ], [ 4.864026706380066, 61.672674229226523 ], [ 4.863883490412349, 61.672049632438352 ], [ 4.86385027585778, 61.671167658572024 ], [ 4.863727930720444, 61.670525514757806 ], [ 4.863868679601977, 61.670323142084051 ], [ 4.863874239572697, 61.669999635607255 ], [ 4.864677899853198, 61.669790243100557 ], [ 4.865113199780155, 61.669362858909125 ], [ 4.865173907613016, 61.668627550266791 ], [ 4.864931393253007, 61.668035827255437 ], [ 4.865033373630744, 61.667841150294407 ], [ 4.864817561920128, 61.666486219338431 ], [ 4.864831846682228, 61.665956172557145 ], [ 4.86530764126426, 61.66536827469541 ], [ 4.865549469001012, 61.664692334945606 ], [ 4.865667633364851, 61.663527197391161 ], [ 4.865472623139818, 61.663287579557746 ], [ 4.865742519507332, 61.661695588340343 ], [ 4.865930395386139, 61.661422575980176 ], [ 4.866219136555389, 61.66124250188988 ], [ 4.866307539437297, 61.660723796121005 ], [ 4.866835895362562, 61.660308265350423 ], [ 4.866897807841248, 61.659986440352441 ], [ 4.86718365749288, 61.659545618981269 ], [ 4.867475139360154, 61.658214961797235 ], [ 4.867758131314184, 61.65793584123012 ], [ 4.867742128273042, 61.657676197582191 ] ] ] } },
{ "type": "Feature", "properties": { "fid": 724805, "elvelengde_m": 40.97, "elvID": "085-104-1", "elvenavn": null, "regulert": null, "fid_2": 66, "id": 66, "left": 4.486919847, "top": 61.946110046000001, "right": 4.986919847, "bottom": 61.446110046000001, "row_index": 25, "col_index": 1, "tile_id": 66 }, "geometry": { "type": "MultiLineString", "coordinates": [ [ [ 4.952048572378418, 61.639162166734884 ], [ 4.952187827141278, 61.638801726227321 ] ] ] } },
{ "type": "Feature", "properties": { "fid": 724819, "elvelengde_m": 24.7, "elvID": "085-116-1", "elvenavn": null, "regulert": null, "fid_2": 66, "id": 66, "left": 4.486919847, "top": 61.946110046000001, "right": 4.986919847, "bottom": 61.446110046000001, "row_index": 25, "col_index": 1, "tile_id": 66 }, "geometry": { "type": "MultiLineString", "coordinates": [ [ [ 4.844349123840397, 61.630103143089102 ], [ 4.844239314885801, 61.630316323198208 ] ] ] } },
{ "type": "Feature", "properties": { "fid": 724847, "elvelengde_m": 34.33, "elvID": "085-115-1", "elvenavn": null, "regulert": null, "fid_2": 66, "id": 66, "left": 4.486919847, "top": 61.946110046000001, "right": 4.986919847, "bottom": 61.446110046000001, "row_index": 25, "col_index": 1, "tile_id": 66 }, "geometry": { "type": "MultiLineString", "coordinates": [ [ [ 4.813754886825219, 61.626678587516309 ], [ 4.81424709414382, 61.626479975917952 ] ] ] } },
{ "type": "Feature", "properties": { "fid": 724854, "elvelengde_m": 17.83, "elvID": "085-114-1", "elvenavn": null, "regulert": null, "fid_2": 66, "id": 66, "left": 4.486919847, "top": 61.946110046000001, "right": 4.986919847, "bottom": 61.446110046000001, "row_index": 25, "col_index": 1, "tile_id": 66 }, "geometry": { "type": "MultiLineString", "coordinates": [ [ [ 4.801947853955525, 61.625156404418824 ], [ 4.802231019658215, 61.625071050588993 ] ] ] } },
{ "type": "Feature", "properties": { "fid": 724886, "elvelengde_m": 364.09, "elvID": "085-117-1", "elvenavn": null, "regulert": null, "fid_2": 66, "id": 66, "left": 4.486919847, "top": 61.946110046000001, "right": 4.986919847, "bottom": 61.446110046000001, "row_index": 25, "col_index": 1, "tile_id": 66 }, "geometry": { "type": "MultiLineString", "coordinates": [ [ [ 4.848355759225178, 61.629667552223665 ], [ 4.848978444303373, 61.628688485969711 ], [ 4.849459753036924, 61.628478434422263 ], [ 4.849602060301918, 61.628123248816657 ], [ 4.850983736407454, 61.626834682412237 ], [ 4.851007076261593, 61.626731384993953 ] ] ] } },
{ "type": "Feature", "properties": { "fid": 724919, "elvelengde_m": 143.84, "elvID": "085-113-1", "elvenavn": null, "regulert": null, "fid_2": 66, "id": 66, "left": 4.486919847, "top": 61.946110046000001, "right": 4.986919847, "bottom": 61.446110046000001, "row_index": 25, "col_index": 1, "tile_id": 66 }, "geometry": { "type": "MultiLineString", "coordinates": [ [ [ 4.802139304547906, 61.622492172639951 ], [ 4.802004962431155, 61.622227290724247 ], [ 4.802292081921872, 61.62122643905969 ] ] ] } },
{ "type": "Feature", "properties": { "fid": 725180, "elvelengde_m": 760.41, "elvID": "085-118-1", "elvenavn": null, "regulert": null, "fid_2": 66, "id": 66, "left": 4.486919847, "top": 61.946110046000001, "right": 4.986919847, "bottom": 61.446110046000001, "row_index": 25, "col_index": 1, "tile_id": 66 }, "geometry": { "type": "MultiLineString", "coordinates": [ [ [ 4.867446913283355, 61.605398257940919 ], [ 4.866068585876593, 61.605967959934418 ], [ 4.864987170213961, 61.606573470753474 ], [ 4.864749207974323, 61.606800057063836 ], [ 4.864592112637517, 61.607271765168186 ], [ 4.86477082079276, 61.607627719164256 ], [ 4.864686343445128, 61.608119626647785 ], [ 4.865038017069641, 61.608453941556789 ], [ 4.864037034354493, 61.609870963452472 ], [ 4.863888413868456, 61.610558738398936 ], [ 4.863646879076047, 61.610812133619312 ], [ 4.863642663395289, 61.61112658832311 ], [ 4.863945306126789, 61.611489651823554 ] ] ] } },
{ "type": "Feature", "properties": { "fid": 725186, "elvelengde_m": 190.53, "elvID": "085-128-1", "elvenavn": null, "regulert": null, "fid_2": 66, "id": 66, "left": 4.486919847, "top": 61.946110046000001, "right": 4.986919847, "bottom": 61.446110046000001, "row_index": 25, "col_index": 1, "tile_id": 66 }, "geometry": { "type": "MultiLineString", "coordinates": [ [ [ 4.830152466263863, 61.60199877697729 ], [ 4.828483733353512, 61.60298913689028 ], [ 4.827878956203524, 61.603016573268746 ], [ 4.827631263327142, 61.602939540058266 ] ] ] } },
{ "type": "Feature", "properties": { "fid": 725189, "elvelengde_m": 504.9, "elvID": "085-119-1", "elvenavn": null, "regulert": null, "fid_2": 66, "id": 66, "left": 4.486919847, "top": 61.946110046000001, "right": 4.986919847, "bottom": 61.446110046000001, "row_index": 25, "col_index": 1, "tile_id": 66 }, "geometry": { "type": "MultiLineString", "coordinates": [ [ [ 4.870945556403067, 61.604641170715141 ], [ 4.870942873659493, 61.605225496251322 ], [ 4.870832132933105, 61.605491948321315 ], [ 4.870880769364978, 61.605834894873169 ], [ 4.871392472748843, 61.60610211504779 ], [ 4.871393429455633, 61.60623693101288 ], [ 4.871102771036929, 61.606434951113457 ], [ 4.870965789042358, 61.60675440582137 ], [ 4.870676369090754, 61.606943462725042 ], [ 4.870671965310168, 61.607401608754287 ], [ 4.87089526622086, 61.607849088214273 ], [ 4.870703987066446, 61.608292704059529 ], [ 4.870753300290947, 61.608938967394998 ] ] ] } },
{ "type": "Feature", "properties": { "fid": 725192, "elvelengde_m": 213.89, "elvID": "085-129-1", "elvenavn": null, "regulert": null, "fid_2": 66, "id": 66, "left": 4.486919847, "top": 61.946110046000001, "right": 4.986919847, "bottom": 61.446110046000001, "row_index": 25, "col_index": 1, "tile_id": 66 }, "geometry": { "type": "MultiLineString", "coordinates": [ [ [ 4.845727854979955, 61.602671471238082 ], [ 4.846295975587002, 61.602796693170106 ], [ 4.847371145196341, 61.603224930070738 ], [ 4.847971877955021, 61.60325216256939 ], [ 4.848546729051571, 61.603044898905573 ], [ 4.849206016298426, 61.603051434526655 ] ] ] } },
{ "type": "Feature", "properties": { "fid": 725212, "elvelengde_m": 57.11, "elvID": "085-130-1", "elvenavn": null, "regulert": null, "fid_2": 66, "id": 66, "left": 4.486919847, "top": 61.946110046000001, "right": 4.986919847, "bottom": 61.446110046000001, "row_index": 25, "col_index": 1, "tile_id": 66 }, "geometry": { "type": "MultiLineString", "coordinates": [ [ [ 4.850486133625749, 61.601953100746378 ], [ 4.850719576073794, 61.602041155061784 ], [ 4.850762198716565, 61.602409659642291 ] ] ] } },
{ "type": "Feature", "properties": { "fid": 725281, "elvelengde_m": 322.13, "elvID": "085-120-1", "elvenavn": null, "regulert": null, "fid_2": 66, "id": 66, "left": 4.486919847, "top": 61.946110046000001, "right": 4.986919847, "bottom": 61.446110046000001, "row_index": 25, "col_index": 1, "tile_id": 66 }, "geometry": { "type": "MultiLineString", "coordinates": [ [ [ 4.883918462526894, 61.603037256516579 ], [ 4.884022926705, 61.602393091950887 ], [ 4.884393737394512, 61.602017765505806 ], [ 4.886439719132964, 61.601674834518747 ], [ 4.888083578087213, 61.601661495577112 ] ] ] } },
{ "type": "Feature", "properties": { "fid": 725286, "elvelengde_m": 13.66, "elvID": "085-120-1", "elvenavn": null, "regulert": null, "fid_2": 66, "id": 66, "left": 4.486919847, "top": 61.946110046000001, "right": 4.986919847, "bottom": 61.446110046000001, "row_index": 25, "col_index": 1, "tile_id": 66 }, "geometry": { "type": "MultiLineString", "coordinates": [ [ [ 4.888826331994599, 61.601468071946307 ], [ 4.889080243747554, 61.601450371156815 ] ] ] } },
{ "type": "Feature", "properties": { "fid": 725650, "elvelengde_m": 899.1, "elvID": "084-192-1", "elvenavn": null, "regulert": null, "fid_2": 66, "id": 66, "left": 4.486919847, "top": 61.946110046000001, "right": 4.986919847, "bottom": 61.446110046000001, "row_index": 25, "col_index": 1, "tile_id": 66 }, "geometry": { "type": "MultiLineString", "coordinates": [ [ [ 4.933116832532988, 61.530473826307166 ], [ 4.932464932401421, 61.530562243313803 ], [ 4.931883441926996, 61.530832642942393 ], [ 4.931751005667809, 61.53112518594461 ], [ 4.931883511797724, 61.531551736238427 ], [ 4.932238561181207, 61.531790695523803 ], [ 4.932950173031856, 61.531889260407929 ], [ 4.933089663506623, 61.531974260194303 ], [ 4.933087436529938, 61.532423727252279 ], [ 4.932856302479723, 61.532605699499641 ], [ 4.932242149689671, 61.53269511948691 ], [ 4.931524657020196, 61.533141179612237 ], [ 4.931434425002781, 61.533686856127915 ], [ 4.931139991224094, 61.534064661652941 ], [ 4.930434118083317, 61.534277259879971 ], [ 4.930156406028974, 61.534529641011495 ], [ 4.929690837869887, 61.534776442142025 ], [ 4.929674292608614, 61.535333315478944 ], [ 4.929901779176259, 61.535897419526727 ], [ 4.929798436189764, 61.536541626959689 ], [ 4.930688924419004, 61.536909040488339 ] ] ] } },
{ "type": "Feature", "properties": { "fid": 725672, "elvelengde_m": 203.47, "elvID": "084-192-1", "elvenavn": null, "regulert": null, "fid_2": 66, "id": 66, "left": 4.486919847, "top": 61.946110046000001, "right": 4.986919847, "bottom": 61.446110046000001, "row_index": 25, "col_index": 1, "tile_id": 66 }, "geometry": { "type": "MultiLineString", "coordinates": [ [ [ 4.929432570847129, 61.527981602387278 ], [ 4.931172165801664, 61.528069520592403 ], [ 4.933190623577488, 61.527896065245429 ] ] ] } },
{ "type": "Feature", "properties": { "fid": 725714, "elvelengde_m": 582.9, "elvID": "084-187-1", "elvenavn": null, "regulert": null, "fid_2": 66, "id": 66, "left": 4.486919847, "top": 61.946110046000001, "right": 4.986919847, "bottom": 61.446110046000001, "row_index": 25, "col_index": 1, "tile_id": 66 }, "geometry": { "type": "MultiLineString", "coordinates": [ [ [ 4.941719645083688, 61.525444493235675 ], [ 4.943928030996126, 61.525833795096048 ], [ 4.945477661367631, 61.526221567100428 ], [ 4.946875136498282, 61.527054137791637 ], [ 4.946158051064339, 61.527644155484481 ], [ 4.945913226656974, 61.527933501707992 ], [ 4.94600943676727, 61.528062256655708 ], [ 4.947626830222309, 61.528758167008995 ] ] ] } },
{ "type": "Feature", "properties": { "fid": 725736, "elvelengde_m": 20.67, "elvID": "084-185-1", "elvenavn": null, "regulert": null, "fid_2": 66, "id": 66, "left": 4.486919847, "top": 61.946110046000001, "right": 4.986919847, "bottom": 61.446110046000001, "row_index": 25, "col_index": 1, "tile_id": 66 }, "geometry": { "type": "MultiLineString", "coordinates": [ [ [ 4.939686942025663, 61.523424190916401 ], [ 4.94005252539401, 61.523363138162651 ] ] ] } },
{ "type": "Feature", "properties": { "fid": 725744, "elvelengde_m": 31.54, "elvID": "084-185-1", "elvenavn": null, "regulert": null, "fid_2": 66, "id": 66, "left": 4.486919847, "top": 61.946110046000001, "right": 4.986919847, "bottom": 61.446110046000001, "row_index": 25, "col_index": 1, "tile_id": 66 }, "geometry": { "type": "MultiLineString", "coordinates": [ [ [ 4.941427380997681, 61.523071480195853 ], [ 4.941743540696931, 61.522955044532367 ], [ 4.941792881923203, 61.522866638400046 ] ] ] } },
{ "type": "Feature", "properties": { "fid": 725755, "elvelengde_m": 726.07, "elvID": "084-185-1", "elvenavn": null, "regulert": null, "fid_2": 66, "id": 66, "left": 4.486919847, "top": 61.946110046000001, "right": 4.986919847, "bottom": 61.446110046000001, "row_index": 25, "col_index": 1, "tile_id": 66 }, "geometry": { "type": "MultiLineString", "coordinates": [ [ [ 4.943355920927072, 61.521708559132072 ], [ 4.944073041918553, 61.521837816513141 ], [ 4.944193966295108, 61.522066197157386 ], [ 4.944434511759533, 61.522244087452833 ], [ 4.944987420209879, 61.522476282680294 ], [ 4.945708129543345, 61.522434857540397 ], [ 4.946768981207573, 61.5228169364824 ], [ 4.949492822581625, 61.523149625656082 ], [ 4.949973638836621, 61.523361766778358 ], [ 4.950719075424612, 61.523851355797724 ], [ 4.951313199796964, 61.523984730376107 ], [ 4.95258080686276, 61.524733698768081 ], [ 4.953458584771269, 61.525397348622946 ] ] ] } },
{ "type": "Feature", "properties": { "fid": 725775, "elvelengde_m": 182.71, "elvID": "084-185-2", "elvenavn": null, "regulert": null, "fid_2": 66, "id": 66, "left": 4.486919847, "top": 61.946110046000001, "right": 4.986919847, "bottom": 61.446110046000001, "row_index": 25, "col_index": 1, "tile_id": 66 }, "geometry": { "type": "MultiLineString", "coordinates": [ [ [ 4.942930618513031, 61.518765297626196 ], [ 4.942674334855691, 61.519431969262286 ], [ 4.942809026658355, 61.519840556583929 ], [ 4.942998995877072, 61.520115818755457 ], [ 4.942947675918382, 61.520365963791377 ] ] ] } },
{ "type": "Feature", "properties": { "fid": 725777, "elvelengde_m": 207.32, "elvID": "084-182-1", "elvenavn": null, "regulert": null, "fid_2": 66, "id": 66, "left": 4.486919847, "top": 61.946110046000001, "right": 4.986919847, "bottom": 61.446110046000001, "row_index": 25, "col_index": 1, "tile_id": 66 }, "geometry": { "type": "MultiLineString", "coordinates": [ [ [ 4.95972364955554, 61.519749789073558 ], [ 4.961029957599751, 61.52056157819073 ], [ 4.962297995195711, 61.520653088988588 ], [ 4.962655224148076, 61.520782663697553 ] ] ] } },
{ "type": "Feature", "properties": { "fid": 726330, "elvelengde_m": 95.92, "elvID": "085-121-1", "elvenavn": null, "regulert": null, "fid_2": 66, "id": 66, "left": 4.486919847, "top": 61.946110046000001, "right": 4.986919847, "bottom": 61.446110046000001, "row_index": 25, "col_index": 1, "tile_id": 66 }, "geometry": { "type": "MultiLineString", "coordinates": [ [ [ 4.880379387017864, 61.600413297728927 ], [ 4.880179042533157, 61.600074679937727 ], [ 4.880284294708717, 61.599709203938644 ], [ 4.880486918845206, 61.599615242186317 ] ] ] } },
{ "type": "Feature", "properties": { "fid": 726331, "elvelengde_m": 428.68, "elvID": "085-131-1", "elvenavn": null, "regulert": null, "fid_2": 66, "id": 66, "left": 4.486919847, "top": 61.946110046000001, "right": 4.986919847, "bottom": 61.446110046000001, "row_index": 25, "col_index": 1, "tile_id": 66 }, "geometry": { "type": "MultiLineString", "coordinates": [ [ [ 4.856948203930069, 61.597807254119999 ], [ 4.856946786667604, 61.597960006487249 ], [ 4.857379777043805, 61.598108015651313 ], [ 4.857319580740294, 61.598277008351097 ], [ 4.85709817212622, 61.598378133189236 ], [ 4.856663760631274, 61.598382875411161 ], [ 4.856611338769442, 61.598633045843748 ], [ 4.85618279902433, 61.599438200436047 ], [ 4.855128707951005, 61.600404099876428 ], [ 4.854666521140016, 61.600614762935756 ], [ 4.854369531767736, 61.601015845960603 ] ] ] } },
{ "type": "Feature", "properties": { "fid": 726378, "elvelengde_m": 1591.51, "elvID": "085-132-1", "elvenavn": null, "regulert": null, "fid_2": 66, "id": 66, "left": 4.486919847, "top": 61.946110046000001, "right": 4.986919847, "bottom": 61.446110046000001, "row_index": 25, "col_index": 1, "tile_id": 66 }, "geometry": { "type": "MultiLineString", "coordinates": [ [ [ 4.867949727126532, 61.596396674713361 ], [ 4.867945255379194, 61.596288670801627 ], [ 4.868371828885484, 61.596202713722747 ], [ 4.8687390341882, 61.596420556133701 ], [ 4.869024782193852, 61.596824815901428 ], [ 4.869021557226127, 61.597274175650135 ], [ 4.86886934394165, 61.597566134555024 ], [ 4.868850951132369, 61.598554605065893 ], [ 4.869005617684093, 61.59866715386935 ], [ 4.869317470308124, 61.600150960958167 ], [ 4.869545114453689, 61.600706077366127 ], [ 4.870526683432659, 61.600987655090229 ], [ 4.870607539693456, 61.601088880232744 ], [ 4.87047458191424, 61.601237758738115 ], [ 4.868527294845576, 61.601969984432621 ], [ 4.86669276208445, 61.602139140592193 ], [ 4.865929801153432, 61.602340807765387 ], [ 4.865083921479529, 61.602737745341813 ], [ 4.864188319192912, 61.602944320425067 ], [ 4.863766094108805, 61.603138265852209 ], [ 4.862293871415186, 61.60356116671916 ], [ 4.861542208294443, 61.603960979419824 ], [ 4.861055498013502, 61.604072027728257 ], [ 4.860686675510744, 61.604006902585276 ], [ 4.860486734569572, 61.60409071720526 ], [ 4.86040360755805, 61.604429867791552 ], [ 4.858647520802626, 61.605140713162996 ], [ 4.856465985621943, 61.605827437885175 ] ] ] } },
{ "type": "Feature", "properties": { "fid": 726392, "elvelengde_m": 447.79, "elvID": "085-122-1", "elvenavn": null, "regulert": null, "fid_2": 66, "id": 66, "left": 4.486919847, "top": 61.946110046000001, "right": 4.986919847, "bottom": 61.446110046000001, "row_index": 25, "col_index": 1, "tile_id": 66 }, "geometry": { "type": "MultiLineString", "coordinates": [ [ [ 4.875993392217398, 61.596217415869354 ], [ 4.876039720381799, 61.596578476273159 ], [ 4.876930346233794, 61.597117801480131 ], [ 4.87964367137138, 61.598566148799328 ], [ 4.880162856750243, 61.598635768420237 ], [ 4.880248467960084, 61.598701302115188 ], [ 4.880298390620101, 61.599035461571724 ], [ 4.880620197652083, 61.599341780807265 ] ] ] } },
{ "type": "Feature", "properties": { "fid": 726394, "elvelengde_m": 430.25, "elvID": "085-125-1", "elvenavn": null, "regulert": null, "fid_2": 66, "id": 66, "left": 4.486919847, "top": 61.946110046000001, "right": 4.986919847, "bottom": 61.446110046000001, "row_index": 25, "col_index": 1, "tile_id": 66 }, "geometry": { "type": "MultiLineString", "coordinates": [ [ [ 4.809642810722855, 61.591067777766789 ], [ 4.808138978514057, 61.590886914367665 ], [ 4.807141951816502, 61.591143883090446 ], [ 4.806393493152924, 61.591237725680308 ], [ 4.805750481998566, 61.591526345032371 ], [ 4.804606503935422, 61.591614368788818 ], [ 4.803414899554846, 61.592054167512032 ], [ 4.802490686644722, 61.592253018631865 ] ] ] } },
{ "type": "Feature", "properties": { "fid": 726402, "elvelengde_m": 230.57, "elvID": "085-124-1", "elvenavn": null, "regulert": null, "fid_2": 66, "id": 66, "left": 4.486919847, "top": 61.946110046000001, "right": 4.986919847, "bottom": 61.446110046000001, "row_index": 25, "col_index": 1, "tile_id": 66 }, "geometry": { "type": "MultiLineString", "coordinates": [ [ [ 4.804100550220589, 61.590196304998614 ], [ 4.803590793783373, 61.590198632276667 ], [ 4.802584853351895, 61.590662107583185 ], [ 4.801968777611914, 61.590751053530127 ], [ 4.800462426536853, 61.591196529130961 ] ] ] } },
{ "type": "Feature", "properties": { "fid": 726413, "elvelengde_m": 189.7, "elvID": "085-127-1", "elvenavn": null, "regulert": null, "fid_2": 66, "id": 66, "left": 4.486919847, "top": 61.946110046000001, "right": 4.986919847, "bottom": 61.446110046000001, "row_index": 25, "col_index": 1, "tile_id": 66 }, "geometry": { "type": "MultiLineString", "coordinates": [ [ [ 4.828040697628065, 61.591334823272881 ], [ 4.827377764155026, 61.591494346509045 ], [ 4.825866437423461, 61.592068491555331 ], [ 4.825038578020465, 61.592218588672466 ] ] ] } },
{ "type": "Feature", "properties": { "fid": 726422, "elvelengde_m": 684.5, "elvID": "085-126-1", "elvenavn": null, "regulert": null, "fid_2": 66, "id": 66, "left": 4.486919847, "top": 61.946110046000001, "right": 4.986919847, "bottom": 61.446110046000001, "row_index": 25, "col_index": 1, "tile_id": 66 }, "geometry": { "type": "MultiLineString", "coordinates": [ [ [ 4.812206329072631, 61.589690066586485 ], [ 4.813705292628374, 61.589628174063733 ], [ 4.817201959963158, 61.589861299951352 ], [ 4.819107966594205, 61.590836675017322 ], [ 4.82211816540274, 61.591180663867974 ], [ 4.822604666087582, 61.591169361637633 ], [ 4.823057631058346, 61.591289655765586 ], [ 4.823055980680813, 61.591476449971765 ], [ 4.822681878418777, 61.591620008034376 ] ] ] } },
{ "type": "Feature", "properties": { "fid": 726483, "elvelengde_m": 203.33, "elvID": "085-123-1", "elvenavn": null, "regulert": null, "fid_2": 66, "id": 66, "left": 4.486919847, "top": 61.946110046000001, "right": 4.986919847, "bottom": 61.446110046000001, "row_index": 25, "col_index": 1, "tile_id": 66 }, "geometry": { "type": "MultiLineString", "coordinates": [ [ [ 4.829466670190329, 61.587188978201091 ], [ 4.830305078454341, 61.586855307335234 ], [ 4.831764052942783, 61.586453471305248 ], [ 4.832538889934259, 61.586133917765721 ] ] ] } },
{ "type": "Feature", "properties": { "fid": 726666, "elvelengde_m": 221.43, "elvID": "085-133-1", "elvenavn": null, "regulert": null, "fid_2": 66, "id": 66, "left": 4.486919847, "top": 61.946110046000001, "right": 4.986919847, "bottom": 61.446110046000001, "row_index": 25, "col_index": 1, "tile_id": 66 }, "geometry": { "type": "MultiLineString", "coordinates": [ [ [ 4.836530834530103, 61.57153711859597 ], [ 4.837596583620112, 61.572306826147702 ], [ 4.838485026798979, 61.57271156038351 ], [ 4.838938305264093, 61.573131311217566 ] ] ] } },
{ "type": "Feature", "properties": { "fid": 726681, "elvelengde_m": 238.29, "elvID": "085-139-1", "elvenavn": null, "regulert": null, "fid_2": 66, "id": 66, "left": 4.486919847, "top": 61.946110046000001, "right": 4.986919847, "bottom": 61.446110046000001, "row_index": 25, "col_index": 1, "tile_id": 66 }, "geometry": { "type": "MultiLineString", "coordinates": [ [ [ 4.764784218511759, 61.565178041996418 ], [ 4.766393578500979, 61.565807898181944 ], [ 4.767783189245761, 61.565861107918032 ], [ 4.76875201290933, 61.56578454935142 ] ] ] } },
{ "type": "Feature", "properties": { "fid": 726696, "elvelengde_m": 260.88, "elvID": "085-134-1", "elvenavn": null, "regulert": null, "fid_2": 66, "id": 66, "left": 4.486919847, "top": 61.946110046000001, "right": 4.986919847, "bottom": 61.446110046000001, "row_index": 25, "col_index": 1, "tile_id": 66 }, "geometry": { "type": "MultiLineString", "coordinates": [ [ [ 4.847955762118933, 61.570563801751526 ], [ 4.847927788966454, 61.57091360483038 ], [ 4.848009280406854, 61.571149918553125 ], [ 4.847419681110332, 61.571879819363822 ], [ 4.846967597974658, 61.572140998939176 ], [ 4.846524937984386, 61.572724362323861 ] ] ] } },
{ "type": "Feature", "properties": { "fid": 726717, "elvelengde_m": 181.73, "elvID": "085-134-2", "elvenavn": null, "regulert": null, "fid_2": 66, "id": 66, "left": 4.486919847, "top": 61.946110046000001, "right": 4.986919847, "bottom": 61.446110046000001, "row_index": 25, "col_index": 1, "tile_id": 66 }, "geometry": { "type": "MultiLineString", "coordinates": [ [ [ 4.849741266301471, 61.569197693151288 ], [ 4.849259711916908, 61.569695552549128 ], [ 4.848114734525859, 61.570361933470004 ], [ 4.847955762118933, 61.570563801751526 ] ] ] } },
{ "type": "Feature", "properties": { "fid": 726726, "elvelengde_m": 473.95, "elvID": "085-134-1", "elvenavn": null, "regulert": null, "fid_2": 66, "id": 66, "left": 4.486919847, "top": 61.946110046000001, "right": 4.986919847, "bottom": 61.446110046000001, "row_index": 25, "col_index": 1, "tile_id": 66 }, "geometry": { "type": "MultiLineString", "coordinates": [ [ [ 4.841140625752806, 61.567955963448142 ], [ 4.842412453570121, 61.568453143670261 ], [ 4.84329461205586, 61.568623828614541 ], [ 4.844940889529362, 61.569141503249831 ], [ 4.846331690267476, 61.570019946546928 ], [ 4.847955762118933, 61.570563801751526 ] ] ] } },
{ "type": "Feature", "properties": { "fid": 726728, "elvelengde_m": 265.05, "elvID": "085-143-1", "elvenavn": null, "regulert": null, "fid_2": 66, "id": 66, "left": 4.486919847, "top": 61.946110046000001, "right": 4.986919847, "bottom": 61.446110046000001, "row_index": 25, "col_index": 1, "tile_id": 66 }, "geometry": { "type": "MultiLineString", "coordinates": [ [ [ 4.744703924130383, 61.560386861214795 ], [ 4.746038871105377, 61.560406273627727 ], [ 4.746844126175253, 61.560625777614888 ], [ 4.746714537548635, 61.560685234352185 ], [ 4.746605444479442, 61.560907012089466 ], [ 4.746706674526253, 61.560965050224077 ], [ 4.746701831581698, 61.56107010919083 ], [ 4.746376699426236, 61.561246694975132 ], [ 4.746532290375809, 61.561787442621046 ] ] ] } },
{ "type": "Feature", "properties": { "fid": 726731, "elvelengde_m": 559.76, "elvID": "085-137-1", "elvenavn": null, "regulert": null, "fid_2": 66, "id": 66, "left": 4.486919847, "top": 61.946110046000001, "right": 4.986919847, "bottom": 61.446110046000001, "row_index": 25, "col_index": 1, "tile_id": 66 }, "geometry": { "type": "MultiLineString", "coordinates": [ [ [ 4.804013355820634, 61.564434188873371 ], [ 4.802999673196394, 61.564333185507529 ], [ 4.802157229246132, 61.56456804200478 ], [ 4.801242029424862, 61.565339882807407 ], [ 4.801090159265634, 61.565766754515522 ], [ 4.801551790313545, 61.566257480353102 ], [ 4.801646740107488, 61.566529995681229 ], [ 4.801546640731459, 61.567129403672226 ], [ 4.801588282082663, 61.567238595445104 ], [ 4.801781624008027, 61.567622138231144 ], [ 4.802540545271264, 61.568341227048641 ] ] ] } },
{ "type": "Feature", "properties": { "fid": 726733, "elvelengde_m": 490.69, "elvID": "085-138-1", "elvenavn": null, "regulert": null, "fid_2": 66, "id": 66, "left": 4.486919847, "top": 61.946110046000001, "right": 4.986919847, "bottom": 61.446110046000001, "row_index": 25, "col_index": 1, "tile_id": 66 }, "geometry": { "type": "MultiLineString", "coordinates": [ [ [ 4.827726907326721, 61.565918982047393 ], [ 4.827161354825836, 61.565919623534597 ], [ 4.824560444863423, 61.566334441360418 ], [ 4.822804882693662, 61.566910024367026 ], [ 4.822478187972305, 61.567376540912612 ], [ 4.821802193199222, 61.568057108830757 ], [ 4.821657550850417, 61.568430287688997 ], [ 4.82174997064295, 61.568585946324433 ] ] ] } },
{ "type": "Feature", "properties": { "fid": 726739, "elvelengde_m": 258.75, "elvID": "085-140-1", "elvenavn": null, "regulert": null, "fid_2": 66, "id": 66, "left": 4.486919847, "top": 61.946110046000001, "right": 4.986919847, "bottom": 61.446110046000001, "row_index": 25, "col_index": 1, "tile_id": 66 }, "geometry": { "type": "MultiLineString", "coordinates": [ [ [ 4.766470997815385, 61.560695772906691 ], [ 4.767413249532989, 61.560698008498363 ], [ 4.768908048460334, 61.560933165443736 ], [ 4.770126930456476, 61.560980050388935 ], [ 4.771015451940994, 61.561280783336301 ] ] ] } },
{ "type": "Feature", "properties": { "fid": 726776, "elvelengde_m": 200.45, "elvID": "085-142-1", "elvenavn": null, "regulert": null, "fid_2": 66, "id": 66, "left": 4.486919847, "top": 61.946110046000001, "right": 4.986919847, "bottom": 61.446110046000001, "row_index": 25, "col_index": 1, "tile_id": 66 }, "geometry": { "type": "MultiLineString", "coordinates": [ [ [ 4.742933889965413, 61.5561148908902 ], [ 4.742559694711942, 61.556094277604387 ], [ 4.741985988989377, 61.556292106809252 ], [ 4.741415407798466, 61.556741783529013 ], [ 4.740995453668777, 61.556917497234465 ], [ 4.740003902967829, 61.557012588632702 ] ] ] } },
{ "type": "Feature", "properties": { "fid": 726780, "elvelengde_m": 707.43, "elvID": "085-136-1", "elvenavn": null, "regulert": null, "fid_2": 66, "id": 66, "left": 4.486919847, "top": 61.946110046000001, "right": 4.986919847, "bottom": 61.446110046000001, "row_index": 25, "col_index": 1, "tile_id": 66 }, "geometry": { "type": "MultiLineString", "coordinates": [ [ [ 4.807138390558618, 61.564118874550111 ], [ 4.809553385937497, 61.563545747388517 ], [ 4.811904129560725, 61.56316851570471 ], [ 4.814460047935812, 61.562527685274873 ], [ 4.816380320798743, 61.562406837269009 ], [ 4.816776305185868, 61.562266141277178 ], [ 4.816962661047882, 61.562002156478584 ], [ 4.816636715579117, 61.561623506883741 ], [ 4.815637449936733, 61.561226005349489 ] ] ] } },
{ "type": "Feature", "properties": { "fid": 726791, "elvelengde_m": 24.35, "elvID": "085-135-1", "elvenavn": null, "regulert": null, "fid_2": 66, "id": 66, "left": 4.486919847, "top": 61.946110046000001, "right": 4.986919847, "bottom": 61.446110046000001, "row_index": 25, "col_index": 1, "tile_id": 66 }, "geometry": { "type": "MultiLineString", "coordinates": [ [ [ 4.837711203943075, 61.561198514360932 ], [ 4.837759017674465, 61.561262963832434 ], [ 4.838070899320018, 61.561248827916891 ] ] ] } },
{ "type": "Feature", "properties": { "fid": 726795, "elvelengde_m": 201.16, "elvID": "085-141-1", "elvenavn": null, "regulert": null, "fid_2": 66, "id": 66, "left": 4.486919847, "top": 61.946110046000001, "right": 4.986919847, "bottom": 61.446110046000001, "row_index": 25, "col_index": 1, "tile_id": 66 }, "geometry": { "type": "MultiLineString", "coordinates": [ [ [ 4.739280090303963, 61.555272512662086 ], [ 4.73999114644675, 61.555034040243555 ], [ 4.73985523612602, 61.5546520984214 ], [ 4.739956059334435, 61.554466560619822 ], [ 4.739955343439223, 61.554196688197798 ], [ 4.74042809603663, 61.55371749198433 ] ] ] } },
{ "type": "Feature", "properties": { "fid": 726854, "elvelengde_m": 916.79, "elvID": "084-184-1", "elvenavn": null, "regulert": null, "fid_2": 66, "id": 66, "left": 4.486919847, "top": 61.946110046000001, "right": 4.986919847, "bottom": 61.446110046000001, "row_index": 25, "col_index": 1, "tile_id": 66 }, "geometry": { "type": "MultiLineString", "coordinates": [ [ [ 4.95521097086584, 61.516532465540742 ], [ 4.954766280160605, 61.517490158096891 ], [ 4.954777071971885, 61.517697207362957 ], [ 4.954904988606581, 61.517871771646476 ], [ 4.954773670711033, 61.518011756834156 ], [ 4.95472345283271, 61.518253019593921 ], [ 4.954481221976631, 61.518524457521778 ], [ 4.95452960515679, 61.519020313866314 ], [ 4.954427730312858, 61.519224054912492 ], [ 4.954839516211575, 61.519820543175435 ], [ 4.954749510674483, 61.520078584928932 ], [ 4.954934880828915, 61.520389788512936 ], [ 4.955074527217803, 61.520906373600923 ], [ 4.955529778674425, 61.521459191243046 ], [ 4.955521591249897, 61.521665734556962 ], [ 4.955204230916565, 61.521934938882644 ], [ 4.955324161090221, 61.522316060287665 ], [ 4.955135592393074, 61.522607154287414 ], [ 4.955366691225592, 61.522856659410039 ], [ 4.954944937635836, 61.523059885650916 ], [ 4.954806696652811, 61.523253590133741 ], [ 4.95480117759031, 61.523729865813472 ], [ 4.955041583971488, 61.52390781350919 ], [ 4.95575151365837, 61.524188482950827 ] ] ] } },
{ "type": "Feature", "properties": { "fid": 726878, "elvelengde_m": 884.52, "elvID": "084-180-1", "elvenavn": null, "regulert": null, "fid_2": 66, "id": 66, "left": 4.486919847, "top": 61.946110046000001, "right": 4.986919847, "bottom": 61.446110046000001, "row_index": 25, "col_index": 1, "tile_id": 66 }, "geometry": { "type": "MultiLineString", "coordinates": [ [ [ 4.953734776219568, 61.51327039788822 ], [ 4.954203667702312, 61.513715865968052 ], [ 4.955412241252074, 61.51455187704763 ], [ 4.955687856189199, 61.514892607262205 ], [ 4.956303178361407, 61.515369325525505 ], [ 4.956903584035264, 61.515818584351777 ], [ 4.957879919736746, 61.516270075963895 ], [ 4.957935156335672, 61.51642456611355 ], [ 4.958862015314376, 61.516532944195127 ], [ 4.959993132327909, 61.516809144434326 ], [ 4.960169223202477, 61.517191988619956 ], [ 4.960729591314299, 61.517514213462604 ], [ 4.962048263820455, 61.517939867349 ], [ 4.962467750092207, 61.518186065203516 ], [ 4.962891107703721, 61.518261524176474 ], [ 4.963022314900416, 61.518409252083408 ], [ 4.964202875798082, 61.518965223336238 ] ] ] } },
{ "type": "Feature", "properties": { "fid": 726879, "elvelengde_m": 239.96, "elvID": "084-179-1", "elvenavn": null, "regulert": null, "fid_2": 66, "id": 66, "left": 4.486919847, "top": 61.946110046000001, "right": 4.986919847, "bottom": 61.446110046000001, "row_index": 25, "col_index": 1, "tile_id": 66 }, "geometry": { "type": "MultiLineString", "coordinates": [ [ [ 4.967488886012968, 61.513867021598131 ], [ 4.967856061827735, 61.514228463435941 ], [ 4.969285496978737, 61.514646159347471 ], [ 4.969690132008855, 61.514453488805266 ], [ 4.971067274174369, 61.51437730051164 ] ] ] } },
{ "type": "Feature", "properties": { "fid": 726900, "elvelengde_m": 255.71, "elvID": "084-179-1", "elvenavn": null, "regulert": null, "fid_2": 66, "id": 66, "left": 4.486919847, "top": 61.946110046000001, "right": 4.986919847, "bottom": 61.446110046000001, "row_index": 25, "col_index": 1, "tile_id": 66 }, "geometry": { "type": "MultiLineString", "coordinates": [ [ [ 4.965213884762429, 61.512109645405467 ], [ 4.964637908662651, 61.512200483292091 ], [ 4.964077052817236, 61.512462561277424 ], [ 4.964316063383355, 61.512649353059047 ], [ 4.965811457351296, 61.513017218236108 ], [ 4.966697599980996, 61.513439037088425 ] ] ] } },
{ "type": "Feature", "properties": { "fid": 726916, "elvelengde_m": 314.53, "elvID": "084-178-1", "elvenavn": null, "regulert": null, "fid_2": 66, "id": 66, "left": 4.486919847, "top": 61.946110046000001, "right": 4.986919847, "bottom": 61.446110046000001, "row_index": 25, "col_index": 1, "tile_id": 66 }, "geometry": { "type": "MultiLineString", "coordinates": [ [ [ 4.984441384106564, 61.512291113064087 ], [ 4.985278223055566, 61.512513588582166 ], [ 4.985556073286339, 61.512692623138712 ], [ 4.985651740963141, 61.513117981268039 ], [ 4.985319654322514, 61.513503658208784 ], [ 4.985325084183554, 61.51389933073807 ], [ 4.984228094221367, 61.514379303089193 ], [ 4.98409592327856, 61.514550389308958 ] ] ] } },
{ "type": "Feature", "properties": { "fid": 726958, "elvelengde_m": 596.66, "elvID": "084-176-1", "elvenavn": null, "regulert": null, "fid_2": 66, "id": 66, "left": 4.486919847, "top": 61.946110046000001, "right": 4.986919847, "bottom": 61.446110046000001, "row_index": 25, "col_index": 1, "tile_id": 66 }, "geometry": { "type": "MultiLineString", "coordinates": [ [ [ 4.954060540287932, 61.510043935635217 ], [ 4.9531688298002, 61.509954515708657 ], [ 4.953355081802001, 61.509681364050806 ], [ 4.953644204186361, 61.50948331593252 ], [ 4.953637073725915, 61.509392971353932 ], [ 4.952786497265187, 61.509277997575779 ], [ 4.951628958138446, 61.50891989823301 ], [ 4.949291608807488, 61.50837394178437 ], [ 4.948486302066805, 61.507478056939362 ], [ 4.947505799428624, 61.507206158390154 ], [ 4.947301745350962, 61.506789969745363 ] ] ] } },
{ "type": "Feature", "properties": { "fid": 726963, "elvelengde_m": 566.13, "elvID": "084-179-1", "elvenavn": null, "regulert": null, "fid_2": 66, "id": 66, "left": 4.486919847, "top": 61.946110046000001, "right": 4.986919847, "bottom": 61.446110046000001, "row_index": 25, "col_index": 1, "tile_id": 66 }, "geometry": { "type": "MultiLineString", "coordinates": [ [ [ 4.967999182687297, 61.508191813310667 ], [ 4.968133169573075, 61.508321636006158 ], [ 4.969212389819893, 61.508848049305001 ], [ 4.969071073640545, 61.509068601374246 ], [ 4.968355339810882, 61.509362012287795 ], [ 4.96583564981611, 61.509350381442587 ], [ 4.965259414925913, 61.509441018790241 ], [ 4.965128338573559, 61.509581117820886 ], [ 4.965156756434815, 61.509941482953614 ], [ 4.965907813291381, 61.510098595424218 ], [ 4.966258367915055, 61.510297835763268 ], [ 4.966951475322003, 61.51090259433321 ], [ 4.967008989474857, 61.511039140517305 ] ] ] } },
{ "type": "Feature", "properties": { "fid": 729619, "elvelengde_m": 331.88, "elvID": "085-138-2", "elvenavn": null, "regulert": null, "fid_2": 66, "id": 66, "left": 4.486919847, "top": 61.946110046000001, "right": 4.986919847, "bottom": 61.446110046000001, "row_index": 25, "col_index": 1, "tile_id": 66 }, "geometry": { "type": "MultiLineString", "coordinates": [ [ [ 4.827447274221315, 61.567717378773189 ], [ 4.826883476262902, 61.567844031222634 ], [ 4.826040803366754, 61.568222824919403 ], [ 4.824819728503108, 61.568329257174661 ], [ 4.824386081866252, 61.568468865310543 ], [ 4.82174997064295, 61.568585946324433 ] ] ] } },
{ "type": "Feature", "properties": { "fid": 729736, "elvelengde_m": 52.9, "elvID": "085-103-1", "elvenavn": null, "regulert": null, "fid_2": 66, "id": 66, "left": 4.486919847, "top": 61.946110046000001, "right": 4.986919847, "bottom": 61.446110046000001, "row_index": 25, "col_index": 1, "tile_id": 66 }, "geometry": { "type": "MultiLineString", "coordinates": [ [ [ 4.833041871000241, 61.687241341677229 ], [ 4.83280291213837, 61.687525924664499 ], [ 4.832466877223473, 61.687574506151947 ] ] ] } },
{ "type": "Feature", "properties": { "fid": 729738, "elvelengde_m": 210.85, "elvID": "085-100-1", "elvenavn": null, "regulert": null, "fid_2": 66, "id": 66, "left": 4.486919847, "top": 61.946110046000001, "right": 4.986919847, "bottom": 61.446110046000001, "row_index": 25, "col_index": 1, "tile_id": 66 }, "geometry": { "type": "MultiLineString", "coordinates": [ [ [ 4.861151242921749, 61.688903979469174 ], [ 4.85929291915275, 61.687238461890352 ] ] ] } },
{ "type": "Feature", "properties": { "fid": 729745, "elvelengde_m": 80.71, "elvID": "085-103-2", "elvenavn": null, "regulert": null, "fid_2": 66, "id": 66, "left": 4.486919847, "top": 61.946110046000001, "right": 4.986919847, "bottom": 61.446110046000001, "row_index": 25, "col_index": 1, "tile_id": 66 }, "geometry": { "type": "MultiLineString", "coordinates": [ [ [ 4.847355153744963, 61.681811540306043 ], [ 4.847645307648779, 61.68251613268356 ] ] ] } },
{ "type": "Feature", "properties": { "fid": 729757, "elvelengde_m": 6.63, "elvID": "085-101-1", "elvenavn": null, "regulert": null, "fid_2": 66, "id": 66, "left": 4.486919847, "top": 61.946110046000001, "right": 4.986919847, "bottom": 61.446110046000001, "row_index": 25, "col_index": 1, "tile_id": 66 }, "geometry": { "type": "MultiLineString", "coordinates": [ [ [ 4.840343632670296, 61.668329222861466 ], [ 4.840349275650046, 61.668270009923788 ] ] ] } },
{ "type": "Feature", "properties": { "fid": 729815, "elvelengde_m": 21.96, "elvID": "085-113-1", "elvenavn": null, "regulert": null, "fid_2": 66, "id": 66, "left": 4.486919847, "top": 61.946110046000001, "right": 4.986919847, "bottom": 61.446110046000001, "row_index": 25, "col_index": 1, "tile_id": 66 }, "geometry": { "type": "MultiLineString", "coordinates": [ [ [ 4.802367706215791, 61.622655760014709 ], [ 4.802139304547906, 61.622492172639951 ] ] ] } },
{ "type": "Feature", "properties": { "fid": 729867, "elvelengde_m": 14.32, "elvID": "085-131-1", "elvenavn": null, "regulert": null, "fid_2": 66, "id": 66, "left": 4.486919847, "top": 61.946110046000001, "right": 4.986919847, "bottom": 61.446110046000001, "row_index": 25, "col_index": 1, "tile_id": 66 }, "geometry": { "type": "MultiLineString", "coordinates": [ [ [ 4.857086051959741, 61.597697223924293 ], [ 4.856948203930069, 61.597807254119999 ] ] ] } },
{ "type": "Feature", "properties": { "fid": 729892, "elvelengde_m": 9.36, "elvID": "085-143-1", "elvenavn": null, "regulert": null, "fid_2": 66, "id": 66, "left": 4.486919847, "top": 61.946110046000001, "right": 4.986919847, "bottom": 61.446110046000001, "row_index": 25, "col_index": 1, "tile_id": 66 }, "geometry": { "type": "MultiLineString", "coordinates": [ [ [ 4.744545804888875, 61.560423212479506 ], [ 4.744703924130383, 61.560386861214795 ] ] ] } },
{ "type": "Feature", "properties": { "fid": 730998, "elvelengde_m": 75.21, "elvID": "085-103-1", "elvenavn": null, "regulert": null, "fid_2": 66, "id": 66, "left": 4.486919847, "top": 61.946110046000001, "right": 4.986919847, "bottom": 61.446110046000001, "row_index": 25, "col_index": 1, "tile_id": 66 }, "geometry": { "type": "MultiLineString", "coordinates": [ [ [ 4.845379885945166, 61.689504612062571 ], [ 4.844481306322677, 61.689204490936653 ], [ 4.844188304198913, 61.689216670254098 ] ] ] } },
{ "type": "Feature", "properties": { "fid": 730999, "elvelengde_m": 111.61, "elvID": "085-103-1", "elvenavn": null, "regulert": null, "fid_2": 66, "id": 66, "left": 4.486919847, "top": 61.946110046000001, "right": 4.986919847, "bottom": 61.446110046000001, "row_index": 25, "col_index": 1, "tile_id": 66 }, "geometry": { "type": "MultiLineString", "coordinates": [ [ [ 4.851460685077554, 61.686650592135976 ], [ 4.850984125916884, 61.686946124548641 ], [ 4.849796584269082, 61.687212131826378 ] ] ] } },
{ "type": "Feature", "properties": { "fid": 731000, "elvelengde_m": 138.02, "elvID": "085-103-2", "elvenavn": null, "regulert": null, "fid_2": 66, "id": 66, "left": 4.486919847, "top": 61.946110046000001, "right": 4.986919847, "bottom": 61.446110046000001, "row_index": 25, "col_index": 1, "tile_id": 66 }, "geometry": { "type": "MultiLineString", "coordinates": [ [ [ 4.849769584344132, 61.685996934057293 ], [ 4.849856655587928, 61.686338116263663 ], [ 4.849716279820345, 61.686501015481618 ], [ 4.849692798230472, 61.686769097209371 ], [ 4.849796584269082, 61.687212131826378 ] ] ] } },
{ "type": "Feature", "properties": { "fid": 731016, "elvelengde_m": 102.5, "elvID": "085-89-1", "elvenavn": null, "regulert": null, "fid_2": 66, "id": 66, "left": 4.486919847, "top": 61.946110046000001, "right": 4.986919847, "bottom": 61.446110046000001, "row_index": 25, "col_index": 1, "tile_id": 66 }, "geometry": { "type": "MultiLineString", "coordinates": [ [ [ 4.976305318460835, 61.682757184248274 ], [ 4.97647169900698, 61.683135725268038 ], [ 4.976823947556121, 61.683446913242058 ], [ 4.97687403702939, 61.683618878990544 ] ] ] } },
{ "type": "Feature", "properties": { "fid": 731022, "elvelengde_m": 108.21, "elvID": "085-89-1", "elvenavn": null, "regulert": null, "fid_2": 66, "id": 66, "left": 4.486919847, "top": 61.946110046000001, "right": 4.986919847, "bottom": 61.446110046000001, "row_index": 25, "col_index": 1, "tile_id": 66 }, "geometry": { "type": "MultiLineString", "coordinates": [ [ [ 4.977078985359633, 61.676820120473586 ], [ 4.976597267705992, 61.677758802308922 ] ] ] } },
{ "type": "Feature", "properties": { "fid": 731029, "elvelengde_m": 134.84, "elvID": "085-98-1", "elvenavn": null, "regulert": null, "fid_2": 66, "id": 66, "left": 4.486919847, "top": 61.946110046000001, "right": 4.986919847, "bottom": 61.446110046000001, "row_index": 25, "col_index": 1, "tile_id": 66 }, "geometry": { "type": "MultiLineString", "coordinates": [ [ [ 4.897763034275162, 61.664215481635928 ], [ 4.89787570702138, 61.663987504546292 ], [ 4.898468674980707, 61.663644811438388 ], [ 4.898700389201433, 61.663138069701546 ] ] ] } },
{ "type": "Feature", "properties": { "fid": 731031, "elvelengde_m": 39.43, "elvID": "085-88-1", "elvenavn": null, "regulert": null, "fid_2": 66, "id": 66, "left": 4.486919847, "top": 61.946110046000001, "right": 4.986919847, "bottom": 61.446110046000001, "row_index": 25, "col_index": 1, "tile_id": 66 }, "geometry": { "type": "MultiLineString", "coordinates": [ [ [ 4.986396405575623, 61.670486850038017 ], [ 4.986591404576443, 61.670150963784273 ] ] ] } },
{ "type": "Feature", "properties": { "fid": 731033, "elvelengde_m": 41.9, "elvID": "085-88-1", "elvenavn": null, "regulert": null, "fid_2": 66, "id": 66, "left": 4.486919847, "top": 61.946110046000001, "right": 4.986919847, "bottom": 61.446110046000001, "row_index": 25, "col_index": 1, "tile_id": 66 }, "geometry": { "type": "MultiLineString", "coordinates": [ [ [ 4.986781491767952, 61.669707155976276 ], [ 4.986899878064464, 61.669448572091127 ], [ 4.986919847, 61.669439848803997 ] ] ] } },
{ "type": "Feature", "properties": { "fid": 731190, "elvelengde_m": 46.4, "elvID": "085-120-1", "elvenavn": null, "regulert": null, "fid_2": 66, "id": 66, "left": 4.486919847, "top": 61.946110046000001, "right": 4.986919847, "bottom": 61.446110046000001, "row_index": 25, "col_index": 1, "tile_id": 66 }, "geometry": { "type": "MultiLineString", "coordinates": [ [ [ 4.888083578087213, 61.601661495577112 ], [ 4.888826331994599, 61.601468071946307 ] ] ] } },
{ "type": "Feature", "properties": { "fid": 731248, "elvelengde_m": 121.85, "elvID": "085-136-1", "elvenavn": null, "regulert": null, "fid_2": 66, "id": 66, "left": 4.486919847, "top": 61.946110046000001, "right": 4.986919847, "bottom": 61.446110046000001, "row_index": 25, "col_index": 1, "tile_id": 66 }, "geometry": { "type": "MultiLineString", "coordinates": [ [ [ 4.804982474226133, 61.564448144613415 ], [ 4.805690247361512, 61.564401270911262 ], [ 4.807138390558618, 61.564118874550111 ] ] ] } },
{ "type": "Feature", "properties": { "fid": 731343, "elvelengde_m": 216.99, "elvID": "085-91-1", "elvenavn": null, "regulert": null, "fid_2": 66, "id": 66, "left": 4.486919847, "top": 61.946110046000001, "right": 4.986919847, "bottom": 61.446110046000001, "row_index": 25, "col_index": 1, "tile_id": 66 }, "geometry": { "type": "MultiLineString", "coordinates": [ [ [ 4.984883182559747, 61.721833335124472 ], [ 4.98434435565623, 61.721749654140098 ], [ 4.983665377279885, 61.722019952297494 ], [ 4.983290788564353, 61.721996848336417 ], [ 4.982138934032519, 61.721709903329796 ], [ 4.981765726735781, 61.721723458642899 ], [ 4.981386978149707, 61.721910566325114 ] ] ] } },
{ "type": "Feature", "properties": { "fid": 731352, "elvelengde_m": 267.27, "elvID": "085-103-1", "elvenavn": null, "regulert": null, "fid_2": 66, "id": 66, "left": 4.486919847, "top": 61.946110046000001, "right": 4.986919847, "bottom": 61.446110046000001, "row_index": 25, "col_index": 1, "tile_id": 66 }, "geometry": { "type": "MultiLineString", "coordinates": [ [ [ 4.849796584269082, 61.687212131826378 ], [ 4.849759264514366, 61.68729668349372 ], [ 4.849921892808306, 61.688008778541011 ], [ 4.84875955633879, 61.688454072398073 ], [ 4.848311335240129, 61.688832266964354 ], [ 4.847407056540361, 61.688927869855625 ] ] ] } },
{ "type": "Feature", "properties": { "fid": 731357, "elvelengde_m": 272.67, "elvID": "085-100-1", "elvenavn": null, "regulert": null, "fid_2": 66, "id": 66, "left": 4.486919847, "top": 61.946110046000001, "right": 4.986919847, "bottom": 61.446110046000001, "row_index": 25, "col_index": 1, "tile_id": 66 }, "geometry": { "type": "MultiLineString", "coordinates": [ [ [ 4.859202485069874, 61.687064980073764 ], [ 4.859156483974398, 61.686443337480384 ], [ 4.859344435465874, 61.686099190441702 ], [ 4.860167532933084, 61.685764050102755 ], [ 4.860377673323156, 61.685515242502468 ], [ 4.860569740542379, 61.685077996754799 ], [ 4.861025511128501, 61.685043512006274 ] ] ] } },
{ "type": "Feature", "properties": { "fid": 731368, "elvelengde_m": 110.66, "elvID": "085-100-1", "elvenavn": null, "regulert": null, "fid_2": 66, "id": 66, "left": 4.486919847, "top": 61.946110046000001, "right": 4.986919847, "bottom": 61.446110046000001, "row_index": 25, "col_index": 1, "tile_id": 66 }, "geometry": { "type": "MultiLineString", "coordinates": [ [ [ 4.865305441396312, 61.678664294048048 ], [ 4.865570282661801, 61.678342010612567 ], [ 4.865633497391817, 61.677987428678563 ], [ 4.865623737110755, 61.67789973352216 ], [ 4.86526865554806, 61.677809130827221 ] ] ] } },
{ "type": "Feature", "properties": { "fid": 731369, "elvelengde_m": 195.12, "elvID": "085-100-1", "elvenavn": null, "regulert": null, "fid_2": 66, "id": 66, "left": 4.486919847, "top": 61.946110046000001, "right": 4.986919847, "bottom": 61.446110046000001, "row_index": 25, "col_index": 1, "tile_id": 66 }, "geometry": { "type": "MultiLineString", "coordinates": [ [ [ 4.863758845110759, 61.67778145130255 ], [ 4.863681711317818, 61.677703235690949 ], [ 4.863777105739482, 61.677258400072539 ], [ 4.863628713328981, 61.67682301280248 ], [ 4.8636536788273, 61.676644225401056 ], [ 4.862993662664038, 61.676149075545915 ] ] ] } },
{ "type": "Feature", "properties": { "fid": 733317, "elvelengde_m": 698.21, "elvID": "085-100-1", "elvenavn": null, "regulert": null, "fid_2": 66, "id": 66, "left": 4.486919847, "top": 61.946110046000001, "right": 4.986919847, "bottom": 61.446110046000001, "row_index": 25, "col_index": 1, "tile_id": 66 }, "geometry": { "type": "MultiLineString", "coordinates": [ [ [ 4.862675307806412, 61.684877644370161 ], [ 4.863135144607202, 61.684161938334576 ], [ 4.863507528966737, 61.683872216175686 ], [ 4.864008205997492, 61.683796671774971 ], [ 4.8658188690943, 61.683278588119826 ], [ 4.866126650360226, 61.683106171900732 ], [ 4.866773358569963, 61.682358297265772 ], [ 4.866503963493355, 61.681745734176005 ], [ 4.866496891857794, 61.681387961377148 ], [ 4.866575246507584, 61.680852590094304 ], [ 4.866781070485787, 61.680510698406003 ], [ 4.866799158387654, 61.680245422306044 ], [ 4.86629310313509, 61.679871321505978 ], [ 4.866143153859824, 61.679615467783449 ] ] ] } },
{ "type": "Feature", "properties": { "fid": 733518, "elvelengde_m": 72.66, "elvID": "085-95-1", "elvenavn": null, "regulert": null, "fid_2": 66, "id": 66, "left": 4.486919847, "top": 61.946110046000001, "right": 4.986919847, "bottom": 61.446110046000001, "row_index": 25, "col_index": 1, "tile_id": 66 }, "geometry": { "type": "MultiLineString", "coordinates": [ [ [ 4.871340477433316, 61.710667179462803 ], [ 4.871727467167164, 61.711102193082453 ], [ 4.872042561492149, 61.711195265802104 ] ] ] } },
{ "type": "Feature", "properties": { "fid": 733519, "elvelengde_m": 122.5, "elvID": "085-96-1", "elvenavn": null, "regulert": null, "fid_2": 66, "id": 66, "left": 4.486919847, "top": 61.946110046000001, "right": 4.986919847, "bottom": 61.446110046000001, "row_index": 25, "col_index": 1, "tile_id": 66 }, "geometry": { "type": "MultiLineString", "coordinates": [ [ [ 4.870513522239679, 61.709210640842542 ], [ 4.870385680641329, 61.708952634813784 ], [ 4.869708795774867, 61.708316784883692 ], [ 4.86967808401289, 61.708202205878109 ] ] ] } },
{ "type": "Feature", "properties": { "fid": 733521, "elvelengde_m": 39.04, "elvID": "085-91-1", "elvenavn": null, "regulert": null, "fid_2": 66, "id": 66, "left": 4.486919847, "top": 61.946110046000001, "right": 4.986919847, "bottom": 61.446110046000001, "row_index": 25, "col_index": 1, "tile_id": 66 }, "geometry": { "type": "MultiLineString", "coordinates": [ [ [ 4.985698825261276, 61.711748272053633 ], [ 4.985643168790136, 61.711928107889278 ], [ 4.985313411109203, 61.711984998335886 ] ] ] } },
{ "type": "Feature", "properties": { "fid": 733532, "elvelengde_m": 378.89, "elvID": "085-103-1", "elvenavn": null, "regulert": null, "fid_2": 66, "id": 66, "left": 4.486919847, "top": 61.946110046000001, "right": 4.986919847, "bottom": 61.446110046000001, "row_index": 25, "col_index": 1, "tile_id": 66 }, "geometry": { "type": "MultiLineString", "coordinates": [ [ [ 4.856082598093719, 61.689721493007767 ], [ 4.855682588969618, 61.687996374179427 ], [ 4.855773970486456, 61.687642440841067 ], [ 4.855601597904253, 61.687022339623582 ], [ 4.854775398806296, 61.686490347896495 ] ] ] } },
{ "type": "Feature", "properties": { "fid": 733533, "elvelengde_m": 32.36, "elvID": "085-103-1", "elvenavn": null, "regulert": null, "fid_2": 66, "id": 66, "left": 4.486919847, "top": 61.946110046000001, "right": 4.986919847, "bottom": 61.446110046000001, "row_index": 25, "col_index": 1, "tile_id": 66 }, "geometry": { "type": "MultiLineString", "coordinates": [ [ [ 4.832357389148288, 61.687565479659227 ], [ 4.831807754391584, 61.687689261517939 ] ] ] } },
{ "type": "Feature", "properties": { "fid": 733539, "elvelengde_m": 44.68, "elvID": "085-103-3", "elvenavn": null, "regulert": null, "fid_2": 66, "id": 66, "left": 4.486919847, "top": 61.946110046000001, "right": 4.986919847, "bottom": 61.446110046000001, "row_index": 25, "col_index": 1, "tile_id": 66 }, "geometry": { "type": "MultiLineString", "coordinates": [ [ [ 4.839382721333002, 61.685534914092599 ], [ 4.839427162435224, 61.685845413420992 ], [ 4.839522479485661, 61.685919313602284 ] ] ] } },
{ "type": "Feature", "properties": { "fid": 733543, "elvelengde_m": 201.36, "elvID": "085-97-1", "elvenavn": null, "regulert": null, "fid_2": 66, "id": 66, "left": 4.486919847, "top": 61.946110046000001, "right": 4.986919847, "bottom": 61.446110046000001, "row_index": 25, "col_index": 1, "tile_id": 66 }, "geometry": { "type": "MultiLineString", "coordinates": [ [ [ 4.885460160311383, 61.681939743478004 ], [ 4.885425515723422, 61.681764889866521 ], [ 4.885508498917472, 61.681501459690182 ], [ 4.885205217546948, 61.680893354620601 ], [ 4.885193386663323, 61.680626995922559 ], [ 4.885388606011655, 61.680482782679093 ], [ 4.885878751054261, 61.680318576401937 ] ] ] } },
{ "type": "Feature", "properties": { "fid": 735619, "elvelengde_m": 67.15, "elvID": "085-102-1", "elvenavn": null, "regulert": null, "fid_2": 66, "id": 66, "left": 4.486919847, "top": 61.946110046000001, "right": 4.986919847, "bottom": 61.446110046000001, "row_index": 25, "col_index": 1, "tile_id": 66 }, "geometry": { "type": "MultiLineString", "coordinates": [ [ [ 4.852030710615979, 61.672565040318197 ], [ 4.851702154656731, 61.672640415879314 ], [ 4.850817716314954, 61.672570657129341 ] ] ] } },
{ "type": "Feature", "properties": { "fid": 735625, "elvelengde_m": 83.15, "elvID": "085-89-1", "elvenavn": null, "regulert": null, "fid_2": 66, "id": 66, "left": 4.486919847, "top": 61.946110046000001, "right": 4.986919847, "bottom": 61.446110046000001, "row_index": 25, "col_index": 1, "tile_id": 66 }, "geometry": { "type": "MultiLineString", "coordinates": [ [ [ 4.977205153527867, 61.675972987420089 ], [ 4.977157367500262, 61.676183352010398 ], [ 4.97727510942758, 61.676443419727292 ], [ 4.977263752387636, 61.676708563811331 ] ] ] } },
{ "type": "Feature", "properties": { "fid": 735628, "elvelengde_m": 99.08, "elvID": "085-98-1", "elvenavn": null, "regulert": null, "fid_2": 66, "id": 66, "left": 4.486919847, "top": 61.946110046000001, "right": 4.986919847, "bottom": 61.446110046000001, "row_index": 25, "col_index": 1, "tile_id": 66 }, "geometry": { "type": "MultiLineString", "coordinates": [ [ [ 4.895380271325116, 61.669157102971148 ], [ 4.895332003310499, 61.668896799410334 ], [ 4.895520439769986, 61.668283395992454 ] ] ] } },
{ "type": "Feature", "properties": { "fid": 735629, "elvelengde_m": 45.16, "elvID": "085-88-1", "elvenavn": null, "regulert": null, "fid_2": 66, "id": 66, "left": 4.486919847, "top": 61.946110046000001, "right": 4.986919847, "bottom": 61.446110046000001, "row_index": 25, "col_index": 1, "tile_id": 66 }, "geometry": { "type": "MultiLineString", "coordinates": [ [ [ 4.982833560864159, 61.674973348075959 ], [ 4.983193430180679, 61.674608725697006 ] ] ] } },
{ "type": "Feature", "properties": { "fid": 735684, "elvelengde_m": 21.74, "elvID": "085-104-1", "elvenavn": null, "regulert": null, "fid_2": 66, "id": 66, "left": 4.486919847, "top": 61.946110046000001, "right": 4.986919847, "bottom": 61.446110046000001, "row_index": 25, "col_index": 1, "tile_id": 66 }, "geometry": { "type": "MultiLineString", "coordinates": [ [ [ 4.951850093680196, 61.63933145880398 ], [ 4.952048572378418, 61.639162166734884 ] ] ] } },
{ "type": "Feature", "properties": { "fid": 735690, "elvelengde_m": 31.66, "elvID": "085-116-1", "elvenavn": null, "regulert": null, "fid_2": 66, "id": 66, "left": 4.486919847, "top": 61.946110046000001, "right": 4.986919847, "bottom": 61.446110046000001, "row_index": 25, "col_index": 1, "tile_id": 66 }, "geometry": { "type": "MultiLineString", "coordinates": [ [ [ 4.844615678588958, 61.629850116790657 ], [ 4.844349123840397, 61.630103143089102 ] ] ] } },
{ "type": "Feature", "properties": { "fid": 735695, "elvelengde_m": 15.62, "elvID": "085-115-1", "elvenavn": null, "regulert": null, "fid_2": 66, "id": 66, "left": 4.486919847, "top": 61.946110046000001, "right": 4.986919847, "bottom": 61.446110046000001, "row_index": 25, "col_index": 1, "tile_id": 66 }, "geometry": { "type": "MultiLineString", "coordinates": [ [ [ 4.813642775014554, 61.626807754193486 ], [ 4.813754886825219, 61.626678587516309 ] ] ] } },
{ "type": "Feature", "properties": { "fid": 735699, "elvelengde_m": 26.2, "elvID": "085-114-1", "elvenavn": null, "regulert": null, "fid_2": 66, "id": 66, "left": 4.486919847, "top": 61.946110046000001, "right": 4.986919847, "bottom": 61.446110046000001, "row_index": 25, "col_index": 1, "tile_id": 66 }, "geometry": { "type": "MultiLineString", "coordinates": [ [ [ 4.801525403495656, 61.625260542256271 ], [ 4.801947853955525, 61.625156404418824 ] ] ] } },
{ "type": "Feature", "properties": { "fid": 735750, "elvelengde_m": 45.49, "elvID": "085-118-1", "elvenavn": null, "regulert": null, "fid_2": 66, "id": 66, "left": 4.486919847, "top": 61.946110046000001, "right": 4.986919847, "bottom": 61.446110046000001, "row_index": 25, "col_index": 1, "tile_id": 66 }, "geometry": { "type": "MultiLineString", "coordinates": [ [ [ 4.868182620084716, 61.60519582470716 ], [ 4.867446913283355, 61.605398257940919 ] ] ] } },
{ "type": "Feature", "properties": { "fid": 735758, "elvelengde_m": 39.82, "elvID": "085-130-1", "elvenavn": null, "regulert": null, "fid_2": 66, "id": 66, "left": 4.486919847, "top": 61.946110046000001, "right": 4.986919847, "bottom": 61.446110046000001, "row_index": 25, "col_index": 1, "tile_id": 66 }, "geometry": { "type": "MultiLineString", "coordinates": [ [ [ 4.850249135625935, 61.601633105810834 ], [ 4.850280284523127, 61.601810394364485 ], [ 4.850486133625749, 61.601953100746378 ] ] ] } },
{ "type": "Feature", "properties": { "fid": 735761, "elvelengde_m": 8.72, "elvID": "085-120-1", "elvenavn": null, "regulert": null, "fid_2": 66, "id": 66, "left": 4.486919847, "top": 61.946110046000001, "right": 4.986919847, "bottom": 61.446110046000001, "row_index": 25, "col_index": 1, "tile_id": 66 }, "geometry": { "type": "MultiLineString", "coordinates": [ [ [ 4.883873722227693, 61.603112319038651 ], [ 4.883918462526894, 61.603037256516579 ] ] ] } },
{ "type": "Feature", "properties": { "fid": 735767, "elvelengde_m": 140.5, "elvID": "085-121-1", "elvenavn": null, "regulert": null, "fid_2": 66, "id": 66, "left": 4.486919847, "top": 61.946110046000001, "right": 4.986919847, "bottom": 61.446110046000001, "row_index": 25, "col_index": 1, "tile_id": 66 }, "geometry": { "type": "MultiLineString", "coordinates": [ [ [ 4.88011289147991, 61.601641059007889 ], [ 4.880145337924563, 61.601464176232213 ], [ 4.88037453844433, 61.601126794414604 ], [ 4.880348590050431, 61.600950184500107 ], [ 4.880448079565513, 61.600600283297112 ], [ 4.880379387017864, 61.600413297728927 ] ] ] } },
{ "type": "Feature", "properties": { "fid": 735779, "elvelengde_m": 43.21, "elvID": "085-132-1", "elvenavn": null, "regulert": null, "fid_2": 66, "id": 66, "left": 4.486919847, "top": 61.946110046000001, "right": 4.986919847, "bottom": 61.446110046000001, "row_index": 25, "col_index": 1, "tile_id": 66 }, "geometry": { "type": "MultiLineString", "coordinates": [ [ [ 4.867749176915169, 61.596761579151845 ], [ 4.867755486714815, 61.596583591769189 ], [ 4.867949727126532, 61.596396674713361 ] ] ] } },
{ "type": "Feature", "properties": { "fid": 735783, "elvelengde_m": 23.05, "elvID": "085-125-1", "elvenavn": null, "regulert": null, "fid_2": 66, "id": 66, "left": 4.486919847, "top": 61.946110046000001, "right": 4.986919847, "bottom": 61.446110046000001, "row_index": 25, "col_index": 1, "tile_id": 66 }, "geometry": { "type": "MultiLineString", "coordinates": [ [ [ 4.810029355325693, 61.591159281936008 ], [ 4.809642810722855, 61.591067777766789 ] ] ] } },
{ "type": "Feature", "properties": { "fid": 735784, "elvelengde_m": 24.42, "elvID": "085-122-1", "elvenavn": null, "regulert": null, "fid_2": 66, "id": 66, "left": 4.486919847, "top": 61.946110046000001, "right": 4.986919847, "bottom": 61.446110046000001, "row_index": 25, "col_index": 1, "tile_id": 66 }, "geometry": { "type": "MultiLineString", "coordinates": [ [ [ 4.87609615499013, 61.596010246599484 ], [ 4.875993392217398, 61.596217415869354 ] ] ] } },
{ "type": "Feature", "properties": { "fid": 735789, "elvelengde_m": 37.21, "elvID": "085-126-1", "elvenavn": null, "regulert": null, "fid_2": 66, "id": 66, "left": 4.486919847, "top": 61.946110046000001, "right": 4.986919847, "bottom": 61.446110046000001, "row_index": 25, "col_index": 1, "tile_id": 66 }, "geometry": { "type": "MultiLineString", "coordinates": [ [ [ 4.811591791665282, 61.58984213645514 ], [ 4.812206329072631, 61.589690066586485 ] ] ] } },
{ "type": "Feature", "properties": { "fid": 735798, "elvelengde_m": 330.2, "elvID": "085-123-1", "elvenavn": null, "regulert": null, "fid_2": 66, "id": 66, "left": 4.486919847, "top": 61.946110046000001, "right": 4.986919847, "bottom": 61.446110046000001, "row_index": 25, "col_index": 1, "tile_id": 66 }, "geometry": { "type": "MultiLineString", "coordinates": [ [ [ 4.824192790977777, 61.58787158145865 ], [ 4.824461221033261, 61.587984105460443 ], [ 4.826491766744393, 61.588149943605444 ], [ 4.827221891395988, 61.588089897593314 ], [ 4.827665644887912, 61.588022369794999 ], [ 4.82816352554664, 61.587769324937433 ], [ 4.828600373506105, 61.587675122218172 ], [ 4.829466670190329, 61.587188978201091 ] ] ] } },
{ "type": "Feature", "properties": { "fid": 735843, "elvelengde_m": 123.53, "elvID": "085-138-2", "elvenavn": null, "regulert": null, "fid_2": 66, "id": 66, "left": 4.486919847, "top": 61.946110046000001, "right": 4.986919847, "bottom": 61.446110046000001, "row_index": 25, "col_index": 1, "tile_id": 66 }, "geometry": { "type": "MultiLineString", "coordinates": [ [ [ 4.829460150217897, 61.567834434978671 ], [ 4.829045213243855, 61.567660779365802 ], [ 4.828357591968564, 61.567520699861099 ], [ 4.827447274221315, 61.567717378773189 ] ] ] } },
{ "type": "Feature", "properties": { "fid": 735845, "elvelengde_m": 73.24, "elvID": "085-134-1", "elvenavn": null, "regulert": null, "fid_2": 66, "id": 66, "left": 4.486919847, "top": 61.946110046000001, "right": 4.986919847, "bottom": 61.446110046000001, "row_index": 25, "col_index": 1, "tile_id": 66 }, "geometry": { "type": "MultiLineString", "coordinates": [ [ [ 4.839935923324407, 61.567866960931106 ], [ 4.840336757698588, 61.567948360686366 ], [ 4.841051653621834, 61.567876957841051 ], [ 4.841140625752806, 61.567955963448142 ] ] ] } },
{ "type": "Feature", "properties": { "fid": 735849, "elvelengde_m": 71.79, "elvID": "085-142-1", "elvenavn": null, "regulert": null, "fid_2": 66, "id": 66, "left": 4.486919847, "top": 61.946110046000001, "right": 4.986919847, "bottom": 61.446110046000001, "row_index": 25, "col_index": 1, "tile_id": 66 }, "geometry": { "type": "MultiLineString", "coordinates": [ [ [ 4.744215429947323, 61.556296446153539 ], [ 4.742933889965413, 61.5561148908902 ] ] ] } },
{ "type": "Feature", "properties": { "fid": 735851, "elvelengde_m": 12.05, "elvID": "085-141-1", "elvenavn": null, "regulert": null, "fid_2": 66, "id": 66, "left": 4.486919847, "top": 61.946110046000001, "right": 4.986919847, "bottom": 61.446110046000001, "row_index": 25, "col_index": 1, "tile_id": 66 }, "geometry": { "type": "MultiLineString", "coordinates": [ [ [ 4.739116769139728, 61.555346936160461 ], [ 4.739280090303963, 61.555272512662086 ] ] ] } },
{ "type": "Feature", "properties": { "fid": 735855, "elvelengde_m": 16.24, "elvID": "085-135-1", "elvenavn": null, "regulert": null, "fid_2": 66, "id": 66, "left": 4.486919847, "top": 61.946110046000001, "right": 4.986919847, "bottom": 61.446110046000001, "row_index": 25, "col_index": 1, "tile_id": 66 }, "geometry": { "type": "MultiLineString", "coordinates": [ [ [ 4.837747476739169, 61.561054299915384 ], [ 4.837711203943075, 61.561198514360932 ] ] ] } },
{ "type": "Feature", "properties": { "fid": 736080, "elvelengde_m": 5.9, "elvID": "085-103-1", "elvenavn": null, "regulert": null, "fid_2": 66, "id": 66, "left": 4.486919847, "top": 61.946110046000001, "right": 4.986919847, "bottom": 61.446110046000001, "row_index": 25, "col_index": 1, "tile_id": 66 }, "geometry": { "type": "MultiLineString", "coordinates": [ [ [ 4.832466877223473, 61.687574506151947 ], [ 4.832357389148288, 61.687565479659227 ] ] ] } },
{ "type": "Feature", "properties": { "fid": 736121, "elvelengde_m": 6.4, "elvID": "085-138-1", "elvenavn": null, "regulert": null, "fid_2": 66, "id": 66, "left": 4.486919847, "top": 61.946110046000001, "right": 4.986919847, "bottom": 61.446110046000001, "row_index": 25, "col_index": 1, "tile_id": 66 }, "geometry": { "type": "MultiLineString", "coordinates": [ [ [ 4.82174997064295, 61.568585946324433 ], [ 4.821640524685771, 61.568609532490392 ] ] ] } },
{ "type": "Feature", "properties": { "fid": 741083, "elvelengde_m": 43.89, "elvID": "084-185-1", "elvenavn": null, "regulert": null, "fid_2": 66, "id": 66, "left": 4.486919847, "top": 61.946110046000001, "right": 4.986919847, "bottom": 61.446110046000001, "row_index": 25, "col_index": 1, "tile_id": 66 }, "geometry": { "type": "MultiLineString", "coordinates": [ [ [ 4.940412738263949, 61.523395963911184 ], [ 4.941090232113096, 61.523211454821087 ] ] ] } },
{ "type": "Feature", "properties": { "fid": 743570, "elvelengde_m": 58.21, "elvID": "084-185-1", "elvenavn": null, "regulert": null, "fid_2": 66, "id": 66, "left": 4.486919847, "top": 61.946110046000001, "right": 4.986919847, "bottom": 61.446110046000001, "row_index": 25, "col_index": 1, "tile_id": 66 }, "geometry": { "type": "MultiLineString", "coordinates": [ [ [ 4.942354878999152, 61.521502031108561 ], [ 4.943355920927072, 61.521708559132072 ] ] ] } },
{ "type": "Feature", "properties": { "fid": 743847, "elvelengde_m": 65.29, "elvID": "084-179-1", "elvenavn": null, "regulert": null, "fid_2": 66, "id": 66, "left": 4.486919847, "top": 61.946110046000001, "right": 4.986919847, "bottom": 61.446110046000001, "row_index": 25, "col_index": 1, "tile_id": 66 }, "geometry": { "type": "MultiLineString", "coordinates": [ [ [ 4.966697599980996, 61.513439037088425 ], [ 4.967090557796081, 61.513566361927246 ], [ 4.967488886012968, 61.513867021598131 ] ] ] } },
{ "type": "Feature", "properties": { "fid": 746257, "elvelengde_m": 170.8, "elvID": "084-185-1", "elvenavn": null, "regulert": null, "fid_2": 66, "id": 66, "left": 4.486919847, "top": 61.946110046000001, "right": 4.986919847, "bottom": 61.446110046000001, "row_index": 25, "col_index": 1, "tile_id": 66 }, "geometry": { "type": "MultiLineString", "coordinates": [ [ [ 4.941792881923203, 61.522866638400046 ], [ 4.941398949086449, 61.522265090840371 ], [ 4.942354878999152, 61.521502031108561 ] ] ] } },
{ "type": "Feature", "properties": { "fid": 746258, "elvelengde_m": 135.93, "elvID": "084-185-2", "elvenavn": null, "regulert": null, "fid_2": 66, "id": 66, "left": 4.486919847, "top": 61.946110046000001, "right": 4.986919847, "bottom": 61.446110046000001, "row_index": 25, "col_index": 1, "tile_id": 66 }, "geometry": { "type": "MultiLineString", "coordinates": [ [ [ 4.942947675918382, 61.520365963791377 ], [ 4.943030519473266, 61.520863810384306 ], [ 4.942354878999152, 61.521502031108561 ] ] ] } },
{ "type": "Feature", "properties": { "fid": 748657, "elvelengde_m": 181.8, "elvID": "084-179-1", "elvenavn": null, "regulert": null, "fid_2": 66, "id": 66, "left": 4.486919847, "top": 61.946110046000001, "right": 4.986919847, "bottom": 61.446110046000001, "row_index": 25, "col_index": 1, "tile_id": 66 }, "geometry": { "type": "MultiLineString", "coordinates": [ [ [ 4.967008989474857, 61.511039140517305 ], [ 4.967317695280654, 61.511261201720487 ], [ 4.966452009188772, 61.51142931718428 ], [ 4.966278884408736, 61.511587806253402 ], [ 4.965213884762429, 61.512109645405467 ] ] ] } },
{ "type": "Feature", "properties": { "fid": 748741, "elvelengde_m": 412.22, "elvID": "084-192-1", "elvenavn": null, "regulert": null, "fid_2": 66, "id": 66, "left": 4.486919847, "top": 61.946110046000001, "right": 4.986919847, "bottom": 61.446110046000001, "row_index": 25, "col_index": 1, "tile_id": 66 }, "geometry": { "type": "MultiLineString", "coordinates": [ [ [ 4.933190623577488, 61.527896065245429 ], [ 4.934310824741203, 61.527706623615877 ], [ 4.934870577717726, 61.527917802489988 ], [ 4.934533050830817, 61.528703887064971 ], [ 4.934227762770391, 61.528924888929559 ], [ 4.934069768023744, 61.529182216036148 ], [ 4.934112716340643, 61.529538432010057 ], [ 4.934055392244129, 61.529711409984088 ], [ 4.933116832532988, 61.530473826307166 ] ] ] } },
{ "type": "Feature", "properties": { "fid": 748860, "elvelengde_m": 37.22, "elvID": "084-185-1", "elvenavn": null, "regulert": null, "fid_2": 66, "id": 66, "left": 4.486919847, "top": 61.946110046000001, "right": 4.986919847, "bottom": 61.446110046000001, "row_index": 25, "col_index": 1, "tile_id": 66 }, "geometry": { "type": "MultiLineString", "coordinates": [ [ [ 4.939207962208348, 61.52366467047657 ], [ 4.939686942025663, 61.523424190916401 ] ] ] } },
{ "type": "Feature", "properties": { "fid": 751208, "elvelengde_m": 19.57, "elvID": "084-185-1", "elvenavn": null, "regulert": null, "fid_2": 66, "id": 66, "left": 4.486919847, "top": 61.946110046000001, "right": 4.986919847, "bottom": 61.446110046000001, "row_index": 25, "col_index": 1, "tile_id": 66 }, "geometry": { "type": "MultiLineString", "coordinates": [ [ [ 4.94005252539401, 61.523363138162651 ], [ 4.940412738263949, 61.523395963911184 ] ] ] } },
{ "type": "Feature", "properties": { "fid": 751209, "elvelengde_m": 24.0, "elvID": "084-185-1", "elvenavn": null, "regulert": null, "fid_2": 66, "id": 66, "left": 4.486919847, "top": 61.946110046000001, "right": 4.986919847, "bottom": 61.446110046000001, "row_index": 25, "col_index": 1, "tile_id": 66 }, "geometry": { "type": "MultiLineString", "coordinates": [ [ [ 4.941090232113096, 61.523211454821087 ], [ 4.941427380997681, 61.523071480195853 ] ] ] } }
]
}
