{
"type": "FeatureCollection",
"name": "innsjo_tile_id_425",
"crs": { "type": "name", "properties": { "name": "urn:ogc:def:crs:OGC:1.3:CRS84" } },
"xy_coordinate_resolution": 1e-15,
"features": [
{ "type": "Feature", "properties": { "fid": 10495, "navn": null, "hoyde_moh": 1112, "arealInnsjo_km2": 0.0046, "magasinKategori": null, "fid_2": 425, "id": 425, "left": 8.986919847, "top": 62.446110046000001, "right": 9.486919847, "bottom": 61.946110046000001, "row_index": 24, "col_index": 10, "tile_id": 425 }, "geometry": { "type": "MultiPolygon", "coordinates": [ [ [ [ 9.445911235550343, 61.986419269227412 ], [ 9.445515210205112, 61.986286902749299 ], [ 9.445950579487599, 61.98607893702227 ], [ 9.445639934095817, 61.985908617202924 ], [ 9.44481241501928, 61.985903277061979 ], [ 9.443726981057077, 61.986183983056264 ], [ 9.444652253752237, 61.986348803100107 ], [ 9.445053953836485, 61.98626872433681 ], [ 9.444937686189698, 61.986461224988886 ], [ 9.445723363201136, 61.986594208414218 ], [ 9.445911235550343, 61.986419269227412 ] ] ] ] } },
{ "type": "Feature", "properties": { "fid": 10496, "navn": null, "hoyde_moh": 1112, "arealInnsjo_km2": 0.0053, "magasinKategori": null, "fid_2": 425, "id": 425, "left": 8.986919847, "top": 62.446110046000001, "right": 9.486919847, "bottom": 61.946110046000001, "row_index": 24, "col_index": 10, "tile_id": 425 }, "geometry": { "type": "MultiPolygon", "coordinates": [ [ [ [ 9.444752506448468, 61.987655915634264 ], [ 9.444788336939286, 61.987436585457687 ], [ 9.445289682119292, 61.987392481160221 ], [ 9.44572409912962, 61.987030482219552 ], [ 9.445311053367281, 61.986986080930599 ], [ 9.44459502052089, 61.987194769694838 ], [ 9.442787937358423, 61.987161280176139 ], [ 9.443479344435184, 61.987437532370762 ], [ 9.444077460525433, 61.987304638657847 ], [ 9.444115660097822, 61.987514628740207 ], [ 9.444495594043671, 61.98772366160722 ], [ 9.444752506448468, 61.987655915634264 ] ] ] ] } },
{ "type": "Feature", "properties": { "fid": 10497, "navn": null, "hoyde_moh": 1115, "arealInnsjo_km2": 0.0069, "magasinKategori": null, "fid_2": 425, "id": 425, "left": 8.986919847, "top": 62.446110046000001, "right": 9.486919847, "bottom": 61.946110046000001, "row_index": 24, "col_index": 10, "tile_id": 425 }, "geometry": { "type": "MultiPolygon", "coordinates": [ [ [ [ 9.434652347352412, 61.987813550879729 ], [ 9.43499323188732, 61.98786748523387 ], [ 9.434685497315538, 61.987621833943365 ], [ 9.434716592027117, 61.987451814782219 ], [ 9.435458502213059, 61.987268433300777 ], [ 9.435485933373554, 61.987056684134387 ], [ 9.43357280902973, 61.987038043552509 ], [ 9.433695623473074, 61.987361447886649 ], [ 9.43357808258007, 61.987519688103973 ], [ 9.433808248842022, 61.98779496451877 ], [ 9.434339746017912, 61.987961738796912 ], [ 9.434652347352412, 61.987813550879729 ] ] ] ] } },
{ "type": "Feature", "properties": { "fid": 15645, "navn": null, "hoyde_moh": 1315, "arealInnsjo_km2": 0.025, "magasinKategori": null, "fid_2": 425, "id": 425, "left": 8.986919847, "top": 62.446110046000001, "right": 9.486919847, "bottom": 61.946110046000001, "row_index": 24, "col_index": 10, "tile_id": 425 }, "geometry": { "type": "MultiPolygon", "coordinates": [ [ [ [ 9.256467553393337, 62.398563389024737 ], [ 9.256804756938219, 62.398620903778465 ], [ 9.256826142435383, 62.398466144669868 ], [ 9.256493277496325, 62.398311318334621 ], [ 9.257072037110706, 62.398152603758227 ], [ 9.256021060972147, 62.397776066531044 ], [ 9.254617712170743, 62.39755949066631 ], [ 9.254105097253323, 62.397660708688463 ], [ 9.253153695696767, 62.397224624088047 ], [ 9.252307387278927, 62.397236049276572 ], [ 9.252101504817428, 62.397446186018165 ], [ 9.252783810753391, 62.397717748298085 ], [ 9.252522344645236, 62.398056564105211 ], [ 9.253719654603429, 62.398504358062809 ], [ 9.253890319799321, 62.398710633062592 ], [ 9.255045502074553, 62.398847814097607 ], [ 9.256467553393337, 62.398563389024737 ] ] ] ] } },
{ "type": "Feature", "properties": { "fid": 15648, "navn": null, "hoyde_moh": 1463, "arealInnsjo_km2": 0.0063, "magasinKategori": null, "fid_2": 425, "id": 425, "left": 8.986919847, "top": 62.446110046000001, "right": 9.486919847, "bottom": 61.946110046000001, "row_index": 24, "col_index": 10, "tile_id": 425 }, "geometry": { "type": "MultiPolygon", "coordinates": [ [ [ [ 9.401030074477715, 62.382239641015147 ], [ 9.40057636050083, 62.381645122278272 ], [ 9.39918662874536, 62.381521023191176 ], [ 9.39880632217276, 62.381779571571357 ], [ 9.399192179097749, 62.381967860046558 ], [ 9.399119772253, 62.382172404523935 ], [ 9.400256909410304, 62.38213177498006 ], [ 9.400509408839691, 62.382253656456427 ], [ 9.400501390866262, 62.382420835241689 ], [ 9.400980283984831, 62.382522323686267 ], [ 9.401030074477715, 62.382239641015147 ] ] ] ] } },
{ "type": "Feature", "properties": { "fid": 15649, "navn": null, "hoyde_moh": 1350, "arealInnsjo_km2": 0.0401, "magasinKategori": null, "fid_2": 425, "id": 425, "left": 8.986919847, "top": 62.446110046000001, "right": 9.486919847, "bottom": 61.946110046000001, "row_index": 24, "col_index": 10, "tile_id": 425 }, "geometry": { "type": "MultiPolygon", "coordinates": [ [ [ [ 9.390430056388015, 62.421987394727232 ], [ 9.390473402373832, 62.421828931158068 ], [ 9.391330354732679, 62.421606456849453 ], [ 9.391624192345656, 62.421303919525187 ], [ 9.391835812188761, 62.420848831912053 ], [ 9.391543601643766, 62.420674306498825 ], [ 9.391651173559595, 62.420519064768101 ], [ 9.391381717544135, 62.420262650445785 ], [ 9.391521820874928, 62.419988922030484 ], [ 9.391191196879873, 62.419853618615086 ], [ 9.391452652533196, 62.419583887938821 ], [ 9.39032389638467, 62.419368484761549 ], [ 9.389190804494042, 62.418750383326383 ], [ 9.387835457137383, 62.418338143662041 ], [ 9.38794307013535, 62.418611612399623 ], [ 9.387781129421715, 62.418883646000637 ], [ 9.388064208463678, 62.419070412800778 ], [ 9.388001830399588, 62.419287782340859 ], [ 9.389046564852714, 62.419692068617593 ], [ 9.389031461686493, 62.419913057320628 ], [ 9.389276173555116, 62.42017189817247 ], [ 9.388884241795667, 62.420276234049467 ], [ 9.389413649607567, 62.420655478208502 ], [ 9.389783218724833, 62.421172639483444 ], [ 9.389317393702088, 62.421549416841174 ], [ 9.389648167641193, 62.421930000793694 ], [ 9.389446866187271, 62.422068406487398 ], [ 9.389482771625886, 62.422233849612347 ], [ 9.390430056388015, 62.421987394727232 ] ] ] ] } },
{ "type": "Feature", "properties": { "fid": 15650, "navn": null, "hoyde_moh": 1356, "arealInnsjo_km2": 0.0116, "magasinKategori": null, "fid_2": 425, "id": 425, "left": 8.986919847, "top": 62.446110046000001, "right": 9.486919847, "bottom": 61.946110046000001, "row_index": 24, "col_index": 10, "tile_id": 425 }, "geometry": { "type": "MultiPolygon", "coordinates": [ [ [ [ 9.475756682525937, 62.43238597314528 ], [ 9.477507857916816, 62.431961897054066 ], [ 9.47702255031996, 62.431626089102963 ], [ 9.475429966329587, 62.431375611615792 ], [ 9.475112318655963, 62.431559098203955 ], [ 9.475020434692016, 62.432030556324364 ], [ 9.474668845674227, 62.432461453232754 ], [ 9.475212969736232, 62.432618887242185 ], [ 9.475756682525937, 62.43238597314528 ] ] ] ] } },
{ "type": "Feature", "properties": { "fid": 15651, "navn": null, "hoyde_moh": 1343, "arealInnsjo_km2": 0.0213, "magasinKategori": null, "fid_2": 425, "id": 425, "left": 8.986919847, "top": 62.446110046000001, "right": 9.486919847, "bottom": 61.946110046000001, "row_index": 24, "col_index": 10, "tile_id": 425 }, "geometry": { "type": "MultiPolygon", "coordinates": [ [ [ [ 9.42991040002426, 62.431312190440032 ], [ 9.430223521748879, 62.430966070902542 ], [ 9.429997492370847, 62.430793207474721 ], [ 9.428788436174569, 62.43062271212964 ], [ 9.426503699852253, 62.430923005940777 ], [ 9.425135525758423, 62.430935017743799 ], [ 9.425207536958441, 62.431172366831944 ], [ 9.425599823258304, 62.431358475997257 ], [ 9.426616103918196, 62.431391394119963 ], [ 9.428588798616357, 62.431967561417011 ], [ 9.42991040002426, 62.431312190440032 ] ] ] ] } },
{ "type": "Feature", "properties": { "fid": 15652, "navn": null, "hoyde_moh": 1487, "arealInnsjo_km2": 0.0074, "magasinKategori": null, "fid_2": 425, "id": 425, "left": 8.986919847, "top": 62.446110046000001, "right": 9.486919847, "bottom": 61.946110046000001, "row_index": 24, "col_index": 10, "tile_id": 425 }, "geometry": { "type": "MultiPolygon", "coordinates": [ [ [ [ 9.235340723753714, 62.436176993727038 ], [ 9.235353203296127, 62.436005750591782 ], [ 9.235014476251285, 62.435625225418391 ], [ 9.233912536535353, 62.43510789540516 ], [ 9.233204936675094, 62.435059275107761 ], [ 9.233229026668567, 62.435244278558649 ], [ 9.2340530831344, 62.435938052094343 ], [ 9.235340723753714, 62.436176993727038 ] ] ] ] } },
{ "type": "Feature", "properties": { "fid": 15673, "navn": null, "hoyde_moh": 1480, "arealInnsjo_km2": 0.0026, "magasinKategori": null, "fid_2": 425, "id": 425, "left": 8.986919847, "top": 62.446110046000001, "right": 9.486919847, "bottom": 61.946110046000001, "row_index": 24, "col_index": 10, "tile_id": 425 }, "geometry": { "type": "MultiPolygon", "coordinates": [ [ [ [ 9.347053086647795, 62.298078734310039 ], [ 9.347953581197419, 62.297897464318808 ], [ 9.347136269788363, 62.2976717666455 ], [ 9.346186696880773, 62.298044913076801 ], [ 9.347053086647795, 62.298078734310039 ] ] ] ] } },
{ "type": "Feature", "properties": { "fid": 15674, "navn": null, "hoyde_moh": 1533, "arealInnsjo_km2": 0.0027, "magasinKategori": null, "fid_2": 425, "id": 425, "left": 8.986919847, "top": 62.446110046000001, "right": 9.486919847, "bottom": 61.946110046000001, "row_index": 24, "col_index": 10, "tile_id": 425 }, "geometry": { "type": "MultiPolygon", "coordinates": [ [ [ [ 9.344987215816642, 62.319734725007486 ], [ 9.345337359181638, 62.319676548955606 ], [ 9.34464824700343, 62.31947084485337 ], [ 9.344221302582428, 62.31953614703432 ], [ 9.344174844258761, 62.31980311606091 ], [ 9.343931855340168, 62.319985646776885 ], [ 9.344228112773637, 62.320085045263369 ], [ 9.344987215816642, 62.319734725007486 ] ] ] ] } },
{ "type": "Feature", "properties": { "fid": 15684, "navn": null, "hoyde_moh": 1324, "arealInnsjo_km2": 0.0042, "magasinKategori": null, "fid_2": 425, "id": 425, "left": 8.986919847, "top": 62.446110046000001, "right": 9.486919847, "bottom": 61.946110046000001, "row_index": 24, "col_index": 10, "tile_id": 425 }, "geometry": { "type": "MultiPolygon", "coordinates": [ [ [ [ 9.373799184038306, 62.334812787037158 ], [ 9.37353543147182, 62.334468783344079 ], [ 9.373791734052684, 62.33423867794798 ], [ 9.374901972643947, 62.333904868951961 ], [ 9.373185678979789, 62.334016789157616 ], [ 9.372928674767868, 62.334332103561287 ], [ 9.3731439189601, 62.334629225978233 ], [ 9.372817566384732, 62.334785920983656 ], [ 9.373799184038306, 62.334812787037158 ] ] ] ] } },
{ "type": "Feature", "properties": { "fid": 16592, "navn": null, "hoyde_moh": 458, "arealInnsjo_km2": 0.0219, "magasinKategori": null, "fid_2": 425, "id": 425, "left": 8.986919847, "top": 62.446110046000001, "right": 9.486919847, "bottom": 61.946110046000001, "row_index": 24, "col_index": 10, "tile_id": 425 }, "geometry": { "type": "MultiPolygon", "coordinates": [ [ [ [ 9.246489514558579, 61.976435167163068 ], [ 9.24674603867571, 61.976038560875139 ], [ 9.246757500171681, 61.975749175190316 ], [ 9.246502634961933, 61.975604648714068 ], [ 9.247088955539567, 61.975256682108153 ], [ 9.246836732785459, 61.974448367150821 ], [ 9.246537336156265, 61.97427938165314 ], [ 9.245243477428867, 61.974395182512467 ], [ 9.245057422540608, 61.974888537545233 ], [ 9.245154198922148, 61.975765967120338 ], [ 9.245301189563431, 61.975921464156194 ], [ 9.245008220140878, 61.976345799261139 ], [ 9.246117719927931, 61.976653119475138 ], [ 9.246489514558579, 61.976435167163068 ] ] ] ] } },
{ "type": "Feature", "properties": { "fid": 16641, "navn": null, "hoyde_moh": 1106, "arealInnsjo_km2": 0.0027, "magasinKategori": null, "fid_2": 425, "id": 425, "left": 8.986919847, "top": 62.446110046000001, "right": 9.486919847, "bottom": 61.946110046000001, "row_index": 24, "col_index": 10, "tile_id": 425 }, "geometry": { "type": "MultiPolygon", "coordinates": [ [ [ [ 9.443207171864717, 61.995494686284538 ], [ 9.443538382356143, 61.995473233165853 ], [ 9.443375056742385, 61.995236768383158 ], [ 9.442540449238514, 61.995049869209794 ], [ 9.442523722919548, 61.995277621553647 ], [ 9.442786511812255, 61.995374010417962 ], [ 9.44273258162346, 61.995489015958547 ], [ 9.44364108860151, 61.995856114409094 ], [ 9.443207171864717, 61.995494686284538 ] ] ] ] } },
{ "type": "Feature", "properties": { "fid": 19785, "navn": null, "hoyde_moh": 936, "arealInnsjo_km2": 0.0028, "magasinKategori": null, "fid_2": 425, "id": 425, "left": 8.986919847, "top": 62.446110046000001, "right": 9.486919847, "bottom": 61.946110046000001, "row_index": 24, "col_index": 10, "tile_id": 425 }, "geometry": { "type": "MultiPolygon", "coordinates": [ [ [ [ 9.333141564546041, 62.145106640010198 ], [ 9.332201527531909, 62.144513388465874 ], [ 9.331989982693729, 62.144525405372796 ], [ 9.33191038671214, 62.144922153577838 ], [ 9.332511015509413, 62.145249077106691 ], [ 9.333112770406315, 62.145298174947669 ], [ 9.333141564546041, 62.145106640010198 ] ] ] ] } },
{ "type": "Feature", "properties": { "fid": 19791, "navn": null, "hoyde_moh": 941, "arealInnsjo_km2": 0.0013, "magasinKategori": null, "fid_2": 425, "id": 425, "left": 8.986919847, "top": 62.446110046000001, "right": 9.486919847, "bottom": 61.946110046000001, "row_index": 24, "col_index": 10, "tile_id": 425 }, "geometry": { "type": "MultiPolygon", "coordinates": [ [ [ [ 9.254069865072406, 62.116871190521188 ], [ 9.253237406433753, 62.116904745663248 ], [ 9.253375221559223, 62.117110151004212 ], [ 9.253707980050027, 62.117160471702846 ], [ 9.254069865072406, 62.116871190521188 ] ] ] ] } },
{ "type": "Feature", "properties": { "fid": 19847, "navn": "Knartjørn", "hoyde_moh": 1155, "arealInnsjo_km2": 0.0138, "magasinKategori": null, "fid_2": 425, "id": 425, "left": 8.986919847, "top": 62.446110046000001, "right": 9.486919847, "bottom": 61.946110046000001, "row_index": 24, "col_index": 10, "tile_id": 425 }, "geometry": { "type": "MultiPolygon", "coordinates": [ [ [ [ 9.415485603103658, 62.024664000124709 ], [ 9.416452020638397, 62.024644968307264 ], [ 9.41671850729613, 62.024216550636901 ], [ 9.417212547137286, 62.024336763373775 ], [ 9.417471499140714, 62.024569668079806 ], [ 9.417572908582562, 62.024437962506667 ], [ 9.415845835928339, 62.023729775943089 ], [ 9.415039432652133, 62.02380083758252 ], [ 9.413581271918131, 62.024374049580892 ], [ 9.415026831693298, 62.02484907064877 ], [ 9.415485603103658, 62.024664000124709 ] ] ] ] } },
{ "type": "Feature", "properties": { "fid": 19848, "navn": null, "hoyde_moh": 1150, "arealInnsjo_km2": 0.0028, "magasinKategori": null, "fid_2": 425, "id": 425, "left": 8.986919847, "top": 62.446110046000001, "right": 9.486919847, "bottom": 61.946110046000001, "row_index": 24, "col_index": 10, "tile_id": 425 }, "geometry": { "type": "MultiPolygon", "coordinates": [ [ [ [ 9.43157165290935, 62.028089005457957 ], [ 9.430674488014994, 62.028051725198907 ], [ 9.430230176410491, 62.02825642105563 ], [ 9.431164011404945, 62.028618392143485 ], [ 9.43157165290935, 62.028089005457957 ] ] ] ] } },
{ "type": "Feature", "properties": { "fid": 19855, "navn": null, "hoyde_moh": 1051, "arealInnsjo_km2": 0.002, "magasinKategori": null, "fid_2": 425, "id": 425, "left": 8.986919847, "top": 62.446110046000001, "right": 9.486919847, "bottom": 61.946110046000001, "row_index": 24, "col_index": 10, "tile_id": 425 }, "geometry": { "type": "MultiPolygon", "coordinates": [ [ [ [ 9.481899244531474, 62.240883311133757 ], [ 9.481146732930625, 62.240853842220453 ], [ 9.481288998412685, 62.241141934580412 ], [ 9.482055748122269, 62.241299049576376 ], [ 9.481899244531474, 62.240883311133757 ] ] ] ] } },
{ "type": "Feature", "properties": { "fid": 19857, "navn": null, "hoyde_moh": 1228, "arealInnsjo_km2": 0.0147, "magasinKategori": null, "fid_2": 425, "id": 425, "left": 8.986919847, "top": 62.446110046000001, "right": 9.486919847, "bottom": 61.946110046000001, "row_index": 24, "col_index": 10, "tile_id": 425 }, "geometry": { "type": "MultiPolygon", "coordinates": [ [ [ [ 9.297001756101034, 62.207200819207337 ], [ 9.296964355825359, 62.206960374381346 ], [ 9.29726063549942, 62.206553843536248 ], [ 9.294371452962203, 62.205939718593072 ], [ 9.294058517461595, 62.20605624514306 ], [ 9.294002278260374, 62.20657943752505 ], [ 9.294850757237755, 62.20696893989583 ], [ 9.297001756101034, 62.207200819207337 ] ] ] ] } },
{ "type": "Feature", "properties": { "fid": 19858, "navn": null, "hoyde_moh": 1389, "arealInnsjo_km2": 0.0071, "magasinKategori": null, "fid_2": 425, "id": 425, "left": 8.986919847, "top": 62.446110046000001, "right": 9.486919847, "bottom": 61.946110046000001, "row_index": 24, "col_index": 10, "tile_id": 425 }, "geometry": { "type": "MultiPolygon", "coordinates": [ [ [ [ 9.329288702556507, 62.208858950589565 ], [ 9.328059385670699, 62.208325152065754 ], [ 9.327194422478669, 62.208257528159017 ], [ 9.326660944667573, 62.208434115948265 ], [ 9.326764015825345, 62.208621882404877 ], [ 9.327223652193108, 62.208768021671332 ], [ 9.329126865156262, 62.209071583896979 ], [ 9.329288702556507, 62.208858950589565 ] ] ] ] } },
{ "type": "Feature", "properties": { "fid": 19859, "navn": null, "hoyde_moh": 1228, "arealInnsjo_km2": 0.0033, "magasinKategori": null, "fid_2": 425, "id": 425, "left": 8.986919847, "top": 62.446110046000001, "right": 9.486919847, "bottom": 61.946110046000001, "row_index": 24, "col_index": 10, "tile_id": 425 }, "geometry": { "type": "MultiPolygon", "coordinates": [ [ [ [ 9.29992198472309, 62.207851450095383 ], [ 9.298622749017666, 62.207656459340242 ], [ 9.297877272083813, 62.207380419840931 ], [ 9.297606153947815, 62.207539816504735 ], [ 9.298623603597116, 62.207906738078705 ], [ 9.29992198472309, 62.207851450095383 ] ] ] ] } },
{ "type": "Feature", "properties": { "fid": 19860, "navn": null, "hoyde_moh": 1160, "arealInnsjo_km2": 0.0149, "magasinKategori": null, "fid_2": 425, "id": 425, "left": 8.986919847, "top": 62.446110046000001, "right": 9.486919847, "bottom": 61.946110046000001, "row_index": 24, "col_index": 10, "tile_id": 425 }, "geometry": { "type": "MultiPolygon", "coordinates": [ [ [ [ 9.248969197407323, 62.223519219900041 ], [ 9.249748273835099, 62.223405964986597 ], [ 9.248895844245824, 62.223400313453695 ], [ 9.248128150057656, 62.223804442135751 ], [ 9.247451568779443, 62.223514250425744 ], [ 9.246690136931161, 62.223442154862965 ], [ 9.246616356637576, 62.223281099657648 ], [ 9.246883433866531, 62.223126933830322 ], [ 9.247973625269069, 62.223182366861543 ], [ 9.248927803587575, 62.22291571410485 ], [ 9.24903999512075, 62.222748351524558 ], [ 9.248893265399564, 62.222185384989167 ], [ 9.249357391893328, 62.22188799629761 ], [ 9.250019203041191, 62.222033172990862 ], [ 9.250689163699867, 62.222711693187328 ], [ 9.251470295792444, 62.222979658962807 ], [ 9.251149429567512, 62.222844793430973 ], [ 9.25108459965953, 62.222553854577882 ], [ 9.250608201432843, 62.222085929220839 ], [ 9.249172378752952, 62.221710434315952 ], [ 9.248666515910978, 62.221881948764313 ], [ 9.248392914622734, 62.222185549573489 ], [ 9.248527986973409, 62.222722646400435 ], [ 9.248362651422848, 62.222884467527102 ], [ 9.247699249577209, 62.223038444213145 ], [ 9.246436821843346, 62.222985024909015 ], [ 9.245909865366034, 62.223303106110066 ], [ 9.24594707088097, 62.223499098202844 ], [ 9.246193517293511, 62.223608464848688 ], [ 9.247326265857604, 62.223708792879599 ], [ 9.248172826034068, 62.224007855486832 ], [ 9.248969197407323, 62.223519219900041 ] ] ] ] } },
{ "type": "Feature", "properties": { "fid": 19871, "navn": null, "hoyde_moh": 1240, "arealInnsjo_km2": 0.0028, "magasinKategori": null, "fid_2": 425, "id": 425, "left": 8.986919847, "top": 62.446110046000001, "right": 9.486919847, "bottom": 61.946110046000001, "row_index": 24, "col_index": 10, "tile_id": 425 }, "geometry": { "type": "MultiPolygon", "coordinates": [ [ [ [ 9.260666504202735, 62.192493473555494 ], [ 9.260668206069202, 62.192212144716606 ], [ 9.260090622499153, 62.192051775579877 ], [ 9.259488404607362, 62.192178801825271 ], [ 9.259851255813366, 62.192487427237218 ], [ 9.260666504202735, 62.192493473555494 ] ] ] ] } },
{ "type": "Feature", "properties": { "fid": 19879, "navn": "Veslvatnet", "hoyde_moh": 1225, "arealInnsjo_km2": 0.0222, "magasinKategori": null, "fid_2": 425, "id": 425, "left": 8.986919847, "top": 62.446110046000001, "right": 9.486919847, "bottom": 61.946110046000001, "row_index": 24, "col_index": 10, "tile_id": 425 }, "geometry": { "type": "MultiPolygon", "coordinates": [ [ [ [ 9.245921240565284, 62.196808425483269 ], [ 9.247164033224381, 62.196816595201334 ], [ 9.24724423862728, 62.196612347212181 ], [ 9.246108377281807, 62.195898369546583 ], [ 9.243621340828666, 62.195689113088363 ], [ 9.243234830594231, 62.195503053905099 ], [ 9.242619671934058, 62.195749559262893 ], [ 9.243092779218642, 62.196205778702549 ], [ 9.243982908615122, 62.19620072668112 ], [ 9.244306303779736, 62.196645844358351 ], [ 9.244275811356029, 62.196961086526741 ], [ 9.244466640049689, 62.197276904132124 ], [ 9.244763497411423, 62.197288636688818 ], [ 9.245921240565284, 62.196808425483269 ] ] ] ] } },
{ "type": "Feature", "properties": { "fid": 19944, "navn": null, "hoyde_moh": 981, "arealInnsjo_km2": 0.0043, "magasinKategori": null, "fid_2": 425, "id": 425, "left": 8.986919847, "top": 62.446110046000001, "right": 9.486919847, "bottom": 61.946110046000001, "row_index": 24, "col_index": 10, "tile_id": 425 }, "geometry": { "type": "MultiPolygon", "coordinates": [ [ [ [ 9.266489117769181, 62.147038988318862 ], [ 9.266721070191384, 62.146759483032106 ], [ 9.266177068921476, 62.146477183633245 ], [ 9.26577678993235, 62.14646154618395 ], [ 9.265540809945371, 62.146583800286052 ], [ 9.265461684898396, 62.146832475259224 ], [ 9.264958293373507, 62.147026616235863 ], [ 9.265209314510411, 62.147142457014716 ], [ 9.266489117769181, 62.147038988318862 ] ] ] ] } },
{ "type": "Feature", "properties": { "fid": 19945, "navn": null, "hoyde_moh": 1080, "arealInnsjo_km2": 0.0027, "magasinKategori": null, "fid_2": 425, "id": 425, "left": 8.986919847, "top": 62.446110046000001, "right": 9.486919847, "bottom": 61.946110046000001, "row_index": 24, "col_index": 10, "tile_id": 425 }, "geometry": { "type": "MultiPolygon", "coordinates": [ [ [ [ 9.401134142719567, 62.162259465576163 ], [ 9.40046097609423, 62.161808512714373 ], [ 9.399846222738168, 62.161888624201346 ], [ 9.399980502978783, 62.162106934984166 ], [ 9.400963900940727, 62.162496751989941 ], [ 9.401134142719567, 62.162259465576163 ] ] ] ] } },
{ "type": "Feature", "properties": { "fid": 30954, "navn": "Rundtjønne", "hoyde_moh": 1213, "arealInnsjo_km2": 0.0163, "magasinKategori": null, "fid_2": 425, "id": 425, "left": 8.986919847, "top": 62.446110046000001, "right": 9.486919847, "bottom": 61.946110046000001, "row_index": 24, "col_index": 10, "tile_id": 425 }, "geometry": { "type": "MultiPolygon", "coordinates": [ [ [ [ 9.471489779677276, 61.950924503185568 ], [ 9.471740131593581, 61.950084787372205 ], [ 9.471489334825566, 61.949883896761854 ], [ 9.470025878961463, 61.949921586327385 ], [ 9.468326061268796, 61.950324420719454 ], [ 9.4689465579842, 61.950778519975273 ], [ 9.470856722654089, 61.951040876283884 ], [ 9.471489779677276, 61.950924503185568 ] ] ] ] } },
{ "type": "Feature", "properties": { "fid": 30955, "navn": "Stavåstjønne", "hoyde_moh": 1044, "arealInnsjo_km2": 0.0452, "magasinKategori": null, "fid_2": 425, "id": 425, "left": 8.986919847, "top": 62.446110046000001, "right": 9.486919847, "bottom": 61.946110046000001, "row_index": 24, "col_index": 10, "tile_id": 425 }, "geometry": { "type": "MultiPolygon", "coordinates": [ [ [ [ 9.363788568446191, 61.996058743105657 ], [ 9.364030863653918, 61.99563230218159 ], [ 9.36388017036313, 61.995481751920508 ], [ 9.363935655936652, 61.995132716398309 ], [ 9.363181898284388, 61.994437466523273 ], [ 9.361707450519431, 61.993714832094717 ], [ 9.359723278500031, 61.993754549025368 ], [ 9.359919020159465, 61.993793088795876 ], [ 9.359769474230481, 61.99391522151317 ], [ 9.360306192614116, 61.994110228171252 ], [ 9.359255289925954, 61.9948218736005 ], [ 9.359622842019089, 61.995108596735278 ], [ 9.362160925504638, 61.996151811678693 ], [ 9.363200596199249, 61.996247434484992 ], [ 9.363788568446191, 61.996058743105657 ] ] ] ] } },
{ "type": "Feature", "properties": { "fid": 31102, "navn": null, "hoyde_moh": 1156, "arealInnsjo_km2": 0.0525, "magasinKategori": null, "fid_2": 425, "id": 425, "left": 8.986919847, "top": 62.446110046000001, "right": 9.486919847, "bottom": 61.946110046000001, "row_index": 24, "col_index": 10, "tile_id": 425 }, "geometry": { "type": "MultiPolygon", "coordinates": [ [ [ [ 9.42269399633998, 62.026667137689934 ], [ 9.423639560310763, 62.026382054738484 ], [ 9.423964120316896, 62.026011510815451 ], [ 9.423349043755628, 62.025593275278737 ], [ 9.422478570557727, 62.025390151332125 ], [ 9.422203087038799, 62.025450543555507 ], [ 9.422203494309953, 62.025590247658776 ], [ 9.422795692230091, 62.026029703098104 ], [ 9.421971715893083, 62.025963557298724 ], [ 9.421193640963036, 62.025400188957278 ], [ 9.42125221886103, 62.025235603577137 ], [ 9.421055065737141, 62.025023842537955 ], [ 9.420111640568148, 62.024800825214037 ], [ 9.419091748639573, 62.024865867698786 ], [ 9.417439642340721, 62.025439537580688 ], [ 9.416228567699115, 62.025568900906705 ], [ 9.416949198654882, 62.025927278197074 ], [ 9.417913040264986, 62.026003806099311 ], [ 9.418206885213586, 62.026642337231557 ], [ 9.421058487946558, 62.026783038879877 ], [ 9.42269399633998, 62.026667137689934 ] ] ] ] } },
{ "type": "Feature", "properties": { "fid": 31186, "navn": "Storvatnet", "hoyde_moh": 1225, "arealInnsjo_km2": 0.5103, "magasinKategori": null, "fid_2": 425, "id": 425, "left": 8.986919847, "top": 62.446110046000001, "right": 9.486919847, "bottom": 61.946110046000001, "row_index": 24, "col_index": 10, "tile_id": 425 }, "geometry": { "type": "MultiPolygon", "coordinates": [ [ [ [ 9.262291935164528, 62.202355568964919 ], [ 9.262220753329776, 62.20195076971175 ], [ 9.262495546027752, 62.201528735835964 ], [ 9.262315035505686, 62.201087711597978 ], [ 9.26260309067062, 62.200716458874801 ], [ 9.261688167966684, 62.200155466543769 ], [ 9.259923226851036, 62.199685194009369 ], [ 9.259090921742214, 62.199268673331773 ], [ 9.258580712193046, 62.199393490572277 ], [ 9.258271576314812, 62.199677891862727 ], [ 9.257560789229299, 62.198919925179119 ], [ 9.257771218727257, 62.198550677175383 ], [ 9.258644713746065, 62.198196013001677 ], [ 9.258485470410735, 62.197802584940007 ], [ 9.258046049789369, 62.197622564437793 ], [ 9.257321269645955, 62.197853146030631 ], [ 9.257369553955201, 62.197238339842436 ], [ 9.256748704393368, 62.196837249802876 ], [ 9.25670465641292, 62.196392613869065 ], [ 9.254458826256874, 62.195647161052833 ], [ 9.25390064911454, 62.195071232958298 ], [ 9.253944921221501, 62.194592098817751 ], [ 9.254152284399904, 62.19438566392968 ], [ 9.254681171534576, 62.194311152339381 ], [ 9.254682551071207, 62.193996411228845 ], [ 9.253148043373328, 62.193902808623783 ], [ 9.252917272052544, 62.19371938335378 ], [ 9.253198931481252, 62.193359675479279 ], [ 9.25419043399137, 62.192949456726041 ], [ 9.254263544912614, 62.192531294863329 ], [ 9.254057093921926, 62.192259673164095 ], [ 9.250394552491901, 62.191373307342772 ], [ 9.248449980204674, 62.190124730475063 ], [ 9.246329238738779, 62.190226832266738 ], [ 9.243271762466739, 62.189992450778696 ], [ 9.240853251710872, 62.190407757935994 ], [ 9.239814992895962, 62.190974461562995 ], [ 9.239910090379876, 62.191344180754911 ], [ 9.239632944063692, 62.191570552820423 ], [ 9.240374681482651, 62.192346934581288 ], [ 9.240761957630138, 62.192515571404464 ], [ 9.246632950576796, 62.193989184062907 ], [ 9.248007502191422, 62.194173783558981 ], [ 9.248508430970864, 62.194880496512113 ], [ 9.248069156488439, 62.195317535544014 ], [ 9.247856751417713, 62.196079537540982 ], [ 9.249342312636822, 62.196335355957935 ], [ 9.250000011832862, 62.19692669768714 ], [ 9.251323876169137, 62.197421429562922 ], [ 9.251500760980546, 62.197747097430018 ], [ 9.252231218472675, 62.198226047238137 ], [ 9.252318539599951, 62.198585887103661 ], [ 9.254226273481155, 62.199945381294512 ], [ 9.257046143732511, 62.200557507929823 ], [ 9.257193330941961, 62.200995986639107 ], [ 9.258334926442988, 62.201388638893654 ], [ 9.258467506268035, 62.201811835620411 ], [ 9.259079111327365, 62.202126471854555 ], [ 9.260310004692553, 62.202443237818166 ], [ 9.261945400288855, 62.202507358303734 ], [ 9.262291935164528, 62.202355568964919 ] ], [ [ 9.257487872801743, 62.200506006693516 ], [ 9.25816334275469, 62.200418304852271 ], [ 9.258262724906595, 62.199897441188476 ], [ 9.258629643886586, 62.199785306493084 ], [ 9.259039618819727, 62.199852927292824 ], [ 9.259770488730927, 62.200467237967182 ], [ 9.258969324155482, 62.200691776875793 ], [ 9.257848042946717, 62.200703619809964 ], [ 9.257487872801743, 62.200506006693516 ] ] ] ] } },
{ "type": "Feature", "properties": { "fid": 31242, "navn": "Simontjørnin", "hoyde_moh": 1227, "arealInnsjo_km2": 0.0463, "magasinKategori": null, "fid_2": 425, "id": 425, "left": 8.986919847, "top": 62.446110046000001, "right": 9.486919847, "bottom": 61.946110046000001, "row_index": 24, "col_index": 10, "tile_id": 425 }, "geometry": { "type": "MultiPolygon", "coordinates": [ [ [ [ 9.276772484078224, 62.205082575070918 ], [ 9.278030874416116, 62.205174728507714 ], [ 9.279146535130414, 62.20504492161978 ], [ 9.279757854469951, 62.205228380764055 ], [ 9.280028569523754, 62.20489373656514 ], [ 9.279705180198397, 62.204707521136321 ], [ 9.277714927137623, 62.20477367434016 ], [ 9.277030950045283, 62.203991190997016 ], [ 9.276293073791928, 62.203541516980145 ], [ 9.274283974461904, 62.202914601221934 ], [ 9.273814747567068, 62.202953584972548 ], [ 9.273907414966116, 62.203332348226937 ], [ 9.273359466405411, 62.203451876173766 ], [ 9.272899017999375, 62.203817985926385 ], [ 9.274353796795975, 62.205051725841059 ], [ 9.275282386169783, 62.205392465229664 ], [ 9.276772484078224, 62.205082575070918 ] ] ] ] } },
{ "type": "Feature", "properties": { "fid": 31243, "navn": "Semundtjønnin", "hoyde_moh": 1226, "arealInnsjo_km2": 0.1632, "magasinKategori": null, "fid_2": 425, "id": 425, "left": 8.986919847, "top": 62.446110046000001, "right": 9.486919847, "bottom": 61.946110046000001, "row_index": 24, "col_index": 10, "tile_id": 425 }, "geometry": { "type": "MultiPolygon", "coordinates": [ [ [ [ 9.286511439379634, 62.208138965257575 ], [ 9.287758418168689, 62.207951322175482 ], [ 9.288526672043771, 62.208216657511215 ], [ 9.291264021365713, 62.207843634389178 ], [ 9.292082904899262, 62.207445729881876 ], [ 9.29211634152912, 62.207199925900426 ], [ 9.291737649399419, 62.206936744684938 ], [ 9.292161284503223, 62.206634769380116 ], [ 9.290140976128642, 62.206542695040611 ], [ 9.288438521812269, 62.207006253671729 ], [ 9.287909198162289, 62.206811821079484 ], [ 9.287849107613207, 62.206657930165811 ], [ 9.289057010383763, 62.206239660793017 ], [ 9.289736456696193, 62.206202286875858 ], [ 9.289863727728115, 62.206018869663104 ], [ 9.289354585094804, 62.205812583664141 ], [ 9.286651954672575, 62.205741866425754 ], [ 9.28558356302479, 62.205199371864815 ], [ 9.282298840318616, 62.204806546470103 ], [ 9.281310929943837, 62.20495300545614 ], [ 9.280779978399545, 62.205234936981036 ], [ 9.277628375977487, 62.205996310047027 ], [ 9.274338183577374, 62.205861599533542 ], [ 9.272901769871231, 62.206095553920264 ], [ 9.271935365453258, 62.206030937021993 ], [ 9.271773882878415, 62.206162513202649 ], [ 9.272512774699043, 62.206667704615377 ], [ 9.27494308649192, 62.206902953917378 ], [ 9.27717180222885, 62.206508602534974 ], [ 9.278458512433415, 62.206685458849989 ], [ 9.278823263260946, 62.206482172929 ], [ 9.27967775122146, 62.206452002265856 ], [ 9.279993261057877, 62.206192215466899 ], [ 9.28045236082176, 62.206167193200663 ], [ 9.282080681736183, 62.206611187524452 ], [ 9.282191866742975, 62.206830927331907 ], [ 9.284559761049536, 62.207145608462824 ], [ 9.284630449056792, 62.207259791885868 ], [ 9.28376492857593, 62.207628631466889 ], [ 9.28464320735034, 62.208063810150335 ], [ 9.286511439379634, 62.208138965257575 ] ], [ [ 9.28517367297211, 62.206409806512497 ], [ 9.286166079826549, 62.206549938204446 ], [ 9.286155900321496, 62.206715508352644 ], [ 9.285768656578375, 62.206958390038153 ], [ 9.285143755147482, 62.206850282359731 ], [ 9.28517367297211, 62.206409806512497 ] ] ] ] } },
{ "type": "Feature", "properties": { "fid": 31395, "navn": "Avsjøen", "hoyde_moh": 925, "arealInnsjo_km2": 1.0593, "magasinKategori": null, "fid_2": 425, "id": 425, "left": 8.986919847, "top": 62.446110046000001, "right": 9.486919847, "bottom": 61.946110046000001, "row_index": 24, "col_index": 10, "tile_id": 425 }, "geometry": { "type": "MultiPolygon", "coordinates": [ [ [ [ 9.482311099985223, 62.17944966737749 ], [ 9.483036202079212, 62.179007562402667 ], [ 9.483100642610786, 62.178750846703963 ], [ 9.482691022557452, 62.178698491626264 ], [ 9.482640207824154, 62.178553003338834 ], [ 9.482903471108195, 62.178378926147047 ], [ 9.482892813453116, 62.17815278179966 ], [ 9.483391173811512, 62.177588853019913 ], [ 9.483544383167136, 62.17641957680668 ], [ 9.48284003171003, 62.176298663973895 ], [ 9.482318687771846, 62.175577828687381 ], [ 9.480985626914029, 62.175733475529128 ], [ 9.481446532013724, 62.175097407989064 ], [ 9.481519005111879, 62.174662994405764 ], [ 9.481329557103221, 62.174102649449516 ], [ 9.479939838433641, 62.172470875627603 ], [ 9.478695355512864, 62.172509166025563 ], [ 9.478437418991124, 62.17178047818048 ], [ 9.47628669139463, 62.171114362442211 ], [ 9.475712057916994, 62.170631394714384 ], [ 9.474632383690855, 62.170455286112727 ], [ 9.474382413087822, 62.169919326510268 ], [ 9.473934142371094, 62.169739125145433 ], [ 9.472337835264721, 62.169804951345021 ], [ 9.469647307350096, 62.170769715876069 ], [ 9.4694060322342, 62.170588245611768 ], [ 9.469577576319077, 62.169948008204834 ], [ 9.469170060257218, 62.169644231099859 ], [ 9.467312185652561, 62.169384073745249 ], [ 9.466039118588107, 62.169591473867314 ], [ 9.465532519951585, 62.169881052423541 ], [ 9.465576661463427, 62.170752500749302 ], [ 9.465381580848007, 62.170909387258838 ], [ 9.46406757748497, 62.170792567272834 ], [ 9.46315971327202, 62.171104398520448 ], [ 9.462590470042167, 62.171070782515258 ], [ 9.462521891061954, 62.17152137012215 ], [ 9.462033482236185, 62.172022089949706 ], [ 9.4619106815164, 62.172550965214242 ], [ 9.461015975723747, 62.172940713222218 ], [ 9.460256049928756, 62.173077376312378 ], [ 9.458901463919176, 62.172832969764976 ], [ 9.458487598187189, 62.173149465736188 ], [ 9.458112810000365, 62.173218403645123 ], [ 9.45803394478847, 62.173514855618329 ], [ 9.455950837420488, 62.173038779965111 ], [ 9.454249409848188, 62.173389451087161 ], [ 9.453160333628324, 62.173264547543958 ], [ 9.452611117880116, 62.173594313965303 ], [ 9.452418959558104, 62.173485435597804 ], [ 9.452617586634499, 62.172923067730721 ], [ 9.45195210330222, 62.172443903248052 ], [ 9.450960591343925, 62.172246127223104 ], [ 9.449941548141325, 62.172441178042142 ], [ 9.448670537862714, 62.172221265982792 ], [ 9.448416047500224, 62.172374033994515 ], [ 9.448384612881489, 62.172720900489701 ], [ 9.447823333436432, 62.172824977915269 ], [ 9.447902724936267, 62.173166938153912 ], [ 9.447655134206466, 62.17357315961894 ], [ 9.446165305531196, 62.173312840010205 ], [ 9.445128760002993, 62.172377258610034 ], [ 9.444672857379159, 62.172393037508542 ], [ 9.444364570719717, 62.172606817405402 ], [ 9.444661944734737, 62.173265356133001 ], [ 9.445558687122075, 62.173832788882798 ], [ 9.445580377744582, 62.17415128064674 ], [ 9.447495537341862, 62.174311156780718 ], [ 9.448070437106832, 62.174577087601094 ], [ 9.449078826165877, 62.174671877980828 ], [ 9.449743077605278, 62.174530440245661 ], [ 9.45176122693141, 62.174862427368261 ], [ 9.452607404428027, 62.174540807381945 ], [ 9.453757176645826, 62.174997918089829 ], [ 9.455013100733426, 62.174821704868883 ], [ 9.455357821643208, 62.174526653175114 ], [ 9.455134228431669, 62.174338305810473 ], [ 9.456185168635821, 62.174097604746841 ], [ 9.457735516549846, 62.174412711320294 ], [ 9.460601228677064, 62.175546546482011 ], [ 9.463449913240773, 62.176368049416368 ], [ 9.466544605852633, 62.17701528961237 ], [ 9.468966459078155, 62.177318901671775 ], [ 9.470609398183397, 62.177931053308065 ], [ 9.471274709841095, 62.178535299587431 ], [ 9.471551959233123, 62.179006475363757 ], [ 9.471517569656525, 62.179222630640282 ], [ 9.47116473889929, 62.179416414558759 ], [ 9.472649013522931, 62.179928408314566 ], [ 9.475841783921576, 62.179762775756473 ], [ 9.477722285264779, 62.179393612170117 ], [ 9.478657781086188, 62.179538635860595 ], [ 9.482311099985223, 62.17944966737749 ] ], [ [ 9.47039772552348, 62.171010265981252 ], [ 9.470737017512139, 62.170938255615688 ], [ 9.470768073199434, 62.171077739466732 ], [ 9.470485512235543, 62.171157420689099 ], [ 9.47039772552348, 62.171010265981252 ] ], [ [ 9.472132558452037, 62.171395325529069 ], [ 9.47243388882621, 62.17154751309306 ], [ 9.472101234634499, 62.171889254688899 ], [ 9.471685993024284, 62.171681027914438 ], [ 9.472132558452037, 62.171395325529069 ] ], [ [ 9.469907816962646, 62.172607877538361 ], [ 9.469795130905041, 62.172293944591807 ], [ 9.470202588660634, 62.171951781817619 ], [ 9.470608117738388, 62.171947043121151 ], [ 9.470773490606586, 62.172227713633717 ], [ 9.470661498428031, 62.172723634636419 ], [ 9.469907816962646, 62.172607877538361 ] ], [ [ 9.450831889068356, 62.172877273853253 ], [ 9.450911570407969, 62.173071189243785 ], [ 9.450644566272032, 62.17333920158498 ], [ 9.450209841069508, 62.173371690176594 ], [ 9.450346884600927, 62.172984335090192 ], [ 9.450831889068356, 62.172877273853253 ] ] ] ] } },
{ "type": "Feature", "properties": { "fid": 31417, "navn": "Urdbekktjønnin", "hoyde_moh": 940, "arealInnsjo_km2": 0.0152, "magasinKategori": null, "fid_2": 425, "id": 425, "left": 8.986919847, "top": 62.446110046000001, "right": 9.486919847, "bottom": 61.946110046000001, "row_index": 24, "col_index": 10, "tile_id": 425 }, "geometry": { "type": "MultiPolygon", "coordinates": [ [ [ [ 9.299909873594272, 62.129711340424635 ], [ 9.300381784511693, 62.129529379176475 ], [ 9.299936692362389, 62.129220153251879 ], [ 9.29861034826884, 62.12875533480338 ], [ 9.297813079740664, 62.128135937086071 ], [ 9.297173552900087, 62.128193311151499 ], [ 9.297554366558508, 62.129376554315598 ], [ 9.298154021396083, 62.129672552102491 ], [ 9.299909873594272, 62.129711340424635 ] ] ] ] } },
{ "type": "Feature", "properties": { "fid": 31597, "navn": null, "hoyde_moh": 1603, "arealInnsjo_km2": 0.0369, "magasinKategori": null, "fid_2": 425, "id": 425, "left": 8.986919847, "top": 62.446110046000001, "right": 9.486919847, "bottom": 61.946110046000001, "row_index": 24, "col_index": 10, "tile_id": 425 }, "geometry": { "type": "MultiPolygon", "coordinates": [ [ [ [ 9.318480840636283, 62.324875776463159 ], [ 9.318957899684207, 62.324624294433988 ], [ 9.316961937194938, 62.323888808331887 ], [ 9.316255265790517, 62.323850746523433 ], [ 9.316105413368035, 62.32376124975719 ], [ 9.316193410090698, 62.323451068577171 ], [ 9.315908549861359, 62.323346944847955 ], [ 9.314068605778283, 62.323711482209525 ], [ 9.313323591276475, 62.32358478876214 ], [ 9.312763529991338, 62.323811513879974 ], [ 9.312192922256404, 62.324298936070882 ], [ 9.313573728626496, 62.324288519092796 ], [ 9.314633236161493, 62.324622448781149 ], [ 9.314836242444393, 62.324832765534538 ], [ 9.314761815792682, 62.324992639115948 ], [ 9.317063794096155, 62.325192785382939 ], [ 9.318480840636283, 62.324875776463159 ] ] ] ] } },
{ "type": "Feature", "properties": { "fid": 31599, "navn": "Larstjørnin", "hoyde_moh": 1672, "arealInnsjo_km2": 0.3128, "magasinKategori": null, "fid_2": 425, "id": 425, "left": 8.986919847, "top": 62.446110046000001, "right": 9.486919847, "bottom": 61.946110046000001, "row_index": 24, "col_index": 10, "tile_id": 425 }, "geometry": { "type": "MultiPolygon", "coordinates": [ [ [ [ 9.239472403544898, 62.327468393613884 ], [ 9.239978694647785, 62.327083705923918 ], [ 9.240571062944001, 62.326897758069009 ], [ 9.240496675624946, 62.326737851320971 ], [ 9.240786000430269, 62.326494121950248 ], [ 9.241604458839541, 62.326281734348896 ], [ 9.242138111716256, 62.325406483650227 ], [ 9.2398238575598, 62.324353869758937 ], [ 9.239723109106329, 62.323019264097425 ], [ 9.237753589171202, 62.322312120440429 ], [ 9.236938558836783, 62.321401161061743 ], [ 9.236707889833745, 62.32093885382676 ], [ 9.236833006285854, 62.320783188092449 ], [ 9.235460097810739, 62.31995614615581 ], [ 9.234883754349733, 62.318775491008488 ], [ 9.234476874116064, 62.318479230152121 ], [ 9.233338058990299, 62.318607485594868 ], [ 9.232228504864308, 62.31839126665956 ], [ 9.231214684328901, 62.318801252918249 ], [ 9.230403059463393, 62.318898271672516 ], [ 9.230370175887451, 62.319357994359954 ], [ 9.230118362203672, 62.319546460208812 ], [ 9.230078481340351, 62.319830259169173 ], [ 9.230708003322396, 62.320813034506827 ], [ 9.231402312251149, 62.321469202647108 ], [ 9.231289575644132, 62.322028226693035 ], [ 9.232121837519534, 62.322390899167374 ], [ 9.231919563213992, 62.322757422366095 ], [ 9.232458033198284, 62.323056914387578 ], [ 9.232348979028234, 62.323326132542718 ], [ 9.232753980044196, 62.323605216020354 ], [ 9.232792574748585, 62.323954034871626 ], [ 9.234234312415769, 62.324973277820661 ], [ 9.234455986676352, 62.32530513436771 ], [ 9.234370157441731, 62.325465673674721 ], [ 9.235034833733344, 62.326065492422991 ], [ 9.235024739976121, 62.326347559667077 ], [ 9.235449608526265, 62.326553822037049 ], [ 9.235648384309634, 62.326943507658399 ], [ 9.236111277696651, 62.327273237463999 ], [ 9.236123790205092, 62.327688485599133 ], [ 9.236792665436408, 62.32777237644811 ], [ 9.239472403544898, 62.327468393613884 ] ] ] ] } },
{ "type": "Feature", "properties": { "fid": 31630, "navn": null, "hoyde_moh": 1283, "arealInnsjo_km2": 0.2263, "magasinKategori": null, "fid_2": 425, "id": 425, "left": 8.986919847, "top": 62.446110046000001, "right": 9.486919847, "bottom": 61.946110046000001, "row_index": 24, "col_index": 10, "tile_id": 425 }, "geometry": { "type": "MultiPolygon", "coordinates": [ [ [ [ 9.236003487024497, 62.376839504761058 ], [ 9.236036172972625, 62.376554054383362 ], [ 9.236237269673822, 62.376418911425432 ], [ 9.236123858553716, 62.37610785951793 ], [ 9.235536652844813, 62.375681978131915 ], [ 9.235371074693532, 62.375362007075275 ], [ 9.234241694402689, 62.375161338636175 ], [ 9.233370225005002, 62.374625333927192 ], [ 9.233614094719684, 62.374170595279494 ], [ 9.232470370694807, 62.3736311936714 ], [ 9.231708347075653, 62.372738917606412 ], [ 9.231660884242059, 62.372453106619233 ], [ 9.230689664027969, 62.372024922256053 ], [ 9.229730592149618, 62.371955162171481 ], [ 9.230664843633356, 62.372777192449526 ], [ 9.230807704558428, 62.373115131314414 ], [ 9.229919903089865, 62.373075702861613 ], [ 9.229608547847079, 62.373227677804365 ], [ 9.228283035691035, 62.372689592028422 ], [ 9.226745118287656, 62.371604774287469 ], [ 9.22677576313527, 62.370912248755751 ], [ 9.226982108137506, 62.37071072109277 ], [ 9.227546330891895, 62.370653621383717 ], [ 9.228199689458338, 62.370902250389427 ], [ 9.228033732145009, 62.370512394566894 ], [ 9.228243796795827, 62.370132686550768 ], [ 9.227586797080114, 62.3694999618439 ], [ 9.227180609164551, 62.369510612217624 ], [ 9.227025310011969, 62.369063583793242 ], [ 9.225001296554693, 62.368239115839344 ], [ 9.225301268277432, 62.368058591455188 ], [ 9.224813120320611, 62.368147563846854 ], [ 9.224176218958952, 62.367700561805151 ], [ 9.222905944637155, 62.367176236292963 ], [ 9.221637399798492, 62.366797806378131 ], [ 9.221397655366642, 62.366897200215021 ], [ 9.222153061753737, 62.367285235114927 ], [ 9.222254322570249, 62.367510726678987 ], [ 9.223887849279636, 62.368616509378498 ], [ 9.225046769777139, 62.369232153336021 ], [ 9.22600398124308, 62.370033571611934 ], [ 9.226018105163492, 62.370609490967965 ], [ 9.225722716801096, 62.370699825963719 ], [ 9.224861372767279, 62.370133843026515 ], [ 9.223852114479575, 62.369171360203332 ], [ 9.221240031651838, 62.369399566189294 ], [ 9.221100330046019, 62.370024807216652 ], [ 9.222595444994191, 62.371165258662543 ], [ 9.222566021436826, 62.371957401919587 ], [ 9.223130712801838, 62.371926175160809 ], [ 9.22445710106185, 62.372599744041835 ], [ 9.225761968795943, 62.372623523070004 ], [ 9.227526919540891, 62.37362084046773 ], [ 9.228243995632889, 62.374209879863407 ], [ 9.228340329901933, 62.374866365204234 ], [ 9.231227303867742, 62.375590705475226 ], [ 9.232487760517657, 62.376206713675543 ], [ 9.233866613771813, 62.376460069834586 ], [ 9.234775276403957, 62.376928117910261 ], [ 9.236003487024497, 62.376839504761058 ] ] ] ] } },
{ "type": "Feature", "properties": { "fid": 31654, "navn": null, "hoyde_moh": 1281, "arealInnsjo_km2": 0.1147, "magasinKategori": null, "fid_2": 425, "id": 425, "left": 8.986919847, "top": 62.446110046000001, "right": 9.486919847, "bottom": 61.946110046000001, "row_index": 24, "col_index": 10, "tile_id": 425 }, "geometry": { "type": "MultiPolygon", "coordinates": [ [ [ [ 9.247681640315827, 62.385640308177109 ], [ 9.247456559573434, 62.385398909878461 ], [ 9.247961674442962, 62.385000884869953 ], [ 9.246934049328702, 62.383808024882605 ], [ 9.247064738277311, 62.383181858581352 ], [ 9.245394751523335, 62.382539662797228 ], [ 9.245314137560193, 62.382265179531331 ], [ 9.245037277704924, 62.382086534204909 ], [ 9.245649791704221, 62.381676406990088 ], [ 9.246500349117371, 62.381806003490979 ], [ 9.246957785413494, 62.381613324136232 ], [ 9.24706483671506, 62.381280454731382 ], [ 9.24625534556934, 62.380954518735038 ], [ 9.245880842634012, 62.38101443252679 ], [ 9.245481765567813, 62.380597208732574 ], [ 9.243834008107788, 62.37989478634973 ], [ 9.243608680873002, 62.37930733025901 ], [ 9.24362057017308, 62.378808119107646 ], [ 9.242715936074523, 62.378198249395027 ], [ 9.242063489756964, 62.378060370547139 ], [ 9.24195648847865, 62.377793251374513 ], [ 9.241449761895382, 62.377660874031335 ], [ 9.24126751609437, 62.377513780831642 ], [ 9.241261603544652, 62.377007528685724 ], [ 9.23992955642044, 62.376820826145895 ], [ 9.239408239414438, 62.376597183981403 ], [ 9.238751934689528, 62.376655823819021 ], [ 9.238972112508824, 62.377156657398501 ], [ 9.239698623136372, 62.377542122364218 ], [ 9.240785351363058, 62.377806868078139 ], [ 9.24065150470499, 62.377999630385609 ], [ 9.241940784714552, 62.378697038153653 ], [ 9.24265317232574, 62.379300379645755 ], [ 9.242632852995731, 62.379580311309503 ], [ 9.242863353906362, 62.379772973503009 ], [ 9.242446104473355, 62.379862612109683 ], [ 9.242412673588747, 62.380029294082867 ], [ 9.24300782113111, 62.380226367694185 ], [ 9.242974473450737, 62.380629447348873 ], [ 9.243465778782006, 62.381142595115861 ], [ 9.242062113986986, 62.381397561388489 ], [ 9.24137429067518, 62.382295433289521 ], [ 9.24222114463724, 62.382933969489308 ], [ 9.243101700485068, 62.38333003116292 ], [ 9.244268959833716, 62.383597721774649 ], [ 9.244804399566339, 62.383350579214564 ], [ 9.245676639239834, 62.383538061224058 ], [ 9.245702750956882, 62.383984024302428 ], [ 9.246037021578505, 62.384227251249513 ], [ 9.245666029193279, 62.384581227775648 ], [ 9.24562705333506, 62.384815105577694 ], [ 9.247076673638631, 62.385649898506017 ], [ 9.247088689551493, 62.385900022598854 ], [ 9.247443224258266, 62.385893828639638 ], [ 9.247681640315827, 62.385640308177109 ] ], [ [ 9.244169821499282, 62.381714162919735 ], [ 9.243599841236048, 62.381648128759451 ], [ 9.243501410915638, 62.3814975835718 ], [ 9.244384890701856, 62.38133401162365 ], [ 9.245049076038619, 62.381409259409857 ], [ 9.24458963891353, 62.381673776157577 ], [ 9.244754183235665, 62.381985677493077 ], [ 9.244380520605118, 62.3819635238522 ], [ 9.244169821499282, 62.381714162919735 ] ] ] ] } },
{ "type": "Feature", "properties": { "fid": 31655, "navn": null, "hoyde_moh": 1341, "arealInnsjo_km2": 0.0325, "magasinKategori": null, "fid_2": 425, "id": 425, "left": 8.986919847, "top": 62.446110046000001, "right": 9.486919847, "bottom": 61.946110046000001, "row_index": 24, "col_index": 10, "tile_id": 425 }, "geometry": { "type": "MultiPolygon", "coordinates": [ [ [ [ 9.442223367611751, 62.432590722249103 ], [ 9.442249797481734, 62.432162825460907 ], [ 9.442693852857182, 62.431509966573401 ], [ 9.442138792404512, 62.431562478968736 ], [ 9.439816141299081, 62.431179341204206 ], [ 9.438727608642758, 62.431569884269038 ], [ 9.43831668890339, 62.43204018222545 ], [ 9.438320565887498, 62.432265435223762 ], [ 9.439258182963204, 62.432704266440311 ], [ 9.441332083497494, 62.433095195073363 ], [ 9.442223367611751, 62.432590722249103 ] ] ] ] } },
{ "type": "Feature", "properties": { "fid": 31728, "navn": "Fisketjønne", "hoyde_moh": 1444, "arealInnsjo_km2": 0.2618, "magasinKategori": null, "fid_2": 425, "id": 425, "left": 8.986919847, "top": 62.446110046000001, "right": 9.486919847, "bottom": 61.946110046000001, "row_index": 24, "col_index": 10, "tile_id": 425 }, "geometry": { "type": "MultiPolygon", "coordinates": [ [ [ [ 9.235273554024189, 62.27698462898185 ], [ 9.236740184501354, 62.276582522850582 ], [ 9.237141083615334, 62.27629457733471 ], [ 9.237362310275131, 62.275927856445755 ], [ 9.23726451509514, 62.275192364431355 ], [ 9.237685886314573, 62.274554637897353 ], [ 9.237569345514634, 62.274167828011883 ], [ 9.238407540751563, 62.273767458975037 ], [ 9.239671762266134, 62.27373490241753 ], [ 9.240086685996264, 62.273491374025376 ], [ 9.240155218372033, 62.273281955836552 ], [ 9.239938563763321, 62.273008100984462 ], [ 9.2389679622784, 62.273449329481416 ], [ 9.23800425226308, 62.272974604276989 ], [ 9.237178700031473, 62.273046109202667 ], [ 9.235678759557342, 62.272545894700471 ], [ 9.235280901854189, 62.272613679342733 ], [ 9.234934496911272, 62.272205682019504 ], [ 9.234453750300185, 62.272044869105329 ], [ 9.232569735053849, 62.271928768610664 ], [ 9.23257987317133, 62.27220015587195 ], [ 9.232097629635795, 62.272565718424872 ], [ 9.23268017822806, 62.272805138220399 ], [ 9.231628851711077, 62.272791586941317 ], [ 9.23022956248065, 62.273423206610452 ], [ 9.22799724054137, 62.274731081556737 ], [ 9.227663854328126, 62.275090684104811 ], [ 9.226910298083421, 62.275229497566926 ], [ 9.225915220184731, 62.27581779835409 ], [ 9.225601167607124, 62.276310896030211 ], [ 9.225860061991, 62.276780715907272 ], [ 9.227346264451837, 62.277237072065262 ], [ 9.228541865618029, 62.277256845036327 ], [ 9.231067118123692, 62.276923223594395 ], [ 9.23390449251027, 62.27749736923748 ], [ 9.233985192342253, 62.277659887693915 ], [ 9.235182444391441, 62.277734584388973 ], [ 9.235273554024189, 62.27698462898185 ] ] ] ] } },
{ "type": "Feature", "properties": { "fid": 31774, "navn": "Stridåtjørnin", "hoyde_moh": 1496, "arealInnsjo_km2": 0.1322, "magasinKategori": null, "fid_2": 425, "id": 425, "left": 8.986919847, "top": 62.446110046000001, "right": 9.486919847, "bottom": 61.946110046000001, "row_index": 24, "col_index": 10, "tile_id": 425 }, "geometry": { "type": "MultiPolygon", "coordinates": [ [ [ [ 9.344754121241623, 62.310397414080697 ], [ 9.345631163003347, 62.310212310501818 ], [ 9.346192103845706, 62.309894951801702 ], [ 9.34640165126617, 62.309746700253406 ], [ 9.346419326653109, 62.30946289538926 ], [ 9.345913876777264, 62.309296817036888 ], [ 9.345443614990947, 62.308662672688556 ], [ 9.344466280019038, 62.308139250790944 ], [ 9.343512138003879, 62.307079308276364 ], [ 9.342648552962888, 62.306536660845531 ], [ 9.342371720481825, 62.305859812617832 ], [ 9.341513883203724, 62.305341334255729 ], [ 9.341353654817238, 62.304853498406629 ], [ 9.340509879333929, 62.304634066071003 ], [ 9.34045053715794, 62.3040768991874 ], [ 9.339906911339559, 62.304160099310089 ], [ 9.339121735886675, 62.30458690708474 ], [ 9.338930187109433, 62.304789440060368 ], [ 9.338994604263808, 62.305642595200908 ], [ 9.339524334032243, 62.305961453722013 ], [ 9.339256111989961, 62.306392096270507 ], [ 9.339271728543189, 62.306723618268329 ], [ 9.339590324866762, 62.306958151355786 ], [ 9.339718629189418, 62.307417232208437 ], [ 9.339461822891373, 62.307861123416025 ], [ 9.34006913550815, 62.307933904389195 ], [ 9.340081419847232, 62.308100568098624 ], [ 9.338671017241969, 62.308468985979978 ], [ 9.341339857728414, 62.309034613628548 ], [ 9.341252542143048, 62.309461844998744 ], [ 9.341964910650589, 62.309954310278222 ], [ 9.343468888920549, 62.310311840482704 ], [ 9.343850123683202, 62.310621827538235 ], [ 9.34357534362166, 62.31092520382326 ], [ 9.343799136196306, 62.311027859229576 ], [ 9.344754121241623, 62.310397414080697 ] ] ] ] } },
{ "type": "Feature", "properties": { "fid": 37818, "navn": null, "hoyde_moh": 842, "arealInnsjo_km2": 0.0031, "magasinKategori": null, "fid_2": 425, "id": 425, "left": 8.986919847, "top": 62.446110046000001, "right": 9.486919847, "bottom": 61.946110046000001, "row_index": 24, "col_index": 10, "tile_id": 425 }, "geometry": { "type": "MultiPolygon", "coordinates": [ [ [ [ 8.999394780229746, 61.957946117805768 ], [ 8.999451736526179, 61.95792591489181 ], [ 8.998755764359247, 61.957695077798014 ], [ 8.997491049885991, 61.957747513843223 ], [ 8.99763893101157, 61.957983044521939 ], [ 8.999394780229746, 61.957946117805768 ] ] ] ] } },
{ "type": "Feature", "properties": { "fid": 39330, "navn": null, "hoyde_moh": 1308, "arealInnsjo_km2": 0.0027, "magasinKategori": null, "fid_2": 425, "id": 425, "left": 8.986919847, "top": 62.446110046000001, "right": 9.486919847, "bottom": 61.946110046000001, "row_index": 24, "col_index": 10, "tile_id": 425 }, "geometry": { "type": "MultiPolygon", "coordinates": [ [ [ [ 9.37233373626777, 62.195730963087918 ], [ 9.371603296931971, 62.195268275946503 ], [ 9.371187050581151, 62.195225222111219 ], [ 9.370957219070855, 62.19535924666544 ], [ 9.371274319476825, 62.195645518829885 ], [ 9.372255734780639, 62.195833007788856 ], [ 9.37233373626777, 62.195730963087918 ] ] ] ] } },
{ "type": "Feature", "properties": { "fid": 39877, "navn": null, "hoyde_moh": 1380, "arealInnsjo_km2": 0.0033, "magasinKategori": null, "fid_2": 425, "id": 425, "left": 8.986919847, "top": 62.446110046000001, "right": 9.486919847, "bottom": 61.946110046000001, "row_index": 24, "col_index": 10, "tile_id": 425 }, "geometry": { "type": "MultiPolygon", "coordinates": [ [ [ [ 9.370614206675862, 62.070268425319519 ], [ 9.370369302518339, 62.070136457751701 ], [ 9.368747389087664, 62.070400522630038 ], [ 9.369728395475272, 62.070665631290041 ], [ 9.370614206675862, 62.070268425319519 ] ] ] ] } },
{ "type": "Feature", "properties": { "fid": 39961, "navn": null, "hoyde_moh": 940, "arealInnsjo_km2": 0.0147, "magasinKategori": null, "fid_2": 425, "id": 425, "left": 8.986919847, "top": 62.446110046000001, "right": 9.486919847, "bottom": 61.946110046000001, "row_index": 24, "col_index": 10, "tile_id": 425 }, "geometry": { "type": "MultiPolygon", "coordinates": [ [ [ [ 9.30367237230432, 62.132127266553013 ], [ 9.303851984020197, 62.131914863580313 ], [ 9.303654613884396, 62.131524331689093 ], [ 9.303245025422985, 62.131311099941598 ], [ 9.301681943729434, 62.131038626215847 ], [ 9.300500958058171, 62.131433358660075 ], [ 9.300801194522348, 62.131708424206337 ], [ 9.303213321436008, 62.132224526131367 ], [ 9.30367237230432, 62.132127266553013 ] ] ] ] } },
{ "type": "Feature", "properties": { "fid": 40080, "navn": "Stortjønn", "hoyde_moh": 934, "arealInnsjo_km2": 0.0109, "magasinKategori": null, "fid_2": 425, "id": 425, "left": 8.986919847, "top": 62.446110046000001, "right": 9.486919847, "bottom": 61.946110046000001, "row_index": 24, "col_index": 10, "tile_id": 425 }, "geometry": { "type": "MultiPolygon", "coordinates": [ [ [ [ 9.340123375917928, 62.152639941595403 ], [ 9.340481513061793, 62.15215991670086 ], [ 9.340050423930473, 62.151592361871955 ], [ 9.339589573664849, 62.151822621849369 ], [ 9.338799449586402, 62.151879607980419 ], [ 9.337565632745841, 62.151444749073463 ], [ 9.338641177805972, 62.152501492716269 ], [ 9.339019751928562, 62.152679667212801 ], [ 9.340123375917928, 62.152639941595403 ] ] ] ] } },
{ "type": "Feature", "properties": { "fid": 40117, "navn": null, "hoyde_moh": 960, "arealInnsjo_km2": 0.0011, "magasinKategori": null, "fid_2": 425, "id": 425, "left": 8.986919847, "top": 62.446110046000001, "right": 9.486919847, "bottom": 61.946110046000001, "row_index": 24, "col_index": 10, "tile_id": 425 }, "geometry": { "type": "MultiPolygon", "coordinates": [ [ [ [ 9.353146480031437, 62.149852591797988 ], [ 9.352864371546632, 62.149566699818592 ], [ 9.352516724841697, 62.149553289491074 ], [ 9.352523183856869, 62.149864631349438 ], [ 9.353043612817821, 62.149960357859342 ], [ 9.353146480031437, 62.149852591797988 ] ] ] ] } },
{ "type": "Feature", "properties": { "fid": 40137, "navn": null, "hoyde_moh": 940, "arealInnsjo_km2": 0.0199, "magasinKategori": null, "fid_2": 425, "id": 425, "left": 8.986919847, "top": 62.446110046000001, "right": 9.486919847, "bottom": 61.946110046000001, "row_index": 24, "col_index": 10, "tile_id": 425 }, "geometry": { "type": "MultiPolygon", "coordinates": [ [ [ [ 9.278250417640198, 62.135162556481419 ], [ 9.278369079517935, 62.134870868822489 ], [ 9.277798800942756, 62.134047147469772 ], [ 9.27658352858929, 62.133547741355038 ], [ 9.27577647809702, 62.133622647362131 ], [ 9.275333659942618, 62.133831572699734 ], [ 9.275808708749258, 62.134199017359073 ], [ 9.275463488491058, 62.134554669820382 ], [ 9.275682583183066, 62.134808336405797 ], [ 9.276630849357804, 62.134884665314637 ], [ 9.277129392971917, 62.135240926493211 ], [ 9.277745437273833, 62.13531580202887 ], [ 9.278250417640198, 62.135162556481419 ] ] ] ] } },
{ "type": "Feature", "properties": { "fid": 40155, "navn": null, "hoyde_moh": 941, "arealInnsjo_km2": 0.0033, "magasinKategori": null, "fid_2": 425, "id": 425, "left": 8.986919847, "top": 62.446110046000001, "right": 9.486919847, "bottom": 61.946110046000001, "row_index": 24, "col_index": 10, "tile_id": 425 }, "geometry": { "type": "MultiPolygon", "coordinates": [ [ [ [ 9.338951139467275, 62.144932483874285 ], [ 9.338981851550773, 62.144737697030813 ], [ 9.338619745430536, 62.144586118352315 ], [ 9.337333193725993, 62.144851181063949 ], [ 9.337592878648739, 62.145062740709882 ], [ 9.338415928935586, 62.145101179803774 ], [ 9.338951139467275, 62.144932483874285 ] ] ] ] } },
{ "type": "Feature", "properties": { "fid": 40207, "navn": null, "hoyde_moh": 946, "arealInnsjo_km2": 0.0159, "magasinKategori": null, "fid_2": 425, "id": 425, "left": 8.986919847, "top": 62.446110046000001, "right": 9.486919847, "bottom": 61.946110046000001, "row_index": 24, "col_index": 10, "tile_id": 425 }, "geometry": { "type": "MultiPolygon", "coordinates": [ [ [ [ 9.225897496949623, 62.119755346914907 ], [ 9.226158170887047, 62.119381593661842 ], [ 9.22608146523933, 62.119172142185256 ], [ 9.225460426359817, 62.118779214568384 ], [ 9.223698889626688, 62.118827709723952 ], [ 9.223833332183849, 62.119063886828656 ], [ 9.223584838711977, 62.119191485247583 ], [ 9.223568031779726, 62.119402334003432 ], [ 9.223795089542243, 62.119687040535823 ], [ 9.224196079883241, 62.119795744037582 ], [ 9.223978303137887, 62.119996017163658 ], [ 9.225045183416022, 62.120218480330941 ], [ 9.225897496949623, 62.119755346914907 ] ] ] ] } },
{ "type": "Feature", "properties": { "fid": 41683, "navn": null, "hoyde_moh": 1108, "arealInnsjo_km2": 0.0038, "magasinKategori": null, "fid_2": 425, "id": 425, "left": 8.986919847, "top": 62.446110046000001, "right": 9.486919847, "bottom": 61.946110046000001, "row_index": 24, "col_index": 10, "tile_id": 425 }, "geometry": { "type": "MultiPolygon", "coordinates": [ [ [ [ 9.438524202075827, 61.998024004155148 ], [ 9.438345200822821, 61.997820020281118 ], [ 9.437846448484601, 61.997883470113067 ], [ 9.436709781348659, 61.997544638409188 ], [ 9.436556807981113, 61.997673547878286 ], [ 9.437107185546511, 61.998109640338022 ], [ 9.438311527545242, 61.998197843884732 ], [ 9.438524202075827, 61.998024004155148 ] ] ] ] } },
{ "type": "Feature", "properties": { "fid": 42855, "navn": null, "hoyde_moh": 1305, "arealInnsjo_km2": 0.0126, "magasinKategori": null, "fid_2": 425, "id": 425, "left": 8.986919847, "top": 62.446110046000001, "right": 9.486919847, "bottom": 61.946110046000001, "row_index": 24, "col_index": 10, "tile_id": 425 }, "geometry": { "type": "MultiPolygon", "coordinates": [ [ [ [ 9.384869920279334, 62.250158225124949 ], [ 9.384741634793555, 62.249823680964731 ], [ 9.384886883329949, 62.249235611393637 ], [ 9.384627354530711, 62.248998261107893 ], [ 9.38352255532366, 62.249068279697646 ], [ 9.383143647584246, 62.250010408575498 ], [ 9.383410810978727, 62.250606033853948 ], [ 9.384869920279334, 62.250158225124949 ] ] ] ] } },
{ "type": "Feature", "properties": { "fid": 43052, "navn": null, "hoyde_moh": 1504, "arealInnsjo_km2": 0.0253, "magasinKategori": null, "fid_2": 425, "id": 425, "left": 8.986919847, "top": 62.446110046000001, "right": 9.486919847, "bottom": 61.946110046000001, "row_index": 24, "col_index": 10, "tile_id": 425 }, "geometry": { "type": "MultiPolygon", "coordinates": [ [ [ [ 9.245554566151828, 62.292465396619185 ], [ 9.246520408240153, 62.292399923449189 ], [ 9.247396594449146, 62.29207074187282 ], [ 9.248041634160909, 62.291771385827282 ], [ 9.248529346330839, 62.291265829978791 ], [ 9.247352613225029, 62.291015498529639 ], [ 9.246515865819191, 62.291064283464827 ], [ 9.244772797712836, 62.291700420759852 ], [ 9.243779958853384, 62.292318385706473 ], [ 9.243855277878748, 62.292477161186227 ], [ 9.244928520731174, 62.292826835361005 ], [ 9.245554566151828, 62.292465396619185 ] ] ] ] } },
{ "type": "Feature", "properties": { "fid": 43054, "navn": null, "hoyde_moh": 1500, "arealInnsjo_km2": 0.0105, "magasinKategori": null, "fid_2": 425, "id": 425, "left": 8.986919847, "top": 62.446110046000001, "right": 9.486919847, "bottom": 61.946110046000001, "row_index": 24, "col_index": 10, "tile_id": 425 }, "geometry": { "type": "MultiPolygon", "coordinates": [ [ [ [ 9.34239834283567, 62.313767438445382 ], [ 9.342340930857912, 62.313431691572845 ], [ 9.342719388425666, 62.313083402114202 ], [ 9.342476807246708, 62.312713003668314 ], [ 9.342794854270741, 62.312474762996878 ], [ 9.342788578487127, 62.312196100719575 ], [ 9.343398080650479, 62.311852379824906 ], [ 9.343342807705218, 62.31174436029854 ], [ 9.342496434003758, 62.311953205907635 ], [ 9.342688982605859, 62.311458170190633 ], [ 9.341872199067685, 62.311157132923888 ], [ 9.342074069960741, 62.311534062189523 ], [ 9.342127450126103, 62.312212319467491 ], [ 9.341785720830936, 62.312501258631038 ], [ 9.34198071737227, 62.312925973432733 ], [ 9.34169055053775, 62.31329226735491 ], [ 9.341889145165593, 62.313920555629643 ], [ 9.341617020024042, 62.314262922973825 ], [ 9.34239834283567, 62.313767438445382 ] ] ] ] } },
{ "type": "Feature", "properties": { "fid": 43055, "navn": null, "hoyde_moh": 1663, "arealInnsjo_km2": 0.0047, "magasinKategori": null, "fid_2": 425, "id": 425, "left": 8.986919847, "top": 62.446110046000001, "right": 9.486919847, "bottom": 61.946110046000001, "row_index": 24, "col_index": 10, "tile_id": 425 }, "geometry": { "type": "MultiPolygon", "coordinates": [ [ [ [ 9.288275057495159, 62.312109404533679 ], [ 9.286756815935416, 62.311726725447585 ], [ 9.28576161590531, 62.311777152306362 ], [ 9.286884029256683, 62.312273780039909 ], [ 9.287591010013285, 62.312297521065787 ], [ 9.288275057495159, 62.312109404533679 ] ] ] ] } },
{ "type": "Feature", "properties": { "fid": 43082, "navn": null, "hoyde_moh": 1289, "arealInnsjo_km2": 0.0086, "magasinKategori": null, "fid_2": 425, "id": 425, "left": 8.986919847, "top": 62.446110046000001, "right": 9.486919847, "bottom": 61.946110046000001, "row_index": 24, "col_index": 10, "tile_id": 425 }, "geometry": { "type": "MultiPolygon", "coordinates": [ [ [ [ 9.459742152473849, 62.301095911849046 ], [ 9.459003302885648, 62.300772606907088 ], [ 9.459836983244646, 62.300769487899537 ], [ 9.4592840889187, 62.300519769408183 ], [ 9.459809924263693, 62.300052625013514 ], [ 9.459660637239827, 62.299788712527572 ], [ 9.458933670234877, 62.299963859482496 ], [ 9.458512866111661, 62.300610883892311 ], [ 9.457705281255702, 62.30055014732546 ], [ 9.459868803911727, 62.301590492703596 ], [ 9.459742152473849, 62.301095911849046 ] ] ] ] } },
{ "type": "Feature", "properties": { "fid": 43098, "navn": null, "hoyde_moh": 1374, "arealInnsjo_km2": 0.005, "magasinKategori": null, "fid_2": 425, "id": 425, "left": 8.986919847, "top": 62.446110046000001, "right": 9.486919847, "bottom": 61.946110046000001, "row_index": 24, "col_index": 10, "tile_id": 425 }, "geometry": { "type": "MultiPolygon", "coordinates": [ [ [ [ 9.39718851330945, 62.408917774332117 ], [ 9.397193760626548, 62.408803857319299 ], [ 9.395987459100155, 62.408279518721891 ], [ 9.394928345639505, 62.408459561052616 ], [ 9.396054558326444, 62.408867630134353 ], [ 9.39718851330945, 62.408917774332117 ] ] ] ] } },
{ "type": "Feature", "properties": { "fid": 43117, "navn": null, "hoyde_moh": 1286, "arealInnsjo_km2": 0.003, "magasinKategori": null, "fid_2": 425, "id": 425, "left": 8.986919847, "top": 62.446110046000001, "right": 9.486919847, "bottom": 61.946110046000001, "row_index": 24, "col_index": 10, "tile_id": 425 }, "geometry": { "type": "MultiPolygon", "coordinates": [ [ [ [ 9.262541377024332, 62.397297092970106 ], [ 9.261574950122471, 62.397397681757568 ], [ 9.262348433253793, 62.397842557506586 ], [ 9.263036249963813, 62.397918052961664 ], [ 9.262541377024332, 62.397297092970106 ] ] ] ] } },
{ "type": "Feature", "properties": { "fid": 43134, "navn": null, "hoyde_moh": 820, "arealInnsjo_km2": 0.0323, "magasinKategori": null, "fid_2": 425, "id": 425, "left": 8.986919847, "top": 62.446110046000001, "right": 9.486919847, "bottom": 61.946110046000001, "row_index": 24, "col_index": 10, "tile_id": 425 }, "geometry": { "type": "MultiPolygon", "coordinates": [ [ [ [ 9.097064927303025, 61.952282938282679 ], [ 9.099007539830385, 61.951148334020537 ], [ 9.097042734462093, 61.951330867966192 ], [ 9.093203000330801, 61.951352276609207 ], [ 9.091974756277489, 61.951957877784928 ], [ 9.093761646637482, 61.952488307547632 ], [ 9.097064927303025, 61.952282938282679 ] ] ] ] } },
{ "type": "Feature", "properties": { "fid": 43178, "navn": null, "hoyde_moh": 1288, "arealInnsjo_km2": 0.0028, "magasinKategori": null, "fid_2": 425, "id": 425, "left": 8.986919847, "top": 62.446110046000001, "right": 9.486919847, "bottom": 61.946110046000001, "row_index": 24, "col_index": 10, "tile_id": 425 }, "geometry": { "type": "MultiPolygon", "coordinates": [ [ [ [ 9.225087035845226, 62.36612581056616 ], [ 9.224686723394973, 62.365832961578619 ], [ 9.223620098954841, 62.365792344701468 ], [ 9.223862936926732, 62.366053525849516 ], [ 9.224827674015259, 62.366278766855579 ], [ 9.225087035845226, 62.36612581056616 ] ] ] ] } },
{ "type": "Feature", "properties": { "fid": 43245, "navn": null, "hoyde_moh": 1361, "arealInnsjo_km2": 0.006, "magasinKategori": null, "fid_2": 425, "id": 425, "left": 8.986919847, "top": 62.446110046000001, "right": 9.486919847, "bottom": 61.946110046000001, "row_index": 24, "col_index": 10, "tile_id": 425 }, "geometry": { "type": "MultiPolygon", "coordinates": [ [ [ [ 9.389396632191861, 62.40954669733933 ], [ 9.388099416008446, 62.408911776541728 ], [ 9.387008073542846, 62.40900675150629 ], [ 9.386760430175769, 62.409183602323154 ], [ 9.387846337900395, 62.409348081561852 ], [ 9.388925028511435, 62.409723688170963 ], [ 9.389438497864386, 62.409706171115793 ], [ 9.389396632191861, 62.40954669733933 ] ] ] ] } },
{ "type": "Feature", "properties": { "fid": 43318, "navn": null, "hoyde_moh": 1517, "arealInnsjo_km2": 0.0123, "magasinKategori": null, "fid_2": 425, "id": 425, "left": 8.986919847, "top": 62.446110046000001, "right": 9.486919847, "bottom": 61.946110046000001, "row_index": 24, "col_index": 10, "tile_id": 425 }, "geometry": { "type": "MultiPolygon", "coordinates": [ [ [ [ 9.265392459071702, 62.446075666274623 ], [ 9.264215011277022, 62.445400747686513 ], [ 9.263369026938802, 62.44538726943162 ], [ 9.26372921876956, 62.446110046 ], [ 9.265405183723873, 62.446110046 ], [ 9.265392459071702, 62.446075666274623 ] ] ] ] } },
{ "type": "Feature", "properties": { "fid": 43343, "navn": null, "hoyde_moh": 1370, "arealInnsjo_km2": 0.0037, "magasinKategori": null, "fid_2": 425, "id": 425, "left": 8.986919847, "top": 62.446110046000001, "right": 9.486919847, "bottom": 61.946110046000001, "row_index": 24, "col_index": 10, "tile_id": 425 }, "geometry": { "type": "MultiPolygon", "coordinates": [ [ [ [ 9.457642282506171, 62.43425991951797 ], [ 9.45713852629939, 62.433924021264858 ], [ 9.456092313724966, 62.43384054550868 ], [ 9.455741042779492, 62.434003480885885 ], [ 9.456309078158894, 62.434319447326288 ], [ 9.457642282506171, 62.43425991951797 ] ] ] ] } },
{ "type": "Feature", "properties": { "fid": 43344, "navn": null, "hoyde_moh": 1263, "arealInnsjo_km2": 0.0026, "magasinKategori": null, "fid_2": 425, "id": 425, "left": 8.986919847, "top": 62.446110046000001, "right": 9.486919847, "bottom": 61.946110046000001, "row_index": 24, "col_index": 10, "tile_id": 425 }, "geometry": { "type": "MultiPolygon", "coordinates": [ [ [ [ 9.300590078935736, 62.434444170314784 ], [ 9.30004631321353, 62.434143546238602 ], [ 9.299088033666028, 62.434237741022393 ], [ 9.299300417264662, 62.434422431610024 ], [ 9.300000066774098, 62.434554640819123 ], [ 9.300590078935736, 62.434444170314784 ] ] ] ] } },
{ "type": "Feature", "properties": { "fid": 43346, "navn": null, "hoyde_moh": 1260, "arealInnsjo_km2": 0.0038, "magasinKategori": null, "fid_2": 425, "id": 425, "left": 8.986919847, "top": 62.446110046000001, "right": 9.486919847, "bottom": 61.946110046000001, "row_index": 24, "col_index": 10, "tile_id": 425 }, "geometry": { "type": "MultiPolygon", "coordinates": [ [ [ [ 9.32720580536636, 62.442649123932739 ], [ 9.325514466812837, 62.442226534242366 ], [ 9.32673124288106, 62.442811227027271 ], [ 9.328351736905239, 62.443193825233713 ], [ 9.32720580536636, 62.442649123932739 ] ] ] ] } },
{ "type": "Feature", "properties": { "fid": 56615, "navn": null, "hoyde_moh": 1280, "arealInnsjo_km2": 0.0048, "magasinKategori": null, "fid_2": 425, "id": 425, "left": 8.986919847, "top": 62.446110046000001, "right": 9.486919847, "bottom": 61.946110046000001, "row_index": 24, "col_index": 10, "tile_id": 425 }, "geometry": { "type": "MultiPolygon", "coordinates": [ [ [ [ 9.314097392684983, 62.439264988697573 ], [ 9.312772361789191, 62.438522450619296 ], [ 9.312187811708672, 62.438445067380222 ], [ 9.311908986459562, 62.438604416686779 ], [ 9.312313438094842, 62.438997944490517 ], [ 9.313937253092567, 62.439390759968923 ], [ 9.314097392684983, 62.439264988697573 ] ] ] ] } },
{ "type": "Feature", "properties": { "fid": 56616, "navn": null, "hoyde_moh": 1397, "arealInnsjo_km2": 0.0068, "magasinKategori": null, "fid_2": 425, "id": 425, "left": 8.986919847, "top": 62.446110046000001, "right": 9.486919847, "bottom": 61.946110046000001, "row_index": 24, "col_index": 10, "tile_id": 425 }, "geometry": { "type": "MultiPolygon", "coordinates": [ [ [ [ 9.275592683272018, 62.437956916064472 ], [ 9.275452106921421, 62.437679003749764 ], [ 9.27462059913219, 62.437352201809119 ], [ 9.273956949552456, 62.437466914842602 ], [ 9.274046103608445, 62.438006733260316 ], [ 9.274277069420741, 62.438256954141821 ], [ 9.274965557937399, 62.438367316161475 ], [ 9.275592683272018, 62.437956916064472 ] ] ] ] } },
{ "type": "Feature", "properties": { "fid": 56628, "navn": null, "hoyde_moh": 1297, "arealInnsjo_km2": 0.0161, "magasinKategori": null, "fid_2": 425, "id": 425, "left": 8.986919847, "top": 62.446110046000001, "right": 9.486919847, "bottom": 61.946110046000001, "row_index": 24, "col_index": 10, "tile_id": 425 }, "geometry": { "type": "MultiPolygon", "coordinates": [ [ [ [ 9.254829313679863, 62.394923560289527 ], [ 9.25472612523569, 62.394593330219926 ], [ 9.252389699228464, 62.394064728581391 ], [ 9.249574431073228, 62.393905232568436 ], [ 9.251167742145576, 62.394489809850342 ], [ 9.251913362277321, 62.394562805559168 ], [ 9.250790522711066, 62.394685109230998 ], [ 9.252276719917937, 62.394907858527148 ], [ 9.252586565153468, 62.394688612121961 ], [ 9.252939966702998, 62.39468379442269 ], [ 9.253217817517392, 62.394779371862164 ], [ 9.253369599723356, 62.395051481355104 ], [ 9.254712246673249, 62.395246118018427 ], [ 9.254829313679863, 62.394923560289527 ] ] ] ] } },
{ "type": "Feature", "properties": { "fid": 56630, "navn": null, "hoyde_moh": 1391, "arealInnsjo_km2": 0.0082, "magasinKategori": null, "fid_2": 425, "id": 425, "left": 8.986919847, "top": 62.446110046000001, "right": 9.486919847, "bottom": 61.946110046000001, "row_index": 24, "col_index": 10, "tile_id": 425 }, "geometry": { "type": "MultiPolygon", "coordinates": [ [ [ [ 9.244939033453749, 62.419496941904733 ], [ 9.245503183360094, 62.419319832187441 ], [ 9.245290705092279, 62.419060235191722 ], [ 9.244983723453478, 62.418991887794235 ], [ 9.242715206607224, 62.419200917032185 ], [ 9.241486936004424, 62.419543767704575 ], [ 9.244939033453749, 62.419496941904733 ] ] ] ] } },
{ "type": "Feature", "properties": { "fid": 56631, "navn": null, "hoyde_moh": 1388, "arealInnsjo_km2": 0.0271, "magasinKategori": null, "fid_2": 425, "id": 425, "left": 8.986919847, "top": 62.446110046000001, "right": 9.486919847, "bottom": 61.946110046000001, "row_index": 24, "col_index": 10, "tile_id": 425 }, "geometry": { "type": "MultiPolygon", "coordinates": [ [ [ [ 9.238416440309067, 62.420369080630969 ], [ 9.238131523060499, 62.420028328958018 ], [ 9.238436939541403, 62.419674968187863 ], [ 9.236320036002086, 62.419304954581229 ], [ 9.23413254218516, 62.419799784381375 ], [ 9.233351263972828, 62.420138699690881 ], [ 9.233485958642753, 62.420374294769964 ], [ 9.23399636516692, 62.420358387733586 ], [ 9.234896511632655, 62.420626823943991 ], [ 9.236574092854383, 62.42070308019418 ], [ 9.238416440309067, 62.420369080630969 ] ] ] ] } },
{ "type": "Feature", "properties": { "fid": 56632, "navn": null, "hoyde_moh": 1400, "arealInnsjo_km2": 0.0037, "magasinKategori": null, "fid_2": 425, "id": 425, "left": 8.986919847, "top": 62.446110046000001, "right": 9.486919847, "bottom": 61.946110046000001, "row_index": 24, "col_index": 10, "tile_id": 425 }, "geometry": { "type": "MultiPolygon", "coordinates": [ [ [ [ 9.248537804498147, 62.424248143343938 ], [ 9.248587153325952, 62.424083648597701 ], [ 9.24700978209364, 62.423777460185114 ], [ 9.246785569593928, 62.423810397051859 ], [ 9.246665467690848, 62.424025614197092 ], [ 9.247626998452262, 62.424317207165522 ], [ 9.248537804498147, 62.424248143343938 ] ] ] ] } },
{ "type": "Feature", "properties": { "fid": 56633, "navn": null, "hoyde_moh": 1210, "arealInnsjo_km2": 0.0114, "magasinKategori": null, "fid_2": 425, "id": 425, "left": 8.986919847, "top": 62.446110046000001, "right": 9.486919847, "bottom": 61.946110046000001, "row_index": 24, "col_index": 10, "tile_id": 425 }, "geometry": { "type": "MultiPolygon", "coordinates": [ [ [ [ 9.312599017143759, 62.43113598424803 ], [ 9.312645540039963, 62.43096821084643 ], [ 9.312433090108492, 62.430841688951567 ], [ 9.313432488001801, 62.430406314544591 ], [ 9.31250852556755, 62.430239699299207 ], [ 9.31097931069575, 62.430325460149973 ], [ 9.311169741925431, 62.430644974513406 ], [ 9.310713227605373, 62.430810728954143 ], [ 9.310741635475713, 62.431084635669556 ], [ 9.312218481232872, 62.431363721857764 ], [ 9.312599017143759, 62.43113598424803 ] ] ] ] } },
{ "type": "Feature", "properties": { "fid": 56635, "navn": null, "hoyde_moh": 1385, "arealInnsjo_km2": 0.0025, "magasinKategori": null, "fid_2": 425, "id": 425, "left": 8.986919847, "top": 62.446110046000001, "right": 9.486919847, "bottom": 61.946110046000001, "row_index": 24, "col_index": 10, "tile_id": 425 }, "geometry": { "type": "MultiPolygon", "coordinates": [ [ [ [ 9.310761849788863, 62.445140506421851 ], [ 9.310000012037792, 62.444890686735349 ], [ 9.31023267956132, 62.444876984211795 ], [ 9.310286234346668, 62.444534960141048 ], [ 9.310132151221065, 62.444388232095413 ], [ 9.309509993558244, 62.444616521660613 ], [ 9.309873366940534, 62.444985240142181 ], [ 9.310537854169819, 62.445223875904695 ], [ 9.310761849788863, 62.445140506421851 ] ] ] ] } },
{ "type": "Feature", "properties": { "fid": 56646, "navn": null, "hoyde_moh": 1672, "arealInnsjo_km2": 0.0074, "magasinKategori": null, "fid_2": 425, "id": 425, "left": 8.986919847, "top": 62.446110046000001, "right": 9.486919847, "bottom": 61.946110046000001, "row_index": 24, "col_index": 10, "tile_id": 425 }, "geometry": { "type": "MultiPolygon", "coordinates": [ [ [ [ 9.232804985211144, 62.318231971127737 ], [ 9.23296183788683, 62.317734106970867 ], [ 9.232482702336375, 62.317259290644259 ], [ 9.231847764762207, 62.31724267978592 ], [ 9.23162800836675, 62.317497027235262 ], [ 9.2316354856589, 62.31789991528953 ], [ 9.231280504032068, 62.31832111602219 ], [ 9.23148705878106, 62.318410192214927 ], [ 9.232804985211144, 62.318231971127737 ] ] ] ] } },
{ "type": "Feature", "properties": { "fid": 56647, "navn": null, "hoyde_moh": 1602, "arealInnsjo_km2": 0.0103, "magasinKategori": null, "fid_2": 425, "id": 425, "left": 8.986919847, "top": 62.446110046000001, "right": 9.486919847, "bottom": 61.946110046000001, "row_index": 24, "col_index": 10, "tile_id": 425 }, "geometry": { "type": "MultiPolygon", "coordinates": [ [ [ [ 9.319660979709576, 62.323203792137036 ], [ 9.321658355405996, 62.323292999283048 ], [ 9.321224278989874, 62.323099962584713 ], [ 9.321159929903423, 62.322869502226261 ], [ 9.320720370346631, 62.322524566076886 ], [ 9.320008604231749, 62.322456339325051 ], [ 9.318988103845134, 62.32276359679053 ], [ 9.318375833821387, 62.323122234012281 ], [ 9.318530499248574, 62.323262963308196 ], [ 9.319660979709576, 62.323203792137036 ] ] ] ] } },
{ "type": "Feature", "properties": { "fid": 56652, "navn": null, "hoyde_moh": 1582, "arealInnsjo_km2": 0.0055, "magasinKategori": null, "fid_2": 425, "id": 425, "left": 8.986919847, "top": 62.446110046000001, "right": 9.486919847, "bottom": 61.946110046000001, "row_index": 24, "col_index": 10, "tile_id": 425 }, "geometry": { "type": "MultiPolygon", "coordinates": [ [ [ [ 9.388376395458053, 62.377100960719154 ], [ 9.388507523812322, 62.376894743329849 ], [ 9.389299546710511, 62.376731529518068 ], [ 9.388828858413481, 62.376631408580465 ], [ 9.388185844840031, 62.376872469409271 ], [ 9.387639306313273, 62.376739575669298 ], [ 9.386698206639592, 62.37733482020105 ], [ 9.386791410176247, 62.377483861275358 ], [ 9.387409854135345, 62.377552789424108 ], [ 9.388376395458053, 62.377100960719154 ] ] ] ] } },
{ "type": "Feature", "properties": { "fid": 56653, "navn": null, "hoyde_moh": 1336, "arealInnsjo_km2": 0.0099, "magasinKategori": null, "fid_2": 425, "id": 425, "left": 8.986919847, "top": 62.446110046000001, "right": 9.486919847, "bottom": 61.946110046000001, "row_index": 24, "col_index": 10, "tile_id": 425 }, "geometry": { "type": "MultiPolygon", "coordinates": [ [ [ [ 9.264355308927813, 62.3735210297395 ], [ 9.263742560694428, 62.372779607285452 ], [ 9.263731959780126, 62.372280645305139 ], [ 9.263127666582328, 62.372389345886852 ], [ 9.262960356447271, 62.372767710533559 ], [ 9.262474426824877, 62.373031452736207 ], [ 9.262768968489031, 62.373331328775798 ], [ 9.263094647908657, 62.373397992075382 ], [ 9.263597395898389, 62.373945651782392 ], [ 9.264206804725887, 62.374050143930198 ], [ 9.264355308927813, 62.3735210297395 ] ] ] ] } },
{ "type": "Feature", "properties": { "fid": 56661, "navn": null, "hoyde_moh": 1631, "arealInnsjo_km2": 0.0054, "magasinKategori": null, "fid_2": 425, "id": 425, "left": 8.986919847, "top": 62.446110046000001, "right": 9.486919847, "bottom": 61.946110046000001, "row_index": 24, "col_index": 10, "tile_id": 425 }, "geometry": { "type": "MultiPolygon", "coordinates": [ [ [ [ 9.296339919980225, 62.309141834332486 ], [ 9.296491760344002, 62.308819165828815 ], [ 9.294218168281326, 62.308786064330825 ], [ 9.293778171734518, 62.308887578905754 ], [ 9.294327354344867, 62.308847629971716 ], [ 9.294943332139121, 62.309346653751504 ], [ 9.296339919980225, 62.309141834332486 ] ] ] ] } },
{ "type": "Feature", "properties": { "fid": 56924, "navn": null, "hoyde_moh": 1109, "arealInnsjo_km2": 0.0039, "magasinKategori": null, "fid_2": 425, "id": 425, "left": 8.986919847, "top": 62.446110046000001, "right": 9.486919847, "bottom": 61.946110046000001, "row_index": 24, "col_index": 10, "tile_id": 425 }, "geometry": { "type": "MultiPolygon", "coordinates": [ [ [ [ 9.430592920197968, 61.988405720646163 ], [ 9.430079828758865, 61.98809873020268 ], [ 9.428620680731454, 61.988176439682299 ], [ 9.42980706133571, 61.98868459233578 ], [ 9.430592920197968, 61.988405720646163 ] ] ] ] } },
{ "type": "Feature", "properties": { "fid": 56925, "navn": "Grønbakktjørni", "hoyde_moh": 1110, "arealInnsjo_km2": 0.0122, "magasinKategori": null, "fid_2": 425, "id": 425, "left": 8.986919847, "top": 62.446110046000001, "right": 9.486919847, "bottom": 61.946110046000001, "row_index": 24, "col_index": 10, "tile_id": 425 }, "geometry": { "type": "MultiPolygon", "coordinates": [ [ [ [ 9.445430805639914, 61.994375387348043 ], [ 9.445491871828267, 61.994158335912743 ], [ 9.444820833667984, 61.993941513311114 ], [ 9.444685519819293, 61.99374029245044 ], [ 9.444934204278718, 61.993559618692728 ], [ 9.443212133358829, 61.993317441329971 ], [ 9.443498787551128, 61.992947767248026 ], [ 9.442522872205986, 61.993161792562361 ], [ 9.442909278575405, 61.99327703627484 ], [ 9.44286493010951, 61.993442290562342 ], [ 9.442072604356232, 61.993232704217483 ], [ 9.441187254756301, 61.993497721428419 ], [ 9.44142789416877, 61.993653430602819 ], [ 9.442845938231722, 61.99358921850817 ], [ 9.443533794046836, 61.993845882029156 ], [ 9.443990917719248, 61.994228947687219 ], [ 9.445430805639914, 61.994375387348043 ] ], [ [ 9.444108517157172, 61.993696109111745 ], [ 9.444561540686907, 61.993749506151758 ], [ 9.444455276706243, 61.993845118038998 ], [ 9.444108517157172, 61.993696109111745 ] ] ] ] } },
{ "type": "Feature", "properties": { "fid": 56926, "navn": null, "hoyde_moh": 1048, "arealInnsjo_km2": 0.0039, "magasinKategori": null, "fid_2": 425, "id": 425, "left": 8.986919847, "top": 62.446110046000001, "right": 9.486919847, "bottom": 61.946110046000001, "row_index": 24, "col_index": 10, "tile_id": 425 }, "geometry": { "type": "MultiPolygon", "coordinates": [ [ [ [ 9.377632945163858, 61.99393870376727 ], [ 9.375570767370071, 61.993538197389697 ], [ 9.374823107161708, 61.99358404163479 ], [ 9.374818414910786, 61.993696361028867 ], [ 9.375619280745882, 61.99393316016733 ], [ 9.377632945163858, 61.99393870376727 ] ] ] ] } },
{ "type": "Feature", "properties": { "fid": 57024, "navn": null, "hoyde_moh": 1172, "arealInnsjo_km2": 0.0011, "magasinKategori": null, "fid_2": 425, "id": 425, "left": 8.986919847, "top": 62.446110046000001, "right": 9.486919847, "bottom": 61.946110046000001, "row_index": 24, "col_index": 10, "tile_id": 425 }, "geometry": { "type": "MultiPolygon", "coordinates": [ [ [ [ 9.470815932478629, 61.958324709186563 ], [ 9.470539551294715, 61.95797374813278 ], [ 9.470409871046572, 61.958579816827537 ], [ 9.470472200254248, 61.958794636163354 ], [ 9.470815932478629, 61.958324709186563 ] ] ] ] } },
{ "type": "Feature", "properties": { "fid": 61633, "navn": null, "hoyde_moh": 1396, "arealInnsjo_km2": 0.0019, "magasinKategori": null, "fid_2": 425, "id": 425, "left": 8.986919847, "top": 62.446110046000001, "right": 9.486919847, "bottom": 61.946110046000001, "row_index": 24, "col_index": 10, "tile_id": 425 }, "geometry": { "type": "MultiPolygon", "coordinates": [ [ [ [ 9.224585354147868, 62.425198902812724 ], [ 9.224866262006815, 62.424950323010215 ], [ 9.223604135454959, 62.424926670973562 ], [ 9.223823502078167, 62.425219180029188 ], [ 9.224585354147868, 62.425198902812724 ] ] ] ] } },
{ "type": "Feature", "properties": { "fid": 61654, "navn": null, "hoyde_moh": 1407, "arealInnsjo_km2": 0.0032, "magasinKategori": null, "fid_2": 425, "id": 425, "left": 8.986919847, "top": 62.446110046000001, "right": 9.486919847, "bottom": 61.946110046000001, "row_index": 24, "col_index": 10, "tile_id": 425 }, "geometry": { "type": "MultiPolygon", "coordinates": [ [ [ [ 9.271756297561508, 62.438089732283359 ], [ 9.271986041963103, 62.437925104275386 ], [ 9.27022558523524, 62.437973807620025 ], [ 9.271099547945502, 62.438401136252182 ], [ 9.27169091628237, 62.438428386469859 ], [ 9.271756297561508, 62.438089732283359 ] ] ] ] } },
{ "type": "Feature", "properties": { "fid": 61655, "navn": null, "hoyde_moh": 1440, "arealInnsjo_km2": 0.0071, "magasinKategori": null, "fid_2": 425, "id": 425, "left": 8.986919847, "top": 62.446110046000001, "right": 9.486919847, "bottom": 61.946110046000001, "row_index": 24, "col_index": 10, "tile_id": 425 }, "geometry": { "type": "MultiPolygon", "coordinates": [ [ [ [ 9.265440941703202, 62.440247161898803 ], [ 9.265577236753916, 62.440161685226023 ], [ 9.264579988010507, 62.439661270575108 ], [ 9.264626866838393, 62.439550771336506 ], [ 9.265254553917682, 62.439543809453653 ], [ 9.265101909507901, 62.439104702919735 ], [ 9.263822144409241, 62.439249672968444 ], [ 9.264021794043073, 62.439812066176252 ], [ 9.264751016593959, 62.440111848493522 ], [ 9.265445291286436, 62.440644143260045 ], [ 9.265440941703202, 62.440247161898803 ] ] ] ] } },
{ "type": "Feature", "properties": { "fid": 61656, "navn": null, "hoyde_moh": 1416, "arealInnsjo_km2": 0.008, "magasinKategori": null, "fid_2": 425, "id": 425, "left": 8.986919847, "top": 62.446110046000001, "right": 9.486919847, "bottom": 61.946110046000001, "row_index": 24, "col_index": 10, "tile_id": 425 }, "geometry": { "type": "MultiPolygon", "coordinates": [ [ [ [ 9.294397720816081, 62.441454873770439 ], [ 9.294266521762683, 62.441296642256908 ], [ 9.292143111476808, 62.439963296353568 ], [ 9.293193178465753, 62.440891893208679 ], [ 9.293182944320632, 62.441054132165881 ], [ 9.292815289067594, 62.441047411482621 ], [ 9.292662716261246, 62.441238733505024 ], [ 9.293206014976555, 62.441474014000597 ], [ 9.293893124155209, 62.442072918198107 ], [ 9.294247157379768, 62.442131645932982 ], [ 9.294397720816081, 62.441454873770439 ] ] ] ] } },
{ "type": "Feature", "properties": { "fid": 61798, "navn": null, "hoyde_moh": 1522, "arealInnsjo_km2": 0.0116, "magasinKategori": null, "fid_2": 425, "id": 425, "left": 8.986919847, "top": 62.446110046000001, "right": 9.486919847, "bottom": 61.946110046000001, "row_index": 24, "col_index": 10, "tile_id": 425 }, "geometry": { "type": "MultiPolygon", "coordinates": [ [ [ [ 9.446541868883534, 62.393905730659405 ], [ 9.447604111849337, 62.393747944303271 ], [ 9.447121822216422, 62.393482326463797 ], [ 9.446704030564234, 62.393007239803218 ], [ 9.445995841096332, 62.393012042657077 ], [ 9.445072259181513, 62.393687926892383 ], [ 9.445058570258517, 62.394314067492864 ], [ 9.445512829618977, 62.394367155676548 ], [ 9.446541868883534, 62.393905730659405 ] ] ] ] } },
{ "type": "Feature", "properties": { "fid": 61809, "navn": null, "hoyde_moh": 1449, "arealInnsjo_km2": 0.0245, "magasinKategori": null, "fid_2": 425, "id": 425, "left": 8.986919847, "top": 62.446110046000001, "right": 9.486919847, "bottom": 61.946110046000001, "row_index": 24, "col_index": 10, "tile_id": 425 }, "geometry": { "type": "MultiPolygon", "coordinates": [ [ [ [ 9.405103729320233, 62.34615073260747 ], [ 9.405270971575495, 62.345777651734551 ], [ 9.404317086956919, 62.345198960485192 ], [ 9.405228401059976, 62.344810709042889 ], [ 9.40516379297342, 62.344247094990727 ], [ 9.404667487375342, 62.344005571496936 ], [ 9.404099657932569, 62.343992656707861 ], [ 9.402849017260234, 62.344605366005524 ], [ 9.40285948718933, 62.344889398449418 ], [ 9.402691889681945, 62.344957341259033 ], [ 9.403253017024463, 62.345289333281379 ], [ 9.402740268411492, 62.345579617126994 ], [ 9.40272021812512, 62.34590886142292 ], [ 9.404146280450956, 62.346314988120852 ], [ 9.405103729320233, 62.34615073260747 ] ] ] ] } },
{ "type": "Feature", "properties": { "fid": 61817, "navn": null, "hoyde_moh": 1584, "arealInnsjo_km2": 0.0018, "magasinKategori": null, "fid_2": 425, "id": 425, "left": 8.986919847, "top": 62.446110046000001, "right": 9.486919847, "bottom": 61.946110046000001, "row_index": 24, "col_index": 10, "tile_id": 425 }, "geometry": { "type": "MultiPolygon", "coordinates": [ [ [ [ 9.373681362390284, 62.357488634701404 ], [ 9.374024435474782, 62.357198855276209 ], [ 9.372671850433502, 62.357441306512776 ], [ 9.372745709124359, 62.357601907622353 ], [ 9.373681362390284, 62.357488634701404 ] ] ] ] } },
{ "type": "Feature", "properties": { "fid": 61818, "navn": null, "hoyde_moh": 1662, "arealInnsjo_km2": 0.0071, "magasinKategori": null, "fid_2": 425, "id": 425, "left": 8.986919847, "top": 62.446110046000001, "right": 9.486919847, "bottom": 61.946110046000001, "row_index": 24, "col_index": 10, "tile_id": 425 }, "geometry": { "type": "MultiPolygon", "coordinates": [ [ [ [ 9.429697421842521, 62.366136842448988 ], [ 9.429965087764625, 62.365584339850088 ], [ 9.430462636482135, 62.365073013555332 ], [ 9.429722655628892, 62.364956373088333 ], [ 9.428910447964258, 62.365274878966048 ], [ 9.428927301971253, 62.365943565446415 ], [ 9.429697421842521, 62.366136842448988 ] ] ] ] } },
{ "type": "Feature", "properties": { "fid": 61820, "navn": null, "hoyde_moh": 1540, "arealInnsjo_km2": 0.0032, "magasinKategori": null, "fid_2": 425, "id": 425, "left": 8.986919847, "top": 62.446110046000001, "right": 9.486919847, "bottom": 61.946110046000001, "row_index": 24, "col_index": 10, "tile_id": 425 }, "geometry": { "type": "MultiPolygon", "coordinates": [ [ [ [ 9.346033030611011, 62.321344391793637 ], [ 9.346144242145733, 62.321141361214394 ], [ 9.344400286368977, 62.321000736033874 ], [ 9.345285409317993, 62.321196343491671 ], [ 9.344888548731376, 62.321277457391332 ], [ 9.345011752645291, 62.321424521278509 ], [ 9.344687253321379, 62.32158365602757 ], [ 9.344870852603936, 62.321669005584212 ], [ 9.346033030611011, 62.321344391793637 ] ] ] ] } },
{ "type": "Feature", "properties": { "fid": 61821, "navn": null, "hoyde_moh": 1540, "arealInnsjo_km2": 0.0055, "magasinKategori": null, "fid_2": 425, "id": 425, "left": 8.986919847, "top": 62.446110046000001, "right": 9.486919847, "bottom": 61.946110046000001, "row_index": 24, "col_index": 10, "tile_id": 425 }, "geometry": { "type": "MultiPolygon", "coordinates": [ [ [ [ 9.34859329486364, 62.322702552189988 ], [ 9.347183793292666, 62.322197461206855 ], [ 9.346021558008793, 62.322430901392181 ], [ 9.346120142232628, 62.322680923054413 ], [ 9.346772127635074, 62.322551161418176 ], [ 9.346937405406058, 62.32269066766797 ], [ 9.347394421154188, 62.322682659087796 ], [ 9.347017370629613, 62.322778718991238 ], [ 9.347768555105834, 62.322870104707157 ], [ 9.34859329486364, 62.322702552189988 ] ] ] ] } },
{ "type": "Feature", "properties": { "fid": 61861, "navn": null, "hoyde_moh": 1582, "arealInnsjo_km2": 0.0114, "magasinKategori": null, "fid_2": 425, "id": 425, "left": 8.986919847, "top": 62.446110046000001, "right": 9.486919847, "bottom": 61.946110046000001, "row_index": 24, "col_index": 10, "tile_id": 425 }, "geometry": { "type": "MultiPolygon", "coordinates": [ [ [ [ 9.258650825712307, 62.44267476824615 ], [ 9.259028235229195, 62.442048156801768 ], [ 9.258902686509542, 62.441778675914918 ], [ 9.258341353550058, 62.441650531547239 ], [ 9.257916548481228, 62.441197563147199 ], [ 9.257824072593545, 62.441447957968002 ], [ 9.257136453643463, 62.441696454248266 ], [ 9.257064407780117, 62.442262670445743 ], [ 9.256847069997658, 62.44234605218341 ], [ 9.257816226368698, 62.442471243135287 ], [ 9.257827215095055, 62.442862470699907 ], [ 9.258274174511868, 62.442899474554252 ], [ 9.258650825712307, 62.44267476824615 ] ] ] ] } },
{ "type": "Feature", "properties": { "fid": 61933, "navn": null, "hoyde_moh": 1385, "arealInnsjo_km2": 0.0043, "magasinKategori": null, "fid_2": 425, "id": 425, "left": 8.986919847, "top": 62.446110046000001, "right": 9.486919847, "bottom": 61.946110046000001, "row_index": 24, "col_index": 10, "tile_id": 425 }, "geometry": { "type": "MultiPolygon", "coordinates": [ [ [ [ 9.42778778663445, 62.417412217046703 ], [ 9.427504341657835, 62.417230383600462 ], [ 9.42790650644265, 62.417069111542396 ], [ 9.427595609649169, 62.416840905404975 ], [ 9.426831791112322, 62.416843216332317 ], [ 9.426301705243928, 62.417150201793739 ], [ 9.427013018950007, 62.417518945215782 ], [ 9.42778778663445, 62.417412217046703 ] ] ] ] } },
{ "type": "Feature", "properties": { "fid": 61941, "navn": null, "hoyde_moh": 1289, "arealInnsjo_km2": 0.0166, "magasinKategori": null, "fid_2": 425, "id": 425, "left": 8.986919847, "top": 62.446110046000001, "right": 9.486919847, "bottom": 61.946110046000001, "row_index": 24, "col_index": 10, "tile_id": 425 }, "geometry": { "type": "MultiPolygon", "coordinates": [ [ [ [ 9.243910760798594, 62.390358446567255 ], [ 9.244146663475673, 62.38981901084135 ], [ 9.243318663021046, 62.389092424894784 ], [ 9.241896262782765, 62.389012557052624 ], [ 9.241156122813559, 62.389442766105709 ], [ 9.241195846552252, 62.389730049712909 ], [ 9.242729210448376, 62.390125366301575 ], [ 9.243016967065193, 62.390416992003288 ], [ 9.243910760798594, 62.390358446567255 ] ] ] ] } },
{ "type": "Feature", "properties": { "fid": 61944, "navn": null, "hoyde_moh": 1366, "arealInnsjo_km2": 0.0037, "magasinKategori": null, "fid_2": 425, "id": 425, "left": 8.986919847, "top": 62.446110046000001, "right": 9.486919847, "bottom": 61.946110046000001, "row_index": 24, "col_index": 10, "tile_id": 425 }, "geometry": { "type": "MultiPolygon", "coordinates": [ [ [ [ 9.337376428000658, 62.405989975641866 ], [ 9.336828661000993, 62.406039025368152 ], [ 9.33649413514622, 62.406290923233747 ], [ 9.33744552722534, 62.406727381203162 ], [ 9.337940706270487, 62.406781859465994 ], [ 9.337376428000658, 62.405989975641866 ] ] ] ] } },
{ "type": "Feature", "properties": { "fid": 66122, "navn": null, "hoyde_moh": 1386, "arealInnsjo_km2": 0.0045, "magasinKategori": null, "fid_2": 425, "id": 425, "left": 8.986919847, "top": 62.446110046000001, "right": 9.486919847, "bottom": 61.946110046000001, "row_index": 24, "col_index": 10, "tile_id": 425 }, "geometry": { "type": "MultiPolygon", "coordinates": [ [ [ [ 9.321717305347139, 62.243461032958869 ], [ 9.322037681749871, 62.243293252979655 ], [ 9.322064822167079, 62.243128921807632 ], [ 9.32156076386859, 62.243007961259998 ], [ 9.320196430392915, 62.24335288374369 ], [ 9.320294795806841, 62.243511745108009 ], [ 9.320885385797265, 62.243607817488474 ], [ 9.321717305347139, 62.243461032958869 ] ] ] ] } },
{ "type": "Feature", "properties": { "fid": 66174, "navn": null, "hoyde_moh": 934, "arealInnsjo_km2": 0.0043, "magasinKategori": null, "fid_2": 425, "id": 425, "left": 8.986919847, "top": 62.446110046000001, "right": 9.486919847, "bottom": 61.946110046000001, "row_index": 24, "col_index": 10, "tile_id": 425 }, "geometry": { "type": "MultiPolygon", "coordinates": [ [ [ [ 9.355648902293133, 62.163771910259825 ], [ 9.354945212542658, 62.16340929951425 ], [ 9.353697124861663, 62.163356028155647 ], [ 9.353763010876394, 62.163516330692978 ], [ 9.354232596043667, 62.163655692431171 ], [ 9.354029469851945, 62.163769263083857 ], [ 9.354128577728639, 62.163890868725169 ], [ 9.354760152996549, 62.163956560996787 ], [ 9.355648902293133, 62.163771910259825 ] ] ] ] } },
{ "type": "Feature", "properties": { "fid": 66175, "navn": null, "hoyde_moh": 936, "arealInnsjo_km2": 0.0201, "magasinKategori": null, "fid_2": 425, "id": 425, "left": 8.986919847, "top": 62.446110046000001, "right": 9.486919847, "bottom": 61.946110046000001, "row_index": 24, "col_index": 10, "tile_id": 425 }, "geometry": { "type": "MultiPolygon", "coordinates": [ [ [ [ 9.36184116948761, 62.166056910970056 ], [ 9.363663658257561, 62.166224276658724 ], [ 9.363914176906231, 62.166062940895607 ], [ 9.362876084192946, 62.165342980537275 ], [ 9.360949981383625, 62.164896841354292 ], [ 9.360323189695185, 62.165053788930287 ], [ 9.359608810690439, 62.165016965209873 ], [ 9.359873548005304, 62.165611313008178 ], [ 9.361904287207844, 62.166411696907936 ], [ 9.36184116948761, 62.166056910970056 ] ] ] ] } },
{ "type": "Feature", "properties": { "fid": 66176, "navn": null, "hoyde_moh": 1104, "arealInnsjo_km2": 0.0039, "magasinKategori": null, "fid_2": 425, "id": 425, "left": 8.986919847, "top": 62.446110046000001, "right": 9.486919847, "bottom": 61.946110046000001, "row_index": 24, "col_index": 10, "tile_id": 425 }, "geometry": { "type": "MultiPolygon", "coordinates": [ [ [ [ 9.400350989684165, 62.16801910532547 ], [ 9.400181347250937, 62.167648780934847 ], [ 9.399687366123544, 62.16734793246593 ], [ 9.399192265181497, 62.167379071582907 ], [ 9.399423910831779, 62.168006630775722 ], [ 9.399999995002041, 62.168175168447057 ], [ 9.400350989684165, 62.16801910532547 ] ] ] ] } },
{ "type": "Feature", "properties": { "fid": 66201, "navn": null, "hoyde_moh": 954, "arealInnsjo_km2": 0.0063, "magasinKategori": null, "fid_2": 425, "id": 425, "left": 8.986919847, "top": 62.446110046000001, "right": 9.486919847, "bottom": 61.946110046000001, "row_index": 24, "col_index": 10, "tile_id": 425 }, "geometry": { "type": "MultiPolygon", "coordinates": [ [ [ [ 9.259471427826769, 62.138090450145867 ], [ 9.258899981985177, 62.137840370847101 ], [ 9.258713482743817, 62.1375473413771 ], [ 9.257885096396627, 62.137615228266121 ], [ 9.257693105610324, 62.138038702341731 ], [ 9.258311831643306, 62.138395266248857 ], [ 9.258757162707946, 62.138454661839368 ], [ 9.259471427826769, 62.138090450145867 ] ] ] ] } },
{ "type": "Feature", "properties": { "fid": 75630, "navn": null, "hoyde_moh": 1440, "arealInnsjo_km2": 0.01, "magasinKategori": null, "fid_2": 425, "id": 425, "left": 8.986919847, "top": 62.446110046000001, "right": 9.486919847, "bottom": 61.946110046000001, "row_index": 24, "col_index": 10, "tile_id": 425 }, "geometry": { "type": "MultiPolygon", "coordinates": [ [ [ [ 9.26996926540648, 62.442580544881146 ], [ 9.269263951998168, 62.442090940225029 ], [ 9.266942120002968, 62.441295139697282 ], [ 9.26683373457322, 62.441045189680601 ], [ 9.265987674016399, 62.440987251394752 ], [ 9.266584555852736, 62.441252038089253 ], [ 9.2670019422459, 62.44165326953555 ], [ 9.267581729239408, 62.44170877370825 ], [ 9.267701531950877, 62.441933718436189 ], [ 9.26876586458093, 62.442609527366912 ], [ 9.270075291347755, 62.442862170663133 ], [ 9.26996926540648, 62.442580544881146 ] ] ] ] } },
{ "type": "Feature", "properties": { "fid": 75672, "navn": null, "hoyde_moh": 1356, "arealInnsjo_km2": 0.0027, "magasinKategori": null, "fid_2": 425, "id": 425, "left": 8.986919847, "top": 62.446110046000001, "right": 9.486919847, "bottom": 61.946110046000001, "row_index": 24, "col_index": 10, "tile_id": 425 }, "geometry": { "type": "MultiPolygon", "coordinates": [ [ [ [ 9.386366370240422, 62.417168740191634 ], [ 9.386040544422212, 62.416862511944096 ], [ 9.386035917681607, 62.416405715542012 ], [ 9.385094860862074, 62.415787232358369 ], [ 9.385026843576215, 62.415890963212938 ], [ 9.385172828871307, 62.415983809757265 ], [ 9.385049192478769, 62.416076742460177 ], [ 9.385552515060914, 62.416297707258884 ], [ 9.385824527272355, 62.416661978038924 ], [ 9.385932962286264, 62.416936112322297 ], [ 9.385815577037715, 62.417267458947656 ], [ 9.386366370240422, 62.417168740191634 ] ] ] ] } },
{ "type": "Feature", "properties": { "fid": 75673, "navn": null, "hoyde_moh": 1444, "arealInnsjo_km2": 0.0155, "magasinKategori": null, "fid_2": 425, "id": 425, "left": 8.986919847, "top": 62.446110046000001, "right": 9.486919847, "bottom": 61.946110046000001, "row_index": 24, "col_index": 10, "tile_id": 425 }, "geometry": { "type": "MultiPolygon", "coordinates": [ [ [ [ 9.359207843608791, 62.418257247072255 ], [ 9.359195451261186, 62.41808743490391 ], [ 9.356644098935618, 62.416944853376229 ], [ 9.35595079327573, 62.417025697121417 ], [ 9.355574114773574, 62.417236863123264 ], [ 9.355984939938143, 62.417671108878416 ], [ 9.357645674927085, 62.418339911717496 ], [ 9.358491327483593, 62.418469117012329 ], [ 9.359207843608791, 62.418257247072255 ] ] ] ] } },
{ "type": "Feature", "properties": { "fid": 75674, "navn": null, "hoyde_moh": 1369, "arealInnsjo_km2": 0.0023, "magasinKategori": null, "fid_2": 425, "id": 425, "left": 8.986919847, "top": 62.446110046000001, "right": 9.486919847, "bottom": 61.946110046000001, "row_index": 24, "col_index": 10, "tile_id": 425 }, "geometry": { "type": "MultiPolygon", "coordinates": [ [ [ [ 9.397042216068272, 62.42142111080296 ], [ 9.396923218302348, 62.421143682603791 ], [ 9.396554591551769, 62.421010011125105 ], [ 9.396272020356609, 62.421101675474361 ], [ 9.396449031162327, 62.421452728957831 ], [ 9.39746941734052, 62.421676221034986 ], [ 9.397042216068272, 62.42142111080296 ] ] ] ] } },
{ "type": "Feature", "properties": { "fid": 75675, "navn": null, "hoyde_moh": 1350, "arealInnsjo_km2": 0.012, "magasinKategori": null, "fid_2": 425, "id": 425, "left": 8.986919847, "top": 62.446110046000001, "right": 9.486919847, "bottom": 61.946110046000001, "row_index": 24, "col_index": 10, "tile_id": 425 }, "geometry": { "type": "MultiPolygon", "coordinates": [ [ [ [ 9.388158674349398, 62.421952040346461 ], [ 9.388603037656672, 62.421853963163109 ], [ 9.388336238309645, 62.421616551376516 ], [ 9.388472768044249, 62.421364102534795 ], [ 9.388053018590545, 62.42103356675441 ], [ 9.387281238606418, 62.420921482135853 ], [ 9.386858710449408, 62.421035648036522 ], [ 9.386584523345128, 62.42126435392894 ], [ 9.386805374011928, 62.421352571102368 ], [ 9.386290376459163, 62.421588921485892 ], [ 9.386391803519778, 62.42174342140089 ], [ 9.386219324997395, 62.421807920578225 ], [ 9.38702082705969, 62.422101856398093 ], [ 9.386838459937584, 62.422173517633951 ], [ 9.387740778485778, 62.42235253056009 ], [ 9.388158674349398, 62.421952040346461 ] ] ] ] } },
{ "type": "Feature", "properties": { "fid": 75676, "navn": null, "hoyde_moh": 1370, "arealInnsjo_km2": 0.003, "magasinKategori": null, "fid_2": 425, "id": 425, "left": 8.986919847, "top": 62.446110046000001, "right": 9.486919847, "bottom": 61.946110046000001, "row_index": 24, "col_index": 10, "tile_id": 425 }, "geometry": { "type": "MultiPolygon", "coordinates": [ [ [ [ 9.485193485682192, 62.428827575027128 ], [ 9.48391484012272, 62.42834853853482 ], [ 9.48294018656873, 62.428378800051895 ], [ 9.484110859222197, 62.428899911355671 ], [ 9.485193485682192, 62.428827575027128 ] ] ] ] } },
{ "type": "Feature", "properties": { "fid": 75677, "navn": null, "hoyde_moh": 1373, "arealInnsjo_km2": 0.0348, "magasinKategori": null, "fid_2": 425, "id": 425, "left": 8.986919847, "top": 62.446110046000001, "right": 9.486919847, "bottom": 61.946110046000001, "row_index": 24, "col_index": 10, "tile_id": 425 }, "geometry": { "type": "MultiPolygon", "coordinates": [ [ [ [ 9.221132554689719, 62.419429932783103 ], [ 9.2231815117603, 62.419053232987629 ], [ 9.223835389812663, 62.418827455318137 ], [ 9.223854209506321, 62.418656835112188 ], [ 9.223489438362996, 62.418403650658682 ], [ 9.222141744078753, 62.418470492845628 ], [ 9.220888019958965, 62.418257299417569 ], [ 9.220658711348435, 62.418085810323156 ], [ 9.221159815719231, 62.417870974623447 ], [ 9.220346887103769, 62.417773873651342 ], [ 9.219076327930171, 62.418110361709822 ], [ 9.218095411119069, 62.418891182798198 ], [ 9.219500750889315, 62.419511850670837 ], [ 9.220591115805801, 62.419663436562693 ], [ 9.221132554689719, 62.419429932783103 ] ] ] ] } },
{ "type": "Feature", "properties": { "fid": 75685, "navn": null, "hoyde_moh": 1232, "arealInnsjo_km2": 0.0087, "magasinKategori": null, "fid_2": 425, "id": 425, "left": 8.986919847, "top": 62.446110046000001, "right": 9.486919847, "bottom": 61.946110046000001, "row_index": 24, "col_index": 10, "tile_id": 425 }, "geometry": { "type": "MultiPolygon", "coordinates": [ [ [ [ 9.285255392390958, 62.396347776927001 ], [ 9.285260829004992, 62.395516425422279 ], [ 9.28409655261906, 62.39540360654226 ], [ 9.283435818718027, 62.395555902925793 ], [ 9.283427464090598, 62.395911126034541 ], [ 9.284650713827162, 62.396389415087313 ], [ 9.285255392390958, 62.396347776927001 ] ] ] ] } },
{ "type": "Feature", "properties": { "fid": 75692, "navn": null, "hoyde_moh": 1567, "arealInnsjo_km2": 0.006, "magasinKategori": null, "fid_2": 425, "id": 425, "left": 8.986919847, "top": 62.446110046000001, "right": 9.486919847, "bottom": 61.946110046000001, "row_index": 24, "col_index": 10, "tile_id": 425 }, "geometry": { "type": "MultiPolygon", "coordinates": [ [ [ [ 9.454869462438696, 62.380842771254187 ], [ 9.454949462504581, 62.380447618442304 ], [ 9.454747259749899, 62.380314800587527 ], [ 9.454565902385331, 62.379818397737665 ], [ 9.454022832546112, 62.380028101231112 ], [ 9.453617045250351, 62.380394489947548 ], [ 9.453721133811838, 62.380795196009338 ], [ 9.454869462438696, 62.380842771254187 ] ] ] ] } },
{ "type": "Feature", "properties": { "fid": 75693, "navn": null, "hoyde_moh": 1432, "arealInnsjo_km2": 0.0027, "magasinKategori": null, "fid_2": 425, "id": 425, "left": 8.986919847, "top": 62.446110046000001, "right": 9.486919847, "bottom": 61.946110046000001, "row_index": 24, "col_index": 10, "tile_id": 425 }, "geometry": { "type": "MultiPolygon", "coordinates": [ [ [ [ 9.313314440965799, 62.375222193075594 ], [ 9.313407281566985, 62.375062080576214 ], [ 9.312751104201803, 62.374680540322892 ], [ 9.312287140163418, 62.375149227426583 ], [ 9.31267829212017, 62.375360585803875 ], [ 9.313314440965799, 62.375222193075594 ] ] ] ] } },
{ "type": "Feature", "properties": { "fid": 75696, "navn": null, "hoyde_moh": 1556, "arealInnsjo_km2": 0.002, "magasinKategori": null, "fid_2": 425, "id": 425, "left": 8.986919847, "top": 62.446110046000001, "right": 9.486919847, "bottom": 61.946110046000001, "row_index": 24, "col_index": 10, "tile_id": 425 }, "geometry": { "type": "MultiPolygon", "coordinates": [ [ [ [ 9.486802822820014, 62.394912490456626 ], [ 9.486919847, 62.39495750466024 ], [ 9.486919847, 62.394863265921693 ], [ 9.486802822820014, 62.394912490456626 ] ] ] ] } },
{ "type": "Feature", "properties": { "fid": 75713, "navn": null, "hoyde_moh": 1504, "arealInnsjo_km2": 0.0034, "magasinKategori": null, "fid_2": 425, "id": 425, "left": 8.986919847, "top": 62.446110046000001, "right": 9.486919847, "bottom": 61.946110046000001, "row_index": 24, "col_index": 10, "tile_id": 425 }, "geometry": { "type": "MultiPolygon", "coordinates": [ [ [ [ 9.361275491793286, 62.323824175931911 ], [ 9.361045851216165, 62.323761099953522 ], [ 9.361166811672716, 62.323635415160716 ], [ 9.361600599581498, 62.323548195969593 ], [ 9.36161020028314, 62.323113118032367 ], [ 9.36108991640314, 62.323086106659858 ], [ 9.36063602043601, 62.323403832099629 ], [ 9.360731502439146, 62.323521758699279 ], [ 9.360468657025308, 62.323610618235456 ], [ 9.360707246993561, 62.323864880636407 ], [ 9.361275491793286, 62.323824175931911 ] ] ] ] } },
{ "type": "Feature", "properties": { "fid": 75714, "navn": null, "hoyde_moh": 1596, "arealInnsjo_km2": 0.0023, "magasinKategori": null, "fid_2": 425, "id": 425, "left": 8.986919847, "top": 62.446110046000001, "right": 9.486919847, "bottom": 61.946110046000001, "row_index": 24, "col_index": 10, "tile_id": 425 }, "geometry": { "type": "MultiPolygon", "coordinates": [ [ [ [ 9.324293871819147, 62.324094385911188 ], [ 9.324392103137448, 62.323877964820269 ], [ 9.324936073387795, 62.323774664859386 ], [ 9.324969702453162, 62.323619418394465 ], [ 9.324427882987729, 62.3235364789019 ], [ 9.324366049253545, 62.323697591674645 ], [ 9.3240836443973, 62.323682609387923 ], [ 9.323800419050738, 62.32403601762519 ], [ 9.323781849370818, 62.324347873743271 ], [ 9.324293871819147, 62.324094385911188 ] ] ] ] } },
{ "type": "Feature", "properties": { "fid": 75720, "navn": null, "hoyde_moh": 1071, "arealInnsjo_km2": 0.0034, "magasinKategori": null, "fid_2": 425, "id": 425, "left": 8.986919847, "top": 62.446110046000001, "right": 9.486919847, "bottom": 61.946110046000001, "row_index": 24, "col_index": 10, "tile_id": 425 }, "geometry": { "type": "MultiPolygon", "coordinates": [ [ [ [ 9.486919847, 62.263022862422268 ], [ 9.486919847, 62.262692570261294 ], [ 9.485904805433712, 62.262724230438195 ], [ 9.485873395615947, 62.263057776460144 ], [ 9.486838716107094, 62.263286115425622 ], [ 9.486919847, 62.263022862422268 ] ] ] ] } },
{ "type": "Feature", "properties": { "fid": 75722, "navn": null, "hoyde_moh": 1466, "arealInnsjo_km2": 0.0009, "magasinKategori": null, "fid_2": 425, "id": 425, "left": 8.986919847, "top": 62.446110046000001, "right": 9.486919847, "bottom": 61.946110046000001, "row_index": 24, "col_index": 10, "tile_id": 425 }, "geometry": { "type": "MultiPolygon", "coordinates": [ [ [ [ 9.354364246561456, 62.297972506386458 ], [ 9.354401098296606, 62.297922521884054 ], [ 9.354039896082853, 62.297722201554834 ], [ 9.353714806988471, 62.298069176807331 ], [ 9.354364246561456, 62.297972506386458 ] ] ] ] } },
{ "type": "Feature", "properties": { "fid": 77894, "navn": null, "hoyde_moh": 1345, "arealInnsjo_km2": 0.0064, "magasinKategori": null, "fid_2": 425, "id": 425, "left": 8.986919847, "top": 62.446110046000001, "right": 9.486919847, "bottom": 61.946110046000001, "row_index": 24, "col_index": 10, "tile_id": 425 }, "geometry": { "type": "MultiPolygon", "coordinates": [ [ [ [ 9.015443820595925, 61.998852059991457 ], [ 9.015378018092088, 61.997947972715764 ], [ 9.015085699821874, 61.997912469662253 ], [ 9.014065891586524, 61.998526642546771 ], [ 9.014305641251806, 61.99891183124204 ], [ 9.015102302626678, 61.999070313519418 ], [ 9.015443820595925, 61.998852059991457 ] ] ] ] } },
{ "type": "Feature", "properties": { "fid": 78702, "navn": null, "hoyde_moh": 1386, "arealInnsjo_km2": 0.0111, "magasinKategori": null, "fid_2": 425, "id": 425, "left": 8.986919847, "top": 62.446110046000001, "right": 9.486919847, "bottom": 61.946110046000001, "row_index": 24, "col_index": 10, "tile_id": 425 }, "geometry": { "type": "MultiPolygon", "coordinates": [ [ [ [ 9.096100211362383, 61.962169153987396 ], [ 9.096410239868213, 61.961935331780609 ], [ 9.096546423942099, 61.961575195397792 ], [ 9.096334683123857, 61.961360280571917 ], [ 9.095751655772164, 61.961248346177868 ], [ 9.095078146381457, 61.961389027410604 ], [ 9.094216888649855, 61.962172311883208 ], [ 9.094870395624163, 61.962506694156957 ], [ 9.096100211362383, 61.962169153987396 ] ] ] ] } },
{ "type": "Feature", "properties": { "fid": 80142, "navn": null, "hoyde_moh": 1309, "arealInnsjo_km2": 0.0066, "magasinKategori": null, "fid_2": 425, "id": 425, "left": 8.986919847, "top": 62.446110046000001, "right": 9.486919847, "bottom": 61.946110046000001, "row_index": 24, "col_index": 10, "tile_id": 425 }, "geometry": { "type": "MultiPolygon", "coordinates": [ [ [ [ 9.045982051245904, 61.993181675737446 ], [ 9.045833319220014, 61.992725853042245 ], [ 9.044723718979379, 61.992161336703461 ], [ 9.044770570463825, 61.992495968521638 ], [ 9.044361609891839, 61.992704251840827 ], [ 9.044322434156975, 61.992872998064009 ], [ 9.045614554563292, 61.993339535965049 ], [ 9.045982051245904, 61.993181675737446 ] ] ] ] } },
{ "type": "Feature", "properties": { "fid": 80393, "navn": null, "hoyde_moh": 1143, "arealInnsjo_km2": 0.0149, "magasinKategori": null, "fid_2": 425, "id": 425, "left": 8.986919847, "top": 62.446110046000001, "right": 9.486919847, "bottom": 61.946110046000001, "row_index": 24, "col_index": 10, "tile_id": 425 }, "geometry": { "type": "MultiPolygon", "coordinates": [ [ [ [ 9.021820448547142, 61.970917962222352 ], [ 9.022052590383792, 61.970859179683274 ], [ 9.021984463663221, 61.970659567262729 ], [ 9.020882051207362, 61.970083066689476 ], [ 9.01964635809331, 61.969910531731848 ], [ 9.018866917168221, 61.970396415031651 ], [ 9.018928712303843, 61.970590171540827 ], [ 9.019651446179783, 61.970733726870463 ], [ 9.019857919342495, 61.971013014837567 ], [ 9.020568613643619, 61.970981271766185 ], [ 9.021765025958063, 61.971224480800934 ], [ 9.021820448547142, 61.970917962222352 ] ] ] ] } },
{ "type": "Feature", "properties": { "fid": 83144, "navn": null, "hoyde_moh": 1226, "arealInnsjo_km2": 0.0013, "magasinKategori": null, "fid_2": 425, "id": 425, "left": 8.986919847, "top": 62.446110046000001, "right": 9.486919847, "bottom": 61.946110046000001, "row_index": 24, "col_index": 10, "tile_id": 425 }, "geometry": { "type": "MultiPolygon", "coordinates": [ [ [ [ 9.326722586320273, 62.048578014322679 ], [ 9.32620320716361, 62.048422678772404 ], [ 9.325619619210084, 62.048574881466152 ], [ 9.326671944089297, 62.04873300125567 ], [ 9.326722586320273, 62.048578014322679 ] ] ] ] } },
{ "type": "Feature", "properties": { "fid": 83150, "navn": null, "hoyde_moh": 1310, "arealInnsjo_km2": 0.0091, "magasinKategori": null, "fid_2": 425, "id": 425, "left": 8.986919847, "top": 62.446110046000001, "right": 9.486919847, "bottom": 61.946110046000001, "row_index": 24, "col_index": 10, "tile_id": 425 }, "geometry": { "type": "MultiPolygon", "coordinates": [ [ [ [ 9.378398312233621, 62.24898803855509 ], [ 9.378418663747539, 62.248671405050935 ], [ 9.378110294891881, 62.248199834803685 ], [ 9.3780804799854, 62.24767027320128 ], [ 9.377721884196873, 62.247591619007338 ], [ 9.377154817377352, 62.248090540086629 ], [ 9.377567698946976, 62.248424145356232 ], [ 9.37693790250281, 62.248790725050284 ], [ 9.37755759391456, 62.249298528743694 ], [ 9.377991077357617, 62.249364923493246 ], [ 9.378398312233621, 62.24898803855509 ] ] ] ] } },
{ "type": "Feature", "properties": { "fid": 83227, "navn": null, "hoyde_moh": 941, "arealInnsjo_km2": 0.0184, "magasinKategori": null, "fid_2": 425, "id": 425, "left": 8.986919847, "top": 62.446110046000001, "right": 9.486919847, "bottom": 61.946110046000001, "row_index": 24, "col_index": 10, "tile_id": 425 }, "geometry": { "type": "MultiPolygon", "coordinates": [ [ [ [ 9.256425924422462, 62.112354919393894 ], [ 9.256703978551737, 62.112153512414778 ], [ 9.256619144574854, 62.111961569118399 ], [ 9.256278579197806, 62.111868619621575 ], [ 9.256344732555824, 62.111649656715912 ], [ 9.255898600971337, 62.111332302198036 ], [ 9.254636469631002, 62.111192501389048 ], [ 9.253129016165891, 62.111340791894172 ], [ 9.253794948474294, 62.11210354939665 ], [ 9.255633558846398, 62.11249178683056 ], [ 9.256425924422462, 62.112354919393894 ] ] ] ] } },
{ "type": "Feature", "properties": { "fid": 83331, "navn": null, "hoyde_moh": 945, "arealInnsjo_km2": 0.0049, "magasinKategori": null, "fid_2": 425, "id": 425, "left": 8.986919847, "top": 62.446110046000001, "right": 9.486919847, "bottom": 61.946110046000001, "row_index": 24, "col_index": 10, "tile_id": 425 }, "geometry": { "type": "MultiPolygon", "coordinates": [ [ [ [ 9.255263593828541, 62.130032976397793 ], [ 9.255274280150996, 62.129822865642062 ], [ 9.254930127101018, 62.129469432795254 ], [ 9.25420644798451, 62.129445780000928 ], [ 9.253861022739061, 62.129639520483025 ], [ 9.254385499478087, 62.130137835230357 ], [ 9.254849018511907, 62.130294145591499 ], [ 9.255263593828541, 62.130032976397793 ] ] ] ] } },
{ "type": "Feature", "properties": { "fid": 83374, "navn": null, "hoyde_moh": 1120, "arealInnsjo_km2": 0.0034, "magasinKategori": null, "fid_2": 425, "id": 425, "left": 8.986919847, "top": 62.446110046000001, "right": 9.486919847, "bottom": 61.946110046000001, "row_index": 24, "col_index": 10, "tile_id": 425 }, "geometry": { "type": "MultiPolygon", "coordinates": [ [ [ [ 9.438524216207901, 62.18667731971891 ], [ 9.438654742922999, 62.186485375174875 ], [ 9.437643804763095, 62.186338664611426 ], [ 9.436854984679655, 62.186444617588641 ], [ 9.438113813192061, 62.186793018076166 ], [ 9.438524216207901, 62.18667731971891 ] ] ] ] } },
{ "type": "Feature", "properties": { "fid": 83398, "navn": null, "hoyde_moh": 1080, "arealInnsjo_km2": 0.0082, "magasinKategori": null, "fid_2": 425, "id": 425, "left": 8.986919847, "top": 62.446110046000001, "right": 9.486919847, "bottom": 61.946110046000001, "row_index": 24, "col_index": 10, "tile_id": 425 }, "geometry": { "type": "MultiPolygon", "coordinates": [ [ [ [ 9.399175895464028, 62.162458366453649 ], [ 9.398952236042659, 62.162287193838964 ], [ 9.39874829016774, 62.161684877516734 ], [ 9.397268469032797, 62.161518823740877 ], [ 9.396999752424897, 62.161663274172639 ], [ 9.397018031588177, 62.161889483253859 ], [ 9.397870725814235, 62.162249089099603 ], [ 9.398188666345176, 62.162552167584572 ], [ 9.399175895464028, 62.162458366453649 ] ] ] ] } },
{ "type": "Feature", "properties": { "fid": 83488, "navn": null, "hoyde_moh": 1300, "arealInnsjo_km2": 0.0075, "magasinKategori": null, "fid_2": 425, "id": 425, "left": 8.986919847, "top": 62.446110046000001, "right": 9.486919847, "bottom": 61.946110046000001, "row_index": 24, "col_index": 10, "tile_id": 425 }, "geometry": { "type": "MultiPolygon", "coordinates": [ [ [ [ 9.413223645402887, 62.19445465875333 ], [ 9.411764525981827, 62.193701999521622 ], [ 9.411266571834183, 62.193992745364945 ], [ 9.411281169290314, 62.194349668237436 ], [ 9.411565259002563, 62.194571678226183 ], [ 9.412671243475117, 62.194775160818438 ], [ 9.413223645402887, 62.19445465875333 ] ] ] ] } },
{ "type": "Feature", "properties": { "fid": 84432, "navn": null, "hoyde_moh": 1484, "arealInnsjo_km2": 0.0013, "magasinKategori": null, "fid_2": 425, "id": 425, "left": 8.986919847, "top": 62.446110046000001, "right": 9.486919847, "bottom": 61.946110046000001, "row_index": 24, "col_index": 10, "tile_id": 425 }, "geometry": { "type": "MultiPolygon", "coordinates": [ [ [ [ 9.34882719653905, 62.300396614565301 ], [ 9.348210692518261, 62.300235732287554 ], [ 9.348179300844819, 62.300561732575453 ], [ 9.348660280310316, 62.300698905147698 ], [ 9.34882719653905, 62.300396614565301 ] ] ] ] } },
{ "type": "Feature", "properties": { "fid": 84443, "navn": null, "hoyde_moh": 1388, "arealInnsjo_km2": 0.0039, "magasinKategori": null, "fid_2": 425, "id": 425, "left": 8.986919847, "top": 62.446110046000001, "right": 9.486919847, "bottom": 61.946110046000001, "row_index": 24, "col_index": 10, "tile_id": 425 }, "geometry": { "type": "MultiPolygon", "coordinates": [ [ [ [ 9.411377853355084, 62.302273162196073 ], [ 9.410974294528259, 62.301749704713068 ], [ 9.409656670894284, 62.302068009702829 ], [ 9.410006222705812, 62.30228633368835 ], [ 9.411206507823643, 62.302396940146252 ], [ 9.411377853355084, 62.302273162196073 ] ] ] ] } },
{ "type": "Feature", "properties": { "fid": 84445, "navn": null, "hoyde_moh": 1500, "arealInnsjo_km2": 0.0076, "magasinKategori": null, "fid_2": 425, "id": 425, "left": 8.986919847, "top": 62.446110046000001, "right": 9.486919847, "bottom": 61.946110046000001, "row_index": 24, "col_index": 10, "tile_id": 425 }, "geometry": { "type": "MultiPolygon", "coordinates": [ [ [ [ 9.341714157133762, 62.316507551462237 ], [ 9.341162863202298, 62.316301962180198 ], [ 9.341407367598206, 62.315958467461975 ], [ 9.34026424804614, 62.3154854103649 ], [ 9.340966727416973, 62.315256478390026 ], [ 9.340772386716186, 62.315066269851549 ], [ 9.340233769485538, 62.314974158409719 ], [ 9.339517411324072, 62.315144372126731 ], [ 9.339574422644118, 62.315424657275898 ], [ 9.340180520602312, 62.31576417890517 ], [ 9.340148790155579, 62.315988813167408 ], [ 9.340424249239643, 62.31620231726707 ], [ 9.340995373889488, 62.316366323727273 ], [ 9.341195659442961, 62.316606100830725 ], [ 9.341714157133762, 62.316507551462237 ] ] ] ] } },
{ "type": "Feature", "properties": { "fid": 84503, "navn": null, "hoyde_moh": 1370, "arealInnsjo_km2": 0.0042, "magasinKategori": null, "fid_2": 425, "id": 425, "left": 8.986919847, "top": 62.446110046000001, "right": 9.486919847, "bottom": 61.946110046000001, "row_index": 24, "col_index": 10, "tile_id": 425 }, "geometry": { "type": "MultiPolygon", "coordinates": [ [ [ [ 9.378618587911111, 62.394933523846298 ], [ 9.379040677371353, 62.394463841946731 ], [ 9.377340110360727, 62.394705804173888 ], [ 9.377377268358686, 62.395067342763959 ], [ 9.377773063036576, 62.395174094270367 ], [ 9.378618587911111, 62.394933523846298 ] ] ] ] } },
{ "type": "Feature", "properties": { "fid": 84506, "navn": null, "hoyde_moh": 1370, "arealInnsjo_km2": 0.0051, "magasinKategori": null, "fid_2": 425, "id": 425, "left": 8.986919847, "top": 62.446110046000001, "right": 9.486919847, "bottom": 61.946110046000001, "row_index": 24, "col_index": 10, "tile_id": 425 }, "geometry": { "type": "MultiPolygon", "coordinates": [ [ [ [ 9.393594902455099, 62.410886264331026 ], [ 9.393446622179464, 62.410443566361579 ], [ 9.392652617121099, 62.41038407157513 ], [ 9.391827886437977, 62.410567971699237 ], [ 9.391958961337943, 62.410775418701206 ], [ 9.393415898622541, 62.411082187284343 ], [ 9.393594902455099, 62.410886264331026 ] ] ] ] } },
{ "type": "Feature", "properties": { "fid": 84520, "navn": null, "hoyde_moh": 1287, "arealInnsjo_km2": 0.0039, "magasinKategori": null, "fid_2": 425, "id": 425, "left": 8.986919847, "top": 62.446110046000001, "right": 9.486919847, "bottom": 61.946110046000001, "row_index": 24, "col_index": 10, "tile_id": 425 }, "geometry": { "type": "MultiPolygon", "coordinates": [ [ [ [ 9.25950141261699, 62.389586542855128 ], [ 9.259017133345987, 62.389329769413735 ], [ 9.258295788233454, 62.389227925945846 ], [ 9.257940394227326, 62.389447548927528 ], [ 9.25825443969376, 62.38973833552447 ], [ 9.259252083623915, 62.389823516930853 ], [ 9.25950141261699, 62.389586542855128 ] ] ] ] } },
{ "type": "Feature", "properties": { "fid": 84578, "navn": null, "hoyde_moh": 1562, "arealInnsjo_km2": 0.0027, "magasinKategori": null, "fid_2": 425, "id": 425, "left": 8.986919847, "top": 62.446110046000001, "right": 9.486919847, "bottom": 61.946110046000001, "row_index": 24, "col_index": 10, "tile_id": 425 }, "geometry": { "type": "MultiPolygon", "coordinates": [ [ [ [ 9.455195552816969, 62.352926094956459 ], [ 9.456200340331831, 62.352267741081732 ], [ 9.454992933031971, 62.35243333832058 ], [ 9.454512048130633, 62.352882219122961 ], [ 9.455195552816969, 62.352926094956459 ] ] ] ] } },
{ "type": "Feature", "properties": { "fid": 84594, "navn": null, "hoyde_moh": 1665, "arealInnsjo_km2": 0.0162, "magasinKategori": null, "fid_2": 425, "id": 425, "left": 8.986919847, "top": 62.446110046000001, "right": 9.486919847, "bottom": 61.946110046000001, "row_index": 24, "col_index": 10, "tile_id": 425 }, "geometry": { "type": "MultiPolygon", "coordinates": [ [ [ [ 9.441663646500858, 62.36144679845939 ], [ 9.442711160366072, 62.361001023339881 ], [ 9.440907990412949, 62.36072701850027 ], [ 9.438685917016134, 62.361012763235649 ], [ 9.438195925516393, 62.361262326461102 ], [ 9.438352352935519, 62.361585316756802 ], [ 9.439167043826634, 62.361682225414924 ], [ 9.441663646500858, 62.36144679845939 ] ] ] ] } },
{ "type": "Feature", "properties": { "fid": 84636, "navn": null, "hoyde_moh": 1705, "arealInnsjo_km2": 0.0044, "magasinKategori": null, "fid_2": 425, "id": 425, "left": 8.986919847, "top": 62.446110046000001, "right": 9.486919847, "bottom": 61.946110046000001, "row_index": 24, "col_index": 10, "tile_id": 425 }, "geometry": { "type": "MultiPolygon", "coordinates": [ [ [ [ 9.247174364317058, 62.333736567666584 ], [ 9.246227134327276, 62.333603282724617 ], [ 9.244794664815446, 62.333824516049546 ], [ 9.246373983250576, 62.334081893092026 ], [ 9.247174364317058, 62.333736567666584 ] ] ] ] } },
{ "type": "Feature", "properties": { "fid": 84800, "navn": null, "hoyde_moh": 1457, "arealInnsjo_km2": 0.0165, "magasinKategori": null, "fid_2": 425, "id": 425, "left": 8.986919847, "top": 62.446110046000001, "right": 9.486919847, "bottom": 61.946110046000001, "row_index": 24, "col_index": 10, "tile_id": 425 }, "geometry": { "type": "MultiPolygon", "coordinates": [ [ [ [ 9.299813894682378, 62.445767076224591 ], [ 9.299517590383074, 62.445771041464603 ], [ 9.299815762863956, 62.446110046 ], [ 9.300310977910726, 62.446110046 ], [ 9.299813894682378, 62.445767076224591 ] ] ] ] } },
{ "type": "Feature", "properties": { "fid": 84862, "navn": null, "hoyde_moh": 1369, "arealInnsjo_km2": 0.0069, "magasinKategori": null, "fid_2": 425, "id": 425, "left": 8.986919847, "top": 62.446110046000001, "right": 9.486919847, "bottom": 61.946110046000001, "row_index": 24, "col_index": 10, "tile_id": 425 }, "geometry": { "type": "MultiPolygon", "coordinates": [ [ [ [ 9.415413973560824, 62.414444861978055 ], [ 9.415361448081619, 62.414237809162749 ], [ 9.414928566216943, 62.414188368964993 ], [ 9.415018286028811, 62.413976232570889 ], [ 9.414766259731088, 62.413783662004995 ], [ 9.414255222134635, 62.413950960906348 ], [ 9.413473307093842, 62.414626608885328 ], [ 9.414418874573839, 62.414870732922473 ], [ 9.415413973560824, 62.414444861978055 ] ] ] ] } },
{ "type": "Feature", "properties": { "fid": 84863, "navn": null, "hoyde_moh": 1450, "arealInnsjo_km2": 0.0036, "magasinKategori": null, "fid_2": 425, "id": 425, "left": 8.986919847, "top": 62.446110046000001, "right": 9.486919847, "bottom": 61.946110046000001, "row_index": 24, "col_index": 10, "tile_id": 425 }, "geometry": { "type": "MultiPolygon", "coordinates": [ [ [ [ 9.228395757203582, 62.407244256962947 ], [ 9.227104766061913, 62.407078530259746 ], [ 9.224356217874668, 62.407093001051543 ], [ 9.227379874612959, 62.407328162236766 ], [ 9.228395757203582, 62.407244256962947 ] ] ] ] } },
{ "type": "Feature", "properties": { "fid": 84865, "navn": null, "hoyde_moh": 1342, "arealInnsjo_km2": 0.0083, "magasinKategori": null, "fid_2": 425, "id": 425, "left": 8.986919847, "top": 62.446110046000001, "right": 9.486919847, "bottom": 61.946110046000001, "row_index": 24, "col_index": 10, "tile_id": 425 }, "geometry": { "type": "MultiPolygon", "coordinates": [ [ [ [ 9.435237010674085, 62.429448145979521 ], [ 9.435466206978266, 62.429175790196894 ], [ 9.435595680081853, 62.428546539003982 ], [ 9.43642473308801, 62.427641078631588 ], [ 9.43534795319456, 62.427920008891107 ], [ 9.435162314186908, 62.428445307572353 ], [ 9.434672340212446, 62.428760414499443 ], [ 9.434706798950728, 62.429562285011521 ], [ 9.435096731785434, 62.429970670527467 ], [ 9.435232275087557, 62.429924794576543 ], [ 9.435237010674085, 62.429448145979521 ] ] ] ] } },
{ "type": "Feature", "properties": { "fid": 84866, "navn": null, "hoyde_moh": 1359, "arealInnsjo_km2": 0.0033, "magasinKategori": null, "fid_2": 425, "id": 425, "left": 8.986919847, "top": 62.446110046000001, "right": 9.486919847, "bottom": 61.946110046000001, "row_index": 24, "col_index": 10, "tile_id": 425 }, "geometry": { "type": "MultiPolygon", "coordinates": [ [ [ [ 9.404363736397354, 62.429402435024272 ], [ 9.404763650133763, 62.429136633837786 ], [ 9.403377703460922, 62.429064457995992 ], [ 9.402810079458822, 62.429326742767813 ], [ 9.404363736397354, 62.429402435024272 ] ] ] ] } },
{ "type": "Feature", "properties": { "fid": 100040, "navn": null, "hoyde_moh": 1239, "arealInnsjo_km2": 0.0113, "magasinKategori": null, "fid_2": 425, "id": 425, "left": 8.986919847, "top": 62.446110046000001, "right": 9.486919847, "bottom": 61.946110046000001, "row_index": 24, "col_index": 10, "tile_id": 425 }, "geometry": { "type": "MultiPolygon", "coordinates": [ [ [ [ 9.045513155068974, 61.966574709361062 ], [ 9.045464356472072, 61.966281410231481 ], [ 9.04487601479841, 61.965883064090384 ], [ 9.044467610198609, 61.965182961244786 ], [ 9.044042932491903, 61.965656345014317 ], [ 9.043823202031243, 61.966394231454949 ], [ 9.044147358435675, 61.967164156168906 ], [ 9.044319708479302, 61.967258063250455 ], [ 9.045513155068974, 61.966574709361062 ] ] ] ] } },
{ "type": "Feature", "properties": { "fid": 102219, "navn": null, "hoyde_moh": 845, "arealInnsjo_km2": 0.014, "magasinKategori": null, "fid_2": 425, "id": 425, "left": 8.986919847, "top": 62.446110046000001, "right": 9.486919847, "bottom": 61.946110046000001, "row_index": 24, "col_index": 10, "tile_id": 425 }, "geometry": { "type": "MultiPolygon", "coordinates": [ [ [ [ 9.01550514334895, 61.956210639121309 ], [ 9.017031781866141, 61.955977840303866 ], [ 9.01677991584061, 61.955786157981045 ], [ 9.015853344309777, 61.955698886454634 ], [ 9.011505570260947, 61.956024547355057 ], [ 9.01051121601205, 61.956234303598585 ], [ 9.011840613429321, 61.956443709528358 ], [ 9.01550514334895, 61.956210639121309 ] ] ] ] } },
{ "type": "Feature", "properties": { "fid": 105142, "navn": "Karrustjern", "hoyde_moh": 1180, "arealInnsjo_km2": 0.0027, "magasinKategori": null, "fid_2": 425, "id": 425, "left": 8.986919847, "top": 62.446110046000001, "right": 9.486919847, "bottom": 61.946110046000001, "row_index": 24, "col_index": 10, "tile_id": 425 }, "geometry": { "type": "MultiPolygon", "coordinates": [ [ [ [ 9.36164692101465, 62.046565686240932 ], [ 9.360978938043141, 62.046305481098933 ], [ 9.360121899243699, 62.046503513602175 ], [ 9.361241792643652, 62.046752432750608 ], [ 9.36164692101465, 62.046565686240932 ] ] ] ] } },
{ "type": "Feature", "properties": { "fid": 105168, "navn": null, "hoyde_moh": 1472, "arealInnsjo_km2": 0.0029, "magasinKategori": null, "fid_2": 425, "id": 425, "left": 8.986919847, "top": 62.446110046000001, "right": 9.486919847, "bottom": 61.946110046000001, "row_index": 24, "col_index": 10, "tile_id": 425 }, "geometry": { "type": "MultiPolygon", "coordinates": [ [ [ [ 9.256915196373564, 62.238417637199063 ], [ 9.25669634879899, 62.238239675270819 ], [ 9.255486378241121, 62.238182054735013 ], [ 9.255923027987057, 62.238549461539257 ], [ 9.256684375755139, 62.238582602188423 ], [ 9.256915196373564, 62.238417637199063 ] ] ] ] } },
{ "type": "Feature", "properties": { "fid": 105246, "navn": null, "hoyde_moh": 1120, "arealInnsjo_km2": 0.0047, "magasinKategori": null, "fid_2": 425, "id": 425, "left": 8.986919847, "top": 62.446110046000001, "right": 9.486919847, "bottom": 61.946110046000001, "row_index": 24, "col_index": 10, "tile_id": 425 }, "geometry": { "type": "MultiPolygon", "coordinates": [ [ [ [ 9.344262111937928, 62.181848456091174 ], [ 9.345058517568882, 62.181530819441598 ], [ 9.344592451343882, 62.181228566541769 ], [ 9.344151195883406, 62.181214284487233 ], [ 9.343611510919532, 62.181396337304868 ], [ 9.343139285994894, 62.181848304982651 ], [ 9.344262111937928, 62.181848456091174 ] ] ] ] } },
{ "type": "Feature", "properties": { "fid": 105256, "navn": null, "hoyde_moh": 936, "arealInnsjo_km2": 0.0099, "magasinKategori": null, "fid_2": 425, "id": 425, "left": 8.986919847, "top": 62.446110046000001, "right": 9.486919847, "bottom": 61.946110046000001, "row_index": 24, "col_index": 10, "tile_id": 425 }, "geometry": { "type": "MultiPolygon", "coordinates": [ [ [ [ 9.36164942996932, 62.163799101621137 ], [ 9.36167658823306, 62.163110283103087 ], [ 9.362076508919825, 62.162840377762898 ], [ 9.361078035575623, 62.162769819657434 ], [ 9.359184151518145, 62.163307428145686 ], [ 9.359629120042158, 62.163432353903659 ], [ 9.360282056392137, 62.163290879646219 ], [ 9.36064435393364, 62.163775077012595 ], [ 9.36141743828591, 62.163907633470089 ], [ 9.36164942996932, 62.163799101621137 ] ] ] ] } },
{ "type": "Feature", "properties": { "fid": 105270, "navn": null, "hoyde_moh": 955, "arealInnsjo_km2": 0.0078, "magasinKategori": null, "fid_2": 425, "id": 425, "left": 8.986919847, "top": 62.446110046000001, "right": 9.486919847, "bottom": 61.946110046000001, "row_index": 24, "col_index": 10, "tile_id": 425 }, "geometry": { "type": "MultiPolygon", "coordinates": [ [ [ [ 9.306269803090538, 62.148634922101856 ], [ 9.305502919356378, 62.147801796454132 ], [ 9.304653439769591, 62.147796097198338 ], [ 9.303250687581304, 62.147272748066783 ], [ 9.30296098543333, 62.147372591434824 ], [ 9.303051703604419, 62.147546554173161 ], [ 9.303622845654417, 62.147623412288667 ], [ 9.306197873072252, 62.148820626801381 ], [ 9.306269803090538, 62.148634922101856 ] ] ] ] } },
{ "type": "Feature", "properties": { "fid": 105271, "navn": null, "hoyde_moh": 936, "arealInnsjo_km2": 0.0034, "magasinKategori": null, "fid_2": 425, "id": 425, "left": 8.986919847, "top": 62.446110046000001, "right": 9.486919847, "bottom": 61.946110046000001, "row_index": 24, "col_index": 10, "tile_id": 425 }, "geometry": { "type": "MultiPolygon", "coordinates": [ [ [ [ 9.364678596723676, 62.164200865878549 ], [ 9.364685253300349, 62.164116708280382 ], [ 9.363674479874504, 62.163934416263473 ], [ 9.363512392626598, 62.164502784633186 ], [ 9.363625851862862, 62.16469931613392 ], [ 9.36388855273383, 62.16474802095798 ], [ 9.364678596723676, 62.164200865878549 ] ] ] ] } },
{ "type": "Feature", "properties": { "fid": 105272, "navn": null, "hoyde_moh": 1128, "arealInnsjo_km2": 0.0035, "magasinKategori": null, "fid_2": 425, "id": 425, "left": 8.986919847, "top": 62.446110046000001, "right": 9.486919847, "bottom": 61.946110046000001, "row_index": 24, "col_index": 10, "tile_id": 425 }, "geometry": { "type": "MultiPolygon", "coordinates": [ [ [ [ 9.242062165997734, 62.159941568235276 ], [ 9.24144700303451, 62.159484264269075 ], [ 9.240326927548578, 62.159664218249844 ], [ 9.241456596189845, 62.159902360717957 ], [ 9.241477461427193, 62.160143226271892 ], [ 9.242122094284522, 62.160235014224156 ], [ 9.242062165997734, 62.159941568235276 ] ] ] ] } },
{ "type": "Feature", "properties": { "fid": 105296, "navn": null, "hoyde_moh": 1300, "arealInnsjo_km2": 0.005, "magasinKategori": null, "fid_2": 425, "id": 425, "left": 8.986919847, "top": 62.446110046000001, "right": 9.486919847, "bottom": 61.946110046000001, "row_index": 24, "col_index": 10, "tile_id": 425 }, "geometry": { "type": "MultiPolygon", "coordinates": [ [ [ [ 9.461478471393793, 62.065374968425729 ], [ 9.461486921207833, 62.065030332373269 ], [ 9.461684704475427, 62.064887439219213 ], [ 9.460628495038629, 62.064389396745376 ], [ 9.460541228928255, 62.065410286424594 ], [ 9.461029783126595, 62.065519836568086 ], [ 9.461478471393793, 62.065374968425729 ] ] ] ] } },
{ "type": "Feature", "properties": { "fid": 105395, "navn": null, "hoyde_moh": 1208, "arealInnsjo_km2": 0.0022, "magasinKategori": null, "fid_2": 425, "id": 425, "left": 8.986919847, "top": 62.446110046000001, "right": 9.486919847, "bottom": 61.946110046000001, "row_index": 24, "col_index": 10, "tile_id": 425 }, "geometry": { "type": "MultiPolygon", "coordinates": [ [ [ [ 9.272914270772551, 62.183008539622726 ], [ 9.27135119309049, 62.182615710046029 ], [ 9.271856000150789, 62.18288076990045 ], [ 9.271963302039719, 62.183109003540189 ], [ 9.272685463153724, 62.183209336569298 ], [ 9.272914270772551, 62.183008539622726 ] ] ] ] } },
{ "type": "Feature", "properties": { "fid": 109593, "navn": "Grisungtjørni", "hoyde_moh": 1106, "arealInnsjo_km2": 0.0077, "magasinKategori": null, "fid_2": 425, "id": 425, "left": 8.986919847, "top": 62.446110046000001, "right": 9.486919847, "bottom": 61.946110046000001, "row_index": 24, "col_index": 10, "tile_id": 425 }, "geometry": { "type": "MultiPolygon", "coordinates": [ [ [ [ 9.407828352615054, 62.215556557524096 ], [ 9.407986663644582, 62.215423450069814 ], [ 9.407599412160675, 62.215167383823008 ], [ 9.406443290787307, 62.215020357512969 ], [ 9.405794581388756, 62.215584016525185 ], [ 9.406033167903949, 62.215970973825087 ], [ 9.407828352615054, 62.215556557524096 ] ] ] ] } },
{ "type": "Feature", "properties": { "fid": 109599, "navn": null, "hoyde_moh": 1268, "arealInnsjo_km2": 0.0006, "magasinKategori": null, "fid_2": 425, "id": 425, "left": 8.986919847, "top": 62.446110046000001, "right": 9.486919847, "bottom": 61.946110046000001, "row_index": 24, "col_index": 10, "tile_id": 425 }, "geometry": { "type": "MultiPolygon", "coordinates": [ [ [ [ 9.243594392734618, 62.204679605654199 ], [ 9.243267309315412, 62.204655181304361 ], [ 9.243269292819834, 62.204868882805592 ], [ 9.243524718276976, 62.204943525024618 ], [ 9.243594392734618, 62.204679605654199 ] ] ] ] } },
{ "type": "Feature", "properties": { "fid": 109617, "navn": null, "hoyde_moh": 936, "arealInnsjo_km2": 0.0029, "magasinKategori": null, "fid_2": 425, "id": 425, "left": 8.986919847, "top": 62.446110046000001, "right": 9.486919847, "bottom": 61.946110046000001, "row_index": 24, "col_index": 10, "tile_id": 425 }, "geometry": { "type": "MultiPolygon", "coordinates": [ [ [ [ 9.367341330346896, 62.164878258317451 ], [ 9.367391982500608, 62.164615965928633 ], [ 9.366873493459158, 62.164395808153664 ], [ 9.365947144754015, 62.16479573927063 ], [ 9.366793511328973, 62.164961856814649 ], [ 9.367341330346896, 62.164878258317451 ] ] ] ] } },
{ "type": "Feature", "properties": { "fid": 109618, "navn": null, "hoyde_moh": 936, "arealInnsjo_km2": 0.0129, "magasinKategori": null, "fid_2": 425, "id": 425, "left": 8.986919847, "top": 62.446110046000001, "right": 9.486919847, "bottom": 61.946110046000001, "row_index": 24, "col_index": 10, "tile_id": 425 }, "geometry": { "type": "MultiPolygon", "coordinates": [ [ [ [ 9.370155320146303, 62.166236921434631 ], [ 9.369720262716816, 62.165556628273755 ], [ 9.369081691146008, 62.165000619850424 ], [ 9.36877664411888, 62.165016895678804 ], [ 9.368324322974884, 62.165514297097808 ], [ 9.367511808138275, 62.165311046078507 ], [ 9.367351221034033, 62.165652924104471 ], [ 9.367426705411402, 62.165778685554656 ], [ 9.367863552345211, 62.165799920518452 ], [ 9.367968994432292, 62.166218174043991 ], [ 9.370062379820878, 62.166363736596409 ], [ 9.370155320146303, 62.166236921434631 ] ] ] ] } },
{ "type": "Feature", "properties": { "fid": 109622, "navn": null, "hoyde_moh": 943, "arealInnsjo_km2": 0.0059, "magasinKategori": null, "fid_2": 425, "id": 425, "left": 8.986919847, "top": 62.446110046000001, "right": 9.486919847, "bottom": 61.946110046000001, "row_index": 24, "col_index": 10, "tile_id": 425 }, "geometry": { "type": "MultiPolygon", "coordinates": [ [ [ [ 9.226861321827259, 62.114932155753635 ], [ 9.226142702359073, 62.11479215759816 ], [ 9.226426586573105, 62.114509038891526 ], [ 9.225876508357082, 62.114487001444544 ], [ 9.225684479091505, 62.114251476029658 ], [ 9.224909223132345, 62.114196871305005 ], [ 9.224265979789562, 62.113777888781684 ], [ 9.223786729356979, 62.113908425735104 ], [ 9.223825944298607, 62.11430004488134 ], [ 9.224754226382178, 62.114254747120988 ], [ 9.225277182379179, 62.11439169225752 ], [ 9.225306168585542, 62.114561067378126 ], [ 9.226362752164489, 62.115056131822421 ], [ 9.226861321827259, 62.114932155753635 ] ] ] ] } },
{ "type": "Feature", "properties": { "fid": 109628, "navn": null, "hoyde_moh": 942, "arealInnsjo_km2": 0.0049, "magasinKategori": null, "fid_2": 425, "id": 425, "left": 8.986919847, "top": 62.446110046000001, "right": 9.486919847, "bottom": 61.946110046000001, "row_index": 24, "col_index": 10, "tile_id": 425 }, "geometry": { "type": "MultiPolygon", "coordinates": [ [ [ [ 9.259875767646317, 62.125410342107877 ], [ 9.258685618712075, 62.124806121620338 ], [ 9.258260818639069, 62.124923201795362 ], [ 9.258227795950534, 62.125065768261805 ], [ 9.258540050535107, 62.125369435413049 ], [ 9.25906510368061, 62.125666203285228 ], [ 9.259457901654539, 62.1256762461893 ], [ 9.259875767646317, 62.125410342107877 ] ] ] ] } },
{ "type": "Feature", "properties": { "fid": 109738, "navn": null, "hoyde_moh": 1162, "arealInnsjo_km2": 0.0037, "magasinKategori": null, "fid_2": 425, "id": 425, "left": 8.986919847, "top": 62.446110046000001, "right": 9.486919847, "bottom": 61.946110046000001, "row_index": 24, "col_index": 10, "tile_id": 425 }, "geometry": { "type": "MultiPolygon", "coordinates": [ [ [ [ 9.259215710245551, 62.226553356019885 ], [ 9.258989833632983, 62.225910694765602 ], [ 9.258265548829296, 62.226132050123844 ], [ 9.258268495364044, 62.226554722834464 ], [ 9.258907886271839, 62.226757524256854 ], [ 9.259215710245551, 62.226553356019885 ] ] ] ] } },
{ "type": "Feature", "properties": { "fid": 114814, "navn": null, "hoyde_moh": 1112, "arealInnsjo_km2": 0.0093, "magasinKategori": null, "fid_2": 425, "id": 425, "left": 8.986919847, "top": 62.446110046000001, "right": 9.486919847, "bottom": 61.946110046000001, "row_index": 24, "col_index": 10, "tile_id": 425 }, "geometry": { "type": "MultiPolygon", "coordinates": [ [ [ [ 9.447014817764913, 61.98556506119332 ], [ 9.446913737507304, 61.98513229674888 ], [ 9.447069416479032, 61.984988997627184 ], [ 9.446503003768191, 61.98480484275624 ], [ 9.446024908847688, 61.98505833576818 ], [ 9.445496539314522, 61.984958245549478 ], [ 9.444991124775896, 61.985182101008988 ], [ 9.44424783334968, 61.98499637258184 ], [ 9.443584166127161, 61.985036884381145 ], [ 9.443589146427701, 61.985146889355711 ], [ 9.444720306283701, 61.985376459353034 ], [ 9.444894390615113, 61.985568446848994 ], [ 9.445936815319481, 61.985546284123473 ], [ 9.44630236546165, 61.985704059892598 ], [ 9.447014817764913, 61.98556506119332 ] ] ] ] } },
{ "type": "Feature", "properties": { "fid": 115327, "navn": null, "hoyde_moh": 457, "arealInnsjo_km2": 0.0033, "magasinKategori": null, "fid_2": 425, "id": 425, "left": 8.986919847, "top": 62.446110046000001, "right": 9.486919847, "bottom": 61.946110046000001, "row_index": 24, "col_index": 10, "tile_id": 425 }, "geometry": { "type": "MultiPolygon", "coordinates": [ [ [ [ 9.267828816286931, 61.958779705045252 ], [ 9.268769236220948, 61.958745653718921 ], [ 9.269096302365966, 61.958405611738883 ], [ 9.26858189470995, 61.958626577781686 ], [ 9.267785518664573, 61.958652143260579 ], [ 9.267464778605857, 61.95887110164508 ], [ 9.267209255922317, 61.958665282303222 ], [ 9.266661561339957, 61.958581490633485 ], [ 9.267096046122306, 61.959097149187741 ], [ 9.267330399376537, 61.959118807967222 ], [ 9.267828816286931, 61.958779705045252 ] ] ] ] } },
{ "type": "Feature", "properties": { "fid": 122496, "navn": null, "hoyde_moh": 1370, "arealInnsjo_km2": 0.0114, "magasinKategori": null, "fid_2": 425, "id": 425, "left": 8.986919847, "top": 62.446110046000001, "right": 9.486919847, "bottom": 61.946110046000001, "row_index": 24, "col_index": 10, "tile_id": 425 }, "geometry": { "type": "MultiPolygon", "coordinates": [ [ [ [ 9.342366597408283, 62.408729650000595 ], [ 9.342800719178006, 62.408455871032565 ], [ 9.342060132338441, 62.407891311669275 ], [ 9.340635171995293, 62.407739656828483 ], [ 9.340231409874859, 62.407947337305515 ], [ 9.340413988289185, 62.408449660703425 ], [ 9.340926879069855, 62.408774614228882 ], [ 9.341560959174853, 62.408892073899622 ], [ 9.342366597408283, 62.408729650000595 ] ] ] ] } },
{ "type": "Feature", "properties": { "fid": 122506, "navn": null, "hoyde_moh": 1484, "arealInnsjo_km2": 0.0129, "magasinKategori": null, "fid_2": 425, "id": 425, "left": 8.986919847, "top": 62.446110046000001, "right": 9.486919847, "bottom": 61.946110046000001, "row_index": 24, "col_index": 10, "tile_id": 425 }, "geometry": { "type": "MultiPolygon", "coordinates": [ [ [ [ 9.224931884533056, 62.433135084916614 ], [ 9.224893997064887, 62.432853991478133 ], [ 9.224521716029926, 62.432687914872353 ], [ 9.223254379117542, 62.43245862185767 ], [ 9.223158945576113, 62.432941766678532 ], [ 9.222658019626614, 62.433224681240105 ], [ 9.223285955093493, 62.433576302383742 ], [ 9.225635530635873, 62.433861632203339 ], [ 9.224931884533056, 62.433135084916614 ] ] ] ] } },
{ "type": "Feature", "properties": { "fid": 122557, "navn": null, "hoyde_moh": 1332, "arealInnsjo_km2": 0.0269, "magasinKategori": null, "fid_2": 425, "id": 425, "left": 8.986919847, "top": 62.446110046000001, "right": 9.486919847, "bottom": 61.946110046000001, "row_index": 24, "col_index": 10, "tile_id": 425 }, "geometry": { "type": "MultiPolygon", "coordinates": [ [ [ [ 9.395262835603127, 62.427818522155334 ], [ 9.395127949184189, 62.427603996939325 ], [ 9.395710382511641, 62.427403724370926 ], [ 9.395523979588621, 62.427079834162036 ], [ 9.39360814764189, 62.426244802060324 ], [ 9.393601035074996, 62.425965133110026 ], [ 9.393098157780214, 62.425598950465719 ], [ 9.391868417318655, 62.425322428474708 ], [ 9.390638816513148, 62.425391618864474 ], [ 9.390938640708701, 62.425802901519347 ], [ 9.391830837962932, 62.426397399025987 ], [ 9.39276320744319, 62.426588838083489 ], [ 9.393792498365489, 62.42727048810913 ], [ 9.393807302420447, 62.427424367279734 ], [ 9.394529611911095, 62.42763963312801 ], [ 9.394523265601993, 62.427852423818095 ], [ 9.394234225970143, 62.427977127851392 ], [ 9.394637417770525, 62.428078084504136 ], [ 9.395262835603127, 62.427818522155334 ] ] ] ] } },
{ "type": "Feature", "properties": { "fid": 122558, "navn": null, "hoyde_moh": 1405, "arealInnsjo_km2": 0.0052, "magasinKategori": null, "fid_2": 425, "id": 425, "left": 8.986919847, "top": 62.446110046000001, "right": 9.486919847, "bottom": 61.946110046000001, "row_index": 24, "col_index": 10, "tile_id": 425 }, "geometry": { "type": "MultiPolygon", "coordinates": [ [ [ [ 9.243876785144504, 62.423617920623144 ], [ 9.242771032962626, 62.423454275393901 ], [ 9.241257364034938, 62.423685201536408 ], [ 9.241957198349454, 62.423899645022196 ], [ 9.243295225962131, 62.423948330506406 ], [ 9.243876785144504, 62.423617920623144 ] ] ] ] } },
{ "type": "Feature", "properties": { "fid": 122562, "navn": null, "hoyde_moh": 1376, "arealInnsjo_km2": 0.0105, "magasinKategori": null, "fid_2": 425, "id": 425, "left": 8.986919847, "top": 62.446110046000001, "right": 9.486919847, "bottom": 61.946110046000001, "row_index": 24, "col_index": 10, "tile_id": 425 }, "geometry": { "type": "MultiPolygon", "coordinates": [ [ [ [ 9.408162462808386, 62.423164797387066 ], [ 9.408092701682683, 62.422687029875952 ], [ 9.407730296726657, 62.422412961268499 ], [ 9.406880337325802, 62.422061577444168 ], [ 9.405471308226844, 62.422090550949562 ], [ 9.405952284975452, 62.422548240750707 ], [ 9.406482319591349, 62.4226859514932 ], [ 9.407291604459603, 62.423195551099973 ], [ 9.408162462808386, 62.423164797387066 ] ] ] ] } },
{ "type": "Feature", "properties": { "fid": 122563, "navn": null, "hoyde_moh": 1395, "arealInnsjo_km2": 0.0047, "magasinKategori": null, "fid_2": 425, "id": 425, "left": 8.986919847, "top": 62.446110046000001, "right": 9.486919847, "bottom": 61.946110046000001, "row_index": 24, "col_index": 10, "tile_id": 425 }, "geometry": { "type": "MultiPolygon", "coordinates": [ [ [ [ 9.2421263661229, 62.421489238577195 ], [ 9.242929145801345, 62.420994080673772 ], [ 9.241444958567552, 62.420953913726144 ], [ 9.241372908789444, 62.421416245111622 ], [ 9.240392208481815, 62.421452385731818 ], [ 9.240932261888309, 62.421638248005976 ], [ 9.2421263661229, 62.421489238577195 ] ] ] ] } },
{ "type": "Feature", "properties": { "fid": 122564, "navn": null, "hoyde_moh": 1397, "arealInnsjo_km2": 0.0105, "magasinKategori": null, "fid_2": 425, "id": 425, "left": 8.986919847, "top": 62.446110046000001, "right": 9.486919847, "bottom": 61.946110046000001, "row_index": 24, "col_index": 10, "tile_id": 425 }, "geometry": { "type": "MultiPolygon", "coordinates": [ [ [ [ 9.236534288876017, 62.425309525275573 ], [ 9.24065375728844, 62.424876907208294 ], [ 9.240222287392081, 62.424691585319394 ], [ 9.237420545791259, 62.424589111816296 ], [ 9.236524310088898, 62.424890332698951 ], [ 9.23600551558923, 62.42524510353752 ], [ 9.235829425862613, 62.42553766037107 ], [ 9.236534288876017, 62.425309525275573 ] ] ] ] } },
{ "type": "Feature", "properties": { "fid": 122565, "navn": null, "hoyde_moh": 1521, "arealInnsjo_km2": 0.0169, "magasinKategori": null, "fid_2": 425, "id": 425, "left": 8.986919847, "top": 62.446110046000001, "right": 9.486919847, "bottom": 61.946110046000001, "row_index": 24, "col_index": 10, "tile_id": 425 }, "geometry": { "type": "MultiPolygon", "coordinates": [ [ [ [ 9.227057157767012, 62.438441235153839 ], [ 9.228344955347184, 62.438129132126029 ], [ 9.22896600002924, 62.437589849580455 ], [ 9.228683494637727, 62.43735693661371 ], [ 9.228017310891902, 62.437740856073155 ], [ 9.226457991364667, 62.437886930281934 ], [ 9.224100610738679, 62.437309987559367 ], [ 9.2233609086149, 62.437464155110582 ], [ 9.223490266301791, 62.437631931289452 ], [ 9.224085568697083, 62.437695918513434 ], [ 9.224569955022304, 62.438025901799435 ], [ 9.225505585829328, 62.438278935466592 ], [ 9.225804390266182, 62.438526935983305 ], [ 9.227057157767012, 62.438441235153839 ] ] ] ] } },
{ "type": "Feature", "properties": { "fid": 122619, "navn": null, "hoyde_moh": 1620, "arealInnsjo_km2": 0.0069, "magasinKategori": null, "fid_2": 425, "id": 425, "left": 8.986919847, "top": 62.446110046000001, "right": 9.486919847, "bottom": 61.946110046000001, "row_index": 24, "col_index": 10, "tile_id": 425 }, "geometry": { "type": "MultiPolygon", "coordinates": [ [ [ [ 9.308049237776579, 62.322510313983877 ], [ 9.308026619729899, 62.322008453083264 ], [ 9.307616827746942, 62.321602312461152 ], [ 9.306074340342501, 62.321562908422699 ], [ 9.305664747869633, 62.321679846336203 ], [ 9.306819356465965, 62.321960408112055 ], [ 9.307856174131745, 62.322650731209045 ], [ 9.308049237776579, 62.322510313983877 ] ] ] ] } },
{ "type": "Feature", "properties": { "fid": 122638, "navn": null, "hoyde_moh": 1293, "arealInnsjo_km2": 0.0043, "magasinKategori": null, "fid_2": 425, "id": 425, "left": 8.986919847, "top": 62.446110046000001, "right": 9.486919847, "bottom": 61.946110046000001, "row_index": 24, "col_index": 10, "tile_id": 425 }, "geometry": { "type": "MultiPolygon", "coordinates": [ [ [ [ 9.245667795254692, 62.392631013971254 ], [ 9.245099789485284, 62.392278449102434 ], [ 9.244141270928431, 62.392372669592952 ], [ 9.243725756119476, 62.392561231721054 ], [ 9.245417232298136, 62.39285351284552 ], [ 9.245667795254692, 62.392631013971254 ] ] ] ] } },
{ "type": "Feature", "properties": { "fid": 122702, "navn": "Langtjørni", "hoyde_moh": 1460, "arealInnsjo_km2": 0.0096, "magasinKategori": null, "fid_2": 425, "id": 425, "left": 8.986919847, "top": 62.446110046000001, "right": 9.486919847, "bottom": 61.946110046000001, "row_index": 24, "col_index": 10, "tile_id": 425 }, "geometry": { "type": "MultiPolygon", "coordinates": [ [ [ [ 9.353996366896606, 62.288575881478458 ], [ 9.354148667944242, 62.288372274119141 ], [ 9.35344358374455, 62.288243712571166 ], [ 9.35132818667927, 62.288803654252952 ], [ 9.350873740033457, 62.288600329520861 ], [ 9.350425832903657, 62.288772345711585 ], [ 9.35029565229209, 62.289072983744177 ], [ 9.350725629587375, 62.289284133448461 ], [ 9.353996366896606, 62.288575881478458 ] ] ] ] } },
{ "type": "Feature", "properties": { "fid": 122703, "navn": null, "hoyde_moh": 1195, "arealInnsjo_km2": 0.0044, "magasinKategori": null, "fid_2": 425, "id": 425, "left": 8.986919847, "top": 62.446110046000001, "right": 9.486919847, "bottom": 61.946110046000001, "row_index": 24, "col_index": 10, "tile_id": 425 }, "geometry": { "type": "MultiPolygon", "coordinates": [ [ [ [ 9.485938749066387, 62.314378160693565 ], [ 9.486715119697827, 62.314258290688798 ], [ 9.486336522402135, 62.314068095111658 ], [ 9.485616494413724, 62.314100294966785 ], [ 9.483586937378968, 62.314844211582603 ], [ 9.485938749066387, 62.314378160693565 ] ] ] ] } },
{ "type": "Feature", "properties": { "fid": 122764, "navn": null, "hoyde_moh": 1388, "arealInnsjo_km2": 0.003, "magasinKategori": null, "fid_2": 425, "id": 425, "left": 8.986919847, "top": 62.446110046000001, "right": 9.486919847, "bottom": 61.946110046000001, "row_index": 24, "col_index": 10, "tile_id": 425 }, "geometry": { "type": "MultiPolygon", "coordinates": [ [ [ [ 9.408085343685981, 62.301275293291475 ], [ 9.40827644693506, 62.301082831729367 ], [ 9.408151902639078, 62.300985369949544 ], [ 9.406952899848232, 62.300835004124366 ], [ 9.407427218555394, 62.301272945641713 ], [ 9.408182583343168, 62.301437357600435 ], [ 9.408085343685981, 62.301275293291475 ] ] ] ] } },
{ "type": "Feature", "properties": { "fid": 122765, "navn": null, "hoyde_moh": 1485, "arealInnsjo_km2": 0.0092, "magasinKategori": null, "fid_2": 425, "id": 425, "left": 8.986919847, "top": 62.446110046000001, "right": 9.486919847, "bottom": 61.946110046000001, "row_index": 24, "col_index": 10, "tile_id": 425 }, "geometry": { "type": "MultiPolygon", "coordinates": [ [ [ [ 9.363750781890992, 62.301223540654746 ], [ 9.363786991334422, 62.30095750430209 ], [ 9.364741026626369, 62.300449587782751 ], [ 9.364508210584653, 62.300070539087329 ], [ 9.363041968293457, 62.30025716442384 ], [ 9.362623903784453, 62.300607486717062 ], [ 9.362738627403047, 62.300864631937309 ], [ 9.362584356104419, 62.30112091454464 ], [ 9.363750781890992, 62.301223540654746 ] ] ] ] } },
{ "type": "Feature", "properties": { "fid": 122766, "navn": null, "hoyde_moh": 1489, "arealInnsjo_km2": 0.0042, "magasinKategori": null, "fid_2": 425, "id": 425, "left": 8.986919847, "top": 62.446110046000001, "right": 9.486919847, "bottom": 61.946110046000001, "row_index": 24, "col_index": 10, "tile_id": 425 }, "geometry": { "type": "MultiPolygon", "coordinates": [ [ [ [ 9.344826715649742, 62.300970861516056 ], [ 9.344361804930163, 62.300837751549047 ], [ 9.344244871517409, 62.300563394046478 ], [ 9.343318237029168, 62.300311159892424 ], [ 9.343835324683049, 62.301119780375402 ], [ 9.343572934254615, 62.301359931620084 ], [ 9.344202326366997, 62.301391834030298 ], [ 9.344826715649742, 62.300970861516056 ] ] ] ] } },
{ "type": "Feature", "properties": { "fid": 126849, "navn": null, "hoyde_moh": 1180, "arealInnsjo_km2": 0.0025, "magasinKategori": null, "fid_2": 425, "id": 425, "left": 8.986919847, "top": 62.446110046000001, "right": 9.486919847, "bottom": 61.946110046000001, "row_index": 24, "col_index": 10, "tile_id": 425 }, "geometry": { "type": "MultiPolygon", "coordinates": [ [ [ [ 9.424742958754157, 62.187158602656353 ], [ 9.42429076545729, 62.18670059654152 ], [ 9.42377797691208, 62.186854065065319 ], [ 9.423806963485536, 62.187095367039142 ], [ 9.424652745018692, 62.187424796768568 ], [ 9.424742958754157, 62.187158602656353 ] ] ] ] } },
{ "type": "Feature", "properties": { "fid": 126897, "navn": null, "hoyde_moh": 1132, "arealInnsjo_km2": 0.0027, "magasinKategori": null, "fid_2": 425, "id": 425, "left": 8.986919847, "top": 62.446110046000001, "right": 9.486919847, "bottom": 61.946110046000001, "row_index": 24, "col_index": 10, "tile_id": 425 }, "geometry": { "type": "MultiPolygon", "coordinates": [ [ [ [ 9.247478196529173, 62.159548066223188 ], [ 9.246921975074718, 62.159257891626979 ], [ 9.24645684618968, 62.159272628291959 ], [ 9.246253741766939, 62.1595547504701 ], [ 9.247236872540388, 62.159747939175503 ], [ 9.247478196529173, 62.159548066223188 ] ] ] ] } },
{ "type": "Feature", "properties": { "fid": 126945, "navn": null, "hoyde_moh": 1004, "arealInnsjo_km2": 0.0063, "magasinKategori": null, "fid_2": 425, "id": 425, "left": 8.986919847, "top": 62.446110046000001, "right": 9.486919847, "bottom": 61.946110046000001, "row_index": 24, "col_index": 10, "tile_id": 425 }, "geometry": { "type": "MultiPolygon", "coordinates": [ [ [ [ 9.290213862982192, 62.155033910010474 ], [ 9.290339905942885, 62.15457166730944 ], [ 9.289715269449671, 62.154445376006578 ], [ 9.28847009855988, 62.15451521343536 ], [ 9.289213607318937, 62.155072385466234 ], [ 9.289153065882839, 62.15526539716658 ], [ 9.290213862982192, 62.155033910010474 ] ] ] ] } },
{ "type": "Feature", "properties": { "fid": 126946, "navn": null, "hoyde_moh": 962, "arealInnsjo_km2": 0.0043, "magasinKategori": null, "fid_2": 425, "id": 425, "left": 8.986919847, "top": 62.446110046000001, "right": 9.486919847, "bottom": 61.946110046000001, "row_index": 24, "col_index": 10, "tile_id": 425 }, "geometry": { "type": "MultiPolygon", "coordinates": [ [ [ [ 9.325466159274841, 62.157695909269869 ], [ 9.325207446449882, 62.157414517135066 ], [ 9.323810274328135, 62.157817058334672 ], [ 9.324039093581044, 62.158042406429566 ], [ 9.324958294717106, 62.158179382116487 ], [ 9.325466159274841, 62.157695909269869 ] ] ] ] } },
{ "type": "Feature", "properties": { "fid": 126980, "navn": null, "hoyde_moh": 940, "arealInnsjo_km2": 0.0041, "magasinKategori": null, "fid_2": 425, "id": 425, "left": 8.986919847, "top": 62.446110046000001, "right": 9.486919847, "bottom": 61.946110046000001, "row_index": 24, "col_index": 10, "tile_id": 425 }, "geometry": { "type": "MultiPolygon", "coordinates": [ [ [ [ 9.252976647363516, 62.118410173950856 ], [ 9.253109168098314, 62.118071729722466 ], [ 9.253113475217068, 62.117738386096377 ], [ 9.252498466381372, 62.11730704273689 ], [ 9.252300334953976, 62.118058644046279 ], [ 9.251864251513815, 62.118348790482159 ], [ 9.252976647363516, 62.118410173950856 ] ] ] ] } },
{ "type": "Feature", "properties": { "fid": 127035, "navn": null, "hoyde_moh": 940, "arealInnsjo_km2": 0.0017, "magasinKategori": null, "fid_2": 425, "id": 425, "left": 8.986919847, "top": 62.446110046000001, "right": 9.486919847, "bottom": 61.946110046000001, "row_index": 24, "col_index": 10, "tile_id": 425 }, "geometry": { "type": "MultiPolygon", "coordinates": [ [ [ [ 9.310136128099694, 62.138739425453117 ], [ 9.310051116232323, 62.138434911764882 ], [ 9.309520187700148, 62.138560106333649 ], [ 9.3094935551322, 62.138849755733538 ], [ 9.30987069844244, 62.138938756916737 ], [ 9.310136128099694, 62.138739425453117 ] ] ] ] } },
{ "type": "Feature", "properties": { "fid": 132975, "navn": null, "hoyde_moh": 1440, "arealInnsjo_km2": 0.0052, "magasinKategori": null, "fid_2": 425, "id": 425, "left": 8.986919847, "top": 62.446110046000001, "right": 9.486919847, "bottom": 61.946110046000001, "row_index": 24, "col_index": 10, "tile_id": 425 }, "geometry": { "type": "MultiPolygon", "coordinates": [ [ [ [ 9.388938750219076, 62.391023916655193 ], [ 9.389928514576944, 62.391269481065855 ], [ 9.390461104781979, 62.391117280839744 ], [ 9.390503812657967, 62.390953662349162 ], [ 9.38917265682695, 62.39058233965067 ], [ 9.388397074270324, 62.390999149186236 ], [ 9.388391547530826, 62.391225024925859 ], [ 9.388590823165327, 62.391267910099103 ], [ 9.388938750219076, 62.391023916655193 ] ] ] ] } },
{ "type": "Feature", "properties": { "fid": 132980, "navn": null, "hoyde_moh": 1412, "arealInnsjo_km2": 0.0055, "magasinKategori": null, "fid_2": 425, "id": 425, "left": 8.986919847, "top": 62.446110046000001, "right": 9.486919847, "bottom": 61.946110046000001, "row_index": 24, "col_index": 10, "tile_id": 425 }, "geometry": { "type": "MultiPolygon", "coordinates": [ [ [ [ 9.282347189671096, 62.43737811115475 ], [ 9.281909356280483, 62.437166025227889 ], [ 9.281875354198409, 62.436623533785266 ], [ 9.281348473124822, 62.436472775030225 ], [ 9.281256837489641, 62.436572885021327 ], [ 9.281376239040744, 62.436718223818907 ], [ 9.28102156867199, 62.436772766007849 ], [ 9.280369133945307, 62.436621338886809 ], [ 9.281032507580097, 62.437201337739779 ], [ 9.282221132803645, 62.437532166494755 ], [ 9.282347189671096, 62.43737811115475 ] ] ] ] } },
{ "type": "Feature", "properties": { "fid": 132981, "navn": null, "hoyde_moh": 1265, "arealInnsjo_km2": 0.0035, "magasinKategori": null, "fid_2": 425, "id": 425, "left": 8.986919847, "top": 62.446110046000001, "right": 9.486919847, "bottom": 61.946110046000001, "row_index": 24, "col_index": 10, "tile_id": 425 }, "geometry": { "type": "MultiPolygon", "coordinates": [ [ [ [ 9.320739565598851, 62.440944207889856 ], [ 9.319624705474935, 62.440658955888473 ], [ 9.319101363214701, 62.440761881455174 ], [ 9.319130701424264, 62.440901701406915 ], [ 9.319780690731035, 62.441201090401869 ], [ 9.320258602795786, 62.441244018575667 ], [ 9.320739565598851, 62.440944207889856 ] ] ] ] } },
{ "type": "Feature", "properties": { "fid": 133002, "navn": null, "hoyde_moh": 1084, "arealInnsjo_km2": 0.0035, "magasinKategori": null, "fid_2": 425, "id": 425, "left": 8.986919847, "top": 62.446110046000001, "right": 9.486919847, "bottom": 61.946110046000001, "row_index": 24, "col_index": 10, "tile_id": 425 }, "geometry": { "type": "MultiPolygon", "coordinates": [ [ [ [ 9.460477464323574, 62.253558416991751 ], [ 9.461064398322915, 62.253337640705702 ], [ 9.460444510140094, 62.253193222580101 ], [ 9.459973139165742, 62.253361920606544 ], [ 9.460226941515236, 62.253540380930581 ], [ 9.459443160933143, 62.253861456794553 ], [ 9.459749934189672, 62.253988127308141 ], [ 9.459462117976626, 62.254156880394468 ], [ 9.45987390378696, 62.25418083200875 ], [ 9.460477464323574, 62.253558416991751 ] ] ] ] } },
{ "type": "Feature", "properties": { "fid": 133027, "navn": null, "hoyde_moh": 1412, "arealInnsjo_km2": 0.0115, "magasinKategori": null, "fid_2": 425, "id": 425, "left": 8.986919847, "top": 62.446110046000001, "right": 9.486919847, "bottom": 61.946110046000001, "row_index": 24, "col_index": 10, "tile_id": 425 }, "geometry": { "type": "MultiPolygon", "coordinates": [ [ [ [ 9.221953974910599, 62.399257904283829 ], [ 9.222612385367443, 62.399371898616472 ], [ 9.222699673618049, 62.399149123406772 ], [ 9.221743574772434, 62.399060552795362 ], [ 9.221256953159019, 62.398688225952078 ], [ 9.220330274993271, 62.398576023025122 ], [ 9.220220390155802, 62.398130788533024 ], [ 9.219301836567189, 62.397937535644701 ], [ 9.219399508036432, 62.397751473297618 ], [ 9.219222754225543, 62.397510686392501 ], [ 9.218746776054635, 62.397677578786158 ], [ 9.218945702260429, 62.397866896138424 ], [ 9.21872662524139, 62.39827242100624 ], [ 9.219485359319263, 62.398395198901454 ], [ 9.220452707028379, 62.399210287015762 ], [ 9.220666600168519, 62.399165715111934 ], [ 9.221254608806413, 62.39949031986901 ], [ 9.221953974910599, 62.399257904283829 ] ] ] ] } },
{ "type": "Feature", "properties": { "fid": 133068, "navn": null, "hoyde_moh": 1347, "arealInnsjo_km2": 0.0054, "magasinKategori": null, "fid_2": 425, "id": 425, "left": 8.986919847, "top": 62.446110046000001, "right": 9.486919847, "bottom": 61.946110046000001, "row_index": 24, "col_index": 10, "tile_id": 425 }, "geometry": { "type": "MultiPolygon", "coordinates": [ [ [ [ 9.400207080284634, 62.427376501070732 ], [ 9.400348512776032, 62.427007411809896 ], [ 9.399893400407644, 62.42661896925064 ], [ 9.399035180618561, 62.426381873849472 ], [ 9.398960804751033, 62.426707040911708 ], [ 9.399377943056209, 62.427116728412102 ], [ 9.399278358373534, 62.427342322613576 ], [ 9.400207080284634, 62.427376501070732 ] ] ] ] } },
{ "type": "Feature", "properties": { "fid": 133070, "navn": null, "hoyde_moh": 1114, "arealInnsjo_km2": 0.0056, "magasinKategori": null, "fid_2": 425, "id": 425, "left": 8.986919847, "top": 62.446110046000001, "right": 9.486919847, "bottom": 61.946110046000001, "row_index": 24, "col_index": 10, "tile_id": 425 }, "geometry": { "type": "MultiPolygon", "coordinates": [ [ [ [ 9.438412584049413, 61.987497449455425 ], [ 9.439001039382854, 61.987546353574992 ], [ 9.438753173382811, 61.987354074773194 ], [ 9.437628902683644, 61.987133735450804 ], [ 9.436267154701671, 61.987123929408938 ], [ 9.43637235997458, 61.987365884868964 ], [ 9.436915900292039, 61.987563107359428 ], [ 9.438249566771411, 61.987683735292421 ], [ 9.438412584049413, 61.987497449455425 ] ] ] ] } },
{ "type": "Feature", "properties": { "fid": 133071, "navn": null, "hoyde_moh": 1358, "arealInnsjo_km2": 0.0143, "magasinKategori": null, "fid_2": 425, "id": 425, "left": 8.986919847, "top": 62.446110046000001, "right": 9.486919847, "bottom": 61.946110046000001, "row_index": 24, "col_index": 10, "tile_id": 425 }, "geometry": { "type": "MultiPolygon", "coordinates": [ [ [ [ 9.389870996825472, 62.404206179204905 ], [ 9.389754774041551, 62.403761619058798 ], [ 9.389608598535707, 62.403549058364398 ], [ 9.388971970199387, 62.403323978478674 ], [ 9.388199592790798, 62.403340482326826 ], [ 9.387013015664872, 62.403807386211028 ], [ 9.387048225186316, 62.404206822932416 ], [ 9.387502162315014, 62.404400498546707 ], [ 9.389480153536885, 62.404480578654194 ], [ 9.389870996825472, 62.404206179204905 ] ] ] ] } },
{ "type": "Feature", "properties": { "fid": 133203, "navn": null, "hoyde_moh": 1470, "arealInnsjo_km2": 0.0404, "magasinKategori": null, "fid_2": 425, "id": 425, "left": 8.986919847, "top": 62.446110046000001, "right": 9.486919847, "bottom": 61.946110046000001, "row_index": 24, "col_index": 10, "tile_id": 425 }, "geometry": { "type": "MultiPolygon", "coordinates": [ [ [ [ 9.347983145090042, 62.295649919928877 ], [ 9.348554487741634, 62.295580785538036 ], [ 9.349730884372597, 62.29479778531492 ], [ 9.349757590524231, 62.294579787551619 ], [ 9.349533678628609, 62.294557423764722 ], [ 9.349181038252906, 62.294213329993127 ], [ 9.349136145664097, 62.293884758516192 ], [ 9.348501289937261, 62.293542652652278 ], [ 9.348043361985619, 62.29350650902807 ], [ 9.347240192694851, 62.293736302474279 ], [ 9.345652641860053, 62.294627798037574 ], [ 9.345575939648235, 62.295017747477289 ], [ 9.345342689470677, 62.295119931689285 ], [ 9.345489283864884, 62.295446175632904 ], [ 9.347005085837013, 62.296108048486687 ], [ 9.347983145090042, 62.295649919928877 ] ] ] ] } },
{ "type": "Feature", "properties": { "fid": 133204, "navn": null, "hoyde_moh": 1630, "arealInnsjo_km2": 0.0163, "magasinKategori": null, "fid_2": 425, "id": 425, "left": 8.986919847, "top": 62.446110046000001, "right": 9.486919847, "bottom": 61.946110046000001, "row_index": 24, "col_index": 10, "tile_id": 425 }, "geometry": { "type": "MultiPolygon", "coordinates": [ [ [ [ 9.308769979321957, 62.307172953720354 ], [ 9.30858207135376, 62.306903203506607 ], [ 9.307740792256844, 62.306896823626865 ], [ 9.30772863081754, 62.306513221058097 ], [ 9.307304513517003, 62.306301996849939 ], [ 9.305469805278507, 62.305616221893047 ], [ 9.305164463062498, 62.305637429276075 ], [ 9.305169810018826, 62.305918135868659 ], [ 9.30543445718722, 62.30622768148671 ], [ 9.30630719207622, 62.306958278340836 ], [ 9.308490194354668, 62.307575440703793 ], [ 9.308769979321957, 62.307172953720354 ] ] ] ] } },
{ "type": "Feature", "properties": { "fid": 133465, "navn": null, "hoyde_moh": 1162, "arealInnsjo_km2": 0.0038, "magasinKategori": null, "fid_2": 425, "id": 425, "left": 8.986919847, "top": 62.446110046000001, "right": 9.486919847, "bottom": 61.946110046000001, "row_index": 24, "col_index": 10, "tile_id": 425 }, "geometry": { "type": "MultiPolygon", "coordinates": [ [ [ [ 9.457351835502079, 61.968451264342079 ], [ 9.457870342180742, 61.968441296276993 ], [ 9.458092082320219, 61.968142248320653 ], [ 9.458960123179313, 61.967895890527522 ], [ 9.457972794083782, 61.967922425302703 ], [ 9.457470543140801, 61.968084792074571 ], [ 9.457170224713925, 61.968396331563611 ], [ 9.45652365140543, 61.968393393076646 ], [ 9.456590878293877, 61.968554597227872 ], [ 9.457048193128312, 61.968620286609642 ], [ 9.457351835502079, 61.968451264342079 ] ] ] ] } },
{ "type": "Feature", "properties": { "fid": 133471, "navn": null, "hoyde_moh": 1512, "arealInnsjo_km2": 0.0039, "magasinKategori": null, "fid_2": 425, "id": 425, "left": 8.986919847, "top": 62.446110046000001, "right": 9.486919847, "bottom": 61.946110046000001, "row_index": 24, "col_index": 10, "tile_id": 425 }, "geometry": { "type": "MultiPolygon", "coordinates": [ [ [ [ 9.263362517847542, 62.443536124780231 ], [ 9.2633197677119, 62.443239999405549 ], [ 9.262692361027534, 62.44326226967052 ], [ 9.262271202491821, 62.443534659822852 ], [ 9.262405478626514, 62.443893345313946 ], [ 9.263035419847835, 62.444043926615436 ], [ 9.263362517847542, 62.443536124780231 ] ] ] ] } },
{ "type": "Feature", "properties": { "fid": 135776, "navn": null, "hoyde_moh": 941, "arealInnsjo_km2": 0.0049, "magasinKategori": null, "fid_2": 425, "id": 425, "left": 8.986919847, "top": 62.446110046000001, "right": 9.486919847, "bottom": 61.946110046000001, "row_index": 24, "col_index": 10, "tile_id": 425 }, "geometry": { "type": "MultiPolygon", "coordinates": [ [ [ [ 9.3066696221559, 62.133548793832837 ], [ 9.30654356496767, 62.133405330161914 ], [ 9.305263912536486, 62.133162867520447 ], [ 9.304568740636665, 62.133285493692036 ], [ 9.305677176329224, 62.133781581468959 ], [ 9.306374096358445, 62.133914214083525 ], [ 9.3066696221559, 62.133548793832837 ] ] ] ] } },
{ "type": "Feature", "properties": { "fid": 135854, "navn": null, "hoyde_moh": 960, "arealInnsjo_km2": 0.0029, "magasinKategori": null, "fid_2": 425, "id": 425, "left": 8.986919847, "top": 62.446110046000001, "right": 9.486919847, "bottom": 61.946110046000001, "row_index": 24, "col_index": 10, "tile_id": 425 }, "geometry": { "type": "MultiPolygon", "coordinates": [ [ [ [ 9.234409859865202, 62.131432492554062 ], [ 9.23480803195115, 62.131196889895421 ], [ 9.234541293646036, 62.130998320051447 ], [ 9.23333546875449, 62.131097815259011 ], [ 9.233447860781977, 62.131430100661383 ], [ 9.234409859865202, 62.131432492554062 ] ] ] ] } },
{ "type": "Feature", "properties": { "fid": 136768, "navn": null, "hoyde_moh": 1080, "arealInnsjo_km2": 0.0053, "magasinKategori": null, "fid_2": 425, "id": 425, "left": 8.986919847, "top": 62.446110046000001, "right": 9.486919847, "bottom": 61.946110046000001, "row_index": 24, "col_index": 10, "tile_id": 425 }, "geometry": { "type": "MultiPolygon", "coordinates": [ [ [ [ 9.399417068785647, 62.163959198861143 ], [ 9.399649362193424, 62.163807776144886 ], [ 9.399672653035102, 62.163524389228904 ], [ 9.399119884839358, 62.163429878586996 ], [ 9.397939464127171, 62.163662285494325 ], [ 9.397873455202687, 62.164050328060306 ], [ 9.399417068785647, 62.163959198861143 ] ] ] ] } },
{ "type": "Feature", "properties": { "fid": 148892, "navn": "Istjørni", "hoyde_moh": 1631, "arealInnsjo_km2": 0.3365, "magasinKategori": null, "fid_2": 425, "id": 425, "left": 8.986919847, "top": 62.446110046000001, "right": 9.486919847, "bottom": 61.946110046000001, "row_index": 24, "col_index": 10, "tile_id": 425 }, "geometry": { "type": "MultiPolygon", "coordinates": [ [ [ [ 9.293059792763689, 62.310008582888692 ], [ 9.293065573988121, 62.309810335420281 ], [ 9.293660814164387, 62.309804961096688 ], [ 9.294131471750324, 62.309592098843353 ], [ 9.294190509529212, 62.309264260824193 ], [ 9.293940856122433, 62.309076740058842 ], [ 9.292652983997522, 62.309169532167139 ], [ 9.292677719649447, 62.3094849773058 ], [ 9.291596610514441, 62.30912719244526 ], [ 9.293269148781977, 62.308668492855666 ], [ 9.293254772726463, 62.308455192797709 ], [ 9.292819122221308, 62.308499272918709 ], [ 9.294011871154609, 62.307900454032634 ], [ 9.294175071676753, 62.30825679602691 ], [ 9.293864650826015, 62.308384889515906 ], [ 9.294077887973927, 62.308430216140451 ], [ 9.293905347865547, 62.308553364985578 ], [ 9.295300506619828, 62.308321313291636 ], [ 9.296741237090574, 62.308587290749799 ], [ 9.297033277685387, 62.308795093666873 ], [ 9.299352403020903, 62.308281917162191 ], [ 9.300087116844534, 62.308281353361572 ], [ 9.300065243358635, 62.30811644545485 ], [ 9.300311646519928, 62.308196972229482 ], [ 9.300436526193657, 62.308061864326774 ], [ 9.300592597455163, 62.308140385620874 ], [ 9.300590884617163, 62.308362293262192 ], [ 9.300197954775719, 62.308569550973019 ], [ 9.300690535487291, 62.308957973039512 ], [ 9.300605932307013, 62.30927719898677 ], [ 9.300776026028934, 62.309318580097482 ], [ 9.301162347587452, 62.308837492044837 ], [ 9.300853994911265, 62.308280488158694 ], [ 9.301604988747721, 62.307752015669571 ], [ 9.301913328844448, 62.307710055132546 ], [ 9.30193996522385, 62.307483141558535 ], [ 9.302253557231461, 62.307320775813892 ], [ 9.30202674063648, 62.307130969066023 ], [ 9.302083659826256, 62.306732291251883 ], [ 9.303960384929312, 62.306074472081818 ], [ 9.303982226956053, 62.305857443241322 ], [ 9.30344158655018, 62.305491991143001 ], [ 9.304274267259139, 62.305326386102223 ], [ 9.304008682429115, 62.305036152382961 ], [ 9.304302193386739, 62.30481327762169 ], [ 9.304292371920848, 62.304642835370522 ], [ 9.304062376220752, 62.304264949460816 ], [ 9.303034494274408, 62.303489429280745 ], [ 9.301913448158937, 62.303349717609905 ], [ 9.300493421958283, 62.304030071789036 ], [ 9.299075624374153, 62.304318487156024 ], [ 9.298745722677273, 62.304275568742753 ], [ 9.298644914099768, 62.304018207020803 ], [ 9.297663186739909, 62.304645726128662 ], [ 9.295115674622915, 62.304971862812202 ], [ 9.29293753573498, 62.305482938173562 ], [ 9.287916867857939, 62.306955235336552 ], [ 9.288294545130393, 62.30717712089092 ], [ 9.288139263473679, 62.307490009174963 ], [ 9.287478233289677, 62.307802663581583 ], [ 9.287657269264731, 62.308118080704432 ], [ 9.28744412098029, 62.308239008200459 ], [ 9.287605809995577, 62.308331549244308 ], [ 9.287097733091626, 62.308548788594535 ], [ 9.287526652839876, 62.30882976879812 ], [ 9.287239906938563, 62.309049741184573 ], [ 9.287690334658659, 62.309020599898489 ], [ 9.287787182612712, 62.308810532515352 ], [ 9.288230252908539, 62.308730587037694 ], [ 9.29056709570181, 62.308729126354763 ], [ 9.290690100903753, 62.308813588488142 ], [ 9.289820438336903, 62.309088223289976 ], [ 9.289613864101945, 62.309557878546954 ], [ 9.288784937799809, 62.309735168187579 ], [ 9.289222431143783, 62.309889932338955 ], [ 9.293059792763689, 62.310008582888692 ] ] ] ] } },
{ "type": "Feature", "properties": { "fid": 148903, "navn": null, "hoyde_moh": 1262, "arealInnsjo_km2": 0.0193, "magasinKategori": null, "fid_2": 425, "id": 425, "left": 8.986919847, "top": 62.446110046000001, "right": 9.486919847, "bottom": 61.946110046000001, "row_index": 24, "col_index": 10, "tile_id": 425 }, "geometry": { "type": "MultiPolygon", "coordinates": [ [ [ [ 9.290399337445328, 62.42650311184947 ], [ 9.290365485040301, 62.42621600922751 ], [ 9.290606228923014, 62.426034434979975 ], [ 9.289487436499028, 62.425550538101746 ], [ 9.288144263450897, 62.42512321112266 ], [ 9.286568186501011, 62.425396886530187 ], [ 9.287797431207341, 62.426290873091723 ], [ 9.290094654754206, 62.426581330653605 ], [ 9.290399337445328, 62.42650311184947 ] ] ] ] } },
{ "type": "Feature", "properties": { "fid": 151303, "navn": null, "hoyde_moh": 459, "arealInnsjo_km2": 0.0644, "magasinKategori": null, "fid_2": 425, "id": 425, "left": 8.986919847, "top": 62.446110046000001, "right": 9.486919847, "bottom": 61.946110046000001, "row_index": 24, "col_index": 10, "tile_id": 425 }, "geometry": { "type": "MultiPolygon", "coordinates": [ [ [ [ 9.24727839032885, 61.97224091934244 ], [ 9.246561135429927, 61.971373081783113 ], [ 9.24656063443091, 61.971202652366543 ], [ 9.246881423231246, 61.970952589435939 ], [ 9.246874140821893, 61.970488050045844 ], [ 9.246589231021286, 61.970309407515487 ], [ 9.245930848957919, 61.970248720995336 ], [ 9.246446131552231, 61.969545356710412 ], [ 9.246446547182073, 61.969159547015238 ], [ 9.247374946349995, 61.968917722106546 ], [ 9.247482794668326, 61.968537219205615 ], [ 9.247152199263686, 61.96830688417257 ], [ 9.246227934119247, 61.968193929922059 ], [ 9.245854347403098, 61.968450242232564 ], [ 9.244505710133053, 61.968725592385837 ], [ 9.244280019738566, 61.9693943563829 ], [ 9.243671622490274, 61.970065908179514 ], [ 9.243578266049701, 61.970570794867399 ], [ 9.243868397479028, 61.970730848468108 ], [ 9.24372723013067, 61.971445101395318 ], [ 9.245077666112893, 61.97248448889399 ], [ 9.247112798754447, 61.972612074440711 ], [ 9.24727839032885, 61.97224091934244 ] ], [ [ 9.245827161732853, 61.970928895421032 ], [ 9.245980295059452, 61.97101839448213 ], [ 9.245542120247705, 61.971081880300765 ], [ 9.245540882630312, 61.970911329851141 ], [ 9.245827161732853, 61.970928895421032 ] ] ] ] } },
{ "type": "Feature", "properties": { "fid": 160783, "navn": "Porten", "hoyde_moh": 850, "arealInnsjo_km2": 0.0235, "magasinKategori": null, "fid_2": 425, "id": 425, "left": 8.986919847, "top": 62.446110046000001, "right": 9.486919847, "bottom": 61.946110046000001, "row_index": 24, "col_index": 10, "tile_id": 425 }, "geometry": { "type": "MultiPolygon", "coordinates": [ [ [ [ 9.034867542814075, 61.954262346237684 ], [ 9.035156102347118, 61.954137296074983 ], [ 9.035152263907403, 61.953959661666836 ], [ 9.034957822759901, 61.953799411936721 ], [ 9.033815283513903, 61.953590693811663 ], [ 9.031138218931156, 61.953617469298834 ], [ 9.030663764390386, 61.954201199964125 ], [ 9.029537564951193, 61.954269128286462 ], [ 9.031316146150932, 61.954699105090484 ], [ 9.034867542814075, 61.954262346237684 ] ] ] ] } },
{ "type": "Feature", "properties": { "fid": 160892, "navn": "Birisjøen", "hoyde_moh": 820, "arealInnsjo_km2": 0.1059, "magasinKategori": null, "fid_2": 425, "id": 425, "left": 8.986919847, "top": 62.446110046000001, "right": 9.486919847, "bottom": 61.946110046000001, "row_index": 24, "col_index": 10, "tile_id": 425 }, "geometry": { "type": "MultiPolygon", "coordinates": [ [ [ [ 9.076016296488625, 61.952463215773747 ], [ 9.079331296959824, 61.952477831305764 ], [ 9.081636158943736, 61.952218090542701 ], [ 9.086655802099351, 61.952450375955806 ], [ 9.088010478580035, 61.951905270950611 ], [ 9.088580455225266, 61.95186272396451 ], [ 9.087113194278331, 61.951296642284149 ], [ 9.083222667617058, 61.950969040577839 ], [ 9.080824437510099, 61.951101793290405 ], [ 9.080021790866812, 61.950945566955525 ], [ 9.078026445318063, 61.951433986769231 ], [ 9.076493027735596, 61.95135076503891 ], [ 9.072240641805625, 61.951891757908975 ], [ 9.071938143507332, 61.952010786946715 ], [ 9.071770210456432, 61.952413924204407 ], [ 9.071524943472674, 61.952561082653268 ], [ 9.073356182812978, 61.952744182525272 ], [ 9.076016296488625, 61.952463215773747 ] ] ] ] } },
{ "type": "Feature", "properties": { "fid": 162627, "navn": null, "hoyde_moh": 1364, "arealInnsjo_km2": 0.02, "magasinKategori": null, "fid_2": 425, "id": 425, "left": 8.986919847, "top": 62.446110046000001, "right": 9.486919847, "bottom": 61.946110046000001, "row_index": 24, "col_index": 10, "tile_id": 425 }, "geometry": { "type": "MultiPolygon", "coordinates": [ [ [ [ 9.375079984092029, 62.40025738405761 ], [ 9.374730861364034, 62.399358819163403 ], [ 9.374003975580411, 62.398807147485066 ], [ 9.372792635895243, 62.398550786072555 ], [ 9.372346519447532, 62.398620560127839 ], [ 9.372232204643073, 62.399133120174007 ], [ 9.372398838412488, 62.399460933787026 ], [ 9.373624964874356, 62.400385312562818 ], [ 9.374131685826352, 62.400490535329958 ], [ 9.375079984092029, 62.40025738405761 ] ] ] ] } },
{ "type": "Feature", "properties": { "fid": 162681, "navn": null, "hoyde_moh": 1316, "arealInnsjo_km2": 0.0143, "magasinKategori": null, "fid_2": 425, "id": 425, "left": 8.986919847, "top": 62.446110046000001, "right": 9.486919847, "bottom": 61.946110046000001, "row_index": 24, "col_index": 10, "tile_id": 425 }, "geometry": { "type": "MultiPolygon", "coordinates": [ [ [ [ 9.382824997991252, 62.33576875667174 ], [ 9.380337837273649, 62.33581849018249 ], [ 9.37859081420514, 62.335442378845912 ], [ 9.37969688188441, 62.336259479976725 ], [ 9.380837572957979, 62.336706239066267 ], [ 9.380923161560359, 62.336540851260914 ], [ 9.382322552415179, 62.336407804911758 ], [ 9.383122053084515, 62.336045141782691 ], [ 9.382824997991252, 62.33576875667174 ] ], [ [ 9.382610536980282, 62.335939096339409 ], [ 9.382633777450645, 62.335984501700452 ], [ 9.381686956060047, 62.336015544397384 ], [ 9.381537252676301, 62.335866096543569 ], [ 9.382610536980282, 62.335939096339409 ] ] ] ] } },
{ "type": "Feature", "properties": { "fid": 162767, "navn": null, "hoyde_moh": 1321, "arealInnsjo_km2": 0.0182, "magasinKategori": null, "fid_2": 425, "id": 425, "left": 8.986919847, "top": 62.446110046000001, "right": 9.486919847, "bottom": 61.946110046000001, "row_index": 24, "col_index": 10, "tile_id": 425 }, "geometry": { "type": "MultiPolygon", "coordinates": [ [ [ [ 9.373017634428644, 62.337338232908301 ], [ 9.373836684621658, 62.337425106920655 ], [ 9.374426187623225, 62.337374492542516 ], [ 9.375169569560185, 62.337114545636283 ], [ 9.375422399239811, 62.33679878774528 ], [ 9.376095921582248, 62.33646633655033 ], [ 9.37628303354591, 62.336507047256767 ], [ 9.376073526601829, 62.336766327533432 ], [ 9.376231166474746, 62.337039505710635 ], [ 9.377185870130365, 62.337068854493097 ], [ 9.376876901858239, 62.336596113514886 ], [ 9.376489362084152, 62.336449437344037 ], [ 9.376368321953382, 62.336231928777906 ], [ 9.374367096979926, 62.336345094517029 ], [ 9.374263653722489, 62.336580682049458 ], [ 9.374591929931041, 62.336496338416161 ], [ 9.374083066563641, 62.336798198711804 ], [ 9.372605202500663, 62.337141660752188 ], [ 9.372571789090236, 62.336953536242625 ], [ 9.372154764586169, 62.336839224451296 ], [ 9.371491528666052, 62.337366135148393 ], [ 9.370890181053632, 62.337604555620018 ], [ 9.371291720876375, 62.337908611924739 ], [ 9.373017634428644, 62.337338232908301 ] ], [ [ 9.374652583273781, 62.33655379403617 ], [ 9.375045161194521, 62.336486818989677 ], [ 9.374746132594803, 62.336653627946184 ], [ 9.374331806779624, 62.336721970274311 ], [ 9.374652583273781, 62.33655379403617 ] ], [ [ 9.374213292816792, 62.337104921087672 ], [ 9.374671621897596, 62.336926932835972 ], [ 9.374979938094805, 62.336979942125119 ], [ 9.374213292816792, 62.337104921087672 ] ], [ [ 9.374263945863087, 62.33720535548462 ], [ 9.374479124581445, 62.3372244348161 ], [ 9.374347641797437, 62.337313340792875 ], [ 9.373784171638571, 62.33736141053059 ], [ 9.374263945863087, 62.33720535548462 ] ] ] ] } },
{ "type": "Feature", "properties": { "fid": 179253, "navn": "Flatbekktjønna", "hoyde_moh": 1397, "arealInnsjo_km2": 0.231, "magasinKategori": null, "fid_2": 425, "id": 425, "left": 8.986919847, "top": 62.446110046000001, "right": 9.486919847, "bottom": 61.946110046000001, "row_index": 24, "col_index": 10, "tile_id": 425 }, "geometry": { "type": "MultiPolygon", "coordinates": [ [ [ [ 9.275161802359822, 62.436930883802106 ], [ 9.275176093201138, 62.436761158840142 ], [ 9.274802775540847, 62.436389223648405 ], [ 9.273645130098689, 62.435778027959934 ], [ 9.273516897575245, 62.435549321004203 ], [ 9.273911871580907, 62.435474043826339 ], [ 9.27373889238641, 62.435195064204919 ], [ 9.272258979247145, 62.43493965213645 ], [ 9.270300993248666, 62.434285811563008 ], [ 9.26936124957834, 62.434170465671002 ], [ 9.269767965470658, 62.433981361494645 ], [ 9.269865629526107, 62.433703270671174 ], [ 9.269262092670296, 62.433423186984207 ], [ 9.269484924717599, 62.433303557951838 ], [ 9.269188520750772, 62.433119402665767 ], [ 9.267783758931131, 62.433022588908052 ], [ 9.265160585780244, 62.432135001735773 ], [ 9.263818081902883, 62.432213820888713 ], [ 9.263456333352826, 62.43199292809453 ], [ 9.262587108528477, 62.431852718096032 ], [ 9.260070441832942, 62.431795438658817 ], [ 9.258529007071719, 62.431571448236703 ], [ 9.256222206676368, 62.430782807653841 ], [ 9.255889333372759, 62.430761489131946 ], [ 9.255605309629228, 62.430938521299581 ], [ 9.255731067861213, 62.431156074863104 ], [ 9.255562902572192, 62.431423413920747 ], [ 9.255619088203142, 62.432139860643318 ], [ 9.25653911418552, 62.43280846764327 ], [ 9.256929719969715, 62.432935691650343 ], [ 9.259158112846011, 62.43296635588279 ], [ 9.260171241649905, 62.433173472430418 ], [ 9.260848910120515, 62.433590877619082 ], [ 9.261682961667955, 62.43382335484003 ], [ 9.264062080071707, 62.435423335653184 ], [ 9.264496266795236, 62.43549391261682 ], [ 9.266160239347581, 62.436421157734586 ], [ 9.266361686479145, 62.43638877867879 ], [ 9.266356628689422, 62.435941808209073 ], [ 9.268583732480909, 62.435632261838961 ], [ 9.268643292870049, 62.435353410437891 ], [ 9.268255046604732, 62.435066806638034 ], [ 9.268577700759549, 62.43503438160846 ], [ 9.271590423852718, 62.436443668722184 ], [ 9.274495932043376, 62.436987356131993 ], [ 9.275161802359822, 62.436930883802106 ] ], [ [ 9.266146792578516, 62.434135842865636 ], [ 9.266357394224075, 62.433881766257542 ], [ 9.265898607738054, 62.433787675082449 ], [ 9.266051376812658, 62.433634464393073 ], [ 9.268051294164112, 62.434303960933292 ], [ 9.266330870837065, 62.434354619617977 ], [ 9.266146792578516, 62.434135842865636 ] ], [ [ 9.271438191994562, 62.435715540530865 ], [ 9.271452282464653, 62.435667421454539 ], [ 9.272467860767444, 62.435810991241134 ], [ 9.27204078010676, 62.435930040561203 ], [ 9.271438191994562, 62.435715540530865 ] ] ] ] } },
{ "type": "Feature", "properties": { "fid": 180052, "navn": "Tjørngluptjørnan", "hoyde_moh": 1358, "arealInnsjo_km2": 0.2531, "magasinKategori": null, "fid_2": 425, "id": 425, "left": 8.986919847, "top": 62.446110046000001, "right": 9.486919847, "bottom": 61.946110046000001, "row_index": 24, "col_index": 10, "tile_id": 425 }, "geometry": { "type": "MultiPolygon", "coordinates": [ [ [ [ 9.382985297582811, 62.410943967122861 ], [ 9.382613955696362, 62.410604744855064 ], [ 9.382695714412758, 62.410455756747218 ], [ 9.384943191236919, 62.410191254117024 ], [ 9.384627801465724, 62.409994171199195 ], [ 9.384693205198541, 62.409774135052416 ], [ 9.384544722628469, 62.409573896688272 ], [ 9.38497387226902, 62.409080716726663 ], [ 9.385457631276845, 62.408946533836094 ], [ 9.385247455899858, 62.408573688238974 ], [ 9.385762776077231, 62.408173276857362 ], [ 9.386032333190116, 62.408253745592368 ], [ 9.386075102422225, 62.407920644872782 ], [ 9.385354709132699, 62.407469666082434 ], [ 9.38283652365865, 62.406891729572777 ], [ 9.382064458384404, 62.406388777730058 ], [ 9.382145935047708, 62.405946982334271 ], [ 9.38258780498983, 62.405781503933937 ], [ 9.383513033379215, 62.406042403258098 ], [ 9.383977663364695, 62.406366134029369 ], [ 9.384559005606063, 62.406395034246792 ], [ 9.384581937393159, 62.406206854537729 ], [ 9.385526110062433, 62.406378407442311 ], [ 9.385712316492439, 62.406641194859198 ], [ 9.386452347465646, 62.406788109465211 ], [ 9.386739902575529, 62.406692079169041 ], [ 9.386954104860125, 62.406256095776449 ], [ 9.386842062054871, 62.405976505177271 ], [ 9.387290973965012, 62.405726869885619 ], [ 9.385866008494892, 62.404769032980994 ], [ 9.384075516687879, 62.403996489741949 ], [ 9.383293240386573, 62.402980174542961 ], [ 9.382423100364861, 62.402834458877827 ], [ 9.382401861202142, 62.403290301129118 ], [ 9.382878874225751, 62.403794644110988 ], [ 9.382801033481416, 62.404122186207736 ], [ 9.381713959798734, 62.403841143351869 ], [ 9.380913735131449, 62.403286188659131 ], [ 9.380703294554618, 62.402616925384443 ], [ 9.38015494718225, 62.402464500083006 ], [ 9.379982708085169, 62.402316668680221 ], [ 9.380110963781163, 62.402114298448787 ], [ 9.379781432143156, 62.402070453174467 ], [ 9.379686016853698, 62.402166231887271 ], [ 9.379831057334888, 62.402307022739564 ], [ 9.379532454279721, 62.402406191454908 ], [ 9.379455686778069, 62.402627746210939 ], [ 9.378599871935545, 62.402804275549201 ], [ 9.379531542671893, 62.403885802128173 ], [ 9.379538306282512, 62.404234768196211 ], [ 9.378525175057064, 62.40423130707012 ], [ 9.378276323212175, 62.404776678883572 ], [ 9.379008650705281, 62.405404778871407 ], [ 9.378854922964123, 62.405831229110738 ], [ 9.379179752555849, 62.406070563410651 ], [ 9.379729430380559, 62.406151217922279 ], [ 9.379561889745061, 62.406343628244407 ], [ 9.379687762950045, 62.406490483841011 ], [ 9.379067020615706, 62.406462669233264 ], [ 9.377867059303322, 62.405852009369617 ], [ 9.377413391989613, 62.405935628330859 ], [ 9.377456819335071, 62.406086440133052 ], [ 9.376809333820354, 62.406590743732444 ], [ 9.378233488428288, 62.407599321557981 ], [ 9.380051499496192, 62.408529305880379 ], [ 9.379736530151067, 62.409245632084456 ], [ 9.380587642234556, 62.409797967285435 ], [ 9.380539822725465, 62.40996353854171 ], [ 9.380183546157825, 62.410081080035042 ], [ 9.380601185543515, 62.410203822298953 ], [ 9.380818172132473, 62.410031321762361 ], [ 9.381261338010193, 62.410037903698203 ], [ 9.381710339970441, 62.410436705795291 ], [ 9.382196289334551, 62.41061422990348 ], [ 9.382026513653985, 62.411094129105024 ], [ 9.382663750258146, 62.41110801312027 ], [ 9.382985297582811, 62.410943967122861 ] ], [ [ 9.382981049339365, 62.404213262734253 ], [ 9.383005171227133, 62.404039442442716 ], [ 9.383775659862675, 62.404001108591352 ], [ 9.384253517861117, 62.404256337989985 ], [ 9.38397786830455, 62.404309730173459 ], [ 9.383914395413209, 62.404477189186622 ], [ 9.382981049339365, 62.404213262734253 ] ] ] ] } },
{ "type": "Feature", "properties": { "fid": 180226, "navn": null, "hoyde_moh": 1451, "arealInnsjo_km2": 0.0533, "magasinKategori": null, "fid_2": 425, "id": 425, "left": 8.986919847, "top": 62.446110046000001, "right": 9.486919847, "bottom": 61.946110046000001, "row_index": 24, "col_index": 10, "tile_id": 425 }, "geometry": { "type": "MultiPolygon", "coordinates": [ [ [ [ 9.239326913967624, 62.430453620941961 ], [ 9.243012943169377, 62.429926428617229 ], [ 9.245420673501677, 62.429977802037214 ], [ 9.246385812852063, 62.429724474555776 ], [ 9.246502064255086, 62.429507207070067 ], [ 9.245901765967941, 62.429223906030465 ], [ 9.243478705661245, 62.429062979261303 ], [ 9.23944431376534, 62.429488781315428 ], [ 9.238319846679532, 62.429471425145742 ], [ 9.236647896016917, 62.429195411387056 ], [ 9.235948710563809, 62.429282992013015 ], [ 9.235670823072583, 62.429897474484036 ], [ 9.235724816553443, 62.430120806213225 ], [ 9.236233162196376, 62.430275390736625 ], [ 9.236789213866402, 62.430205998303961 ], [ 9.239326913967624, 62.430453620941961 ] ] ] ] } },
{ "type": "Feature", "properties": { "fid": 180753, "navn": "Holken", "hoyde_moh": 1226, "arealInnsjo_km2": 0.1363, "magasinKategori": null, "fid_2": 425, "id": 425, "left": 8.986919847, "top": 62.446110046000001, "right": 9.486919847, "bottom": 61.946110046000001, "row_index": 24, "col_index": 10, "tile_id": 425 }, "geometry": { "type": "MultiPolygon", "coordinates": [ [ [ [ 9.269942337388418, 62.199759584430915 ], [ 9.270293491997586, 62.19962264165644 ], [ 9.271146968768631, 62.199817982778178 ], [ 9.2724880753526, 62.199703790422362 ], [ 9.273042222338594, 62.199164681074606 ], [ 9.273352890305009, 62.198595407867806 ], [ 9.273305590037948, 62.198355350623757 ], [ 9.272815051001684, 62.198046246572062 ], [ 9.272492101987908, 62.197518410719141 ], [ 9.269390167365826, 62.19631986823012 ], [ 9.269384568601408, 62.19609378025946 ], [ 9.269692602407014, 62.195888438665953 ], [ 9.269575335904866, 62.195694267917261 ], [ 9.268297493041901, 62.195029331376496 ], [ 9.267120753261064, 62.194864757302 ], [ 9.266694883719293, 62.195485141119732 ], [ 9.266794370804972, 62.196096083077784 ], [ 9.266164587666642, 62.196622218947184 ], [ 9.265973888450285, 62.197232914486968 ], [ 9.265491623800132, 62.197434080333565 ], [ 9.26650251033972, 62.197663619923304 ], [ 9.266310467237716, 62.198523611510261 ], [ 9.266732178868473, 62.199177176677956 ], [ 9.268677231143554, 62.199832795002436 ], [ 9.268397699234896, 62.199994398546067 ], [ 9.269664561357132, 62.20014117765713 ], [ 9.269942337388418, 62.199759584430915 ] ] ] ] } },
{ "type": "Feature", "properties": { "fid": 181308, "navn": null, "hoyde_moh": 1040, "arealInnsjo_km2": 0.0126, "magasinKategori": null, "fid_2": 425, "id": 425, "left": 8.986919847, "top": 62.446110046000001, "right": 9.486919847, "bottom": 61.946110046000001, "row_index": 24, "col_index": 10, "tile_id": 425 }, "geometry": { "type": "MultiPolygon", "coordinates": [ [ [ [ 9.381112221373975, 61.986958589733725 ], [ 9.38135033036629, 61.986941675006769 ], [ 9.381235389458974, 61.987189002948099 ], [ 9.381433233664646, 61.987234709077505 ], [ 9.383820917413948, 61.986910632483784 ], [ 9.383726645979076, 61.986756829083291 ], [ 9.383218439605299, 61.986717263157765 ], [ 9.383001153306781, 61.986472117171878 ], [ 9.382593764934875, 61.986362229418894 ], [ 9.382711965917975, 61.986226734267113 ], [ 9.382400651990741, 61.986137511431416 ], [ 9.382024021959824, 61.986516093660377 ], [ 9.381765460008202, 61.986341176045592 ], [ 9.381608025128195, 61.9864828984757 ], [ 9.3804493598047, 61.986470573047185 ], [ 9.380834160286792, 61.986923466966537 ], [ 9.380512818003952, 61.987038779604021 ], [ 9.380440013376084, 61.986783330864647 ], [ 9.380225339185227, 61.98675106681501 ], [ 9.380216446971676, 61.98652775225564 ], [ 9.379849675181802, 61.986597912804463 ], [ 9.380101485021683, 61.986838354639467 ], [ 9.380017861712567, 61.987075620478649 ], [ 9.380999007690802, 61.987222459655854 ], [ 9.381112221373975, 61.986958589733725 ] ] ] ] } },
{ "type": "Feature", "properties": { "fid": 181312, "navn": "Måsåhustjønne", "hoyde_moh": 1011, "arealInnsjo_km2": 0.0104, "magasinKategori": null, "fid_2": 425, "id": 425, "left": 8.986919847, "top": 62.446110046000001, "right": 9.486919847, "bottom": 61.946110046000001, "row_index": 24, "col_index": 10, "tile_id": 425 }, "geometry": { "type": "MultiPolygon", "coordinates": [ [ [ [ 9.358290943999078, 61.964395149133203 ], [ 9.358307672378926, 61.964174769995282 ], [ 9.358108452434255, 61.963967129778027 ], [ 9.35694240532478, 61.963312862040191 ], [ 9.35601639864019, 61.963178530283471 ], [ 9.356788598715161, 61.963868483678709 ], [ 9.356402612928598, 61.964391259971613 ], [ 9.357784410625442, 61.964607755301522 ], [ 9.358290943999078, 61.964395149133203 ] ] ] ] } },
{ "type": "Feature", "properties": { "fid": 184087, "navn": null, "hoyde_moh": 1808, "arealInnsjo_km2": 0.0137, "magasinKategori": null, "fid_2": 425, "id": 425, "left": 8.986919847, "top": 62.446110046000001, "right": 9.486919847, "bottom": 61.946110046000001, "row_index": 24, "col_index": 10, "tile_id": 425 }, "geometry": { "type": "MultiPolygon", "coordinates": [ [ [ [ 9.276507745833229, 62.313396018764529 ], [ 9.276534333900589, 62.3131988079965 ], [ 9.276227044560367, 62.313124185324881 ], [ 9.276321882579545, 62.312938344910918 ], [ 9.275690598925127, 62.312495400183657 ], [ 9.274996025707622, 62.31226362970574 ], [ 9.274263848020212, 62.312262457727002 ], [ 9.274928308790821, 62.312537456885863 ], [ 9.274684311508384, 62.312929126554202 ], [ 9.274777013969008, 62.31327367337277 ], [ 9.275720237273887, 62.313627966516329 ], [ 9.27597576597795, 62.313892820175056 ], [ 9.276777917855535, 62.313956373111758 ], [ 9.27765754501513, 62.313728312821866 ], [ 9.276507745833229, 62.313396018764529 ] ] ] ] } },
{ "type": "Feature", "properties": { "fid": 192505, "navn": null, "hoyde_moh": 1387, "arealInnsjo_km2": 0.0135, "magasinKategori": null, "fid_2": 425, "id": 425, "left": 8.986919847, "top": 62.446110046000001, "right": 9.486919847, "bottom": 61.946110046000001, "row_index": 24, "col_index": 10, "tile_id": 425 }, "geometry": { "type": "MultiPolygon", "coordinates": [ [ [ [ 9.073272895103614, 61.963320172403044 ], [ 9.074770382728831, 61.962989588400845 ], [ 9.075833027797705, 61.962423435485377 ], [ 9.07380200496935, 61.962568054609378 ], [ 9.073235005000036, 61.96277787220594 ], [ 9.072359097149254, 61.962658605340472 ], [ 9.070724435373608, 61.96317691185947 ], [ 9.071638465586721, 61.963413800186906 ], [ 9.073272895103614, 61.963320172403044 ] ] ] ] } },
{ "type": "Feature", "properties": { "fid": 194444, "navn": "Grønbakktjørni", "hoyde_moh": 1112, "arealInnsjo_km2": 0.0865, "magasinKategori": null, "fid_2": 425, "id": 425, "left": 8.986919847, "top": 62.446110046000001, "right": 9.486919847, "bottom": 61.946110046000001, "row_index": 24, "col_index": 10, "tile_id": 425 }, "geometry": { "type": "MultiPolygon", "coordinates": [ [ [ [ 9.447347512163775, 61.992931898972138 ], [ 9.447683061620655, 61.993049036102519 ], [ 9.447773955890289, 61.9928865597414 ], [ 9.447181237225189, 61.992827894209064 ], [ 9.446971943995981, 61.992480405161047 ], [ 9.447782017534733, 61.992440741618765 ], [ 9.447887612759175, 61.992282638726827 ], [ 9.447697008392742, 61.992144171544389 ], [ 9.446877598002992, 61.992154296532902 ], [ 9.44799249662049, 61.991952241893138 ], [ 9.447896680758461, 61.991626794928479 ], [ 9.4480970216682, 61.991490606628297 ], [ 9.447685817067265, 61.991005815267357 ], [ 9.447335912326128, 61.990152685421535 ], [ 9.447627403932005, 61.989311405945465 ], [ 9.447321576634538, 61.98888585779887 ], [ 9.447496260130189, 61.988621731171754 ], [ 9.447274070094677, 61.988352383635409 ], [ 9.446967434904678, 61.988301483308433 ], [ 9.446966234629111, 61.988132949612314 ], [ 9.445630863878453, 61.987833773256583 ], [ 9.443980817779686, 61.988241626760797 ], [ 9.444054721979485, 61.988628115010378 ], [ 9.444758151336277, 61.989121752276496 ], [ 9.444607101126349, 61.989266766702016 ], [ 9.444313170305257, 61.989222763914235 ], [ 9.44423566056402, 61.988828750061273 ], [ 9.443777470797112, 61.988766320810669 ], [ 9.443474066217609, 61.988982762336597 ], [ 9.443622623057648, 61.989242302186575 ], [ 9.444498570865379, 61.989436719125798 ], [ 9.444231454556165, 61.989679738849112 ], [ 9.444824878174229, 61.989833760677868 ], [ 9.444583673199341, 61.990089977968893 ], [ 9.444023498635246, 61.990065102538765 ], [ 9.444859139191401, 61.990594679473674 ], [ 9.444662076653628, 61.990885800855501 ], [ 9.445026689541242, 61.990992418805746 ], [ 9.445093088219872, 61.991160165633836 ], [ 9.444565063484228, 61.991233704539233 ], [ 9.443928341776921, 61.991723255385082 ], [ 9.444219182741373, 61.992149016373936 ], [ 9.443466816976535, 61.992264612411482 ], [ 9.444357583817773, 61.992640352401928 ], [ 9.444366103489765, 61.99277291091822 ], [ 9.444659327364382, 61.992550565189646 ], [ 9.445173743582558, 61.992600949816691 ], [ 9.44520209582047, 61.992442519483987 ], [ 9.446588666281279, 61.992395180269327 ], [ 9.446876057645753, 61.992625129011955 ], [ 9.446842803740912, 61.993062100254235 ], [ 9.446683811697531, 61.993128944200059 ], [ 9.447347512163775, 61.992931898972138 ] ], [ [ 9.445887512167824, 61.991344439434997 ], [ 9.446331490205106, 61.991470278642794 ], [ 9.446220323874131, 61.991483790977128 ], [ 9.445632472464556, 61.991477246076336 ], [ 9.445887512167824, 61.991344439434997 ] ], [ [ 9.446568332109049, 61.991780000048131 ], [ 9.446762356956466, 61.991641758445233 ], [ 9.447523821729252, 61.991789680488566 ], [ 9.446568332109049, 61.991780000048131 ] ] ] ] } },
{ "type": "Feature", "properties": { "fid": 194445, "navn": null, "hoyde_moh": 1044, "arealInnsjo_km2": 0.0059, "magasinKategori": null, "fid_2": 425, "id": 425, "left": 8.986919847, "top": 62.446110046000001, "right": 9.486919847, "bottom": 61.946110046000001, "row_index": 24, "col_index": 10, "tile_id": 425 }, "geometry": { "type": "MultiPolygon", "coordinates": [ [ [ [ 9.363106641768022, 61.997421635913895 ], [ 9.362077152084474, 61.997052980048338 ], [ 9.361151332784251, 61.996991539795417 ], [ 9.36053146950575, 61.997226078885866 ], [ 9.361286011349032, 61.997483475545664 ], [ 9.362985852792516, 61.997624069477297 ], [ 9.363106641768022, 61.997421635913895 ] ] ] ] } },
{ "type": "Feature", "properties": { "fid": 197024, "navn": "Stroplsjøtjønna", "hoyde_moh": 1320, "arealInnsjo_km2": 0.0913, "magasinKategori": null, "fid_2": 425, "id": 425, "left": 8.986919847, "top": 62.446110046000001, "right": 9.486919847, "bottom": 61.946110046000001, "row_index": 24, "col_index": 10, "tile_id": 425 }, "geometry": { "type": "MultiPolygon", "coordinates": [ [ [ [ 9.399657536874866, 62.34086737940769 ], [ 9.40001176753613, 62.340324720543144 ], [ 9.400688511185903, 62.34011280432388 ], [ 9.400832175707414, 62.339795570457973 ], [ 9.401676182891633, 62.339330643426628 ], [ 9.403006559821453, 62.337971415345656 ], [ 9.402938272448964, 62.337496216331402 ], [ 9.402241240743592, 62.337031284411047 ], [ 9.402272457004642, 62.336763515193311 ], [ 9.401483624062688, 62.33647623642667 ], [ 9.400131493025388, 62.336942426330872 ], [ 9.400212762306753, 62.337466035724084 ], [ 9.398851722396095, 62.337902873172624 ], [ 9.39885765635735, 62.338122909179319 ], [ 9.398298286961811, 62.338610296430609 ], [ 9.396848576961881, 62.339282863620582 ], [ 9.396294536557262, 62.33994858335771 ], [ 9.396253682793494, 62.340170239998272 ], [ 9.396688691047087, 62.340728665656258 ], [ 9.397573309602674, 62.3410310895351 ], [ 9.398507718003462, 62.341072338280291 ], [ 9.399657536874866, 62.34086737940769 ] ] ] ] } },
{ "type": "Feature", "properties": { "fid": 197030, "navn": null, "hoyde_moh": 1514, "arealInnsjo_km2": 0.0297, "magasinKategori": null, "fid_2": 425, "id": 425, "left": 8.986919847, "top": 62.446110046000001, "right": 9.486919847, "bottom": 61.946110046000001, "row_index": 24, "col_index": 10, "tile_id": 425 }, "geometry": { "type": "MultiPolygon", "coordinates": [ [ [ [ 9.355205939629425, 62.306933599561134 ], [ 9.35616623039944, 62.306416895991688 ], [ 9.356280370240029, 62.306031978981828 ], [ 9.35521757036833, 62.305401013146756 ], [ 9.355259764180342, 62.304979142077258 ], [ 9.35508141291794, 62.304910489855651 ], [ 9.354536326624993, 62.304998547751673 ], [ 9.352623877426469, 62.305824242009962 ], [ 9.352719919755009, 62.306586406852865 ], [ 9.353187283906998, 62.3068983463493 ], [ 9.355205939629425, 62.306933599561134 ] ] ] ] } },
{ "type": "Feature", "properties": { "fid": 197031, "navn": null, "hoyde_moh": 1656, "arealInnsjo_km2": 0.0492, "magasinKategori": null, "fid_2": 425, "id": 425, "left": 8.986919847, "top": 62.446110046000001, "right": 9.486919847, "bottom": 61.946110046000001, "row_index": 24, "col_index": 10, "tile_id": 425 }, "geometry": { "type": "MultiPolygon", "coordinates": [ [ [ [ 9.284045327595178, 62.334095295950142 ], [ 9.284356673836561, 62.334021893662644 ], [ 9.283996196380507, 62.333079680052499 ], [ 9.283771075635181, 62.332817632084804 ], [ 9.282930734391336, 62.332411576140402 ], [ 9.281270255774176, 62.332025701373063 ], [ 9.280096287346245, 62.331497665105339 ], [ 9.279322806517614, 62.331638497757801 ], [ 9.278587663403314, 62.332067343686703 ], [ 9.279188111450798, 62.332991752434062 ], [ 9.284044776024764, 62.334379456641642 ], [ 9.284045327595178, 62.334095295950142 ] ] ] ] } },
{ "type": "Feature", "properties": { "fid": 197383, "navn": "Veslvatnet", "hoyde_moh": 1384, "arealInnsjo_km2": 0.0854, "magasinKategori": null, "fid_2": 425, "id": 425, "left": 8.986919847, "top": 62.446110046000001, "right": 9.486919847, "bottom": 61.946110046000001, "row_index": 24, "col_index": 10, "tile_id": 425 }, "geometry": { "type": "MultiPolygon", "coordinates": [ [ [ [ 9.331524202497231, 62.2488658636141 ], [ 9.332532058345384, 62.248008817184029 ], [ 9.333902883574055, 62.247562052543323 ], [ 9.334070990316421, 62.247371448255386 ], [ 9.332964902960899, 62.24696493527054 ], [ 9.332626344881431, 62.246677971695469 ], [ 9.332502115145214, 62.246074929910314 ], [ 9.332126829354777, 62.245876473061401 ], [ 9.328867028713653, 62.246000529896612 ], [ 9.325502277076005, 62.244833287564809 ], [ 9.324974369308508, 62.24487032613969 ], [ 9.327492464471895, 62.246202885995302 ], [ 9.327753305329018, 62.246564989402962 ], [ 9.327937138370947, 62.247581480792576 ], [ 9.328213391798014, 62.247865993255012 ], [ 9.329479271897338, 62.248420053255892 ], [ 9.330140221539409, 62.248911691414271 ], [ 9.330956847910587, 62.24899618455639 ], [ 9.331524202497231, 62.2488658636141 ] ] ] ] } },
{ "type": "Feature", "properties": { "fid": 202365, "navn": "Buvatnet", "hoyde_moh": 834, "arealInnsjo_km2": 0.114, "magasinKategori": null, "fid_2": 425, "id": 425, "left": 8.986919847, "top": 62.446110046000001, "right": 9.486919847, "bottom": 61.946110046000001, "row_index": 24, "col_index": 10, "tile_id": 425 }, "geometry": { "type": "MultiPolygon", "coordinates": [ [ [ [ 9.048354387654827, 61.953200348824922 ], [ 9.048994377068965, 61.953012344173985 ], [ 9.04916584629413, 61.952597583523534 ], [ 9.049780378953304, 61.952445838750322 ], [ 9.052251243538572, 61.952862215547931 ], [ 9.055955422553341, 61.9527476637749 ], [ 9.057670465916427, 61.952872375388552 ], [ 9.058492461478552, 61.952710569213622 ], [ 9.060220684173558, 61.952889300784342 ], [ 9.063213152809086, 61.95258639364426 ], [ 9.063797134064792, 61.952610640405503 ], [ 9.064271976797993, 61.952839774395173 ], [ 9.066764985952858, 61.952797923331723 ], [ 9.067181466085772, 61.952561107858955 ], [ 9.065483342846822, 61.952513417770994 ], [ 9.062313013899432, 61.952058497947625 ], [ 9.060895760628568, 61.952058995192047 ], [ 9.059541601833899, 61.95177417736847 ], [ 9.057111608884188, 61.95194314295194 ], [ 9.055958575930777, 61.951771253240288 ], [ 9.054198227608772, 61.951828053874351 ], [ 9.052794689349719, 61.951599644411928 ], [ 9.052167120504969, 61.951846727557971 ], [ 9.050074569316097, 61.95200668068334 ], [ 9.047245972337931, 61.95277956221657 ], [ 9.041732439527674, 61.953222026474371 ], [ 9.040130251021942, 61.9536737581832 ], [ 9.040353126893223, 61.953921400666111 ], [ 9.041100923546805, 61.954015427705507 ], [ 9.048354387654827, 61.953200348824922 ] ] ] ] } },
{ "type": "Feature", "properties": { "fid": 202366, "navn": null, "hoyde_moh": 1314, "arealInnsjo_km2": 0.0175, "magasinKategori": null, "fid_2": 425, "id": 425, "left": 8.986919847, "top": 62.446110046000001, "right": 9.486919847, "bottom": 61.946110046000001, "row_index": 24, "col_index": 10, "tile_id": 425 }, "geometry": { "type": "MultiPolygon", "coordinates": [ [ [ [ 9.055505286994167, 61.990250807479306 ], [ 9.056641240419587, 61.990342144330292 ], [ 9.057714390700299, 61.990634421851723 ], [ 9.058248767197552, 61.990624292434624 ], [ 9.058435515230144, 61.990439592786991 ], [ 9.057867396245443, 61.990343190910068 ], [ 9.057547315915254, 61.990063926838182 ], [ 9.05415213825831, 61.989456957982725 ], [ 9.053243218982734, 61.990061957749894 ], [ 9.053320204185045, 61.990399597897714 ], [ 9.053959604083136, 61.990474071214145 ], [ 9.055505286994167, 61.990250807479306 ] ] ] ] } },
{ "type": "Feature", "properties": { "fid": 205418, "navn": "Horrtjørnin", "hoyde_moh": 942, "arealInnsjo_km2": 0.19, "magasinKategori": null, "fid_2": 425, "id": 425, "left": 8.986919847, "top": 62.446110046000001, "right": 9.486919847, "bottom": 61.946110046000001, "row_index": 24, "col_index": 10, "tile_id": 425 }, "geometry": { "type": "MultiPolygon", "coordinates": [ [ [ [ 9.255926914448246, 62.123855909910887 ], [ 9.257707079911276, 62.123824694548738 ], [ 9.258020936195708, 62.12354762567206 ], [ 9.258450325170983, 62.123441720117341 ], [ 9.258341776424434, 62.123291461326708 ], [ 9.257382652152456, 62.123035403840618 ], [ 9.257160761655207, 62.122786535681222 ], [ 9.258579743698769, 62.123192351758526 ], [ 9.259026227977571, 62.122980123258891 ], [ 9.259462380636011, 62.12298539996209 ], [ 9.260017371444892, 62.122627801763365 ], [ 9.260262557968268, 62.122215003424742 ], [ 9.259760989876247, 62.122054064532797 ], [ 9.259817199728845, 62.121876365154144 ], [ 9.259236744406667, 62.121499066232154 ], [ 9.259645983778563, 62.121052407177373 ], [ 9.258748883019795, 62.120746367075945 ], [ 9.255734606743916, 62.12109348658737 ], [ 9.253650093330874, 62.120916291571028 ], [ 9.249781020962244, 62.119919592782253 ], [ 9.248938088933105, 62.119353514279588 ], [ 9.246144084824262, 62.118519177401161 ], [ 9.242920922398737, 62.117975278816452 ], [ 9.242093176032407, 62.118073689482834 ], [ 9.242191632860933, 62.118308792412314 ], [ 9.243647182909729, 62.119012378651547 ], [ 9.243744480646136, 62.119303154373917 ], [ 9.246169712855245, 62.120373495224996 ], [ 9.247770916811136, 62.120393912601848 ], [ 9.250560242651122, 62.121209470846019 ], [ 9.252051645145798, 62.122094312065556 ], [ 9.252039461049847, 62.122404282755141 ], [ 9.253300416783004, 62.123203349001649 ], [ 9.253249995264298, 62.12357095959343 ], [ 9.254053191754448, 62.123539600844225 ], [ 9.255679918741478, 62.124062212687264 ], [ 9.255926914448246, 62.123855909910887 ] ] ] ] } },
{ "type": "Feature", "properties": { "fid": 205483, "navn": "Såttjønna", "hoyde_moh": 1283, "arealInnsjo_km2": 0.0783, "magasinKategori": null, "fid_2": 425, "id": 425, "left": 8.986919847, "top": 62.446110046000001, "right": 9.486919847, "bottom": 61.946110046000001, "row_index": 24, "col_index": 10, "tile_id": 425 }, "geometry": { "type": "MultiPolygon", "coordinates": [ [ [ [ 9.273738744690609, 62.399305935380482 ], [ 9.273668943224203, 62.398975482408666 ], [ 9.274108671561411, 62.398807815860266 ], [ 9.274547056865002, 62.398864957087106 ], [ 9.274552182501345, 62.398610238073005 ], [ 9.274872045441121, 62.398400810512463 ], [ 9.271658296883812, 62.396950785591244 ], [ 9.271174548684908, 62.397518378732862 ], [ 9.27010828108333, 62.397294803063502 ], [ 9.26925544489773, 62.396622733640875 ], [ 9.269299241820436, 62.396318298909073 ], [ 9.267243222407545, 62.396002901723449 ], [ 9.26719338951389, 62.395790291410691 ], [ 9.266845095094233, 62.39564601595297 ], [ 9.265981069779933, 62.395634827082432 ], [ 9.265138005987014, 62.396261830304518 ], [ 9.26564894584866, 62.396495733368283 ], [ 9.265711649771717, 62.396999275905955 ], [ 9.266068948224207, 62.397424423427793 ], [ 9.26396159986429, 62.397317683395812 ], [ 9.263686806363147, 62.397473857916005 ], [ 9.264302869406839, 62.397846505714931 ], [ 9.265285284506055, 62.39803884840336 ], [ 9.266310293991278, 62.39788268028007 ], [ 9.266580904368904, 62.397766476410609 ], [ 9.266447840856353, 62.397598409446601 ], [ 9.267081919607048, 62.397842881165325 ], [ 9.267546937901509, 62.397672948118064 ], [ 9.268042669695312, 62.397920616260059 ], [ 9.268756489724089, 62.397993105301808 ], [ 9.269233809738559, 62.397841948198462 ], [ 9.270389899085224, 62.397988669741693 ], [ 9.270782828264089, 62.397890107105653 ], [ 9.271089166644932, 62.398182700712098 ], [ 9.272099976992914, 62.398442778156358 ], [ 9.272964088000968, 62.39895325931068 ], [ 9.272925663093982, 62.399322998673753 ], [ 9.273738744690609, 62.399305935380482 ] ] ] ] } },
{ "type": "Feature", "properties": { "fid": 208015, "navn": null, "hoyde_moh": 1273, "arealInnsjo_km2": 0.0483, "magasinKategori": null, "fid_2": 425, "id": 425, "left": 8.986919847, "top": 62.446110046000001, "right": 9.486919847, "bottom": 61.946110046000001, "row_index": 24, "col_index": 10, "tile_id": 425 }, "geometry": { "type": "MultiPolygon", "coordinates": [ [ [ [ 9.409759281486489, 62.256159117799051 ], [ 9.409892621999257, 62.255767757208481 ], [ 9.409579834724491, 62.255633887177858 ], [ 9.409284741310085, 62.255094174603158 ], [ 9.406467933419728, 62.253677357033055 ], [ 9.406344680032701, 62.253280129501 ], [ 9.406445574523081, 62.252561907995187 ], [ 9.405742874907109, 62.252346115219801 ], [ 9.404957956795435, 62.252521672288971 ], [ 9.404615135552062, 62.253271066774218 ], [ 9.404233964277523, 62.253680576873379 ], [ 9.404604446274339, 62.254499490065079 ], [ 9.406264519594517, 62.254954243826589 ], [ 9.409258404823861, 62.256268587234231 ], [ 9.409759281486489, 62.256159117799051 ] ] ] ] } },
{ "type": "Feature", "properties": { "fid": 208017, "navn": null, "hoyde_moh": 1499, "arealInnsjo_km2": 0.175, "magasinKategori": null, "fid_2": 425, "id": 425, "left": 8.986919847, "top": 62.446110046000001, "right": 9.486919847, "bottom": 61.946110046000001, "row_index": 24, "col_index": 10, "tile_id": 425 }, "geometry": { "type": "MultiPolygon", "coordinates": [ [ [ [ 9.224068466341031, 62.298552883137106 ], [ 9.224606764421804, 62.298195251278521 ], [ 9.224543147532165, 62.297988158458722 ], [ 9.225668373008741, 62.297531570599666 ], [ 9.225862520159, 62.297213782711559 ], [ 9.225626193075543, 62.296675051618827 ], [ 9.225607403963823, 62.296011614976756 ], [ 9.226443650488491, 62.295090525964085 ], [ 9.227593528263474, 62.294395315485751 ], [ 9.228805897607167, 62.29390885088177 ], [ 9.228923941536513, 62.293701047182559 ], [ 9.230883507407915, 62.292967977382069 ], [ 9.231354730762359, 62.29258313523497 ], [ 9.231320540606651, 62.292443077945698 ], [ 9.229396097885038, 62.292675653914429 ], [ 9.22703788606634, 62.293340146753266 ], [ 9.223468186550598, 62.293818152499036 ], [ 9.222299421989772, 62.294185041283384 ], [ 9.221709999900792, 62.294530267656633 ], [ 9.221299208961081, 62.295002133908156 ], [ 9.218055635481042, 62.296480984273245 ], [ 9.218120293834032, 62.296820998770933 ], [ 9.219685973023569, 62.29713822191566 ], [ 9.219888008006052, 62.297411588832368 ], [ 9.220945139868961, 62.297979174787166 ], [ 9.222271661142063, 62.298316726607318 ], [ 9.222464456105941, 62.298505622439677 ], [ 9.224068466341031, 62.298552883137106 ] ] ] ] } },
{ "type": "Feature", "properties": { "fid": 208018, "navn": "Leirpullan", "hoyde_moh": 1436, "arealInnsjo_km2": 0.0576, "magasinKategori": null, "fid_2": 425, "id": 425, "left": 8.986919847, "top": 62.446110046000001, "right": 9.486919847, "bottom": 61.946110046000001, "row_index": 24, "col_index": 10, "tile_id": 425 }, "geometry": { "type": "MultiPolygon", "coordinates": [ [ [ [ 9.313045111469528, 62.342991525046436 ], [ 9.315669225796281, 62.342756231337994 ], [ 9.316372461395998, 62.342814755302001 ], [ 9.316987481549198, 62.343069942185458 ], [ 9.319314474062324, 62.343206764360218 ], [ 9.319736896673865, 62.343120458960158 ], [ 9.319860314391391, 62.342800293787214 ], [ 9.319561312575097, 62.342632864709259 ], [ 9.318499086354011, 62.342658037142762 ], [ 9.317818161389987, 62.342424640881063 ], [ 9.31734871849962, 62.342452575075839 ], [ 9.317005212094923, 62.342189071893735 ], [ 9.316555833591076, 62.342121420441167 ], [ 9.315791598015194, 62.342423423720277 ], [ 9.314746056965467, 62.342376969688921 ], [ 9.313542046216826, 62.341755300394439 ], [ 9.31351365504824, 62.341203789055299 ], [ 9.312871133933228, 62.340985713127992 ], [ 9.311930945584489, 62.341225121359813 ], [ 9.310268468863889, 62.341323906346567 ], [ 9.309021887734779, 62.341161682513324 ], [ 9.307616152849841, 62.341471523601527 ], [ 9.307571084888462, 62.341625219446307 ], [ 9.308069642130381, 62.341767201016886 ], [ 9.308132437935503, 62.34193207473934 ], [ 9.308589316736091, 62.341635862389133 ], [ 9.30891564482171, 62.341778334303889 ], [ 9.309254266699492, 62.341555220164871 ], [ 9.3094187452939, 62.341783224845464 ], [ 9.31015536633941, 62.341613704041791 ], [ 9.310252765636243, 62.341710594827688 ], [ 9.309876890290186, 62.341817864317271 ], [ 9.310189027188354, 62.341895390355177 ], [ 9.309882252690249, 62.342113962318649 ], [ 9.309669983865509, 62.342107053850746 ], [ 9.309556134905806, 62.341895889263753 ], [ 9.309392419104814, 62.342044267332739 ], [ 9.309447757295663, 62.342315771635228 ], [ 9.308438256209339, 62.342424223411278 ], [ 9.306757072166894, 62.342906474446771 ], [ 9.307354572767879, 62.34291605697809 ], [ 9.308343024692192, 62.342638151089403 ], [ 9.309089326198423, 62.34278696423091 ], [ 9.308901174716027, 62.342597954406159 ], [ 9.309636358743635, 62.342469783439924 ], [ 9.310168739569361, 62.342083858725687 ], [ 9.310751088359117, 62.341894683505942 ], [ 9.311168153422255, 62.34205293366891 ], [ 9.310697051237106, 62.341976360425356 ], [ 9.310349535256783, 62.342163737328491 ], [ 9.310978590145314, 62.342273254978601 ], [ 9.311098740309443, 62.342267651566836 ], [ 9.311001726517095, 62.342153404524893 ], [ 9.311363277391678, 62.342133848648466 ], [ 9.311707892986522, 62.342474915237318 ], [ 9.311518946026647, 62.342637923315195 ], [ 9.311924031137172, 62.342714486424065 ], [ 9.312043211222131, 62.342536464768088 ], [ 9.312238839205927, 62.34264944414349 ], [ 9.311865916517542, 62.34284316408533 ], [ 9.309596902596988, 62.342678618841077 ], [ 9.311529834466311, 62.34293865811474 ], [ 9.311923158667893, 62.343275150465963 ], [ 9.312423292183965, 62.343330495738044 ], [ 9.313045111469528, 62.342991525046436 ] ], [ [ 9.311805338130066, 62.34203289018145 ], [ 9.311319569368935, 62.341901978938914 ], [ 9.31124135680688, 62.341740705517658 ], [ 9.312596869082371, 62.341619869397505 ], [ 9.312475177310741, 62.341830553556036 ], [ 9.311805338130066, 62.34203289018145 ] ], [ [ 9.313533689875278, 62.342538262015012 ], [ 9.313111344962987, 62.342225068453054 ], [ 9.31275562461726, 62.342323090438498 ], [ 9.312520669349237, 62.342194906928832 ], [ 9.312746186958931, 62.342115670447882 ], [ 9.312318003058188, 62.341975152245823 ], [ 9.31286821482184, 62.341960358671699 ], [ 9.313157325389614, 62.341768420872938 ], [ 9.313488006933202, 62.342064624194464 ], [ 9.313628571966092, 62.34250866677737 ], [ 9.313936493755548, 62.342591141867743 ], [ 9.313429843172424, 62.342621228172199 ], [ 9.313533689875278, 62.342538262015012 ] ] ] ] } },
{ "type": "Feature", "properties": { "fid": 209952, "navn": "Langvatnet", "hoyde_moh": 845, "arealInnsjo_km2": 0.0307, "magasinKategori": null, "fid_2": 425, "id": 425, "left": 8.986919847, "top": 62.446110046000001, "right": 9.486919847, "bottom": 61.946110046000001, "row_index": 24, "col_index": 10, "tile_id": 425 }, "geometry": { "type": "MultiPolygon", "coordinates": [ [ [ [ 9.021332117584972, 61.955987864568151 ], [ 9.02507517832141, 61.955291281082495 ], [ 9.027568491337213, 61.95506538512511 ], [ 9.027866676621695, 61.954990919958327 ], [ 9.027894056391931, 61.954845434940864 ], [ 9.027601104424006, 61.954451468736693 ], [ 9.026984908266318, 61.954334906851798 ], [ 9.026548179166612, 61.954454758455164 ], [ 9.026472910867133, 61.954700086511451 ], [ 9.02615508206118, 61.954862023928179 ], [ 9.024673130504452, 61.954704017822749 ], [ 9.021747550827486, 61.955261667955682 ], [ 9.020827030326961, 61.955580957221002 ], [ 9.017892524899976, 61.955748984149857 ], [ 9.017509352037322, 61.955958030563394 ], [ 9.021332117584972, 61.955987864568151 ] ] ] ] } },
{ "type": "Feature", "properties": { "fid": 211091, "navn": null, "hoyde_moh": 1559, "arealInnsjo_km2": 0.0586, "magasinKategori": null, "fid_2": 425, "id": 425, "left": 8.986919847, "top": 62.446110046000001, "right": 9.486919847, "bottom": 61.946110046000001, "row_index": 24, "col_index": 10, "tile_id": 425 }, "geometry": { "type": "MultiPolygon", "coordinates": [ [ [ [ 9.453041011179552, 62.353039423848358 ], [ 9.453418624230123, 62.352755172794843 ], [ 9.452694820031088, 62.352175785177401 ], [ 9.45104933879098, 62.351899833615676 ], [ 9.451047768956295, 62.351726336763001 ], [ 9.451551648514595, 62.351296746970469 ], [ 9.451322324432542, 62.350784374564775 ], [ 9.450632015176829, 62.35057046183374 ], [ 9.449566043802699, 62.35066480569013 ], [ 9.448448680847655, 62.351382511515325 ], [ 9.447403485791261, 62.351760638720606 ], [ 9.447928323867723, 62.352286464605839 ], [ 9.448862441081681, 62.352635517834621 ], [ 9.44942749706461, 62.353376251182908 ], [ 9.450760361725422, 62.353714329763541 ], [ 9.453041011179552, 62.353039423848358 ] ] ] ] } },
{ "type": "Feature", "properties": { "fid": 211106, "navn": "Fisktjønna", "hoyde_moh": 1504, "arealInnsjo_km2": 0.1755, "magasinKategori": null, "fid_2": 425, "id": 425, "left": 8.986919847, "top": 62.446110046000001, "right": 9.486919847, "bottom": 61.946110046000001, "row_index": 24, "col_index": 10, "tile_id": 425 }, "geometry": { "type": "MultiPolygon", "coordinates": [ [ [ [ 9.358460524957202, 62.327469568022039 ], [ 9.359520160195379, 62.327525910030346 ], [ 9.361157462599149, 62.327047135552142 ], [ 9.361484718835923, 62.327148024085993 ], [ 9.362466924630617, 62.326829633953182 ], [ 9.363498409530138, 62.32683691615982 ], [ 9.363516736767778, 62.326507685159726 ], [ 9.364226012720987, 62.32632328395507 ], [ 9.36436508000275, 62.326129024944187 ], [ 9.365308856076672, 62.326067382253818 ], [ 9.3657489453349, 62.325755111361843 ], [ 9.364583771519142, 62.324975348072556 ], [ 9.363338333732985, 62.324384120989848 ], [ 9.361227663204332, 62.323995229960396 ], [ 9.35955765720324, 62.324149713301367 ], [ 9.359329862321074, 62.324378342594642 ], [ 9.355939472524851, 62.324646040324986 ], [ 9.353502291526597, 62.325146994328982 ], [ 9.351792038930608, 62.325313159630227 ], [ 9.35260074318364, 62.325576350427575 ], [ 9.352432360128642, 62.326331883253033 ], [ 9.353853916854927, 62.326791857954078 ], [ 9.354780502463305, 62.326557575437661 ], [ 9.356484475031509, 62.326670868504976 ], [ 9.356779739387608, 62.326832663771683 ], [ 9.356465685275774, 62.327561657269186 ], [ 9.358142785807008, 62.327700837395753 ], [ 9.358460524957202, 62.327469568022039 ] ] ] ] } },
{ "type": "Feature", "properties": { "fid": 211107, "navn": "Stroplsjøen", "hoyde_moh": 1286, "arealInnsjo_km2": 0.1591, "magasinKategori": null, "fid_2": 425, "id": 425, "left": 8.986919847, "top": 62.446110046000001, "right": 9.486919847, "bottom": 61.946110046000001, "row_index": 24, "col_index": 10, "tile_id": 425 }, "geometry": { "type": "MultiPolygon", "coordinates": [ [ [ [ 9.417683177054986, 62.336172813870554 ], [ 9.418504727298972, 62.33619147785388 ], [ 9.41897821450816, 62.335935656907807 ], [ 9.42030852890297, 62.334723445413111 ], [ 9.42065775928609, 62.334190626176692 ], [ 9.421176216765433, 62.333950829089396 ], [ 9.42175870898007, 62.333987940264166 ], [ 9.422031638174911, 62.333619548177353 ], [ 9.422542976251483, 62.333489715898061 ], [ 9.423191443487536, 62.333047140100156 ], [ 9.424966153949629, 62.332487023897301 ], [ 9.425438301236804, 62.332468921867203 ], [ 9.425717384969316, 62.332221197450977 ], [ 9.424889971723733, 62.331915043380988 ], [ 9.423846890150461, 62.332283796372572 ], [ 9.421853200809968, 62.332553916096302 ], [ 9.420967868600448, 62.332933764428326 ], [ 9.419166173166539, 62.332911314674 ], [ 9.416856185594881, 62.333292303129397 ], [ 9.415527130706769, 62.333185687676711 ], [ 9.415055821978024, 62.333496397373075 ], [ 9.413011156475095, 62.33403084781505 ], [ 9.411093669977552, 62.335191074289192 ], [ 9.411516063940537, 62.335771530507131 ], [ 9.412567588890306, 62.336165099069049 ], [ 9.416200149656099, 62.33643389272892 ], [ 9.417683177054986, 62.336172813870554 ] ] ] ] } },
{ "type": "Feature", "properties": { "fid": 211506, "navn": "Tjønngluptjønnin", "hoyde_moh": 1353, "arealInnsjo_km2": 0.2953, "magasinKategori": null, "fid_2": 425, "id": 425, "left": 8.986919847, "top": 62.446110046000001, "right": 9.486919847, "bottom": 61.946110046000001, "row_index": 24, "col_index": 10, "tile_id": 425 }, "geometry": { "type": "MultiPolygon", "coordinates": [ [ [ [ 9.392547088007426, 62.41957782901045 ], [ 9.392547998962613, 62.419192364913762 ], [ 9.393007728710373, 62.419220005265949 ], [ 9.393264444028091, 62.419516405488665 ], [ 9.394044403019151, 62.419211334397673 ], [ 9.394917256480232, 62.419314317627069 ], [ 9.395125771053438, 62.419124802226847 ], [ 9.396631848212888, 62.419300205875274 ], [ 9.397223212858263, 62.419122793819938 ], [ 9.39758290610928, 62.418835052359931 ], [ 9.39846291811762, 62.418665851634138 ], [ 9.39895557492965, 62.418339723415286 ], [ 9.401104346171348, 62.418404261450434 ], [ 9.402489414245284, 62.418061960146765 ], [ 9.403094523763279, 62.418081292136989 ], [ 9.403855986418719, 62.417740502612553 ], [ 9.403715477381013, 62.417604605218592 ], [ 9.403789504891117, 62.417274653412754 ], [ 9.402866260743858, 62.417042966624528 ], [ 9.402000672813505, 62.416560588038578 ], [ 9.401435222399963, 62.416548338575183 ], [ 9.400447578258465, 62.416063911787859 ], [ 9.3994944618078, 62.41581587584831 ], [ 9.397977865766205, 62.416357968159289 ], [ 9.397077921604355, 62.416898808383081 ], [ 9.395518444943402, 62.417372992685316 ], [ 9.394049799324582, 62.417151740248876 ], [ 9.393070748546204, 62.416486510326294 ], [ 9.391498789079542, 62.415756029401742 ], [ 9.391577153142034, 62.414822486388317 ], [ 9.39093393510862, 62.414590856526786 ], [ 9.390979409133443, 62.414083880636355 ], [ 9.390126143206796, 62.413331534960555 ], [ 9.389790285102151, 62.413282421681757 ], [ 9.389386686083389, 62.413602393167423 ], [ 9.386106036380671, 62.412674845722606 ], [ 9.38519063595003, 62.412579441974486 ], [ 9.384416405333942, 62.412526010826923 ], [ 9.383854913932003, 62.41274300762224 ], [ 9.382963333320825, 62.412821367304709 ], [ 9.381765258415866, 62.412403354757039 ], [ 9.381713431530311, 62.411889292640204 ], [ 9.380690025997094, 62.411724414733882 ], [ 9.380903986579732, 62.411610386735603 ], [ 9.38082912550672, 62.411518250983846 ], [ 9.380024480620884, 62.411436831777252 ], [ 9.380031054307372, 62.411710452939055 ], [ 9.380790448463088, 62.412241073161489 ], [ 9.381582568605442, 62.412529629639508 ], [ 9.38236101874879, 62.413119155630469 ], [ 9.383403109997657, 62.413277844249144 ], [ 9.383662706961799, 62.413530279109445 ], [ 9.383399783529851, 62.413773653965301 ], [ 9.384802718820975, 62.414441510201073 ], [ 9.38493024572589, 62.414768891904281 ], [ 9.387014355777598, 62.415579277463053 ], [ 9.387363494967204, 62.415889505469728 ], [ 9.387255369042215, 62.41614066985241 ], [ 9.390128877409627, 62.417636430259023 ], [ 9.391346808386434, 62.418618338143055 ], [ 9.39185688213802, 62.418377722648302 ], [ 9.392230294881346, 62.418524922376683 ], [ 9.392634679063736, 62.418848434707535 ], [ 9.392025629023479, 62.419323668223626 ], [ 9.392161664991132, 62.419537974586426 ], [ 9.391968302231398, 62.419608387964921 ], [ 9.392573457527437, 62.419866556041107 ], [ 9.392735341822023, 62.419788031154674 ], [ 9.392547088007426, 62.41957782901045 ] ], [ [ 9.390641103259878, 62.416059836847104 ], [ 9.391051305140202, 62.416231117695339 ], [ 9.390673500419004, 62.416307044777461 ], [ 9.390494717976884, 62.416232682225655 ], [ 9.390641103259878, 62.416059836847104 ] ] ] ] } },
{ "type": "Feature", "properties": { "fid": 211507, "navn": null, "hoyde_moh": 1345, "arealInnsjo_km2": 0.0385, "magasinKategori": null, "fid_2": 425, "id": 425, "left": 8.986919847, "top": 62.446110046000001, "right": 9.486919847, "bottom": 61.946110046000001, "row_index": 24, "col_index": 10, "tile_id": 425 }, "geometry": { "type": "MultiPolygon", "coordinates": [ [ [ [ 9.251314616034151, 62.415300653360525 ], [ 9.252488204635849, 62.415432206918666 ], [ 9.252954814156778, 62.415345736130057 ], [ 9.252987057121898, 62.415182153750514 ], [ 9.25193614147549, 62.414945765436812 ], [ 9.251381752047017, 62.415179743977852 ], [ 9.250760494167981, 62.414849229138099 ], [ 9.247695019562801, 62.414989068876089 ], [ 9.246858526960711, 62.414784563749812 ], [ 9.246436629147029, 62.414466424255714 ], [ 9.245218680989238, 62.414536246215903 ], [ 9.244788978762532, 62.414642674399886 ], [ 9.244831357188609, 62.414792513606429 ], [ 9.24260526417441, 62.414605757600071 ], [ 9.241083060344707, 62.414689940817048 ], [ 9.241094881455119, 62.415062666847959 ], [ 9.241582646941056, 62.415207023441262 ], [ 9.24744578437973, 62.415358994694557 ], [ 9.249167289212334, 62.415572675648839 ], [ 9.251314616034151, 62.415300653360525 ] ] ] ] } },
{ "type": "Feature", "properties": { "fid": 213227, "navn": "Ryddølstjønne", "hoyde_moh": 1058, "arealInnsjo_km2": 0.1708, "magasinKategori": null, "fid_2": 425, "id": 425, "left": 8.986919847, "top": 62.446110046000001, "right": 9.486919847, "bottom": 61.946110046000001, "row_index": 24, "col_index": 10, "tile_id": 425 }, "geometry": { "type": "MultiPolygon", "coordinates": [ [ [ [ 9.41430313031349, 61.982593311700121 ], [ 9.413978893281003, 61.982408501183016 ], [ 9.414156449984411, 61.982341728626103 ], [ 9.414136487267639, 61.981942822889373 ], [ 9.414583351615665, 61.981544877200314 ], [ 9.414325213152965, 61.981334580085608 ], [ 9.414695388696028, 61.98120227606654 ], [ 9.414435306088928, 61.981094326510615 ], [ 9.414771155546136, 61.980860271941204 ], [ 9.414674381672702, 61.98058695475229 ], [ 9.415026111539314, 61.980238157653261 ], [ 9.414469333817332, 61.980224994429335 ], [ 9.413329677227749, 61.979676917817606 ], [ 9.412557925084403, 61.979991814284887 ], [ 9.411686470165575, 61.979155350751824 ], [ 9.411101056849532, 61.979345142895468 ], [ 9.410670264008509, 61.979009552524829 ], [ 9.409914128655091, 61.979040380251604 ], [ 9.409767918916769, 61.978829222753731 ], [ 9.408895329948253, 61.978475484824202 ], [ 9.408669606993529, 61.977978653670199 ], [ 9.408958732017819, 61.977802207098343 ], [ 9.409861364170908, 61.977749529350326 ], [ 9.409925027959758, 61.977545553742075 ], [ 9.409691756405802, 61.97767935984136 ], [ 9.40882152187552, 61.97761085546631 ], [ 9.406229790246917, 61.978060066245689 ], [ 9.405600131613603, 61.978777812911986 ], [ 9.405524101897349, 61.979336179471161 ], [ 9.406173027293612, 61.980034565884814 ], [ 9.405919386836523, 61.980320638822683 ], [ 9.406079647628186, 61.980400063265456 ], [ 9.405950095064521, 61.980612608497097 ], [ 9.40604278516464, 61.980773440097373 ], [ 9.406661127634727, 61.981141875984903 ], [ 9.406602196880554, 61.981470882154191 ], [ 9.407625172052523, 61.981856130359851 ], [ 9.407613179852174, 61.982019273939898 ], [ 9.413933029634022, 61.982798072789429 ], [ 9.41430313031349, 61.982593311700121 ] ] ] ] } },
{ "type": "Feature", "properties": { "fid": 214555, "navn": null, "hoyde_moh": 1598, "arealInnsjo_km2": 0.0149, "magasinKategori": null, "fid_2": 425, "id": 425, "left": 8.986919847, "top": 62.446110046000001, "right": 9.486919847, "bottom": 61.946110046000001, "row_index": 24, "col_index": 10, "tile_id": 425 }, "geometry": { "type": "MultiPolygon", "coordinates": [ [ [ [ 9.238276346347405, 62.262011821156683 ], [ 9.238663651404593, 62.261840068922304 ], [ 9.238365581898123, 62.261459385670449 ], [ 9.23772652100949, 62.261294059799205 ], [ 9.236386527252098, 62.261223864160733 ], [ 9.235151205395526, 62.261547627337393 ], [ 9.235136848189478, 62.261714198988102 ], [ 9.235828553069249, 62.262287995350697 ], [ 9.238276346347405, 62.262011821156683 ] ] ] ] } },
{ "type": "Feature", "properties": { "fid": 215007, "navn": "Vesltjønn", "hoyde_moh": 947, "arealInnsjo_km2": 0.0608, "magasinKategori": null, "fid_2": 425, "id": 425, "left": 8.986919847, "top": 62.446110046000001, "right": 9.486919847, "bottom": 61.946110046000001, "row_index": 24, "col_index": 10, "tile_id": 425 }, "geometry": { "type": "MultiPolygon", "coordinates": [ [ [ [ 9.25176370661897, 62.133288704675792 ], [ 9.252680921518092, 62.132976553047214 ], [ 9.252014103747106, 62.132682679496888 ], [ 9.252835705555725, 62.132208739962351 ], [ 9.250482769424599, 62.130907872745233 ], [ 9.249595151838639, 62.130618647883466 ], [ 9.24814107441677, 62.130698382284123 ], [ 9.2478269576988, 62.130951657426351 ], [ 9.247059747720309, 62.131102052881893 ], [ 9.247937749683254, 62.132456732520282 ], [ 9.248858424305759, 62.132894887633533 ], [ 9.248946547492027, 62.133207059313911 ], [ 9.250304509975335, 62.133450350553161 ], [ 9.25176370661897, 62.133288704675792 ] ] ] ] } },
{ "type": "Feature", "properties": { "fid": 215010, "navn": "Korpehaugtjønne", "hoyde_moh": 1217, "arealInnsjo_km2": 0.0471, "magasinKategori": null, "fid_2": 425, "id": 425, "left": 8.986919847, "top": 62.446110046000001, "right": 9.486919847, "bottom": 61.946110046000001, "row_index": 24, "col_index": 10, "tile_id": 425 }, "geometry": { "type": "MultiPolygon", "coordinates": [ [ [ [ 9.223659462083036, 62.197641541640351 ], [ 9.223554855305181, 62.197410943049931 ], [ 9.223722732710243, 62.197232783973114 ], [ 9.224652221357514, 62.196957093263762 ], [ 9.225022407443484, 62.196490314029468 ], [ 9.224049143900364, 62.196264193049004 ], [ 9.222924388885545, 62.19570729095603 ], [ 9.22165781501756, 62.195809264956416 ], [ 9.220368784703643, 62.195639230141396 ], [ 9.21924521730053, 62.195840606771348 ], [ 9.218751508817494, 62.196432558551656 ], [ 9.2195995306566, 62.197038416576113 ], [ 9.223484212894425, 62.197733421210366 ], [ 9.223659462083036, 62.197641541640351 ] ] ] ] } },
{ "type": "Feature", "properties": { "fid": 218120, "navn": "Haukskardtjørni", "hoyde_moh": 1089, "arealInnsjo_km2": 0.2258, "magasinKategori": null, "fid_2": 425, "id": 425, "left": 8.986919847, "top": 62.446110046000001, "right": 9.486919847, "bottom": 61.946110046000001, "row_index": 24, "col_index": 10, "tile_id": 425 }, "geometry": { "type": "MultiPolygon", "coordinates": [ [ [ [ 9.422208556275582, 62.152282445322975 ], [ 9.423248642943451, 62.152256412555197 ], [ 9.425142687544788, 62.152382038337421 ], [ 9.427069456039957, 62.152732979274532 ], [ 9.428394743423333, 62.151889568432068 ], [ 9.426322890538977, 62.151502456963549 ], [ 9.425129405345881, 62.150878246202439 ], [ 9.423497573354918, 62.150396618765882 ], [ 9.42234849554835, 62.150430849421191 ], [ 9.420462821690178, 62.150035504777001 ], [ 9.41889957149259, 62.150096711397019 ], [ 9.417197627484022, 62.149765180097418 ], [ 9.414247105629, 62.149471505015043 ], [ 9.412808970074325, 62.149449138202478 ], [ 9.411574156774938, 62.14969843284787 ], [ 9.41087024399779, 62.150017722203096 ], [ 9.410299834499803, 62.149738924108412 ], [ 9.409107517762163, 62.149529537694214 ], [ 9.40789010301836, 62.149581671588038 ], [ 9.407040572501844, 62.150344535106598 ], [ 9.407314175078527, 62.150633376693634 ], [ 9.407989771868451, 62.150821941274941 ], [ 9.408207812596961, 62.151111680630258 ], [ 9.408124670522117, 62.151552673200499 ], [ 9.408505878562073, 62.15167287810398 ], [ 9.409540962625304, 62.15160111338372 ], [ 9.409819741420936, 62.15147631152918 ], [ 9.410036635337999, 62.151121288963765 ], [ 9.411208248685526, 62.150998786155377 ], [ 9.413382881608239, 62.151238900526408 ], [ 9.415670558820496, 62.152226095861685 ], [ 9.42067948328042, 62.152646662518514 ], [ 9.422208556275582, 62.152282445322975 ] ] ] ] } },
{ "type": "Feature", "properties": { "fid": 218121, "navn": "Vålåsjøen", "hoyde_moh": 936, "arealInnsjo_km2": 1.2585, "magasinKategori": null, "fid_2": 425, "id": 425, "left": 8.986919847, "top": 62.446110046000001, "right": 9.486919847, "bottom": 61.946110046000001, "row_index": 24, "col_index": 10, "tile_id": 425 }, "geometry": { "type": "MultiPolygon", "coordinates": [ [ [ [ 9.408021109333765, 62.177378767304297 ], [ 9.409609426374999, 62.177193188127077 ], [ 9.410740777597804, 62.176832945396207 ], [ 9.412366819871561, 62.176885396805822 ], [ 9.41524292340493, 62.176232229730267 ], [ 9.416345213936115, 62.175830716990923 ], [ 9.416873401346228, 62.175869073856909 ], [ 9.41726302559713, 62.176251679828773 ], [ 9.418434316954452, 62.176325556193007 ], [ 9.418919586270531, 62.176528410368469 ], [ 9.420740641208219, 62.176328886599855 ], [ 9.42118179428415, 62.176126639021966 ], [ 9.4217627812698, 62.176291945553352 ], [ 9.423285673979947, 62.17590826141258 ], [ 9.424076305293728, 62.175117890595502 ], [ 9.423877201971392, 62.174866752174282 ], [ 9.422705165676589, 62.17486804461538 ], [ 9.422046022589367, 62.174469353613155 ], [ 9.419858489469071, 62.174077247240149 ], [ 9.418974770981244, 62.174034439275388 ], [ 9.417765287543176, 62.17431337205965 ], [ 9.416347747300845, 62.174160771249177 ], [ 9.415420805774312, 62.17370837916787 ], [ 9.414795510499381, 62.173740344142381 ], [ 9.413905653906818, 62.174037745880753 ], [ 9.407101566482485, 62.172975710535773 ], [ 9.405252147900278, 62.172927735270818 ], [ 9.40120797646275, 62.172375691940751 ], [ 9.393257848656487, 62.171812930199856 ], [ 9.383937345021311, 62.170460608499319 ], [ 9.382120846063213, 62.17008026537399 ], [ 9.381484600452019, 62.169544220332291 ], [ 9.378835024201232, 62.168842095304306 ], [ 9.377483013302838, 62.168669516575022 ], [ 9.377194435708535, 62.168952818152441 ], [ 9.377452575671349, 62.169235152336967 ], [ 9.377247075170519, 62.169220126612124 ], [ 9.375461177281291, 62.168196743361293 ], [ 9.374880926053832, 62.168047101431043 ], [ 9.37479699715306, 62.168277526586785 ], [ 9.374524218711203, 62.168287839428082 ], [ 9.373222988334362, 62.167655989211745 ], [ 9.372541550927481, 62.167699244657435 ], [ 9.372891547168946, 62.167389201138896 ], [ 9.373826408389533, 62.167264818076028 ], [ 9.372604464311244, 62.166585874834233 ], [ 9.370908402451132, 62.166386428152897 ], [ 9.370418454804588, 62.166612814647927 ], [ 9.369484729811891, 62.16672182915395 ], [ 9.368134855611219, 62.166708828427929 ], [ 9.367006421484847, 62.166511775177455 ], [ 9.366986947024573, 62.166725563846789 ], [ 9.368284693220856, 62.16724104356377 ], [ 9.368770792953965, 62.167858165614604 ], [ 9.369289499400503, 62.16807031212128 ], [ 9.369391585195784, 62.168286805862031 ], [ 9.368726718654754, 62.16865502263429 ], [ 9.368612964659459, 62.168358664231576 ], [ 9.366844105541619, 62.167766820107573 ], [ 9.366320169751615, 62.167911968863976 ], [ 9.366286440902185, 62.168128866599758 ], [ 9.365933555246547, 62.16842095583408 ], [ 9.366456322089746, 62.16860303566974 ], [ 9.366633024592039, 62.168911684812997 ], [ 9.368219217541462, 62.168859625020232 ], [ 9.368373314098655, 62.169225585796319 ], [ 9.368838180823474, 62.169658401667014 ], [ 9.370529811319079, 62.170015744508547 ], [ 9.370662258400349, 62.170585770559605 ], [ 9.372046531045028, 62.170918145311916 ], [ 9.37212903545989, 62.171247069879364 ], [ 9.372480611084054, 62.17146076352347 ], [ 9.376682272993568, 62.172423408184777 ], [ 9.377254808340124, 62.172920969425277 ], [ 9.378097564318686, 62.173070750582532 ], [ 9.37896920007212, 62.173454283584199 ], [ 9.379500808264304, 62.173476993774088 ], [ 9.380036603253322, 62.173278631418917 ], [ 9.380201593904774, 62.173492813003101 ], [ 9.380777883928529, 62.17367683079776 ], [ 9.382949080415186, 62.174052886615598 ], [ 9.383558087721189, 62.174409957837852 ], [ 9.383747074542571, 62.174860661131319 ], [ 9.385430629295827, 62.1749739176175 ], [ 9.385661064657834, 62.175146017050935 ], [ 9.385727094121615, 62.175518813187963 ], [ 9.386217132958265, 62.175675178870307 ], [ 9.38705912785961, 62.175782027073794 ], [ 9.388932993825156, 62.17556166177603 ], [ 9.389504450594734, 62.175947241212555 ], [ 9.390121402068107, 62.175951322941962 ], [ 9.390567979139751, 62.176262970635499 ], [ 9.391691727472544, 62.176318944126621 ], [ 9.393119392629858, 62.176704248617959 ], [ 9.394594506867891, 62.176860143944985 ], [ 9.397794687735013, 62.176824514130644 ], [ 9.399819652508169, 62.177162679666786 ], [ 9.401349150941133, 62.176892724184526 ], [ 9.403048200422779, 62.177343822578308 ], [ 9.408021109333765, 62.177378767304297 ] ] ] ] } },
{ "type": "Feature", "properties": { "fid": 218123, "navn": "Storslågåvatnet", "hoyde_moh": 1226, "arealInnsjo_km2": 0.075, "magasinKategori": null, "fid_2": 425, "id": 425, "left": 8.986919847, "top": 62.446110046000001, "right": 9.486919847, "bottom": 61.946110046000001, "row_index": 24, "col_index": 10, "tile_id": 425 }, "geometry": { "type": "MultiPolygon", "coordinates": [ [ [ [ 9.267639815823671, 62.203430296865093 ], [ 9.268119490498732, 62.2031833743522 ], [ 9.269092904446662, 62.20324813152488 ], [ 9.270408398239413, 62.202975450848463 ], [ 9.270219798660685, 62.202777154467633 ], [ 9.270516320827291, 62.202271661516157 ], [ 9.270083330137487, 62.202129127483218 ], [ 9.270215843015979, 62.201636730148977 ], [ 9.269100724004854, 62.201106020560943 ], [ 9.264747444238738, 62.200683120481145 ], [ 9.263718720913392, 62.200843691888757 ], [ 9.263997860161176, 62.201214181316452 ], [ 9.264451750892217, 62.201368225181135 ], [ 9.264396035739889, 62.201628677779048 ], [ 9.264574514414354, 62.202022804254284 ], [ 9.265369759343265, 62.202167783897259 ], [ 9.265540109095387, 62.203403245329035 ], [ 9.26591354655573, 62.203609576885462 ], [ 9.266511163516366, 62.203656781613056 ], [ 9.267639815823671, 62.203430296865093 ] ] ] ] } },
{ "type": "Feature", "properties": { "fid": 218547, "navn": "Langtjønne", "hoyde_moh": 1207, "arealInnsjo_km2": 0.0695, "magasinKategori": null, "fid_2": 425, "id": 425, "left": 8.986919847, "top": 62.446110046000001, "right": 9.486919847, "bottom": 61.946110046000001, "row_index": 24, "col_index": 10, "tile_id": 425 }, "geometry": { "type": "MultiPolygon", "coordinates": [ [ [ [ 9.474975708355288, 61.951487332776658 ], [ 9.475343576371596, 61.951049959268978 ], [ 9.475554494129403, 61.949670181911728 ], [ 9.475290973346373, 61.948568333216933 ], [ 9.475461060042775, 61.948225609460245 ], [ 9.47575692860868, 61.948183143290557 ], [ 9.47518312459766, 61.947687303244329 ], [ 9.475366453373629, 61.946923550174517 ], [ 9.475662797271085, 61.946673832789429 ], [ 9.475641907790019, 61.946221821053783 ], [ 9.475472046374486, 61.946110046 ], [ 9.473636611170292, 61.946110046 ], [ 9.473770242747129, 61.946344114424789 ], [ 9.473660075612962, 61.947037188240799 ], [ 9.474393190081058, 61.947952723960292 ], [ 9.47403925658184, 61.949387500364942 ], [ 9.474224698298507, 61.949661178507306 ], [ 9.474198065342888, 61.950358331547918 ], [ 9.473938923152142, 61.950623943127447 ], [ 9.472950606008098, 61.950945821327394 ], [ 9.472087946070909, 61.951460938863065 ], [ 9.473691190504212, 61.951922769447322 ], [ 9.474975708355288, 61.951487332776658 ] ], [ [ 9.474592810100633, 61.951108337041745 ], [ 9.474814112887886, 61.951125244423324 ], [ 9.474551639029535, 61.951304862792391 ], [ 9.47442843140661, 61.951191728551457 ], [ 9.474592810100633, 61.951108337041745 ] ] ] ] } },
{ "type": "Feature", "properties": { "fid": 218560, "navn": "Grønbakktjønne", "hoyde_moh": 1105, "arealInnsjo_km2": 0.1318, "magasinKategori": null, "fid_2": 425, "id": 425, "left": 8.986919847, "top": 62.446110046000001, "right": 9.486919847, "bottom": 61.946110046000001, "row_index": 24, "col_index": 10, "tile_id": 425 }, "geometry": { "type": "MultiPolygon", "coordinates": [ [ [ [ 9.450036132842591, 62.001413063187172 ], [ 9.449661438674486, 62.001210923291971 ], [ 9.449575013965568, 62.000990080701364 ], [ 9.448853374345235, 62.000795722406046 ], [ 9.448405276162612, 62.000841634448257 ], [ 9.448337632168275, 62.000569347031742 ], [ 9.447707028447896, 62.000118637644668 ], [ 9.448855859325104, 62.000058431158436 ], [ 9.448992874833349, 61.999745079994305 ], [ 9.449402934486683, 62.000234767322745 ], [ 9.449985381711622, 62.00039038736066 ], [ 9.450433978310002, 62.00026195824951 ], [ 9.450526567768508, 62.000009455772549 ], [ 9.449552601961082, 61.999365350292649 ], [ 9.447869465297545, 61.998749591314208 ], [ 9.448034985660543, 61.998557994923686 ], [ 9.447435252689324, 61.998385107170954 ], [ 9.446335999746239, 61.99768452725359 ], [ 9.446461230588511, 61.99743370442242 ], [ 9.446220487946055, 61.997108436138156 ], [ 9.444768340215369, 61.996607081837929 ], [ 9.44443257023689, 61.996313883618313 ], [ 9.445863303100166, 61.996458596069367 ], [ 9.44617554969267, 61.9959518853369 ], [ 9.445521595684848, 61.995697865921947 ], [ 9.445757194285516, 61.995956866167759 ], [ 9.445445559567871, 61.996309245847684 ], [ 9.445100673355199, 61.996076433269934 ], [ 9.443556176203463, 61.996180566077456 ], [ 9.443275571764108, 61.996602867296652 ], [ 9.443816987360901, 61.996971066380105 ], [ 9.443009183048726, 61.997106565189902 ], [ 9.44273931016855, 61.997357933246349 ], [ 9.442731166269283, 61.997585852276437 ], [ 9.445221185722854, 61.998509578617451 ], [ 9.445960459092705, 61.999056671344832 ], [ 9.445698235217154, 61.999537681164192 ], [ 9.442287639766366, 61.999873907417992 ], [ 9.439894222801849, 61.999020545197936 ], [ 9.438936241436368, 61.998991816787601 ], [ 9.437672513583175, 61.998593856479516 ], [ 9.43725519257697, 61.998670407227323 ], [ 9.437949488113551, 61.999239759462355 ], [ 9.439342151736343, 61.999236292036727 ], [ 9.4398584264497, 61.999862430382045 ], [ 9.441191282548404, 62.000164337616638 ], [ 9.441781490550067, 62.000531814831341 ], [ 9.442989306266067, 62.000642435315449 ], [ 9.443048599934418, 62.000390211298814 ], [ 9.443512879193072, 62.00053865680141 ], [ 9.4435790765514, 62.000309392274687 ], [ 9.443844694129806, 62.000224985847623 ], [ 9.444091790731584, 62.000302736533449 ], [ 9.444281115720328, 62.000675793903312 ], [ 9.445311534988473, 62.000844842350816 ], [ 9.44671408311109, 62.001562349664027 ], [ 9.447900861603113, 62.001510611338084 ], [ 9.448302611656361, 62.001677756886444 ], [ 9.448912040099685, 62.001570311816771 ], [ 9.449545960022109, 62.001734579888371 ], [ 9.450036132842591, 62.001413063187172 ] ], [ [ 9.446847745307156, 62.000370077150585 ], [ 9.446814831733281, 62.000214843920077 ], [ 9.447256388305364, 62.000200534228696 ], [ 9.447498442595792, 62.000433869788594 ], [ 9.447173572325781, 62.000510491509822 ], [ 9.446847745307156, 62.000370077150585 ] ], [ [ 9.44522032988508, 62.000582221721892 ], [ 9.445064800445095, 62.000426537530004 ], [ 9.446067814591533, 62.000788610142912 ], [ 9.44522032988508, 62.000582221721892 ] ] ] ] } },
{ "type": "Feature", "properties": { "fid": 219336, "navn": "Einøvlingsvatnet", "hoyde_moh": 1383, "arealInnsjo_km2": 0.4762, "magasinKategori": 2, "fid_2": 425, "id": 425, "left": 8.986919847, "top": 62.446110046000001, "right": 9.486919847, "bottom": 61.946110046000001, "row_index": 24, "col_index": 10, "tile_id": 425 }, "geometry": { "type": "MultiPolygon", "coordinates": [ [ [ [ 9.340715990908338, 62.246973763590681 ], [ 9.345393950942155, 62.245955691167282 ], [ 9.347197374191149, 62.245768970520579 ], [ 9.348507764291783, 62.24527837656241 ], [ 9.350348961231004, 62.244980555495125 ], [ 9.350274501292633, 62.243889461883562 ], [ 9.349663579074429, 62.243471528150103 ], [ 9.349289209094138, 62.242883319459843 ], [ 9.349363135526154, 62.242405228979493 ], [ 9.350142434527106, 62.241463312149563 ], [ 9.350164767069073, 62.24077779973932 ], [ 9.349810507484994, 62.240389967528266 ], [ 9.348768741439933, 62.239958752954614 ], [ 9.346888993278627, 62.239644422262096 ], [ 9.340060393679916, 62.239901985120859 ], [ 9.337544009808193, 62.240362767610222 ], [ 9.337361167806085, 62.240663846286651 ], [ 9.337482280755552, 62.240967913501017 ], [ 9.338479570376419, 62.241538535961489 ], [ 9.338558755900239, 62.241912715853751 ], [ 9.336817162501788, 62.242580984375856 ], [ 9.336709065612672, 62.242865229303284 ], [ 9.336898515767265, 62.243016372776431 ], [ 9.335839754481922, 62.24313433769489 ], [ 9.335653330472635, 62.243334274635579 ], [ 9.33568281652558, 62.243675998374357 ], [ 9.33654795502062, 62.245153317598998 ], [ 9.337513604779144, 62.246418982659456 ], [ 9.338094640311237, 62.246745918377606 ], [ 9.33940536026914, 62.247073537675632 ], [ 9.340715990908338, 62.246973763590681 ] ] ] ] } },
{ "type": "Feature", "properties": { "fid": 220138, "navn": "Larstjørnin", "hoyde_moh": 1601, "arealInnsjo_km2": 0.6746, "magasinKategori": null, "fid_2": 425, "id": 425, "left": 8.986919847, "top": 62.446110046000001, "right": 9.486919847, "bottom": 61.946110046000001, "row_index": 24, "col_index": 10, "tile_id": 425 }, "geometry": { "type": "MultiPolygon", "coordinates": [ [ [ [ 9.226475402844045, 62.341294355564592 ], [ 9.226937906301631, 62.341391479074005 ], [ 9.227276563458902, 62.341024693318957 ], [ 9.227846642250105, 62.340917170708181 ], [ 9.229730629106653, 62.34104175603629 ], [ 9.23090160524314, 62.340918982956616 ], [ 9.231205621718292, 62.340456225346848 ], [ 9.229254830767957, 62.339708268413197 ], [ 9.22912911213068, 62.33955062965201 ], [ 9.229226644291648, 62.3391506702296 ], [ 9.232069276578404, 62.337614608735691 ], [ 9.233261528196868, 62.337529433790515 ], [ 9.234563437695837, 62.337101595637932 ], [ 9.236389905849304, 62.337136474726641 ], [ 9.236628402105037, 62.337021888224108 ], [ 9.23667974052449, 62.336689413192637 ], [ 9.236401425579961, 62.336307227892107 ], [ 9.23653508062637, 62.335914169324859 ], [ 9.235864594957073, 62.33512885999275 ], [ 9.235390654815937, 62.33485799773117 ], [ 9.235361987747956, 62.334464402976423 ], [ 9.233705476602566, 62.333988626636071 ], [ 9.233451215672066, 62.333569264742977 ], [ 9.233469987548231, 62.333169719879493 ], [ 9.233061729823955, 62.33297431718713 ], [ 9.233259993402847, 62.332611854853951 ], [ 9.232982561774422, 62.331944688777277 ], [ 9.233157270845474, 62.331800269375613 ], [ 9.233170779421998, 62.331341541450939 ], [ 9.233384073382373, 62.331139402625858 ], [ 9.233757568064979, 62.329681465368786 ], [ 9.233405299094828, 62.329463905112128 ], [ 9.233447467974097, 62.328890331711847 ], [ 9.233150811530869, 62.328574889677704 ], [ 9.232027807919122, 62.327886317447884 ], [ 9.231458076816018, 62.327839476612247 ], [ 9.226980788167648, 62.328959864328489 ], [ 9.226553546380913, 62.329596443551232 ], [ 9.225615263379655, 62.329847958381777 ], [ 9.225183219876129, 62.330529345770472 ], [ 9.223952676317493, 62.331211496831706 ], [ 9.22394071563971, 62.332083495231686 ], [ 9.223494656450574, 62.3326483467443 ], [ 9.224242759607286, 62.332987659281905 ], [ 9.224225617855504, 62.333327859777341 ], [ 9.223799418037446, 62.333721237119185 ], [ 9.224427170607852, 62.333952818520984 ], [ 9.224527798157565, 62.33428568154045 ], [ 9.224268416084731, 62.334770810069436 ], [ 9.225217387898633, 62.335593349792433 ], [ 9.224995283258261, 62.335969394812714 ], [ 9.224664730718548, 62.336011891281181 ], [ 9.224471813884268, 62.336390141698864 ], [ 9.223664643796008, 62.336771882332201 ], [ 9.223529106614908, 62.337408906010523 ], [ 9.222855738223158, 62.337888850010373 ], [ 9.222456229594595, 62.33874803384353 ], [ 9.221811343797933, 62.339457638127435 ], [ 9.221830420042208, 62.339735342365678 ], [ 9.221921686209583, 62.339950968239947 ], [ 9.222572585330548, 62.340252926309226 ], [ 9.222525714759383, 62.340802451342647 ], [ 9.223009941637246, 62.341184604444393 ], [ 9.224331179861784, 62.341200748295286 ], [ 9.224643138945765, 62.341367588571657 ], [ 9.225592448892312, 62.341446729778689 ], [ 9.226475402844045, 62.341294355564592 ] ] ] ] } },
{ "type": "Feature", "properties": { "fid": 220139, "navn": "Haretjønna", "hoyde_moh": 1615, "arealInnsjo_km2": 0.0417, "magasinKategori": null, "fid_2": 425, "id": 425, "left": 8.986919847, "top": 62.446110046000001, "right": 9.486919847, "bottom": 61.946110046000001, "row_index": 24, "col_index": 10, "tile_id": 425 }, "geometry": { "type": "MultiPolygon", "coordinates": [ [ [ [ 9.352153474660941, 62.369091868933651 ], [ 9.353727590287656, 62.368101980073661 ], [ 9.354216909098524, 62.367573811097735 ], [ 9.352247937707194, 62.366624736085306 ], [ 9.351423239213423, 62.366747701774301 ], [ 9.350804148865244, 62.367161306458932 ], [ 9.349733922985049, 62.367509017219291 ], [ 9.349707975333059, 62.367778984070611 ], [ 9.349962660500603, 62.367970814746151 ], [ 9.350013195643525, 62.368302762364507 ], [ 9.350862822170118, 62.369215763991654 ], [ 9.351353399629419, 62.369286316749495 ], [ 9.352153474660941, 62.369091868933651 ] ] ] ] } },
{ "type": "Feature", "properties": { "fid": 220506, "navn": null, "hoyde_moh": 1448, "arealInnsjo_km2": 0.0896, "magasinKategori": null, "fid_2": 425, "id": 425, "left": 8.986919847, "top": 62.446110046000001, "right": 9.486919847, "bottom": 61.946110046000001, "row_index": 24, "col_index": 10, "tile_id": 425 }, "geometry": { "type": "MultiPolygon", "coordinates": [ [ [ [ 9.232318641449147, 62.406845649437415 ], [ 9.237668279338797, 62.407271940723405 ], [ 9.241662519602158, 62.40725357989168 ], [ 9.243661304676991, 62.406950058156227 ], [ 9.245374643935032, 62.406176479385721 ], [ 9.24119823314442, 62.406180278305158 ], [ 9.238639321686305, 62.405986841096038 ], [ 9.237283685641696, 62.405623001799 ], [ 9.236101802264541, 62.405756074403804 ], [ 9.235185394056485, 62.406115486857942 ], [ 9.231672673746344, 62.405881879397185 ], [ 9.231422066987923, 62.406098416248888 ], [ 9.230262261472998, 62.406261614470857 ], [ 9.229864907791359, 62.406588811399601 ], [ 9.228559261272489, 62.406855854438263 ], [ 9.229299617117784, 62.406954491545278 ], [ 9.232318641449147, 62.406845649437415 ] ] ] ] } },
{ "type": "Feature", "properties": { "fid": 223671, "navn": "Gluptjønnin", "hoyde_moh": 1453, "arealInnsjo_km2": 0.0943, "magasinKategori": null, "fid_2": 425, "id": 425, "left": 8.986919847, "top": 62.446110046000001, "right": 9.486919847, "bottom": 61.946110046000001, "row_index": 24, "col_index": 10, "tile_id": 425 }, "geometry": { "type": "MultiPolygon", "coordinates": [ [ [ [ 9.486919847, 62.34569502104884 ], [ 9.486919847, 62.344710883694304 ], [ 9.486681550494685, 62.344862927518726 ], [ 9.486822646749618, 62.345265340347424 ], [ 9.486497004444473, 62.345676744569417 ], [ 9.486919847, 62.34569502104884 ] ] ] ] } },
{ "type": "Feature", "properties": { "fid": 223676, "navn": "Avundtjønna", "hoyde_moh": 1447, "arealInnsjo_km2": 0.1297, "magasinKategori": null, "fid_2": 425, "id": 425, "left": 8.986919847, "top": 62.446110046000001, "right": 9.486919847, "bottom": 61.946110046000001, "row_index": 24, "col_index": 10, "tile_id": 425 }, "geometry": { "type": "MultiPolygon", "coordinates": [ [ [ [ 9.391886577983255, 62.389154819717206 ], [ 9.393049411130473, 62.389420403239626 ], [ 9.394291167011339, 62.389334264433643 ], [ 9.39597364204859, 62.389020721916914 ], [ 9.396104084250309, 62.388633915817209 ], [ 9.39680602038389, 62.388229397680988 ], [ 9.396985885984943, 62.387705974901387 ], [ 9.396751625307715, 62.386426345690012 ], [ 9.397224701138637, 62.386247509646353 ], [ 9.397295946398128, 62.386078291300855 ], [ 9.398727182676664, 62.385711471010609 ], [ 9.399178812805722, 62.385449227792897 ], [ 9.3990441685441, 62.385062258545474 ], [ 9.397971240559032, 62.384338884521711 ], [ 9.398011552882046, 62.384171208255559 ], [ 9.398524440938553, 62.38403528836416 ], [ 9.398541148814953, 62.383809325525824 ], [ 9.398054728786889, 62.383687903876272 ], [ 9.39722173701956, 62.383872470264606 ], [ 9.396265091903366, 62.384312431530432 ], [ 9.396077427557856, 62.384455169189472 ], [ 9.39613809009521, 62.384790733042088 ], [ 9.395863358423979, 62.385100159708358 ], [ 9.395857196909279, 62.385328708654733 ], [ 9.395489548289719, 62.385736632593428 ], [ 9.393730901570457, 62.386238263709686 ], [ 9.392666460476844, 62.38672191552709 ], [ 9.391974321921255, 62.386816463929932 ], [ 9.391206596137348, 62.387330720393699 ], [ 9.390490588734655, 62.388010606086873 ], [ 9.390681362291128, 62.388262142506505 ], [ 9.390409997609089, 62.38856863671576 ], [ 9.390795154448629, 62.389269691274578 ], [ 9.391224883626373, 62.3893628347438 ], [ 9.391886577983255, 62.389154819717206 ] ] ] ] } },
{ "type": "Feature", "properties": { "fid": 224091, "navn": null, "hoyde_moh": 1048, "arealInnsjo_km2": 0.0064, "magasinKategori": null, "fid_2": 425, "id": 425, "left": 8.986919847, "top": 62.446110046000001, "right": 9.486919847, "bottom": 61.946110046000001, "row_index": 24, "col_index": 10, "tile_id": 425 }, "geometry": { "type": "MultiPolygon", "coordinates": [ [ [ [ 9.373891607404715, 61.994726324365608 ], [ 9.373804234794511, 61.994416359728739 ], [ 9.374745259311517, 61.993964656554624 ], [ 9.374212212743283, 61.993823864563943 ], [ 9.374381886725748, 61.993704341226511 ], [ 9.374086149731204, 61.993605117078474 ], [ 9.37350601054599, 61.993934223875065 ], [ 9.373271822723757, 61.994246247160845 ], [ 9.37281713220243, 61.994255099855962 ], [ 9.372632261375928, 61.994456718298245 ], [ 9.373106960396816, 61.994804310853048 ], [ 9.373891607404715, 61.994726324365608 ] ] ] ] } },
{ "type": "Feature", "properties": { "fid": 225276, "navn": "Finntjønna", "hoyde_moh": 1340, "arealInnsjo_km2": 0.0733, "magasinKategori": null, "fid_2": 425, "id": 425, "left": 8.986919847, "top": 62.446110046000001, "right": 9.486919847, "bottom": 61.946110046000001, "row_index": 24, "col_index": 10, "tile_id": 425 }, "geometry": { "type": "MultiPolygon", "coordinates": [ [ [ [ 9.380360451332036, 62.425804582282495 ], [ 9.381003176523812, 62.42554326145175 ], [ 9.380977555013009, 62.42532854609447 ], [ 9.381430791611063, 62.425319956530366 ], [ 9.381274595030751, 62.425116074176458 ], [ 9.38058142686247, 62.425273017068527 ], [ 9.380613342788445, 62.424875300858155 ], [ 9.380115973160803, 62.424229992891888 ], [ 9.380235647897385, 62.423779660038491 ], [ 9.380546674076749, 62.423541293080433 ], [ 9.381122111673598, 62.423696240724752 ], [ 9.382028361490775, 62.423459071734165 ], [ 9.381309680381408, 62.423416427630556 ], [ 9.381011817851579, 62.423043002335753 ], [ 9.381437000583766, 62.422659025500913 ], [ 9.382072727407456, 62.422381847648872 ], [ 9.381552362869419, 62.421942453764458 ], [ 9.381493712318969, 62.421718572515474 ], [ 9.379804171159797, 62.421593461714302 ], [ 9.379585830281757, 62.421343409325026 ], [ 9.379606350236937, 62.421005267752946 ], [ 9.379394087478612, 62.420941688018125 ], [ 9.379225173972532, 62.42108003986683 ], [ 9.379318462893373, 62.421558247080398 ], [ 9.378950781219819, 62.4216912598351 ], [ 9.379067575231357, 62.421958898243666 ], [ 9.377984605673513, 62.422414099754356 ], [ 9.376904297669221, 62.423530514563318 ], [ 9.377450579009666, 62.423937222333116 ], [ 9.377513855095721, 62.424335459689281 ], [ 9.378946912326178, 62.425378567784357 ], [ 9.3791132075016, 62.425650457890015 ], [ 9.380280876763466, 62.42600460358176 ], [ 9.380360451332036, 62.425804582282495 ] ] ] ] } },
{ "type": "Feature", "properties": { "fid": 226471, "navn": null, "hoyde_moh": 942, "arealInnsjo_km2": 0.0433, "magasinKategori": null, "fid_2": 425, "id": 425, "left": 8.986919847, "top": 62.446110046000001, "right": 9.486919847, "bottom": 61.946110046000001, "row_index": 24, "col_index": 10, "tile_id": 425 }, "geometry": { "type": "MultiPolygon", "coordinates": [ [ [ [ 9.241180438365854, 62.12208229094152 ], [ 9.241725217600528, 62.121815795191218 ], [ 9.241767642944634, 62.121364671753454 ], [ 9.240245170216129, 62.120816350165455 ], [ 9.239807791530239, 62.120243198501541 ], [ 9.239181490392033, 62.119912233495995 ], [ 9.23870370162282, 62.119855280574541 ], [ 9.236593192944966, 62.118701356527986 ], [ 9.235769668695907, 62.118526152136276 ], [ 9.235499554121827, 62.118295392295813 ], [ 9.233896437278419, 62.117781251211234 ], [ 9.233423542717318, 62.117743207727713 ], [ 9.235129820400173, 62.118708531985618 ], [ 9.235309523887123, 62.118973953260088 ], [ 9.236849332155405, 62.119703821668487 ], [ 9.237056638258228, 62.120080759181867 ], [ 9.237359443598482, 62.119924079516011 ], [ 9.238018705718531, 62.120090971452925 ], [ 9.238672969076763, 62.120923086588157 ], [ 9.238642603408536, 62.121299546562305 ], [ 9.238919918649922, 62.121556345431657 ], [ 9.239535151695772, 62.121919346069582 ], [ 9.240453909315796, 62.122136129318299 ], [ 9.241180438365854, 62.12208229094152 ] ] ] ] } },
{ "type": "Feature", "properties": { "fid": 226472, "navn": "Falketjønne", "hoyde_moh": 1120, "arealInnsjo_km2": 0.0335, "magasinKategori": null, "fid_2": 425, "id": 425, "left": 8.986919847, "top": 62.446110046000001, "right": 9.486919847, "bottom": 61.946110046000001, "row_index": 24, "col_index": 10, "tile_id": 425 }, "geometry": { "type": "MultiPolygon", "coordinates": [ [ [ [ 9.248704582404073, 62.165422915819683 ], [ 9.248423448273288, 62.165107929212219 ], [ 9.246407102106433, 62.164771427268718 ], [ 9.245528556475451, 62.164329638321036 ], [ 9.244041859776052, 62.164234549789612 ], [ 9.243108417735836, 62.163917384734859 ], [ 9.242574249978345, 62.16395659859073 ], [ 9.242441621921586, 62.164176660630098 ], [ 9.241641062681177, 62.164192430971454 ], [ 9.241385538006911, 62.164044403660782 ], [ 9.241102314520145, 62.164229377850688 ], [ 9.242268362923415, 62.164357399841208 ], [ 9.242586775025879, 62.164917731317715 ], [ 9.244186196676578, 62.165403271078567 ], [ 9.24649452474247, 62.165539162099442 ], [ 9.247000883953227, 62.165305500367253 ], [ 9.248426042311902, 62.165639066062568 ], [ 9.248704582404073, 62.165422915819683 ] ] ] ] } },
{ "type": "Feature", "properties": { "fid": 226474, "navn": "Horrtjønnin", "hoyde_moh": 942, "arealInnsjo_km2": 0.2789, "magasinKategori": null, "fid_2": 425, "id": 425, "left": 8.986919847, "top": 62.446110046000001, "right": 9.486919847, "bottom": 61.946110046000001, "row_index": 24, "col_index": 10, "tile_id": 425 }, "geometry": { "type": "MultiPolygon", "coordinates": [ [ [ [ 9.261290321262397, 62.129432454179728 ], [ 9.261485003279818, 62.129196869752334 ], [ 9.263345967561802, 62.12973668130499 ], [ 9.263952554532192, 62.12902941680484 ], [ 9.261147835040083, 62.12754071982777 ], [ 9.254932418639932, 62.124931912302223 ], [ 9.253771212228644, 62.124262956693926 ], [ 9.253012225914743, 62.123605164592043 ], [ 9.252207906754803, 62.123274140878493 ], [ 9.251027837964781, 62.123031787064711 ], [ 9.250495086184053, 62.123102845594701 ], [ 9.249271712626379, 62.123601066808767 ], [ 9.248617905513855, 62.123629263845494 ], [ 9.24809355288221, 62.123868371313364 ], [ 9.248127135598173, 62.123536066712859 ], [ 9.24794611667007, 62.123385027164723 ], [ 9.244774176271495, 62.122878252161279 ], [ 9.244365658439612, 62.122993449002038 ], [ 9.244366439779411, 62.123210611058838 ], [ 9.24398023487905, 62.123654052534057 ], [ 9.243387198071268, 62.123766949265267 ], [ 9.244065585607753, 62.124796733436249 ], [ 9.244708368698833, 62.124919601679622 ], [ 9.244889143475865, 62.124613151536828 ], [ 9.245396726558635, 62.124923200296315 ], [ 9.247109938994399, 62.124845216933075 ], [ 9.249718716639077, 62.126150342291048 ], [ 9.251233658654129, 62.127144100700399 ], [ 9.251722589757103, 62.127130984692315 ], [ 9.252039826983204, 62.126780971527786 ], [ 9.252814464326514, 62.12681234160155 ], [ 9.255188718903218, 62.127630388256577 ], [ 9.255943935958069, 62.128174132365011 ], [ 9.257731682749554, 62.128388887363421 ], [ 9.258066272064319, 62.128597343640706 ], [ 9.258185542458687, 62.12901630571254 ], [ 9.258817650816692, 62.129625573425479 ], [ 9.259422266264444, 62.129862184597499 ], [ 9.261290321262397, 62.129432454179728 ] ] ] ] } },
{ "type": "Feature", "properties": { "fid": 226475, "navn": "Vesltjørn", "hoyde_moh": 942, "arealInnsjo_km2": 0.0195, "magasinKategori": null, "fid_2": 425, "id": 425, "left": 8.986919847, "top": 62.446110046000001, "right": 9.486919847, "bottom": 61.946110046000001, "row_index": 24, "col_index": 10, "tile_id": 425 }, "geometry": { "type": "MultiPolygon", "coordinates": [ [ [ [ 9.263745674188504, 62.134013707284325 ], [ 9.264012776461533, 62.133871868293681 ], [ 9.264223657414659, 62.133642174208077 ], [ 9.2643325503192, 62.133049876271741 ], [ 9.26422528932981, 62.13262386017346 ], [ 9.26320235593786, 62.132552350327288 ], [ 9.261205966520919, 62.132885315167876 ], [ 9.261151199692144, 62.133289383266217 ], [ 9.262768404498276, 62.133980011302469 ], [ 9.263745674188504, 62.134013707284325 ] ] ] ] } },
{ "type": "Feature", "properties": { "fid": 226476, "navn": "Kringluttjønne", "hoyde_moh": 940, "arealInnsjo_km2": 0.0446, "magasinKategori": null, "fid_2": 425, "id": 425, "left": 8.986919847, "top": 62.446110046000001, "right": 9.486919847, "bottom": 61.946110046000001, "row_index": 24, "col_index": 10, "tile_id": 425 }, "geometry": { "type": "MultiPolygon", "coordinates": [ [ [ [ 9.313408712707608, 62.138537557216672 ], [ 9.313417825633747, 62.138333690127162 ], [ 9.31302802519283, 62.13813201927082 ], [ 9.313004275960161, 62.137900423816362 ], [ 9.313363132051885, 62.137530398872997 ], [ 9.314145077491883, 62.137209489392873 ], [ 9.313878124178816, 62.136769843043297 ], [ 9.314222248513165, 62.136482112771247 ], [ 9.312949940531144, 62.136606568367775 ], [ 9.312855955124826, 62.136062339001867 ], [ 9.312654325269929, 62.135964645663449 ], [ 9.311390104637486, 62.136182134655925 ], [ 9.308945528774471, 62.13766191843645 ], [ 9.309205431238725, 62.137895511848775 ], [ 9.311689406658989, 62.138220067668222 ], [ 9.312081684294558, 62.138608894696439 ], [ 9.313408712707608, 62.138537557216672 ] ] ] ] } },
{ "type": "Feature", "properties": { "fid": 226478, "navn": "Steintjønne", "hoyde_moh": 940, "arealInnsjo_km2": 0.1103, "magasinKategori": null, "fid_2": 425, "id": 425, "left": 8.986919847, "top": 62.446110046000001, "right": 9.486919847, "bottom": 61.946110046000001, "row_index": 24, "col_index": 10, "tile_id": 425 }, "geometry": { "type": "MultiPolygon", "coordinates": [ [ [ [ 9.326175139934964, 62.1433083463549 ], [ 9.326964977736971, 62.143124778220397 ], [ 9.327075029993976, 62.14286124204903 ], [ 9.325407651764328, 62.142380984909934 ], [ 9.325085782936563, 62.142119045456901 ], [ 9.325112493101141, 62.141673497535265 ], [ 9.324347496781003, 62.141277219375169 ], [ 9.32361388676839, 62.141610165895294 ], [ 9.324099027738908, 62.141955154672956 ], [ 9.324470923414317, 62.142747622235724 ], [ 9.325236655596283, 62.142903503276521 ], [ 9.325358998407856, 62.143011058059919 ], [ 9.32525732999847, 62.143143788611283 ], [ 9.323706599438351, 62.143060584603219 ], [ 9.323597926605229, 62.142366072568826 ], [ 9.323050910717965, 62.142067864652894 ], [ 9.322669574920676, 62.142027426713817 ], [ 9.322297854721542, 62.142338256084912 ], [ 9.321472377142106, 62.142109419278611 ], [ 9.321384402979374, 62.141920371909038 ], [ 9.321577172269537, 62.141811644752373 ], [ 9.322758101575911, 62.141854101299003 ], [ 9.323179204551217, 62.141684822922677 ], [ 9.322922784751549, 62.14117182131892 ], [ 9.322351690438166, 62.14105930755084 ], [ 9.322435730345045, 62.140854563109748 ], [ 9.323035020766502, 62.140614123227699 ], [ 9.323087899955967, 62.140122574116546 ], [ 9.32175945184771, 62.140011850200061 ], [ 9.321583172128294, 62.13988028916939 ], [ 9.321859281631571, 62.139701539619146 ], [ 9.321765053660853, 62.139434193275086 ], [ 9.320318570134303, 62.139046936892733 ], [ 9.318979417606329, 62.138288274305218 ], [ 9.317284250548145, 62.13837628238737 ], [ 9.317205207605276, 62.138856133070419 ], [ 9.318150697261759, 62.13923684234414 ], [ 9.318298435285335, 62.139614321590109 ], [ 9.318793318640399, 62.139856846979121 ], [ 9.318919058011328, 62.14019894443021 ], [ 9.320027080054404, 62.140268760094152 ], [ 9.320148671748367, 62.140657582438905 ], [ 9.32123435756035, 62.140681551848601 ], [ 9.321671761391073, 62.140894426689059 ], [ 9.321442534497457, 62.141104089416096 ], [ 9.320575875985815, 62.140789569011595 ], [ 9.320141439522949, 62.140924355635242 ], [ 9.319726921190808, 62.14188664736055 ], [ 9.319906256271574, 62.142546537216148 ], [ 9.320477065655673, 62.142882822940813 ], [ 9.321106615992663, 62.142910615408816 ], [ 9.321320768250647, 62.143351581342323 ], [ 9.321652267405153, 62.143532463998554 ], [ 9.322747731160304, 62.143579684058594 ], [ 9.323982652928201, 62.143875846134712 ], [ 9.324861398159165, 62.143851038022746 ], [ 9.325068412107884, 62.144093673535302 ], [ 9.325329895256377, 62.144048254973598 ], [ 9.326175139934964, 62.1433083463549 ] ], [ [ 9.318452900612089, 62.138765818074305 ], [ 9.319094972271687, 62.138732658312634 ], [ 9.318597507070315, 62.138953238735979 ], [ 9.318266128808775, 62.138930686160457 ], [ 9.318452900612089, 62.138765818074305 ] ] ] ] } },
{ "type": "Feature", "properties": { "fid": 226479, "navn": "Langtjern", "hoyde_moh": 1009, "arealInnsjo_km2": 0.0821, "magasinKategori": null, "fid_2": 425, "id": 425, "left": 8.986919847, "top": 62.446110046000001, "right": 9.486919847, "bottom": 61.946110046000001, "row_index": 24, "col_index": 10, "tile_id": 425 }, "geometry": { "type": "MultiPolygon", "coordinates": [ [ [ [ 9.287556631818013, 62.158576689836501 ], [ 9.288026413812378, 62.158101483065032 ], [ 9.288670001280096, 62.157949782602849 ], [ 9.288689431465793, 62.157772713611735 ], [ 9.287458519629862, 62.157401064104022 ], [ 9.286750157226303, 62.156801409508475 ], [ 9.286046004666696, 62.156669021712794 ], [ 9.284551914880206, 62.156659392367025 ], [ 9.28322325568997, 62.156915575439101 ], [ 9.281775004334673, 62.156870097054195 ], [ 9.278194576057945, 62.157186348093305 ], [ 9.27857475314921, 62.157704129550268 ], [ 9.279562861204278, 62.157797460454553 ], [ 9.281186583827502, 62.158358825849213 ], [ 9.282446508952622, 62.158465193221446 ], [ 9.283737573920329, 62.158262639448125 ], [ 9.28427755712165, 62.158612834796749 ], [ 9.285017697370284, 62.158461636577535 ], [ 9.285591836454229, 62.158730064366914 ], [ 9.287556631818013, 62.158576689836501 ] ] ] ] } },
{ "type": "Feature", "properties": { "fid": 228203, "navn": "Sandvatnet", "hoyde_moh": 1221, "arealInnsjo_km2": 0.1705, "magasinKategori": null, "fid_2": 425, "id": 425, "left": 8.986919847, "top": 62.446110046000001, "right": 9.486919847, "bottom": 61.946110046000001, "row_index": 24, "col_index": 10, "tile_id": 425 }, "geometry": { "type": "MultiPolygon", "coordinates": [ [ [ [ 9.238155960252691, 62.201104138591191 ], [ 9.238441199783164, 62.200688699627399 ], [ 9.239180407237219, 62.200689445830953 ], [ 9.239408962258487, 62.200184232341833 ], [ 9.239834688752556, 62.200074416442654 ], [ 9.239912883262875, 62.199689325167178 ], [ 9.23938010636248, 62.199472764291038 ], [ 9.239513094955013, 62.199276030293866 ], [ 9.241311655625958, 62.199317405470453 ], [ 9.242605935029776, 62.198687081378651 ], [ 9.242752122956604, 62.198157638419346 ], [ 9.242596506702585, 62.197948159078436 ], [ 9.242263841171111, 62.197692954580837 ], [ 9.241358782357773, 62.197479254428949 ], [ 9.241994465634793, 62.197234508669595 ], [ 9.242015992307968, 62.197022866651857 ], [ 9.238648152129784, 62.196823812197209 ], [ 9.237854983612683, 62.197073679636127 ], [ 9.236240589373409, 62.19666031675672 ], [ 9.232689249923647, 62.196544382968298 ], [ 9.231827522354001, 62.196658754010514 ], [ 9.23105812632649, 62.197676561123004 ], [ 9.231084705445527, 62.197880129435205 ], [ 9.231674088403107, 62.198024009591123 ], [ 9.232211909664182, 62.198408253347047 ], [ 9.233022926197219, 62.199456100768749 ], [ 9.233481569986759, 62.199591455806207 ], [ 9.234262219790777, 62.199608181675508 ], [ 9.235822862620743, 62.199297261327686 ], [ 9.236342078318204, 62.198951448768213 ], [ 9.237062101804948, 62.198825467947039 ], [ 9.237610971114357, 62.198372772457226 ], [ 9.238694891232736, 62.198195070371092 ], [ 9.239174534735314, 62.198305265666185 ], [ 9.23933688412831, 62.198532854329017 ], [ 9.239202655174122, 62.199085119220811 ], [ 9.237511457444638, 62.199823274492452 ], [ 9.236145510672722, 62.199890004434451 ], [ 9.235454628165634, 62.200124502208276 ], [ 9.235723766838291, 62.200576741752712 ], [ 9.236331942965542, 62.201007831111532 ], [ 9.237708672778052, 62.201272194892027 ], [ 9.238155960252691, 62.201104138591191 ] ] ] ] } },
{ "type": "Feature", "properties": { "fid": 255534, "navn": null, "hoyde_moh": 1417, "arealInnsjo_km2": 0.0041, "magasinKategori": null, "fid_2": 425, "id": 425, "left": 8.986919847, "top": 62.446110046000001, "right": 9.486919847, "bottom": 61.946110046000001, "row_index": 24, "col_index": 10, "tile_id": 425 }, "geometry": { "type": "MultiPolygon", "coordinates": [ [ [ [ 9.107513214494761, 62.288186315101427 ], [ 9.107523605190416, 62.287988504522346 ], [ 9.106936530595048, 62.287538926569674 ], [ 9.106598814554733, 62.28772010625238 ], [ 9.106529722427162, 62.288028860439574 ], [ 9.106015969612479, 62.288090365709358 ], [ 9.106427147512953, 62.288334839157507 ], [ 9.107143681139846, 62.288370013796012 ], [ 9.107513214494761, 62.288186315101427 ] ] ] ] } },
{ "type": "Feature", "properties": { "fid": 255544, "navn": null, "hoyde_moh": 1414, "arealInnsjo_km2": 0.0075, "magasinKategori": null, "fid_2": 425, "id": 425, "left": 8.986919847, "top": 62.446110046000001, "right": 9.486919847, "bottom": 61.946110046000001, "row_index": 24, "col_index": 10, "tile_id": 425 }, "geometry": { "type": "MultiPolygon", "coordinates": [ [ [ [ 9.11687672860144, 62.308784127646341 ], [ 9.116291310216479, 62.308540490178885 ], [ 9.116499036148086, 62.308217092542314 ], [ 9.117158604570191, 62.308349897017081 ], [ 9.116929618844303, 62.308158129013968 ], [ 9.117135980496753, 62.30792650557234 ], [ 9.116734097987202, 62.307708849034057 ], [ 9.116186754832217, 62.307662827441064 ], [ 9.115517684515519, 62.308039286978548 ], [ 9.114718183678626, 62.307919707112134 ], [ 9.115787591736197, 62.308590583814301 ], [ 9.116767668407476, 62.308921027296471 ], [ 9.11687672860144, 62.308784127646341 ] ] ] ] } },
{ "type": "Feature", "properties": { "fid": 255546, "navn": "Øvre Lustjørni", "hoyde_moh": 1379, "arealInnsjo_km2": 0.06, "magasinKategori": null, "fid_2": 425, "id": 425, "left": 8.986919847, "top": 62.446110046000001, "right": 9.486919847, "bottom": 61.946110046000001, "row_index": 24, "col_index": 10, "tile_id": 425 }, "geometry": { "type": "MultiPolygon", "coordinates": [ [ [ [ 9.000214620267117, 62.32959053129813 ], [ 9.000123639571697, 62.329189953014918 ], [ 9.000276659565532, 62.328713675962156 ], [ 9.00068330191859, 62.328486991541212 ], [ 9.001039495326687, 62.327984121625995 ], [ 9.001298084465491, 62.327978656153086 ], [ 9.001465202379606, 62.327090231774257 ], [ 9.001004016536818, 62.327072971398216 ], [ 9.000820147295139, 62.326767960518183 ], [ 8.999292285976596, 62.325713592048956 ], [ 8.997990016826327, 62.32570285098177 ], [ 8.997679331218638, 62.325531549382973 ], [ 8.997012869814293, 62.325603711460182 ], [ 8.997173121473763, 62.325663868396262 ], [ 8.996943056851478, 62.325822824519854 ], [ 8.997245472358419, 62.326832163436471 ], [ 8.997933263614591, 62.327436878253842 ], [ 8.997915892479488, 62.327679332940896 ], [ 8.998214746027752, 62.327870200541582 ], [ 8.998447428137041, 62.328380016611725 ], [ 8.998999758515275, 62.328833798916364 ], [ 8.998861597348583, 62.32919609355644 ], [ 8.99941783120288, 62.329805547094544 ], [ 8.999963121075282, 62.329855536253227 ], [ 9.000214620267117, 62.32959053129813 ] ] ] ] } },
{ "type": "Feature", "properties": { "fid": 255548, "navn": "Langvasstjørn", "hoyde_moh": 1406, "arealInnsjo_km2": 0.086, "magasinKategori": null, "fid_2": 425, "id": 425, "left": 8.986919847, "top": 62.446110046000001, "right": 9.486919847, "bottom": 61.946110046000001, "row_index": 24, "col_index": 10, "tile_id": 425 }, "geometry": { "type": "MultiPolygon", "coordinates": [ [ [ [ 9.133131972902596, 62.309402354217859 ], [ 9.133910909313622, 62.309734506179737 ], [ 9.134935114517972, 62.30975517644211 ], [ 9.13544779641644, 62.309635349198224 ], [ 9.135640964367614, 62.309384417482583 ], [ 9.133744935980358, 62.309032803073549 ], [ 9.132912360701368, 62.308630765171579 ], [ 9.131832502287681, 62.308777159575477 ], [ 9.130730774894143, 62.308438883526705 ], [ 9.129281055505507, 62.308319123527603 ], [ 9.12906850921652, 62.308360354649231 ], [ 9.129098209131815, 62.308491347865719 ], [ 9.129781774275989, 62.308935894026583 ], [ 9.129919461269354, 62.309210109759285 ], [ 9.128739150645021, 62.309242837526895 ], [ 9.126219835784385, 62.308275718955059 ], [ 9.125299978142857, 62.30817090610028 ], [ 9.124305023504199, 62.307566378582145 ], [ 9.123474933722433, 62.307278904320476 ], [ 9.121525730004699, 62.307436058768197 ], [ 9.12146777322773, 62.307717109645203 ], [ 9.121031140316697, 62.307828768784077 ], [ 9.120942055680256, 62.307752242976512 ], [ 9.12130742748224, 62.307628107163509 ], [ 9.120863266249392, 62.30733286271424 ], [ 9.120594714431631, 62.306947024285819 ], [ 9.120676410256818, 62.3067650256178 ], [ 9.118132699281919, 62.305660131516071 ], [ 9.117501754660925, 62.305908570914276 ], [ 9.118238420504371, 62.306569622038239 ], [ 9.118819331801561, 62.306654514310161 ], [ 9.118918478888055, 62.306911622881714 ], [ 9.119986989880074, 62.307057181277983 ], [ 9.12081909954032, 62.307462524987884 ], [ 9.120467341881243, 62.30771958405343 ], [ 9.120460922904797, 62.307988326780098 ], [ 9.121992441366292, 62.308695686720235 ], [ 9.122842285995498, 62.308529797565548 ], [ 9.125090355657877, 62.30894322023201 ], [ 9.126354641775377, 62.308957839007391 ], [ 9.126872608251745, 62.309076039436817 ], [ 9.126905011131173, 62.309324638743369 ], [ 9.12751131183305, 62.309555968712836 ], [ 9.128355944294094, 62.309581771303343 ], [ 9.128742109439242, 62.309486767049762 ], [ 9.128570765464088, 62.309383623161999 ], [ 9.128958534188728, 62.309396093403151 ], [ 9.131486453003321, 62.309754282380631 ], [ 9.133131972902596, 62.309402354217859 ] ] ] ] } },
{ "type": "Feature", "properties": { "fid": 255549, "navn": "Drugshøtjørnin", "hoyde_moh": 1362, "arealInnsjo_km2": 0.0972, "magasinKategori": null, "fid_2": 425, "id": 425, "left": 8.986919847, "top": 62.446110046000001, "right": 9.486919847, "bottom": 61.946110046000001, "row_index": 24, "col_index": 10, "tile_id": 425 }, "geometry": { "type": "MultiPolygon", "coordinates": [ [ [ [ 9.110637679119556, 62.33468843451579 ], [ 9.112602140323437, 62.334426596734943 ], [ 9.112686155486655, 62.334277829426291 ], [ 9.11214626189915, 62.334117511445136 ], [ 9.11204301753158, 62.333929460038625 ], [ 9.113452394493505, 62.333403919192612 ], [ 9.11353909754029, 62.333105361618678 ], [ 9.112549954411351, 62.332600410456294 ], [ 9.109954963683272, 62.332348108060707 ], [ 9.107690649675718, 62.331733563308816 ], [ 9.105067532337978, 62.332249034470017 ], [ 9.104795872781366, 62.332484443644148 ], [ 9.105538988536635, 62.333205067104529 ], [ 9.105070904797349, 62.333467508185613 ], [ 9.105424419442086, 62.333730581532265 ], [ 9.104849482839215, 62.333922934580855 ], [ 9.107585572666171, 62.334395695673258 ], [ 9.109461273765133, 62.334391495025031 ], [ 9.110531133039538, 62.334836513893443 ], [ 9.110637679119556, 62.33468843451579 ] ] ] ] } },
{ "type": "Feature", "properties": { "fid": 255550, "navn": "Drugshøtjørnin", "hoyde_moh": 1364, "arealInnsjo_km2": 0.0456, "magasinKategori": null, "fid_2": 425, "id": 425, "left": 8.986919847, "top": 62.446110046000001, "right": 9.486919847, "bottom": 61.946110046000001, "row_index": 24, "col_index": 10, "tile_id": 425 }, "geometry": { "type": "MultiPolygon", "coordinates": [ [ [ [ 9.10055027326594, 62.334701070064938 ], [ 9.100286256563436, 62.334547131459288 ], [ 9.100508826136718, 62.334071501325269 ], [ 9.101125046049821, 62.333849590267434 ], [ 9.10088115210768, 62.333716406331 ], [ 9.100963118748142, 62.333438629029615 ], [ 9.100565600260651, 62.33307076187851 ], [ 9.101061151451281, 62.332881440681355 ], [ 9.100531715381177, 62.332681184617428 ], [ 9.100559150614382, 62.332510297754617 ], [ 9.101581576922028, 62.332660133934546 ], [ 9.102151527199963, 62.333036324338408 ], [ 9.101495913458221, 62.333438881131919 ], [ 9.102105010802918, 62.333565993474146 ], [ 9.103127264293558, 62.333245474754563 ], [ 9.102168206782444, 62.332888568632193 ], [ 9.102252504268366, 62.332648074023389 ], [ 9.101767810339148, 62.332359152509227 ], [ 9.100509906269137, 62.332052181413978 ], [ 9.099853796121874, 62.331731288050776 ], [ 9.097772726885811, 62.332025072224575 ], [ 9.097809540177229, 62.33259331329667 ], [ 9.097655637966657, 62.332737747655656 ], [ 9.098024528372227, 62.333101344444628 ], [ 9.098246662358733, 62.33371177769898 ], [ 9.098626107585565, 62.334016939470338 ], [ 9.098678191863902, 62.334317888992999 ], [ 9.099334289120945, 62.334314484234184 ], [ 9.100340411971329, 62.334799279643129 ], [ 9.10055027326594, 62.334701070064938 ] ] ] ] } },
{ "type": "Feature", "properties": { "fid": 255551, "navn": null, "hoyde_moh": 1460, "arealInnsjo_km2": 0.046, "magasinKategori": null, "fid_2": 425, "id": 425, "left": 8.986919847, "top": 62.446110046000001, "right": 9.486919847, "bottom": 61.946110046000001, "row_index": 24, "col_index": 10, "tile_id": 425 }, "geometry": { "type": "MultiPolygon", "coordinates": [ [ [ [ 9.029159689657117, 62.355386533681312 ], [ 9.029078241408421, 62.355214831776877 ], [ 9.029220268941165, 62.355048698956473 ], [ 9.029951563876983, 62.354944759150243 ], [ 9.03009967608369, 62.354742241136336 ], [ 9.030336925410589, 62.354873107225067 ], [ 9.030810923220541, 62.354738819475926 ], [ 9.030996497701894, 62.354512611776578 ], [ 9.030812520781952, 62.354201978310705 ], [ 9.031071487848109, 62.354053752849694 ], [ 9.031392852412827, 62.354130071351605 ], [ 9.031543784535527, 62.354565698203672 ], [ 9.031910372328284, 62.354533752315326 ], [ 9.032146193454418, 62.35421579374448 ], [ 9.032106543133246, 62.353992768973022 ], [ 9.03279952146525, 62.354139278585123 ], [ 9.032977670464643, 62.35400567064373 ], [ 9.032844203048116, 62.353760421689081 ], [ 9.032959885018769, 62.353451159231703 ], [ 9.033606136986903, 62.354046124636618 ], [ 9.034246562933355, 62.354010015998959 ], [ 9.034446974969466, 62.353407625927446 ], [ 9.034358951265586, 62.353038277608562 ], [ 9.034561172817284, 62.352860593568984 ], [ 9.034483670430083, 62.352578496347434 ], [ 9.034166690649576, 62.352445198016362 ], [ 9.034122647691261, 62.35215175412317 ], [ 9.033488618551717, 62.352310590531651 ], [ 9.032973111787847, 62.35212444822767 ], [ 9.03277312531803, 62.352923952796509 ], [ 9.032622497656483, 62.352910718629737 ], [ 9.032181967221927, 62.35250873205748 ], [ 9.032370776833712, 62.352153364929649 ], [ 9.032269263475042, 62.351749758898194 ], [ 9.031961230812646, 62.351499697751258 ], [ 9.031625248891949, 62.351560061882573 ], [ 9.031165917058551, 62.351893250469296 ], [ 9.031237906826373, 62.352274787813968 ], [ 9.031118899431661, 62.352328462058857 ], [ 9.031539816447403, 62.353028091600642 ], [ 9.031531082746625, 62.353460808937868 ], [ 9.031130769273506, 62.353700915521912 ], [ 9.030757981234096, 62.353701798427764 ], [ 9.030679596560704, 62.353035458315489 ], [ 9.030408978352765, 62.353042898571765 ], [ 9.030519150519513, 62.353642086608765 ], [ 9.029645229300471, 62.354100049883733 ], [ 9.029321483412843, 62.354445823980761 ], [ 9.029324925788393, 62.354704568135588 ], [ 9.028893507168108, 62.354778826408726 ], [ 9.029022866135335, 62.354960964922363 ], [ 9.028738124768084, 62.355424929708015 ], [ 9.029159689657117, 62.355386533681312 ] ] ] ] } },
{ "type": "Feature", "properties": { "fid": 255552, "navn": null, "hoyde_moh": 1472, "arealInnsjo_km2": 0.0403, "magasinKategori": null, "fid_2": 425, "id": 425, "left": 8.986919847, "top": 62.446110046000001, "right": 9.486919847, "bottom": 61.946110046000001, "row_index": 24, "col_index": 10, "tile_id": 425 }, "geometry": { "type": "MultiPolygon", "coordinates": [ [ [ [ 9.121869327674665, 62.359068613337506 ], [ 9.120079242808927, 62.358184982681117 ], [ 9.118177167994626, 62.357538583267292 ], [ 9.117554945831268, 62.357514989258362 ], [ 9.117484017986927, 62.357171749962028 ], [ 9.115864846061042, 62.357316811827268 ], [ 9.115737911767731, 62.357475646234327 ], [ 9.116121473244942, 62.358359827422163 ], [ 9.117336188748833, 62.35904382163892 ], [ 9.120412646577973, 62.359367728174028 ], [ 9.121869327674665, 62.359068613337506 ] ] ] ] } },
{ "type": "Feature", "properties": { "fid": 255554, "navn": null, "hoyde_moh": 1442, "arealInnsjo_km2": 0.0052, "magasinKategori": null, "fid_2": 425, "id": 425, "left": 8.986919847, "top": 62.446110046000001, "right": 9.486919847, "bottom": 61.946110046000001, "row_index": 24, "col_index": 10, "tile_id": 425 }, "geometry": { "type": "MultiPolygon", "coordinates": [ [ [ [ 9.192071168056, 62.386698477002994 ], [ 9.190972576300386, 62.386154581400596 ], [ 9.189242207052017, 62.385918947461668 ], [ 9.189694136460837, 62.386023567601711 ], [ 9.190589135935747, 62.386631965212459 ], [ 9.19149346084523, 62.38677405480847 ], [ 9.192071168056, 62.386698477002994 ] ] ] ] } },
{ "type": "Feature", "properties": { "fid": 255555, "navn": null, "hoyde_moh": 1654, "arealInnsjo_km2": 0.0456, "magasinKategori": null, "fid_2": 425, "id": 425, "left": 8.986919847, "top": 62.446110046000001, "right": 9.486919847, "bottom": 61.946110046000001, "row_index": 24, "col_index": 10, "tile_id": 425 }, "geometry": { "type": "MultiPolygon", "coordinates": [ [ [ [ 9.062776788218009, 62.38124072705105 ], [ 9.063775307522823, 62.380533520331454 ], [ 9.064914158613762, 62.380327873319153 ], [ 9.065333753215116, 62.379998814075975 ], [ 9.066527178357902, 62.379597047166349 ], [ 9.068561170791376, 62.379140802472605 ], [ 9.067728937052969, 62.379170687017378 ], [ 9.068340955582498, 62.378847954656372 ], [ 9.068248810497934, 62.378773787509161 ], [ 9.068765838477075, 62.378613201227978 ], [ 9.068656793572126, 62.378464842126526 ], [ 9.06905522220935, 62.378076885464147 ], [ 9.068451727754685, 62.377869668277512 ], [ 9.067532761392664, 62.377907818279006 ], [ 9.066785192272144, 62.3781406570548 ], [ 9.065178411710953, 62.37901544947843 ], [ 9.063698999552699, 62.379478532183697 ], [ 9.061877275609408, 62.380867664365461 ], [ 9.061835693804369, 62.381026331759905 ], [ 9.062158518734524, 62.381224090277698 ], [ 9.0621135780922, 62.381423130813879 ], [ 9.062776788218009, 62.38124072705105 ] ] ] ] } },
{ "type": "Feature", "properties": { "fid": 255557, "navn": null, "hoyde_moh": 1370, "arealInnsjo_km2": 0.0361, "magasinKategori": null, "fid_2": 425, "id": 425, "left": 8.986919847, "top": 62.446110046000001, "right": 9.486919847, "bottom": 61.946110046000001, "row_index": 24, "col_index": 10, "tile_id": 425 }, "geometry": { "type": "MultiPolygon", "coordinates": [ [ [ [ 9.21823738965788, 62.418064379422503 ], [ 9.217501083186143, 62.417771049397132 ], [ 9.217814910766515, 62.417687335957893 ], [ 9.217874786498314, 62.417476293487276 ], [ 9.219521179228824, 62.417550204191897 ], [ 9.218572632119738, 62.41705648054041 ], [ 9.218796170866801, 62.416861430673457 ], [ 9.218624356671359, 62.416654790441271 ], [ 9.219362428361308, 62.416578734948686 ], [ 9.219183176911491, 62.41644362422187 ], [ 9.219170228927837, 62.416147360561538 ], [ 9.216753660637242, 62.416229533222456 ], [ 9.21697637278092, 62.416345661222138 ], [ 9.216035327129033, 62.416424236751745 ], [ 9.216164914501311, 62.416652348785789 ], [ 9.215696097811405, 62.416824669937952 ], [ 9.215009179402269, 62.416803900912939 ], [ 9.215736956643763, 62.4169264767622 ], [ 9.215515162675688, 62.417302901561939 ], [ 9.215674939405455, 62.417425233493049 ], [ 9.215655835236561, 62.417722414649127 ], [ 9.215196026314734, 62.417980451695492 ], [ 9.215549995307121, 62.418331155664525 ], [ 9.217030926560412, 62.418473735087524 ], [ 9.21823738965788, 62.418064379422503 ] ] ] ] } },
{ "type": "Feature", "properties": { "fid": 255558, "navn": null, "hoyde_moh": 1711, "arealInnsjo_km2": 0.0109, "magasinKategori": null, "fid_2": 425, "id": 425, "left": 8.986919847, "top": 62.446110046000001, "right": 9.486919847, "bottom": 61.946110046000001, "row_index": 24, "col_index": 10, "tile_id": 425 }, "geometry": { "type": "MultiPolygon", "coordinates": [ [ [ [ 9.052072549088777, 62.411610588448291 ], [ 9.051966608823376, 62.410844867658284 ], [ 9.051579615508167, 62.41040070115799 ], [ 9.050816106214738, 62.410265173580171 ], [ 9.050316374570839, 62.410833697947062 ], [ 9.050507332995616, 62.411199601051699 ], [ 9.051330433264361, 62.411791565374301 ], [ 9.051810110709841, 62.411917544462128 ], [ 9.052072549088777, 62.411610588448291 ] ] ] ] } },
{ "type": "Feature", "properties": { "fid": 255561, "navn": null, "hoyde_moh": 1469, "arealInnsjo_km2": 0.0728, "magasinKategori": null, "fid_2": 425, "id": 425, "left": 8.986919847, "top": 62.446110046000001, "right": 9.486919847, "bottom": 61.946110046000001, "row_index": 24, "col_index": 10, "tile_id": 425 }, "geometry": { "type": "MultiPolygon", "coordinates": [ [ [ [ 9.010945794895294, 62.41062838839062 ], [ 9.011532406440438, 62.410233638367977 ], [ 9.012862773350333, 62.409928760113857 ], [ 9.012746220848761, 62.409836124395653 ], [ 9.012914293460062, 62.409588371497001 ], [ 9.013959926912859, 62.408853774127266 ], [ 9.014410111413209, 62.408201646611225 ], [ 9.01438553731572, 62.408020053513056 ], [ 9.01206387014706, 62.407105532812665 ], [ 9.011326821634679, 62.407051238244541 ], [ 9.009224349364846, 62.407792811899071 ], [ 9.009237475772217, 62.40801488230521 ], [ 9.008626554279079, 62.408464129516489 ], [ 9.008470897764667, 62.408889887402424 ], [ 9.008927736832346, 62.409372684762886 ], [ 9.010365526872775, 62.409775244709685 ], [ 9.010413650934384, 62.410181069610154 ], [ 9.010064924897803, 62.410283984155676 ], [ 9.01028635219553, 62.410400594761882 ], [ 9.010227609156342, 62.410563828911499 ], [ 9.010945794895294, 62.41062838839062 ] ] ] ] } },
{ "type": "Feature", "properties": { "fid": 255564, "navn": null, "hoyde_moh": 1454, "arealInnsjo_km2": 0.0052, "magasinKategori": null, "fid_2": 425, "id": 425, "left": 8.986919847, "top": 62.446110046000001, "right": 9.486919847, "bottom": 61.946110046000001, "row_index": 24, "col_index": 10, "tile_id": 425 }, "geometry": { "type": "MultiPolygon", "coordinates": [ [ [ [ 9.004944157741502, 62.284007878291689 ], [ 9.004932691220226, 62.283570405043918 ], [ 9.004698393238314, 62.28361590560791 ], [ 9.004833143692888, 62.283416353543103 ], [ 9.004579323304581, 62.283411485047587 ], [ 9.004106131073822, 62.283829590631441 ], [ 9.003831463246968, 62.283525326454459 ], [ 9.003492599488357, 62.283661741527332 ], [ 9.00354125564299, 62.284051302798645 ], [ 9.004197015772109, 62.284323358727626 ], [ 9.004944157741502, 62.284007878291689 ] ] ] ] } },
{ "type": "Feature", "properties": { "fid": 255565, "navn": null, "hoyde_moh": 1416, "arealInnsjo_km2": 0.0029, "magasinKategori": null, "fid_2": 425, "id": 425, "left": 8.986919847, "top": 62.446110046000001, "right": 9.486919847, "bottom": 61.946110046000001, "row_index": 24, "col_index": 10, "tile_id": 425 }, "geometry": { "type": "MultiPolygon", "coordinates": [ [ [ [ 9.105645914146754, 62.288700255575641 ], [ 9.105638382438649, 62.288167298605607 ], [ 9.105410438046853, 62.288024526938194 ], [ 9.104835208767629, 62.288181547307396 ], [ 9.104929077175612, 62.288617342826321 ], [ 9.105645914146754, 62.288700255575641 ] ] ] ] } },
{ "type": "Feature", "properties": { "fid": 255566, "navn": null, "hoyde_moh": 1525, "arealInnsjo_km2": 0.0354, "magasinKategori": null, "fid_2": 425, "id": 425, "left": 8.986919847, "top": 62.446110046000001, "right": 9.486919847, "bottom": 61.946110046000001, "row_index": 24, "col_index": 10, "tile_id": 425 }, "geometry": { "type": "MultiPolygon", "coordinates": [ [ [ [ 9.215271316538162, 62.29347967983955 ], [ 9.215483637051065, 62.293100096869033 ], [ 9.215906594272059, 62.293023145078472 ], [ 9.2144320795325, 62.29257419440497 ], [ 9.214511245195496, 62.292241534445978 ], [ 9.215299318919254, 62.292218184728689 ], [ 9.214229179004501, 62.291441689136128 ], [ 9.212798525368399, 62.291936464595572 ], [ 9.211943763034292, 62.292024980844047 ], [ 9.211312798472878, 62.291905258374669 ], [ 9.210314036936644, 62.292210194796851 ], [ 9.210111773240753, 62.292605496020158 ], [ 9.213326540308795, 62.293215610560885 ], [ 9.213155735482495, 62.293290306022946 ], [ 9.213287310360577, 62.293366021052861 ], [ 9.215271316538162, 62.29347967983955 ] ], [ [ 9.214235191892609, 62.292169148002472 ], [ 9.214356074097923, 62.292188961132553 ], [ 9.214117244423496, 62.292362902468732 ], [ 9.213877492683473, 62.292319848882549 ], [ 9.214235191892609, 62.292169148002472 ] ] ] ] } },
{ "type": "Feature", "properties": { "fid": 255567, "navn": null, "hoyde_moh": 1476, "arealInnsjo_km2": 0.0063, "magasinKategori": null, "fid_2": 425, "id": 425, "left": 8.986919847, "top": 62.446110046000001, "right": 9.486919847, "bottom": 61.946110046000001, "row_index": 24, "col_index": 10, "tile_id": 425 }, "geometry": { "type": "MultiPolygon", "coordinates": [ [ [ [ 8.991149528861467, 62.284013238107413 ], [ 8.991268123447538, 62.283814706005877 ], [ 8.990954936809569, 62.283657222797387 ], [ 8.990290736989465, 62.283679177305416 ], [ 8.990467315834623, 62.283441112229255 ], [ 8.990077524524835, 62.283363142013734 ], [ 8.990245327374579, 62.283316760071983 ], [ 8.990147777792883, 62.283161791849885 ], [ 8.989749881423572, 62.283181346589316 ], [ 8.989588577940514, 62.283498592449881 ], [ 8.989904809131867, 62.283655310757858 ], [ 8.989321669276473, 62.284006378887995 ], [ 8.990459444954947, 62.284199300923518 ], [ 8.991149528861467, 62.284013238107413 ] ] ] ] } },
{ "type": "Feature", "properties": { "fid": 255569, "navn": null, "hoyde_moh": 1336, "arealInnsjo_km2": 0.0035, "magasinKategori": null, "fid_2": 425, "id": 425, "left": 8.986919847, "top": 62.446110046000001, "right": 9.486919847, "bottom": 61.946110046000001, "row_index": 24, "col_index": 10, "tile_id": 425 }, "geometry": { "type": "MultiPolygon", "coordinates": [ [ [ [ 9.03698317899627, 62.306415884217493 ], [ 9.038055257592271, 62.30612509985481 ], [ 9.037080547643363, 62.305891813090319 ], [ 9.03645592761597, 62.305984047428751 ], [ 9.036843304694894, 62.306716718281734 ], [ 9.03698317899627, 62.306415884217493 ] ] ] ] } },
{ "type": "Feature", "properties": { "fid": 255570, "navn": null, "hoyde_moh": 1412, "arealInnsjo_km2": 0.0046, "magasinKategori": null, "fid_2": 425, "id": 425, "left": 8.986919847, "top": 62.446110046000001, "right": 9.486919847, "bottom": 61.946110046000001, "row_index": 24, "col_index": 10, "tile_id": 425 }, "geometry": { "type": "MultiPolygon", "coordinates": [ [ [ [ 9.122678946530057, 62.31085126690175 ], [ 9.122568326705053, 62.310668311987158 ], [ 9.122679089743794, 62.310540393747544 ], [ 9.123227439159471, 62.31040969842644 ], [ 9.122945002156714, 62.310223867826579 ], [ 9.122303478589931, 62.310144797085286 ], [ 9.121261539531748, 62.310331074386355 ], [ 9.122487551419356, 62.310923636562244 ], [ 9.122678946530057, 62.31085126690175 ] ] ] ] } },
{ "type": "Feature", "properties": { "fid": 255572, "navn": null, "hoyde_moh": 1376, "arealInnsjo_km2": 0.0076, "magasinKategori": null, "fid_2": 425, "id": 425, "left": 8.986919847, "top": 62.446110046000001, "right": 9.486919847, "bottom": 61.946110046000001, "row_index": 24, "col_index": 10, "tile_id": 425 }, "geometry": { "type": "MultiPolygon", "coordinates": [ [ [ [ 9.060326384092324, 62.333570073888886 ], [ 9.060845903368291, 62.333731260528495 ], [ 9.061038843405901, 62.333500207205489 ], [ 9.061527686365672, 62.333476130697306 ], [ 9.062024902423863, 62.333115581655314 ], [ 9.061210225430301, 62.332765191388944 ], [ 9.061204781275171, 62.332482871091237 ], [ 9.060858965051704, 62.332455540033138 ], [ 9.060299102628594, 62.332820513675287 ], [ 9.060379839381477, 62.333098047041908 ], [ 9.059798253780322, 62.333676107573126 ], [ 9.060326384092324, 62.333570073888886 ] ], [ [ 9.061361609812291, 62.333206107061002 ], [ 9.061447916531492, 62.333346120949699 ], [ 9.061203338430053, 62.333378500978263 ], [ 9.061103137591575, 62.333292004117133 ], [ 9.061361609812291, 62.333206107061002 ] ] ] ] } },
{ "type": "Feature", "properties": { "fid": 255573, "navn": "Øvre Lustjønne", "hoyde_moh": 1377, "arealInnsjo_km2": 0.124, "magasinKategori": null, "fid_2": 425, "id": 425, "left": 8.986919847, "top": 62.446110046000001, "right": 9.486919847, "bottom": 61.946110046000001, "row_index": 24, "col_index": 10, "tile_id": 425 }, "geometry": { "type": "MultiPolygon", "coordinates": [ [ [ [ 9.00303137043249, 62.33121245762289 ], [ 9.004776868083589, 62.330455612707723 ], [ 9.005524433258724, 62.330479842061472 ], [ 9.006280832758103, 62.329798515989154 ], [ 9.00769062195727, 62.32970712167068 ], [ 9.007900090603261, 62.329845748577803 ], [ 9.008667161679742, 62.329535937337013 ], [ 9.009498486873527, 62.329592399923868 ], [ 9.008937601885252, 62.329183496378242 ], [ 9.008428822924499, 62.328431620350734 ], [ 9.007921771407046, 62.328020896821755 ], [ 9.007347125499626, 62.32780020925108 ], [ 9.006826851043355, 62.327877029391374 ], [ 9.006447520626333, 62.328124270362935 ], [ 9.005760421682362, 62.328024502361451 ], [ 9.00557977197861, 62.327446539585722 ], [ 9.004519669105902, 62.327430758820661 ], [ 9.004351595749036, 62.326735831906319 ], [ 9.004128798938522, 62.326468491031108 ], [ 9.003850043040787, 62.326448056968545 ], [ 9.003544793218987, 62.326165171879126 ], [ 9.003144599836912, 62.326205033107584 ], [ 9.003039292196419, 62.326556325606774 ], [ 9.002438406056811, 62.326770017625478 ], [ 9.001827708826426, 62.326570165686135 ], [ 9.001763694353576, 62.326803037539548 ], [ 9.001634027659291, 62.327404675237986 ], [ 9.001792115986845, 62.327793119219926 ], [ 9.001710566887738, 62.328996075383209 ], [ 9.001860585995004, 62.330070296981674 ], [ 9.001669229345552, 62.330978202862994 ], [ 9.001695256595815, 62.331263234660305 ], [ 9.00303137043249, 62.33121245762289 ] ] ] ] } },
{ "type": "Feature", "properties": { "fid": 255575, "navn": null, "hoyde_moh": 1286, "arealInnsjo_km2": 0.0175, "magasinKategori": null, "fid_2": 425, "id": 425, "left": 8.986919847, "top": 62.446110046000001, "right": 9.486919847, "bottom": 61.946110046000001, "row_index": 24, "col_index": 10, "tile_id": 425 }, "geometry": { "type": "MultiPolygon", "coordinates": [ [ [ [ 9.219681763107628, 62.364907979091981 ], [ 9.217513763502533, 62.364103945577469 ], [ 9.215855095573895, 62.363915170674311 ], [ 9.215346633766906, 62.364209774808543 ], [ 9.217422126974567, 62.365368099959646 ], [ 9.219681763107628, 62.364907979091981 ] ] ] ] } },
{ "type": "Feature", "properties": { "fid": 255580, "navn": null, "hoyde_moh": 1641, "arealInnsjo_km2": 0.0118, "magasinKategori": null, "fid_2": 425, "id": 425, "left": 8.986919847, "top": 62.446110046000001, "right": 9.486919847, "bottom": 61.946110046000001, "row_index": 24, "col_index": 10, "tile_id": 425 }, "geometry": { "type": "MultiPolygon", "coordinates": [ [ [ [ 9.063853340042808, 62.382470135848649 ], [ 9.065047695150149, 62.382011514340306 ], [ 9.065426763603009, 62.381553498807477 ], [ 9.065180723699084, 62.381471038271286 ], [ 9.065263264716178, 62.381376607592003 ], [ 9.064980636037223, 62.381415032427491 ], [ 9.063815148455578, 62.38186903494428 ], [ 9.062373996227802, 62.382098477536623 ], [ 9.060875809457132, 62.382590625452238 ], [ 9.063853340042808, 62.382470135848649 ] ] ] ] } },
{ "type": "Feature", "properties": { "fid": 255582, "navn": null, "hoyde_moh": 1504, "arealInnsjo_km2": 0.0114, "magasinKategori": null, "fid_2": 425, "id": 425, "left": 8.986919847, "top": 62.446110046000001, "right": 9.486919847, "bottom": 61.946110046000001, "row_index": 24, "col_index": 10, "tile_id": 425 }, "geometry": { "type": "MultiPolygon", "coordinates": [ [ [ [ 9.134234798550718, 62.384983716686293 ], [ 9.134325750302175, 62.384841350357441 ], [ 9.133235880390284, 62.384261319424063 ], [ 9.132208614581646, 62.384062324545141 ], [ 9.131807357211372, 62.384207597124743 ], [ 9.131632257128356, 62.384679968877691 ], [ 9.131813717351207, 62.384982851366431 ], [ 9.133218661042779, 62.38512533648715 ], [ 9.134234798550718, 62.384983716686293 ] ] ] ] } },
{ "type": "Feature", "properties": { "fid": 255584, "navn": null, "hoyde_moh": 1374, "arealInnsjo_km2": 0.0054, "magasinKategori": null, "fid_2": 425, "id": 425, "left": 8.986919847, "top": 62.446110046000001, "right": 9.486919847, "bottom": 61.946110046000001, "row_index": 24, "col_index": 10, "tile_id": 425 }, "geometry": { "type": "MultiPolygon", "coordinates": [ [ [ [ 9.212969106796111, 62.421089393181354 ], [ 9.213049003416556, 62.420818329619522 ], [ 9.212026648529337, 62.420593267839713 ], [ 9.211106523525537, 62.421251357208753 ], [ 9.211425790276365, 62.421467481415036 ], [ 9.212969106796111, 62.421089393181354 ] ] ] ] } },
{ "type": "Feature", "properties": { "fid": 255594, "navn": null, "hoyde_moh": 1416, "arealInnsjo_km2": 0.0029, "magasinKategori": null, "fid_2": 425, "id": 425, "left": 8.986919847, "top": 62.446110046000001, "right": 9.486919847, "bottom": 61.946110046000001, "row_index": 24, "col_index": 10, "tile_id": 425 }, "geometry": { "type": "MultiPolygon", "coordinates": [ [ [ [ 9.102151293254153, 62.288947162872951 ], [ 9.102804441022503, 62.288552001193551 ], [ 9.102511144046291, 62.288408332066226 ], [ 9.101956149576797, 62.2889219254062 ], [ 9.101445451240771, 62.288959865723335 ], [ 9.101198045360789, 62.289143619928709 ], [ 9.102811413546526, 62.289363229478568 ], [ 9.102151293254153, 62.288947162872951 ] ] ] ] } },
{ "type": "Feature", "properties": { "fid": 255598, "navn": null, "hoyde_moh": 1415, "arealInnsjo_km2": 0.0308, "magasinKategori": null, "fid_2": 425, "id": 425, "left": 8.986919847, "top": 62.446110046000001, "right": 9.486919847, "bottom": 61.946110046000001, "row_index": 24, "col_index": 10, "tile_id": 425 }, "geometry": { "type": "MultiPolygon", "coordinates": [ [ [ [ 9.09897518484498, 62.289361514339838 ], [ 9.098632210161192, 62.288953181091557 ], [ 9.098875144140647, 62.28863680072223 ], [ 9.10059732463588, 62.288552258779958 ], [ 9.101326921449537, 62.288255165897134 ], [ 9.102092957568082, 62.288282391778594 ], [ 9.10249667092757, 62.288048842216057 ], [ 9.101780581034399, 62.28757240755813 ], [ 9.100126819857454, 62.28760027511909 ], [ 9.099956899893833, 62.287397482268467 ], [ 9.100310171905804, 62.287166831664308 ], [ 9.100018406437679, 62.286790124424947 ], [ 9.099826883322773, 62.286795739230769 ], [ 9.099073877317519, 62.287512193845124 ], [ 9.099210932192644, 62.287690358786747 ], [ 9.099016468213687, 62.288046438991046 ], [ 9.097873395574535, 62.288617607998439 ], [ 9.097384349273748, 62.288468645302096 ], [ 9.097023739917706, 62.288565276355591 ], [ 9.096931875518596, 62.288712977688938 ], [ 9.097211981541848, 62.288835119194893 ], [ 9.097140811748838, 62.289097865864981 ], [ 9.096365715669446, 62.289455932725723 ], [ 9.096925336339758, 62.28949869579732 ], [ 9.097240607615888, 62.289331796350808 ], [ 9.09795017890084, 62.289688772733243 ], [ 9.09897518484498, 62.289361514339838 ] ] ] ] } },
{ "type": "Feature", "properties": { "fid": 255599, "navn": null, "hoyde_moh": 1442, "arealInnsjo_km2": 0.0027, "magasinKategori": null, "fid_2": 425, "id": 425, "left": 8.986919847, "top": 62.446110046000001, "right": 9.486919847, "bottom": 61.946110046000001, "row_index": 24, "col_index": 10, "tile_id": 425 }, "geometry": { "type": "MultiPolygon", "coordinates": [ [ [ [ 9.109940448943759, 62.310570983471891 ], [ 9.10860813414063, 62.310077680050377 ], [ 9.108200772576128, 62.310124551710146 ], [ 9.108536901883141, 62.310407953145777 ], [ 9.10931670608246, 62.31068032610893 ], [ 9.109940448943759, 62.310570983471891 ] ] ] ] } },
{ "type": "Feature", "properties": { "fid": 255600, "navn": null, "hoyde_moh": 1362, "arealInnsjo_km2": 0.0093, "magasinKategori": null, "fid_2": 425, "id": 425, "left": 8.986919847, "top": 62.446110046000001, "right": 9.486919847, "bottom": 61.946110046000001, "row_index": 24, "col_index": 10, "tile_id": 425 }, "geometry": { "type": "MultiPolygon", "coordinates": [ [ [ [ 9.115728658904915, 62.337551916580544 ], [ 9.115770021343062, 62.337264308246418 ], [ 9.116281910814736, 62.337005401668208 ], [ 9.116308341559293, 62.336782973263965 ], [ 9.115207560538366, 62.336472009925565 ], [ 9.114135421991728, 62.336463951814117 ], [ 9.114726743049051, 62.336778778248139 ], [ 9.114672027120601, 62.336989382221418 ], [ 9.114911946743719, 62.337094910590373 ], [ 9.114308327222986, 62.33694522276727 ], [ 9.113959315018629, 62.337141802436591 ], [ 9.114712634480522, 62.33737032235765 ], [ 9.114615206877293, 62.337524283589282 ], [ 9.114997952110294, 62.337665765093043 ], [ 9.115728658904915, 62.337551916580544 ] ] ] ] } },
{ "type": "Feature", "properties": { "fid": 255603, "navn": null, "hoyde_moh": 1601, "arealInnsjo_km2": 0.1873, "magasinKategori": null, "fid_2": 425, "id": 425, "left": 8.986919847, "top": 62.446110046000001, "right": 9.486919847, "bottom": 61.946110046000001, "row_index": 24, "col_index": 10, "tile_id": 425 }, "geometry": { "type": "MultiPolygon", "coordinates": [ [ [ [ 9.216684246765825, 62.315213880923913 ], [ 9.216834923688568, 62.314901937270996 ], [ 9.217929368744223, 62.314063938385509 ], [ 9.218098245518698, 62.313438573389021 ], [ 9.218394006000629, 62.313059313194373 ], [ 9.218652869814692, 62.311848322735941 ], [ 9.218434950913485, 62.31173831556773 ], [ 9.218463014676892, 62.311566552504026 ], [ 9.219066487361749, 62.310862183730173 ], [ 9.219121798680243, 62.31012216318593 ], [ 9.218614763014921, 62.309811946698126 ], [ 9.218500957675841, 62.309484916729325 ], [ 9.217662722364675, 62.308752263164976 ], [ 9.217170009459254, 62.308534551365256 ], [ 9.215750964363219, 62.308228389373724 ], [ 9.215021461725525, 62.308537772666988 ], [ 9.214739597379301, 62.309261404336574 ], [ 9.213823517891178, 62.310062711918405 ], [ 9.21398398179028, 62.310615043132522 ], [ 9.213477401456174, 62.311046077393691 ], [ 9.213502184166098, 62.311252635459958 ], [ 9.212551976018958, 62.312803127422278 ], [ 9.212665941129922, 62.313125039206348 ], [ 9.212531100717959, 62.313335644224111 ], [ 9.212946544342865, 62.313879990091074 ], [ 9.213143149146843, 62.314723436395766 ], [ 9.213734374715632, 62.315111906537389 ], [ 9.214650441925421, 62.315313902855593 ], [ 9.216684246765825, 62.315213880923913 ] ] ] ] } },
{ "type": "Feature", "properties": { "fid": 255604, "navn": null, "hoyde_moh": 1443, "arealInnsjo_km2": 0.005, "magasinKategori": null, "fid_2": 425, "id": 425, "left": 8.986919847, "top": 62.446110046000001, "right": 9.486919847, "bottom": 61.946110046000001, "row_index": 24, "col_index": 10, "tile_id": 425 }, "geometry": { "type": "MultiPolygon", "coordinates": [ [ [ [ 9.111536719031241, 62.311137162985723 ], [ 9.111666477549177, 62.310847640424896 ], [ 9.110614387334094, 62.31061592711017 ], [ 9.109969806155487, 62.310775255439168 ], [ 9.110318846548196, 62.311194069752702 ], [ 9.110996116701225, 62.311274355497254 ], [ 9.111536719031241, 62.311137162985723 ] ] ] ] } },
{ "type": "Feature", "properties": { "fid": 255606, "navn": null, "hoyde_moh": 1379, "arealInnsjo_km2": 0.0041, "magasinKategori": null, "fid_2": 425, "id": 425, "left": 8.986919847, "top": 62.446110046000001, "right": 9.486919847, "bottom": 61.946110046000001, "row_index": 24, "col_index": 10, "tile_id": 425 }, "geometry": { "type": "MultiPolygon", "coordinates": [ [ [ [ 9.073369686919149, 62.334728051744577 ], [ 9.072572866767249, 62.334219943282719 ], [ 9.072202659810591, 62.334226712778992 ], [ 9.072265952395384, 62.334385452129908 ], [ 9.071884854692698, 62.334646017860443 ], [ 9.073122548439802, 62.335113195388132 ], [ 9.073369686919149, 62.334728051744577 ] ] ] ] } },
{ "type": "Feature", "properties": { "fid": 255607, "navn": null, "hoyde_moh": 1379, "arealInnsjo_km2": 0.0448, "magasinKategori": null, "fid_2": 425, "id": 425, "left": 8.986919847, "top": 62.446110046000001, "right": 9.486919847, "bottom": 61.946110046000001, "row_index": 24, "col_index": 10, "tile_id": 425 }, "geometry": { "type": "MultiPolygon", "coordinates": [ [ [ [ 9.082981049892815, 62.335468770840883 ], [ 9.082857549026974, 62.335388140111711 ], [ 9.083026180611698, 62.334985136509971 ], [ 9.082481439725509, 62.334488119302897 ], [ 9.081083556750453, 62.334461936408829 ], [ 9.080099110147554, 62.334675782687732 ], [ 9.078660809654647, 62.334511085331243 ], [ 9.077285786202808, 62.33412911833981 ], [ 9.076019795866975, 62.334210619318725 ], [ 9.076726025832849, 62.334031012760612 ], [ 9.076357840444258, 62.333824764546669 ], [ 9.073891666092482, 62.334668613124265 ], [ 9.074560874236303, 62.335094637856365 ], [ 9.075952670466854, 62.335399647280013 ], [ 9.076517346068012, 62.335221194819681 ], [ 9.078340765307454, 62.335189159699212 ], [ 9.079576428622106, 62.335485841549193 ], [ 9.080249259182342, 62.335197918167289 ], [ 9.080840452343638, 62.335219379769121 ], [ 9.081844664678149, 62.334946678120751 ], [ 9.081851232039515, 62.33545376796026 ], [ 9.082236031268145, 62.335675204653946 ], [ 9.082981049892815, 62.335468770840883 ] ], [ [ 9.075673664952506, 62.334577580552327 ], [ 9.076062567185883, 62.334589877854178 ], [ 9.075987555111132, 62.334688233026306 ], [ 9.075588861456383, 62.334633380256989 ], [ 9.075673664952506, 62.334577580552327 ] ] ] ] } },
{ "type": "Feature", "properties": { "fid": 255608, "navn": null, "hoyde_moh": 1372, "arealInnsjo_km2": 0.0523, "magasinKategori": null, "fid_2": 425, "id": 425, "left": 8.986919847, "top": 62.446110046000001, "right": 9.486919847, "bottom": 61.946110046000001, "row_index": 24, "col_index": 10, "tile_id": 425 }, "geometry": { "type": "MultiPolygon", "coordinates": [ [ [ [ 9.141640000049312, 62.338171456800957 ], [ 9.142256186787602, 62.338162468757233 ], [ 9.142389203548634, 62.338067434939035 ], [ 9.142244925454005, 62.337961496541716 ], [ 9.142321680894105, 62.337800614862978 ], [ 9.139867796706213, 62.336850190541625 ], [ 9.136417969946274, 62.336193054355007 ], [ 9.134725466437155, 62.336234453397097 ], [ 9.134921353667112, 62.337003677974565 ], [ 9.136388300897066, 62.337885811235687 ], [ 9.136794054707963, 62.337935921132392 ], [ 9.136632196765015, 62.337843727744456 ], [ 9.136850184202638, 62.337779661221887 ], [ 9.137820022825352, 62.338033680834052 ], [ 9.140850765840781, 62.33807310638344 ], [ 9.141833540349412, 62.338408760115819 ], [ 9.141640000049312, 62.338171456800957 ] ] ] ] } },
{ "type": "Feature", "properties": { "fid": 255609, "navn": null, "hoyde_moh": 1407, "arealInnsjo_km2": 0.0073, "magasinKategori": null, "fid_2": 425, "id": 425, "left": 8.986919847, "top": 62.446110046000001, "right": 9.486919847, "bottom": 61.946110046000001, "row_index": 24, "col_index": 10, "tile_id": 425 }, "geometry": { "type": "MultiPolygon", "coordinates": [ [ [ [ 9.131351260618182, 62.363430798354933 ], [ 9.130554290219582, 62.363283644806579 ], [ 9.130281068448641, 62.363072846981645 ], [ 9.130321561333822, 62.362861366874952 ], [ 9.12890665515096, 62.363170354266508 ], [ 9.129051931116907, 62.363531494570559 ], [ 9.130010327460514, 62.363636239858096 ], [ 9.130448447799887, 62.363880843740496 ], [ 9.131351260618182, 62.363430798354933 ] ] ] ] } },
{ "type": "Feature", "properties": { "fid": 255610, "navn": "Åmotsvatnet", "hoyde_moh": 1301, "arealInnsjo_km2": 0.9902, "magasinKategori": null, "fid_2": 425, "id": 425, "left": 8.986919847, "top": 62.446110046000001, "right": 9.486919847, "bottom": 61.946110046000001, "row_index": 24, "col_index": 10, "tile_id": 425 }, "geometry": { "type": "MultiPolygon", "coordinates": [ [ [ [ 9.203339547484765, 62.367095113608549 ], [ 9.201879159657246, 62.366751692649849 ], [ 9.201590374329133, 62.36624035004867 ], [ 9.199587133806688, 62.365207945162005 ], [ 9.199494336840177, 62.364678592354174 ], [ 9.199027149826019, 62.36411108100544 ], [ 9.199181105989281, 62.363759579728359 ], [ 9.198113084734223, 62.363042529238299 ], [ 9.198100216473843, 62.362827912352742 ], [ 9.19772369166277, 62.362530839465748 ], [ 9.197740662055043, 62.362034252434611 ], [ 9.197550657293569, 62.361695735335452 ], [ 9.198023022349668, 62.361758161404822 ], [ 9.19806217879456, 62.361546080166256 ], [ 9.199645594652937, 62.361681065479665 ], [ 9.200321938934888, 62.361321693919969 ], [ 9.199900647986386, 62.360512406508093 ], [ 9.198873998843249, 62.359826346525246 ], [ 9.200035100631609, 62.359679178689241 ], [ 9.200030177864509, 62.359451480872266 ], [ 9.19814742606294, 62.359055870433814 ], [ 9.198090633078133, 62.359142979900504 ], [ 9.199012433984317, 62.359429814905404 ], [ 9.198523944162842, 62.359949896736069 ], [ 9.198732558957937, 62.360252370589428 ], [ 9.197724656937719, 62.360338777104275 ], [ 9.196410855454602, 62.360739711045539 ], [ 9.195655051829716, 62.360663080424565 ], [ 9.195223045155192, 62.360942358557587 ], [ 9.195427269469677, 62.360546600935308 ], [ 9.194393640989285, 62.359955009058702 ], [ 9.193487857433396, 62.359777563230097 ], [ 9.193136270011738, 62.35940526771941 ], [ 9.192901766434188, 62.358698026921495 ], [ 9.193249682366037, 62.357748150199484 ], [ 9.191231759091293, 62.356862625512115 ], [ 9.190868186512104, 62.356913029806528 ], [ 9.1904025000833, 62.356713747547438 ], [ 9.188823185499377, 62.356851686669266 ], [ 9.188859961396849, 62.356536337228341 ], [ 9.188141174184135, 62.356443297335495 ], [ 9.188426642793365, 62.356091463413101 ], [ 9.188321538177751, 62.355980109721166 ], [ 9.189782877962955, 62.356211382310512 ], [ 9.189930375917115, 62.356144189247054 ], [ 9.189907534526427, 62.355948327448992 ], [ 9.190285168971581, 62.355850351293959 ], [ 9.190178345489398, 62.355632967262729 ], [ 9.189564989506312, 62.355603766636783 ], [ 9.188508426843475, 62.355044921115883 ], [ 9.187084283284525, 62.354750103159944 ], [ 9.186402106760745, 62.354895894913795 ], [ 9.186572476653497, 62.355104152523658 ], [ 9.187664642310263, 62.355506330494876 ], [ 9.187320582528018, 62.355660892252509 ], [ 9.187632197643701, 62.355872185792663 ], [ 9.186507363524369, 62.355741056887275 ], [ 9.186582569383999, 62.355465398781924 ], [ 9.186319340121361, 62.355334272771124 ], [ 9.185123841116862, 62.355291816634342 ], [ 9.184001552421588, 62.355640611712495 ], [ 9.18422339477743, 62.355500919555105 ], [ 9.184046279199855, 62.355341439978154 ], [ 9.182594313009936, 62.354828895600342 ], [ 9.182277260432869, 62.354945056514261 ], [ 9.18296401456827, 62.355180826950566 ], [ 9.181578028119924, 62.355157539704962 ], [ 9.178479020404223, 62.354620508777543 ], [ 9.178174933559839, 62.354415720081867 ], [ 9.179172925652722, 62.354632883523415 ], [ 9.179088245690851, 62.35422124019091 ], [ 9.179266690545258, 62.354218195137285 ], [ 9.180426506683968, 62.354476980044659 ], [ 9.180857436217462, 62.354809790274494 ], [ 9.181284379763214, 62.35478619777701 ], [ 9.181043805330649, 62.354423923411915 ], [ 9.179057705269685, 62.354000564122764 ], [ 9.178465415552695, 62.353519273646121 ], [ 9.17788396989565, 62.353411865423524 ], [ 9.177364833478801, 62.353029788218755 ], [ 9.1764531313666, 62.352826495594051 ], [ 9.175058466719371, 62.35188801272902 ], [ 9.174982943651745, 62.351577039369076 ], [ 9.174783657702452, 62.351518975206027 ], [ 9.17489637897366, 62.351399562147911 ], [ 9.174565824373053, 62.351202654908164 ], [ 9.173876170506137, 62.351513449827635 ], [ 9.173021465469882, 62.351342145488992 ], [ 9.172468842292606, 62.350883737628081 ], [ 9.172624547208875, 62.350771443756187 ], [ 9.172521694203139, 62.350456709165975 ], [ 9.172924261209165, 62.350379904266845 ], [ 9.17299478667892, 62.35016572200869 ], [ 9.172576866468516, 62.349801649665487 ], [ 9.171889633992, 62.349662940653474 ], [ 9.171379012445829, 62.349204941502144 ], [ 9.171089466897255, 62.349215640096162 ], [ 9.171142157195977, 62.349396828524156 ], [ 9.169762476628875, 62.349548512698576 ], [ 9.170189096339241, 62.350197176445839 ], [ 9.170299614967012, 62.351339406232697 ], [ 9.170143517788624, 62.351719422486021 ], [ 9.169502546891902, 62.352412789123484 ], [ 9.168812900930909, 62.352022518266097 ], [ 9.167875155529906, 62.351911610177289 ], [ 9.168072689274572, 62.351540810101994 ], [ 9.167520688819323, 62.351399933545963 ], [ 9.167313497085285, 62.351156699185083 ], [ 9.166731772739453, 62.351407269555871 ], [ 9.166380029848204, 62.350905606820831 ], [ 9.167511622135637, 62.350492344975528 ], [ 9.168198701902764, 62.350619905914613 ], [ 9.168366903241269, 62.350425586643951 ], [ 9.166259087486848, 62.350058401553746 ], [ 9.165393583824422, 62.350091136328231 ], [ 9.165463082087712, 62.350171933864289 ], [ 9.165093913659748, 62.350332768102916 ], [ 9.161571752908474, 62.351454845109473 ], [ 9.161332356783726, 62.35167523980784 ], [ 9.16028182454043, 62.351688901835821 ], [ 9.159105846462074, 62.352050814435188 ], [ 9.159251310388601, 62.352537780986225 ], [ 9.159811435857018, 62.352875384702934 ], [ 9.162568921150461, 62.353676302915652 ], [ 9.161909833416185, 62.353840234039481 ], [ 9.164029125218507, 62.354343543542363 ], [ 9.165117122846906, 62.354336917976497 ], [ 9.165488206127431, 62.354170490965195 ], [ 9.165382508316096, 62.354032804022239 ], [ 9.165781905374145, 62.354179513261386 ], [ 9.165614606055112, 62.354266555481964 ], [ 9.165771696841949, 62.354400011817717 ], [ 9.166146795764506, 62.354479527502015 ], [ 9.169068164320713, 62.354445172829145 ], [ 9.168460988836241, 62.354752569747362 ], [ 9.168508309231687, 62.354897612674677 ], [ 9.168312549010661, 62.355034327057162 ], [ 9.169382511104121, 62.355357309406052 ], [ 9.170441437629025, 62.3553289828224 ], [ 9.170918079273875, 62.355633498862822 ], [ 9.171896555134525, 62.355779673829012 ], [ 9.172870792256942, 62.356133896056768 ], [ 9.173039826327145, 62.356545757951857 ], [ 9.174486096454759, 62.356654935288667 ], [ 9.176064540961386, 62.357427561707503 ], [ 9.180622001207627, 62.358731722982462 ], [ 9.180941064302512, 62.35894649538011 ], [ 9.181109565674523, 62.359310877373659 ], [ 9.181827912419321, 62.359445345887238 ], [ 9.182031770758018, 62.359705608415268 ], [ 9.182872060248455, 62.359843834483648 ], [ 9.183351928061764, 62.360238463054777 ], [ 9.184762598780054, 62.360848288726821 ], [ 9.185591391208778, 62.361015003371634 ], [ 9.184682481248924, 62.361372572612055 ], [ 9.1851247724383, 62.361634630845288 ], [ 9.185024638271678, 62.361794011068461 ], [ 9.185187606836315, 62.361858908116979 ], [ 9.185857890125019, 62.361979815609153 ], [ 9.187419668386998, 62.361866824255678 ], [ 9.188710339479542, 62.36211021484317 ], [ 9.189587386214461, 62.361815833840211 ], [ 9.18933699008655, 62.361039049921423 ], [ 9.189815518635665, 62.360880840418794 ], [ 9.190184814922434, 62.361124790172127 ], [ 9.190230433872717, 62.361409020272042 ], [ 9.189911021112422, 62.361774831686986 ], [ 9.190249422896061, 62.362075193444412 ], [ 9.191527949380511, 62.361863870536673 ], [ 9.192521190131806, 62.36195136217637 ], [ 9.192708008664905, 62.36218712574582 ], [ 9.192227423325887, 62.362341928374313 ], [ 9.192637662018903, 62.362665726159364 ], [ 9.193368821993232, 62.36267580225887 ], [ 9.193552049544261, 62.362970110452309 ], [ 9.19410430599101, 62.363163278400577 ], [ 9.194247944903674, 62.362906235685692 ], [ 9.194093304845341, 62.362763286725091 ], [ 9.194370806486083, 62.362758334116826 ], [ 9.194117143942391, 62.362430471281769 ], [ 9.19351022068393, 62.362145530161136 ], [ 9.193584833869515, 62.361816730093203 ], [ 9.193367149071749, 62.361679153817448 ], [ 9.193395875026797, 62.361459074242909 ], [ 9.194244254301273, 62.361538060270661 ], [ 9.194570816981365, 62.36136096215121 ], [ 9.194946950633506, 62.361514888874204 ], [ 9.195097600126827, 62.361800359604395 ], [ 9.195566125672404, 62.361819601582994 ], [ 9.195699674652376, 62.362133344048182 ], [ 9.195468854439483, 62.362293384583765 ], [ 9.19574635536642, 62.362357388430539 ], [ 9.195076462482172, 62.362781017736282 ], [ 9.194994282177493, 62.36307295143142 ], [ 9.195037348156799, 62.363271637933416 ], [ 9.195249972505261, 62.363325456106963 ], [ 9.195149525161849, 62.363449719328088 ], [ 9.194757792911831, 62.363313146278784 ], [ 9.194800864763842, 62.363593755906116 ], [ 9.194447286732684, 62.363657193572138 ], [ 9.194873920718294, 62.363969606119269 ], [ 9.194833481185617, 62.364124197597455 ], [ 9.195315613405459, 62.364332340855775 ], [ 9.196043596666398, 62.364350010823223 ], [ 9.196268793226849, 62.364156064403979 ], [ 9.196129699984441, 62.363875850362646 ], [ 9.196605927380086, 62.3631396513235 ], [ 9.197553927960831, 62.363196855086827 ], [ 9.198029091110413, 62.36344097730283 ], [ 9.197665616646793, 62.363626532776955 ], [ 9.198613504931641, 62.365682721911476 ], [ 9.199440508605752, 62.366104762346325 ], [ 9.200034264781909, 62.366023173209321 ], [ 9.200282192644876, 62.36613400358415 ], [ 9.200356350689713, 62.366225417231149 ], [ 9.199997757896709, 62.366486714042587 ], [ 9.200522800100373, 62.366862905775086 ], [ 9.201180873056327, 62.366959637145719 ], [ 9.201783968092778, 62.366848902417743 ], [ 9.202740532141942, 62.367166774931121 ], [ 9.203339547484765, 62.367095113608549 ] ], [ [ 9.173110884032408, 62.3540862339974 ], [ 9.172425290935573, 62.353366024718106 ], [ 9.171977626027237, 62.353405553960826 ], [ 9.172116300507348, 62.353677590546141 ], [ 9.172030098130094, 62.353816931805277 ], [ 9.172272552820266, 62.354033550442423 ], [ 9.171603626568746, 62.353614097155074 ], [ 9.171293697185755, 62.352988619220142 ], [ 9.171416481031127, 62.352326767458415 ], [ 9.172840934408837, 62.352275163601057 ], [ 9.172461895160879, 62.352521668247256 ], [ 9.173052673665474, 62.352957370778938 ], [ 9.174203669382827, 62.353481149658101 ], [ 9.174749367677512, 62.353533236399279 ], [ 9.174580407311799, 62.353332132793049 ], [ 9.17475190118366, 62.353243276267506 ], [ 9.175615750366639, 62.353754442905696 ], [ 9.173050096403285, 62.354284170636511 ], [ 9.173110884032408, 62.3540862339974 ] ], [ [ 9.177510700043843, 62.353754413514913 ], [ 9.177519690132003, 62.353593553233502 ], [ 9.177665668029793, 62.353529279851116 ], [ 9.178442175151568, 62.354038561516639 ], [ 9.17811905404106, 62.354154998626512 ], [ 9.177510700043843, 62.353754413514913 ] ], [ [ 9.194336282358201, 62.360858530992573 ], [ 9.19465439762125, 62.360856898316719 ], [ 9.194532838224097, 62.360936165236332 ], [ 9.194276439404259, 62.360958295268979 ], [ 9.194336282358201, 62.360858530992573 ] ], [ [ 9.199572846750629, 62.365525764868252 ], [ 9.199905943463593, 62.365492065999334 ], [ 9.199870244044293, 62.365583299022106 ], [ 9.199572846750629, 62.365525764868252 ] ] ] ] } },
{ "type": "Feature", "properties": { "fid": 255611, "navn": null, "hoyde_moh": 1510, "arealInnsjo_km2": 0.0067, "magasinKategori": null, "fid_2": 425, "id": 425, "left": 8.986919847, "top": 62.446110046000001, "right": 9.486919847, "bottom": 61.946110046000001, "row_index": 24, "col_index": 10, "tile_id": 425 }, "geometry": { "type": "MultiPolygon", "coordinates": [ [ [ [ 9.13702181187171, 62.385909932870192 ], [ 9.136813033526025, 62.385591770360207 ], [ 9.136530732186522, 62.385427064622988 ], [ 9.135402652933484, 62.385725126653952 ], [ 9.135539068705405, 62.386210482289719 ], [ 9.135812103270268, 62.386456096020034 ], [ 9.13639451509472, 62.386555243638732 ], [ 9.13702181187171, 62.385909932870192 ] ] ] ] } },
{ "type": "Feature", "properties": { "fid": 255612, "navn": null, "hoyde_moh": 1397, "arealInnsjo_km2": 0.0073, "magasinKategori": null, "fid_2": 425, "id": 425, "left": 8.986919847, "top": 62.446110046000001, "right": 9.486919847, "bottom": 61.946110046000001, "row_index": 24, "col_index": 10, "tile_id": 425 }, "geometry": { "type": "MultiPolygon", "coordinates": [ [ [ [ 9.202190931441718, 62.389018738482058 ], [ 9.203035714518256, 62.388834175075623 ], [ 9.203404765812358, 62.38855223405259 ], [ 9.203423509641034, 62.388198321151826 ], [ 9.202830421491216, 62.388254218849099 ], [ 9.201253544753126, 62.388917562808693 ], [ 9.201414025529687, 62.3895274291813 ], [ 9.202190931441718, 62.389018738482058 ] ] ] ] } },
{ "type": "Feature", "properties": { "fid": 255613, "navn": null, "hoyde_moh": 1510, "arealInnsjo_km2": 0.0152, "magasinKategori": null, "fid_2": 425, "id": 425, "left": 8.986919847, "top": 62.446110046000001, "right": 9.486919847, "bottom": 61.946110046000001, "row_index": 24, "col_index": 10, "tile_id": 425 }, "geometry": { "type": "MultiPolygon", "coordinates": [ [ [ [ 9.139786860768144, 62.38723912552458 ], [ 9.139640897477566, 62.386910025647289 ], [ 9.139904665891532, 62.386743801445732 ], [ 9.139332287986688, 62.38634196120357 ], [ 9.13777436960334, 62.386138432181689 ], [ 9.136891121655387, 62.386632038295637 ], [ 9.137092082169518, 62.386896122144762 ], [ 9.139491556253189, 62.387586059205638 ], [ 9.139786860768144, 62.38723912552458 ] ] ] ] } },
{ "type": "Feature", "properties": { "fid": 255614, "navn": null, "hoyde_moh": 1661, "arealInnsjo_km2": 0.007, "magasinKategori": null, "fid_2": 425, "id": 425, "left": 8.986919847, "top": 62.446110046000001, "right": 9.486919847, "bottom": 61.946110046000001, "row_index": 24, "col_index": 10, "tile_id": 425 }, "geometry": { "type": "MultiPolygon", "coordinates": [ [ [ [ 9.008539810366718, 62.383030347768447 ], [ 9.008845908250494, 62.383241295126673 ], [ 9.009220284909565, 62.38316174116104 ], [ 9.009085745056074, 62.382541664809473 ], [ 9.007820323117873, 62.382366646339349 ], [ 9.007210090733896, 62.38253046641934 ], [ 9.007263609892714, 62.382736723692716 ], [ 9.007968050652739, 62.383210239189758 ], [ 9.008391635113192, 62.383302361771328 ], [ 9.008539810366718, 62.383030347768447 ] ] ] ] } },
{ "type": "Feature", "properties": { "fid": 255615, "navn": null, "hoyde_moh": 1458, "arealInnsjo_km2": 0.0494, "magasinKategori": null, "fid_2": 425, "id": 425, "left": 8.986919847, "top": 62.446110046000001, "right": 9.486919847, "bottom": 61.946110046000001, "row_index": 24, "col_index": 10, "tile_id": 425 }, "geometry": { "type": "MultiPolygon", "coordinates": [ [ [ [ 9.009054382308737, 62.414868030375821 ], [ 9.009973023175675, 62.414296625484972 ], [ 9.010840475788665, 62.414141074110155 ], [ 9.010965692934155, 62.414030769500741 ], [ 9.010905628702648, 62.413690251147607 ], [ 9.011475923088783, 62.413382046620363 ], [ 9.012812169820705, 62.413189970440463 ], [ 9.013119782612343, 62.412920319084101 ], [ 9.01268571582367, 62.412745654351681 ], [ 9.012216433415839, 62.412711826307437 ], [ 9.0117592372481, 62.412906324264014 ], [ 9.011264960726505, 62.412678545111703 ], [ 9.010004682599892, 62.412656430439547 ], [ 9.009968017489753, 62.412514923398049 ], [ 9.008851316952818, 62.412555266952516 ], [ 9.007437138256357, 62.413073858011749 ], [ 9.007117229959213, 62.413341617242104 ], [ 9.007089017046566, 62.413670946005411 ], [ 9.006658216416644, 62.41387395111412 ], [ 9.006894090619809, 62.414206031682269 ], [ 9.006736346343114, 62.414421269790687 ], [ 9.006989762500933, 62.414634980701202 ], [ 9.007694367511386, 62.414630265742538 ], [ 9.009054382308737, 62.414868030375821 ] ] ] ] } },
{ "type": "Feature", "properties": { "fid": 255617, "navn": null, "hoyde_moh": 1439, "arealInnsjo_km2": 0.0029, "magasinKategori": null, "fid_2": 425, "id": 425, "left": 8.986919847, "top": 62.446110046000001, "right": 9.486919847, "bottom": 61.946110046000001, "row_index": 24, "col_index": 10, "tile_id": 425 }, "geometry": { "type": "MultiPolygon", "coordinates": [ [ [ [ 9.193926085311748, 62.393124817611707 ], [ 9.193609609184316, 62.392965382612097 ], [ 9.192824151167221, 62.392935414409422 ], [ 9.192030723546047, 62.39317320362921 ], [ 9.193543568043287, 62.393340456370844 ], [ 9.193926085311748, 62.393124817611707 ] ] ] ] } },
{ "type": "Feature", "properties": { "fid": 255619, "navn": "Veslurdvatnet", "hoyde_moh": 1382, "arealInnsjo_km2": 0.0948, "magasinKategori": null, "fid_2": 425, "id": 425, "left": 8.986919847, "top": 62.446110046000001, "right": 9.486919847, "bottom": 61.946110046000001, "row_index": 24, "col_index": 10, "tile_id": 425 }, "geometry": { "type": "MultiPolygon", "coordinates": [ [ [ [ 9.219010199976752, 62.42390030838915 ], [ 9.219385671478889, 62.424171593332282 ], [ 9.219738518542595, 62.424162505324446 ], [ 9.2198756478035, 62.423839266405444 ], [ 9.219118920507119, 62.423816158985389 ], [ 9.220907218913226, 62.423310078713442 ], [ 9.223772792440036, 62.423890052250393 ], [ 9.225120551351393, 62.423848215804398 ], [ 9.226000051753445, 62.423602904540189 ], [ 9.225575236540161, 62.423434914564183 ], [ 9.225519019663464, 62.423212474073942 ], [ 9.225125071582708, 62.422924055111757 ], [ 9.225288257505197, 62.422715773836636 ], [ 9.226848595315889, 62.422444828215795 ], [ 9.2233256270766, 62.421533671220907 ], [ 9.221766786216094, 62.421443648535117 ], [ 9.221538202321371, 62.421069551084813 ], [ 9.220132055634929, 62.420679241902235 ], [ 9.220632345222086, 62.421481358863041 ], [ 9.219924787248797, 62.421706151256458 ], [ 9.218228333034535, 62.421843523459003 ], [ 9.21796187117641, 62.422045429722957 ], [ 9.219412221506859, 62.42242625587879 ], [ 9.220077293429108, 62.422755228376914 ], [ 9.218379133788618, 62.423612266149661 ], [ 9.216463504075042, 62.423448916033514 ], [ 9.215157522225477, 62.423751224106994 ], [ 9.215248690919985, 62.423984308520417 ], [ 9.217083654996772, 62.424246493639366 ], [ 9.219010199976752, 62.42390030838915 ] ], [ [ 9.221365996318948, 62.421438773840144 ], [ 9.221725208594892, 62.421472887263945 ], [ 9.220878493708373, 62.421491686900353 ], [ 9.221365996318948, 62.421438773840144 ] ] ] ] } },
{ "type": "Feature", "properties": { "fid": 255620, "navn": null, "hoyde_moh": 1398, "arealInnsjo_km2": 0.0147, "magasinKategori": null, "fid_2": 425, "id": 425, "left": 8.986919847, "top": 62.446110046000001, "right": 9.486919847, "bottom": 61.946110046000001, "row_index": 24, "col_index": 10, "tile_id": 425 }, "geometry": { "type": "MultiPolygon", "coordinates": [ [ [ [ 9.180747878331609, 62.422614275440566 ], [ 9.181009603388821, 62.422370282171435 ], [ 9.180775296644788, 62.422141705251263 ], [ 9.177148576671472, 62.422266235290834 ], [ 9.176145561229143, 62.422533439090813 ], [ 9.176111121102281, 62.422714029619719 ], [ 9.177103615300572, 62.42299878853742 ], [ 9.180747878331609, 62.422614275440566 ] ] ] ] } },
{ "type": "Feature", "properties": { "fid": 255621, "navn": null, "hoyde_moh": 1384, "arealInnsjo_km2": 0.0027, "magasinKategori": null, "fid_2": 425, "id": 425, "left": 8.986919847, "top": 62.446110046000001, "right": 9.486919847, "bottom": 61.946110046000001, "row_index": 24, "col_index": 10, "tile_id": 425 }, "geometry": { "type": "MultiPolygon", "coordinates": [ [ [ [ 9.215754697435591, 62.424985094298115 ], [ 9.21594182878397, 62.424711741477175 ], [ 9.214954588126604, 62.424628423707084 ], [ 9.214710733303063, 62.424813621769772 ], [ 9.214806845824892, 62.425064286785314 ], [ 9.215145414769832, 62.425151030473209 ], [ 9.215754697435591, 62.424985094298115 ] ] ] ] } },
{ "type": "Feature", "properties": { "fid": 255622, "navn": null, "hoyde_moh": 1387, "arealInnsjo_km2": 0.0036, "magasinKategori": null, "fid_2": 425, "id": 425, "left": 8.986919847, "top": 62.446110046000001, "right": 9.486919847, "bottom": 61.946110046000001, "row_index": 24, "col_index": 10, "tile_id": 425 }, "geometry": { "type": "MultiPolygon", "coordinates": [ [ [ [ 9.21783172693158, 62.425317298600262 ], [ 9.218553272718125, 62.425007754098054 ], [ 9.217267186939017, 62.42500150224901 ], [ 9.21631226666617, 62.42532176258333 ], [ 9.21783172693158, 62.425317298600262 ] ] ] ] } },
{ "type": "Feature", "properties": { "fid": 255625, "navn": null, "hoyde_moh": 1324, "arealInnsjo_km2": 0.0098, "magasinKategori": null, "fid_2": 425, "id": 425, "left": 8.986919847, "top": 62.446110046000001, "right": 9.486919847, "bottom": 61.946110046000001, "row_index": 24, "col_index": 10, "tile_id": 425 }, "geometry": { "type": "MultiPolygon", "coordinates": [ [ [ [ 8.996351192756736, 62.264226035624795 ], [ 8.99632021585686, 62.263901345892613 ], [ 8.997256355648679, 62.263572779829943 ], [ 8.997330893139418, 62.263345592372509 ], [ 8.996923201315788, 62.263201756003056 ], [ 8.996236676733071, 62.263231400377151 ], [ 8.996002036975101, 62.263022043922682 ], [ 8.995754763292767, 62.263144849285496 ], [ 8.995809193705716, 62.263383034775728 ], [ 8.995175124469242, 62.263866698260095 ], [ 8.995265596166908, 62.264128508672975 ], [ 8.995142281024968, 62.264369606696256 ], [ 8.995183667933574, 62.264517363112404 ], [ 8.995765785655211, 62.264572426023051 ], [ 8.996351192756736, 62.264226035624795 ] ] ] ] } },
{ "type": "Feature", "properties": { "fid": 255626, "navn": null, "hoyde_moh": 1417, "arealInnsjo_km2": 0.0133, "magasinKategori": null, "fid_2": 425, "id": 425, "left": 8.986919847, "top": 62.446110046000001, "right": 9.486919847, "bottom": 61.946110046000001, "row_index": 24, "col_index": 10, "tile_id": 425 }, "geometry": { "type": "MultiPolygon", "coordinates": [ [ [ [ 9.106854037702298, 62.291040223892267 ], [ 9.106830252073465, 62.290754527120029 ], [ 9.107554811148441, 62.290948137325131 ], [ 9.108511249217392, 62.290990719095973 ], [ 9.108683486502489, 62.290852913055119 ], [ 9.107381532301343, 62.290265516793021 ], [ 9.106912500430436, 62.28946542211812 ], [ 9.106183187050981, 62.289458783888655 ], [ 9.106203410925861, 62.289981296644314 ], [ 9.106003220348963, 62.290140328361382 ], [ 9.106304553453205, 62.290350595435243 ], [ 9.106170499543424, 62.290456351394425 ], [ 9.106270662286907, 62.290660217599942 ], [ 9.106082882184488, 62.290951046060997 ], [ 9.105605708171725, 62.291190393124523 ], [ 9.106331967149933, 62.291309354502935 ], [ 9.106854037702298, 62.291040223892267 ] ] ] ] } },
{ "type": "Feature", "properties": { "fid": 255627, "navn": null, "hoyde_moh": 1415, "arealInnsjo_km2": 0.0082, "magasinKategori": null, "fid_2": 425, "id": 425, "left": 8.986919847, "top": 62.446110046000001, "right": 9.486919847, "bottom": 61.946110046000001, "row_index": 24, "col_index": 10, "tile_id": 425 }, "geometry": { "type": "MultiPolygon", "coordinates": [ [ [ [ 9.096014627090838, 62.290635987556016 ], [ 9.095421470694411, 62.290061580496513 ], [ 9.095737770835509, 62.289613191223559 ], [ 9.095087859704961, 62.289268560289223 ], [ 9.094899566872803, 62.288761111635921 ], [ 9.094351873939754, 62.288824908866296 ], [ 9.094729770804298, 62.289147770715502 ], [ 9.094502940873241, 62.290145940978356 ], [ 9.095878381302372, 62.290876602377459 ], [ 9.096014627090838, 62.290635987556016 ] ] ] ] } },
{ "type": "Feature", "properties": { "fid": 255629, "navn": null, "hoyde_moh": 1454, "arealInnsjo_km2": 0.0335, "magasinKategori": null, "fid_2": 425, "id": 425, "left": 8.986919847, "top": 62.446110046000001, "right": 9.486919847, "bottom": 61.946110046000001, "row_index": 24, "col_index": 10, "tile_id": 425 }, "geometry": { "type": "MultiPolygon", "coordinates": [ [ [ [ 9.000690804637758, 62.287322166342186 ], [ 9.001757663171643, 62.286807240676772 ], [ 9.002101924659982, 62.286930565859393 ], [ 9.003051228475371, 62.286504543605339 ], [ 9.003600549487777, 62.285847792113145 ], [ 9.003013900306067, 62.285877219527784 ], [ 9.002826066004609, 62.285742213322052 ], [ 9.003314075994387, 62.285267575239857 ], [ 9.003863330238088, 62.285151347044113 ], [ 9.003442765794185, 62.284898030938081 ], [ 9.003211963576517, 62.284342105098197 ], [ 9.002711820963157, 62.284175652306715 ], [ 9.002500188734521, 62.284201511415461 ], [ 9.002581963990533, 62.284352543957453 ], [ 9.002228035721492, 62.284604008904665 ], [ 9.001471829026917, 62.284790411955797 ], [ 9.001130678426149, 62.285103657362569 ], [ 9.001216552974336, 62.285403529377547 ], [ 9.000969815890723, 62.285995136196973 ], [ 9.0003038067223, 62.286274674924023 ], [ 9.000052431881191, 62.286650336763415 ], [ 9.000061153318994, 62.287315052405361 ], [ 9.000690804637758, 62.287322166342186 ] ], [ [ 9.001099849699413, 62.286184277837158 ], [ 9.001239415026534, 62.285960805258973 ], [ 9.001848801824739, 62.286026645212935 ], [ 9.001639291894158, 62.286298322485457 ], [ 9.001233175361648, 62.286320166457642 ], [ 9.001099849699413, 62.286184277837158 ] ] ] ] } },
{ "type": "Feature", "properties": { "fid": 255631, "navn": null, "hoyde_moh": 1414, "arealInnsjo_km2": 0.0096, "magasinKategori": null, "fid_2": 425, "id": 425, "left": 8.986919847, "top": 62.446110046000001, "right": 9.486919847, "bottom": 61.946110046000001, "row_index": 24, "col_index": 10, "tile_id": 425 }, "geometry": { "type": "MultiPolygon", "coordinates": [ [ [ [ 9.128871916757692, 62.313354780145467 ], [ 9.127916552649067, 62.312790947031459 ], [ 9.127638468189682, 62.312436323523379 ], [ 9.12618897698219, 62.312217601961031 ], [ 9.126686959226191, 62.31281968255751 ], [ 9.126622409272786, 62.31300907323552 ], [ 9.126772419581986, 62.313187661376574 ], [ 9.127587505813635, 62.313479605808553 ], [ 9.128871916757692, 62.313354780145467 ] ] ] ] } },
{ "type": "Feature", "properties": { "fid": 255637, "navn": "Drugshøtjønnin", "hoyde_moh": 1361, "arealInnsjo_km2": 0.1964, "magasinKategori": null, "fid_2": 425, "id": 425, "left": 8.986919847, "top": 62.446110046000001, "right": 9.486919847, "bottom": 61.946110046000001, "row_index": 24, "col_index": 10, "tile_id": 425 }, "geometry": { "type": "MultiPolygon", "coordinates": [ [ [ [ 9.122274608363881, 62.340502164373461 ], [ 9.122989585430746, 62.340368972944368 ], [ 9.122639643845122, 62.340109254153802 ], [ 9.122711065814379, 62.339819138509768 ], [ 9.123561381115591, 62.33997140937025 ], [ 9.124621671834715, 62.340569945139634 ], [ 9.125471121580224, 62.34077222409995 ], [ 9.126339386307784, 62.340707631413764 ], [ 9.126735473439552, 62.34046628952504 ], [ 9.125209944873893, 62.339608126377129 ], [ 9.125028131705941, 62.339211847250418 ], [ 9.125184741335177, 62.339084696229534 ], [ 9.125095611045721, 62.338682890793223 ], [ 9.124171008399806, 62.337833067281359 ], [ 9.122256597011866, 62.336610861553325 ], [ 9.119870783945984, 62.335362329716126 ], [ 9.119528063069565, 62.334818495796689 ], [ 9.116938981301439, 62.333887740011519 ], [ 9.115449743750693, 62.333576586320184 ], [ 9.114571371254153, 62.333614656627049 ], [ 9.114304639158597, 62.333771063186596 ], [ 9.114168696313561, 62.33415081057678 ], [ 9.114552771771617, 62.334129482567619 ], [ 9.116300902742489, 62.334620173267943 ], [ 9.116605620032853, 62.334921298052841 ], [ 9.116523971539465, 62.335079801077562 ], [ 9.118066994130775, 62.335563293044579 ], [ 9.118680943091013, 62.335910933196075 ], [ 9.118476086172405, 62.336162525465156 ], [ 9.117777828325337, 62.336465480750235 ], [ 9.117447549111098, 62.336960419306571 ], [ 9.116231659614465, 62.337213044274108 ], [ 9.11687699698926, 62.337441290902063 ], [ 9.116794759789789, 62.337745801493348 ], [ 9.117108723941564, 62.337939818005722 ], [ 9.118298141366514, 62.338411269861254 ], [ 9.118044448798249, 62.33851295779634 ], [ 9.115755685779243, 62.33807804189243 ], [ 9.115492884127713, 62.338210309861594 ], [ 9.115762439244667, 62.338476631354425 ], [ 9.116280779894238, 62.338726500020307 ], [ 9.117259328515836, 62.338898027988378 ], [ 9.118298651831246, 62.338650416651433 ], [ 9.119414123658517, 62.338832779193964 ], [ 9.118906377461533, 62.338950162854751 ], [ 9.118830538954713, 62.339290238100617 ], [ 9.119447402959201, 62.339735950639984 ], [ 9.120246468187736, 62.339916409593521 ], [ 9.121213206205544, 62.340595636329937 ], [ 9.122373560280989, 62.340951475523418 ], [ 9.122274608363881, 62.340502164373461 ] ] ] ] } },
{ "type": "Feature", "properties": { "fid": 255639, "navn": "Grytholtjønnin", "hoyde_moh": 1335, "arealInnsjo_km2": 0.0587, "magasinKategori": null, "fid_2": 425, "id": 425, "left": 8.986919847, "top": 62.446110046000001, "right": 9.486919847, "bottom": 61.946110046000001, "row_index": 24, "col_index": 10, "tile_id": 425 }, "geometry": { "type": "MultiPolygon", "coordinates": [ [ [ [ 9.160313818728488, 62.365471673278876 ], [ 9.161137234133182, 62.365463293444236 ], [ 9.161924207133415, 62.365195535064579 ], [ 9.162100863769842, 62.365214941823773 ], [ 9.162094041335781, 62.365454669475326 ], [ 9.163283728495163, 62.365633370645909 ], [ 9.164203703297805, 62.365535315392698 ], [ 9.163043303232008, 62.365356503815569 ], [ 9.162948034817095, 62.365224836356731 ], [ 9.165338022858116, 62.365212555989451 ], [ 9.166006219715108, 62.365569974570541 ], [ 9.166718532589574, 62.365547887239671 ], [ 9.166970300266524, 62.365337994206619 ], [ 9.166737073895257, 62.365138410991797 ], [ 9.166811235213228, 62.364928883692009 ], [ 9.166014998993738, 62.364673578169146 ], [ 9.16627541398303, 62.364567491829547 ], [ 9.166165286819334, 62.364381725765732 ], [ 9.165287155646308, 62.364049509348469 ], [ 9.16504646334173, 62.364145889996557 ], [ 9.164296993095469, 62.364028662330234 ], [ 9.163636737269135, 62.364374415544603 ], [ 9.162805462869366, 62.364492852927441 ], [ 9.161303474610961, 62.36397789337672 ], [ 9.161320354531172, 62.363821774786793 ], [ 9.161039268602224, 62.363736662785819 ], [ 9.159781405092087, 62.363961547316492 ], [ 9.158570164514245, 62.363948368372711 ], [ 9.158437260556109, 62.364175586066736 ], [ 9.158627340255816, 62.364511562137977 ], [ 9.159195873310734, 62.364852846731885 ], [ 9.158894600770928, 62.365151301609494 ], [ 9.159047504286699, 62.365314297803394 ], [ 9.158917782894008, 62.365461614839354 ], [ 9.160055821247449, 62.365715234108002 ], [ 9.160313818728488, 62.365471673278876 ] ] ] ] } },
{ "type": "Feature", "properties": { "fid": 255640, "navn": null, "hoyde_moh": 1334, "arealInnsjo_km2": 0.0063, "magasinKategori": null, "fid_2": 425, "id": 425, "left": 8.986919847, "top": 62.446110046000001, "right": 9.486919847, "bottom": 61.946110046000001, "row_index": 24, "col_index": 10, "tile_id": 425 }, "geometry": { "type": "MultiPolygon", "coordinates": [ [ [ [ 9.170042446909346, 62.366287441590771 ], [ 9.171087255310409, 62.365682601105625 ], [ 9.170307428996269, 62.365791631481372 ], [ 9.170179965970476, 62.365600189631849 ], [ 9.169458278131781, 62.365650529454825 ], [ 9.168709778634444, 62.365870340732954 ], [ 9.168578474435513, 62.366072785721428 ], [ 9.168767255869312, 62.366153371743643 ], [ 9.168755304038756, 62.366307266462456 ], [ 9.16958046450409, 62.366253175293338 ], [ 9.169591850139575, 62.366409671088128 ], [ 9.170042446909346, 62.366287441590771 ] ] ] ] } },
{ "type": "Feature", "properties": { "fid": 255641, "navn": "Langvatnet", "hoyde_moh": 1395, "arealInnsjo_km2": 0.4297, "magasinKategori": null, "fid_2": 425, "id": 425, "left": 8.986919847, "top": 62.446110046000001, "right": 9.486919847, "bottom": 61.946110046000001, "row_index": 24, "col_index": 10, "tile_id": 425 }, "geometry": { "type": "MultiPolygon", "coordinates": [ [ [ [ 9.226434057506156, 62.396363945075059 ], [ 9.22687026547556, 62.39620473713196 ], [ 9.227033853586878, 62.39564583930683 ], [ 9.225886545721588, 62.394545777518402 ], [ 9.225206610573633, 62.394427209805173 ], [ 9.224848181239247, 62.394027097635352 ], [ 9.223333086401736, 62.393161705120846 ], [ 9.2223354285752, 62.392937810456381 ], [ 9.221906178695079, 62.39266356433464 ], [ 9.221883847887977, 62.392157698575353 ], [ 9.220844751930555, 62.391522104277144 ], [ 9.219918641649468, 62.391232480659937 ], [ 9.221271383429977, 62.391302831590941 ], [ 9.22136329484109, 62.390922530457964 ], [ 9.22118774107472, 62.390784060949933 ], [ 9.2214104152382, 62.390597349466354 ], [ 9.221318037205283, 62.390374749791761 ], [ 9.221729222575666, 62.390135928683428 ], [ 9.221714331407227, 62.389908812171434 ], [ 9.22102570088083, 62.389509617941563 ], [ 9.219447514139384, 62.389041607742598 ], [ 9.219323769462543, 62.389244318158873 ], [ 9.219491787858438, 62.389628419034594 ], [ 9.219436866360361, 62.389899531570116 ], [ 9.218858548257407, 62.390174058123542 ], [ 9.218930749941281, 62.390427687994837 ], [ 9.218541628589302, 62.390349549652917 ], [ 9.21835141302226, 62.389981987478158 ], [ 9.218467589961593, 62.389639877182006 ], [ 9.218067905789161, 62.389184011338912 ], [ 9.218279770373343, 62.389063291369226 ], [ 9.218296028670375, 62.38867416936133 ], [ 9.218083116214833, 62.388538460419262 ], [ 9.217198271749073, 62.388540587612731 ], [ 9.217525090064568, 62.388091121826243 ], [ 9.218340802314485, 62.388198732627515 ], [ 9.218231273966449, 62.38810513874207 ], [ 9.218321344582529, 62.387774634765066 ], [ 9.217653423052152, 62.387248720857535 ], [ 9.217744337492343, 62.387064359498268 ], [ 9.21681613665849, 62.387055224733359 ], [ 9.216524806818164, 62.387357269103646 ], [ 9.216274141690148, 62.387393818674298 ], [ 9.216017301780811, 62.387778229831667 ], [ 9.214926200732153, 62.38765957986805 ], [ 9.213320009214646, 62.388073095929869 ], [ 9.211905433109509, 62.388076514454781 ], [ 9.211649803075602, 62.387665612358809 ], [ 9.21104206959026, 62.387608944487368 ], [ 9.21060923590931, 62.387847102773463 ], [ 9.207037872932755, 62.388227289055521 ], [ 9.206292617419054, 62.388587164588024 ], [ 9.20535447607589, 62.38879323726583 ], [ 9.205364099136585, 62.38900285482363 ], [ 9.205144696092558, 62.389114149555489 ], [ 9.203737921199316, 62.389396256794576 ], [ 9.204212818624269, 62.389527982399791 ], [ 9.204156707094436, 62.389865571266576 ], [ 9.204319527337313, 62.389977246285902 ], [ 9.205677674667216, 62.390104422846576 ], [ 9.205787237907693, 62.390444964961091 ], [ 9.206448160915762, 62.390496671996004 ], [ 9.207178212451032, 62.390776319790476 ], [ 9.207189624248457, 62.391233127030603 ], [ 9.207751988212147, 62.391204915078852 ], [ 9.207890990749092, 62.391405615483052 ], [ 9.208579023741834, 62.391587896717049 ], [ 9.208729422146098, 62.39129907211111 ], [ 9.209242895702044, 62.391253870926271 ], [ 9.209804963095889, 62.391436563749977 ], [ 9.210264795561471, 62.391230590188705 ], [ 9.210403155368374, 62.391070986314716 ], [ 9.210092679012389, 62.390849184671701 ], [ 9.210273292436556, 62.390726812283418 ], [ 9.211488713948309, 62.390735809141916 ], [ 9.212469124890221, 62.390996967447386 ], [ 9.213657917580589, 62.390710548779325 ], [ 9.214733427609533, 62.390848180915704 ], [ 9.214450773633811, 62.391626446979714 ], [ 9.214175794564342, 62.391919807386522 ], [ 9.214589721561534, 62.39241723915778 ], [ 9.215509410481527, 62.392921516509993 ], [ 9.215996066063187, 62.39300300534228 ], [ 9.216248343861798, 62.392856063711463 ], [ 9.217272661202596, 62.393437424830061 ], [ 9.217380523822692, 62.393740343011679 ], [ 9.217639281633279, 62.393868868855733 ], [ 9.217940177438402, 62.393543722922345 ], [ 9.218240774947613, 62.393767883749874 ], [ 9.219232680870258, 62.39394025549894 ], [ 9.219345996137541, 62.39415085507661 ], [ 9.219015457549711, 62.394345406888746 ], [ 9.22099865094849, 62.395073060976188 ], [ 9.222919604154569, 62.395328087163037 ], [ 9.223214129923186, 62.395687376669116 ], [ 9.223673833629878, 62.395726935195064 ], [ 9.223901949014012, 62.39593195268597 ], [ 9.224814212835618, 62.395896437938902 ], [ 9.225073978291375, 62.396252026430545 ], [ 9.225434745780962, 62.396380007132109 ], [ 9.225709189885691, 62.396270879714066 ], [ 9.226434057506156, 62.396363945075059 ] ], [ [ 9.217885252450843, 62.393272987411876 ], [ 9.218021446248091, 62.393314037762927 ], [ 9.217940331094578, 62.393472701243986 ], [ 9.217522555030351, 62.393436218854056 ], [ 9.217885252450843, 62.393272987411876 ] ] ] ] } },
{ "type": "Feature", "properties": { "fid": 255644, "navn": null, "hoyde_moh": 1439, "arealInnsjo_km2": 0.0097, "magasinKategori": null, "fid_2": 425, "id": 425, "left": 8.986919847, "top": 62.446110046000001, "right": 9.486919847, "bottom": 61.946110046000001, "row_index": 24, "col_index": 10, "tile_id": 425 }, "geometry": { "type": "MultiPolygon", "coordinates": [ [ [ [ 9.012304592043128, 62.418179288386234 ], [ 9.012493383588591, 62.417877862054553 ], [ 9.013569018817222, 62.417215054231853 ], [ 9.012889977627914, 62.416828499818941 ], [ 9.011898698667805, 62.41684879711292 ], [ 9.011506826081606, 62.417393134823264 ], [ 9.011722192911545, 62.417582864338776 ], [ 9.01174287171356, 62.41814021602945 ], [ 9.012304592043128, 62.418179288386234 ] ] ] ] } },
{ "type": "Feature", "properties": { "fid": 255646, "navn": null, "hoyde_moh": 1404, "arealInnsjo_km2": 0.0313, "magasinKategori": null, "fid_2": 425, "id": 425, "left": 8.986919847, "top": 62.446110046000001, "right": 9.486919847, "bottom": 61.946110046000001, "row_index": 24, "col_index": 10, "tile_id": 425 }, "geometry": { "type": "MultiPolygon", "coordinates": [ [ [ [ 9.177436047775242, 62.424841430531387 ], [ 9.177527668896882, 62.424626505038731 ], [ 9.178067776836238, 62.424316487870364 ], [ 9.179243803685031, 62.424036620762358 ], [ 9.179461156222015, 62.423754400143515 ], [ 9.179799181527386, 62.423677992955831 ], [ 9.179488339564367, 62.423449538970395 ], [ 9.179820491652038, 62.423222901809211 ], [ 9.178885032430411, 62.423456314614427 ], [ 9.176785334749102, 62.423438013958602 ], [ 9.174876160918224, 62.423877533238752 ], [ 9.175006365270198, 62.424286221996034 ], [ 9.174923584194911, 62.425010258735561 ], [ 9.175000244270382, 62.425230527156366 ], [ 9.175216805577389, 62.425304064575094 ], [ 9.177436047775242, 62.424841430531387 ] ] ] ] } },
{ "type": "Feature", "properties": { "fid": 255647, "navn": null, "hoyde_moh": 1378, "arealInnsjo_km2": 0.003, "magasinKategori": null, "fid_2": 425, "id": 425, "left": 8.986919847, "top": 62.446110046000001, "right": 9.486919847, "bottom": 61.946110046000001, "row_index": 24, "col_index": 10, "tile_id": 425 }, "geometry": { "type": "MultiPolygon", "coordinates": [ [ [ [ 9.201893047308007, 62.426543044149625 ], [ 9.202123463315024, 62.42608849230443 ], [ 9.201517402138863, 62.426093272330149 ], [ 9.200474948696932, 62.426411127738028 ], [ 9.201893047308007, 62.426543044149625 ] ] ] ] } },
{ "type": "Feature", "properties": { "fid": 255651, "navn": "Kjellsungbandet", "hoyde_moh": 1431, "arealInnsjo_km2": 0.0114, "magasinKategori": null, "fid_2": 425, "id": 425, "left": 8.986919847, "top": 62.446110046000001, "right": 9.486919847, "bottom": 61.946110046000001, "row_index": 24, "col_index": 10, "tile_id": 425 }, "geometry": { "type": "MultiPolygon", "coordinates": [ [ [ [ 9.116315098779152, 62.269432049033021 ], [ 9.118555104811717, 62.268925561165979 ], [ 9.118660827702305, 62.268402015776708 ], [ 9.118113983874524, 62.268356091077763 ], [ 9.1172390080557, 62.268582070671492 ], [ 9.11640375863235, 62.269120254780333 ], [ 9.114867732962487, 62.269387985525377 ], [ 9.115216242735075, 62.269721697018085 ], [ 9.115691351144326, 62.269797624898771 ], [ 9.116315098779152, 62.269432049033021 ] ] ] ] } },
{ "type": "Feature", "properties": { "fid": 255653, "navn": null, "hoyde_moh": 1419, "arealInnsjo_km2": 0.0185, "magasinKategori": null, "fid_2": 425, "id": 425, "left": 8.986919847, "top": 62.446110046000001, "right": 9.486919847, "bottom": 61.946110046000001, "row_index": 24, "col_index": 10, "tile_id": 425 }, "geometry": { "type": "MultiPolygon", "coordinates": [ [ [ [ 9.109501410279021, 62.293578876561661 ], [ 9.11111896656176, 62.293159416044482 ], [ 9.112082394846116, 62.292711140171583 ], [ 9.111555923770167, 62.292395430832059 ], [ 9.111144797856767, 62.292482478197499 ], [ 9.111275911258648, 62.292361107029613 ], [ 9.110290310771108, 62.291910987782224 ], [ 9.109816496439702, 62.292002207641453 ], [ 9.10902841357894, 62.291709393211285 ], [ 9.107954340247836, 62.291733117214278 ], [ 9.107933619959505, 62.291869265889588 ], [ 9.107454868926959, 62.2919048074871 ], [ 9.107761130290873, 62.292130495792236 ], [ 9.107749623665914, 62.29229161548114 ], [ 9.107497925354979, 62.292400740679042 ], [ 9.10768122724936, 62.292547550434797 ], [ 9.108211467786475, 62.292223031602084 ], [ 9.108877297790109, 62.292072640288602 ], [ 9.109803070262572, 62.292445228291008 ], [ 9.110199395284056, 62.292846703444297 ], [ 9.110168982296013, 62.293089488942449 ], [ 9.109348331511296, 62.293366640801601 ], [ 9.10924534848561, 62.293557451903588 ], [ 9.109450920335261, 62.293694312060474 ], [ 9.109501410279021, 62.293578876561661 ] ] ] ] } },
{ "type": "Feature", "properties": { "fid": 255654, "navn": null, "hoyde_moh": 1419, "arealInnsjo_km2": 0.0064, "magasinKategori": null, "fid_2": 425, "id": 425, "left": 8.986919847, "top": 62.446110046000001, "right": 9.486919847, "bottom": 61.946110046000001, "row_index": 24, "col_index": 10, "tile_id": 425 }, "geometry": { "type": "MultiPolygon", "coordinates": [ [ [ [ 9.108224263078197, 62.293847860564192 ], [ 9.108523571633866, 62.293950445702642 ], [ 9.1089870580804, 62.293774068959685 ], [ 9.108272320268318, 62.293548744673714 ], [ 9.108054949818843, 62.293181346384081 ], [ 9.107613928540761, 62.293103342037853 ], [ 9.106627198823716, 62.293553658849632 ], [ 9.107438067270833, 62.29394036971194 ], [ 9.108096984858497, 62.294003785169835 ], [ 9.108224263078197, 62.293847860564192 ] ] ] ] } },
{ "type": "Feature", "properties": { "fid": 255656, "navn": null, "hoyde_moh": 1422, "arealInnsjo_km2": 0.003, "magasinKategori": null, "fid_2": 425, "id": 425, "left": 8.986919847, "top": 62.446110046000001, "right": 9.486919847, "bottom": 61.946110046000001, "row_index": 24, "col_index": 10, "tile_id": 425 }, "geometry": { "type": "MultiPolygon", "coordinates": [ [ [ [ 9.005269648644848, 62.335699038433589 ], [ 9.004861778333684, 62.335281970230234 ], [ 9.005146917205336, 62.335033718343318 ], [ 9.00476730028779, 62.334554841530093 ], [ 9.004613459913617, 62.334767261724863 ], [ 9.004543728254223, 62.335549508078266 ], [ 9.005105983195643, 62.335781463009397 ], [ 9.005293287551236, 62.336120109527172 ], [ 9.005269648644848, 62.335699038433589 ] ] ] ] } },
{ "type": "Feature", "properties": { "fid": 255657, "navn": null, "hoyde_moh": 1410, "arealInnsjo_km2": 0.0545, "magasinKategori": null, "fid_2": 425, "id": 425, "left": 8.986919847, "top": 62.446110046000001, "right": 9.486919847, "bottom": 61.946110046000001, "row_index": 24, "col_index": 10, "tile_id": 425 }, "geometry": { "type": "MultiPolygon", "coordinates": [ [ [ [ 9.135154582492413, 62.313815927954828 ], [ 9.134816389494082, 62.313623803662928 ], [ 9.134738930677225, 62.313345031690737 ], [ 9.132642910893495, 62.312861242018286 ], [ 9.132494019969611, 62.312312682373502 ], [ 9.132315073947852, 62.312221556316956 ], [ 9.132372304056661, 62.311894287209789 ], [ 9.132215642553941, 62.311603155956547 ], [ 9.131584948156819, 62.311209300578959 ], [ 9.126692209083886, 62.31110273880153 ], [ 9.127907465473172, 62.311726213674433 ], [ 9.128585221735142, 62.311739989195068 ], [ 9.128802862905149, 62.312050545259083 ], [ 9.129793338860308, 62.312301381746593 ], [ 9.129882986306841, 62.312613535636075 ], [ 9.130072583142484, 62.312714479399816 ], [ 9.129886545521988, 62.312922672699735 ], [ 9.13023007404019, 62.313235677718581 ], [ 9.131281846593525, 62.313506744533157 ], [ 9.131852785093148, 62.313476275183433 ], [ 9.132363622991328, 62.313798609932206 ], [ 9.13344666008226, 62.313660623295625 ], [ 9.134906837633176, 62.313979651257995 ], [ 9.135154582492413, 62.313815927954828 ] ] ] ] } },
{ "type": "Feature", "properties": { "fid": 255658, "navn": null, "hoyde_moh": 1411, "arealInnsjo_km2": 0.0025, "magasinKategori": null, "fid_2": 425, "id": 425, "left": 8.986919847, "top": 62.446110046000001, "right": 9.486919847, "bottom": 61.946110046000001, "row_index": 24, "col_index": 10, "tile_id": 425 }, "geometry": { "type": "MultiPolygon", "coordinates": [ [ [ [ 9.132785441873621, 62.314239795176221 ], [ 9.132758614864546, 62.314122699755913 ], [ 9.131044333691056, 62.314131402698706 ], [ 9.131285084752498, 62.314347769720939 ], [ 9.132325105974221, 62.314477341291195 ], [ 9.132785441873621, 62.314239795176221 ] ] ] ] } },
{ "type": "Feature", "properties": { "fid": 255661, "navn": null, "hoyde_moh": 1309, "arealInnsjo_km2": 0.0124, "magasinKategori": null, "fid_2": 425, "id": 425, "left": 8.986919847, "top": 62.446110046000001, "right": 9.486919847, "bottom": 61.946110046000001, "row_index": 24, "col_index": 10, "tile_id": 425 }, "geometry": { "type": "MultiPolygon", "coordinates": [ [ [ [ 9.157853882502796, 62.343533436810333 ], [ 9.158466243515079, 62.34331705702801 ], [ 9.158205491771682, 62.343149513465015 ], [ 9.157430448412956, 62.343095704855827 ], [ 9.15613591852471, 62.343279553221372 ], [ 9.154161719007613, 62.343168795007337 ], [ 9.152642205725806, 62.343296582022504 ], [ 9.153459835830185, 62.343582776793312 ], [ 9.155411480538509, 62.343695114460623 ], [ 9.157853882502796, 62.343533436810333 ] ] ] ] } },
{ "type": "Feature", "properties": { "fid": 255665, "navn": null, "hoyde_moh": 1335, "arealInnsjo_km2": 0.0075, "magasinKategori": null, "fid_2": 425, "id": 425, "left": 8.986919847, "top": 62.446110046000001, "right": 9.486919847, "bottom": 61.946110046000001, "row_index": 24, "col_index": 10, "tile_id": 425 }, "geometry": { "type": "MultiPolygon", "coordinates": [ [ [ [ 9.158369630080569, 62.365839253671332 ], [ 9.15767441010483, 62.365503525021516 ], [ 9.155469322325528, 62.365973245843854 ], [ 9.157226738901945, 62.366358310337091 ], [ 9.158369630080569, 62.365839253671332 ] ] ] ] } },
{ "type": "Feature", "properties": { "fid": 255666, "navn": null, "hoyde_moh": 1419, "arealInnsjo_km2": 0.0087, "magasinKategori": null, "fid_2": 425, "id": 425, "left": 8.986919847, "top": 62.446110046000001, "right": 9.486919847, "bottom": 61.946110046000001, "row_index": 24, "col_index": 10, "tile_id": 425 }, "geometry": { "type": "MultiPolygon", "coordinates": [ [ [ [ 8.992237605276573, 62.359436336724357 ], [ 8.992371094264648, 62.359085004707254 ], [ 8.992092183648897, 62.358895807305672 ], [ 8.99223998929344, 62.358835307023256 ], [ 8.992306626960749, 62.358478107979451 ], [ 8.991763637994248, 62.35841217651425 ], [ 8.990730690069647, 62.358849431750571 ], [ 8.990693771685466, 62.359275721437584 ], [ 8.991164628380272, 62.359588133664118 ], [ 8.992237605276573, 62.359436336724357 ] ] ] ] } },
{ "type": "Feature", "properties": { "fid": 255668, "navn": "ytre Grytholtjørnin", "hoyde_moh": 1320, "arealInnsjo_km2": 0.0969, "magasinKategori": null, "fid_2": 425, "id": 425, "left": 8.986919847, "top": 62.446110046000001, "right": 9.486919847, "bottom": 61.946110046000001, "row_index": 24, "col_index": 10, "tile_id": 425 }, "geometry": { "type": "MultiPolygon", "coordinates": [ [ [ [ 9.192739805498533, 62.368209882819507 ], [ 9.193297574377405, 62.368023375723794 ], [ 9.193360862655737, 62.367863978809872 ], [ 9.191679866012093, 62.367526070383093 ], [ 9.188791389306459, 62.366371459043521 ], [ 9.186236688863199, 62.365932337573852 ], [ 9.181469926377714, 62.366072378214874 ], [ 9.180236929392137, 62.366382123915258 ], [ 9.178957931261836, 62.366473776047911 ], [ 9.178807976510035, 62.366774475403133 ], [ 9.178008630469678, 62.366887231537888 ], [ 9.179229522890015, 62.367113464142015 ], [ 9.180023164626409, 62.367074913476721 ], [ 9.179910768460541, 62.367194435550566 ], [ 9.180085647163381, 62.367319795162828 ], [ 9.180759812546473, 62.367327543912729 ], [ 9.181449163358593, 62.367671994116186 ], [ 9.182965207566715, 62.36756360751194 ], [ 9.184313451630413, 62.367897851703312 ], [ 9.185199664407602, 62.367546439613356 ], [ 9.1859019838843, 62.367594864308856 ], [ 9.185903751421437, 62.367866186214805 ], [ 9.187071246765234, 62.367302834377242 ], [ 9.187927112743466, 62.367516756516366 ], [ 9.188672094494894, 62.367242591820158 ], [ 9.191553043900967, 62.368260589813524 ], [ 9.192739805498533, 62.368209882819507 ] ] ] ] } },
{ "type": "Feature", "properties": { "fid": 255669, "navn": null, "hoyde_moh": 1306, "arealInnsjo_km2": 0.0037, "magasinKategori": null, "fid_2": 425, "id": 425, "left": 8.986919847, "top": 62.446110046000001, "right": 9.486919847, "bottom": 61.946110046000001, "row_index": 24, "col_index": 10, "tile_id": 425 }, "geometry": { "type": "MultiPolygon", "coordinates": [ [ [ [ 9.203527187267335, 62.36879765801352 ], [ 9.20354865269733, 62.368571693610633 ], [ 9.202987948747433, 62.368199156995537 ], [ 9.202282509803489, 62.368203714134793 ], [ 9.202308451656492, 62.368395019425357 ], [ 9.202681699257267, 62.368545469786 ], [ 9.202699553380443, 62.368865621901747 ], [ 9.203036194643062, 62.368940901910356 ], [ 9.203527187267335, 62.36879765801352 ] ] ] ] } },
{ "type": "Feature", "properties": { "fid": 255671, "navn": null, "hoyde_moh": 1429, "arealInnsjo_km2": 0.0184, "magasinKategori": null, "fid_2": 425, "id": 425, "left": 8.986919847, "top": 62.446110046000001, "right": 9.486919847, "bottom": 61.946110046000001, "row_index": 24, "col_index": 10, "tile_id": 425 }, "geometry": { "type": "MultiPolygon", "coordinates": [ [ [ [ 9.20040044931039, 62.395288253145495 ], [ 9.201414731589303, 62.395394080137869 ], [ 9.201519386453819, 62.395220562197721 ], [ 9.201088313270771, 62.394977499225455 ], [ 9.199554906964675, 62.394717648547257 ], [ 9.199299271200454, 62.394333367300433 ], [ 9.199393368779582, 62.394215314942173 ], [ 9.199146976548665, 62.394165410751654 ], [ 9.198074169487324, 62.394309459525473 ], [ 9.197769634249148, 62.394070321964065 ], [ 9.197443358034125, 62.394078203292729 ], [ 9.197190910423418, 62.39460033014943 ], [ 9.196780689214091, 62.394816800468611 ], [ 9.197834262953844, 62.394958956170008 ], [ 9.197923025702663, 62.395140374016265 ], [ 9.198339823413546, 62.395282923660233 ], [ 9.19974574239337, 62.395408006594479 ], [ 9.20040044931039, 62.395288253145495 ] ] ] ] } },
{ "type": "Feature", "properties": { "fid": 255672, "navn": null, "hoyde_moh": 1429, "arealInnsjo_km2": 0.004, "magasinKategori": null, "fid_2": 425, "id": 425, "left": 8.986919847, "top": 62.446110046000001, "right": 9.486919847, "bottom": 61.946110046000001, "row_index": 24, "col_index": 10, "tile_id": 425 }, "geometry": { "type": "MultiPolygon", "coordinates": [ [ [ [ 9.200246403231708, 62.395707364964814 ], [ 9.200080587570184, 62.395519039671072 ], [ 9.198013677681821, 62.395539010370115 ], [ 9.197911727496113, 62.395663485822666 ], [ 9.198265168114096, 62.395842638885533 ], [ 9.19993687263479, 62.395918867459002 ], [ 9.200246403231708, 62.395707364964814 ] ] ] ] } },
{ "type": "Feature", "properties": { "fid": 255675, "navn": null, "hoyde_moh": 1708, "arealInnsjo_km2": 0.0659, "magasinKategori": null, "fid_2": 425, "id": 425, "left": 8.986919847, "top": 62.446110046000001, "right": 9.486919847, "bottom": 61.946110046000001, "row_index": 24, "col_index": 10, "tile_id": 425 }, "geometry": { "type": "MultiPolygon", "coordinates": [ [ [ [ 9.01561949828395, 62.388314571752794 ], [ 9.015688190940431, 62.387921890182028 ], [ 9.015511279541059, 62.387811344934136 ], [ 9.015697385740195, 62.387716001088322 ], [ 9.015459741931069, 62.387658843205017 ], [ 9.015023125630805, 62.386864757610432 ], [ 9.013947260945198, 62.386170060186799 ], [ 9.01326114939625, 62.386116786118222 ], [ 9.012833358151537, 62.385836130877188 ], [ 9.01176050115297, 62.385695482261895 ], [ 9.010933003288441, 62.385799072233581 ], [ 9.008664255634701, 62.386638404949878 ], [ 9.008375862831061, 62.38689563257595 ], [ 9.008529259650338, 62.38733832963959 ], [ 9.010922532558517, 62.387500867162153 ], [ 9.012791546838729, 62.388024418041724 ], [ 9.013802931671043, 62.38810045594029 ], [ 9.015034298361304, 62.388527410226644 ], [ 9.01561949828395, 62.388314571752794 ] ] ] ] } },
{ "type": "Feature", "properties": { "fid": 255676, "navn": null, "hoyde_moh": 1427, "arealInnsjo_km2": 0.0038, "magasinKategori": null, "fid_2": 425, "id": 425, "left": 8.986919847, "top": 62.446110046000001, "right": 9.486919847, "bottom": 61.946110046000001, "row_index": 24, "col_index": 10, "tile_id": 425 }, "geometry": { "type": "MultiPolygon", "coordinates": [ [ [ [ 9.213960792646818, 62.396959983372923 ], [ 9.214009314146372, 62.396478670169678 ], [ 9.213278570190658, 62.396377011771889 ], [ 9.21277197579759, 62.396556651918935 ], [ 9.212993589414035, 62.396928231747033 ], [ 9.213640757767466, 62.397059807406983 ], [ 9.213960792646818, 62.396959983372923 ] ] ] ] } },
{ "type": "Feature", "properties": { "fid": 255677, "navn": null, "hoyde_moh": 1564, "arealInnsjo_km2": 0.0041, "magasinKategori": null, "fid_2": 425, "id": 425, "left": 8.986919847, "top": 62.446110046000001, "right": 9.486919847, "bottom": 61.946110046000001, "row_index": 24, "col_index": 10, "tile_id": 425 }, "geometry": { "type": "MultiPolygon", "coordinates": [ [ [ [ 9.031244225787724, 62.3899102472609 ], [ 9.031339727558725, 62.389629106345794 ], [ 9.031164265204191, 62.389274816544571 ], [ 9.030746821548314, 62.38920563256908 ], [ 9.030007903465856, 62.38949511814787 ], [ 9.030002265021199, 62.389720606792061 ], [ 9.030190613446473, 62.389844139002278 ], [ 9.031244225787724, 62.3899102472609 ] ] ] ] } },
{ "type": "Feature", "properties": { "fid": 255679, "navn": null, "hoyde_moh": 1371, "arealInnsjo_km2": 0.0031, "magasinKategori": null, "fid_2": 425, "id": 425, "left": 8.986919847, "top": 62.446110046000001, "right": 9.486919847, "bottom": 61.946110046000001, "row_index": 24, "col_index": 10, "tile_id": 425 }, "geometry": { "type": "MultiPolygon", "coordinates": [ [ [ [ 9.195508720412809, 62.427294425911327 ], [ 9.195207227994558, 62.427126989286286 ], [ 9.195293249405939, 62.426974209157798 ], [ 9.194990001117061, 62.426491160893868 ], [ 9.194725198237059, 62.426391784079478 ], [ 9.19420321012818, 62.426778150025385 ], [ 9.194803981648516, 62.426920551475277 ], [ 9.19507268777409, 62.427346521726214 ], [ 9.195508720412809, 62.427294425911327 ] ] ] ] } },
{ "type": "Feature", "properties": { "fid": 255680, "navn": "Krokåttjønna", "hoyde_moh": 1371, "arealInnsjo_km2": 0.9815, "magasinKategori": null, "fid_2": 425, "id": 425, "left": 8.986919847, "top": 62.446110046000001, "right": 9.486919847, "bottom": 61.946110046000001, "row_index": 24, "col_index": 10, "tile_id": 425 }, "geometry": { "type": "MultiPolygon", "coordinates": [ [ [ [ 9.191134307846399, 62.427270442305989 ], [ 9.192019789060508, 62.427491735737384 ], [ 9.193722489318276, 62.427358712431825 ], [ 9.194294093617184, 62.426367651670127 ], [ 9.19420934380892, 62.426182260150128 ], [ 9.194355728750313, 62.425903806832125 ], [ 9.19384876643085, 62.425812405597959 ], [ 9.19395947558175, 62.425624557669636 ], [ 9.194523189003933, 62.425445013498297 ], [ 9.195257930746841, 62.425546467871598 ], [ 9.196018426374902, 62.425125769040264 ], [ 9.19789906289488, 62.424466914571525 ], [ 9.198091686267366, 62.42452996261914 ], [ 9.197976566973571, 62.424809634071032 ], [ 9.197288116126591, 62.425361456385843 ], [ 9.197569927837177, 62.425395280326867 ], [ 9.197530108756625, 62.425612197776672 ], [ 9.198161133270741, 62.425715787189851 ], [ 9.198060494792074, 62.426094820568181 ], [ 9.198391254181615, 62.426203606297797 ], [ 9.198483296201022, 62.425788834190136 ], [ 9.200123215269144, 62.425381421010023 ], [ 9.199557350574471, 62.425743196871714 ], [ 9.19995733505214, 62.425918515762781 ], [ 9.200240251302283, 62.425489744045741 ], [ 9.200635825708936, 62.425340788701959 ], [ 9.200362107696819, 62.425217284355178 ], [ 9.199832337194572, 62.425323277365273 ], [ 9.199989734141829, 62.425139805266994 ], [ 9.199238255930302, 62.42504451932863 ], [ 9.199399471970274, 62.424832399386545 ], [ 9.199131622472381, 62.424771704416131 ], [ 9.199171333130742, 62.424617259464775 ], [ 9.200721608516369, 62.424569077877344 ], [ 9.201229262638158, 62.424250871661869 ], [ 9.202826827042312, 62.423968957065391 ], [ 9.206165758779639, 62.423681323661533 ], [ 9.208611578332743, 62.422949033295588 ], [ 9.209538412617775, 62.422315003055424 ], [ 9.209274302431869, 62.422113866394511 ], [ 9.208405383235583, 62.422157862285019 ], [ 9.208470943492443, 62.421875849710695 ], [ 9.208736092339324, 62.421686058245072 ], [ 9.208540862361517, 62.421480228765027 ], [ 9.207130434566663, 62.421650273735374 ], [ 9.206840482289955, 62.42139728087546 ], [ 9.205258429679928, 62.421199874880884 ], [ 9.20571056586388, 62.421129246779117 ], [ 9.205666026745373, 62.420994513912532 ], [ 9.204937276164127, 62.421099787448426 ], [ 9.204879866031861, 62.420893308327031 ], [ 9.205849192649312, 62.420651868835748 ], [ 9.205888050142327, 62.420519623540685 ], [ 9.205553150171612, 62.420424365567136 ], [ 9.205600914312514, 62.420289250900581 ], [ 9.207787381094084, 62.41981668830168 ], [ 9.209279024561106, 62.41973500669922 ], [ 9.210883265559792, 62.419392881493678 ], [ 9.211592685622634, 62.419422078618823 ], [ 9.211781389182265, 62.419687677346325 ], [ 9.212007639418189, 62.419717447976851 ], [ 9.212838376955954, 62.41914457457495 ], [ 9.213527427923839, 62.419036348134355 ], [ 9.21365193143405, 62.418919821853343 ], [ 9.213599440736257, 62.418587430263052 ], [ 9.214448921745982, 62.418246239326656 ], [ 9.209394847026321, 62.41849057504951 ], [ 9.208054048324739, 62.418422443172936 ], [ 9.208306285352441, 62.418250029844629 ], [ 9.209417896031708, 62.418119287716657 ], [ 9.208555539373775, 62.417719467258493 ], [ 9.208675706704517, 62.417607355476477 ], [ 9.208577843791838, 62.417388119282329 ], [ 9.209729581844497, 62.416812801079871 ], [ 9.21245509250647, 62.416351927025502 ], [ 9.211264366588491, 62.416344359342446 ], [ 9.217939381549098, 62.416040235565049 ], [ 9.21740573732907, 62.415861565000213 ], [ 9.217477160873703, 62.415670088246117 ], [ 9.217256218391109, 62.415581941739831 ], [ 9.216210936812423, 62.415675623920066 ], [ 9.216741524788313, 62.415466893125966 ], [ 9.216064032125137, 62.415429686455163 ], [ 9.218718850817098, 62.414892474440073 ], [ 9.21802974223656, 62.414840119921209 ], [ 9.216060680966514, 62.415115096299047 ], [ 9.21640627467996, 62.415212125243549 ], [ 9.212384793517668, 62.415987284369926 ], [ 9.210386124833164, 62.415961532190309 ], [ 9.209956907508452, 62.416175815467746 ], [ 9.21050277833691, 62.416313254418206 ], [ 9.21042939230046, 62.416422455656871 ], [ 9.208732950073308, 62.416589052270986 ], [ 9.208467132606726, 62.416836609749637 ], [ 9.208691605986237, 62.417067695620453 ], [ 9.20741811026657, 62.417228501089447 ], [ 9.206436947483335, 62.417685781789608 ], [ 9.208142222967661, 62.417758412368848 ], [ 9.208059935973223, 62.417845365874456 ], [ 9.206003040327877, 62.418272288199127 ], [ 9.205898344849484, 62.418219489122357 ], [ 9.206191220229154, 62.417817592483999 ], [ 9.20522458271547, 62.41718095876989 ], [ 9.198909516894879, 62.416401932352926 ], [ 9.198005542122205, 62.41662615470306 ], [ 9.198395493064616, 62.416870472103369 ], [ 9.199492547332039, 62.417108662804758 ], [ 9.197740868507264, 62.417295148036779 ], [ 9.195956117771123, 62.417281005035576 ], [ 9.194845179711988, 62.417510965904647 ], [ 9.194367868652234, 62.417801157174836 ], [ 9.192180420595452, 62.417665168559054 ], [ 9.190035450679856, 62.417747072436576 ], [ 9.191242515494128, 62.417511265045512 ], [ 9.191364853378294, 62.417403308193329 ], [ 9.191084564611868, 62.417317138055118 ], [ 9.19161728802549, 62.417169443491645 ], [ 9.190983444011993, 62.416958570045807 ], [ 9.190129435576345, 62.417232906252693 ], [ 9.190849781465882, 62.416967025083878 ], [ 9.192407173215932, 62.416732533227972 ], [ 9.193009568712272, 62.416487998420401 ], [ 9.194902728436633, 62.416375634302156 ], [ 9.194860132036867, 62.416157254173584 ], [ 9.195068913125484, 62.41601995756151 ], [ 9.194370492906936, 62.41601751005895 ], [ 9.19450249399045, 62.415878716098355 ], [ 9.193710550594636, 62.415774139497849 ], [ 9.192748052634691, 62.415975716607818 ], [ 9.191693815025159, 62.4159271426714 ], [ 9.191266215368605, 62.415819869268461 ], [ 9.191160518547198, 62.415532770149042 ], [ 9.188481611769117, 62.415787404191995 ], [ 9.187286580091509, 62.416138202309021 ], [ 9.187322753882532, 62.416251617814297 ], [ 9.187039881976125, 62.416397327088319 ], [ 9.187595650272012, 62.41637268694592 ], [ 9.187233980853041, 62.416503306469991 ], [ 9.186871795992644, 62.416496884372805 ], [ 9.186967472064028, 62.416283565593659 ], [ 9.186734569412542, 62.416253294175689 ], [ 9.185503633887906, 62.416519031732733 ], [ 9.180627203094936, 62.416923338019558 ], [ 9.179772430449269, 62.417132312206881 ], [ 9.178445001384983, 62.417798977000373 ], [ 9.178415925203213, 62.417937209719724 ], [ 9.178704964479904, 62.418108848089034 ], [ 9.178407726506702, 62.418387719075547 ], [ 9.178542931123053, 62.418523832909507 ], [ 9.178458456389789, 62.418838717096399 ], [ 9.178651751001379, 62.419019487261089 ], [ 9.17958350334478, 62.419053483476198 ], [ 9.179557116530082, 62.419182916361777 ], [ 9.180387519576813, 62.419384341325021 ], [ 9.181699805729298, 62.419499260928482 ], [ 9.182071156961433, 62.419802715627036 ], [ 9.182894902272441, 62.419866015755652 ], [ 9.184454089433046, 62.419380149199682 ], [ 9.187698114994168, 62.419112854425848 ], [ 9.192060730417854, 62.419363173307644 ], [ 9.194059829254964, 62.419810518380601 ], [ 9.195213402255964, 62.419764282812636 ], [ 9.194966262277466, 62.419937968297226 ], [ 9.195104005792215, 62.420015473259923 ], [ 9.196143550499135, 62.419804671380383 ], [ 9.195582174745153, 62.420012764139656 ], [ 9.197364652006202, 62.419976488175756 ], [ 9.196736452029796, 62.420352661776704 ], [ 9.197130615402244, 62.420572490711351 ], [ 9.197591947364417, 62.420587526284109 ], [ 9.197495412496133, 62.420874544932822 ], [ 9.19709810270939, 62.421016665663373 ], [ 9.197375896787992, 62.421176898321939 ], [ 9.196183763845951, 62.421571199469987 ], [ 9.196106652540454, 62.421801142973536 ], [ 9.196246710023969, 62.42188378450232 ], [ 9.194478011741168, 62.42236201822768 ], [ 9.192046886127624, 62.423558223046733 ], [ 9.191997840821259, 62.423689590486802 ], [ 9.193040165133526, 62.423384397014409 ], [ 9.19221801481574, 62.423724720637054 ], [ 9.192550548248811, 62.423823152951599 ], [ 9.192373252584154, 62.423906038125736 ], [ 9.192533870823528, 62.42405670160057 ], [ 9.191337593495941, 62.424434408753228 ], [ 9.191587945452913, 62.424294441664216 ], [ 9.191698551968482, 62.423882517968742 ], [ 9.190873898140582, 62.423916103371916 ], [ 9.189380888770891, 62.424266804327061 ], [ 9.188645567111674, 62.424824190390254 ], [ 9.188170659920395, 62.425968179462473 ], [ 9.188537118720376, 62.426098918720626 ], [ 9.18827731932355, 62.42639603094122 ], [ 9.188661114677677, 62.427102308211687 ], [ 9.18903577166992, 62.427329715862435 ], [ 9.190532817885828, 62.427562997484287 ], [ 9.191134307846399, 62.427270442305989 ] ], [ [ 9.204085888442517, 62.420323106159984 ], [ 9.204295658370985, 62.420360754269673 ], [ 9.203852255009574, 62.420521495943731 ], [ 9.203589559108883, 62.420537454233532 ], [ 9.204085888442517, 62.420323106159984 ] ], [ [ 9.20732091405357, 62.421824489077423 ], [ 9.207687695049247, 62.421809531615786 ], [ 9.207391356932941, 62.42192582191236 ], [ 9.207019656612896, 62.421975142725756 ], [ 9.20732091405357, 62.421824489077423 ] ], [ [ 9.201167448926391, 62.42242106580634 ], [ 9.201119278930575, 62.422328130780762 ], [ 9.201673770671544, 62.422451558154812 ], [ 9.201476523843338, 62.422604380567641 ], [ 9.201167448926391, 62.42242106580634 ] ], [ [ 9.199141408703383, 62.423311733309752 ], [ 9.199768445403429, 62.423110687120356 ], [ 9.199777787448607, 62.423134573502182 ], [ 9.199141408703383, 62.423311733309752 ] ], [ [ 9.190655814230899, 62.424313450534974 ], [ 9.190809677083585, 62.424133440552957 ], [ 9.1910781886656, 62.424128731499714 ], [ 9.190655814230899, 62.424313450534974 ] ] ] ] } },
{ "type": "Feature", "properties": { "fid": 255681, "navn": null, "hoyde_moh": 1414, "arealInnsjo_km2": 0.0087, "magasinKategori": null, "fid_2": 425, "id": 425, "left": 8.986919847, "top": 62.446110046000001, "right": 9.486919847, "bottom": 61.946110046000001, "row_index": 24, "col_index": 10, "tile_id": 425 }, "geometry": { "type": "MultiPolygon", "coordinates": [ [ [ [ 9.177526369687484, 62.427209764535284 ], [ 9.177100441183114, 62.427110263180282 ], [ 9.176953783747013, 62.426905248724324 ], [ 9.176661428693606, 62.426924506704623 ], [ 9.176797324821193, 62.426751498630708 ], [ 9.176643571857451, 62.42660479376741 ], [ 9.176756425288607, 62.426225289171065 ], [ 9.175990140867279, 62.426368366557959 ], [ 9.175452840503898, 62.426656708630247 ], [ 9.17604310193064, 62.427333512484658 ], [ 9.177660014845385, 62.427692685326384 ], [ 9.177526369687484, 62.427209764535284 ] ] ] ] } },
{ "type": "Feature", "properties": { "fid": 255688, "navn": "Svånåvatnet", "hoyde_moh": 1498, "arealInnsjo_km2": 1.1991, "magasinKategori": null, "fid_2": 425, "id": 425, "left": 8.986919847, "top": 62.446110046000001, "right": 9.486919847, "bottom": 61.946110046000001, "row_index": 24, "col_index": 10, "tile_id": 425 }, "geometry": { "type": "MultiPolygon", "coordinates": [ [ [ [ 9.202430225234291, 62.274519780619642 ], [ 9.206815726402143, 62.273650792249782 ], [ 9.208152820638317, 62.273566297539197 ], [ 9.209476179250775, 62.273689440383585 ], [ 9.210202230894224, 62.273318569864657 ], [ 9.211875941155107, 62.273082203353731 ], [ 9.213825357906126, 62.272497427368954 ], [ 9.218840977285732, 62.272488292038972 ], [ 9.224037268904985, 62.271899746971535 ], [ 9.22806350692991, 62.271160421624771 ], [ 9.228608705552441, 62.27095512522569 ], [ 9.227547336923374, 62.270349317477191 ], [ 9.22726308115573, 62.26997044488369 ], [ 9.227286856595752, 62.269509623173022 ], [ 9.227899870651379, 62.269015396860915 ], [ 9.229370283355152, 62.268587068923274 ], [ 9.229858282689666, 62.268173234959519 ], [ 9.230640773977036, 62.267835318713608 ], [ 9.230788751168033, 62.267624893481901 ], [ 9.230589992897688, 62.267247340788671 ], [ 9.230727569248636, 62.267042783740202 ], [ 9.228496295660145, 62.266357519681492 ], [ 9.225890375923623, 62.266115882584067 ], [ 9.222505818905832, 62.264623964895371 ], [ 9.221906958228422, 62.264602298776204 ], [ 9.221318777877995, 62.26431802990642 ], [ 9.220166232681187, 62.264137215600236 ], [ 9.21726854415526, 62.264132408160883 ], [ 9.216735617109054, 62.264380572003851 ], [ 9.21615842044921, 62.264419021029092 ], [ 9.215512122113687, 62.264705204324073 ], [ 9.215453624916687, 62.264918905260558 ], [ 9.214013920855523, 62.265444424218202 ], [ 9.212781978573705, 62.265729251261007 ], [ 9.208257822234293, 62.266262199950681 ], [ 9.207422838419884, 62.266512456700532 ], [ 9.207321447835255, 62.266506323324506 ], [ 9.207443484851405, 62.266390258077642 ], [ 9.207233004410034, 62.266362815118541 ], [ 9.205148598346211, 62.267131159653765 ], [ 9.205663742456622, 62.26752830401486 ], [ 9.205562250725752, 62.267728140166184 ], [ 9.206436553973852, 62.267704148515783 ], [ 9.206310851611004, 62.267873263903276 ], [ 9.206432896866822, 62.268016828651788 ], [ 9.207206489518208, 62.2683019900036 ], [ 9.207693069663399, 62.26877643086371 ], [ 9.208509684549247, 62.268930689083952 ], [ 9.208380853975083, 62.269187268405886 ], [ 9.208784430699367, 62.269304528623266 ], [ 9.208605543661307, 62.269507070386304 ], [ 9.209118772468937, 62.269632787708552 ], [ 9.215232496351963, 62.269983548513068 ], [ 9.216822284246643, 62.269762436945818 ], [ 9.218087903358887, 62.269232854046024 ], [ 9.21948161952235, 62.26914296966509 ], [ 9.220728662348163, 62.269335650996474 ], [ 9.22132649731409, 62.26952192789031 ], [ 9.221301775071563, 62.269674654511107 ], [ 9.220373894691896, 62.269794269358968 ], [ 9.220141092080974, 62.269920934279895 ], [ 9.220188066047024, 62.270079534944657 ], [ 9.218666383156339, 62.270402644237919 ], [ 9.214528730478527, 62.270702141846996 ], [ 9.209204545784917, 62.271939361690833 ], [ 9.207669191652283, 62.27216077784459 ], [ 9.20234466131091, 62.271841215173765 ], [ 9.200229940624073, 62.271367153574396 ], [ 9.198989307900018, 62.270479654546151 ], [ 9.196749864037335, 62.270029926879531 ], [ 9.196873054663202, 62.269828124000995 ], [ 9.197733601410066, 62.269749683820613 ], [ 9.198556346468244, 62.269413624116439 ], [ 9.198398777966096, 62.269328159028532 ], [ 9.198463335590477, 62.269075734671645 ], [ 9.197504180911247, 62.268840450412867 ], [ 9.194670103740449, 62.268406539589449 ], [ 9.192151439085574, 62.268730220740693 ], [ 9.190249240041553, 62.268701714657489 ], [ 9.189351530505485, 62.269201307749455 ], [ 9.188146065462632, 62.269351009783499 ], [ 9.186888915505929, 62.26994073763111 ], [ 9.185567683357208, 62.270269209812412 ], [ 9.184135512921037, 62.271039088280141 ], [ 9.182501610320733, 62.271285617647791 ], [ 9.181436039029434, 62.271766948320348 ], [ 9.180967212832604, 62.272165684739484 ], [ 9.179323567034123, 62.272553831362259 ], [ 9.178666184757304, 62.27253924415956 ], [ 9.177991467247846, 62.272736837542482 ], [ 9.177810554913457, 62.272961587819822 ], [ 9.179378885476792, 62.273625040732398 ], [ 9.180194676018795, 62.273648893721749 ], [ 9.181700241029834, 62.27334846946431 ], [ 9.1823309066253, 62.272924211893034 ], [ 9.184543692194644, 62.272471353475403 ], [ 9.184914254371725, 62.271944152960977 ], [ 9.185409271217493, 62.271689375945371 ], [ 9.185307377998816, 62.271510986231391 ], [ 9.188532572063728, 62.271993462215711 ], [ 9.189544474825745, 62.271691228887107 ], [ 9.190052278356939, 62.271702908379069 ], [ 9.191425670844719, 62.271223538451146 ], [ 9.192880260369622, 62.27114466333861 ], [ 9.1959794434587, 62.271877798143706 ], [ 9.195952939048336, 62.272304215190509 ], [ 9.196671295552155, 62.272712433992034 ], [ 9.196297788617219, 62.273185881755722 ], [ 9.196556489418168, 62.27395743631596 ], [ 9.197692315765286, 62.27440934423128 ], [ 9.199113909213462, 62.27460620229067 ], [ 9.202430225234291, 62.274519780619642 ] ], [ [ 9.196025440967041, 62.270830126373326 ], [ 9.196593258030591, 62.270672981002136 ], [ 9.197990407126655, 62.271067606028843 ], [ 9.196258860302489, 62.27118515764495 ], [ 9.196025440967041, 62.270830126373326 ] ] ] ] } },
{ "type": "Feature", "properties": { "fid": 255689, "navn": null, "hoyde_moh": 1319, "arealInnsjo_km2": 0.01, "magasinKategori": null, "fid_2": 425, "id": 425, "left": 8.986919847, "top": 62.446110046000001, "right": 9.486919847, "bottom": 61.946110046000001, "row_index": 24, "col_index": 10, "tile_id": 425 }, "geometry": { "type": "MultiPolygon", "coordinates": [ [ [ [ 8.997383333515639, 62.267261508655899 ], [ 8.998103198771746, 62.266398691042447 ], [ 8.997681081269278, 62.266515538227935 ], [ 8.997458357557459, 62.266453382700242 ], [ 8.997506021325544, 62.266329839701392 ], [ 8.996762267375866, 62.266290644684709 ], [ 8.995937806535316, 62.266547158418881 ], [ 8.9960055309281, 62.26687938543224 ], [ 8.995857832137553, 62.267268628375106 ], [ 8.996818322542683, 62.267408803395604 ], [ 8.997383333515639, 62.267261508655899 ] ] ] ] } },
{ "type": "Feature", "properties": { "fid": 255692, "navn": null, "hoyde_moh": 1482, "arealInnsjo_km2": 0.0141, "magasinKategori": null, "fid_2": 425, "id": 425, "left": 8.986919847, "top": 62.446110046000001, "right": 9.486919847, "bottom": 61.946110046000001, "row_index": 24, "col_index": 10, "tile_id": 425 }, "geometry": { "type": "MultiPolygon", "coordinates": [ [ [ [ 8.987320155870748, 62.289750284521389 ], [ 8.986919847, 62.289570867496963 ], [ 8.986919847, 62.290027895111677 ], [ 8.987320155870748, 62.289750284521389 ] ] ] ] } },
{ "type": "Feature", "properties": { "fid": 255700, "navn": null, "hoyde_moh": 1435, "arealInnsjo_km2": 0.0026, "magasinKategori": null, "fid_2": 425, "id": 425, "left": 8.986919847, "top": 62.446110046000001, "right": 9.486919847, "bottom": 61.946110046000001, "row_index": 24, "col_index": 10, "tile_id": 425 }, "geometry": { "type": "MultiPolygon", "coordinates": [ [ [ [ 9.029704756410517, 62.339537418194482 ], [ 9.030048766308596, 62.339269865647672 ], [ 9.029350386705454, 62.339097797156867 ], [ 9.028886683663327, 62.339224412098872 ], [ 9.028709051466207, 62.339530732358696 ], [ 9.029704756410517, 62.339537418194482 ] ] ] ] } },
{ "type": "Feature", "properties": { "fid": 255705, "navn": "Midtre Salhøtjønne", "hoyde_moh": 1413, "arealInnsjo_km2": 0.3643, "magasinKategori": null, "fid_2": 425, "id": 425, "left": 8.986919847, "top": 62.446110046000001, "right": 9.486919847, "bottom": 61.946110046000001, "row_index": 24, "col_index": 10, "tile_id": 425 }, "geometry": { "type": "MultiPolygon", "coordinates": [ [ [ [ 8.987736601759638, 62.357398636177784 ], [ 8.988700643462781, 62.357209009938252 ], [ 8.989834499520214, 62.357230506157897 ], [ 8.990649147529702, 62.356990451455587 ], [ 8.991257247990157, 62.35751303073603 ], [ 8.992302833063926, 62.357275227597235 ], [ 8.993231719764333, 62.356622123438527 ], [ 8.993221993996647, 62.356365347548781 ], [ 8.992896645947731, 62.356053211036922 ], [ 8.992867736521742, 62.355659277766691 ], [ 8.992595901750416, 62.355379892901958 ], [ 8.993397526326378, 62.354358130506156 ], [ 8.993599129420614, 62.353847669865907 ], [ 8.993565948333732, 62.352983253456202 ], [ 8.993317620025046, 62.352658244896517 ], [ 8.993279541111628, 62.352088779483729 ], [ 8.9928242052115, 62.351973789539151 ], [ 8.992483926652575, 62.351515132632272 ], [ 8.991508149362984, 62.351126908404929 ], [ 8.989416843338445, 62.350766236318165 ], [ 8.988754330959315, 62.350062817334305 ], [ 8.989854012805443, 62.349569679153475 ], [ 8.990975861267207, 62.349703659892093 ], [ 8.991367819412098, 62.349401348634728 ], [ 8.991423721541256, 62.349099512448696 ], [ 8.990893347716577, 62.349063293050087 ], [ 8.99026502004179, 62.349455397952269 ], [ 8.989470198623867, 62.349457686438754 ], [ 8.988699446435186, 62.3489722538379 ], [ 8.988808812530721, 62.348643561313494 ], [ 8.988620989238775, 62.348603453162262 ], [ 8.98835356544982, 62.348800672028474 ], [ 8.988393011327329, 62.349102229469999 ], [ 8.987335237222371, 62.349702165118579 ], [ 8.98778911396203, 62.350261390138165 ], [ 8.986937812709312, 62.350521714359743 ], [ 8.986919847, 62.350517490380852 ], [ 8.986919847, 62.357682977341767 ], [ 8.987736601759638, 62.357398636177784 ] ] ] ] } },
{ "type": "Feature", "properties": { "fid": 255706, "navn": null, "hoyde_moh": 1432, "arealInnsjo_km2": 0.0152, "magasinKategori": null, "fid_2": 425, "id": 425, "left": 8.986919847, "top": 62.446110046000001, "right": 9.486919847, "bottom": 61.946110046000001, "row_index": 24, "col_index": 10, "tile_id": 425 }, "geometry": { "type": "MultiPolygon", "coordinates": [ [ [ [ 9.209325366670063, 62.398034474559672 ], [ 9.210083519877191, 62.397717245505788 ], [ 9.208934923217681, 62.397572125105469 ], [ 9.206515245618592, 62.396868846149999 ], [ 9.205317151579971, 62.396897266130274 ], [ 9.205499607524194, 62.397025962188017 ], [ 9.205377317662681, 62.397258522707922 ], [ 9.205907068252174, 62.397481291119504 ], [ 9.206770420113735, 62.397377234382382 ], [ 9.206502984816469, 62.397527850122231 ], [ 9.207665831327432, 62.397998931651848 ], [ 9.209325366670063, 62.398034474559672 ] ] ] ] } },
{ "type": "Feature", "properties": { "fid": 255707, "navn": null, "hoyde_moh": 1414, "arealInnsjo_km2": 0.0025, "magasinKategori": null, "fid_2": 425, "id": 425, "left": 8.986919847, "top": 62.446110046000001, "right": 9.486919847, "bottom": 61.946110046000001, "row_index": 24, "col_index": 10, "tile_id": 425 }, "geometry": { "type": "MultiPolygon", "coordinates": [ [ [ [ 9.116979371179291, 62.295674492297927 ], [ 9.116921392237995, 62.295353585920445 ], [ 9.116177398113855, 62.295336297676478 ], [ 9.11587047162352, 62.295638461804536 ], [ 9.116497134363524, 62.295884491097631 ], [ 9.116979371179291, 62.295674492297927 ] ] ] ] } },
{ "type": "Feature", "properties": { "fid": 255708, "navn": null, "hoyde_moh": 1432, "arealInnsjo_km2": 0.0067, "magasinKategori": null, "fid_2": 425, "id": 425, "left": 8.986919847, "top": 62.446110046000001, "right": 9.486919847, "bottom": 61.946110046000001, "row_index": 24, "col_index": 10, "tile_id": 425 }, "geometry": { "type": "MultiPolygon", "coordinates": [ [ [ [ 9.196671183962065, 62.397575986888349 ], [ 9.196925042745507, 62.397407626477445 ], [ 9.196288472838296, 62.397146777947441 ], [ 9.195053925609763, 62.397017032877443 ], [ 9.194592463213933, 62.397120445262651 ], [ 9.194597425181069, 62.397298722251378 ], [ 9.194317586425043, 62.397483907571804 ], [ 9.19550961005389, 62.397667876748294 ], [ 9.196671183962065, 62.397575986888349 ] ] ] ] } },
{ "type": "Feature", "properties": { "fid": 255711, "navn": null, "hoyde_moh": 1433, "arealInnsjo_km2": 0.0159, "magasinKategori": null, "fid_2": 425, "id": 425, "left": 8.986919847, "top": 62.446110046000001, "right": 9.486919847, "bottom": 61.946110046000001, "row_index": 24, "col_index": 10, "tile_id": 425 }, "geometry": { "type": "MultiPolygon", "coordinates": [ [ [ [ 9.194934897962174, 62.398859100247321 ], [ 9.194586695554325, 62.398206266310495 ], [ 9.193077835249369, 62.398144078567171 ], [ 9.192695500038333, 62.397923912648288 ], [ 9.193204833128588, 62.397853836554191 ], [ 9.192750321556725, 62.397688628737598 ], [ 9.192882488297311, 62.397517616465251 ], [ 9.193718840134427, 62.39740602860784 ], [ 9.193732661362851, 62.397282911994886 ], [ 9.192515520342905, 62.397433130269448 ], [ 9.192227740402382, 62.397203683424799 ], [ 9.19210583270951, 62.397252959931656 ], [ 9.192180711757615, 62.397381857038205 ], [ 9.192437228714949, 62.397515559968603 ], [ 9.192268350481763, 62.397757686880055 ], [ 9.190784838990995, 62.398015493516922 ], [ 9.190314465854366, 62.397858076222846 ], [ 9.190099859170649, 62.398147711893095 ], [ 9.190716400483366, 62.398355717257566 ], [ 9.192307253686284, 62.398188644391318 ], [ 9.192193374412744, 62.398345386931695 ], [ 9.193268039478339, 62.398340544945107 ], [ 9.193064107815902, 62.398502434946934 ], [ 9.193148178091551, 62.398610019589533 ], [ 9.194429730673161, 62.398968608176638 ], [ 9.194934897962174, 62.398859100247321 ] ] ] ] } },
{ "type": "Feature", "properties": { "fid": 255713, "navn": null, "hoyde_moh": 1432, "arealInnsjo_km2": 0.0596, "magasinKategori": null, "fid_2": 425, "id": 425, "left": 8.986919847, "top": 62.446110046000001, "right": 9.486919847, "bottom": 61.946110046000001, "row_index": 24, "col_index": 10, "tile_id": 425 }, "geometry": { "type": "MultiPolygon", "coordinates": [ [ [ [ 9.203558557941975, 62.399110214518934 ], [ 9.202987766539385, 62.39893793834031 ], [ 9.203440717708704, 62.398795342343256 ], [ 9.205310457384371, 62.398903803259493 ], [ 9.20545615823845, 62.398810766464699 ], [ 9.205268023020015, 62.398539145537839 ], [ 9.205403074382303, 62.3983488885995 ], [ 9.204054794445726, 62.397778583393766 ], [ 9.203486876886288, 62.397347428814882 ], [ 9.201899899610028, 62.397176026718242 ], [ 9.202069871357308, 62.396943838893357 ], [ 9.201808254895873, 62.396852253466612 ], [ 9.200760165570038, 62.397066496447032 ], [ 9.200480754401474, 62.397643767560787 ], [ 9.19960119754046, 62.397898170427752 ], [ 9.19833670286533, 62.397512615171124 ], [ 9.19730847009639, 62.39743535261055 ], [ 9.196507365144837, 62.397762243871831 ], [ 9.196742471735449, 62.39794338670216 ], [ 9.198440021120186, 62.398055999610541 ], [ 9.198867799364422, 62.398191172959471 ], [ 9.199231759827338, 62.39872626917726 ], [ 9.201410932421181, 62.398939893469276 ], [ 9.201790593222057, 62.399157220625028 ], [ 9.201706041412873, 62.399311052952825 ], [ 9.202578531304265, 62.399413377431642 ], [ 9.203558557941975, 62.399110214518934 ] ] ] ] } },
{ "type": "Feature", "properties": { "fid": 255716, "navn": "Repptjønna", "hoyde_moh": 1678, "arealInnsjo_km2": 0.1848, "magasinKategori": null, "fid_2": 425, "id": 425, "left": 8.986919847, "top": 62.446110046000001, "right": 9.486919847, "bottom": 61.946110046000001, "row_index": 24, "col_index": 10, "tile_id": 425 }, "geometry": { "type": "MultiPolygon", "coordinates": [ [ [ [ 9.096009751717212, 62.427318043003339 ], [ 9.097023776610826, 62.426572697580873 ], [ 9.097364519020367, 62.425951442902488 ], [ 9.097575749583161, 62.4259292645662 ], [ 9.097823099979001, 62.425572073126617 ], [ 9.097715848220393, 62.4254936891776 ], [ 9.097946617855015, 62.425425702800005 ], [ 9.098032087003563, 62.424677909700883 ], [ 9.098810430216872, 62.424071909959927 ], [ 9.098852085672592, 62.423864080271393 ], [ 9.098599388457991, 62.423635284807155 ], [ 9.098536130974242, 62.422864608326051 ], [ 9.098985605767814, 62.422409131326965 ], [ 9.099245863870333, 62.420908246496374 ], [ 9.099927227740759, 62.420339360598113 ], [ 9.099818328807237, 62.420021688044208 ], [ 9.099113939627136, 62.419500275225971 ], [ 9.098191284306349, 62.419185396918827 ], [ 9.096839410143856, 62.419146144767012 ], [ 9.096161047935311, 62.418958046762654 ], [ 9.094347254020226, 62.419186797915827 ], [ 9.093496128531493, 62.419054455995933 ], [ 9.093117661463237, 62.419297032893468 ], [ 9.094047072128756, 62.419802386242871 ], [ 9.094311358273602, 62.42010776374287 ], [ 9.094478252204349, 62.421302411117793 ], [ 9.095259456283847, 62.423133240332298 ], [ 9.095213500763263, 62.423578757428842 ], [ 9.094518026054587, 62.424636452053505 ], [ 9.094648704575656, 62.42534166302714 ], [ 9.094247312641455, 62.426399882351383 ], [ 9.094335915496767, 62.426631435231414 ], [ 9.094215752500867, 62.426935505759239 ], [ 9.094685928858473, 62.427293208155767 ], [ 9.095519710237644, 62.427426058803334 ], [ 9.096009751717212, 62.427318043003339 ] ] ] ] } },
{ "type": "Feature", "properties": { "fid": 255721, "navn": "Kjellsungbandet", "hoyde_moh": 1439, "arealInnsjo_km2": 0.0141, "magasinKategori": null, "fid_2": 425, "id": 425, "left": 8.986919847, "top": 62.446110046000001, "right": 9.486919847, "bottom": 61.946110046000001, "row_index": 24, "col_index": 10, "tile_id": 425 }, "geometry": { "type": "MultiPolygon", "coordinates": [ [ [ [ 9.112751703742145, 62.272558530247949 ], [ 9.112817550148673, 62.272409805877587 ], [ 9.112618594916693, 62.272258552824781 ], [ 9.112785116218314, 62.272067383296807 ], [ 9.112657070241033, 62.271956599470187 ], [ 9.113160504581451, 62.271933443667436 ], [ 9.113230181879759, 62.271736534677565 ], [ 9.113757524636727, 62.271487691892901 ], [ 9.113835042743332, 62.271211257402236 ], [ 9.113663285069835, 62.270940878932045 ], [ 9.112721635680749, 62.271011482959295 ], [ 9.112248623966114, 62.271221667904143 ], [ 9.112111823587933, 62.271500802304061 ], [ 9.112228708426775, 62.271862843115827 ], [ 9.112008545595367, 62.272162110384478 ], [ 9.110813451519235, 62.272515158802044 ], [ 9.110858931598401, 62.272710033742783 ], [ 9.111890772139107, 62.272860885760835 ], [ 9.112751703742145, 62.272558530247949 ] ] ] ] } },
{ "type": "Feature", "properties": { "fid": 255724, "navn": null, "hoyde_moh": 1639, "arealInnsjo_km2": 0.0376, "magasinKategori": null, "fid_2": 425, "id": 425, "left": 8.986919847, "top": 62.446110046000001, "right": 9.486919847, "bottom": 61.946110046000001, "row_index": 24, "col_index": 10, "tile_id": 425 }, "geometry": { "type": "MultiPolygon", "coordinates": [ [ [ [ 9.210440595644402, 62.320171048114112 ], [ 9.210454247411803, 62.319888764252411 ], [ 9.211216564233874, 62.319252630010233 ], [ 9.211127988873265, 62.31908490772058 ], [ 9.211821794235563, 62.319054378221601 ], [ 9.212628966146282, 62.318748156175516 ], [ 9.212642940202418, 62.318237406851686 ], [ 9.213114160011035, 62.317894108311066 ], [ 9.212874787951829, 62.317478918396951 ], [ 9.213036580059303, 62.317329303432338 ], [ 9.212005626241972, 62.317093692621235 ], [ 9.212069532021346, 62.317233827230091 ], [ 9.211348002326504, 62.317355112730766 ], [ 9.210409591682513, 62.318025661281403 ], [ 9.209743336103166, 62.31876068875259 ], [ 9.209735904953002, 62.319085903816884 ], [ 9.208651099710416, 62.319611150630422 ], [ 9.208739167179163, 62.319783444867184 ], [ 9.20854655487808, 62.319991273769112 ], [ 9.209110408217938, 62.320239081851099 ], [ 9.208855978208998, 62.32042029211906 ], [ 9.209032374379825, 62.320507963267062 ], [ 9.210440595644402, 62.320171048114112 ] ] ] ] } },
{ "type": "Feature", "properties": { "fid": 255728, "navn": null, "hoyde_moh": 1352, "arealInnsjo_km2": 0.0055, "magasinKategori": null, "fid_2": 425, "id": 425, "left": 8.986919847, "top": 62.446110046000001, "right": 9.486919847, "bottom": 61.946110046000001, "row_index": 24, "col_index": 10, "tile_id": 425 }, "geometry": { "type": "MultiPolygon", "coordinates": [ [ [ [ 9.135658531865383, 62.346781106279003 ], [ 9.135138464758613, 62.346281321693667 ], [ 9.134311451841699, 62.345946542483752 ], [ 9.133794387065352, 62.345961853880958 ], [ 9.134122725276466, 62.346341626761706 ], [ 9.134940555977833, 62.346802511376794 ], [ 9.135062752075157, 62.347137100809441 ], [ 9.135360533411722, 62.347212985173677 ], [ 9.135658531865383, 62.346781106279003 ] ] ] ] } },
{ "type": "Feature", "properties": { "fid": 255729, "navn": null, "hoyde_moh": 1642, "arealInnsjo_km2": 0.0027, "magasinKategori": null, "fid_2": 425, "id": 425, "left": 8.986919847, "top": 62.446110046000001, "right": 9.486919847, "bottom": 61.946110046000001, "row_index": 24, "col_index": 10, "tile_id": 425 }, "geometry": { "type": "MultiPolygon", "coordinates": [ [ [ [ 9.044789989101352, 62.362767428704842 ], [ 9.044835696939742, 62.36237592081666 ], [ 9.044694810342747, 62.362261825801419 ], [ 9.044159864095656, 62.362621344690233 ], [ 9.043955302127992, 62.362978300252713 ], [ 9.044241362653997, 62.3631401368391 ], [ 9.044789989101352, 62.362767428704842 ] ] ] ] } },
{ "type": "Feature", "properties": { "fid": 255731, "navn": null, "hoyde_moh": 1320, "arealInnsjo_km2": 0.0139, "magasinKategori": null, "fid_2": 425, "id": 425, "left": 8.986919847, "top": 62.446110046000001, "right": 9.486919847, "bottom": 61.946110046000001, "row_index": 24, "col_index": 10, "tile_id": 425 }, "geometry": { "type": "MultiPolygon", "coordinates": [ [ [ [ 9.198584259423299, 62.369542117331932 ], [ 9.196978412667205, 62.368691847409117 ], [ 9.196205574289012, 62.368671049196656 ], [ 9.195594677594531, 62.368384875165724 ], [ 9.194204707620745, 62.368252095979102 ], [ 9.194014061015588, 62.368360611772026 ], [ 9.19399260539107, 62.36858315633954 ], [ 9.194161134324633, 62.368726595590161 ], [ 9.195294897749431, 62.368829302064313 ], [ 9.196312786641965, 62.369253763083158 ], [ 9.197030343697936, 62.369342827957965 ], [ 9.197144803837041, 62.369584289602592 ], [ 9.198318670270321, 62.369925321949815 ], [ 9.198584259423299, 62.369542117331932 ] ] ] ] } },
{ "type": "Feature", "properties": { "fid": 255734, "navn": null, "hoyde_moh": 1641, "arealInnsjo_km2": 0.0082, "magasinKategori": null, "fid_2": 425, "id": 425, "left": 8.986919847, "top": 62.446110046000001, "right": 9.486919847, "bottom": 61.946110046000001, "row_index": 24, "col_index": 10, "tile_id": 425 }, "geometry": { "type": "MultiPolygon", "coordinates": [ [ [ [ 9.043233825012273, 62.363625405683869 ], [ 9.043711857623522, 62.36294713865923 ], [ 9.042984227542345, 62.362401771035721 ], [ 9.042355464703631, 62.362770940856329 ], [ 9.042142058475839, 62.363370890511575 ], [ 9.042357776693059, 62.363730317339147 ], [ 9.042725070013018, 62.363850175950887 ], [ 9.043233825012273, 62.363625405683869 ] ] ] ] } },
{ "type": "Feature", "properties": { "fid": 255736, "navn": null, "hoyde_moh": 1440, "arealInnsjo_km2": 0.0047, "magasinKategori": null, "fid_2": 425, "id": 425, "left": 8.986919847, "top": 62.446110046000001, "right": 9.486919847, "bottom": 61.946110046000001, "row_index": 24, "col_index": 10, "tile_id": 425 }, "geometry": { "type": "MultiPolygon", "coordinates": [ [ [ [ 9.212082729251815, 62.400790535346005 ], [ 9.212588218578581, 62.400892622604673 ], [ 9.213692617430604, 62.400775609504727 ], [ 9.212409396019011, 62.400633644999296 ], [ 9.212856807427734, 62.40041129733617 ], [ 9.212609312978508, 62.400325634068523 ], [ 9.211469595748964, 62.40065416165892 ], [ 9.210147516594096, 62.400365257971792 ], [ 9.210842735925571, 62.400711933859171 ], [ 9.21170433494509, 62.400884863314047 ], [ 9.212082729251815, 62.400790535346005 ] ] ] ] } },
{ "type": "Feature", "properties": { "fid": 255737, "navn": null, "hoyde_moh": 1624, "arealInnsjo_km2": 0.0913, "magasinKategori": null, "fid_2": 425, "id": 425, "left": 8.986919847, "top": 62.446110046000001, "right": 9.486919847, "bottom": 61.946110046000001, "row_index": 24, "col_index": 10, "tile_id": 425 }, "geometry": { "type": "MultiPolygon", "coordinates": [ [ [ [ 9.133476343974774, 62.397736920649912 ], [ 9.134232964743687, 62.396981928090355 ], [ 9.133771649787139, 62.39645844742477 ], [ 9.133837445773548, 62.396156743578828 ], [ 9.134628802171147, 62.395686274057098 ], [ 9.134822064974188, 62.395361775133289 ], [ 9.13309842089245, 62.394401790610004 ], [ 9.131924152804128, 62.394114754443159 ], [ 9.130532884219472, 62.394301730187976 ], [ 9.129396833993948, 62.394640292653776 ], [ 9.128427262724895, 62.394593351183225 ], [ 9.128177104969806, 62.394443583677571 ], [ 9.12815434271516, 62.394236449639777 ], [ 9.128583459013516, 62.393836492587404 ], [ 9.128619926361011, 62.393507530490886 ], [ 9.128383903581218, 62.393370785168933 ], [ 9.127595273142981, 62.393641466176625 ], [ 9.126958618556582, 62.394110248558 ], [ 9.126738462453103, 62.39456927843446 ], [ 9.127462905396829, 62.394619638706303 ], [ 9.128929001850851, 62.395274946766207 ], [ 9.129386527460195, 62.395317250543897 ], [ 9.130628159129239, 62.396008423059612 ], [ 9.130660044900781, 62.396236378815587 ], [ 9.129892073582232, 62.396742478655923 ], [ 9.129800536038951, 62.397128623087511 ], [ 9.130922428435335, 62.397430926378398 ], [ 9.13123878261208, 62.397774441141891 ], [ 9.133476343974774, 62.397736920649912 ] ] ] ] } },
{ "type": "Feature", "properties": { "fid": 255738, "navn": null, "hoyde_moh": 1672, "arealInnsjo_km2": 0.0635, "magasinKategori": null, "fid_2": 425, "id": 425, "left": 8.986919847, "top": 62.446110046000001, "right": 9.486919847, "bottom": 61.946110046000001, "row_index": 24, "col_index": 10, "tile_id": 425 }, "geometry": { "type": "MultiPolygon", "coordinates": [ [ [ [ 9.096425078344856, 62.396235289234973 ], [ 9.096499590916254, 62.396116371235379 ], [ 9.095966922259599, 62.396016471982541 ], [ 9.096507072223208, 62.395961560557247 ], [ 9.097489080744728, 62.395013027611618 ], [ 9.09752376599257, 62.394156297929094 ], [ 9.097323271327211, 62.393486473887855 ], [ 9.096508672800898, 62.393040111643188 ], [ 9.096030411095619, 62.393025535965997 ], [ 9.096205640592217, 62.393149131756509 ], [ 9.096018819629567, 62.393179541640116 ], [ 9.095511219152684, 62.393022722996264 ], [ 9.095024839487383, 62.39259148019169 ], [ 9.095065185839033, 62.392418619873041 ], [ 9.094753575325239, 62.39228129826963 ], [ 9.094122376043295, 62.39219736615172 ], [ 9.093304008031982, 62.392434363412931 ], [ 9.092916194898839, 62.392783942768531 ], [ 9.092935122827589, 62.393151638503198 ], [ 9.093055977964715, 62.393179199242574 ], [ 9.093058504654547, 62.393449229983936 ], [ 9.093461763847072, 62.393423170513238 ], [ 9.093423582304261, 62.393528056789492 ], [ 9.093676607082037, 62.393640830363573 ], [ 9.093270437445478, 62.393966401252904 ], [ 9.09315596103262, 62.394289526183805 ], [ 9.093687049677767, 62.394603472007205 ], [ 9.093992415824154, 62.394547586170759 ], [ 9.094395102132321, 62.394733710054098 ], [ 9.094352881406637, 62.394827620607934 ], [ 9.094712781872147, 62.394853192982382 ], [ 9.094880798944038, 62.395103701931518 ], [ 9.094713216402381, 62.395247831722514 ], [ 9.095280549881295, 62.395483541689252 ], [ 9.095457373363349, 62.396232763580933 ], [ 9.095864033061037, 62.396370432737605 ], [ 9.096425078344856, 62.396235289234973 ] ] ] ] } },
{ "type": "Feature", "properties": { "fid": 255740, "navn": null, "hoyde_moh": 1477, "arealInnsjo_km2": 0.0111, "magasinKategori": null, "fid_2": 425, "id": 425, "left": 8.986919847, "top": 62.446110046000001, "right": 9.486919847, "bottom": 61.946110046000001, "row_index": 24, "col_index": 10, "tile_id": 425 }, "geometry": { "type": "MultiPolygon", "coordinates": [ [ [ [ 9.051636905735132, 62.425879844365554 ], [ 9.051712572020719, 62.425771076236742 ], [ 9.051410560471867, 62.42560039848329 ], [ 9.051764580993831, 62.425272149576131 ], [ 9.051707227157117, 62.424924397016582 ], [ 9.051286999880238, 62.424877232099192 ], [ 9.050338379754651, 62.425282841765657 ], [ 9.049472649643976, 62.426100770952331 ], [ 9.049423966716681, 62.426322611752958 ], [ 9.049768492746876, 62.426387158545815 ], [ 9.051636905735132, 62.425879844365554 ] ] ] ] } },
{ "type": "Feature", "properties": { "fid": 255742, "navn": null, "hoyde_moh": 1754, "arealInnsjo_km2": 0.0037, "magasinKategori": null, "fid_2": 425, "id": 425, "left": 8.986919847, "top": 62.446110046000001, "right": 9.486919847, "bottom": 61.946110046000001, "row_index": 24, "col_index": 10, "tile_id": 425 }, "geometry": { "type": "MultiPolygon", "coordinates": [ [ [ [ 9.113623385628003, 62.42969735097769 ], [ 9.113847586393517, 62.429475464535514 ], [ 9.113778484466392, 62.429199378715879 ], [ 9.113504581292796, 62.428968006396552 ], [ 9.113062187158015, 62.429077921383787 ], [ 9.112744224118337, 62.429543784042409 ], [ 9.112818093470393, 62.429692226311644 ], [ 9.112659154298562, 62.429881583575245 ], [ 9.113623385628003, 62.42969735097769 ] ] ] ] } },
{ "type": "Feature", "properties": { "fid": 255743, "navn": null, "hoyde_moh": 1643, "arealInnsjo_km2": 0.0056, "magasinKategori": null, "fid_2": 425, "id": 425, "left": 8.986919847, "top": 62.446110046000001, "right": 9.486919847, "bottom": 61.946110046000001, "row_index": 24, "col_index": 10, "tile_id": 425 }, "geometry": { "type": "MultiPolygon", "coordinates": [ [ [ [ 8.997210804140114, 62.424822857203488 ], [ 8.997317344033611, 62.42429296264951 ], [ 8.996600084745349, 62.424084132308543 ], [ 8.996012363523853, 62.424331294660412 ], [ 8.996016794935407, 62.424602877592513 ], [ 8.996363080105848, 62.425051222831527 ], [ 8.997210804140114, 62.424822857203488 ] ] ] ] } },
{ "type": "Feature", "properties": { "fid": 255744, "navn": "Litlvatnet", "hoyde_moh": 1349, "arealInnsjo_km2": 0.3193, "magasinKategori": null, "fid_2": 425, "id": 425, "left": 8.986919847, "top": 62.446110046000001, "right": 9.486919847, "bottom": 61.946110046000001, "row_index": 24, "col_index": 10, "tile_id": 425 }, "geometry": { "type": "MultiPolygon", "coordinates": [ [ [ [ 9.17490007560356, 62.433666166590264 ], [ 9.179484970062083, 62.432630744609455 ], [ 9.181090658837524, 62.431632070939919 ], [ 9.181061530668766, 62.431013180907065 ], [ 9.180691310698938, 62.430472105290356 ], [ 9.179928629764749, 62.430023344437508 ], [ 9.179429917404134, 62.429501910419724 ], [ 9.178366202154068, 62.429645959140082 ], [ 9.177387658191423, 62.42924467620643 ], [ 9.172397170276932, 62.430190985899749 ], [ 9.169326634763138, 62.430407175497677 ], [ 9.167507159833217, 62.430966239258169 ], [ 9.163709509232273, 62.431467247746347 ], [ 9.163638235672767, 62.431620182854367 ], [ 9.163904861741845, 62.431681165339384 ], [ 9.163341267997515, 62.431994560995449 ], [ 9.163720615754901, 62.432596754038826 ], [ 9.163317882035999, 62.432914924712463 ], [ 9.163889356515593, 62.4331991945499 ], [ 9.165150568333313, 62.433023750288491 ], [ 9.166138174206923, 62.433085286521113 ], [ 9.16629816535724, 62.433288442690831 ], [ 9.166120591808463, 62.43350524780017 ], [ 9.167130796688637, 62.433992025046159 ], [ 9.167955045381804, 62.433910479674566 ], [ 9.169380353695439, 62.434119187396654 ], [ 9.17490007560356, 62.433666166590264 ] ] ] ] } },
{ "type": "Feature", "properties": { "fid": 255745, "navn": null, "hoyde_moh": 1632, "arealInnsjo_km2": 0.007, "magasinKategori": null, "fid_2": 425, "id": 425, "left": 8.986919847, "top": 62.446110046000001, "right": 9.486919847, "bottom": 61.946110046000001, "row_index": 24, "col_index": 10, "tile_id": 425 }, "geometry": { "type": "MultiPolygon", "coordinates": [ [ [ [ 8.99448292055712, 62.426775514773112 ], [ 8.994574775747955, 62.426472436260326 ], [ 8.994096675563558, 62.426085560442615 ], [ 8.99318637357309, 62.426228813096699 ], [ 8.992567130391281, 62.426586884940917 ], [ 8.992617180657099, 62.426703044795069 ], [ 8.99414074127735, 62.426972055544987 ], [ 8.99448292055712, 62.426775514773112 ] ] ] ] } },
{ "type": "Feature", "properties": { "fid": 255751, "navn": null, "hoyde_moh": 1488, "arealInnsjo_km2": 0.0087, "magasinKategori": null, "fid_2": 425, "id": 425, "left": 8.986919847, "top": 62.446110046000001, "right": 9.486919847, "bottom": 61.946110046000001, "row_index": 24, "col_index": 10, "tile_id": 425 }, "geometry": { "type": "MultiPolygon", "coordinates": [ [ [ [ 9.12545905188956, 62.274081152224511 ], [ 9.12523273399408, 62.273417110162917 ], [ 9.123859194556752, 62.273179291130809 ], [ 9.123333221726361, 62.27364376446743 ], [ 9.123707868956048, 62.274015472620164 ], [ 9.1251451956888, 62.274200989801933 ], [ 9.12545905188956, 62.274081152224511 ] ] ] ] } },
{ "type": "Feature", "properties": { "fid": 255754, "navn": null, "hoyde_moh": 1612, "arealInnsjo_km2": 0.0043, "magasinKategori": null, "fid_2": 425, "id": 425, "left": 8.986919847, "top": 62.446110046000001, "right": 9.486919847, "bottom": 61.946110046000001, "row_index": 24, "col_index": 10, "tile_id": 425 }, "geometry": { "type": "MultiPolygon", "coordinates": [ [ [ [ 9.163278574782327, 62.276949912857006 ], [ 9.163500502314399, 62.276769399708442 ], [ 9.162260373363662, 62.276489345013061 ], [ 9.161410753435634, 62.276585499412882 ], [ 9.161843272379205, 62.276978164954151 ], [ 9.163278574782327, 62.276949912857006 ] ] ] ] } },
{ "type": "Feature", "properties": { "fid": 255758, "navn": null, "hoyde_moh": 1360, "arealInnsjo_km2": 0.0034, "magasinKategori": null, "fid_2": 425, "id": 425, "left": 8.986919847, "top": 62.446110046000001, "right": 9.486919847, "bottom": 61.946110046000001, "row_index": 24, "col_index": 10, "tile_id": 425 }, "geometry": { "type": "MultiPolygon", "coordinates": [ [ [ [ 9.023737777013098, 62.313673515545965 ], [ 9.024850039073963, 62.313376360884583 ], [ 9.024695344932887, 62.313112533017055 ], [ 9.024310729633351, 62.312975200292087 ], [ 9.023356408386432, 62.313307166218195 ], [ 9.023424648725324, 62.313699896891343 ], [ 9.023737777013098, 62.313673515545965 ] ] ] ] } },
{ "type": "Feature", "properties": { "fid": 255760, "navn": null, "hoyde_moh": 1362, "arealInnsjo_km2": 0.0067, "magasinKategori": null, "fid_2": 425, "id": 425, "left": 8.986919847, "top": 62.446110046000001, "right": 9.486919847, "bottom": 61.946110046000001, "row_index": 24, "col_index": 10, "tile_id": 425 }, "geometry": { "type": "MultiPolygon", "coordinates": [ [ [ [ 9.021722657910088, 62.31477323196814 ], [ 9.02250758649706, 62.313929197736705 ], [ 9.022188309505843, 62.313708688816732 ], [ 9.021864888209548, 62.313766317040056 ], [ 9.020403168007116, 62.314519373133614 ], [ 9.020881774379955, 62.31485409104414 ], [ 9.021722657910088, 62.31477323196814 ] ] ] ] } },
{ "type": "Feature", "properties": { "fid": 255763, "navn": null, "hoyde_moh": 1368, "arealInnsjo_km2": 0.0096, "magasinKategori": null, "fid_2": 425, "id": 425, "left": 8.986919847, "top": 62.446110046000001, "right": 9.486919847, "bottom": 61.946110046000001, "row_index": 24, "col_index": 10, "tile_id": 425 }, "geometry": { "type": "MultiPolygon", "coordinates": [ [ [ [ 9.01881401850471, 62.315207488023908 ], [ 9.018938946434902, 62.314856587378131 ], [ 9.018594206503243, 62.314682332220897 ], [ 9.018581803259405, 62.314441746541789 ], [ 9.017816818609743, 62.314415652840992 ], [ 9.016928028708495, 62.314630922414004 ], [ 9.017051558030024, 62.315386392297299 ], [ 9.017328134495507, 62.315426967944269 ], [ 9.017298198056073, 62.315651769454909 ], [ 9.01881401850471, 62.315207488023908 ] ] ] ] } },
{ "type": "Feature", "properties": { "fid": 255765, "navn": null, "hoyde_moh": 1485, "arealInnsjo_km2": 0.108, "magasinKategori": null, "fid_2": 425, "id": 425, "left": 8.986919847, "top": 62.446110046000001, "right": 9.486919847, "bottom": 61.946110046000001, "row_index": 24, "col_index": 10, "tile_id": 425 }, "geometry": { "type": "MultiPolygon", "coordinates": [ [ [ [ 9.130245183136102, 62.320500283864767 ], [ 9.130815521605587, 62.320143247226355 ], [ 9.131160272563497, 62.319692837229638 ], [ 9.131138304448076, 62.318926824732607 ], [ 9.131796071925804, 62.318482736686491 ], [ 9.13175980469993, 62.31752957546702 ], [ 9.13129922162747, 62.317171645532746 ], [ 9.129400976934965, 62.317119784632752 ], [ 9.128430159327309, 62.31694567926283 ], [ 9.127507489243659, 62.316488118158162 ], [ 9.126805152891396, 62.316552886531333 ], [ 9.126626896517193, 62.31677347085639 ], [ 9.126886654106029, 62.317032065775891 ], [ 9.126722801907828, 62.317309530286984 ], [ 9.125225665569909, 62.318066077244545 ], [ 9.124973340358201, 62.318513550469277 ], [ 9.125138809582358, 62.318999622232496 ], [ 9.127145928142687, 62.32002704861943 ], [ 9.128741090971692, 62.320535697581356 ], [ 9.130245183136102, 62.320500283864767 ] ] ] ] } },
{ "type": "Feature", "properties": { "fid": 255766, "navn": null, "hoyde_moh": 1442, "arealInnsjo_km2": 0.0465, "magasinKategori": null, "fid_2": 425, "id": 425, "left": 8.986919847, "top": 62.446110046000001, "right": 9.486919847, "bottom": 61.946110046000001, "row_index": 24, "col_index": 10, "tile_id": 425 }, "geometry": { "type": "MultiPolygon", "coordinates": [ [ [ [ 9.031146172523471, 62.342745487177993 ], [ 9.031610884916876, 62.342453592995582 ], [ 9.031527887298504, 62.342183771469514 ], [ 9.031980028717157, 62.342067723869278 ], [ 9.031926584830204, 62.3418819216458 ], [ 9.032369519998189, 62.341370560908082 ], [ 9.031212572030618, 62.341209468824282 ], [ 9.030797920611192, 62.340991547777165 ], [ 9.03031371707252, 62.340442253703429 ], [ 9.03000711006406, 62.340400508685455 ], [ 9.028299348682717, 62.341055928820424 ], [ 9.028069657209917, 62.341406647470123 ], [ 9.026926598594184, 62.341741430442866 ], [ 9.027493772197227, 62.342406772375604 ], [ 9.028031163098015, 62.342688156343776 ], [ 9.029805856507542, 62.342891991989021 ], [ 9.031146172523471, 62.342745487177993 ] ] ] ] } },
{ "type": "Feature", "properties": { "fid": 255768, "navn": null, "hoyde_moh": 1302, "arealInnsjo_km2": 0.0822, "magasinKategori": null, "fid_2": 425, "id": 425, "left": 8.986919847, "top": 62.446110046000001, "right": 9.486919847, "bottom": 61.946110046000001, "row_index": 24, "col_index": 10, "tile_id": 425 }, "geometry": { "type": "MultiPolygon", "coordinates": [ [ [ [ 9.171158537892467, 62.348851682122977 ], [ 9.171001687814933, 62.348694114568623 ], [ 9.171407136285877, 62.34865317656692 ], [ 9.171288548783107, 62.348440320153351 ], [ 9.170119257863037, 62.347788802094435 ], [ 9.169463955971462, 62.347720202387208 ], [ 9.169588149963854, 62.347610548565868 ], [ 9.169467795779042, 62.347306328082254 ], [ 9.169033886375749, 62.347011881712376 ], [ 9.168859706973137, 62.346500585091952 ], [ 9.167858283529588, 62.345825132670029 ], [ 9.167553876534514, 62.345306376322988 ], [ 9.167125573611628, 62.345134595779513 ], [ 9.167212996739243, 62.344979014000515 ], [ 9.166590237810352, 62.343935778113938 ], [ 9.165282669439458, 62.34321996599796 ], [ 9.162708443060314, 62.343169969682165 ], [ 9.163461455042547, 62.34375056464328 ], [ 9.164430856884836, 62.344210710451996 ], [ 9.164130957410718, 62.344469704297971 ], [ 9.164261317925048, 62.344809733425052 ], [ 9.165506384434044, 62.344861040651963 ], [ 9.165938809765006, 62.345110063705597 ], [ 9.165789088836993, 62.345350801079981 ], [ 9.165307297068656, 62.345440815684341 ], [ 9.166638579536029, 62.345533910858954 ], [ 9.166846347214353, 62.345765018081984 ], [ 9.165919056891534, 62.345797404199494 ], [ 9.165562406421722, 62.346112081726005 ], [ 9.165197937626751, 62.346150584663839 ], [ 9.162388780894899, 62.345618058821891 ], [ 9.162349793517672, 62.345725711686214 ], [ 9.162930415989006, 62.346239002655203 ], [ 9.165217325306012, 62.346799960108179 ], [ 9.16670459288604, 62.346910958731478 ], [ 9.167113559658361, 62.347405035537641 ], [ 9.168608264023071, 62.347748686127282 ], [ 9.168364064599183, 62.347862836198516 ], [ 9.168896346824244, 62.34790268175071 ], [ 9.168714379625936, 62.347982717723447 ], [ 9.169403463219844, 62.348248010350993 ], [ 9.169712173880624, 62.34864243388224 ], [ 9.170875456073125, 62.348928731787339 ], [ 9.171158537892467, 62.348851682122977 ] ] ] ] } },
{ "type": "Feature", "properties": { "fid": 255770, "navn": null, "hoyde_moh": 1402, "arealInnsjo_km2": 0.1008, "magasinKategori": null, "fid_2": 425, "id": 425, "left": 8.986919847, "top": 62.446110046000001, "right": 9.486919847, "bottom": 61.946110046000001, "row_index": 24, "col_index": 10, "tile_id": 425 }, "geometry": { "type": "MultiPolygon", "coordinates": [ [ [ [ 9.065292206692003, 62.345921811912795 ], [ 9.065304395444544, 62.34578205593656 ], [ 9.065626623360338, 62.345645664714475 ], [ 9.065605976244056, 62.345267796332259 ], [ 9.065853679000684, 62.345153605757574 ], [ 9.066411204470777, 62.345703999626537 ], [ 9.066627523810819, 62.34569056654464 ], [ 9.066191987513093, 62.345142332685832 ], [ 9.06491064381102, 62.345133503677985 ], [ 9.06499534713981, 62.344753841516834 ], [ 9.064461108281812, 62.344598439620022 ], [ 9.064534963413886, 62.344423147559937 ], [ 9.063649239198153, 62.343960435747249 ], [ 9.063125888437854, 62.343236999349998 ], [ 9.062421577093662, 62.342626370990935 ], [ 9.062025020685931, 62.342310104899987 ], [ 9.060874649212053, 62.341840449929663 ], [ 9.061355841720744, 62.341715920540359 ], [ 9.061314146434677, 62.341288167918307 ], [ 9.061577529192339, 62.341214003431645 ], [ 9.060966487246571, 62.340674527887316 ], [ 9.060089059186639, 62.340542040838422 ], [ 9.059460832846552, 62.341238306628689 ], [ 9.058297633878141, 62.341220517275787 ], [ 9.059052169571697, 62.34181171323857 ], [ 9.059481845482294, 62.341848400870042 ], [ 9.059736269695781, 62.342046129190749 ], [ 9.059520191137981, 62.343014859296858 ], [ 9.058733816886148, 62.343224808008223 ], [ 9.059393705548549, 62.343856963580194 ], [ 9.05996279667883, 62.344692221739486 ], [ 9.060742403402616, 62.345316802180967 ], [ 9.062775484956873, 62.345756903845157 ], [ 9.06370618670721, 62.345449296931463 ], [ 9.064888190920916, 62.34600266051207 ], [ 9.065292206692003, 62.345921811912795 ] ] ] ] } },
{ "type": "Feature", "properties": { "fid": 255772, "navn": null, "hoyde_moh": 1420, "arealInnsjo_km2": 0.0403, "magasinKategori": null, "fid_2": 425, "id": 425, "left": 8.986919847, "top": 62.446110046000001, "right": 9.486919847, "bottom": 61.946110046000001, "row_index": 24, "col_index": 10, "tile_id": 425 }, "geometry": { "type": "MultiPolygon", "coordinates": [ [ [ [ 8.99426534418803, 62.362460837689042 ], [ 8.994472862347504, 62.36220131216961 ], [ 8.994324259518633, 62.361807780422367 ], [ 8.99487852417238, 62.360950160105745 ], [ 8.994661250543112, 62.360926976617648 ], [ 8.994633179421161, 62.360556762348011 ], [ 8.994176915088941, 62.360525931719707 ], [ 8.994391860393096, 62.36014525939477 ], [ 8.993584337583389, 62.359584437073842 ], [ 8.992291119515784, 62.359760741623703 ], [ 8.991555504013244, 62.36018612036623 ], [ 8.991174498757854, 62.360613712044476 ], [ 8.991150099374297, 62.360902326541947 ], [ 8.99132524430631, 62.361139255896198 ], [ 8.991691738749532, 62.361206006611454 ], [ 8.991737060017282, 62.36152582486303 ], [ 8.992049077078912, 62.36166026885514 ], [ 8.992509116771492, 62.362194884841699 ], [ 8.99386496139123, 62.362284664653885 ], [ 8.993909538065045, 62.362479828654919 ], [ 8.99426534418803, 62.362460837689042 ] ] ] ] } },
{ "type": "Feature", "properties": { "fid": 255773, "navn": null, "hoyde_moh": 1342, "arealInnsjo_km2": 0.0337, "magasinKategori": null, "fid_2": 425, "id": 425, "left": 8.986919847, "top": 62.446110046000001, "right": 9.486919847, "bottom": 61.946110046000001, "row_index": 24, "col_index": 10, "tile_id": 425 }, "geometry": { "type": "MultiPolygon", "coordinates": [ [ [ [ 9.145993492642592, 62.368685458976131 ], [ 9.146561366327477, 62.368160506140335 ], [ 9.145802418270669, 62.367923040238296 ], [ 9.145217585192265, 62.367406892815119 ], [ 9.144266561005928, 62.367310221669761 ], [ 9.142816482218945, 62.367897771376342 ], [ 9.141690825886812, 62.368104044052217 ], [ 9.141371484505177, 62.368295649066305 ], [ 9.141413518132891, 62.368485946512919 ], [ 9.141220602755183, 62.368674336427866 ], [ 9.143608700741648, 62.369058833125223 ], [ 9.145993492642592, 62.368685458976131 ] ] ] ] } },
{ "type": "Feature", "properties": { "fid": 255776, "navn": null, "hoyde_moh": 1299, "arealInnsjo_km2": 0.0127, "magasinKategori": null, "fid_2": 425, "id": 425, "left": 8.986919847, "top": 62.446110046000001, "right": 9.486919847, "bottom": 61.946110046000001, "row_index": 24, "col_index": 10, "tile_id": 425 }, "geometry": { "type": "MultiPolygon", "coordinates": [ [ [ [ 9.2120345984167, 62.37229169653088 ], [ 9.211965695457067, 62.371951324921689 ], [ 9.211611150352512, 62.371577433832329 ], [ 9.209911673989399, 62.371277968515066 ], [ 9.208082144434211, 62.371305151325416 ], [ 9.210723237342567, 62.372265446123542 ], [ 9.2120345984167, 62.37229169653088 ] ] ] ] } },
{ "type": "Feature", "properties": { "fid": 255777, "navn": null, "hoyde_moh": 1648, "arealInnsjo_km2": 0.0088, "magasinKategori": null, "fid_2": 425, "id": 425, "left": 8.986919847, "top": 62.446110046000001, "right": 9.486919847, "bottom": 61.946110046000001, "row_index": 24, "col_index": 10, "tile_id": 425 }, "geometry": { "type": "MultiPolygon", "coordinates": [ [ [ [ 9.045029449400541, 62.365346068275763 ], [ 9.045399631630968, 62.36541355019051 ], [ 9.04614635231415, 62.364658029801021 ], [ 9.046256215629459, 62.364414597934555 ], [ 9.045894395686313, 62.363928976426472 ], [ 9.045589578164195, 62.363830176212772 ], [ 9.044908024257609, 62.364123709908256 ], [ 9.044983744569523, 62.365037974075499 ], [ 9.044593130850632, 62.365320675644057 ], [ 9.044773720103239, 62.365531465722633 ], [ 9.045029449400541, 62.365346068275763 ] ] ] ] } },
{ "type": "Feature", "properties": { "fid": 255778, "navn": null, "hoyde_moh": 1458, "arealInnsjo_km2": 0.0082, "magasinKategori": null, "fid_2": 425, "id": 425, "left": 8.986919847, "top": 62.446110046000001, "right": 9.486919847, "bottom": 61.946110046000001, "row_index": 24, "col_index": 10, "tile_id": 425 }, "geometry": { "type": "MultiPolygon", "coordinates": [ [ [ [ 9.215266526757141, 62.403325996641122 ], [ 9.214534815818187, 62.403147249911356 ], [ 9.214758366657842, 62.403042952800803 ], [ 9.214602884939643, 62.402994075183166 ], [ 9.211453538890444, 62.402983660782724 ], [ 9.211932319651456, 62.403357137201155 ], [ 9.215266526757141, 62.403325996641122 ] ] ] ] } },
{ "type": "Feature", "properties": { "fid": 255779, "navn": null, "hoyde_moh": 1664, "arealInnsjo_km2": 0.0031, "magasinKategori": null, "fid_2": 425, "id": 425, "left": 8.986919847, "top": 62.446110046000001, "right": 9.486919847, "bottom": 61.946110046000001, "row_index": 24, "col_index": 10, "tile_id": 425 }, "geometry": { "type": "MultiPolygon", "coordinates": [ [ [ [ 9.096487259472234, 62.398523179154317 ], [ 9.096727804554977, 62.398458677966282 ], [ 9.096715148319724, 62.398259434625011 ], [ 9.095930814900878, 62.397905834193203 ], [ 9.095602815778504, 62.397961212970721 ], [ 9.095614556687229, 62.398192559932603 ], [ 9.095883168497013, 62.398469312819664 ], [ 9.096405535807346, 62.398718859949803 ], [ 9.096487259472234, 62.398523179154317 ] ] ] ] } },
{ "type": "Feature", "properties": { "fid": 255784, "navn": null, "hoyde_moh": 1557, "arealInnsjo_km2": 0.0025, "magasinKategori": null, "fid_2": 425, "id": 425, "left": 8.986919847, "top": 62.446110046000001, "right": 9.486919847, "bottom": 61.946110046000001, "row_index": 24, "col_index": 10, "tile_id": 425 }, "geometry": { "type": "MultiPolygon", "coordinates": [ [ [ [ 9.067437698195995, 62.251857682829694 ], [ 9.0674104578792, 62.251731453758701 ], [ 9.067646343017069, 62.251610474973198 ], [ 9.067055513066416, 62.251473133895402 ], [ 9.066117683045212, 62.251561936268018 ], [ 9.066395778785779, 62.251827047023106 ], [ 9.067437698195995, 62.251857682829694 ] ] ] ] } },
{ "type": "Feature", "properties": { "fid": 255786, "navn": null, "hoyde_moh": 1591, "arealInnsjo_km2": 0.0037, "magasinKategori": null, "fid_2": 425, "id": 425, "left": 8.986919847, "top": 62.446110046000001, "right": 9.486919847, "bottom": 61.946110046000001, "row_index": 24, "col_index": 10, "tile_id": 425 }, "geometry": { "type": "MultiPolygon", "coordinates": [ [ [ [ 9.155033490934512, 62.277475984483246 ], [ 9.154781711904965, 62.27731392684197 ], [ 9.154011699608947, 62.277031406208238 ], [ 9.152909279944783, 62.277026176123115 ], [ 9.154067807594515, 62.277480047710753 ], [ 9.154966077157495, 62.277592066338485 ], [ 9.155033490934512, 62.277475984483246 ] ] ] ] } },
{ "type": "Feature", "properties": { "fid": 255790, "navn": null, "hoyde_moh": 1421, "arealInnsjo_km2": 0.0227, "magasinKategori": null, "fid_2": 425, "id": 425, "left": 8.986919847, "top": 62.446110046000001, "right": 9.486919847, "bottom": 61.946110046000001, "row_index": 24, "col_index": 10, "tile_id": 425 }, "geometry": { "type": "MultiPolygon", "coordinates": [ [ [ [ 9.102285960237522, 62.277064154123167 ], [ 9.103308015191228, 62.276636185402026 ], [ 9.103784435426533, 62.276198657337126 ], [ 9.103436416706172, 62.275882402812627 ], [ 9.10394535544545, 62.275570595753535 ], [ 9.103879758100122, 62.275214511081273 ], [ 9.103724466473338, 62.275183587990306 ], [ 9.103611627584314, 62.275431685666476 ], [ 9.102683709502378, 62.275434385835659 ], [ 9.100646434069288, 62.275848171293326 ], [ 9.100912151297402, 62.276547081023345 ], [ 9.100751333955222, 62.276882896377472 ], [ 9.101452633729821, 62.277176396563995 ], [ 9.102285960237522, 62.277064154123167 ] ] ] ] } },
{ "type": "Feature", "properties": { "fid": 255791, "navn": null, "hoyde_moh": 1427, "arealInnsjo_km2": 0.0026, "magasinKategori": null, "fid_2": 425, "id": 425, "left": 8.986919847, "top": 62.446110046000001, "right": 9.486919847, "bottom": 61.946110046000001, "row_index": 24, "col_index": 10, "tile_id": 425 }, "geometry": { "type": "MultiPolygon", "coordinates": [ [ [ [ 9.121558744421289, 62.298170763445071 ], [ 9.121822375327994, 62.298082646360292 ], [ 9.121829721557578, 62.297938457225058 ], [ 9.121235176721004, 62.297756119860793 ], [ 9.120621286209731, 62.298006371735184 ], [ 9.121013221205489, 62.298285179646953 ], [ 9.121679917613282, 62.298386490007786 ], [ 9.121558744421289, 62.298170763445071 ] ] ] ] } },
{ "type": "Feature", "properties": { "fid": 255793, "navn": null, "hoyde_moh": 1413, "arealInnsjo_km2": 0.0158, "magasinKategori": null, "fid_2": 425, "id": 425, "left": 8.986919847, "top": 62.446110046000001, "right": 9.486919847, "bottom": 61.946110046000001, "row_index": 24, "col_index": 10, "tile_id": 425 }, "geometry": { "type": "MultiPolygon", "coordinates": [ [ [ [ 9.116861984625869, 62.297757802329002 ], [ 9.117036467577956, 62.297603605366618 ], [ 9.116441308050987, 62.297579496807344 ], [ 9.117116486224358, 62.297081756401155 ], [ 9.118211993310689, 62.296934711579929 ], [ 9.11712602662719, 62.296896875460163 ], [ 9.116434090409355, 62.296681839263201 ], [ 9.11639554731401, 62.296547944735295 ], [ 9.115336516479447, 62.296559225463696 ], [ 9.114861488138933, 62.29679446457137 ], [ 9.114736803281762, 62.297030003371596 ], [ 9.115003798776785, 62.297421013951755 ], [ 9.115778786723068, 62.297686942227294 ], [ 9.115678325365039, 62.297848243824163 ], [ 9.11514678645502, 62.297847810046541 ], [ 9.115124428504863, 62.298181870432536 ], [ 9.115376712957231, 62.298254350769341 ], [ 9.116861984625869, 62.297757802329002 ] ] ] ] } },
{ "type": "Feature", "properties": { "fid": 255795, "navn": "Lågvatnet", "hoyde_moh": 1447, "arealInnsjo_km2": 0.9146, "magasinKategori": null, "fid_2": 425, "id": 425, "left": 8.986919847, "top": 62.446110046000001, "right": 9.486919847, "bottom": 61.946110046000001, "row_index": 24, "col_index": 10, "tile_id": 425 }, "geometry": { "type": "MultiPolygon", "coordinates": [ [ [ [ 8.988939596109775, 62.314541942410067 ], [ 8.991954083328217, 62.314181506114842 ], [ 8.992293521858079, 62.313988223985469 ], [ 8.992397399199364, 62.314089885560719 ], [ 8.993504680990904, 62.313935385855721 ], [ 8.994300989196677, 62.313583618950872 ], [ 8.995047515989588, 62.313695035536561 ], [ 8.997814815384226, 62.313309895928768 ], [ 8.999688872714126, 62.312826681890705 ], [ 9.001796020063518, 62.311971934220111 ], [ 9.003887807599346, 62.311786861574888 ], [ 9.005485509914468, 62.31115465929755 ], [ 9.005952951044758, 62.310433384017955 ], [ 9.005907215608838, 62.310267167613262 ], [ 9.007635144835968, 62.309730171113173 ], [ 9.007985617606746, 62.309801516779977 ], [ 9.007918727281172, 62.310010493238082 ], [ 9.008426258563553, 62.310125728182058 ], [ 9.008614271987266, 62.310437031770839 ], [ 9.009323710030523, 62.310589628247804 ], [ 9.009266027660328, 62.31076415694892 ], [ 9.008789032663183, 62.31098718424316 ], [ 9.009070948764313, 62.311518198873138 ], [ 9.009448514913851, 62.311618714783819 ], [ 9.010106441110338, 62.311468338124264 ], [ 9.011188331953136, 62.310365993115497 ], [ 9.01157052649469, 62.309623190074248 ], [ 9.012015820891929, 62.309595616042785 ], [ 9.012495366929173, 62.30922285958988 ], [ 9.013428493219743, 62.309387894220997 ], [ 9.013617651687554, 62.30897998504296 ], [ 9.013274392845849, 62.308795872957461 ], [ 9.01328755199868, 62.308386661222734 ], [ 9.012605655383348, 62.308182509867571 ], [ 9.011990399956034, 62.308209671905836 ], [ 9.010657734731675, 62.308954065931225 ], [ 9.009153231597068, 62.308914314092064 ], [ 9.008944751811962, 62.30869874134882 ], [ 9.009308189627719, 62.308693478460626 ], [ 9.009342641874214, 62.308024784138674 ], [ 9.009573674394003, 62.307595368922065 ], [ 9.009040991868968, 62.307359203049508 ], [ 9.009749884757106, 62.30712072283157 ], [ 9.009498676132496, 62.306657937981903 ], [ 9.00952125770069, 62.306373300682452 ], [ 9.011101013524723, 62.305462490598735 ], [ 9.013164980997335, 62.304597715744954 ], [ 9.013641409841648, 62.30427209551619 ], [ 9.013803692017513, 62.303863926102082 ], [ 9.012183489733905, 62.30370241479028 ], [ 9.011482715907825, 62.303892002359362 ], [ 9.010833284626111, 62.304194558337578 ], [ 9.010363773844338, 62.30481877846551 ], [ 9.009530456702803, 62.305314532217579 ], [ 9.009186684024456, 62.305880437379393 ], [ 9.007556812230103, 62.306702709550521 ], [ 9.006761766497414, 62.306834893105304 ], [ 9.005882064354765, 62.306727407719578 ], [ 9.005279918510233, 62.306970848486976 ], [ 9.005213758901927, 62.307146089671669 ], [ 9.004031933555581, 62.307510667901084 ], [ 9.000474382489756, 62.307391484940283 ], [ 8.999394619873772, 62.307776473576084 ], [ 8.997913515482256, 62.307893745836793 ], [ 8.996689404308112, 62.308202136768386 ], [ 8.995976304169821, 62.308576967749175 ], [ 8.995375625350739, 62.308351305921079 ], [ 8.993698234246903, 62.308605086540524 ], [ 8.993592630903207, 62.308487953180851 ], [ 8.992596678385052, 62.308482675075865 ], [ 8.991937469538366, 62.308642188073122 ], [ 8.991943118188207, 62.308911574131926 ], [ 8.991699854031314, 62.309005564499742 ], [ 8.991379737376327, 62.308903617205203 ], [ 8.991613313060014, 62.308772019058111 ], [ 8.991573243265169, 62.308644579858168 ], [ 8.990721442571108, 62.308368745469906 ], [ 8.990161944534645, 62.308328896015325 ], [ 8.989951646779456, 62.308546143114675 ], [ 8.989494340151754, 62.308660647956998 ], [ 8.988135124424831, 62.30830335103586 ], [ 8.987172602525652, 62.308245187783612 ], [ 8.986919847, 62.308172441916248 ], [ 8.986919847, 62.314558577360387 ], [ 8.987911576670896, 62.314842386542217 ], [ 8.988939596109775, 62.314541942410067 ] ], [ [ 9.008431332498843, 62.307649064138147 ], [ 9.00892795874228, 62.307651093880203 ], [ 9.008908237631724, 62.30795431366348 ], [ 9.008507140752208, 62.308002877555673 ], [ 9.008431332498843, 62.307649064138147 ] ], [ [ 8.991132325276109, 62.309577669799943 ], [ 8.991234848607816, 62.309417426396152 ], [ 8.991943099923896, 62.309345494667376 ], [ 8.991269956278916, 62.309767689263168 ], [ 8.991132325276109, 62.309577669799943 ] ] ] ] } },
{ "type": "Feature", "properties": { "fid": 255798, "navn": null, "hoyde_moh": 1377, "arealInnsjo_km2": 0.0056, "magasinKategori": null, "fid_2": 425, "id": 425, "left": 8.986919847, "top": 62.446110046000001, "right": 9.486919847, "bottom": 61.946110046000001, "row_index": 24, "col_index": 10, "tile_id": 425 }, "geometry": { "type": "MultiPolygon", "coordinates": [ [ [ [ 9.142732662350426, 62.350196083963922 ], [ 9.141748654229499, 62.349744888314454 ], [ 9.139723932034739, 62.349585346228963 ], [ 9.140347480772494, 62.350067784285329 ], [ 9.142732662350426, 62.350196083963922 ] ] ] ] } },
{ "type": "Feature", "properties": { "fid": 255802, "navn": null, "hoyde_moh": 1648, "arealInnsjo_km2": 0.003, "magasinKategori": null, "fid_2": 425, "id": 425, "left": 8.986919847, "top": 62.446110046000001, "right": 9.486919847, "bottom": 61.946110046000001, "row_index": 24, "col_index": 10, "tile_id": 425 }, "geometry": { "type": "MultiPolygon", "coordinates": [ [ [ [ 9.043500296056258, 62.366519628033387 ], [ 9.04438748859876, 62.365985969365688 ], [ 9.04453248762964, 62.365620603206629 ], [ 9.043963287903612, 62.365799295134522 ], [ 9.043413859054674, 62.366499079523486 ], [ 9.042956967939711, 62.366667553505827 ], [ 9.04297615025299, 62.366952000345975 ], [ 9.043126299167076, 62.36697969664533 ], [ 9.043500296056258, 62.366519628033387 ] ] ] ] } },
{ "type": "Feature", "properties": { "fid": 255803, "navn": "inste Grytholtjørnin", "hoyde_moh": 1446, "arealInnsjo_km2": 0.0673, "magasinKategori": null, "fid_2": 425, "id": 425, "left": 8.986919847, "top": 62.446110046000001, "right": 9.486919847, "bottom": 61.946110046000001, "row_index": 24, "col_index": 10, "tile_id": 425 }, "geometry": { "type": "MultiPolygon", "coordinates": [ [ [ [ 9.095947248075463, 62.369759153748639 ], [ 9.096128163579293, 62.369664572983602 ], [ 9.095653374661676, 62.369531107016002 ], [ 9.095362943242206, 62.369090095038167 ], [ 9.095658364650356, 62.369135349048967 ], [ 9.096052099916886, 62.368901358299894 ], [ 9.09720610773809, 62.368711597443294 ], [ 9.098498658037718, 62.369098175092454 ], [ 9.098665778847502, 62.368900456047946 ], [ 9.098431339344787, 62.368789736683937 ], [ 9.098588022475441, 62.368544666151628 ], [ 9.098324562822354, 62.368222302901493 ], [ 9.098671775338374, 62.368100219729008 ], [ 9.097825309150691, 62.367986875263774 ], [ 9.09733540374671, 62.368223081345356 ], [ 9.097452505532349, 62.368553265934629 ], [ 9.096020431640188, 62.368762168504631 ], [ 9.094817086267961, 62.368607509750348 ], [ 9.095500198986311, 62.368491626522832 ], [ 9.095464798597199, 62.368234783062881 ], [ 9.095970411628121, 62.368034004712079 ], [ 9.097851333112422, 62.36766025864403 ], [ 9.098165196719197, 62.367075154217197 ], [ 9.09790389780686, 62.366877578585594 ], [ 9.097921293173313, 62.366715627206084 ], [ 9.098460992777444, 62.366430218692805 ], [ 9.098495849577963, 62.366202294959827 ], [ 9.09566843793241, 62.366326891533575 ], [ 9.094102287464096, 62.366775679112614 ], [ 9.092682011633084, 62.367670569807935 ], [ 9.092639472965589, 62.368048163839831 ], [ 9.092953110689878, 62.368579575250948 ], [ 9.093670842319749, 62.368557459916929 ], [ 9.093803084110176, 62.368473775144537 ], [ 9.093616500233749, 62.368418294396164 ], [ 9.093619195520366, 62.368273003632034 ], [ 9.093808339648447, 62.368223163167912 ], [ 9.094370411912918, 62.368324787948382 ], [ 9.093827713612473, 62.368647599478138 ], [ 9.094173834891812, 62.368900563353776 ], [ 9.094243789670495, 62.369305454092625 ], [ 9.094774586613296, 62.369527381647259 ], [ 9.094469337392548, 62.369685185029624 ], [ 9.095886488137044, 62.370109412196541 ], [ 9.095947248075463, 62.369759153748639 ] ], [ [ 9.094374543964909, 62.367794931929495 ], [ 9.094536356846058, 62.367718537595351 ], [ 9.095053194839899, 62.367728110235426 ], [ 9.094836192955848, 62.367905425529656 ], [ 9.094374543964909, 62.367794931929495 ] ] ] ] } },
{ "type": "Feature", "properties": { "fid": 255804, "navn": null, "hoyde_moh": 1629, "arealInnsjo_km2": 0.187, "magasinKategori": null, "fid_2": 425, "id": 425, "left": 8.986919847, "top": 62.446110046000001, "right": 9.486919847, "bottom": 61.946110046000001, "row_index": 24, "col_index": 10, "tile_id": 425 }, "geometry": { "type": "MultiPolygon", "coordinates": [ [ [ [ 9.117030792395918, 62.39958029078575 ], [ 9.117683816056646, 62.398966657029185 ], [ 9.118244034285269, 62.398783134576654 ], [ 9.118764168542816, 62.398378234107447 ], [ 9.117525248585178, 62.398380132416243 ], [ 9.117715338435675, 62.398201008585993 ], [ 9.11768475812482, 62.39757642054736 ], [ 9.118280791460853, 62.397055895386124 ], [ 9.118507356895872, 62.397031550585567 ], [ 9.118902976927323, 62.39738664850158 ], [ 9.119288064725838, 62.397376129155589 ], [ 9.119123880293751, 62.397534113983859 ], [ 9.120036325876528, 62.397760473342053 ], [ 9.122723916078016, 62.397797822197013 ], [ 9.123954467928634, 62.39727073010296 ], [ 9.125408806163712, 62.397019499862338 ], [ 9.12504774927795, 62.396636264826157 ], [ 9.125112065819842, 62.395818259436382 ], [ 9.12597459607338, 62.395267657902934 ], [ 9.125070966874327, 62.395296768824885 ], [ 9.123758555235344, 62.395004987220425 ], [ 9.122098218837653, 62.394926783769257 ], [ 9.12052901400744, 62.395175453709719 ], [ 9.119374040341542, 62.395572918503795 ], [ 9.117864109810435, 62.395324752362136 ], [ 9.116204913682045, 62.395994875069469 ], [ 9.115536123077188, 62.396059895720263 ], [ 9.113799157429867, 62.396609114094737 ], [ 9.113529530318496, 62.396840321010849 ], [ 9.113644353845926, 62.397061267001945 ], [ 9.112824001797275, 62.397231670542887 ], [ 9.112891476346029, 62.39754622428385 ], [ 9.112667475764042, 62.3979338604804 ], [ 9.11315338092696, 62.398515995375661 ], [ 9.113468699379609, 62.398753454368958 ], [ 9.115249228293534, 62.399179242286166 ], [ 9.114793894486828, 62.399595701132583 ], [ 9.115588850469804, 62.399745803578078 ], [ 9.117030792395918, 62.39958029078575 ] ], [ [ 9.120173874750662, 62.39610520928764 ], [ 9.120435409118048, 62.396163461199059 ], [ 9.11995585947332, 62.396352477586468 ], [ 9.119812970831887, 62.396332201230052 ], [ 9.120173874750662, 62.39610520928764 ] ], [ [ 9.123600973632128, 62.397040594483464 ], [ 9.124109713928894, 62.396984337267639 ], [ 9.123949829794585, 62.397135396443808 ], [ 9.123516602271659, 62.3971736916534 ], [ 9.123600973632128, 62.397040594483464 ] ] ] ] } },
{ "type": "Feature", "properties": { "fid": 255806, "navn": null, "hoyde_moh": 1466, "arealInnsjo_km2": 0.0042, "magasinKategori": null, "fid_2": 425, "id": 425, "left": 8.986919847, "top": 62.446110046000001, "right": 9.486919847, "bottom": 61.946110046000001, "row_index": 24, "col_index": 10, "tile_id": 425 }, "geometry": { "type": "MultiPolygon", "coordinates": [ [ [ [ 9.198950247452188, 62.403569628893393 ], [ 9.198869829010262, 62.403703017318229 ], [ 9.199030492966962, 62.403700095446318 ], [ 9.199594706366021, 62.4034486354387 ], [ 9.198896518574648, 62.403226551335955 ], [ 9.198303183078153, 62.403343105323572 ], [ 9.19767605710117, 62.403595713023009 ], [ 9.197281293718481, 62.403951832568481 ], [ 9.198950247452188, 62.403569628893393 ] ] ] ] } },
{ "type": "Feature", "properties": { "fid": 255807, "navn": null, "hoyde_moh": 1465, "arealInnsjo_km2": 0.0048, "magasinKategori": null, "fid_2": 425, "id": 425, "left": 8.986919847, "top": 62.446110046000001, "right": 9.486919847, "bottom": 61.946110046000001, "row_index": 24, "col_index": 10, "tile_id": 425 }, "geometry": { "type": "MultiPolygon", "coordinates": [ [ [ [ 9.203855192820585, 62.404689422241674 ], [ 9.204551614569791, 62.40450161567297 ], [ 9.202654168250344, 62.404105991342732 ], [ 9.20249435654187, 62.404248580769156 ], [ 9.202974630006953, 62.404452817519925 ], [ 9.202082568369981, 62.404714731801498 ], [ 9.203855192820585, 62.404689422241674 ] ] ] ] } },
{ "type": "Feature", "properties": { "fid": 255808, "navn": null, "hoyde_moh": 1332, "arealInnsjo_km2": 0.0033, "magasinKategori": null, "fid_2": 425, "id": 425, "left": 8.986919847, "top": 62.446110046000001, "right": 9.486919847, "bottom": 61.946110046000001, "row_index": 24, "col_index": 10, "tile_id": 425 }, "geometry": { "type": "MultiPolygon", "coordinates": [ [ [ [ 9.128992680919659, 62.438370307883432 ], [ 9.128785164334888, 62.438138264914947 ], [ 9.12829645061915, 62.437818626151916 ], [ 9.127424527011931, 62.438104640147472 ], [ 9.1286220093113, 62.438508333222416 ], [ 9.128992680919659, 62.438370307883432 ] ] ] ] } },
{ "type": "Feature", "properties": { "fid": 255810, "navn": null, "hoyde_moh": 1485, "arealInnsjo_km2": 0.0166, "magasinKategori": null, "fid_2": 425, "id": 425, "left": 8.986919847, "top": 62.446110046000001, "right": 9.486919847, "bottom": 61.946110046000001, "row_index": 24, "col_index": 10, "tile_id": 425 }, "geometry": { "type": "MultiPolygon", "coordinates": [ [ [ [ 8.989340888699459, 62.43402195078778 ], [ 8.990057079575861, 62.434012229313289 ], [ 8.990324319210995, 62.433798587263674 ], [ 8.990444078750011, 62.433395866883203 ], [ 8.990061508063048, 62.432963676325699 ], [ 8.989397861828943, 62.433156388795148 ], [ 8.987889793538622, 62.433084931967926 ], [ 8.987625426459402, 62.433313191122892 ], [ 8.987577858439961, 62.433709399271166 ], [ 8.987867860600478, 62.434333799034164 ], [ 8.989340888699459, 62.43402195078778 ] ] ] ] } },
{ "type": "Feature", "properties": { "fid": 255812, "navn": null, "hoyde_moh": 1747, "arealInnsjo_km2": 0.0193, "magasinKategori": null, "fid_2": 425, "id": 425, "left": 8.986919847, "top": 62.446110046000001, "right": 9.486919847, "bottom": 61.946110046000001, "row_index": 24, "col_index": 10, "tile_id": 425 }, "geometry": { "type": "MultiPolygon", "coordinates": [ [ [ [ 9.078160116716258, 62.438571018117045 ], [ 9.078042934392606, 62.438143216639801 ], [ 9.077368028420324, 62.437362387158331 ], [ 9.075737405840814, 62.436560083831409 ], [ 9.075322727678156, 62.436727700555878 ], [ 9.075396982721145, 62.437209047935163 ], [ 9.075944805214384, 62.437477748810018 ], [ 9.076470622290813, 62.438134374877791 ], [ 9.076319273262824, 62.438582606075443 ], [ 9.0775149630649, 62.438921768427548 ], [ 9.078160116716258, 62.438571018117045 ] ] ] ] } },
{ "type": "Feature", "properties": { "fid": 255813, "navn": null, "hoyde_moh": 1354, "arealInnsjo_km2": 0.0029, "magasinKategori": null, "fid_2": 425, "id": 425, "left": 8.986919847, "top": 62.446110046000001, "right": 9.486919847, "bottom": 61.946110046000001, "row_index": 24, "col_index": 10, "tile_id": 425 }, "geometry": { "type": "MultiPolygon", "coordinates": [ [ [ [ 9.126243997148018, 62.440546823618774 ], [ 9.127048245666943, 62.440367163019189 ], [ 9.12679038298068, 62.440189529430121 ], [ 9.126030629377476, 62.440490630482167 ], [ 9.125691888478379, 62.440470192830652 ], [ 9.125449298456038, 62.440682858092401 ], [ 9.125298698526475, 62.440686846712161 ], [ 9.125362651719275, 62.440516959367429 ], [ 9.124882948173727, 62.440629210449558 ], [ 9.124771283236631, 62.440777904256286 ], [ 9.125051549943935, 62.4408456599893 ], [ 9.124818955983516, 62.440955210648461 ], [ 9.126243997148018, 62.440546823618774 ] ] ] ] } },
{ "type": "Feature", "properties": { "fid": 255819, "navn": null, "hoyde_moh": 1574, "arealInnsjo_km2": 0.0089, "magasinKategori": null, "fid_2": 425, "id": 425, "left": 8.986919847, "top": 62.446110046000001, "right": 9.486919847, "bottom": 61.946110046000001, "row_index": 24, "col_index": 10, "tile_id": 425 }, "geometry": { "type": "MultiPolygon", "coordinates": [ [ [ [ 9.196866466498054, 62.3027842221653 ], [ 9.197050322154203, 62.302346390374915 ], [ 9.196285777816763, 62.301966418675143 ], [ 9.195442401017893, 62.302080257020137 ], [ 9.194555434146693, 62.30252445619012 ], [ 9.195652698681593, 62.302904063511491 ], [ 9.196866466498054, 62.3027842221653 ] ], [ [ 9.194943788254729, 62.302486444002646 ], [ 9.195696738306104, 62.302689308584682 ], [ 9.195213993421255, 62.302687358138073 ], [ 9.194943788254729, 62.302486444002646 ] ] ] ] } },
{ "type": "Feature", "properties": { "fid": 255821, "navn": "Heinsavatnet", "hoyde_moh": 1531, "arealInnsjo_km2": 0.2646, "magasinKategori": null, "fid_2": 425, "id": 425, "left": 8.986919847, "top": 62.446110046000001, "right": 9.486919847, "bottom": 61.946110046000001, "row_index": 24, "col_index": 10, "tile_id": 425 }, "geometry": { "type": "MultiPolygon", "coordinates": [ [ [ [ 9.14014292139451, 62.279823749501048 ], [ 9.140431239571356, 62.27961681851292 ], [ 9.141808661299837, 62.279561216862341 ], [ 9.141983620745499, 62.279785951390515 ], [ 9.141915877499255, 62.279930193992676 ], [ 9.142068011765833, 62.279964719908186 ], [ 9.14339475781332, 62.279536575845334 ], [ 9.144610222567877, 62.279497773656466 ], [ 9.144241356808369, 62.279295092204222 ], [ 9.144892653663861, 62.27898268431457 ], [ 9.144636387616632, 62.278756586182332 ], [ 9.145218244902615, 62.278436468992702 ], [ 9.143750833494577, 62.277800919958501 ], [ 9.143226047278111, 62.276995372868683 ], [ 9.142742594326529, 62.276575728635613 ], [ 9.142525578257549, 62.275890693625875 ], [ 9.141460805778078, 62.275467514525218 ], [ 9.13925980310259, 62.275584486836649 ], [ 9.137561343067325, 62.275212414459062 ], [ 9.135327383768743, 62.275294257114794 ], [ 9.133929947080322, 62.275019698685263 ], [ 9.133338360477916, 62.275087452042037 ], [ 9.133616077620379, 62.275346624580116 ], [ 9.133627658991491, 62.275597130320698 ], [ 9.13321131639508, 62.275717414527257 ], [ 9.132121326913762, 62.276584851775695 ], [ 9.132704303657253, 62.27736500691168 ], [ 9.13268937959875, 62.277576036601658 ], [ 9.132383889519961, 62.277867753911401 ], [ 9.13249337507407, 62.278345235234703 ], [ 9.133094725810226, 62.278808807989755 ], [ 9.134819041270172, 62.279303657162401 ], [ 9.13479571622244, 62.279472646656743 ], [ 9.135148056477341, 62.279575531646472 ], [ 9.137133080384682, 62.279568670033399 ], [ 9.138878644914744, 62.279829296329723 ], [ 9.14014292139451, 62.279823749501048 ] ] ] ] } },
{ "type": "Feature", "properties": { "fid": 255825, "navn": null, "hoyde_moh": 1271, "arealInnsjo_km2": 0.0222, "magasinKategori": null, "fid_2": 425, "id": 425, "left": 8.986919847, "top": 62.446110046000001, "right": 9.486919847, "bottom": 61.946110046000001, "row_index": 24, "col_index": 10, "tile_id": 425 }, "geometry": { "type": "MultiPolygon", "coordinates": [ [ [ [ 9.043506260196287, 62.31767569089601 ], [ 9.043654594381975, 62.317344871063419 ], [ 9.043093431624852, 62.316356430049687 ], [ 9.043170002503233, 62.316158934776944 ], [ 9.044662350680776, 62.316551184327729 ], [ 9.044789190851931, 62.316846110712923 ], [ 9.044491051187778, 62.316988974389737 ], [ 9.045230839818311, 62.31770380279572 ], [ 9.045424161506954, 62.317617119375107 ], [ 9.045218651891211, 62.317061392097379 ], [ 9.04631087770286, 62.316906548332824 ], [ 9.046822053348144, 62.316653622575707 ], [ 9.046826059045099, 62.316370172780083 ], [ 9.046166503237647, 62.316277727007119 ], [ 9.046308239553401, 62.315964359600024 ], [ 9.046060192565578, 62.31588419153168 ], [ 9.045756066672185, 62.315919834132359 ], [ 9.045575883504478, 62.316280620153393 ], [ 9.045284526512416, 62.316365971776698 ], [ 9.043864239311992, 62.315915870081923 ], [ 9.041829697668335, 62.315973723096505 ], [ 9.041743043850921, 62.316168353261666 ], [ 9.042974235998445, 62.31636805300834 ], [ 9.042912252810455, 62.317117664636115 ], [ 9.042289573772669, 62.317570262026308 ], [ 9.0424538371118, 62.317799450883804 ], [ 9.043506260196287, 62.31767569089601 ] ], [ [ 9.043227579708098, 62.317372615080558 ], [ 9.043485255100197, 62.317388734037017 ], [ 9.043295279010762, 62.317651494958085 ], [ 9.04303782398271, 62.317570917227428 ], [ 9.043227579708098, 62.317372615080558 ] ] ] ] } },
{ "type": "Feature", "properties": { "fid": 255831, "navn": null, "hoyde_moh": 1303, "arealInnsjo_km2": 0.0029, "magasinKategori": null, "fid_2": 425, "id": 425, "left": 8.986919847, "top": 62.446110046000001, "right": 9.486919847, "bottom": 61.946110046000001, "row_index": 24, "col_index": 10, "tile_id": 425 }, "geometry": { "type": "MultiPolygon", "coordinates": [ [ [ [ 9.183505237712248, 62.354319375834002 ], [ 9.183412865679191, 62.354201439507797 ], [ 9.182592726506845, 62.354009141094188 ], [ 9.181834605259841, 62.354216724439318 ], [ 9.182201774281527, 62.354392100804859 ], [ 9.183341306161338, 62.354430255976602 ], [ 9.183505237712248, 62.354319375834002 ] ] ] ] } },
{ "type": "Feature", "properties": { "fid": 255833, "navn": null, "hoyde_moh": 1514, "arealInnsjo_km2": 0.003, "magasinKategori": null, "fid_2": 425, "id": 425, "left": 8.986919847, "top": 62.446110046000001, "right": 9.486919847, "bottom": 61.946110046000001, "row_index": 24, "col_index": 10, "tile_id": 425 }, "geometry": { "type": "MultiPolygon", "coordinates": [ [ [ [ 9.075468798580525, 62.369613015762631 ], [ 9.075567723065237, 62.369214148379243 ], [ 9.075139145924906, 62.368904490907013 ], [ 9.074693815024242, 62.369539225622944 ], [ 9.074501114413337, 62.369591140266671 ], [ 9.0746661083245, 62.369792754619489 ], [ 9.075468798580525, 62.369613015762631 ] ] ] ] } },
{ "type": "Feature", "properties": { "fid": 255834, "navn": null, "hoyde_moh": 1664, "arealInnsjo_km2": 0.0026, "magasinKategori": null, "fid_2": 425, "id": 425, "left": 8.986919847, "top": 62.446110046000001, "right": 9.486919847, "bottom": 61.946110046000001, "row_index": 24, "col_index": 10, "tile_id": 425 }, "geometry": { "type": "MultiPolygon", "coordinates": [ [ [ [ 9.043914668738926, 62.368427337460481 ], [ 9.043930528872187, 62.368074885320006 ], [ 9.043320584370035, 62.368117128545457 ], [ 9.043138406495684, 62.368294156921927 ], [ 9.043045054932863, 62.368664801450237 ], [ 9.043452015790175, 62.368735667332061 ], [ 9.043914668738926, 62.368427337460481 ] ] ] ] } },
{ "type": "Feature", "properties": { "fid": 255835, "navn": null, "hoyde_moh": 1635, "arealInnsjo_km2": 0.0707, "magasinKategori": null, "fid_2": 425, "id": 425, "left": 8.986919847, "top": 62.446110046000001, "right": 9.486919847, "bottom": 61.946110046000001, "row_index": 24, "col_index": 10, "tile_id": 425 }, "geometry": { "type": "MultiPolygon", "coordinates": [ [ [ [ 9.033345622695986, 62.368003363043869 ], [ 9.034269509724711, 62.367846986804388 ], [ 9.034626441006223, 62.366491927525104 ], [ 9.03534462223867, 62.365301416931068 ], [ 9.035258884837404, 62.364936940989722 ], [ 9.035076100761874, 62.364936915249075 ], [ 9.034093407230893, 62.36596262167955 ], [ 9.033859174031956, 62.365605084323782 ], [ 9.033218740278295, 62.365787783766912 ], [ 9.032311919818692, 62.366558868813854 ], [ 9.032188229488911, 62.366520053139503 ], [ 9.032332528508878, 62.366066605672067 ], [ 9.031594674699896, 62.3662905777988 ], [ 9.031593644763847, 62.366022573933428 ], [ 9.031214409655718, 62.365747842544764 ], [ 9.030987235757934, 62.365200528011769 ], [ 9.03047799102379, 62.364977105501694 ], [ 9.030463181754765, 62.364718953043557 ], [ 9.03024180161173, 62.364751115181008 ], [ 9.030106966268885, 62.365049108734553 ], [ 9.029219900673878, 62.365667416546515 ], [ 9.02918430125589, 62.366150031586436 ], [ 9.029518660211876, 62.366542771413897 ], [ 9.029497919942145, 62.367109313242672 ], [ 9.029748394464439, 62.367703013677605 ], [ 9.030548656009843, 62.367671810171245 ], [ 9.030979969824598, 62.367428891181532 ], [ 9.030769528145141, 62.367707425328931 ], [ 9.030977881195323, 62.367630851600175 ], [ 9.031008567452874, 62.367792893677851 ], [ 9.031312180448113, 62.367531243462373 ], [ 9.031087634362313, 62.367905784374209 ], [ 9.031188484148693, 62.368083450682079 ], [ 9.031557417558231, 62.368200978101385 ], [ 9.032062484275849, 62.367856511935258 ], [ 9.031914720419566, 62.368403092070999 ], [ 9.032146086778537, 62.368495971564599 ], [ 9.033345622695986, 62.368003363043869 ] ] ] ] } },
{ "type": "Feature", "properties": { "fid": 255836, "navn": null, "hoyde_moh": 1644, "arealInnsjo_km2": 0.0058, "magasinKategori": null, "fid_2": 425, "id": 425, "left": 8.986919847, "top": 62.446110046000001, "right": 9.486919847, "bottom": 61.946110046000001, "row_index": 24, "col_index": 10, "tile_id": 425 }, "geometry": { "type": "MultiPolygon", "coordinates": [ [ [ [ 9.028483436867463, 62.368236626360144 ], [ 9.028845825178298, 62.367813636952071 ], [ 9.028896489556443, 62.367654915296612 ], [ 9.028519445541944, 62.367356590063949 ], [ 9.027078327947043, 62.368044320593448 ], [ 9.027457720697379, 62.368279362482056 ], [ 9.028483436867463, 62.368236626360144 ] ] ] ] } },
{ "type": "Feature", "properties": { "fid": 255837, "navn": null, "hoyde_moh": 1465, "arealInnsjo_km2": 0.0049, "magasinKategori": null, "fid_2": 425, "id": 425, "left": 8.986919847, "top": 62.446110046000001, "right": 9.486919847, "bottom": 61.946110046000001, "row_index": 24, "col_index": 10, "tile_id": 425 }, "geometry": { "type": "MultiPolygon", "coordinates": [ [ [ [ 9.188932409796617, 62.404701697483652 ], [ 9.188960408797698, 62.404656505808433 ], [ 9.188358507953756, 62.404230886750454 ], [ 9.187459640147615, 62.404157890396952 ], [ 9.18717483843262, 62.404315128984088 ], [ 9.187213022216099, 62.404471031205688 ], [ 9.186744548710436, 62.404567826579971 ], [ 9.187078555190068, 62.404812182400299 ], [ 9.188932409796617, 62.404701697483652 ] ] ] ] } },
{ "type": "Feature", "properties": { "fid": 255839, "navn": null, "hoyde_moh": 1614, "arealInnsjo_km2": 0.0025, "magasinKategori": null, "fid_2": 425, "id": 425, "left": 8.986919847, "top": 62.446110046000001, "right": 9.486919847, "bottom": 61.946110046000001, "row_index": 24, "col_index": 10, "tile_id": 425 }, "geometry": { "type": "MultiPolygon", "coordinates": [ [ [ [ 9.147122516586059, 62.403444916629944 ], [ 9.147337853734983, 62.403137088356061 ], [ 9.146277232629098, 62.403275145588999 ], [ 9.14573806507773, 62.403549875544513 ], [ 9.145989449470939, 62.403657524230503 ], [ 9.147122516586059, 62.403444916629944 ] ] ] ] } },
{ "type": "Feature", "properties": { "fid": 255840, "navn": null, "hoyde_moh": 1463, "arealInnsjo_km2": 0.0064, "magasinKategori": null, "fid_2": 425, "id": 425, "left": 8.986919847, "top": 62.446110046000001, "right": 9.486919847, "bottom": 61.946110046000001, "row_index": 24, "col_index": 10, "tile_id": 425 }, "geometry": { "type": "MultiPolygon", "coordinates": [ [ [ [ 9.200322571287419, 62.405783030086894 ], [ 9.199617221612831, 62.405738540959725 ], [ 9.199673212165541, 62.405558039299343 ], [ 9.200811621053536, 62.40549601681456 ], [ 9.201181915275047, 62.405237893155153 ], [ 9.199296227096994, 62.405074617307037 ], [ 9.198989438936994, 62.405425413486725 ], [ 9.198717481840736, 62.405500748166126 ], [ 9.199137467062277, 62.405866595109515 ], [ 9.200322571287419, 62.405783030086894 ] ] ] ] } },
{ "type": "Feature", "properties": { "fid": 255841, "navn": null, "hoyde_moh": 1625, "arealInnsjo_km2": 0.0103, "magasinKategori": null, "fid_2": 425, "id": 425, "left": 8.986919847, "top": 62.446110046000001, "right": 9.486919847, "bottom": 61.946110046000001, "row_index": 24, "col_index": 10, "tile_id": 425 }, "geometry": { "type": "MultiPolygon", "coordinates": [ [ [ [ 9.107695451227473, 62.401584112260743 ], [ 9.107402100355499, 62.401147698355771 ], [ 9.106270083221942, 62.401073276348285 ], [ 9.105206311753381, 62.401618110102618 ], [ 9.106092793476144, 62.402080605923224 ], [ 9.106837467922199, 62.402112841044804 ], [ 9.107695451227473, 62.401584112260743 ] ] ] ] } },
{ "type": "Feature", "properties": { "fid": 255843, "navn": null, "hoyde_moh": 1523, "arealInnsjo_km2": 0.003, "magasinKategori": null, "fid_2": 425, "id": 425, "left": 8.986919847, "top": 62.446110046000001, "right": 9.486919847, "bottom": 61.946110046000001, "row_index": 24, "col_index": 10, "tile_id": 425 }, "geometry": { "type": "MultiPolygon", "coordinates": [ [ [ [ 9.169778132514057, 62.404698916785826 ], [ 9.168393596018142, 62.404276446617772 ], [ 9.167719229014361, 62.404325101881234 ], [ 9.168824275757476, 62.404776536934612 ], [ 9.169509687925585, 62.404861310137001 ], [ 9.169778132514057, 62.404698916785826 ] ] ] ] } },
{ "type": "Feature", "properties": { "fid": 255844, "navn": null, "hoyde_moh": 1597, "arealInnsjo_km2": 0.0467, "magasinKategori": null, "fid_2": 425, "id": 425, "left": 8.986919847, "top": 62.446110046000001, "right": 9.486919847, "bottom": 61.946110046000001, "row_index": 24, "col_index": 10, "tile_id": 425 }, "geometry": { "type": "MultiPolygon", "coordinates": [ [ [ [ 9.005924354449389, 62.436722661258536 ], [ 9.006790056214189, 62.43683851690097 ], [ 9.007603662226643, 62.436563587041611 ], [ 9.008059584312283, 62.43619840506539 ], [ 9.00835042461358, 62.435595685533912 ], [ 9.009305945421872, 62.434807141769276 ], [ 9.009376329909662, 62.434449736636509 ], [ 9.009206713965538, 62.434109987755157 ], [ 9.007672603238433, 62.433869876902641 ], [ 9.007060673915731, 62.434060038816284 ], [ 9.005970436415215, 62.435314040516673 ], [ 9.004887371864571, 62.435981537270273 ], [ 9.004284527775722, 62.436848572598528 ], [ 9.004793084784849, 62.436948941026174 ], [ 9.005924354449389, 62.436722661258536 ] ] ] ] } },
{ "type": "Feature", "properties": { "fid": 255845, "navn": null, "hoyde_moh": 1597, "arealInnsjo_km2": 0.0048, "magasinKategori": null, "fid_2": 425, "id": 425, "left": 8.986919847, "top": 62.446110046000001, "right": 9.486919847, "bottom": 61.946110046000001, "row_index": 24, "col_index": 10, "tile_id": 425 }, "geometry": { "type": "MultiPolygon", "coordinates": [ [ [ [ 9.004417869826364, 62.437718736726517 ], [ 9.004503860121634, 62.437301406485226 ], [ 9.004161112036709, 62.437081771154929 ], [ 9.003548819875039, 62.437255877079473 ], [ 9.003252900775998, 62.437819472416649 ], [ 9.003629136503772, 62.43794790077159 ], [ 9.004417869826364, 62.437718736726517 ] ] ] ] } },
{ "type": "Feature", "properties": { "fid": 255849, "navn": null, "hoyde_moh": 1475, "arealInnsjo_km2": 0.0431, "magasinKategori": null, "fid_2": 425, "id": 425, "left": 8.986919847, "top": 62.446110046000001, "right": 9.486919847, "bottom": 61.946110046000001, "row_index": 24, "col_index": 10, "tile_id": 425 }, "geometry": { "type": "MultiPolygon", "coordinates": [ [ [ [ 8.987056343216677, 62.438240831046762 ], [ 8.986919847, 62.437724240619481 ], [ 8.986919847, 62.438303769551787 ], [ 8.987056343216677, 62.438240831046762 ] ] ], [ [ [ 8.986942631640572, 62.436095463497516 ], [ 8.987247466913002, 62.435655910608851 ], [ 8.986919847, 62.435687605997899 ], [ 8.986919847, 62.436100182339011 ], [ 8.986942631640572, 62.436095463497516 ] ] ] ] } },
{ "type": "Feature", "properties": { "fid": 255850, "navn": null, "hoyde_moh": 1389, "arealInnsjo_km2": 0.0039, "magasinKategori": null, "fid_2": 425, "id": 425, "left": 8.986919847, "top": 62.446110046000001, "right": 9.486919847, "bottom": 61.946110046000001, "row_index": 24, "col_index": 10, "tile_id": 425 }, "geometry": { "type": "MultiPolygon", "coordinates": [ [ [ [ 9.121830164142885, 62.444802310587654 ], [ 9.121703495464155, 62.444695578450606 ], [ 9.122126946559467, 62.44437703547667 ], [ 9.121169810621749, 62.444291364624362 ], [ 9.120512311742948, 62.444442540190344 ], [ 9.120875669044949, 62.444792916738848 ], [ 9.121830164142885, 62.444802310587654 ] ] ] ] } },
{ "type": "Feature", "properties": { "fid": 255853, "navn": null, "hoyde_moh": 1671, "arealInnsjo_km2": 0.021, "magasinKategori": null, "fid_2": 425, "id": 425, "left": 8.986919847, "top": 62.446110046000001, "right": 9.486919847, "bottom": 61.946110046000001, "row_index": 24, "col_index": 10, "tile_id": 425 }, "geometry": { "type": "MultiPolygon", "coordinates": [ [ [ [ 9.215596351870882, 62.257054239391508 ], [ 9.217141340224435, 62.257172009403192 ], [ 9.218692638112099, 62.256853144578571 ], [ 9.219288309195358, 62.256517845861154 ], [ 9.218180642294501, 62.256055938274095 ], [ 9.216812717961876, 62.256155421278876 ], [ 9.215595584985628, 62.255969788986192 ], [ 9.21544708589483, 62.256373457263187 ], [ 9.215063527295916, 62.256613720546468 ], [ 9.215253207279128, 62.256752002706286 ], [ 9.214918527660087, 62.256915808666776 ], [ 9.215735174084863, 62.257232075743843 ], [ 9.215596351870882, 62.257054239391508 ] ] ] ] } },
{ "type": "Feature", "properties": { "fid": 255855, "navn": null, "hoyde_moh": 1409, "arealInnsjo_km2": 0.0044, "magasinKategori": null, "fid_2": 425, "id": 425, "left": 8.986919847, "top": 62.446110046000001, "right": 9.486919847, "bottom": 61.946110046000001, "row_index": 24, "col_index": 10, "tile_id": 425 }, "geometry": { "type": "MultiPolygon", "coordinates": [ [ [ [ 9.099515949117707, 62.279804243828835 ], [ 9.099553983758142, 62.279553500163885 ], [ 9.098669629498264, 62.279261912649169 ], [ 9.097781274662651, 62.279532860388841 ], [ 9.09914471062994, 62.279962457269484 ], [ 9.099515949117707, 62.279804243828835 ] ] ] ] } },
{ "type": "Feature", "properties": { "fid": 255856, "navn": null, "hoyde_moh": 1401, "arealInnsjo_km2": 0.0032, "magasinKategori": null, "fid_2": 425, "id": 425, "left": 8.986919847, "top": 62.446110046000001, "right": 9.486919847, "bottom": 61.946110046000001, "row_index": 24, "col_index": 10, "tile_id": 425 }, "geometry": { "type": "MultiPolygon", "coordinates": [ [ [ [ 9.069589068262106, 62.278957813497939 ], [ 9.069769731182205, 62.278689770465533 ], [ 9.069987770805438, 62.278679842287112 ], [ 9.06933235931675, 62.278016108839125 ], [ 9.068971746500251, 62.277899458851607 ], [ 9.069144368676396, 62.27854548366895 ], [ 9.06953560738328, 62.279036736377108 ], [ 9.069863330561967, 62.279164400644312 ], [ 9.069589068262106, 62.278957813497939 ] ] ] ] } },
{ "type": "Feature", "properties": { "fid": 255858, "navn": null, "hoyde_moh": 1427, "arealInnsjo_km2": 0.0031, "magasinKategori": null, "fid_2": 425, "id": 425, "left": 8.986919847, "top": 62.446110046000001, "right": 9.486919847, "bottom": 61.946110046000001, "row_index": 24, "col_index": 10, "tile_id": 425 }, "geometry": { "type": "MultiPolygon", "coordinates": [ [ [ [ 9.122438091724225, 62.300799189792663 ], [ 9.122165314047814, 62.300422267146359 ], [ 9.120964049810024, 62.300648587807579 ], [ 9.121342123776488, 62.300926265176379 ], [ 9.121980103835909, 62.301033286045318 ], [ 9.122438091724225, 62.300799189792663 ] ] ] ] } },
{ "type": "Feature", "properties": { "fid": 255860, "navn": null, "hoyde_moh": 1560, "arealInnsjo_km2": 0.2492, "magasinKategori": null, "fid_2": 425, "id": 425, "left": 8.986919847, "top": 62.446110046000001, "right": 9.486919847, "bottom": 61.946110046000001, "row_index": 24, "col_index": 10, "tile_id": 425 }, "geometry": { "type": "MultiPolygon", "coordinates": [ [ [ [ 9.158919611445972, 62.302915878673389 ], [ 9.160529951007671, 62.303112774991568 ], [ 9.162095041103051, 62.303095909295905 ], [ 9.162657015098015, 62.302680612857131 ], [ 9.163474848314332, 62.302440395004517 ], [ 9.163652612350202, 62.30210505793638 ], [ 9.162565853895464, 62.301405937097414 ], [ 9.161130855724235, 62.30086381243661 ], [ 9.157194430423123, 62.299694205304171 ], [ 9.152803296085747, 62.299060581725016 ], [ 9.150416451643133, 62.299076668497293 ], [ 9.149588780257268, 62.29854061291153 ], [ 9.149118500788928, 62.298511657138121 ], [ 9.146913200381597, 62.297690964480019 ], [ 9.144788902825594, 62.297361797506809 ], [ 9.144491116290164, 62.297374597920069 ], [ 9.143768083992294, 62.297812725969102 ], [ 9.144080247555632, 62.298142647443669 ], [ 9.144184267570481, 62.298589900661014 ], [ 9.144057883736243, 62.298658832351443 ], [ 9.144412693694354, 62.298918891967098 ], [ 9.147904620220752, 62.299556306616836 ], [ 9.149626848618569, 62.30029427786198 ], [ 9.151089324692379, 62.301209418939813 ], [ 9.153222521120407, 62.301998001264948 ], [ 9.155569011241509, 62.302381053930048 ], [ 9.158365602022881, 62.303123982158567 ], [ 9.158919611445972, 62.302915878673389 ] ] ] ] } },
{ "type": "Feature", "properties": { "fid": 255866, "navn": null, "hoyde_moh": 1536, "arealInnsjo_km2": 0.0047, "magasinKategori": null, "fid_2": 425, "id": 425, "left": 8.986919847, "top": 62.446110046000001, "right": 9.486919847, "bottom": 61.946110046000001, "row_index": 24, "col_index": 10, "tile_id": 425 }, "geometry": { "type": "MultiPolygon", "coordinates": [ [ [ [ 9.053859027698616, 62.349671546530914 ], [ 9.054353883527961, 62.349416527119253 ], [ 9.053081210346178, 62.349309374255583 ], [ 9.051985018975843, 62.349801330346395 ], [ 9.052109285270145, 62.349962876509437 ], [ 9.052634493545968, 62.34997855867708 ], [ 9.053859027698616, 62.349671546530914 ] ] ] ] } },
{ "type": "Feature", "properties": { "fid": 255868, "navn": "Søre Salhøtjønne", "hoyde_moh": 1416, "arealInnsjo_km2": 0.6467, "magasinKategori": null, "fid_2": 425, "id": 425, "left": 8.986919847, "top": 62.446110046000001, "right": 9.486919847, "bottom": 61.946110046000001, "row_index": 24, "col_index": 10, "tile_id": 425 }, "geometry": { "type": "MultiPolygon", "coordinates": [ [ [ [ 8.987718861810858, 62.347270854450002 ], [ 8.988267569878246, 62.347179839113608 ], [ 8.989198919284908, 62.347419843858752 ], [ 8.989603350211755, 62.347350752675062 ], [ 8.99034793183567, 62.346703463283646 ], [ 8.991720178329095, 62.347119415977595 ], [ 8.992304933482007, 62.346692102515306 ], [ 8.9923985132565, 62.346367497009389 ], [ 8.991869303006192, 62.346154754182209 ], [ 8.992032273753564, 62.34586764245114 ], [ 8.991824907529718, 62.345561872296017 ], [ 8.99218529484685, 62.345270798811107 ], [ 8.992867479587872, 62.345157276571008 ], [ 8.993045029251965, 62.344828295092967 ], [ 8.992472631478577, 62.3445673101998 ], [ 8.992424154205949, 62.344241051880942 ], [ 8.992011986195777, 62.344111357777173 ], [ 8.991718731191945, 62.343739374773854 ], [ 8.991668424746047, 62.343481199871931 ], [ 8.992258004197694, 62.343318286602027 ], [ 8.992304221348425, 62.343084914607971 ], [ 8.991621535071495, 62.342977082953631 ], [ 8.991003857073281, 62.342296954419766 ], [ 8.991880474006624, 62.342116679288097 ], [ 8.991960187663695, 62.341697917900795 ], [ 8.992780027497002, 62.341216231877858 ], [ 8.993038387808998, 62.340813495086564 ], [ 8.992596621296862, 62.340511885806599 ], [ 8.991966665434687, 62.340411831633268 ], [ 8.991529509035045, 62.339989759349223 ], [ 8.991931128335812, 62.339576755276845 ], [ 8.992996924240513, 62.339317061667238 ], [ 8.992912864656139, 62.338994394138567 ], [ 8.99253084645424, 62.338633512638971 ], [ 8.992647542732897, 62.33844461517139 ], [ 8.993214535564206, 62.338312687897279 ], [ 8.99295419146612, 62.338140948944584 ], [ 8.993016724948681, 62.337913056492269 ], [ 8.993911728927305, 62.337483788455124 ], [ 8.994165077441579, 62.337150257606105 ], [ 8.99369469429675, 62.336886309582106 ], [ 8.992850346950267, 62.336784711595172 ], [ 8.992830504659022, 62.336490489042049 ], [ 8.991760362824001, 62.33639467663977 ], [ 8.990715845949698, 62.336413512084512 ], [ 8.989180742835547, 62.337011842733105 ], [ 8.98716316121253, 62.336914169444952 ], [ 8.986919847, 62.33710403246792 ], [ 8.986919847, 62.347030910628419 ], [ 8.987718861810858, 62.347270854450002 ] ] ] ] } },
{ "type": "Feature", "properties": { "fid": 255869, "navn": null, "hoyde_moh": 1633, "arealInnsjo_km2": 0.1029, "magasinKategori": null, "fid_2": 425, "id": 425, "left": 8.986919847, "top": 62.446110046000001, "right": 9.486919847, "bottom": 61.946110046000001, "row_index": 24, "col_index": 10, "tile_id": 425 }, "geometry": { "type": "MultiPolygon", "coordinates": [ [ [ [ 9.038652862280131, 62.369657915829528 ], [ 9.039182152376439, 62.369302491061305 ], [ 9.039637010020362, 62.368525453845493 ], [ 9.040116853792638, 62.368130986069858 ], [ 9.040980897787563, 62.36784170846493 ], [ 9.041398493670062, 62.367228109081147 ], [ 9.041271411423351, 62.366781728618889 ], [ 9.040959990787099, 62.366432685963488 ], [ 9.039764833133617, 62.366347489610092 ], [ 9.039160657421027, 62.366151626996967 ], [ 9.038641368592385, 62.365398192933917 ], [ 9.037964109202143, 62.365048727598868 ], [ 9.037863585500531, 62.364407017175516 ], [ 9.037438977577379, 62.364083533319267 ], [ 9.036708845583561, 62.36466910107729 ], [ 9.036464339429591, 62.365335959209624 ], [ 9.036218236142647, 62.365377422620305 ], [ 9.035776097425876, 62.365817077383618 ], [ 9.035636556379092, 62.366358790239779 ], [ 9.035934805843102, 62.366807674934982 ], [ 9.03586103414497, 62.366923986270486 ], [ 9.036223061853514, 62.367058671974625 ], [ 9.035846377622196, 62.367752442424433 ], [ 9.036066604742263, 62.368197972195752 ], [ 9.036002549009451, 62.368423109232488 ], [ 9.036189197717237, 62.368493350131011 ], [ 9.036027745422192, 62.368797677278614 ], [ 9.036949937584014, 62.369071149416307 ], [ 9.036986332304132, 62.369400277969611 ], [ 9.037531133055465, 62.369788352518583 ], [ 9.038652862280131, 62.369657915829528 ] ], [ [ 9.036732878691282, 62.364848142633335 ], [ 9.036908747449285, 62.364761250788987 ], [ 9.036859262889465, 62.364981431659501 ], [ 9.037063145308052, 62.364949497444947 ], [ 9.037076387079694, 62.365167152232353 ], [ 9.036624949180586, 62.365271191707862 ], [ 9.036732878691282, 62.364848142633335 ] ], [ [ 9.036423069281458, 62.365669583057716 ], [ 9.036657804321498, 62.365671569917353 ], [ 9.036636290546678, 62.365817499880436 ], [ 9.036423069281458, 62.365669583057716 ] ], [ [ 9.03657676636727, 62.368476604909219 ], [ 9.036636099721273, 62.368026075464975 ], [ 9.036802488317486, 62.367977132575483 ], [ 9.036853250384317, 62.368435545489525 ], [ 9.036403141816987, 62.368564764031063 ], [ 9.03657676636727, 62.368476604909219 ] ] ] ] } },
{ "type": "Feature", "properties": { "fid": 255870, "navn": null, "hoyde_moh": 1463, "arealInnsjo_km2": 0.0059, "magasinKategori": null, "fid_2": 425, "id": 425, "left": 8.986919847, "top": 62.446110046000001, "right": 9.486919847, "bottom": 61.946110046000001, "row_index": 24, "col_index": 10, "tile_id": 425 }, "geometry": { "type": "MultiPolygon", "coordinates": [ [ [ [ 9.198140211255716, 62.406072148594383 ], [ 9.198468913841392, 62.405667534148563 ], [ 9.198437498078565, 62.405475459562396 ], [ 9.198284440520085, 62.405309182244061 ], [ 9.197715817763566, 62.40534619518791 ], [ 9.196761979791221, 62.405929856229612 ], [ 9.196831820029653, 62.406222834362261 ], [ 9.198140211255716, 62.406072148594383 ] ] ] ] } },
{ "type": "Feature", "properties": { "fid": 255871, "navn": null, "hoyde_moh": 1588, "arealInnsjo_km2": 0.097, "magasinKategori": null, "fid_2": 425, "id": 425, "left": 8.986919847, "top": 62.446110046000001, "right": 9.486919847, "bottom": 61.946110046000001, "row_index": 24, "col_index": 10, "tile_id": 425 }, "geometry": { "type": "MultiPolygon", "coordinates": [ [ [ [ 9.015612833105978, 62.368391299236343 ], [ 9.016172005168537, 62.368028329342231 ], [ 9.016357345346899, 62.367125552393134 ], [ 9.015063824272898, 62.367333577048697 ], [ 9.014682005037512, 62.367012313186919 ], [ 9.013750760697745, 62.366696154320046 ], [ 9.01361315745268, 62.366322845722806 ], [ 9.012459008668511, 62.365870098863702 ], [ 9.012516164700576, 62.365569844660314 ], [ 9.012316003392845, 62.36533105801815 ], [ 9.011505781528399, 62.36513508901605 ], [ 9.007486082137307, 62.365020572152517 ], [ 9.0072039702557, 62.365549540423117 ], [ 9.005810820714231, 62.36613981758444 ], [ 9.006001347253832, 62.366288066160678 ], [ 9.006482423993905, 62.366252574887334 ], [ 9.007650990844636, 62.365746054319409 ], [ 9.008353517972388, 62.365654931846343 ], [ 9.008654061067853, 62.366043839080326 ], [ 9.009468070710929, 62.36603109009237 ], [ 9.009330293811374, 62.366456983192485 ], [ 9.00949749120525, 62.366645368237414 ], [ 9.010662010965222, 62.366281905692972 ], [ 9.010706159031249, 62.366380967196271 ], [ 9.009637445876889, 62.367247851496792 ], [ 9.009885611983423, 62.367560568740572 ], [ 9.010428484275756, 62.367664865695204 ], [ 9.010289491176488, 62.368054239971592 ], [ 9.011435393936193, 62.368219052955908 ], [ 9.011519426998191, 62.368366837661824 ], [ 9.013336984111318, 62.368389725197019 ], [ 9.013596314954944, 62.368509235997507 ], [ 9.013462629968005, 62.368760807121099 ], [ 9.014094516159854, 62.36883507389576 ], [ 9.015612833105978, 62.368391299236343 ] ], [ [ 9.011457982758399, 62.366073515032696 ], [ 9.011924244205739, 62.366043218361725 ], [ 9.011808591934729, 62.366181393045025 ], [ 9.011457982758399, 62.366073515032696 ] ], [ [ 9.011072409778752, 62.36657731339578 ], [ 9.011291541040981, 62.366559490463445 ], [ 9.01091133720197, 62.366831031676021 ], [ 9.010388913765654, 62.367001437329932 ], [ 9.011072409778752, 62.36657731339578 ] ] ] ] } },
{ "type": "Feature", "properties": { "fid": 255874, "navn": null, "hoyde_moh": 1463, "arealInnsjo_km2": 0.0286, "magasinKategori": null, "fid_2": 425, "id": 425, "left": 8.986919847, "top": 62.446110046000001, "right": 9.486919847, "bottom": 61.946110046000001, "row_index": 24, "col_index": 10, "tile_id": 425 }, "geometry": { "type": "MultiPolygon", "coordinates": [ [ [ [ 9.200994354972375, 62.406596633497259 ], [ 9.201700328166302, 62.406680031515286 ], [ 9.204773313826303, 62.406436842402123 ], [ 9.205547871002072, 62.405987349113964 ], [ 9.204528510357473, 62.405583551953562 ], [ 9.203886344315395, 62.405597536005828 ], [ 9.202778405142899, 62.405915714216086 ], [ 9.202028796968568, 62.405562137073439 ], [ 9.20160042491397, 62.405757521942995 ], [ 9.201682695972041, 62.405966662294333 ], [ 9.200978175800564, 62.406001886558499 ], [ 9.200702392767248, 62.406162948758123 ], [ 9.199534958057443, 62.406074408143645 ], [ 9.198997827540651, 62.406265063621433 ], [ 9.197558380193589, 62.406322058344088 ], [ 9.200000087834939, 62.406843736776494 ], [ 9.200994354972375, 62.406596633497259 ] ] ] ] } },
{ "type": "Feature", "properties": { "fid": 255877, "navn": null, "hoyde_moh": 1650, "arealInnsjo_km2": 0.0019, "magasinKategori": null, "fid_2": 425, "id": 425, "left": 8.986919847, "top": 62.446110046000001, "right": 9.486919847, "bottom": 61.946110046000001, "row_index": 24, "col_index": 10, "tile_id": 425 }, "geometry": { "type": "MultiPolygon", "coordinates": [ [ [ [ 9.114915811770395, 62.403402756734174 ], [ 9.115520088843411, 62.403005841990499 ], [ 9.11444079267716, 62.403069312350198 ], [ 9.114554901601194, 62.403280232762867 ], [ 9.114336534951013, 62.403532702281431 ], [ 9.114915811770395, 62.403402756734174 ] ] ] ] } },
{ "type": "Feature", "properties": { "fid": 255881, "navn": "Storvatnet", "hoyde_moh": 1330, "arealInnsjo_km2": 1.6761, "magasinKategori": null, "fid_2": 425, "id": 425, "left": 8.986919847, "top": 62.446110046000001, "right": 9.486919847, "bottom": 61.946110046000001, "row_index": 24, "col_index": 10, "tile_id": 425 }, "geometry": { "type": "MultiPolygon", "coordinates": [ [ [ [ 9.140651422421634, 62.445327610012278 ], [ 9.142008666858587, 62.445145600067626 ], [ 9.143303561996953, 62.44532665162231 ], [ 9.144535451262595, 62.445291126282221 ], [ 9.146236187467409, 62.444858856746976 ], [ 9.1471722965989, 62.444191180857779 ], [ 9.148412218381591, 62.443865706380954 ], [ 9.149183214479757, 62.443318190196976 ], [ 9.153468017325707, 62.441728679586063 ], [ 9.156520487461535, 62.440948733325648 ], [ 9.157021313646426, 62.440564207842009 ], [ 9.157101298826872, 62.440105093538257 ], [ 9.157782971561209, 62.439723666386783 ], [ 9.15845569897672, 62.439045397010894 ], [ 9.158423125306989, 62.438796900126995 ], [ 9.158755261507793, 62.438495669058746 ], [ 9.158173126949183, 62.438182212595038 ], [ 9.157329710880797, 62.437416090648448 ], [ 9.156113168059202, 62.437075414521225 ], [ 9.155446409365972, 62.43671121180688 ], [ 9.155954562093601, 62.43635941032295 ], [ 9.155861182205188, 62.435988977396917 ], [ 9.156196225946889, 62.435844524630333 ], [ 9.156247158827219, 62.43564491207335 ], [ 9.157513392028086, 62.434990072070001 ], [ 9.157272242866393, 62.434272850807616 ], [ 9.156093995489964, 62.433476255152357 ], [ 9.156145366461356, 62.433013417539058 ], [ 9.156618503847708, 62.432881793728782 ], [ 9.156832300078246, 62.432295694214098 ], [ 9.156603686379182, 62.432004832757336 ], [ 9.156047760463034, 62.431740810180948 ], [ 9.153870860967418, 62.432088772220972 ], [ 9.151341935231439, 62.432202666522279 ], [ 9.147855479629637, 62.432798277344617 ], [ 9.146709533968735, 62.432645853243685 ], [ 9.146724555549445, 62.432299782435358 ], [ 9.146484311819993, 62.432098440946319 ], [ 9.145656767978036, 62.432155052203115 ], [ 9.143945618174858, 62.431807376454934 ], [ 9.142038396741102, 62.43173347720122 ], [ 9.139951077324257, 62.431943744751379 ], [ 9.139205773117116, 62.432300705119168 ], [ 9.138908620454531, 62.432569517420589 ], [ 9.138741488789202, 62.43303683778295 ], [ 9.137246074314975, 62.434069429400012 ], [ 9.131412628596223, 62.436607696361506 ], [ 9.131264228842687, 62.436980010096782 ], [ 9.13142093254954, 62.437381592405579 ], [ 9.132294493970992, 62.438012858180556 ], [ 9.133378836763018, 62.438420104780711 ], [ 9.134378670950358, 62.438466624228113 ], [ 9.134458890382129, 62.438704989461577 ], [ 9.135458749476189, 62.439147906202606 ], [ 9.136670205433809, 62.439433724837578 ], [ 9.136955656363162, 62.439629427896435 ], [ 9.136821687394182, 62.439889996689558 ], [ 9.138457474430018, 62.439909111217808 ], [ 9.138151456265003, 62.440112818825028 ], [ 9.138356729158883, 62.440344840547269 ], [ 9.137884197021155, 62.440273505486658 ], [ 9.13735061136838, 62.440477337250968 ], [ 9.136537900140381, 62.44048780165194 ], [ 9.135130674222143, 62.441105912453352 ], [ 9.135471852275904, 62.441545071386592 ], [ 9.135343731554155, 62.441854862764629 ], [ 9.135445061498112, 62.442145074852881 ], [ 9.135199185925284, 62.442285772439099 ], [ 9.135212795691492, 62.442558599010894 ], [ 9.135013736928455, 62.442681554951868 ], [ 9.135152970995609, 62.44284615335242 ], [ 9.132858579783434, 62.443755334759189 ], [ 9.131669606824222, 62.444549996455372 ], [ 9.129469753022692, 62.445335005717091 ], [ 9.129648778678396, 62.445565932878104 ], [ 9.12915782267563, 62.445625417491193 ], [ 9.129321950895031, 62.445926120264922 ], [ 9.130679060049754, 62.446096053372713 ], [ 9.13068703301645, 62.446110046 ], [ 9.139006041374945, 62.446110046 ], [ 9.140651422421634, 62.445327610012278 ] ] ] ] } },
{ "type": "Feature", "properties": { "fid": 255890, "navn": "Lesjøen", "hoyde_moh": 1181, "arealInnsjo_km2": 0.476, "magasinKategori": null, "fid_2": 425, "id": 425, "left": 8.986919847, "top": 62.446110046000001, "right": 9.486919847, "bottom": 61.946110046000001, "row_index": 24, "col_index": 10, "tile_id": 425 }, "geometry": { "type": "MultiPolygon", "coordinates": [ [ [ [ 9.04549812495206, 62.278326913774848 ], [ 9.045953532405175, 62.277989227419575 ], [ 9.047334503366482, 62.277646682753016 ], [ 9.047479249660475, 62.277503352605954 ], [ 9.047158508218258, 62.277340006579621 ], [ 9.047282593889555, 62.277089272536891 ], [ 9.047036734085195, 62.27698208872868 ], [ 9.047138106901723, 62.276799167626763 ], [ 9.048948671224673, 62.276341284635642 ], [ 9.049971616805879, 62.275790823215168 ], [ 9.050330871640785, 62.275426842854138 ], [ 9.049536017523085, 62.27435039300115 ], [ 9.049016369327072, 62.273918108782922 ], [ 9.048958684786664, 62.273576093813496 ], [ 9.048072736205938, 62.272448805954852 ], [ 9.04677007725101, 62.272000307284117 ], [ 9.046266616570632, 62.271639837038059 ], [ 9.046044532204597, 62.271025674135345 ], [ 9.044965344114736, 62.270074897604594 ], [ 9.043972822876023, 62.269548051726822 ], [ 9.043197005583272, 62.269350342973731 ], [ 9.042377182216097, 62.268838569883151 ], [ 9.041544871615837, 62.268695954202393 ], [ 9.041476319587744, 62.269153823329162 ], [ 9.041075204689786, 62.2694822147484 ], [ 9.040742245736016, 62.269496061505599 ], [ 9.039809211891447, 62.269172441770905 ], [ 9.039224759011653, 62.268666641969325 ], [ 9.038467566319547, 62.268554524268019 ], [ 9.038274267957293, 62.268652354581789 ], [ 9.038325131598048, 62.268936549070204 ], [ 9.03807892813081, 62.269050738518516 ], [ 9.038159780368952, 62.269368819166488 ], [ 9.038031549970263, 62.269403543223511 ], [ 9.038406271413542, 62.269875643910872 ], [ 9.037924683282483, 62.270557838025503 ], [ 9.038435560308619, 62.27123199901407 ], [ 9.037361823930235, 62.271277498091074 ], [ 9.036536912812524, 62.271513158701644 ], [ 9.036315344140883, 62.271749420534299 ], [ 9.036270529070205, 62.272235234371287 ], [ 9.036565133928715, 62.272576481897254 ], [ 9.037013193221126, 62.272679071641768 ], [ 9.037087119839679, 62.273035931795803 ], [ 9.037525064452675, 62.273324915900446 ], [ 9.037577537530341, 62.273516259192348 ], [ 9.037354906321818, 62.273856202686879 ], [ 9.037508859990291, 62.274148709846955 ], [ 9.038610697485563, 62.274993646030438 ], [ 9.03965565674682, 62.275313084023011 ], [ 9.039659490552305, 62.275594802080285 ], [ 9.040388003847658, 62.276266527431588 ], [ 9.040396105037283, 62.276599841387615 ], [ 9.04055974762735, 62.276708270497302 ], [ 9.040459680891901, 62.276955532272936 ], [ 9.041007819611728, 62.277132735652771 ], [ 9.041025602301104, 62.277503022017711 ], [ 9.041365978337021, 62.277816693414451 ], [ 9.041977959370717, 62.278017079103286 ], [ 9.041968462877547, 62.278322263147885 ], [ 9.042270196267395, 62.278479041242683 ], [ 9.04549812495206, 62.278326913774848 ] ] ] ] } },
{ "type": "Feature", "properties": { "fid": 255892, "navn": null, "hoyde_moh": 1383, "arealInnsjo_km2": 0.0098, "magasinKategori": null, "fid_2": 425, "id": 425, "left": 8.986919847, "top": 62.446110046000001, "right": 9.486919847, "bottom": 61.946110046000001, "row_index": 24, "col_index": 10, "tile_id": 425 }, "geometry": { "type": "MultiPolygon", "coordinates": [ [ [ [ 9.086728255257549, 62.32676398828297 ], [ 9.086362358351433, 62.326496189697316 ], [ 9.086531440711031, 62.326125706734452 ], [ 9.085940066231682, 62.32570269993149 ], [ 9.084593642853834, 62.325248007314158 ], [ 9.08433770426114, 62.32534827722926 ], [ 9.084297258704039, 62.325573889846915 ], [ 9.084733206135004, 62.32610659671942 ], [ 9.08660326879744, 62.326948179661095 ], [ 9.086728255257549, 62.32676398828297 ] ] ] ] } },
{ "type": "Feature", "properties": { "fid": 255897, "navn": null, "hoyde_moh": 1301, "arealInnsjo_km2": 0.0043, "magasinKategori": null, "fid_2": 425, "id": 425, "left": 8.986919847, "top": 62.446110046000001, "right": 9.486919847, "bottom": 61.946110046000001, "row_index": 24, "col_index": 10, "tile_id": 425 }, "geometry": { "type": "MultiPolygon", "coordinates": [ [ [ [ 9.197913858142341, 62.357755147688778 ], [ 9.197761041602533, 62.357519823394028 ], [ 9.197046390890096, 62.357583197307463 ], [ 9.196619383999399, 62.357841981465739 ], [ 9.196674030767856, 62.358101918580331 ], [ 9.197682457297658, 62.358302452738499 ], [ 9.197913858142341, 62.357755147688778 ] ] ] ] } },
{ "type": "Feature", "properties": { "fid": 255899, "navn": null, "hoyde_moh": 1671, "arealInnsjo_km2": 0.0048, "magasinKategori": null, "fid_2": 425, "id": 425, "left": 8.986919847, "top": 62.446110046000001, "right": 9.486919847, "bottom": 61.946110046000001, "row_index": 24, "col_index": 10, "tile_id": 425 }, "geometry": { "type": "MultiPolygon", "coordinates": [ [ [ [ 9.047000715339314, 62.36952275104013 ], [ 9.046858253173559, 62.368964160697999 ], [ 9.046439370166096, 62.369034064418152 ], [ 9.046145860280168, 62.369347859948199 ], [ 9.045862763733249, 62.370291383351599 ], [ 9.0459982878312, 62.370450175121846 ], [ 9.047000715339314, 62.36952275104013 ] ] ] ] } },
{ "type": "Feature", "properties": { "fid": 255900, "navn": null, "hoyde_moh": 1514, "arealInnsjo_km2": 0.0271, "magasinKategori": null, "fid_2": 425, "id": 425, "left": 8.986919847, "top": 62.446110046000001, "right": 9.486919847, "bottom": 61.946110046000001, "row_index": 24, "col_index": 10, "tile_id": 425 }, "geometry": { "type": "MultiPolygon", "coordinates": [ [ [ [ 9.073218671460598, 62.371777368008793 ], [ 9.074254269807795, 62.371701400191085 ], [ 9.075780179952753, 62.370930033058279 ], [ 9.073868448099779, 62.370109559005066 ], [ 9.072969240250032, 62.370243029393343 ], [ 9.072398251955565, 62.370669089 ], [ 9.07168155223016, 62.371603569365192 ], [ 9.071621525170428, 62.372198216270327 ], [ 9.073218671460598, 62.371777368008793 ] ] ] ] } },
{ "type": "Feature", "properties": { "fid": 255901, "navn": null, "hoyde_moh": 1415, "arealInnsjo_km2": 0.0106, "magasinKategori": null, "fid_2": 425, "id": 425, "left": 8.986919847, "top": 62.446110046000001, "right": 9.486919847, "bottom": 61.946110046000001, "row_index": 24, "col_index": 10, "tile_id": 425 }, "geometry": { "type": "MultiPolygon", "coordinates": [ [ [ [ 9.154174066708846, 62.375722271067268 ], [ 9.154159957545332, 62.37559302566148 ], [ 9.153786813679696, 62.37563726657465 ], [ 9.153712433446909, 62.375516825749401 ], [ 9.154241000331698, 62.375048164273281 ], [ 9.153880411545202, 62.374913056567081 ], [ 9.152648628361641, 62.375084073428972 ], [ 9.152865287495462, 62.37460830644045 ], [ 9.152689395725018, 62.374519239289775 ], [ 9.152403631014426, 62.374799972548985 ], [ 9.151418006436431, 62.37521236493734 ], [ 9.151671403242267, 62.37543560199056 ], [ 9.152748602706714, 62.375458484498004 ], [ 9.152665171726222, 62.375575878091794 ], [ 9.153228578669639, 62.375876633918274 ], [ 9.154174066708846, 62.375722271067268 ] ] ] ] } },
{ "type": "Feature", "properties": { "fid": 255902, "navn": null, "hoyde_moh": 1463, "arealInnsjo_km2": 0.003, "magasinKategori": null, "fid_2": 425, "id": 425, "left": 8.986919847, "top": 62.446110046000001, "right": 9.486919847, "bottom": 61.946110046000001, "row_index": 24, "col_index": 10, "tile_id": 425 }, "geometry": { "type": "MultiPolygon", "coordinates": [ [ [ [ 9.201362896444273, 62.406862738081387 ], [ 9.200123966779032, 62.40709944797711 ], [ 9.199663344036805, 62.406849840073399 ], [ 9.198489954675118, 62.406761852940825 ], [ 9.200389389020515, 62.407298862245462 ], [ 9.201362896444273, 62.406862738081387 ] ] ] ] } },
{ "type": "Feature", "properties": { "fid": 255915, "navn": null, "hoyde_moh": 1561, "arealInnsjo_km2": 0.0043, "magasinKategori": null, "fid_2": 425, "id": 425, "left": 8.986919847, "top": 62.446110046000001, "right": 9.486919847, "bottom": 61.946110046000001, "row_index": 24, "col_index": 10, "tile_id": 425 }, "geometry": { "type": "MultiPolygon", "coordinates": [ [ [ [ 9.124277301789176, 62.257552991474562 ], [ 9.124017986872367, 62.257423229066262 ], [ 9.124259436466778, 62.2573162604521 ], [ 9.123401732586679, 62.257116791794893 ], [ 9.12294807635441, 62.25717612304782 ], [ 9.123186823385444, 62.257900302834351 ], [ 9.123404003633484, 62.258018374017183 ], [ 9.124277301789176, 62.257552991474562 ] ] ] ] } },
{ "type": "Feature", "properties": { "fid": 255918, "navn": null, "hoyde_moh": 1341, "arealInnsjo_km2": 0.1582, "magasinKategori": null, "fid_2": 425, "id": 425, "left": 8.986919847, "top": 62.446110046000001, "right": 9.486919847, "bottom": 61.946110046000001, "row_index": 24, "col_index": 10, "tile_id": 425 }, "geometry": { "type": "MultiPolygon", "coordinates": [ [ [ [ 8.995490849316145, 62.277183781263929 ], [ 8.995496798812628, 62.276672412283538 ], [ 8.996117018331946, 62.27657280368426 ], [ 8.997491974247017, 62.275273590088545 ], [ 8.997560655609133, 62.274823380582404 ], [ 8.997316589882063, 62.27412576607842 ], [ 8.997460827218907, 62.27382650430016 ], [ 8.997154581691257, 62.273248651520433 ], [ 8.995433405463849, 62.272599066642925 ], [ 8.99480750740746, 62.272889945895933 ], [ 8.994376604496285, 62.272845227092667 ], [ 8.993819601917746, 62.272408477657521 ], [ 8.99380723837003, 62.271943406038496 ], [ 8.992392574186097, 62.271443225882813 ], [ 8.991882430666221, 62.271137713775779 ], [ 8.991889342107884, 62.270996825101477 ], [ 8.991284375462506, 62.271133721597678 ], [ 8.991346973343321, 62.271262320552914 ], [ 8.9904348599682, 62.271742633009573 ], [ 8.990115457993902, 62.27214539774026 ], [ 8.989569182429292, 62.272143286947689 ], [ 8.988829142361329, 62.272532104312695 ], [ 8.989167029715629, 62.273177987547356 ], [ 8.989771101429406, 62.273213944361913 ], [ 8.990298371231882, 62.273647439566091 ], [ 8.991534981285232, 62.274115417963351 ], [ 8.992325782111696, 62.274981568273517 ], [ 8.992328721984958, 62.275219141311666 ], [ 8.993421031268612, 62.275984013862704 ], [ 8.993614055867935, 62.276509240372562 ], [ 8.993524492235085, 62.276900195494051 ], [ 8.993917294719788, 62.277275973236826 ], [ 8.994989448660181, 62.277359946561404 ], [ 8.995490849316145, 62.277183781263929 ] ] ] ] } },
{ "type": "Feature", "properties": { "fid": 255920, "navn": null, "hoyde_moh": 1527, "arealInnsjo_km2": 0.3378, "magasinKategori": null, "fid_2": 425, "id": 425, "left": 8.986919847, "top": 62.446110046000001, "right": 9.486919847, "bottom": 61.946110046000001, "row_index": 24, "col_index": 10, "tile_id": 425 }, "geometry": { "type": "MultiPolygon", "coordinates": [ [ [ [ 9.206363702606515, 62.30697683868253 ], [ 9.206572732042908, 62.306581371261473 ], [ 9.207159709820427, 62.306547667360448 ], [ 9.207337667033025, 62.306441407125618 ], [ 9.207292825025005, 62.306282890887381 ], [ 9.20800748918788, 62.30613073901803 ], [ 9.207872639365247, 62.30605173252318 ], [ 9.208254581607534, 62.305861633981159 ], [ 9.208566442812023, 62.305249814761318 ], [ 9.209886470099017, 62.304603340044714 ], [ 9.210057673683568, 62.303858167179676 ], [ 9.209932243651688, 62.303465643802411 ], [ 9.209592716521662, 62.303302735152045 ], [ 9.209605074225045, 62.303146430410777 ], [ 9.210601713760514, 62.302379128154897 ], [ 9.212299852780745, 62.301900124943231 ], [ 9.212764694341185, 62.301621655703499 ], [ 9.212930199497743, 62.301318888770929 ], [ 9.213758556375986, 62.300670391140166 ], [ 9.213508347838809, 62.299950827166398 ], [ 9.211615816442848, 62.299934242245342 ], [ 9.211532587491707, 62.299573551550516 ], [ 9.210892028620401, 62.298958211542747 ], [ 9.209816644432822, 62.298666513855345 ], [ 9.209153163253507, 62.298697656495868 ], [ 9.208602153863993, 62.299039938806928 ], [ 9.208556505540381, 62.299299639495864 ], [ 9.205599296379585, 62.300737717827332 ], [ 9.204589874686699, 62.301073956271395 ], [ 9.203835994374677, 62.301132261901209 ], [ 9.202857851801104, 62.301689906690825 ], [ 9.202514311671612, 62.302137895953571 ], [ 9.202620754393958, 62.302644235569616 ], [ 9.202266453413563, 62.303286046871882 ], [ 9.201300766651666, 62.30401696175781 ], [ 9.200166445030309, 62.304526283860966 ], [ 9.199737401336572, 62.305057022755001 ], [ 9.199340709756632, 62.304971906615819 ], [ 9.19901890678619, 62.304550351908318 ], [ 9.197803182469736, 62.304727027738579 ], [ 9.196716991000448, 62.304634813266759 ], [ 9.195954864095157, 62.304937241371796 ], [ 9.197315177500339, 62.305389428253228 ], [ 9.199545233417647, 62.305564998685796 ], [ 9.199546988686732, 62.30569803846582 ], [ 9.199815167278691, 62.305741584074575 ], [ 9.200964113499033, 62.305660401467044 ], [ 9.201263572978929, 62.305458946628981 ], [ 9.201287062556828, 62.305275289632334 ], [ 9.201892971844563, 62.305230607788282 ], [ 9.202264489016457, 62.305405047298883 ], [ 9.202369021698402, 62.30604346266238 ], [ 9.204958609778478, 62.30601423814602 ], [ 9.206471382755845, 62.306208575564256 ], [ 9.205419825403064, 62.306454569899095 ], [ 9.204380952950574, 62.306939291213112 ], [ 9.204492863796666, 62.307122039861532 ], [ 9.205134647159333, 62.307193263918791 ], [ 9.206363702606515, 62.30697683868253 ] ] ] ] } },
{ "type": "Feature", "properties": { "fid": 255921, "navn": "Langvatnet", "hoyde_moh": 1408, "arealInnsjo_km2": 1.3216, "magasinKategori": null, "fid_2": 425, "id": 425, "left": 8.986919847, "top": 62.446110046000001, "right": 9.486919847, "bottom": 61.946110046000001, "row_index": 24, "col_index": 10, "tile_id": 425 }, "geometry": { "type": "MultiPolygon", "coordinates": [ [ [ [ 9.186684806302182, 62.330536059158874 ], [ 9.186657383957154, 62.32997260838993 ], [ 9.186801307102828, 62.329799402205069 ], [ 9.185997224723254, 62.329354895044197 ], [ 9.185717253918106, 62.328547594809699 ], [ 9.185781211458774, 62.328269666728843 ], [ 9.184999216697479, 62.327817345942201 ], [ 9.183769272837431, 62.327677702064499 ], [ 9.181437087106367, 62.326774367264129 ], [ 9.180587460112468, 62.326005797922718 ], [ 9.179290869645214, 62.325382302222287 ], [ 9.179369586639737, 62.3243494935233 ], [ 9.178148576637751, 62.324225474249943 ], [ 9.176440709379301, 62.323641479965914 ], [ 9.17448399681868, 62.32337542221876 ], [ 9.17386565678521, 62.323101318852501 ], [ 9.172018064304496, 62.322717194224538 ], [ 9.164761244131981, 62.319100834384244 ], [ 9.162967237731754, 62.318309837192722 ], [ 9.161853668914777, 62.318036962028224 ], [ 9.161327115085607, 62.317501169519147 ], [ 9.158944710426345, 62.316224918908397 ], [ 9.150029797488429, 62.312729189881438 ], [ 9.149858650145681, 62.312561082430136 ], [ 9.150315205082089, 62.312225912092984 ], [ 9.150161951505291, 62.312088089914361 ], [ 9.14931700909286, 62.312240127632869 ], [ 9.148083003775547, 62.312172804352642 ], [ 9.147503671460585, 62.311900396230342 ], [ 9.14724053760902, 62.311428331889722 ], [ 9.146396823880064, 62.311333092677401 ], [ 9.146201054377624, 62.311026554714473 ], [ 9.145856376966586, 62.310879379466286 ], [ 9.145364647340502, 62.311152729996778 ], [ 9.143052758545311, 62.311370492065258 ], [ 9.142425067051041, 62.310873372977078 ], [ 9.141512824256928, 62.310711104741188 ], [ 9.141375088648228, 62.31038207373696 ], [ 9.140979662503447, 62.310209601915865 ], [ 9.137927185462326, 62.310178986482704 ], [ 9.137376192879918, 62.310478072749007 ], [ 9.137221648655077, 62.310835346135882 ], [ 9.141144178239584, 62.312998393181402 ], [ 9.141394469892035, 62.313242513137411 ], [ 9.141502535640708, 62.3138394787346 ], [ 9.140887043362003, 62.314096149850066 ], [ 9.140676513906811, 62.314393440055838 ], [ 9.139662982457356, 62.314469870920696 ], [ 9.139558136193612, 62.314563839769008 ], [ 9.139658507377744, 62.314675040252673 ], [ 9.139341270969949, 62.314739950085169 ], [ 9.139017957539959, 62.314582407853869 ], [ 9.138919731223721, 62.314259186542117 ], [ 9.138263874947384, 62.314250891413245 ], [ 9.137439085701004, 62.313887209171334 ], [ 9.137178465186169, 62.313924799181358 ], [ 9.137271683845517, 62.313733917592714 ], [ 9.136903314406748, 62.313552586121489 ], [ 9.13532638798972, 62.313793219160928 ], [ 9.135428382245875, 62.314067267032136 ], [ 9.136837744487723, 62.315094011936154 ], [ 9.13819299815661, 62.315755449005458 ], [ 9.138688639663364, 62.31574706377387 ], [ 9.138636091002258, 62.315861520249712 ], [ 9.139254091811182, 62.31600433707608 ], [ 9.13955361069997, 62.316283763049888 ], [ 9.141730237623909, 62.31690345886301 ], [ 9.142849742569979, 62.316397636002755 ], [ 9.14403810796586, 62.317034670730912 ], [ 9.145451327504492, 62.317015604505833 ], [ 9.145589037693943, 62.317229120207067 ], [ 9.144883828340989, 62.317242361337158 ], [ 9.145362051211139, 62.317486918839776 ], [ 9.146061962960966, 62.317337236726921 ], [ 9.146184293561689, 62.317427301817958 ], [ 9.14609692216553, 62.317592416494946 ], [ 9.151251974528355, 62.319091183585037 ], [ 9.153671089333145, 62.319502501134167 ], [ 9.155454499706421, 62.320330179036155 ], [ 9.156789474689516, 62.321155491302676 ], [ 9.16013572528014, 62.322535493125478 ], [ 9.162016002765791, 62.32300551421973 ], [ 9.163322077264777, 62.323655603205019 ], [ 9.16481182714484, 62.324093112627985 ], [ 9.167899267252075, 62.325445805389911 ], [ 9.170941754116431, 62.326213604413006 ], [ 9.175708865112027, 62.327038139199452 ], [ 9.17872075347252, 62.327922405382502 ], [ 9.180823052722319, 62.328287771720916 ], [ 9.181058408884857, 62.328490397359111 ], [ 9.181685382390787, 62.328611150823043 ], [ 9.182224424357685, 62.329096328116421 ], [ 9.181932970876717, 62.329737416665594 ], [ 9.182320628083234, 62.329930406532704 ], [ 9.182275844442836, 62.330287911620069 ], [ 9.182756966168313, 62.330672706635781 ], [ 9.182793233566407, 62.330909826771837 ], [ 9.183831948804848, 62.331587820912794 ], [ 9.18435240927559, 62.331626309090126 ], [ 9.186684806302182, 62.330536059158874 ] ], [ [ 9.142038342629146, 62.316181839418931 ], [ 9.141638491681054, 62.315658068340156 ], [ 9.141953310264245, 62.315611507010594 ], [ 9.142982565628266, 62.316038449137892 ], [ 9.142738512752951, 62.316238893842403 ], [ 9.142038342629146, 62.316181839418931 ] ] ] ] } },
{ "type": "Feature", "properties": { "fid": 255925, "navn": null, "hoyde_moh": 1459, "arealInnsjo_km2": 0.0566, "magasinKategori": null, "fid_2": 425, "id": 425, "left": 8.986919847, "top": 62.446110046000001, "right": 9.486919847, "bottom": 61.946110046000001, "row_index": 24, "col_index": 10, "tile_id": 425 }, "geometry": { "type": "MultiPolygon", "coordinates": [ [ [ [ 9.035399681219628, 62.351968888675309 ], [ 9.035226757914085, 62.351784523053787 ], [ 9.035566806774243, 62.351518854457517 ], [ 9.035412569588145, 62.35142065041093 ], [ 9.035487889974563, 62.35095001045898 ], [ 9.034649263441512, 62.350090524370025 ], [ 9.034940265678271, 62.349895950314988 ], [ 9.034839392905363, 62.349684519619096 ], [ 9.03420524484863, 62.34943862303296 ], [ 9.034324772200618, 62.3489707855001 ], [ 9.035087679597485, 62.348231512134902 ], [ 9.035149803352601, 62.347941915129489 ], [ 9.034683022496347, 62.347128134307347 ], [ 9.034033694636442, 62.346888695333448 ], [ 9.033419672620193, 62.347493276291132 ], [ 9.03255732229689, 62.347909880141046 ], [ 9.033048094767421, 62.348130347742448 ], [ 9.032700250177346, 62.34855873670697 ], [ 9.032818072812743, 62.348835727751911 ], [ 9.032721483658346, 62.349163999246926 ], [ 9.032891396705807, 62.349390558231129 ], [ 9.03193786231193, 62.349324223066056 ], [ 9.031887879414242, 62.349502152202533 ], [ 9.032301276542041, 62.349724063899281 ], [ 9.032461772024018, 62.350267249246315 ], [ 9.032245287825573, 62.350454310737113 ], [ 9.032389172316739, 62.350993359737103 ], [ 9.032590996031919, 62.350876978807797 ], [ 9.032645822403106, 62.350536645543862 ], [ 9.033196407909584, 62.350527111680847 ], [ 9.033371491841825, 62.350687892895941 ], [ 9.033379692810332, 62.351150511053973 ], [ 9.033950412837136, 62.351519467622403 ], [ 9.033989114174032, 62.351904882748904 ], [ 9.035271538105874, 62.352254295936703 ], [ 9.035399681219628, 62.351968888675309 ] ] ] ] } },
{ "type": "Feature", "properties": { "fid": 255927, "navn": "inste Grytholtjørnin", "hoyde_moh": 1423, "arealInnsjo_km2": 0.2092, "magasinKategori": null, "fid_2": 425, "id": 425, "left": 8.986919847, "top": 62.446110046000001, "right": 9.486919847, "bottom": 61.946110046000001, "row_index": 24, "col_index": 10, "tile_id": 425 }, "geometry": { "type": "MultiPolygon", "coordinates": [ [ [ [ 9.125406077744577, 62.375599918768103 ], [ 9.126379594696326, 62.374750445487159 ], [ 9.127057172421035, 62.374425659518714 ], [ 9.126893014454197, 62.37431175503648 ], [ 9.127001368404526, 62.374149872900645 ], [ 9.126707298719314, 62.373997518612533 ], [ 9.126779886458269, 62.373802521915799 ], [ 9.125980505755075, 62.373575480072724 ], [ 9.125545007271468, 62.373143170784282 ], [ 9.126081401924111, 62.372862921247439 ], [ 9.125966626243921, 62.372734539823128 ], [ 9.126075217734709, 62.372584282533836 ], [ 9.127038666482161, 62.372354517396985 ], [ 9.127235926370767, 62.372052708174479 ], [ 9.127226226178884, 62.371719812257268 ], [ 9.128243169125941, 62.371229052771078 ], [ 9.128306901663466, 62.371018825943629 ], [ 9.128104239320024, 62.370853235826594 ], [ 9.128389540400937, 62.370738904740413 ], [ 9.125611751479585, 62.369823387596135 ], [ 9.124006664264796, 62.36999319917463 ], [ 9.1221892314123, 62.369812867758043 ], [ 9.121967151624277, 62.369657518742123 ], [ 9.119790447427842, 62.370007528289371 ], [ 9.119380925141, 62.370522081973775 ], [ 9.117195104741304, 62.371376567735517 ], [ 9.117452955129613, 62.371614200038117 ], [ 9.117146823379027, 62.371942713923097 ], [ 9.117976510655296, 62.372452985284433 ], [ 9.120476846906225, 62.372980926847099 ], [ 9.121295926062659, 62.373407446838698 ], [ 9.122586460652448, 62.373688271539656 ], [ 9.123580913037069, 62.374502497410205 ], [ 9.123388743582927, 62.375054536393328 ], [ 9.124821559306605, 62.375401143355454 ], [ 9.124857014518559, 62.375831824372142 ], [ 9.125406077744577, 62.375599918768103 ] ] ] ] } },
{ "type": "Feature", "properties": { "fid": 255928, "navn": null, "hoyde_moh": 1435, "arealInnsjo_km2": 0.0208, "magasinKategori": null, "fid_2": 425, "id": 425, "left": 8.986919847, "top": 62.446110046000001, "right": 9.486919847, "bottom": 61.946110046000001, "row_index": 24, "col_index": 10, "tile_id": 425 }, "geometry": { "type": "MultiPolygon", "coordinates": [ [ [ [ 9.104990948793438, 62.37552982606816 ], [ 9.106053754851017, 62.375558943358932 ], [ 9.106721288625042, 62.375233282625338 ], [ 9.106779280314699, 62.375001839241477 ], [ 9.106476860778489, 62.374792903826609 ], [ 9.106620895972485, 62.374394321778389 ], [ 9.105195612578246, 62.374125807513281 ], [ 9.104392335692086, 62.374393564372603 ], [ 9.103793641414748, 62.374839182474908 ], [ 9.10370933153135, 62.375156839506552 ], [ 9.103477105332965, 62.375232323951785 ], [ 9.103723556700182, 62.375602209061867 ], [ 9.104307266993986, 62.375691292615748 ], [ 9.104990948793438, 62.37552982606816 ] ] ] ] } },
{ "type": "Feature", "properties": { "fid": 255929, "navn": "Istjønna", "hoyde_moh": 1543, "arealInnsjo_km2": 1.1881, "magasinKategori": null, "fid_2": 425, "id": 425, "left": 8.986919847, "top": 62.446110046000001, "right": 9.486919847, "bottom": 61.946110046000001, "row_index": 24, "col_index": 10, "tile_id": 425 }, "geometry": { "type": "MultiPolygon", "coordinates": [ [ [ [ 9.041606704294047, 62.401972032593797 ], [ 9.041451123387214, 62.401839301260615 ], [ 9.04173740349367, 62.401423539509821 ], [ 9.042440421884045, 62.401013233519322 ], [ 9.042796066983188, 62.400989325597166 ], [ 9.042991486919059, 62.401268817620995 ], [ 9.043527687049156, 62.401262107985076 ], [ 9.044946475585993, 62.400493976059039 ], [ 9.046744227970057, 62.399913695115146 ], [ 9.046754910042155, 62.399671048425532 ], [ 9.047712860103506, 62.399105528309043 ], [ 9.047770672732693, 62.398766490032145 ], [ 9.048288498794809, 62.398376221495276 ], [ 9.049634419711898, 62.398144346729978 ], [ 9.050075282416444, 62.397841262765425 ], [ 9.050135925934983, 62.397324069590624 ], [ 9.051003930340862, 62.39623767607074 ], [ 9.050876532081004, 62.395661013519586 ], [ 9.049931163775355, 62.395524699224623 ], [ 9.049937269928725, 62.395338041048909 ], [ 9.05032115076742, 62.395221596246408 ], [ 9.050443669636582, 62.395368387220344 ], [ 9.050981435973899, 62.395403947244439 ], [ 9.051546572754585, 62.395143011176167 ], [ 9.051064605444548, 62.395040604730838 ], [ 9.050388576848091, 62.394622488859248 ], [ 9.050372113602226, 62.394379579928241 ], [ 9.050814694870608, 62.39367751909306 ], [ 9.05069637460644, 62.393019219983309 ], [ 9.052180404058468, 62.391466623515157 ], [ 9.0531665009447, 62.390123633107002 ], [ 9.052821017338934, 62.389737244407485 ], [ 9.05284164149487, 62.389531130196048 ], [ 9.05237724402798, 62.389168187411848 ], [ 9.052831972576076, 62.388588736327826 ], [ 9.05256038244705, 62.388534151733914 ], [ 9.052803159485594, 62.388200067475751 ], [ 9.052563616754993, 62.387601044145214 ], [ 9.052753903468609, 62.387179715054152 ], [ 9.05261888479399, 62.387020774925659 ], [ 9.052698256661349, 62.386630438705296 ], [ 9.052428982194879, 62.386427749581443 ], [ 9.052017149337576, 62.386279636678772 ], [ 9.05041740311807, 62.386372512887064 ], [ 9.049211714657819, 62.386822611530761 ], [ 9.047846424964728, 62.387003304174847 ], [ 9.043062842488618, 62.387238291589306 ], [ 9.041607150843706, 62.387155821786131 ], [ 9.041173275151243, 62.387386244684414 ], [ 9.039489952964752, 62.387576704149026 ], [ 9.035997316568681, 62.388843814268171 ], [ 9.035347106929029, 62.389289935451309 ], [ 9.035294415744577, 62.38952879798785 ], [ 9.035587861129899, 62.389641981673691 ], [ 9.035233969765374, 62.389808475514947 ], [ 9.03553395977935, 62.390406264684003 ], [ 9.035359035444962, 62.391152832115928 ], [ 9.035481418422052, 62.391459363940903 ], [ 9.035312699768641, 62.391657405319009 ], [ 9.035540571919642, 62.392158723805593 ], [ 9.035169320459399, 62.392465564997032 ], [ 9.035587652755087, 62.393251218969333 ], [ 9.036259174538131, 62.394028299376828 ], [ 9.03657548020648, 62.395117501783162 ], [ 9.036349039486561, 62.395586336023399 ], [ 9.035320498918725, 62.396249322543703 ], [ 9.035190485938928, 62.396528442735331 ], [ 9.034883621265513, 62.396606648742114 ], [ 9.034681198158815, 62.397093981123902 ], [ 9.034833499662511, 62.397330396857257 ], [ 9.035301517374672, 62.397453060194835 ], [ 9.035308797287012, 62.397588702856204 ], [ 9.036149349699073, 62.397839016760315 ], [ 9.036220060433015, 62.398123608526184 ], [ 9.038311830715527, 62.397858598355747 ], [ 9.039240749110078, 62.398117458973168 ], [ 9.038477064713975, 62.398499301755933 ], [ 9.038446624934208, 62.398659705773824 ], [ 9.037536892165399, 62.398911648625408 ], [ 9.036860000899583, 62.399369873097271 ], [ 9.033904527647008, 62.40036597555364 ], [ 9.033862348924293, 62.400662825812049 ], [ 9.035558275405661, 62.400636824405417 ], [ 9.036784131544739, 62.400379471343825 ], [ 9.035511999045124, 62.401289786282 ], [ 9.035363380081943, 62.4017300897277 ], [ 9.036446838534125, 62.401868558506287 ], [ 9.039583601986918, 62.401540171540248 ], [ 9.039623051850228, 62.401657655729387 ], [ 9.039316582301705, 62.401836824050875 ], [ 9.03864070136374, 62.402008595987311 ], [ 9.040851385912184, 62.402270693092042 ], [ 9.041606704294047, 62.401972032593797 ] ], [ [ 9.043526455431802, 62.400332491659647 ], [ 9.043895327830407, 62.399919819803152 ], [ 9.043825016079492, 62.399702960846383 ], [ 9.043961114846327, 62.399510803301276 ], [ 9.044621661895098, 62.399246060502136 ], [ 9.044915521446814, 62.399710390050437 ], [ 9.044667197465181, 62.400168752193359 ], [ 9.044799614183534, 62.400340823679066 ], [ 9.044419603493527, 62.400604905811321 ], [ 9.043526455431802, 62.400332491659647 ] ], [ [ 9.040319143491491, 62.40119564957682 ], [ 9.04085149130445, 62.400943517811349 ], [ 9.040671748794132, 62.401130558561981 ], [ 9.040319143491491, 62.40119564957682 ] ] ] ] } },
{ "type": "Feature", "properties": { "fid": 255930, "navn": null, "hoyde_moh": 1720, "arealInnsjo_km2": 0.0092, "magasinKategori": null, "fid_2": 425, "id": 425, "left": 8.986919847, "top": 62.446110046000001, "right": 9.486919847, "bottom": 61.946110046000001, "row_index": 24, "col_index": 10, "tile_id": 425 }, "geometry": { "type": "MultiPolygon", "coordinates": [ [ [ [ 9.072745878438248, 62.403865477895465 ], [ 9.07507530747748, 62.403282773630082 ], [ 9.074127164196224, 62.40291998566785 ], [ 9.073003041400248, 62.403028762454319 ], [ 9.072080670539064, 62.403616403362264 ], [ 9.07209898725997, 62.403927180616925 ], [ 9.072745878438248, 62.403865477895465 ] ] ] ] } },
{ "type": "Feature", "properties": { "fid": 255931, "navn": null, "hoyde_moh": 1608, "arealInnsjo_km2": 0.0202, "magasinKategori": null, "fid_2": 425, "id": 425, "left": 8.986919847, "top": 62.446110046000001, "right": 9.486919847, "bottom": 61.946110046000001, "row_index": 24, "col_index": 10, "tile_id": 425 }, "geometry": { "type": "MultiPolygon", "coordinates": [ [ [ [ 9.10111099072744, 62.405292689216694 ], [ 9.102296606346588, 62.404935012982484 ], [ 9.102377654878527, 62.404758387821211 ], [ 9.10134169043395, 62.404305815662113 ], [ 9.101259291211431, 62.403894373047287 ], [ 9.10077827139607, 62.403874209972187 ], [ 9.098563795416675, 62.404987024588614 ], [ 9.098499258825157, 62.405281394044572 ], [ 9.099194755257901, 62.405508032025381 ], [ 9.10111099072744, 62.405292689216694 ] ] ] ] } },
{ "type": "Feature", "properties": { "fid": 255933, "navn": null, "hoyde_moh": 1476, "arealInnsjo_km2": 0.0832, "magasinKategori": null, "fid_2": 425, "id": 425, "left": 8.986919847, "top": 62.446110046000001, "right": 9.486919847, "bottom": 61.946110046000001, "row_index": 24, "col_index": 10, "tile_id": 425 }, "geometry": { "type": "MultiPolygon", "coordinates": [ [ [ [ 9.177112073285731, 62.408776371491626 ], [ 9.178117708833451, 62.408447436661945 ], [ 9.179503676998728, 62.408243365730797 ], [ 9.180960079060808, 62.408369207904258 ], [ 9.181774536768772, 62.408656030497703 ], [ 9.181890379139375, 62.408617310213998 ], [ 9.181794940175026, 62.408476472607944 ], [ 9.182031570385547, 62.408367639915824 ], [ 9.181898898025702, 62.408219661151804 ], [ 9.182527337758081, 62.407940615046407 ], [ 9.182153740871554, 62.40785177562649 ], [ 9.182185699413473, 62.407610853780056 ], [ 9.181670038448068, 62.407398397953983 ], [ 9.180248128107364, 62.407420570043243 ], [ 9.180366552189435, 62.407306787286181 ], [ 9.180099003113249, 62.407274420518341 ], [ 9.179963991271453, 62.406962133294869 ], [ 9.179114558557812, 62.406701740554013 ], [ 9.181191289159896, 62.406367436992802 ], [ 9.181656525202884, 62.406126031225639 ], [ 9.181505175680229, 62.406061083740134 ], [ 9.175847577166452, 62.406595302506211 ], [ 9.173462842895685, 62.407327310982694 ], [ 9.173953706766049, 62.407994205304284 ], [ 9.174222836998794, 62.408050327327864 ], [ 9.174392826049093, 62.408359137367356 ], [ 9.174819629104338, 62.408634964750071 ], [ 9.177112073285731, 62.408776371491626 ] ], [ [ 9.180674715377803, 62.407615975622853 ], [ 9.180832343205509, 62.407574955817374 ], [ 9.18094951905948, 62.407597150058415 ], [ 9.180873505340751, 62.407715410897282 ], [ 9.181227835976676, 62.407782560711425 ], [ 9.181129950325337, 62.407889552362704 ], [ 9.180742740751327, 62.407784924258948 ], [ 9.180674715377803, 62.407615975622853 ] ] ] ] } },
{ "type": "Feature", "properties": { "fid": 255937, "navn": null, "hoyde_moh": 1449, "arealInnsjo_km2": 0.0735, "magasinKategori": null, "fid_2": 425, "id": 425, "left": 8.986919847, "top": 62.446110046000001, "right": 9.486919847, "bottom": 61.946110046000001, "row_index": 24, "col_index": 10, "tile_id": 425 }, "geometry": { "type": "MultiPolygon", "coordinates": [ [ [ [ 8.9889745426687, 62.443981839620925 ], [ 8.988988785465125, 62.443148195256157 ], [ 8.988210263880275, 62.44243513722612 ], [ 8.987431037147745, 62.442104732014606 ], [ 8.986919847, 62.442254806892763 ], [ 8.986919847, 62.445376958183402 ], [ 8.9889745426687, 62.443981839620925 ] ] ] ] } },
{ "type": "Feature", "properties": { "fid": 255943, "navn": null, "hoyde_moh": 1550, "arealInnsjo_km2": 0.0897, "magasinKategori": null, "fid_2": 425, "id": 425, "left": 8.986919847, "top": 62.446110046000001, "right": 9.486919847, "bottom": 61.946110046000001, "row_index": 24, "col_index": 10, "tile_id": 425 }, "geometry": { "type": "MultiPolygon", "coordinates": [ [ [ [ 9.109476274924015, 62.260224243862673 ], [ 9.109559720695534, 62.259823908534003 ], [ 9.109748535908782, 62.259687262668137 ], [ 9.111546234486335, 62.259397695471655 ], [ 9.111744477474248, 62.258927787540479 ], [ 9.112579654562388, 62.258482638308074 ], [ 9.112483924584035, 62.258288956934855 ], [ 9.113883571287742, 62.258175456225459 ], [ 9.11479405839253, 62.257705408510475 ], [ 9.115045976361905, 62.257386243811524 ], [ 9.115697089224719, 62.257170665555975 ], [ 9.115710554377593, 62.256922208946044 ], [ 9.113551523130043, 62.255958688213632 ], [ 9.112795037282924, 62.255461667197373 ], [ 9.112034576003014, 62.25532046094596 ], [ 9.111935573778098, 62.255883363486348 ], [ 9.111019653532656, 62.256348659185917 ], [ 9.110958892791153, 62.257092894421817 ], [ 9.110698390278214, 62.257362979885087 ], [ 9.110672483350948, 62.257635306641134 ], [ 9.110262543413091, 62.257916948013147 ], [ 9.110356494659067, 62.258074272502519 ], [ 9.109253244167903, 62.258210709204981 ], [ 9.108672051914734, 62.258499821780703 ], [ 9.108572952516154, 62.258656671645859 ], [ 9.108936816551322, 62.258939649847065 ], [ 9.108603264001728, 62.259072743699534 ], [ 9.108501853368319, 62.259357702056143 ], [ 9.107713881138006, 62.259660066156911 ], [ 9.107693219920781, 62.259782261518716 ], [ 9.108209981392863, 62.260088317603739 ], [ 9.109083661092502, 62.260373822198211 ], [ 9.109476274924015, 62.260224243862673 ] ] ] ] } },
{ "type": "Feature", "properties": { "fid": 255944, "navn": null, "hoyde_moh": 1619, "arealInnsjo_km2": 0.1164, "magasinKategori": null, "fid_2": 425, "id": 425, "left": 8.986919847, "top": 62.446110046000001, "right": 9.486919847, "bottom": 61.946110046000001, "row_index": 24, "col_index": 10, "tile_id": 425 }, "geometry": { "type": "MultiPolygon", "coordinates": [ [ [ [ 9.207411468441171, 62.264106093472137 ], [ 9.208501279377835, 62.263566362159146 ], [ 9.209748523719943, 62.262492707527542 ], [ 9.209672012643779, 62.262343398395053 ], [ 9.210053076468631, 62.262272196549944 ], [ 9.210075195090566, 62.262068048023977 ], [ 9.209638728904878, 62.26175496177504 ], [ 9.209210058820386, 62.261777538287326 ], [ 9.208850495240466, 62.261578665870154 ], [ 9.207468507613529, 62.261338536773273 ], [ 9.203078627385672, 62.261216860578322 ], [ 9.202212633890012, 62.261472175858096 ], [ 9.201907795547994, 62.262423116687458 ], [ 9.202052013677642, 62.262847141013651 ], [ 9.202537556845803, 62.263337135924196 ], [ 9.202579519667005, 62.263739591656041 ], [ 9.203564176210994, 62.264400016403876 ], [ 9.204589018872426, 62.264540515685574 ], [ 9.207411468441171, 62.264106093472137 ] ] ] ] } },
{ "type": "Feature", "properties": { "fid": 255946, "navn": "Kjelsungvatnet, in", "hoyde_moh": 1327, "arealInnsjo_km2": 0.1511, "magasinKategori": null, "fid_2": 425, "id": 425, "left": 8.986919847, "top": 62.446110046000001, "right": 9.486919847, "bottom": 61.946110046000001, "row_index": 24, "col_index": 10, "tile_id": 425 }, "geometry": { "type": "MultiPolygon", "coordinates": [ [ [ [ 9.137384340699924, 62.261671210988517 ], [ 9.137038677513823, 62.261573740084167 ], [ 9.137218222127384, 62.261457284400677 ], [ 9.137125064544501, 62.261381313775864 ], [ 9.138451019715093, 62.260869118541905 ], [ 9.138553665107867, 62.260545666189529 ], [ 9.139332455779558, 62.260058904913144 ], [ 9.139893131715134, 62.259248249253517 ], [ 9.140667619752511, 62.258574127696072 ], [ 9.14066060088888, 62.258067952233198 ], [ 9.140211850567763, 62.257669114545273 ], [ 9.140411069759894, 62.257444552654789 ], [ 9.14039694075305, 62.257089866504408 ], [ 9.137860289506564, 62.256944259040168 ], [ 9.137193097725602, 62.256740974812899 ], [ 9.135610885046871, 62.256953836069187 ], [ 9.134207158536407, 62.257347554596386 ], [ 9.13388298486605, 62.258057028577582 ], [ 9.132565790826272, 62.258899692589154 ], [ 9.132495686378725, 62.259225332282057 ], [ 9.132904028253636, 62.259577468985178 ], [ 9.132919247998522, 62.259783564204767 ], [ 9.132677387003705, 62.259924381702248 ], [ 9.13290506611367, 62.260266067495785 ], [ 9.133723110751022, 62.260244837002112 ], [ 9.135375460606923, 62.260577487258367 ], [ 9.135596330875808, 62.260795807414944 ], [ 9.136192041391414, 62.260965908088174 ], [ 9.135886587131465, 62.261190195632324 ], [ 9.135458352739537, 62.261116050759661 ], [ 9.135424026827067, 62.26134156289654 ], [ 9.134987464928649, 62.261381402412461 ], [ 9.13506283612899, 62.261460402172609 ], [ 9.137384340699924, 62.261671210988517 ] ] ] ] } },
{ "type": "Feature", "properties": { "fid": 255947, "navn": null, "hoyde_moh": 1410, "arealInnsjo_km2": 0.0079, "magasinKategori": null, "fid_2": 425, "id": 425, "left": 8.986919847, "top": 62.446110046000001, "right": 9.486919847, "bottom": 61.946110046000001, "row_index": 24, "col_index": 10, "tile_id": 425 }, "geometry": { "type": "MultiPolygon", "coordinates": [ [ [ [ 9.099537735812342, 62.282598379598575 ], [ 9.099743510586359, 62.282304545096835 ], [ 9.09888451505965, 62.281862785330233 ], [ 9.097796926895578, 62.281812376146092 ], [ 9.097764411910035, 62.282173646721404 ], [ 9.098062163615705, 62.282353261833549 ], [ 9.097710797460726, 62.282463251218296 ], [ 9.098423977402918, 62.282727288814961 ], [ 9.099537735812342, 62.282598379598575 ] ] ] ] } },
{ "type": "Feature", "properties": { "fid": 255952, "navn": null, "hoyde_moh": 1411, "arealInnsjo_km2": 0.007, "magasinKategori": null, "fid_2": 425, "id": 425, "left": 8.986919847, "top": 62.446110046000001, "right": 9.486919847, "bottom": 61.946110046000001, "row_index": 24, "col_index": 10, "tile_id": 425 }, "geometry": { "type": "MultiPolygon", "coordinates": [ [ [ [ 9.102847735954324, 62.304130083634519 ], [ 9.102683144445658, 62.304052220763467 ], [ 9.101780763500688, 62.30392440024994 ], [ 9.100410050466813, 62.30344944729358 ], [ 9.09982004582471, 62.303477259347126 ], [ 9.101250860294414, 62.304313651531764 ], [ 9.102811883952002, 62.304425757941011 ], [ 9.102847735954324, 62.304130083634519 ] ] ] ] } },
{ "type": "Feature", "properties": { "fid": 255953, "navn": null, "hoyde_moh": 1324, "arealInnsjo_km2": 0.0035, "magasinKategori": null, "fid_2": 425, "id": 425, "left": 8.986919847, "top": 62.446110046000001, "right": 9.486919847, "bottom": 61.946110046000001, "row_index": 24, "col_index": 10, "tile_id": 425 }, "geometry": { "type": "MultiPolygon", "coordinates": [ [ [ [ 9.034245321988889, 62.326334399002349 ], [ 9.033776419065939, 62.326045625537603 ], [ 9.034008882358791, 62.325820088002615 ], [ 9.033565874669449, 62.325510188340282 ], [ 9.033450848199804, 62.325818755540105 ], [ 9.033107476479488, 62.326083096753983 ], [ 9.033177901131618, 62.326472400247027 ], [ 9.034245321988889, 62.326334399002349 ] ] ] ] } },
{ "type": "Feature", "properties": { "fid": 255957, "navn": null, "hoyde_moh": 1374, "arealInnsjo_km2": 0.0453, "magasinKategori": null, "fid_2": 425, "id": 425, "left": 8.986919847, "top": 62.446110046000001, "right": 9.486919847, "bottom": 61.946110046000001, "row_index": 24, "col_index": 10, "tile_id": 425 }, "geometry": { "type": "MultiPolygon", "coordinates": [ [ [ [ 9.082243784971677, 62.329032453726498 ], [ 9.082404720072685, 62.328796769050854 ], [ 9.082365850172394, 62.328335569016076 ], [ 9.08208052669309, 62.328203010217528 ], [ 9.081905133087613, 62.327774426039539 ], [ 9.081190205832, 62.327343961708905 ], [ 9.079677379424835, 62.327044719754326 ], [ 9.077765585571559, 62.326187929039556 ], [ 9.077910980877835, 62.326624962724516 ], [ 9.077707897743611, 62.327148397212895 ], [ 9.078872217887811, 62.32877214505644 ], [ 9.079409104701277, 62.328978751145883 ], [ 9.081724299139259, 62.329179901316401 ], [ 9.082243784971677, 62.329032453726498 ] ] ] ] } },
{ "type": "Feature", "properties": { "fid": 255958, "navn": null, "hoyde_moh": 1388, "arealInnsjo_km2": 0.0026, "magasinKategori": null, "fid_2": 425, "id": 425, "left": 8.986919847, "top": 62.446110046000001, "right": 9.486919847, "bottom": 61.946110046000001, "row_index": 24, "col_index": 10, "tile_id": 425 }, "geometry": { "type": "MultiPolygon", "coordinates": [ [ [ [ 9.086552910361638, 62.329025209350114 ], [ 9.086383359397763, 62.328867977650525 ], [ 9.085197288500531, 62.328678177226372 ], [ 9.085727112802825, 62.329219116518317 ], [ 9.086245845836331, 62.329418887474283 ], [ 9.086552910361638, 62.329025209350114 ] ] ] ] } },
{ "type": "Feature", "properties": { "fid": 255959, "navn": null, "hoyde_moh": 1374, "arealInnsjo_km2": 0.0325, "magasinKategori": null, "fid_2": 425, "id": 425, "left": 8.986919847, "top": 62.446110046000001, "right": 9.486919847, "bottom": 61.946110046000001, "row_index": 24, "col_index": 10, "tile_id": 425 }, "geometry": { "type": "MultiPolygon", "coordinates": [ [ [ [ 9.075601379885455, 62.329717768527814 ], [ 9.075799483090023, 62.329339350661712 ], [ 9.076346547663128, 62.329114231407537 ], [ 9.07549019659224, 62.328302422058314 ], [ 9.07550975291954, 62.327812561609548 ], [ 9.073714407645374, 62.32715633881989 ], [ 9.072642071748145, 62.32713218400783 ], [ 9.0730648336, 62.327686608438746 ], [ 9.072951649416671, 62.328185701520837 ], [ 9.073046788273007, 62.328407567419355 ], [ 9.073700739984464, 62.328815031438175 ], [ 9.074048348614205, 62.329684246107227 ], [ 9.075167521433736, 62.329830407196319 ], [ 9.075601379885455, 62.329717768527814 ] ] ] ] } },
{ "type": "Feature", "properties": { "fid": 255961, "navn": null, "hoyde_moh": 1460, "arealInnsjo_km2": 0.0379, "magasinKategori": null, "fid_2": 425, "id": 425, "left": 8.986919847, "top": 62.446110046000001, "right": 9.486919847, "bottom": 61.946110046000001, "row_index": 24, "col_index": 10, "tile_id": 425 }, "geometry": { "type": "MultiPolygon", "coordinates": [ [ [ [ 9.029133037467794, 62.351791243929419 ], [ 9.029582736998689, 62.350699777128987 ], [ 9.029889906073842, 62.350394168458699 ], [ 9.030385746501148, 62.34852655901804 ], [ 9.029947036768457, 62.348542607903006 ], [ 9.029762139588824, 62.348825837960057 ], [ 9.028905238759606, 62.349303073605242 ], [ 9.02868682153918, 62.34974756240824 ], [ 9.027961324878842, 62.349660765502264 ], [ 9.02761614264919, 62.349895582012223 ], [ 9.027378425487591, 62.350333745817714 ], [ 9.027522691299941, 62.350515808308458 ], [ 9.026975307679916, 62.350768657223796 ], [ 9.026642302569543, 62.351130773635106 ], [ 9.026843604613912, 62.35136589640522 ], [ 9.027446374707122, 62.351241489781323 ], [ 9.027289608060352, 62.351960555116293 ], [ 9.027515551458983, 62.352246080041112 ], [ 9.027974597640151, 62.352345984620243 ], [ 9.029133037467794, 62.351791243929419 ] ] ] ] } },
{ "type": "Feature", "properties": { "fid": 255963, "navn": null, "hoyde_moh": 1506, "arealInnsjo_km2": 0.0739, "magasinKategori": null, "fid_2": 425, "id": 425, "left": 8.986919847, "top": 62.446110046000001, "right": 9.486919847, "bottom": 61.946110046000001, "row_index": 24, "col_index": 10, "tile_id": 425 }, "geometry": { "type": "MultiPolygon", "coordinates": [ [ [ [ 9.097776287133552, 62.354368051722389 ], [ 9.098237748798116, 62.353868912315662 ], [ 9.098128347675607, 62.35319800604622 ], [ 9.094444694113243, 62.352382878104969 ], [ 9.092661195611317, 62.352568925640803 ], [ 9.091879859646051, 62.352894791970996 ], [ 9.09188025098476, 62.353612743880845 ], [ 9.092069733768888, 62.353848512433544 ], [ 9.093643662376214, 62.354854243940217 ], [ 9.095717936977644, 62.355371840147583 ], [ 9.097776287133552, 62.354368051722389 ] ] ] ] } },
{ "type": "Feature", "properties": { "fid": 255964, "navn": null, "hoyde_moh": 1421, "arealInnsjo_km2": 0.0975, "magasinKategori": null, "fid_2": 425, "id": 425, "left": 8.986919847, "top": 62.446110046000001, "right": 9.486919847, "bottom": 61.946110046000001, "row_index": 24, "col_index": 10, "tile_id": 425 }, "geometry": { "type": "MultiPolygon", "coordinates": [ [ [ [ 9.074939167053778, 62.354354760212772 ], [ 9.074818873400336, 62.353894308679592 ], [ 9.07496581989202, 62.353629487588648 ], [ 9.075388396817594, 62.35341110473955 ], [ 9.075130998870687, 62.353373368474323 ], [ 9.075526072032067, 62.352914944792289 ], [ 9.075141568520008, 62.35273915568542 ], [ 9.075166180623459, 62.35245020090472 ], [ 9.074600653781472, 62.352027000444437 ], [ 9.074615923984323, 62.351419999037567 ], [ 9.074213816067292, 62.350699726057535 ], [ 9.073402538959876, 62.349842487930346 ], [ 9.072603562480094, 62.34980834111785 ], [ 9.072040881693972, 62.350128859527345 ], [ 9.071919303644901, 62.350065769245482 ], [ 9.071992025204286, 62.349731601527459 ], [ 9.072555773580152, 62.349352785630792 ], [ 9.072462790502255, 62.348987585585959 ], [ 9.072609991402032, 62.348917256412136 ], [ 9.072414398853715, 62.348761236677021 ], [ 9.071141507914287, 62.348501449711314 ], [ 9.070909027432627, 62.348290098672528 ], [ 9.070499616504629, 62.348377576265975 ], [ 9.069701977826938, 62.348245868948474 ], [ 9.069718140667975, 62.348391248917792 ], [ 9.070116913502389, 62.348529760572475 ], [ 9.070173317949862, 62.348862336430798 ], [ 9.06998440682019, 62.349021006211416 ], [ 9.070166127291166, 62.349121784376777 ], [ 9.070161299916437, 62.34939375842179 ], [ 9.071459788460693, 62.350939737590465 ], [ 9.071442400277279, 62.351209643759645 ], [ 9.071745724530304, 62.351425371915973 ], [ 9.071534113759464, 62.351767198213878 ], [ 9.07167017644597, 62.351952907127234 ], [ 9.071498252870777, 62.352330103571077 ], [ 9.071827738186293, 62.352873781556553 ], [ 9.071850490222641, 62.353305037944196 ], [ 9.072155224050469, 62.353625356916993 ], [ 9.0720350702681, 62.353842791345876 ], [ 9.072153410062596, 62.354091667719793 ], [ 9.072432223261938, 62.35429239008338 ], [ 9.072885673528154, 62.354323473474402 ], [ 9.073998662686019, 62.354161787757029 ], [ 9.073964066997451, 62.354354247552067 ], [ 9.073713964465044, 62.354489149868563 ], [ 9.073780893241787, 62.354690449396728 ], [ 9.074269481235017, 62.354808383649605 ], [ 9.074939167053778, 62.354354760212772 ] ], [ [ 9.071724365044716, 62.350882349750044 ], [ 9.072088299942738, 62.350805528860462 ], [ 9.072033437742316, 62.351066090020133 ], [ 9.071718462380304, 62.351072704483016 ], [ 9.071724365044716, 62.350882349750044 ] ] ] ] } },
{ "type": "Feature", "properties": { "fid": 255965, "navn": null, "hoyde_moh": 1298, "arealInnsjo_km2": 0.0074, "magasinKategori": null, "fid_2": 425, "id": 425, "left": 8.986919847, "top": 62.446110046000001, "right": 9.486919847, "bottom": 61.946110046000001, "row_index": 24, "col_index": 10, "tile_id": 425 }, "geometry": { "type": "MultiPolygon", "coordinates": [ [ [ [ 9.204949139644956, 62.360243812193943 ], [ 9.204900783816056, 62.360011060622256 ], [ 9.203979329710947, 62.359526858497595 ], [ 9.202682399660532, 62.359749224689608 ], [ 9.203183293721169, 62.360171662578423 ], [ 9.204621831740814, 62.360406137442787 ], [ 9.204949139644956, 62.360243812193943 ] ] ] ] } },
{ "type": "Feature", "properties": { "fid": 255968, "navn": null, "hoyde_moh": 1484, "arealInnsjo_km2": 0.0481, "magasinKategori": null, "fid_2": 425, "id": 425, "left": 8.986919847, "top": 62.446110046000001, "right": 9.486919847, "bottom": 61.946110046000001, "row_index": 24, "col_index": 10, "tile_id": 425 }, "geometry": { "type": "MultiPolygon", "coordinates": [ [ [ [ 8.989079256220176, 62.371281947723901 ], [ 8.989152514820102, 62.371627649748142 ], [ 8.989979927822505, 62.371524916453723 ], [ 8.990451921526619, 62.370963676983536 ], [ 8.992315590571437, 62.37016096958564 ], [ 8.992299040936137, 62.369833933879477 ], [ 8.991804837488884, 62.369536547657113 ], [ 8.992481588298238, 62.369123558700245 ], [ 8.992582082913634, 62.368721452364895 ], [ 8.991385792286813, 62.368425535588074 ], [ 8.989591258962772, 62.369004131736837 ], [ 8.989504431601901, 62.369270412429408 ], [ 8.988938837600983, 62.369753306447798 ], [ 8.988924229002475, 62.370058643714373 ], [ 8.987326915406564, 62.370360319328782 ], [ 8.987327603787719, 62.370552773964747 ], [ 8.9880979052529, 62.370686915213177 ], [ 8.987657579191305, 62.370879978320033 ], [ 8.987852553884657, 62.370925705940188 ], [ 8.987723882526709, 62.371051774776319 ], [ 8.987886156428921, 62.371145429492536 ], [ 8.987627176513712, 62.371474214017908 ], [ 8.988257064482193, 62.371413715937813 ], [ 8.988359072259396, 62.371607589137355 ], [ 8.988705822104267, 62.371617841055503 ], [ 8.989079256220176, 62.371281947723901 ] ], [ [ 8.989788520322298, 62.369670720206983 ], [ 8.990348154576314, 62.369417267471363 ], [ 8.991356949684636, 62.369317522633985 ], [ 8.990725847558478, 62.369733834662746 ], [ 8.989898719359097, 62.369811280706969 ], [ 8.989788520322298, 62.369670720206983 ] ], [ [ 8.988719755678259, 62.371027304384299 ], [ 8.988562954636766, 62.370874548683908 ], [ 8.989071302429618, 62.370766550314052 ], [ 8.988876316464857, 62.37104903511316 ], [ 8.988719755678259, 62.371027304384299 ] ] ] ] } },
{ "type": "Feature", "properties": { "fid": 255972, "navn": null, "hoyde_moh": 1548, "arealInnsjo_km2": 0.0015, "magasinKategori": null, "fid_2": 425, "id": 425, "left": 8.986919847, "top": 62.446110046000001, "right": 9.486919847, "bottom": 61.946110046000001, "row_index": 24, "col_index": 10, "tile_id": 425 }, "geometry": { "type": "MultiPolygon", "coordinates": [ [ [ [ 9.030854870615698, 62.403335796997801 ], [ 9.030844046913455, 62.402970218368104 ], [ 9.030479143357478, 62.402977131230742 ], [ 9.030308607124294, 62.403184725793601 ], [ 9.030263727045073, 62.403388988648018 ], [ 9.030567983582545, 62.403504985154989 ], [ 9.030854870615698, 62.403335796997801 ] ] ] ] } },
{ "type": "Feature", "properties": { "fid": 255973, "navn": null, "hoyde_moh": 1480, "arealInnsjo_km2": 0.0039, "magasinKategori": null, "fid_2": 425, "id": 425, "left": 8.986919847, "top": 62.446110046000001, "right": 9.486919847, "bottom": 61.946110046000001, "row_index": 24, "col_index": 10, "tile_id": 425 }, "geometry": { "type": "MultiPolygon", "coordinates": [ [ [ [ 9.176233578037861, 62.409854071314136 ], [ 9.176022713067297, 62.409641319537087 ], [ 9.176193594392743, 62.409573221977503 ], [ 9.176141783867513, 62.409439700637982 ], [ 9.176445149559328, 62.409450709448876 ], [ 9.176272312987065, 62.4093147247237 ], [ 9.176595025767659, 62.409112911053043 ], [ 9.176151680105111, 62.40896666492435 ], [ 9.175526205477047, 62.40918026945662 ], [ 9.175332368835223, 62.409516493717497 ], [ 9.175542122911423, 62.409645295160061 ], [ 9.175370183787249, 62.409773575557885 ], [ 9.176233578037861, 62.409854071314136 ] ] ] ] } },
{ "type": "Feature", "properties": { "fid": 255974, "navn": null, "hoyde_moh": 1489, "arealInnsjo_km2": 0.0033, "magasinKategori": null, "fid_2": 425, "id": 425, "left": 8.986919847, "top": 62.446110046000001, "right": 9.486919847, "bottom": 61.946110046000001, "row_index": 24, "col_index": 10, "tile_id": 425 }, "geometry": { "type": "MultiPolygon", "coordinates": [ [ [ [ 9.188495990360465, 62.410351359071825 ], [ 9.188795810964649, 62.410103188542237 ], [ 9.188597496659776, 62.40999910447389 ], [ 9.187178456244864, 62.410020931111951 ], [ 9.187031723484163, 62.410179537694198 ], [ 9.187295609644329, 62.410352627043459 ], [ 9.188644091807863, 62.410535985986655 ], [ 9.188495990360465, 62.410351359071825 ] ] ] ] } },
{ "type": "Feature", "properties": { "fid": 255975, "navn": null, "hoyde_moh": 1543, "arealInnsjo_km2": 0.0121, "magasinKategori": null, "fid_2": 425, "id": 425, "left": 8.986919847, "top": 62.446110046000001, "right": 9.486919847, "bottom": 61.946110046000001, "row_index": 24, "col_index": 10, "tile_id": 425 }, "geometry": { "type": "MultiPolygon", "coordinates": [ [ [ [ 9.040383198236274, 62.402979557929655 ], [ 9.041395390423469, 62.402691202311971 ], [ 9.041412241959272, 62.402510316218681 ], [ 9.040987973450779, 62.402370195840533 ], [ 9.040211812062509, 62.402461858695332 ], [ 9.040172725274205, 62.402339618273835 ], [ 9.039342552074906, 62.402693313935146 ], [ 9.038775623756196, 62.402743978904034 ], [ 9.038747412721374, 62.403081946686434 ], [ 9.038435378451579, 62.403230531451094 ], [ 9.038406775179203, 62.403504284249017 ], [ 9.037761543480105, 62.404167184695318 ], [ 9.040383198236274, 62.402979557929655 ] ] ] ] } },
{ "type": "Feature", "properties": { "fid": 255976, "navn": null, "hoyde_moh": 1449, "arealInnsjo_km2": 0.0393, "magasinKategori": null, "fid_2": 425, "id": 425, "left": 8.986919847, "top": 62.446110046000001, "right": 9.486919847, "bottom": 61.946110046000001, "row_index": 24, "col_index": 10, "tile_id": 425 }, "geometry": { "type": "MultiPolygon", "coordinates": [ [ [ [ 9.201816729645472, 62.410566472283627 ], [ 9.202050179823956, 62.410380683648704 ], [ 9.201658874768928, 62.410268654200522 ], [ 9.203948188089432, 62.409962869217132 ], [ 9.204499174243232, 62.409673925100599 ], [ 9.204309615992495, 62.409469403331961 ], [ 9.202697344930547, 62.40894984095933 ], [ 9.202370071818821, 62.409200132707056 ], [ 9.198449837103102, 62.409953713326907 ], [ 9.197772424410914, 62.410455574491216 ], [ 9.197204409317299, 62.410661860365359 ], [ 9.196955555240358, 62.410952777496995 ], [ 9.197148175812973, 62.411053369795752 ], [ 9.201816729645472, 62.410566472283627 ] ] ] ] } },
{ "type": "Feature", "properties": { "fid": 255980, "navn": null, "hoyde_moh": 1372, "arealInnsjo_km2": 0.0107, "magasinKategori": null, "fid_2": 425, "id": 425, "left": 8.986919847, "top": 62.446110046000001, "right": 9.486919847, "bottom": 61.946110046000001, "row_index": 24, "col_index": 10, "tile_id": 425 }, "geometry": { "type": "MultiPolygon", "coordinates": [ [ [ [ 9.147379612758895, 62.262685566823038 ], [ 9.147350164689149, 62.262512365512578 ], [ 9.147651165975972, 62.262433624006377 ], [ 9.147310066219367, 62.262134887376241 ], [ 9.146965965110146, 62.262172102410396 ], [ 9.146576728904549, 62.261989716595075 ], [ 9.145917651062009, 62.26217944139011 ], [ 9.145592270677811, 62.262009386758045 ], [ 9.14564077665043, 62.262491385820987 ], [ 9.145103073357932, 62.262799678544681 ], [ 9.145267875420314, 62.262946285962236 ], [ 9.145266908285363, 62.263244872994306 ], [ 9.147379612758895, 62.262685566823038 ] ] ] ] } },
{ "type": "Feature", "properties": { "fid": 255981, "navn": null, "hoyde_moh": 1460, "arealInnsjo_km2": 0.0169, "magasinKategori": null, "fid_2": 425, "id": 425, "left": 8.986919847, "top": 62.446110046000001, "right": 9.486919847, "bottom": 61.946110046000001, "row_index": 24, "col_index": 10, "tile_id": 425 }, "geometry": { "type": "MultiPolygon", "coordinates": [ [ [ [ 9.011154629486249, 62.281319049724594 ], [ 9.011490422976992, 62.280812772633162 ], [ 9.011319434060324, 62.280459434688048 ], [ 9.010725343468135, 62.279945075553329 ], [ 9.01121278877288, 62.279272389718088 ], [ 9.010817678613494, 62.279157150538467 ], [ 9.010947097313744, 62.279005356159267 ], [ 9.010569377792701, 62.279007472972026 ], [ 9.010588498203525, 62.278814619757618 ], [ 9.010314633483858, 62.278662304844218 ], [ 9.009955427521747, 62.278775162317835 ], [ 9.009681290193081, 62.279093394496648 ], [ 9.009881013649123, 62.279208466606647 ], [ 9.009722201936624, 62.279783897178575 ], [ 9.010184769515456, 62.280516685476123 ], [ 9.009909116978415, 62.281071213560537 ], [ 9.010425318434555, 62.281212313306014 ], [ 9.010783685921936, 62.281502265583484 ], [ 9.011154629486249, 62.281319049724594 ] ] ] ] } },
{ "type": "Feature", "properties": { "fid": 255983, "navn": null, "hoyde_moh": 1531, "arealInnsjo_km2": 0.0124, "magasinKategori": null, "fid_2": 425, "id": 425, "left": 8.986919847, "top": 62.446110046000001, "right": 9.486919847, "bottom": 61.946110046000001, "row_index": 24, "col_index": 10, "tile_id": 425 }, "geometry": { "type": "MultiPolygon", "coordinates": [ [ [ [ 9.200379406671177, 62.309203868966492 ], [ 9.200312200542454, 62.308884980030669 ], [ 9.200675523146218, 62.308734631527805 ], [ 9.200781604002483, 62.309065589998184 ], [ 9.201498128831203, 62.308930381154831 ], [ 9.202235529992688, 62.308567920643029 ], [ 9.202259204441781, 62.308284164269494 ], [ 9.201639511411351, 62.308034433185021 ], [ 9.199954278949164, 62.308220651644369 ], [ 9.199561169004626, 62.308602194691495 ], [ 9.199616138885547, 62.308793187275143 ], [ 9.199431744360409, 62.308987573504446 ], [ 9.199758975445789, 62.309318247997531 ], [ 9.200379406671177, 62.309203868966492 ] ] ] ] } },
{ "type": "Feature", "properties": { "fid": 255985, "navn": null, "hoyde_moh": 1405, "arealInnsjo_km2": 0.1695, "magasinKategori": null, "fid_2": 425, "id": 425, "left": 8.986919847, "top": 62.446110046000001, "right": 9.486919847, "bottom": 61.946110046000001, "row_index": 24, "col_index": 10, "tile_id": 425 }, "geometry": { "type": "MultiPolygon", "coordinates": [ [ [ [ 9.117853854869367, 62.305169141939885 ], [ 9.117331951567769, 62.304584010891489 ], [ 9.116606347448366, 62.304305969389588 ], [ 9.116471367352265, 62.30400583163518 ], [ 9.116030576324871, 62.303746184400822 ], [ 9.116002229756717, 62.303492169882851 ], [ 9.116176503315561, 62.303344176165233 ], [ 9.115669297459263, 62.302754439239884 ], [ 9.114463585761758, 62.30192353871454 ], [ 9.115262422379779, 62.301995379662394 ], [ 9.115408283091522, 62.301777215328165 ], [ 9.115412075835698, 62.30122511831587 ], [ 9.114847018693368, 62.300506513812969 ], [ 9.113803169923285, 62.299909992859149 ], [ 9.111713946869832, 62.299417492655394 ], [ 9.111112920349013, 62.29903172151252 ], [ 9.109848529247024, 62.298748648130967 ], [ 9.109669734607275, 62.298917689506084 ], [ 9.110485361961826, 62.299352026470153 ], [ 9.109954815391319, 62.299496208442392 ], [ 9.109993905651319, 62.299803622008348 ], [ 9.109413138937498, 62.299826193209753 ], [ 9.108463515434284, 62.300251007142286 ], [ 9.107149460582038, 62.30035870188955 ], [ 9.106629955360392, 62.300112508129921 ], [ 9.106012306793934, 62.30009631247124 ], [ 9.104776604459285, 62.300404761588752 ], [ 9.105150680621334, 62.300672504146199 ], [ 9.105363736834684, 62.300604952388575 ], [ 9.106381118075458, 62.300872604709859 ], [ 9.106641579973935, 62.301013783977339 ], [ 9.106339396266666, 62.301233843216224 ], [ 9.106545165261165, 62.301401416165184 ], [ 9.107435151324973, 62.30178419383693 ], [ 9.108819678944165, 62.302098234605786 ], [ 9.109472517016668, 62.302699145567132 ], [ 9.111668947109697, 62.302975470576094 ], [ 9.111977272542349, 62.30313415853535 ], [ 9.111968308772463, 62.303357328540187 ], [ 9.113108445177785, 62.303600433354774 ], [ 9.112962516678191, 62.303763583301446 ], [ 9.11312187107125, 62.303794303686225 ], [ 9.113755253801688, 62.303820407027857 ], [ 9.114032229988521, 62.303598541197125 ], [ 9.114758658167965, 62.303635435768207 ], [ 9.116332644638081, 62.304357277926172 ], [ 9.116518573407282, 62.304722151919066 ], [ 9.116120433577588, 62.305035211056889 ], [ 9.116844941265185, 62.305700796632259 ], [ 9.117853854869367, 62.305169141939885 ] ], [ [ 9.112816827293507, 62.302630724877858 ], [ 9.113122227063689, 62.30251144554164 ], [ 9.113673203153882, 62.30275345726789 ], [ 9.1130092648353, 62.302905939343951 ], [ 9.112816827293507, 62.302630724877858 ] ] ] ] } },
{ "type": "Feature", "properties": { "fid": 255986, "navn": null, "hoyde_moh": 1327, "arealInnsjo_km2": 0.0026, "magasinKategori": null, "fid_2": 425, "id": 425, "left": 8.986919847, "top": 62.446110046000001, "right": 9.486919847, "bottom": 61.946110046000001, "row_index": 24, "col_index": 10, "tile_id": 425 }, "geometry": { "type": "MultiPolygon", "coordinates": [ [ [ [ 9.026478406709348, 62.327904216782215 ], [ 9.026269188101431, 62.327340369106864 ], [ 9.025781956863316, 62.327397433297307 ], [ 9.025880635575648, 62.32771637891932 ], [ 9.025561544175172, 62.327901164324096 ], [ 9.025725835314782, 62.32801035224621 ], [ 9.026478406709348, 62.327904216782215 ] ] ] ] } },
{ "type": "Feature", "properties": { "fid": 255990, "navn": null, "hoyde_moh": 1373, "arealInnsjo_km2": 0.0241, "magasinKategori": null, "fid_2": 425, "id": 425, "left": 8.986919847, "top": 62.446110046000001, "right": 9.486919847, "bottom": 61.946110046000001, "row_index": 24, "col_index": 10, "tile_id": 425 }, "geometry": { "type": "MultiPolygon", "coordinates": [ [ [ [ 9.070708775569505, 62.33039849085138 ], [ 9.070246992703883, 62.330224414717762 ], [ 9.070506007350696, 62.330122769051712 ], [ 9.070415615006175, 62.329915149727761 ], [ 9.071059808579053, 62.329806120007298 ], [ 9.070968429711922, 62.329486003412477 ], [ 9.068370396735569, 62.328922866123655 ], [ 9.067212171753756, 62.328233765306514 ], [ 9.066356418250461, 62.328181287616886 ], [ 9.066144096371618, 62.328375681571245 ], [ 9.066249100085082, 62.328582669731695 ], [ 9.068539260446121, 62.330065544813678 ], [ 9.069290749116119, 62.330071859279698 ], [ 9.070708775569505, 62.33039849085138 ] ] ] ] } },
{ "type": "Feature", "properties": { "fid": 255991, "navn": null, "hoyde_moh": 1345, "arealInnsjo_km2": 0.0088, "magasinKategori": null, "fid_2": 425, "id": 425, "left": 8.986919847, "top": 62.446110046000001, "right": 9.486919847, "bottom": 61.946110046000001, "row_index": 24, "col_index": 10, "tile_id": 425 }, "geometry": { "type": "MultiPolygon", "coordinates": [ [ [ [ 9.018922988324366, 62.328515347054349 ], [ 9.019110161066333, 62.328095367653525 ], [ 9.018350258635701, 62.327916887001138 ], [ 9.01805319015369, 62.327605848626703 ], [ 9.01810445423423, 62.327478941829064 ], [ 9.017146279328239, 62.327497641017239 ], [ 9.017063314229187, 62.327595176223603 ], [ 9.017409058013607, 62.328110461223197 ], [ 9.017135230389696, 62.328631776961757 ], [ 9.017551787111332, 62.328709815131546 ], [ 9.018922988324366, 62.328515347054349 ] ] ] ] } },
{ "type": "Feature", "properties": { "fid": 255992, "navn": null, "hoyde_moh": 1493, "arealInnsjo_km2": 0.0084, "magasinKategori": null, "fid_2": 425, "id": 425, "left": 8.986919847, "top": 62.446110046000001, "right": 9.486919847, "bottom": 61.946110046000001, "row_index": 24, "col_index": 10, "tile_id": 425 }, "geometry": { "type": "MultiPolygon", "coordinates": [ [ [ [ 9.152580500589679, 62.334404257601072 ], [ 9.153841094575601, 62.334185081725025 ], [ 9.153012893838678, 62.333949391997898 ], [ 9.152552437627266, 62.333984349649128 ], [ 9.152015851870351, 62.333734664171921 ], [ 9.151300193815414, 62.333820342526217 ], [ 9.151067074787653, 62.334012893214727 ], [ 9.151289274375449, 62.334551097458323 ], [ 9.152279472316696, 62.334591605313612 ], [ 9.152580500589679, 62.334404257601072 ] ] ] ] } },
{ "type": "Feature", "properties": { "fid": 255993, "navn": null, "hoyde_moh": 1427, "arealInnsjo_km2": 0.0062, "magasinKategori": null, "fid_2": 425, "id": 425, "left": 8.986919847, "top": 62.446110046000001, "right": 9.486919847, "bottom": 61.946110046000001, "row_index": 24, "col_index": 10, "tile_id": 425 }, "geometry": { "type": "MultiPolygon", "coordinates": [ [ [ [ 9.115732342116649, 62.377602312692311 ], [ 9.115113234708769, 62.377267970808674 ], [ 9.115492799724784, 62.376960849312361 ], [ 9.114858146343034, 62.376785474053939 ], [ 9.114536984474643, 62.377054916283868 ], [ 9.114776681980457, 62.377172039784817 ], [ 9.113770609005643, 62.377514620953399 ], [ 9.114208916450215, 62.377812851259712 ], [ 9.114965345662307, 62.377880852343367 ], [ 9.115732342116649, 62.377602312692311 ] ], [ [ 9.114493564624293, 62.377336767091265 ], [ 9.114870868942987, 62.37743352655523 ], [ 9.114682955387446, 62.377563757572624 ], [ 9.114514910211151, 62.377548618303074 ], [ 9.114493564624293, 62.377336767091265 ] ] ] ] } },
{ "type": "Feature", "properties": { "fid": 255994, "navn": "inste Grytholtjørnin", "hoyde_moh": 1427, "arealInnsjo_km2": 0.0331, "magasinKategori": null, "fid_2": 425, "id": 425, "left": 8.986919847, "top": 62.446110046000001, "right": 9.486919847, "bottom": 61.946110046000001, "row_index": 24, "col_index": 10, "tile_id": 425 }, "geometry": { "type": "MultiPolygon", "coordinates": [ [ [ [ 9.119246725466565, 62.377559506790455 ], [ 9.120220594640701, 62.377136745482751 ], [ 9.121904126519933, 62.376860899253998 ], [ 9.121824814335818, 62.376749411812654 ], [ 9.11893554554312, 62.37658369822735 ], [ 9.116574944757513, 62.376604915932553 ], [ 9.116582590762645, 62.376493059913429 ], [ 9.115263017615717, 62.375947425248945 ], [ 9.11442250052235, 62.376107061408433 ], [ 9.114752216591281, 62.376306691196191 ], [ 9.11474595503141, 62.376523853917348 ], [ 9.115256943897464, 62.376728558533458 ], [ 9.115898351098037, 62.376736488112343 ], [ 9.116275718559576, 62.377023214600293 ], [ 9.11556350139511, 62.377296426591329 ], [ 9.116578428123665, 62.377411572376367 ], [ 9.116107730732097, 62.377576723503033 ], [ 9.11644282249674, 62.377694917085478 ], [ 9.115831952077665, 62.37795162987414 ], [ 9.116487857776264, 62.378025984191972 ], [ 9.119246725466565, 62.377559506790455 ] ], [ [ 9.117584021838537, 62.377403601091999 ], [ 9.117947600509458, 62.377230934195993 ], [ 9.118056485072771, 62.37731324677226 ], [ 9.117519846529161, 62.377594900220068 ], [ 9.117584021838537, 62.377403601091999 ] ], [ [ 9.117032637252411, 62.377476203288737 ], [ 9.117244617265232, 62.377618976762705 ], [ 9.117115202489158, 62.37767264217743 ], [ 9.116568020607371, 62.377688340424974 ], [ 9.117032637252411, 62.377476203288737 ] ] ] ] } },
{ "type": "Feature", "properties": { "fid": 255998, "navn": null, "hoyde_moh": 1488, "arealInnsjo_km2": 0.0212, "magasinKategori": null, "fid_2": 425, "id": 425, "left": 8.986919847, "top": 62.446110046000001, "right": 9.486919847, "bottom": 61.946110046000001, "row_index": 24, "col_index": 10, "tile_id": 425 }, "geometry": { "type": "MultiPolygon", "coordinates": [ [ [ [ 9.141481356921846, 62.380184508699713 ], [ 9.141654784083189, 62.379983139571884 ], [ 9.141363590050759, 62.379815456651578 ], [ 9.141869803171895, 62.379409901730028 ], [ 9.140484952325052, 62.379417525308611 ], [ 9.13966323308755, 62.379206282639409 ], [ 9.137377966164493, 62.380056529244122 ], [ 9.137776359191355, 62.380176801447234 ], [ 9.137808730897051, 62.380369843162029 ], [ 9.137666521137165, 62.380442433119569 ], [ 9.137900726315573, 62.380550548106307 ], [ 9.138698826526396, 62.380631069553971 ], [ 9.141481356921846, 62.380184508699713 ] ] ] ] } },
{ "type": "Feature", "properties": { "fid": 256000, "navn": "Langtjønna", "hoyde_moh": 1316, "arealInnsjo_km2": 0.2644, "magasinKategori": null, "fid_2": 425, "id": 425, "left": 8.986919847, "top": 62.446110046000001, "right": 9.486919847, "bottom": 61.946110046000001, "row_index": 24, "col_index": 10, "tile_id": 425 }, "geometry": { "type": "MultiPolygon", "coordinates": [ [ [ [ 9.108605074999911, 62.445795240523097 ], [ 9.108739939454466, 62.445327832628521 ], [ 9.108406788877657, 62.444848782701548 ], [ 9.108328283412463, 62.444388177557855 ], [ 9.107615029366777, 62.444350922600485 ], [ 9.106211949912089, 62.445162241592783 ], [ 9.104460227132117, 62.445392813144537 ], [ 9.10324669187545, 62.446110046 ], [ 9.109302543039901, 62.446110046 ], [ 9.108605074999911, 62.445795240523097 ] ] ] ] } },
{ "type": "Feature", "properties": { "fid": 256006, "navn": null, "hoyde_moh": 1415, "arealInnsjo_km2": 0.017, "magasinKategori": null, "fid_2": 425, "id": 425, "left": 8.986919847, "top": 62.446110046000001, "right": 9.486919847, "bottom": 61.946110046000001, "row_index": 24, "col_index": 10, "tile_id": 425 }, "geometry": { "type": "MultiPolygon", "coordinates": [ [ [ [ 9.103483002195158, 62.286120913512434 ], [ 9.103284562361472, 62.285831919196063 ], [ 9.103531892376933, 62.285616827650983 ], [ 9.103479637379596, 62.285164165413889 ], [ 9.101254902525147, 62.284340948501907 ], [ 9.100843657056865, 62.284072684937207 ], [ 9.100810498501083, 62.283731665361223 ], [ 9.100514141047171, 62.283859761541947 ], [ 9.100551398649957, 62.284455481102746 ], [ 9.100434357502911, 62.284521891160459 ], [ 9.100892168194127, 62.28469283257914 ], [ 9.101242570787131, 62.285159728933422 ], [ 9.101733979232122, 62.285406736187277 ], [ 9.101803545307954, 62.285714012798877 ], [ 9.10168612958805, 62.285845322224716 ], [ 9.102651290223296, 62.285729412252884 ], [ 9.102836912226632, 62.286157503698504 ], [ 9.103190331013362, 62.286338485929754 ], [ 9.103483002195158, 62.286120913512434 ] ] ] ] } },
{ "type": "Feature", "properties": { "fid": 256008, "navn": null, "hoyde_moh": 1446, "arealInnsjo_km2": 0.0027, "magasinKategori": null, "fid_2": 425, "id": 425, "left": 8.986919847, "top": 62.446110046000001, "right": 9.486919847, "bottom": 61.946110046000001, "row_index": 24, "col_index": 10, "tile_id": 425 }, "geometry": { "type": "MultiPolygon", "coordinates": [ [ [ [ 9.015288102578797, 62.303472548046877 ], [ 9.015164973696583, 62.303270306997412 ], [ 9.014772811633708, 62.303232742744434 ], [ 9.014258573458633, 62.3035405245882 ], [ 9.014870021173936, 62.304045067237389 ], [ 9.015288102578797, 62.303472548046877 ] ] ] ] } },
{ "type": "Feature", "properties": { "fid": 256010, "navn": "Tælrandtjønn", "hoyde_moh": 1375, "arealInnsjo_km2": 0.0235, "magasinKategori": null, "fid_2": 425, "id": 425, "left": 8.986919847, "top": 62.446110046000001, "right": 9.486919847, "bottom": 61.946110046000001, "row_index": 24, "col_index": 10, "tile_id": 425 }, "geometry": { "type": "MultiPolygon", "coordinates": [ [ [ [ 9.077975302936037, 62.332447354684817 ], [ 9.078095867827761, 62.332303585983318 ], [ 9.079100028139649, 62.332045490060686 ], [ 9.078901652897283, 62.331867659675936 ], [ 9.07897178586118, 62.331079331511106 ], [ 9.078416170771911, 62.330855628282073 ], [ 9.075564037452203, 62.330947144980108 ], [ 9.076314627672724, 62.331535194516114 ], [ 9.076348237223836, 62.331772705010046 ], [ 9.076093876883679, 62.332128101631135 ], [ 9.077764088236648, 62.332420774427604 ], [ 9.078144257874854, 62.332644727921448 ], [ 9.077975302936037, 62.332447354684817 ] ] ] ] } },
{ "type": "Feature", "properties": { "fid": 256011, "navn": "Nedre Lustjønne", "hoyde_moh": 1325, "arealInnsjo_km2": 0.0594, "magasinKategori": null, "fid_2": 425, "id": 425, "left": 8.986919847, "top": 62.446110046000001, "right": 9.486919847, "bottom": 61.946110046000001, "row_index": 24, "col_index": 10, "tile_id": 425 }, "geometry": { "type": "MultiPolygon", "coordinates": [ [ [ [ 9.028746068842796, 62.329191005555586 ], [ 9.030061265808772, 62.328915771003629 ], [ 9.030568843522206, 62.328637978511587 ], [ 9.030601464733708, 62.328541239604512 ], [ 9.03026234982423, 62.328472789976999 ], [ 9.030579788235382, 62.328261181313088 ], [ 9.030303077970752, 62.328041720651889 ], [ 9.030889650137915, 62.327855209130931 ], [ 9.031605533970344, 62.327290422739928 ], [ 9.030766672830019, 62.327082410034684 ], [ 9.030488703959611, 62.326812922910364 ], [ 9.03059790605616, 62.326556149488063 ], [ 9.030343268357981, 62.326158819162586 ], [ 9.02919110980206, 62.325924154737791 ], [ 9.028428927802249, 62.325552044429188 ], [ 9.027481128337708, 62.325627895546809 ], [ 9.027308635371323, 62.325768848812857 ], [ 9.027488047613121, 62.326118914559437 ], [ 9.027309261414718, 62.326224390867594 ], [ 9.027438431090202, 62.326560406065184 ], [ 9.027269679218952, 62.326777785012908 ], [ 9.028294442687733, 62.327024263658089 ], [ 9.028539699313114, 62.327281001258918 ], [ 9.028066484021048, 62.327966529372155 ], [ 9.027191029550254, 62.32820360926668 ], [ 9.026772463120613, 62.328699162648618 ], [ 9.026961061660412, 62.329036208580426 ], [ 9.027498272902411, 62.329119055145718 ], [ 9.028155166235264, 62.329574961466577 ], [ 9.028746068842796, 62.329191005555586 ] ] ] ] } },
{ "type": "Feature", "properties": { "fid": 256012, "navn": null, "hoyde_moh": 1415, "arealInnsjo_km2": 0.1349, "magasinKategori": null, "fid_2": 425, "id": 425, "left": 8.986919847, "top": 62.446110046000001, "right": 9.486919847, "bottom": 61.946110046000001, "row_index": 24, "col_index": 10, "tile_id": 425 }, "geometry": { "type": "MultiPolygon", "coordinates": [ [ [ [ 9.178585033642044, 62.337049174001265 ], [ 9.178186741017283, 62.336266595547151 ], [ 9.179015642794356, 62.335742152807633 ], [ 9.179687894180287, 62.334954374862718 ], [ 9.180034462972994, 62.334443799136423 ], [ 9.180030460701385, 62.333936872722987 ], [ 9.180717372885631, 62.333527007497949 ], [ 9.180574863879052, 62.333357538153294 ], [ 9.181516081364327, 62.333442774777332 ], [ 9.181881147234305, 62.333838185587602 ], [ 9.183344526535539, 62.333689015893455 ], [ 9.183376573883614, 62.333578728072325 ], [ 9.182903752712244, 62.333332475204152 ], [ 9.182951028640993, 62.33302098787879 ], [ 9.182325835453913, 62.332747903535207 ], [ 9.181729498678603, 62.332949654912326 ], [ 9.181682988876242, 62.332723447780594 ], [ 9.181444887623522, 62.332605603876303 ], [ 9.180440901398944, 62.332709217212368 ], [ 9.180160589424549, 62.332574474692493 ], [ 9.178919035118449, 62.332601394742646 ], [ 9.178443733457975, 62.33239409242023 ], [ 9.178011404763614, 62.33244903967455 ], [ 9.176622843572293, 62.332159353656131 ], [ 9.175711410700091, 62.33305509463311 ], [ 9.175099413993646, 62.333356090912062 ], [ 9.174906847890908, 62.333787151275665 ], [ 9.174874716794239, 62.334444707724309 ], [ 9.174254306235389, 62.335034874389223 ], [ 9.17479508023975, 62.33611289028206 ], [ 9.174772684713547, 62.336547949401307 ], [ 9.176550954330731, 62.337145882951127 ], [ 9.178052232302841, 62.337229273240816 ], [ 9.178585033642044, 62.337049174001265 ] ], [ [ 9.1787683757987, 62.332994426446504 ], [ 9.179210201336335, 62.332987319283284 ], [ 9.178884282769701, 62.333360659275847 ], [ 9.178295804437905, 62.333416073683949 ], [ 9.1787683757987, 62.332994426446504 ] ] ] ] } },
{ "type": "Feature", "properties": { "fid": 256014, "navn": null, "hoyde_moh": 1563, "arealInnsjo_km2": 0.003, "magasinKategori": null, "fid_2": 425, "id": 425, "left": 8.986919847, "top": 62.446110046000001, "right": 9.486919847, "bottom": 61.946110046000001, "row_index": 24, "col_index": 10, "tile_id": 425 }, "geometry": { "type": "MultiPolygon", "coordinates": [ [ [ [ 9.043291101128775, 62.354422541079977 ], [ 9.04385104620644, 62.353785612759197 ], [ 9.043840454873452, 62.353603099027609 ], [ 9.04328645470344, 62.353468827851771 ], [ 9.043208331825886, 62.35411681506168 ], [ 9.042539051487513, 62.354800637452797 ], [ 9.043291101128775, 62.354422541079977 ] ] ] ] } },
{ "type": "Feature", "properties": { "fid": 256020, "navn": null, "hoyde_moh": 1446, "arealInnsjo_km2": 0.0218, "magasinKategori": null, "fid_2": 425, "id": 425, "left": 8.986919847, "top": 62.446110046000001, "right": 9.486919847, "bottom": 61.946110046000001, "row_index": 24, "col_index": 10, "tile_id": 425 }, "geometry": { "type": "MultiPolygon", "coordinates": [ [ [ [ 9.123554677887793, 62.381278334277532 ], [ 9.124324267171307, 62.380742726629492 ], [ 9.124420840934761, 62.380340862840065 ], [ 9.124234241091493, 62.380089337991876 ], [ 9.124455393438605, 62.3795833599589 ], [ 9.123865458731359, 62.378883597877781 ], [ 9.123074061426196, 62.378853239774884 ], [ 9.122340248523923, 62.379048954569505 ], [ 9.121437635939253, 62.379712884000611 ], [ 9.121513831672498, 62.379839274777673 ], [ 9.122513186380843, 62.379899965285951 ], [ 9.123206744958726, 62.380419646362732 ], [ 9.123450229727064, 62.38078828158168 ], [ 9.122868563392432, 62.381192473368763 ], [ 9.122999029185998, 62.381337816864587 ], [ 9.123554677887793, 62.381278334277532 ] ] ] ] } },
{ "type": "Feature", "properties": { "fid": 256023, "navn": null, "hoyde_moh": 1512, "arealInnsjo_km2": 0.0082, "magasinKategori": null, "fid_2": 425, "id": 425, "left": 8.986919847, "top": 62.446110046000001, "right": 9.486919847, "bottom": 61.946110046000001, "row_index": 24, "col_index": 10, "tile_id": 425 }, "geometry": { "type": "MultiPolygon", "coordinates": [ [ [ [ 9.132556069605261, 62.409793039643915 ], [ 9.132151726644164, 62.409489659979563 ], [ 9.131215077798482, 62.409276596337548 ], [ 9.12929551362914, 62.409442788352592 ], [ 9.1319861426971, 62.410185535045891 ], [ 9.132556069605261, 62.409793039643915 ] ] ] ] } },
{ "type": "Feature", "properties": { "fid": 256024, "navn": null, "hoyde_moh": 1474, "arealInnsjo_km2": 0.0347, "magasinKategori": null, "fid_2": 425, "id": 425, "left": 8.986919847, "top": 62.446110046000001, "right": 9.486919847, "bottom": 61.946110046000001, "row_index": 24, "col_index": 10, "tile_id": 425 }, "geometry": { "type": "MultiPolygon", "coordinates": [ [ [ [ 9.015833544520129, 62.404622696838082 ], [ 9.015527527600701, 62.404364504857057 ], [ 9.017046885582962, 62.403729725020085 ], [ 9.017316564675873, 62.403098177865481 ], [ 9.016604685877477, 62.403674744150301 ], [ 9.015523654478784, 62.403861454877699 ], [ 9.013160568426576, 62.403810011302852 ], [ 9.012874625738688, 62.403734652853075 ], [ 9.01295894782014, 62.403585037223507 ], [ 9.012490439302683, 62.403522875733806 ], [ 9.012142487524093, 62.403780248327003 ], [ 9.012130979946294, 62.404438229586283 ], [ 9.011642404626183, 62.404981723814679 ], [ 9.012222918068598, 62.405348107186597 ], [ 9.013367423361808, 62.405527025419659 ], [ 9.015833544520129, 62.404622696838082 ] ] ] ] } },
{ "type": "Feature", "properties": { "fid": 256025, "navn": null, "hoyde_moh": 1619, "arealInnsjo_km2": 0.0078, "magasinKategori": null, "fid_2": 425, "id": 425, "left": 8.986919847, "top": 62.446110046000001, "right": 9.486919847, "bottom": 61.946110046000001, "row_index": 24, "col_index": 10, "tile_id": 425 }, "geometry": { "type": "MultiPolygon", "coordinates": [ [ [ [ 9.044286945481419, 62.406369816059815 ], [ 9.044143215838417, 62.406109291485365 ], [ 9.044243871939372, 62.405991875738593 ], [ 9.042931071430106, 62.406091603305434 ], [ 9.042418763785497, 62.406319754317153 ], [ 9.042127184436751, 62.406582764872795 ], [ 9.042116896446304, 62.406835873931122 ], [ 9.042341619811209, 62.406887743437267 ], [ 9.042218724395168, 62.407218857502507 ], [ 9.044286945481419, 62.406369816059815 ] ], [ [ 9.042844480249931, 62.406192964391309 ], [ 9.04318103712809, 62.406139512229821 ], [ 9.042913409295663, 62.406270743849042 ], [ 9.042634102008343, 62.406320348687089 ], [ 9.042844480249931, 62.406192964391309 ] ], [ [ 9.042649467846644, 62.406538272395956 ], [ 9.043140015998512, 62.406438753373415 ], [ 9.042860839185423, 62.406605505237316 ], [ 9.042329869562677, 62.406667273567685 ], [ 9.042649467846644, 62.406538272395956 ] ] ] ] } },
{ "type": "Feature", "properties": { "fid": 256026, "navn": null, "hoyde_moh": 1618, "arealInnsjo_km2": 0.0035, "magasinKategori": null, "fid_2": 425, "id": 425, "left": 8.986919847, "top": 62.446110046000001, "right": 9.486919847, "bottom": 61.946110046000001, "row_index": 24, "col_index": 10, "tile_id": 425 }, "geometry": { "type": "MultiPolygon", "coordinates": [ [ [ [ 9.042851177075637, 62.407627575365808 ], [ 9.043314441668803, 62.407293053238369 ], [ 9.043319504412789, 62.407118684567976 ], [ 9.042071795586166, 62.407395963807879 ], [ 9.041423548340701, 62.407821858660668 ], [ 9.042851177075637, 62.407627575365808 ] ] ] ] } },
{ "type": "Feature", "properties": { "fid": 256028, "navn": null, "hoyde_moh": 1600, "arealInnsjo_km2": 0.0117, "magasinKategori": null, "fid_2": 425, "id": 425, "left": 8.986919847, "top": 62.446110046000001, "right": 9.486919847, "bottom": 61.946110046000001, "row_index": 24, "col_index": 10, "tile_id": 425 }, "geometry": { "type": "MultiPolygon", "coordinates": [ [ [ [ 9.038866250967047, 62.409064412536353 ], [ 9.039315272276802, 62.408733522135492 ], [ 9.039468257025973, 62.408401629983203 ], [ 9.039304542464082, 62.408246308127325 ], [ 9.038517587828792, 62.408191819164777 ], [ 9.036947331334893, 62.408799880594394 ], [ 9.036984579601915, 62.409176405310511 ], [ 9.037880631360659, 62.409455732838339 ], [ 9.038866250967047, 62.409064412536353 ] ] ] ] } },
{ "type": "Feature", "properties": { "fid": 262611, "navn": null, "hoyde_moh": 1742, "arealInnsjo_km2": 0.005, "magasinKategori": null, "fid_2": 425, "id": 425, "left": 8.986919847, "top": 62.446110046000001, "right": 9.486919847, "bottom": 61.946110046000001, "row_index": 24, "col_index": 10, "tile_id": 425 }, "geometry": { "type": "MultiPolygon", "coordinates": [ [ [ [ 9.09933270777192, 62.384595968813393 ], [ 9.099191603556562, 62.384160958921711 ], [ 9.098989657091371, 62.384074674283418 ], [ 9.099114444593608, 62.383729207517554 ], [ 9.098866081223083, 62.383712076014284 ], [ 9.098692749135916, 62.383973277763779 ], [ 9.098512139953341, 62.383837840670324 ], [ 9.098270212677456, 62.383974849773892 ], [ 9.098433349619741, 62.384723755762792 ], [ 9.09920708672734, 62.384863070921618 ], [ 9.09933270777192, 62.384595968813393 ] ] ] ] } },
{ "type": "Feature", "properties": { "fid": 265509, "navn": null, "hoyde_moh": 1224, "arealInnsjo_km2": 0.0044, "magasinKategori": null, "fid_2": 425, "id": 425, "left": 8.986919847, "top": 62.446110046000001, "right": 9.486919847, "bottom": 61.946110046000001, "row_index": 24, "col_index": 10, "tile_id": 425 }, "geometry": { "type": "MultiPolygon", "coordinates": [ [ [ [ 9.210071035207216, 62.195688339143395 ], [ 9.21039111499821, 62.195460576492387 ], [ 9.210388134653648, 62.195196052400092 ], [ 9.209922977818731, 62.194988053624698 ], [ 9.20885325403535, 62.195591128319272 ], [ 9.210071035207216, 62.195688339143395 ] ] ] ] } },
{ "type": "Feature", "properties": { "fid": 265510, "navn": null, "hoyde_moh": 1221, "arealInnsjo_km2": 0.0055, "magasinKategori": null, "fid_2": 425, "id": 425, "left": 8.986919847, "top": 62.446110046000001, "right": 9.486919847, "bottom": 61.946110046000001, "row_index": 24, "col_index": 10, "tile_id": 425 }, "geometry": { "type": "MultiPolygon", "coordinates": [ [ [ [ 9.216048646568279, 62.196701876775272 ], [ 9.216488554407078, 62.196431944216762 ], [ 9.215237181089448, 62.19610175585079 ], [ 9.214469305251489, 62.196192671768316 ], [ 9.214991855032, 62.196721558224226 ], [ 9.216048646568279, 62.196701876775272 ] ] ] ] } },
{ "type": "Feature", "properties": { "fid": 265512, "navn": null, "hoyde_moh": 1224, "arealInnsjo_km2": 0.007, "magasinKategori": null, "fid_2": 425, "id": 425, "left": 8.986919847, "top": 62.446110046000001, "right": 9.486919847, "bottom": 61.946110046000001, "row_index": 24, "col_index": 10, "tile_id": 425 }, "geometry": { "type": "MultiPolygon", "coordinates": [ [ [ [ 9.098895023140054, 62.21290635053294 ], [ 9.099134530668836, 62.212531230708812 ], [ 9.098503224190221, 62.212467905307655 ], [ 9.098385038203531, 62.21268830406057 ], [ 9.097957702476171, 62.212692206622464 ], [ 9.097693923362414, 62.212919443251195 ], [ 9.097885435368029, 62.21335645193534 ], [ 9.099124216210331, 62.213804857980378 ], [ 9.098895023140054, 62.21290635053294 ] ] ] ] } },
{ "type": "Feature", "properties": { "fid": 265514, "navn": "Mjogsjøen", "hoyde_moh": 1232, "arealInnsjo_km2": 0.9971, "magasinKategori": null, "fid_2": 425, "id": 425, "left": 8.986919847, "top": 62.446110046000001, "right": 9.486919847, "bottom": 61.946110046000001, "row_index": 24, "col_index": 10, "tile_id": 425 }, "geometry": { "type": "MultiPolygon", "coordinates": [ [ [ [ 9.034132019326476, 62.237606231825318 ], [ 9.035534607030383, 62.237472152778722 ], [ 9.036261206384712, 62.236786951869696 ], [ 9.037730932100477, 62.235896714425287 ], [ 9.038696944969724, 62.235507790305576 ], [ 9.040847999809932, 62.234061907807643 ], [ 9.042512709635252, 62.234541870435926 ], [ 9.044326404847585, 62.234527611567763 ], [ 9.04462680813231, 62.234395405902845 ], [ 9.043954859348446, 62.233977679365879 ], [ 9.044258904852754, 62.233643674328086 ], [ 9.044997290249936, 62.233810441034485 ], [ 9.048446646577949, 62.233626692161806 ], [ 9.048753238778625, 62.233480608688708 ], [ 9.048302565267173, 62.233071886754701 ], [ 9.048759243926916, 62.23250827189711 ], [ 9.04871562982202, 62.23213246525583 ], [ 9.050172576920811, 62.231581998945863 ], [ 9.050499572798644, 62.231727974199949 ], [ 9.051096750726915, 62.231616087608224 ], [ 9.051606167359942, 62.231295946736545 ], [ 9.051307998568973, 62.231136898163271 ], [ 9.051450813591597, 62.231021580326043 ], [ 9.051321953194531, 62.230406118188505 ], [ 9.052099687909193, 62.230265079920486 ], [ 9.052304766141615, 62.230551488500922 ], [ 9.052794033165844, 62.230602784907717 ], [ 9.052836769286991, 62.230476318693327 ], [ 9.052158355742229, 62.230211329625654 ], [ 9.052275159149856, 62.229908243313922 ], [ 9.053427428342509, 62.229652842489998 ], [ 9.054626080353517, 62.229712578753869 ], [ 9.054944751607602, 62.229477595481143 ], [ 9.055812713300545, 62.229296658437995 ], [ 9.057989966893624, 62.22922771909866 ], [ 9.058325747560653, 62.228552910531668 ], [ 9.059087662154766, 62.228186512136212 ], [ 9.059463373672815, 62.228184376587691 ], [ 9.059045945153441, 62.228594480303627 ], [ 9.059050303370894, 62.228927356032962 ], [ 9.060005450442221, 62.228717006038167 ], [ 9.060184205747941, 62.228169874626779 ], [ 9.06111870636073, 62.227584706167725 ], [ 9.062995898878972, 62.226946644640336 ], [ 9.063573229337482, 62.226438503589165 ], [ 9.064169253421278, 62.226452027301171 ], [ 9.064397297025447, 62.226307223555487 ], [ 9.064491037580119, 62.225798397099815 ], [ 9.065292031602397, 62.225523683511113 ], [ 9.065441912402026, 62.225209585453079 ], [ 9.066392308915372, 62.225216341264556 ], [ 9.067143201520745, 62.224780553016089 ], [ 9.067362976956653, 62.224475845390955 ], [ 9.06867654742201, 62.223995224750226 ], [ 9.068925757678059, 62.223547809603787 ], [ 9.069692396152226, 62.223597892021061 ], [ 9.070716547974119, 62.223075938232519 ], [ 9.071211966881, 62.222995532784786 ], [ 9.072868767553027, 62.222213117235071 ], [ 9.073281779742471, 62.221775960274066 ], [ 9.074213166339925, 62.221854239644919 ], [ 9.074539675002427, 62.221545814933485 ], [ 9.075147057902944, 62.221602097867994 ], [ 9.075184207578273, 62.221349518368733 ], [ 9.075433164298769, 62.221288158453845 ], [ 9.076661785565909, 62.221475407061298 ], [ 9.077538559279553, 62.221208468021267 ], [ 9.077526285899316, 62.221046238037431 ], [ 9.077997904585622, 62.220640211547249 ], [ 9.078698826907976, 62.220877045881807 ], [ 9.079252298698462, 62.220454893698488 ], [ 9.080616990889359, 62.219980141703452 ], [ 9.08122505997795, 62.219145437493744 ], [ 9.081561024375732, 62.219064203280865 ], [ 9.082103643373696, 62.219224105903727 ], [ 9.082839804497929, 62.219084189560029 ], [ 9.083031740729909, 62.218709034557087 ], [ 9.082940199735196, 62.21841700370851 ], [ 9.083205553251224, 62.218050032997233 ], [ 9.085118161200189, 62.217789746186725 ], [ 9.085617832895252, 62.217118215059436 ], [ 9.08550452935128, 62.216686421467806 ], [ 9.086947671212007, 62.21662021871726 ], [ 9.086916701998819, 62.216052844732658 ], [ 9.086064283653007, 62.215570166532885 ], [ 9.084915560307882, 62.215656700081858 ], [ 9.083310957179634, 62.216102310683809 ], [ 9.079550720899009, 62.217620749157007 ], [ 9.077037917938593, 62.217756926760458 ], [ 9.074508647298655, 62.218659100330434 ], [ 9.07350572803497, 62.218756655090949 ], [ 9.073323273144458, 62.219105556320216 ], [ 9.071632271488618, 62.219678521153483 ], [ 9.070554338902683, 62.220009904873919 ], [ 9.069678649256987, 62.220073274425772 ], [ 9.068547316492488, 62.220756916990524 ], [ 9.067706890657247, 62.220827190001842 ], [ 9.067551179936361, 62.22100562375892 ], [ 9.0680681899611, 62.22138255257223 ], [ 9.067748733012159, 62.2217459188223 ], [ 9.066895125282901, 62.221841822881068 ], [ 9.066607694202094, 62.222201159253281 ], [ 9.064508066414524, 62.223172029532542 ], [ 9.064232143942206, 62.223507996514343 ], [ 9.062975133846912, 62.223672093781097 ], [ 9.062220559233735, 62.22404125481259 ], [ 9.060978120706013, 62.224106829676757 ], [ 9.06091347972759, 62.224196881414407 ], [ 9.061186587739611, 62.224283343747352 ], [ 9.060933097052478, 62.224529781653239 ], [ 9.06001603589004, 62.224579072424433 ], [ 9.058810013823786, 62.224993827926191 ], [ 9.05764896547503, 62.226053555424805 ], [ 9.057131319918236, 62.226072094122713 ], [ 9.054501948006646, 62.227117661423428 ], [ 9.054415713735851, 62.227299341387521 ], [ 9.054705339741789, 62.227630529175613 ], [ 9.054405393130544, 62.228015059122995 ], [ 9.053303542436664, 62.228151353064739 ], [ 9.052342141526093, 62.227885267129757 ], [ 9.047300361264268, 62.228356467726933 ], [ 9.047013180167562, 62.22862223321691 ], [ 9.047159434364897, 62.228933580521669 ], [ 9.047534661953675, 62.229139895513477 ], [ 9.047487089717107, 62.229757222811422 ], [ 9.046714199479606, 62.230085454174187 ], [ 9.046264441775254, 62.230542844548218 ], [ 9.045678052502872, 62.231213864997514 ], [ 9.045620924956578, 62.231823668450907 ], [ 9.043672578220274, 62.231571296589763 ], [ 9.041671963634172, 62.231650419013597 ], [ 9.039681319589937, 62.231992947304583 ], [ 9.035992483760406, 62.23311516242984 ], [ 9.035862788823811, 62.233539868284311 ], [ 9.03496610587732, 62.234144886354315 ], [ 9.034454518536785, 62.234196290604082 ], [ 9.0336393498006, 62.233873805816103 ], [ 9.032210592921334, 62.234164031162713 ], [ 9.031499264834109, 62.23448592885476 ], [ 9.031727182317171, 62.234836386968539 ], [ 9.030821698824679, 62.23527298728569 ], [ 9.030644666449243, 62.235742288356889 ], [ 9.029408410000112, 62.23598191111774 ], [ 9.028786691637919, 62.236904362959763 ], [ 9.028807846718786, 62.237099313233479 ], [ 9.029149122166503, 62.237353104868255 ], [ 9.03013833738609, 62.23772184506393 ], [ 9.032054165009491, 62.238278951609075 ], [ 9.032744893097769, 62.238353415816533 ], [ 9.034132019326476, 62.237606231825318 ] ], [ [ 9.048876670736455, 62.229157593276796 ], [ 9.049291058154511, 62.229126806616222 ], [ 9.049074126475954, 62.229413066722941 ], [ 9.048730157731146, 62.229448774470448 ], [ 9.048876670736455, 62.229157593276796 ] ] ] ] } },
{ "type": "Feature", "properties": { "fid": 265515, "navn": null, "hoyde_moh": 1111, "arealInnsjo_km2": 0.0035, "magasinKategori": null, "fid_2": 425, "id": 425, "left": 8.986919847, "top": 62.446110046000001, "right": 9.486919847, "bottom": 61.946110046000001, "row_index": 24, "col_index": 10, "tile_id": 425 }, "geometry": { "type": "MultiPolygon", "coordinates": [ [ [ [ 9.038466001465267, 62.040811057180605 ], [ 9.038808577903117, 62.040613400884595 ], [ 9.037940551939952, 62.04047442263569 ], [ 9.036950972396172, 62.040678895382264 ], [ 9.037373427415771, 62.040894561720073 ], [ 9.038466001465267, 62.040811057180605 ] ] ] ] } },
{ "type": "Feature", "properties": { "fid": 265517, "navn": "Lomtjønne", "hoyde_moh": 1049, "arealInnsjo_km2": 0.0707, "magasinKategori": null, "fid_2": 425, "id": 425, "left": 8.986919847, "top": 62.446110046000001, "right": 9.486919847, "bottom": 61.946110046000001, "row_index": 24, "col_index": 10, "tile_id": 425 }, "geometry": { "type": "MultiPolygon", "coordinates": [ [ [ [ 9.077145653973581, 62.146444577673599 ], [ 9.077776798664472, 62.146054888433561 ], [ 9.077645028667712, 62.145786689583609 ], [ 9.078087691208701, 62.145516221065016 ], [ 9.077646121370963, 62.144954536639801 ], [ 9.077852346507685, 62.144875241862749 ], [ 9.077801988629339, 62.144578484068845 ], [ 9.078048886770599, 62.144368222023068 ], [ 9.078218888661088, 62.143783532994441 ], [ 9.076300401108341, 62.143018900612773 ], [ 9.075643895045904, 62.143023940098118 ], [ 9.075170364907672, 62.143327288644727 ], [ 9.07437542551631, 62.143542735007088 ], [ 9.074063715078676, 62.14384987769958 ], [ 9.073538125014183, 62.144881538555232 ], [ 9.073558444496934, 62.145283161703901 ], [ 9.074955464144985, 62.146228743266327 ], [ 9.076465482379328, 62.146576818671988 ], [ 9.077145653973581, 62.146444577673599 ] ] ] ] } },
{ "type": "Feature", "properties": { "fid": 265520, "navn": null, "hoyde_moh": 1225, "arealInnsjo_km2": 0.0082, "magasinKategori": null, "fid_2": 425, "id": 425, "left": 8.986919847, "top": 62.446110046000001, "right": 9.486919847, "bottom": 61.946110046000001, "row_index": 24, "col_index": 10, "tile_id": 425 }, "geometry": { "type": "MultiPolygon", "coordinates": [ [ [ [ 9.094912524335038, 62.214795716222554 ], [ 9.094842860527553, 62.214294131194769 ], [ 9.093900520788459, 62.213985479931836 ], [ 9.092949515396086, 62.214612268060101 ], [ 9.093940343214108, 62.215040581879798 ], [ 9.094912524335038, 62.214795716222554 ] ] ] ] } },
{ "type": "Feature", "properties": { "fid": 265522, "navn": null, "hoyde_moh": 1229, "arealInnsjo_km2": 0.0049, "magasinKategori": null, "fid_2": 425, "id": 425, "left": 8.986919847, "top": 62.446110046000001, "right": 9.486919847, "bottom": 61.946110046000001, "row_index": 24, "col_index": 10, "tile_id": 425 }, "geometry": { "type": "MultiPolygon", "coordinates": [ [ [ [ 9.092309351602532, 62.215587263441044 ], [ 9.092367791350313, 62.21530597257415 ], [ 9.092206166418686, 62.21496080604593 ], [ 9.091418507081034, 62.214835035781142 ], [ 9.090828521104504, 62.215229467297142 ], [ 9.091673095717271, 62.215649204838208 ], [ 9.092309351602532, 62.215587263441044 ] ] ] ] } },
{ "type": "Feature", "properties": { "fid": 265524, "navn": null, "hoyde_moh": 1139, "arealInnsjo_km2": 0.0044, "magasinKategori": null, "fid_2": 425, "id": 425, "left": 8.986919847, "top": 62.446110046000001, "right": 9.486919847, "bottom": 61.946110046000001, "row_index": 24, "col_index": 10, "tile_id": 425 }, "geometry": { "type": "MultiPolygon", "coordinates": [ [ [ [ 9.195963005034953, 62.19965302344373 ], [ 9.195965137835412, 62.199477744552865 ], [ 9.196447467426299, 62.199423189689519 ], [ 9.196345733342771, 62.199074572401727 ], [ 9.196481855444897, 62.19893012737824 ], [ 9.195725300250146, 62.198884400441898 ], [ 9.195630244825704, 62.19921196983573 ], [ 9.195808764546495, 62.199399967489619 ], [ 9.195110496444629, 62.199248655538454 ], [ 9.195020933089616, 62.199546657174523 ], [ 9.195181819531088, 62.199714109534611 ], [ 9.195963005034953, 62.19965302344373 ] ] ] ] } },
{ "type": "Feature", "properties": { "fid": 265525, "navn": "Kjelsungvatnet", "hoyde_moh": 1250, "arealInnsjo_km2": 0.1235, "magasinKategori": null, "fid_2": 425, "id": 425, "left": 8.986919847, "top": 62.446110046000001, "right": 9.486919847, "bottom": 61.946110046000001, "row_index": 24, "col_index": 10, "tile_id": 425 }, "geometry": { "type": "MultiPolygon", "coordinates": [ [ [ [ 9.147450164732463, 62.243574244618422 ], [ 9.14717147491821, 62.243191893271607 ], [ 9.147706372086033, 62.243190845230451 ], [ 9.148118495599244, 62.242993289476502 ], [ 9.148648175676135, 62.242635861657526 ], [ 9.148426512049053, 62.242367201294549 ], [ 9.148712610856078, 62.242052316977173 ], [ 9.149654656011542, 62.241706296004537 ], [ 9.150329069575816, 62.241172044997022 ], [ 9.150140369007113, 62.240881734006251 ], [ 9.150425891463167, 62.240460408421995 ], [ 9.150415248721067, 62.239819041590984 ], [ 9.149446942192919, 62.239015723369356 ], [ 9.149806201794277, 62.238418540275312 ], [ 9.149772427961603, 62.238017382614053 ], [ 9.149488879389187, 62.23766111828153 ], [ 9.149959015681057, 62.236959059721485 ], [ 9.149765721403456, 62.236682597555863 ], [ 9.149848521784458, 62.236326073323795 ], [ 9.149447150494472, 62.236141191990228 ], [ 9.149051096886273, 62.23540276487396 ], [ 9.148673332910747, 62.235571073665987 ], [ 9.1485608720456, 62.235930214004036 ], [ 9.147856221145712, 62.235812442756611 ], [ 9.147464093451067, 62.236186578079973 ], [ 9.147782537154461, 62.236833678295213 ], [ 9.147685852511657, 62.237292248023621 ], [ 9.147260434779264, 62.2376349951398 ], [ 9.147344339242375, 62.239074423132088 ], [ 9.146922336331285, 62.239960191660529 ], [ 9.146076994520334, 62.240904660140991 ], [ 9.146267976293503, 62.241254493832976 ], [ 9.146066903888967, 62.241502298717549 ], [ 9.14623368635332, 62.24195770312329 ], [ 9.145805293761773, 62.242205161262596 ], [ 9.14638025985473, 62.243016169357766 ], [ 9.145938051128047, 62.243125208616028 ], [ 9.145991006778678, 62.243568413818899 ], [ 9.145868048375007, 62.243680518956758 ], [ 9.146294856299598, 62.243915640684641 ], [ 9.14698677456869, 62.243992632440921 ], [ 9.147450164732463, 62.243574244618422 ] ] ] ] } },
{ "type": "Feature", "properties": { "fid": 265526, "navn": null, "hoyde_moh": 1421, "arealInnsjo_km2": 0.0052, "magasinKategori": null, "fid_2": 425, "id": 425, "left": 8.986919847, "top": 62.446110046000001, "right": 9.486919847, "bottom": 61.946110046000001, "row_index": 24, "col_index": 10, "tile_id": 425 }, "geometry": { "type": "MultiPolygon", "coordinates": [ [ [ [ 9.075397267796282, 62.240946061970646 ], [ 9.075713951012558, 62.240757225426719 ], [ 9.074711851336692, 62.240228286058837 ], [ 9.07405634187988, 62.240138078141868 ], [ 9.074014203715173, 62.24050596097571 ], [ 9.074602942920547, 62.241009815183581 ], [ 9.075397267796282, 62.240946061970646 ] ] ] ] } },
{ "type": "Feature", "properties": { "fid": 265527, "navn": null, "hoyde_moh": 1072, "arealInnsjo_km2": 0.0043, "magasinKategori": null, "fid_2": 425, "id": 425, "left": 8.986919847, "top": 62.446110046000001, "right": 9.486919847, "bottom": 61.946110046000001, "row_index": 24, "col_index": 10, "tile_id": 425 }, "geometry": { "type": "MultiPolygon", "coordinates": [ [ [ [ 9.194951394313323, 62.048705486667181 ], [ 9.194245858735199, 62.04825730589333 ], [ 9.193426312443032, 62.048217618388435 ], [ 9.193417959053008, 62.048497784274716 ], [ 9.193623247798282, 62.048716829226464 ], [ 9.194700879780417, 62.048876145921533 ], [ 9.194951394313323, 62.048705486667181 ] ] ] ] } },
{ "type": "Feature", "properties": { "fid": 265528, "navn": null, "hoyde_moh": 1072, "arealInnsjo_km2": 0.0088, "magasinKategori": null, "fid_2": 425, "id": 425, "left": 8.986919847, "top": 62.446110046000001, "right": 9.486919847, "bottom": 61.946110046000001, "row_index": 24, "col_index": 10, "tile_id": 425 }, "geometry": { "type": "MultiPolygon", "coordinates": [ [ [ [ 9.200856398009238, 62.049618221337738 ], [ 9.201317568399585, 62.049451020939053 ], [ 9.201523672363361, 62.049204480591229 ], [ 9.199592361042892, 62.048921848955302 ], [ 9.199132484995095, 62.04912339749626 ], [ 9.199055861297541, 62.049623497033565 ], [ 9.199682492771064, 62.049769625249901 ], [ 9.200856398009238, 62.049618221337738 ] ] ] ] } },
{ "type": "Feature", "properties": { "fid": 265529, "navn": "Svarttjønne", "hoyde_moh": 648, "arealInnsjo_km2": 0.0044, "magasinKategori": null, "fid_2": 425, "id": 425, "left": 8.986919847, "top": 62.446110046000001, "right": 9.486919847, "bottom": 61.946110046000001, "row_index": 24, "col_index": 10, "tile_id": 425 }, "geometry": { "type": "MultiPolygon", "coordinates": [ [ [ [ 9.023846128507255, 62.0730745087629 ], [ 9.023558819788578, 62.072850268680746 ], [ 9.02285078113994, 62.072823330300487 ], [ 9.022123759178536, 62.073182649694452 ], [ 9.022851075210173, 62.07340680677715 ], [ 9.023616609845643, 62.07334376742223 ], [ 9.023846128507255, 62.0730745087629 ] ] ] ] } },
{ "type": "Feature", "properties": { "fid": 265530, "navn": null, "hoyde_moh": 1077, "arealInnsjo_km2": 0.0077, "magasinKategori": null, "fid_2": 425, "id": 425, "left": 8.986919847, "top": 62.446110046000001, "right": 9.486919847, "bottom": 61.946110046000001, "row_index": 24, "col_index": 10, "tile_id": 425 }, "geometry": { "type": "MultiPolygon", "coordinates": [ [ [ [ 9.066980008945743, 62.127316929714404 ], [ 9.067370215740173, 62.127054148890856 ], [ 9.067537058877614, 62.126723237107839 ], [ 9.067018120354602, 62.126596384952343 ], [ 9.066269741678411, 62.126819537683573 ], [ 9.065478391255692, 62.126783422733645 ], [ 9.065680449164418, 62.127230504820659 ], [ 9.065574937727648, 62.127429088537546 ], [ 9.066165478573616, 62.127628174245466 ], [ 9.066980008945743, 62.127316929714404 ] ] ] ] } },
{ "type": "Feature", "properties": { "fid": 265536, "navn": null, "hoyde_moh": 1196, "arealInnsjo_km2": 0.0537, "magasinKategori": null, "fid_2": 425, "id": 425, "left": 8.986919847, "top": 62.446110046000001, "right": 9.486919847, "bottom": 61.946110046000001, "row_index": 24, "col_index": 10, "tile_id": 425 }, "geometry": { "type": "MultiPolygon", "coordinates": [ [ [ [ 9.155486807482259, 62.220116483259261 ], [ 9.156382796163241, 62.219958092954023 ], [ 9.158232405749212, 62.22000933587055 ], [ 9.158145710715594, 62.219397171364065 ], [ 9.158725766336383, 62.219020783204037 ], [ 9.158648362987561, 62.218548645671845 ], [ 9.159733938358078, 62.218338196698312 ], [ 9.160078385493534, 62.218548197630881 ], [ 9.160801016542004, 62.218645970349293 ], [ 9.161986948731732, 62.217876797549792 ], [ 9.161586140551664, 62.217248041896781 ], [ 9.162664395014655, 62.217105864060017 ], [ 9.161990832602228, 62.216516188680565 ], [ 9.161385027587038, 62.216466658103499 ], [ 9.159959042045765, 62.217221813212468 ], [ 9.160443130260564, 62.217424748118049 ], [ 9.161129666044051, 62.21729367446865 ], [ 9.160730384634807, 62.217490987775271 ], [ 9.160475679464788, 62.217881665195002 ], [ 9.159041860582517, 62.217839192575781 ], [ 9.158227526388462, 62.218250246390355 ], [ 9.156689760475698, 62.218329937644889 ], [ 9.156158918504735, 62.218787622884584 ], [ 9.155319355845208, 62.218913825086915 ], [ 9.154677919015249, 62.219776280600357 ], [ 9.154680561120687, 62.220241750375642 ], [ 9.155209000837866, 62.220313606033159 ], [ 9.155486807482259, 62.220116483259261 ] ] ] ] } },
{ "type": "Feature", "properties": { "fid": 265539, "navn": null, "hoyde_moh": 1060, "arealInnsjo_km2": 0.0035, "magasinKategori": null, "fid_2": 425, "id": 425, "left": 8.986919847, "top": 62.446110046000001, "right": 9.486919847, "bottom": 61.946110046000001, "row_index": 24, "col_index": 10, "tile_id": 425 }, "geometry": { "type": "MultiPolygon", "coordinates": [ [ [ [ 9.082098099058708, 62.148065457607935 ], [ 9.08194089818687, 62.147953375451195 ], [ 9.081949892116828, 62.147706074040862 ], [ 9.081631935272606, 62.147660206569405 ], [ 9.080897722697271, 62.147915031268631 ], [ 9.081090004829798, 62.148240922690235 ], [ 9.081673159980337, 62.14833876990059 ], [ 9.082098099058708, 62.148065457607935 ] ] ] ] } },
{ "type": "Feature", "properties": { "fid": 265540, "navn": null, "hoyde_moh": 1193, "arealInnsjo_km2": 0.0128, "magasinKategori": null, "fid_2": 425, "id": 425, "left": 8.986919847, "top": 62.446110046000001, "right": 9.486919847, "bottom": 61.946110046000001, "row_index": 24, "col_index": 10, "tile_id": 425 }, "geometry": { "type": "MultiPolygon", "coordinates": [ [ [ [ 9.128241146925147, 62.1993125901448 ], [ 9.128131155728262, 62.199043045042728 ], [ 9.128760587958931, 62.198768365721371 ], [ 9.129462542412011, 62.198742819447517 ], [ 9.129491093668689, 62.198382378076133 ], [ 9.128792774337724, 62.198147799038829 ], [ 9.128028280843203, 62.198224342511715 ], [ 9.127122619725139, 62.199005768333855 ], [ 9.125983517873404, 62.199388331896515 ], [ 9.125980526666744, 62.199564936126464 ], [ 9.1263658296182, 62.199641184555325 ], [ 9.128241146925147, 62.1993125901448 ] ] ] ] } },
{ "type": "Feature", "properties": { "fid": 265544, "navn": null, "hoyde_moh": 1423, "arealInnsjo_km2": 0.0702, "magasinKategori": null, "fid_2": 425, "id": 425, "left": 8.986919847, "top": 62.446110046000001, "right": 9.486919847, "bottom": 61.946110046000001, "row_index": 24, "col_index": 10, "tile_id": 425 }, "geometry": { "type": "MultiPolygon", "coordinates": [ [ [ [ 9.078822695359094, 62.244023852220252 ], [ 9.079416900042704, 62.243791334030988 ], [ 9.079953810323836, 62.243102312267666 ], [ 9.079685436736195, 62.242978911943055 ], [ 9.079702702493938, 62.242720438514304 ], [ 9.080292208045188, 62.242489066980731 ], [ 9.078954826683253, 62.241943652435609 ], [ 9.077667334260871, 62.241685412723932 ], [ 9.076225860299242, 62.241842744164288 ], [ 9.074604109397347, 62.241491107794097 ], [ 9.07398613332583, 62.241580689703049 ], [ 9.073266252724544, 62.242263112468422 ], [ 9.074080069439262, 62.243101372122155 ], [ 9.076920569416952, 62.244079812642681 ], [ 9.077615517696728, 62.24417412354429 ], [ 9.078822695359094, 62.244023852220252 ] ] ] ] } },
{ "type": "Feature", "properties": { "fid": 265547, "navn": null, "hoyde_moh": 1109, "arealInnsjo_km2": 0.0036, "magasinKategori": null, "fid_2": 425, "id": 425, "left": 8.986919847, "top": 62.446110046000001, "right": 9.486919847, "bottom": 61.946110046000001, "row_index": 24, "col_index": 10, "tile_id": 425 }, "geometry": { "type": "MultiPolygon", "coordinates": [ [ [ [ 9.034587477561494, 62.044267030113325 ], [ 9.034657731539705, 62.044182826116817 ], [ 9.034013507775205, 62.044044429608149 ], [ 9.033058682306015, 62.044651692013332 ], [ 9.033524670487934, 62.044853859444828 ], [ 9.034587477561494, 62.044267030113325 ] ] ] ] } },
{ "type": "Feature", "properties": { "fid": 265548, "navn": null, "hoyde_moh": 966, "arealInnsjo_km2": 0.0027, "magasinKategori": null, "fid_2": 425, "id": 425, "left": 8.986919847, "top": 62.446110046000001, "right": 9.486919847, "bottom": 61.946110046000001, "row_index": 24, "col_index": 10, "tile_id": 425 }, "geometry": { "type": "MultiPolygon", "coordinates": [ [ [ [ 9.209292704941619, 62.122863401626631 ], [ 9.209386791778693, 62.122593859254899 ], [ 9.208810177464713, 62.122388345847085 ], [ 9.208180101425848, 62.122757277348022 ], [ 9.208526454795619, 62.122927379725517 ], [ 9.209292704941619, 62.122863401626631 ] ] ] ] } },
{ "type": "Feature", "properties": { "fid": 265550, "navn": null, "hoyde_moh": 1292, "arealInnsjo_km2": 0.0075, "magasinKategori": null, "fid_2": 425, "id": 425, "left": 8.986919847, "top": 62.446110046000001, "right": 9.486919847, "bottom": 61.946110046000001, "row_index": 24, "col_index": 10, "tile_id": 425 }, "geometry": { "type": "MultiPolygon", "coordinates": [ [ [ [ 9.082136535780714, 62.199293945379843 ], [ 9.082353024253649, 62.198915794938848 ], [ 9.082889687658874, 62.1987506933947 ], [ 9.083369757145693, 62.198373024521644 ], [ 9.081871553527652, 62.198307784115983 ], [ 9.081636542364031, 62.198693873929379 ], [ 9.081262823602225, 62.198905746087974 ], [ 9.081168449745913, 62.19931082451091 ], [ 9.082136535780714, 62.199293945379843 ] ] ] ] } },
{ "type": "Feature", "properties": { "fid": 265554, "navn": null, "hoyde_moh": 1028, "arealInnsjo_km2": 0.0078, "magasinKategori": null, "fid_2": 425, "id": 425, "left": 8.986919847, "top": 62.446110046000001, "right": 9.486919847, "bottom": 61.946110046000001, "row_index": 24, "col_index": 10, "tile_id": 425 }, "geometry": { "type": "MultiPolygon", "coordinates": [ [ [ [ 9.170956734693199, 61.999735671972282 ], [ 9.170414220488338, 61.999586190552414 ], [ 9.170533234069426, 61.999063315835464 ], [ 9.170234407205998, 61.999093952901994 ], [ 9.169878670451881, 61.999513255056002 ], [ 9.16921966696494, 61.999709666868903 ], [ 9.169195109485321, 62.000036414983711 ], [ 9.168875503584653, 62.000257206405045 ], [ 9.169317820755504, 62.000336096162229 ], [ 9.16927257784671, 62.000519094152153 ], [ 9.169615613165387, 62.000538587303545 ], [ 9.170956734693199, 61.999735671972282 ] ] ] ] } },
{ "type": "Feature", "properties": { "fid": 265557, "navn": null, "hoyde_moh": 1115, "arealInnsjo_km2": 0.0029, "magasinKategori": null, "fid_2": 425, "id": 425, "left": 8.986919847, "top": 62.446110046000001, "right": 9.486919847, "bottom": 61.946110046000001, "row_index": 24, "col_index": 10, "tile_id": 425 }, "geometry": { "type": "MultiPolygon", "coordinates": [ [ [ [ 9.02809127284085, 62.044765297963913 ], [ 9.029150882189262, 62.044675750168182 ], [ 9.028074589219383, 62.044408645370197 ], [ 9.027444391381037, 62.044587857450715 ], [ 9.027455344875198, 62.044786511244965 ], [ 9.027801487103613, 62.044881213906137 ], [ 9.02809127284085, 62.044765297963913 ] ] ] ] } },
{ "type": "Feature", "properties": { "fid": 265558, "navn": "Lomtjønn", "hoyde_moh": 997, "arealInnsjo_km2": 0.0191, "magasinKategori": null, "fid_2": 425, "id": 425, "left": 8.986919847, "top": 62.446110046000001, "right": 9.486919847, "bottom": 61.946110046000001, "row_index": 24, "col_index": 10, "tile_id": 425 }, "geometry": { "type": "MultiPolygon", "coordinates": [ [ [ [ 9.181644747082876, 62.123439405466065 ], [ 9.181642757207516, 62.122990000983307 ], [ 9.180332594923135, 62.122390164456625 ], [ 9.179780853453707, 62.121959426697018 ], [ 9.178642693489893, 62.122020600948858 ], [ 9.178247990340241, 62.12240924232605 ], [ 9.178450137986193, 62.122690463788089 ], [ 9.17909966809383, 62.123030625747631 ], [ 9.180395963035588, 62.123529689631837 ], [ 9.181153342285883, 62.123609263336313 ], [ 9.181644747082876, 62.123439405466065 ] ] ] ] } },
{ "type": "Feature", "properties": { "fid": 265559, "navn": null, "hoyde_moh": 1034, "arealInnsjo_km2": 0.0027, "magasinKategori": null, "fid_2": 425, "id": 425, "left": 8.986919847, "top": 62.446110046000001, "right": 9.486919847, "bottom": 61.946110046000001, "row_index": 24, "col_index": 10, "tile_id": 425 }, "geometry": { "type": "MultiPolygon", "coordinates": [ [ [ [ 8.997585112428128, 62.116100807915039 ], [ 8.997355294513412, 62.115741796596097 ], [ 8.99643530279225, 62.115831406510836 ], [ 8.996588577762987, 62.11619050887964 ], [ 8.997585112428128, 62.116100807915039 ] ] ] ] } },
{ "type": "Feature", "properties": { "fid": 265561, "navn": null, "hoyde_moh": 1260, "arealInnsjo_km2": 0.0134, "magasinKategori": null, "fid_2": 425, "id": 425, "left": 8.986919847, "top": 62.446110046000001, "right": 9.486919847, "bottom": 61.946110046000001, "row_index": 24, "col_index": 10, "tile_id": 425 }, "geometry": { "type": "MultiPolygon", "coordinates": [ [ [ [ 9.108530968198611, 62.203163560922725 ], [ 9.107541941657631, 62.202715165574936 ], [ 9.107802862695419, 62.202484912286693 ], [ 9.107772489180535, 62.202325699467679 ], [ 9.106737628464028, 62.201903883365247 ], [ 9.105880507932499, 62.20198005007515 ], [ 9.105548641967887, 62.202195479671268 ], [ 9.105678802006633, 62.20243583782036 ], [ 9.105196833833819, 62.202296976289702 ], [ 9.104934510921066, 62.202596400951457 ], [ 9.105032163403727, 62.202742728957688 ], [ 9.105533365933265, 62.202564414179449 ], [ 9.105970341410149, 62.202622846553403 ], [ 9.106312959186779, 62.203120486257454 ], [ 9.106577084477445, 62.203019839073619 ], [ 9.10646233878553, 62.202771586293778 ], [ 9.106613505676847, 62.202706366609434 ], [ 9.107587369705557, 62.203250007654908 ], [ 9.108087947271962, 62.203343106403317 ], [ 9.108530968198611, 62.203163560922725 ] ] ] ] } },
{ "type": "Feature", "properties": { "fid": 265563, "navn": null, "hoyde_moh": 1491, "arealInnsjo_km2": 0.005, "magasinKategori": null, "fid_2": 425, "id": 425, "left": 8.986919847, "top": 62.446110046000001, "right": 9.486919847, "bottom": 61.946110046000001, "row_index": 24, "col_index": 10, "tile_id": 425 }, "geometry": { "type": "MultiPolygon", "coordinates": [ [ [ [ 9.091050106815615, 62.248584210197521 ], [ 9.091199982081671, 62.248357872319154 ], [ 9.090506657144301, 62.248187804242981 ], [ 9.09033125234278, 62.247876714926754 ], [ 9.089795208349853, 62.247850574164474 ], [ 9.089451404443848, 62.248011453538645 ], [ 9.089406960751583, 62.248152169650901 ], [ 9.089865172248112, 62.248476242608781 ], [ 9.091050106815615, 62.248584210197521 ] ] ] ] } },
{ "type": "Feature", "properties": { "fid": 265566, "navn": null, "hoyde_moh": 1132, "arealInnsjo_km2": 0.0051, "magasinKategori": null, "fid_2": 425, "id": 425, "left": 8.986919847, "top": 62.446110046000001, "right": 9.486919847, "bottom": 61.946110046000001, "row_index": 24, "col_index": 10, "tile_id": 425 }, "geometry": { "type": "MultiPolygon", "coordinates": [ [ [ [ 9.209360906918857, 62.208418808252432 ], [ 9.209435130297996, 62.208332524022545 ], [ 9.208132057606427, 62.208068536213496 ], [ 9.207445258936922, 62.208309648957581 ], [ 9.207479346735399, 62.208687016939983 ], [ 9.209360906918857, 62.208418808252432 ] ] ] ] } },
{ "type": "Feature", "properties": { "fid": 265568, "navn": null, "hoyde_moh": 1491, "arealInnsjo_km2": 0.013, "magasinKategori": null, "fid_2": 425, "id": 425, "left": 8.986919847, "top": 62.446110046000001, "right": 9.486919847, "bottom": 61.946110046000001, "row_index": 24, "col_index": 10, "tile_id": 425 }, "geometry": { "type": "MultiPolygon", "coordinates": [ [ [ [ 9.095121598532522, 62.249044988018298 ], [ 9.094574039905124, 62.248589542233354 ], [ 9.093845663019712, 62.248332372845475 ], [ 9.092275947244756, 62.248305955891432 ], [ 9.091970786355141, 62.248631903942702 ], [ 9.091473203649592, 62.248686102764516 ], [ 9.092527683938203, 62.249028787492215 ], [ 9.094584992960673, 62.249301910143892 ], [ 9.095121598532522, 62.249044988018298 ] ] ] ] } },
{ "type": "Feature", "properties": { "fid": 265574, "navn": null, "hoyde_moh": 1077, "arealInnsjo_km2": 0.0025, "magasinKategori": null, "fid_2": 425, "id": 425, "left": 8.986919847, "top": 62.446110046000001, "right": 9.486919847, "bottom": 61.946110046000001, "row_index": 24, "col_index": 10, "tile_id": 425 }, "geometry": { "type": "MultiPolygon", "coordinates": [ [ [ [ 9.201728960680251, 62.054583255800814 ], [ 9.20184810997344, 62.054199727082889 ], [ 9.201281433081396, 62.054088634996596 ], [ 9.200870704430038, 62.054410012620394 ], [ 9.201140044380949, 62.054729957102737 ], [ 9.201728960680251, 62.054583255800814 ] ] ] ] } },
{ "type": "Feature", "properties": { "fid": 265577, "navn": null, "hoyde_moh": 1430, "arealInnsjo_km2": 0.0032, "magasinKategori": null, "fid_2": 425, "id": 425, "left": 8.986919847, "top": 62.446110046000001, "right": 9.486919847, "bottom": 61.946110046000001, "row_index": 24, "col_index": 10, "tile_id": 425 }, "geometry": { "type": "MultiPolygon", "coordinates": [ [ [ [ 9.050215099174231, 62.24787229900658 ], [ 9.050689113436551, 62.247512993940902 ], [ 9.049908843310417, 62.247311153357501 ], [ 9.049187546550206, 62.247608676922553 ], [ 9.049832684707306, 62.247979293567859 ], [ 9.050215099174231, 62.24787229900658 ] ] ] ] } },
{ "type": "Feature", "properties": { "fid": 265582, "navn": "Maningtjørni", "hoyde_moh": 1120, "arealInnsjo_km2": 0.0503, "magasinKategori": null, "fid_2": 425, "id": 425, "left": 8.986919847, "top": 62.446110046000001, "right": 9.486919847, "bottom": 61.946110046000001, "row_index": 24, "col_index": 10, "tile_id": 425 }, "geometry": { "type": "MultiPolygon", "coordinates": [ [ [ [ 9.098019279818477, 62.00383429015244 ], [ 9.099122051404928, 62.003933825914409 ], [ 9.099966113028188, 62.004250310088445 ], [ 9.100736834359468, 62.003697431038781 ], [ 9.100849553805734, 62.002917263973742 ], [ 9.100602964657829, 62.002720498083299 ], [ 9.097469846800857, 62.002624967836013 ], [ 9.096630381802402, 62.00291531142603 ], [ 9.096020493230325, 62.00276209469083 ], [ 9.09579156592155, 62.002992207837487 ], [ 9.094647547428345, 62.002902127217197 ], [ 9.092527755426724, 62.003124593604802 ], [ 9.092732824165205, 62.003298254104145 ], [ 9.094126682903493, 62.003584008648012 ], [ 9.09443329843638, 62.004023665459798 ], [ 9.095635183764465, 62.004137478703406 ], [ 9.098019279818477, 62.00383429015244 ] ] ] ] } },
{ "type": "Feature", "properties": { "fid": 265586, "navn": null, "hoyde_moh": 1145, "arealInnsjo_km2": 0.0071, "magasinKategori": null, "fid_2": 425, "id": 425, "left": 8.986919847, "top": 62.446110046000001, "right": 9.486919847, "bottom": 61.946110046000001, "row_index": 24, "col_index": 10, "tile_id": 425 }, "geometry": { "type": "MultiPolygon", "coordinates": [ [ [ [ 9.213309229124459, 62.210961845502389 ], [ 9.212098137029104, 62.210505318760468 ], [ 9.21149958260567, 62.210719539048682 ], [ 9.211685197362533, 62.211184630322805 ], [ 9.212644327212764, 62.211531586492406 ], [ 9.213309229124459, 62.210961845502389 ] ] ] ] } },
{ "type": "Feature", "properties": { "fid": 265590, "navn": "Gropovatnet", "hoyde_moh": 1395, "arealInnsjo_km2": 0.0497, "magasinKategori": null, "fid_2": 425, "id": 425, "left": 8.986919847, "top": 62.446110046000001, "right": 9.486919847, "bottom": 61.946110046000001, "row_index": 24, "col_index": 10, "tile_id": 425 }, "geometry": { "type": "MultiPolygon", "coordinates": [ [ [ [ 9.129476275943919, 62.232037840439972 ], [ 9.129734897471758, 62.231801053203966 ], [ 9.129740534310439, 62.231430725124767 ], [ 9.131466803288456, 62.231089848298183 ], [ 9.129423244632552, 62.230665137916503 ], [ 9.12726679141921, 62.230687917904518 ], [ 9.126592461458811, 62.230515590167428 ], [ 9.126017576444049, 62.230161928455544 ], [ 9.124867119989219, 62.230022935591514 ], [ 9.124278996131579, 62.230307746450713 ], [ 9.12426736608651, 62.230769743827871 ], [ 9.126502604654203, 62.23115126567847 ], [ 9.126518953148183, 62.231454194876775 ], [ 9.125426427845197, 62.231573807796153 ], [ 9.123915498236812, 62.231416884694653 ], [ 9.123659408128351, 62.231709679467158 ], [ 9.124792006459433, 62.232006737292373 ], [ 9.12817579243692, 62.232180878815214 ], [ 9.129476275943919, 62.232037840439972 ] ] ] ] } },
{ "type": "Feature", "properties": { "fid": 265593, "navn": null, "hoyde_moh": 1115, "arealInnsjo_km2": 0.0026, "magasinKategori": null, "fid_2": 425, "id": 425, "left": 8.986919847, "top": 62.446110046000001, "right": 9.486919847, "bottom": 61.946110046000001, "row_index": 24, "col_index": 10, "tile_id": 425 }, "geometry": { "type": "MultiPolygon", "coordinates": [ [ [ [ 9.023903245143105, 62.048308351944314 ], [ 9.024323692195081, 62.047985078209805 ], [ 9.023443895299954, 62.047886560549806 ], [ 9.023348479766062, 62.048146957736087 ], [ 9.023597124140526, 62.048182692901044 ], [ 9.023367817128317, 62.048317523783304 ], [ 9.02336794812712, 62.048496980433157 ], [ 9.023750367603505, 62.048595608266858 ], [ 9.023903245143105, 62.048308351944314 ] ] ] ] } },
{ "type": "Feature", "properties": { "fid": 265594, "navn": null, "hoyde_moh": 1030, "arealInnsjo_km2": 0.0028, "magasinKategori": null, "fid_2": 425, "id": 425, "left": 8.986919847, "top": 62.446110046000001, "right": 9.486919847, "bottom": 61.946110046000001, "row_index": 24, "col_index": 10, "tile_id": 425 }, "geometry": { "type": "MultiPolygon", "coordinates": [ [ [ [ 9.17888706804859, 62.055613129066245 ], [ 9.178991277830056, 62.055464938930001 ], [ 9.17839713016309, 62.055042448607907 ], [ 9.178012901823491, 62.054967509110497 ], [ 9.177781072310317, 62.055184935442441 ], [ 9.177961030250769, 62.055469644579176 ], [ 9.17888706804859, 62.055613129066245 ] ] ] ] } },
{ "type": "Feature", "properties": { "fid": 265595, "navn": null, "hoyde_moh": 1030, "arealInnsjo_km2": 0.003, "magasinKategori": null, "fid_2": 425, "id": 425, "left": 8.986919847, "top": 62.446110046000001, "right": 9.486919847, "bottom": 61.946110046000001, "row_index": 24, "col_index": 10, "tile_id": 425 }, "geometry": { "type": "MultiPolygon", "coordinates": [ [ [ [ 9.181039608140093, 62.05596390860395 ], [ 9.181486484760804, 62.055620343434747 ], [ 9.180951090371167, 62.055476367833613 ], [ 9.180249667814845, 62.05552190155683 ], [ 9.180389606275817, 62.055721371295085 ], [ 9.180107577584907, 62.05579956998443 ], [ 9.180645430193946, 62.05601873455975 ], [ 9.181039608140093, 62.05596390860395 ] ] ] ] } },
{ "type": "Feature", "properties": { "fid": 265597, "navn": null, "hoyde_moh": 1103, "arealInnsjo_km2": 0.0036, "magasinKategori": null, "fid_2": 425, "id": 425, "left": 8.986919847, "top": 62.446110046000001, "right": 9.486919847, "bottom": 61.946110046000001, "row_index": 24, "col_index": 10, "tile_id": 425 }, "geometry": { "type": "MultiPolygon", "coordinates": [ [ [ [ 9.16900773773815, 62.18201405245587 ], [ 9.169051028297156, 62.181809987330155 ], [ 9.167937748452772, 62.181578073298468 ], [ 9.167282208939019, 62.181763490019357 ], [ 9.168204495699994, 62.181981944534115 ], [ 9.168102853449064, 62.182128089215553 ], [ 9.16900773773815, 62.18201405245587 ] ] ] ] } },
{ "type": "Feature", "properties": { "fid": 265601, "navn": null, "hoyde_moh": 1359, "arealInnsjo_km2": 0.0036, "magasinKategori": null, "fid_2": 425, "id": 425, "left": 8.986919847, "top": 62.446110046000001, "right": 9.486919847, "bottom": 61.946110046000001, "row_index": 24, "col_index": 10, "tile_id": 425 }, "geometry": { "type": "MultiPolygon", "coordinates": [ [ [ [ 9.023435247135346, 62.001987992668411 ], [ 9.023529604985182, 62.001650299349308 ], [ 9.022881878254855, 62.001301694005669 ], [ 9.022427809982869, 62.001266560851548 ], [ 9.022411474770543, 62.001659328510208 ], [ 9.022984120900224, 62.002085889493678 ], [ 9.023435247135346, 62.001987992668411 ] ] ] ] } },
{ "type": "Feature", "properties": { "fid": 265604, "navn": null, "hoyde_moh": 1115, "arealInnsjo_km2": 0.0068, "magasinKategori": null, "fid_2": 425, "id": 425, "left": 8.986919847, "top": 62.446110046000001, "right": 9.486919847, "bottom": 61.946110046000001, "row_index": 24, "col_index": 10, "tile_id": 425 }, "geometry": { "type": "MultiPolygon", "coordinates": [ [ [ [ 9.022699290867504, 62.049672965891489 ], [ 9.023043659493043, 62.049538358746773 ], [ 9.02306245872089, 62.049376741534054 ], [ 9.022775588737316, 62.049071565150008 ], [ 9.02222085688126, 62.049026770841785 ], [ 9.021016183314835, 62.049233416846732 ], [ 9.021016477428715, 62.049574504332583 ], [ 9.021265339196948, 62.049762962106044 ], [ 9.022699290867504, 62.049672965891489 ] ] ] ] } },
{ "type": "Feature", "properties": { "fid": 265605, "navn": "Storhaugtjørni", "hoyde_moh": 1070, "arealInnsjo_km2": 0.0171, "magasinKategori": null, "fid_2": 425, "id": 425, "left": 8.986919847, "top": 62.446110046000001, "right": 9.486919847, "bottom": 61.946110046000001, "row_index": 24, "col_index": 10, "tile_id": 425 }, "geometry": { "type": "MultiPolygon", "coordinates": [ [ [ [ 9.199084545924309, 62.057026885220161 ], [ 9.199079956419006, 62.056326660893788 ], [ 9.19770165305896, 62.056149229159189 ], [ 9.197167548396484, 62.056401212396551 ], [ 9.196407042115522, 62.057093507939541 ], [ 9.196503951213176, 62.057299877107788 ], [ 9.19746259016893, 62.057630596939376 ], [ 9.198285450857906, 62.057674353217642 ], [ 9.199084545924309, 62.057026885220161 ] ] ] ] } },
{ "type": "Feature", "properties": { "fid": 265607, "navn": null, "hoyde_moh": 1409, "arealInnsjo_km2": 0.0071, "magasinKategori": null, "fid_2": 425, "id": 425, "left": 8.986919847, "top": 62.446110046000001, "right": 9.486919847, "bottom": 61.946110046000001, "row_index": 24, "col_index": 10, "tile_id": 425 }, "geometry": { "type": "MultiPolygon", "coordinates": [ [ [ [ 9.126474185332969, 62.233825967193695 ], [ 9.12663562126016, 62.23358703783564 ], [ 9.126286516674076, 62.233092615162121 ], [ 9.125545047949068, 62.232991167977637 ], [ 9.124981916526533, 62.233765645290028 ], [ 9.125344259538556, 62.23403987714623 ], [ 9.126474185332969, 62.233825967193695 ] ] ] ] } },
{ "type": "Feature", "properties": { "fid": 265611, "navn": null, "hoyde_moh": 1117, "arealInnsjo_km2": 0.0177, "magasinKategori": null, "fid_2": 425, "id": 425, "left": 8.986919847, "top": 62.446110046000001, "right": 9.486919847, "bottom": 61.946110046000001, "row_index": 24, "col_index": 10, "tile_id": 425 }, "geometry": { "type": "MultiPolygon", "coordinates": [ [ [ [ 9.106048924777216, 62.006287903336634 ], [ 9.106042322287923, 62.005866626211684 ], [ 9.105727526532462, 62.005163033864285 ], [ 9.105893481261809, 62.004650925146983 ], [ 9.105648023034886, 62.004513279869521 ], [ 9.104721473956545, 62.004970372834308 ], [ 9.104242105630279, 62.00588364977699 ], [ 9.104290775706401, 62.006319965749526 ], [ 9.104653681225605, 62.00674283000366 ], [ 9.105538584479728, 62.006829641311818 ], [ 9.106048924777216, 62.006287903336634 ] ] ] ] } },
{ "type": "Feature", "properties": { "fid": 265614, "navn": null, "hoyde_moh": 1024, "arealInnsjo_km2": 0.0047, "magasinKategori": null, "fid_2": 425, "id": 425, "left": 8.986919847, "top": 62.446110046000001, "right": 9.486919847, "bottom": 61.946110046000001, "row_index": 24, "col_index": 10, "tile_id": 425 }, "geometry": { "type": "MultiPolygon", "coordinates": [ [ [ [ 9.177484995405255, 62.128473185336752 ], [ 9.177713412734599, 62.128203652996802 ], [ 9.177501207507216, 62.127970531192851 ], [ 9.17665666571944, 62.127809838424405 ], [ 9.176216401180085, 62.127927284196907 ], [ 9.176295930306132, 62.128429929151153 ], [ 9.177484995405255, 62.128473185336752 ] ] ] ] } },
{ "type": "Feature", "properties": { "fid": 265615, "navn": null, "hoyde_moh": 977, "arealInnsjo_km2": 0.0048, "magasinKategori": null, "fid_2": 425, "id": 425, "left": 8.986919847, "top": 62.446110046000001, "right": 9.486919847, "bottom": 61.946110046000001, "row_index": 24, "col_index": 10, "tile_id": 425 }, "geometry": { "type": "MultiPolygon", "coordinates": [ [ [ [ 9.185104793353856, 62.115554815801623 ], [ 9.18528166483973, 62.115273559971001 ], [ 9.184034994162435, 62.115064709404443 ], [ 9.183348721044915, 62.115136236919916 ], [ 9.183717121809995, 62.115477487455635 ], [ 9.184538452421782, 62.115648330795352 ], [ 9.185104793353856, 62.115554815801623 ] ] ] ] } },
{ "type": "Feature", "properties": { "fid": 265616, "navn": "Vindbustjønne", "hoyde_moh": 1192, "arealInnsjo_km2": 0.0417, "magasinKategori": null, "fid_2": 425, "id": 425, "left": 8.986919847, "top": 62.446110046000001, "right": 9.486919847, "bottom": 61.946110046000001, "row_index": 24, "col_index": 10, "tile_id": 425 }, "geometry": { "type": "MultiPolygon", "coordinates": [ [ [ [ 9.208598466412369, 62.188598029874889 ], [ 9.20845838846942, 62.188354225487807 ], [ 9.208837157811542, 62.188025131223895 ], [ 9.207225018408533, 62.187447833464553 ], [ 9.205024614058118, 62.187004644412703 ], [ 9.203762785067443, 62.186873841488726 ], [ 9.203287890347916, 62.187021182223809 ], [ 9.204123633518197, 62.187815418198412 ], [ 9.204081115247492, 62.188146003685581 ], [ 9.204284791444046, 62.188229087671843 ], [ 9.203934846350508, 62.188398867153133 ], [ 9.204025028323919, 62.188506088050772 ], [ 9.206007798090562, 62.188872105731477 ], [ 9.206350613413274, 62.18908147309709 ], [ 9.207121828257238, 62.189083741735757 ], [ 9.208598466412369, 62.188598029874889 ] ] ] ] } },
{ "type": "Feature", "properties": { "fid": 265617, "navn": null, "hoyde_moh": 1419, "arealInnsjo_km2": 0.0056, "magasinKategori": null, "fid_2": 425, "id": 425, "left": 8.986919847, "top": 62.446110046000001, "right": 9.486919847, "bottom": 61.946110046000001, "row_index": 24, "col_index": 10, "tile_id": 425 }, "geometry": { "type": "MultiPolygon", "coordinates": [ [ [ [ 9.126256868332892, 62.235694339794335 ], [ 9.125844936208292, 62.235317079984512 ], [ 9.125987571200961, 62.235161711781558 ], [ 9.125941591865764, 62.234875170078261 ], [ 9.124636405641269, 62.235036616197227 ], [ 9.124807108896855, 62.235336649817285 ], [ 9.125634665429972, 62.235840774523467 ], [ 9.125980538450424, 62.235876171483966 ], [ 9.126256868332892, 62.235694339794335 ] ] ] ] } },
{ "type": "Feature", "properties": { "fid": 265623, "navn": "Skrebekktjørni", "hoyde_moh": 1139, "arealInnsjo_km2": 0.0079, "magasinKategori": null, "fid_2": 425, "id": 425, "left": 8.986919847, "top": 62.446110046000001, "right": 9.486919847, "bottom": 61.946110046000001, "row_index": 24, "col_index": 10, "tile_id": 425 }, "geometry": { "type": "MultiPolygon", "coordinates": [ [ [ [ 9.194105952331146, 62.071528635074664 ], [ 9.193900638386985, 62.071241805710734 ], [ 9.192515157152618, 62.070925130367868 ], [ 9.192148170808975, 62.070928295942174 ], [ 9.191857529280266, 62.071156051018271 ], [ 9.191990429549364, 62.071403011134542 ], [ 9.192561724344861, 62.071634781010317 ], [ 9.193808192333819, 62.071788593071531 ], [ 9.194105952331146, 62.071528635074664 ] ] ] ] } },
{ "type": "Feature", "properties": { "fid": 265626, "navn": null, "hoyde_moh": 1226, "arealInnsjo_km2": 0.0045, "magasinKategori": null, "fid_2": 425, "id": 425, "left": 8.986919847, "top": 62.446110046000001, "right": 9.486919847, "bottom": 61.946110046000001, "row_index": 24, "col_index": 10, "tile_id": 425 }, "geometry": { "type": "MultiPolygon", "coordinates": [ [ [ [ 9.126147777188766, 62.185825894273762 ], [ 9.126818031717061, 62.185304571499515 ], [ 9.126433514213023, 62.18524203688235 ], [ 9.125225155113206, 62.185692038214199 ], [ 9.125957989638289, 62.186319658608063 ], [ 9.12614976110982, 62.186292610573133 ], [ 9.126147777188766, 62.185825894273762 ] ] ] ] } },
{ "type": "Feature", "properties": { "fid": 265627, "navn": "Strålsjøen", "hoyde_moh": 1229, "arealInnsjo_km2": 0.3032, "magasinKategori": null, "fid_2": 425, "id": 425, "left": 8.986919847, "top": 62.446110046000001, "right": 9.486919847, "bottom": 61.946110046000001, "row_index": 24, "col_index": 10, "tile_id": 425 }, "geometry": { "type": "MultiPolygon", "coordinates": [ [ [ [ 9.104174967088444, 62.185567067400839 ], [ 9.104750345273935, 62.185241394464931 ], [ 9.105688870741092, 62.185335824431149 ], [ 9.10610393934607, 62.18497854687503 ], [ 9.107031801599673, 62.185001296756532 ], [ 9.107612178468239, 62.184672495201788 ], [ 9.108415428042838, 62.184724583109741 ], [ 9.108959722142179, 62.184374250265343 ], [ 9.109837174755413, 62.18432748747594 ], [ 9.110258578423805, 62.18445745640129 ], [ 9.112147037845082, 62.184157394745192 ], [ 9.113142410504304, 62.184364217012529 ], [ 9.114563131703779, 62.184266208786006 ], [ 9.115301203838301, 62.184038090269802 ], [ 9.11576681500345, 62.183638284915752 ], [ 9.116493933293951, 62.183417797051391 ], [ 9.117404147180443, 62.183475469452034 ], [ 9.117502169279241, 62.183242499424772 ], [ 9.116942068212698, 62.182969167006618 ], [ 9.115358557347854, 62.182703104726329 ], [ 9.112950226521267, 62.182766413628258 ], [ 9.10857389234344, 62.181954007963803 ], [ 9.107212627107733, 62.181949239731125 ], [ 9.105001409128009, 62.182380230169194 ], [ 9.102322585370246, 62.182276951617077 ], [ 9.099202591205215, 62.182856317022619 ], [ 9.096715721773206, 62.182795793500347 ], [ 9.094808837975362, 62.182514318344161 ], [ 9.092940985161103, 62.181863453587503 ], [ 9.092347158604722, 62.181432001604321 ], [ 9.09161820392964, 62.181979832860229 ], [ 9.091615918665575, 62.182238404000209 ], [ 9.092065028921073, 62.182321808715535 ], [ 9.092413359517478, 62.182867729723654 ], [ 9.093337381858042, 62.182910757530955 ], [ 9.094107947276015, 62.183558550017274 ], [ 9.094974519361415, 62.183570388897813 ], [ 9.09585588922163, 62.184365970829539 ], [ 9.098831034444544, 62.184888711734835 ], [ 9.098874567974747, 62.184999062164117 ], [ 9.098568203788648, 62.185202055078946 ], [ 9.09864921277069, 62.185370007613891 ], [ 9.100501057040757, 62.185600004125526 ], [ 9.100838644779394, 62.185346661332602 ], [ 9.101853606416061, 62.185179233248412 ], [ 9.102926577700892, 62.185413752615233 ], [ 9.103455723154815, 62.185725797885425 ], [ 9.104174967088444, 62.185567067400839 ] ] ] ] } },
{ "type": "Feature", "properties": { "fid": 265629, "navn": null, "hoyde_moh": 1234, "arealInnsjo_km2": 0.0108, "magasinKategori": null, "fid_2": 425, "id": 425, "left": 8.986919847, "top": 62.446110046000001, "right": 9.486919847, "bottom": 61.946110046000001, "row_index": 24, "col_index": 10, "tile_id": 425 }, "geometry": { "type": "MultiPolygon", "coordinates": [ [ [ [ 9.119329424032063, 62.186074197135646 ], [ 9.118270210852547, 62.185401850033536 ], [ 9.11734860224688, 62.185474426486472 ], [ 9.117350533539819, 62.185986160887978 ], [ 9.117024849140908, 62.186210786511111 ], [ 9.118121374983888, 62.18661373557466 ], [ 9.118946690512185, 62.186415600557737 ], [ 9.119329424032063, 62.186074197135646 ] ] ] ] } },
{ "type": "Feature", "properties": { "fid": 265630, "navn": "Veslstrålsjøen", "hoyde_moh": 1295, "arealInnsjo_km2": 0.2097, "magasinKategori": null, "fid_2": 425, "id": 425, "left": 8.986919847, "top": 62.446110046000001, "right": 9.486919847, "bottom": 61.946110046000001, "row_index": 24, "col_index": 10, "tile_id": 425 }, "geometry": { "type": "MultiPolygon", "coordinates": [ [ [ [ 9.080064978571217, 62.209239757938718 ], [ 9.080306818503486, 62.208658493031749 ], [ 9.079798159370434, 62.207743733348423 ], [ 9.079426093853886, 62.207498024455134 ], [ 9.079224954579303, 62.206817112084877 ], [ 9.078976478794685, 62.206641161618634 ], [ 9.078849948851849, 62.20627928966281 ], [ 9.079015058622774, 62.206079731800664 ], [ 9.078435900299761, 62.205720435261163 ], [ 9.077931075105209, 62.205662879573154 ], [ 9.07796581406212, 62.205446841921557 ], [ 9.077596172198687, 62.205287124707539 ], [ 9.077556096547232, 62.205101554316563 ], [ 9.078329942899073, 62.204536608034253 ], [ 9.079114865333988, 62.204610935405796 ], [ 9.079540902318589, 62.204182251252348 ], [ 9.080195211064652, 62.203916405103435 ], [ 9.081005576333956, 62.203161145188965 ], [ 9.080979240342025, 62.202908458213209 ], [ 9.080238327694293, 62.202383507113851 ], [ 9.080116921331893, 62.202083890191901 ], [ 9.080187029996519, 62.201654273015329 ], [ 9.080605944372639, 62.201239958004912 ], [ 9.080748861973172, 62.20065940906354 ], [ 9.079466117379479, 62.200144373848715 ], [ 9.07907340454388, 62.20025746857231 ], [ 9.079165498086546, 62.200632631334265 ], [ 9.079050817904882, 62.200824895492815 ], [ 9.079629930583085, 62.201003398799301 ], [ 9.079153111189893, 62.201231557532729 ], [ 9.078591552802456, 62.201042189899567 ], [ 9.078569590557089, 62.201614235618031 ], [ 9.077672582019137, 62.202226573390064 ], [ 9.077504940045904, 62.20255486188357 ], [ 9.07545788507778, 62.203283020353297 ], [ 9.075669183131483, 62.203516448397735 ], [ 9.07713332336111, 62.203758289319623 ], [ 9.076904717918838, 62.203977812499431 ], [ 9.076259448836836, 62.203891451056101 ], [ 9.075324812349026, 62.204339559309922 ], [ 9.075453054947449, 62.204606161424465 ], [ 9.075895842542007, 62.204763438320448 ], [ 9.07596452277687, 62.205067282352935 ], [ 9.076457489735919, 62.205175297670202 ], [ 9.075822578408253, 62.205252884094044 ], [ 9.074636036189123, 62.205004026187062 ], [ 9.074497109347366, 62.205135014286682 ], [ 9.074598763893643, 62.205431899881113 ], [ 9.073739185500891, 62.205584207909922 ], [ 9.073539575489535, 62.205836482726255 ], [ 9.073543584339047, 62.20627495043103 ], [ 9.07310538302737, 62.206563902084881 ], [ 9.073364800471776, 62.207284061602316 ], [ 9.073967139567886, 62.208211691616803 ], [ 9.075504860499027, 62.208797304011597 ], [ 9.076870159952549, 62.209105761110507 ], [ 9.077628825597353, 62.209502646578322 ], [ 9.078332802163565, 62.209609790310886 ], [ 9.080064978571217, 62.209239757938718 ] ] ] ] } },
{ "type": "Feature", "properties": { "fid": 265635, "navn": null, "hoyde_moh": 475, "arealInnsjo_km2": 0.0034, "magasinKategori": null, "fid_2": 425, "id": 425, "left": 8.986919847, "top": 62.446110046000001, "right": 9.486919847, "bottom": 61.946110046000001, "row_index": 24, "col_index": 10, "tile_id": 425 }, "geometry": { "type": "MultiPolygon", "coordinates": [ [ [ [ 9.167314460103507, 62.03642291166836 ], [ 9.167885270511253, 62.035973372055537 ], [ 9.167693680259026, 62.035883960085876 ], [ 9.16683621482907, 62.036396615400747 ], [ 9.166072056593418, 62.03646947483557 ], [ 9.165060972129758, 62.036829585256108 ], [ 9.165061534387576, 62.03693737216274 ], [ 9.167314460103507, 62.03642291166836 ] ] ] ] } },
{ "type": "Feature", "properties": { "fid": 265636, "navn": null, "hoyde_moh": 1026, "arealInnsjo_km2": 0.0089, "magasinKategori": null, "fid_2": 425, "id": 425, "left": 8.986919847, "top": 62.446110046000001, "right": 9.486919847, "bottom": 61.946110046000001, "row_index": 24, "col_index": 10, "tile_id": 425 }, "geometry": { "type": "MultiPolygon", "coordinates": [ [ [ [ 9.182845922342468, 62.130432062646946 ], [ 9.182152885448108, 62.12994820871431 ], [ 9.18193919770831, 62.129490687519905 ], [ 9.180481785421314, 62.129474683544949 ], [ 9.180521683779027, 62.129717006683848 ], [ 9.181308643474745, 62.129886498312459 ], [ 9.181003470781651, 62.13012029931474 ], [ 9.181081253151456, 62.130317676386461 ], [ 9.181619545366416, 62.130559321788816 ], [ 9.182845922342468, 62.130432062646946 ] ] ] ] } },
{ "type": "Feature", "properties": { "fid": 265643, "navn": null, "hoyde_moh": 1223, "arealInnsjo_km2": 0.085, "magasinKategori": null, "fid_2": 425, "id": 425, "left": 8.986919847, "top": 62.446110046000001, "right": 9.486919847, "bottom": 61.946110046000001, "row_index": 24, "col_index": 10, "tile_id": 425 }, "geometry": { "type": "MultiPolygon", "coordinates": [ [ [ [ 9.106139012284357, 62.212121779692609 ], [ 9.109159570638544, 62.211296552304347 ], [ 9.109789956648694, 62.210791412984626 ], [ 9.109789298912128, 62.210469247725882 ], [ 9.109194113714279, 62.210258775623231 ], [ 9.107941873272095, 62.210474869549479 ], [ 9.107623826521616, 62.210095597700281 ], [ 9.107812024074638, 62.209632117958193 ], [ 9.108198026123132, 62.209309778623741 ], [ 9.108856187343497, 62.209149663793511 ], [ 9.107730636296438, 62.208574092440159 ], [ 9.106458336422097, 62.208797418894548 ], [ 9.105393448365586, 62.209427076437528 ], [ 9.104964373856284, 62.209386898834396 ], [ 9.104641836257516, 62.209736516230727 ], [ 9.102958237927764, 62.21039693786549 ], [ 9.102490895031643, 62.210850754282738 ], [ 9.103517382356078, 62.210993404130789 ], [ 9.103598344800231, 62.211605483259341 ], [ 9.104404787572705, 62.212208622324034 ], [ 9.106139012284357, 62.212121779692609 ] ] ] ] } },
{ "type": "Feature", "properties": { "fid": 265652, "navn": null, "hoyde_moh": 1619, "arealInnsjo_km2": 0.0144, "magasinKategori": null, "fid_2": 425, "id": 425, "left": 8.986919847, "top": 62.446110046000001, "right": 9.486919847, "bottom": 61.946110046000001, "row_index": 24, "col_index": 10, "tile_id": 425 }, "geometry": { "type": "MultiPolygon", "coordinates": [ [ [ [ 9.004440666134057, 62.208422593090262 ], [ 9.004344522568619, 62.20813532812106 ], [ 9.003287128047443, 62.207569902728402 ], [ 9.002229950052993, 62.20761487731118 ], [ 9.001653132481479, 62.207929032949657 ], [ 9.001691774897072, 62.208153386103675 ], [ 9.002230207858851, 62.208314971021991 ], [ 9.002460670684695, 62.20864714592156 ], [ 9.00284514000537, 62.20882662788916 ], [ 9.003613995102848, 62.20882658455362 ], [ 9.004440666134057, 62.208422593090262 ] ] ] ] } },
{ "type": "Feature", "properties": { "fid": 265657, "navn": null, "hoyde_moh": 1272, "arealInnsjo_km2": 0.0052, "magasinKategori": null, "fid_2": 425, "id": 425, "left": 8.986919847, "top": 62.446110046000001, "right": 9.486919847, "bottom": 61.946110046000001, "row_index": 24, "col_index": 10, "tile_id": 425 }, "geometry": { "type": "MultiPolygon", "coordinates": [ [ [ [ 9.008713285247909, 62.236095784813571 ], [ 9.008879351039624, 62.235915061337813 ], [ 9.007764273014624, 62.235511081212593 ], [ 9.006607829299687, 62.235597019825356 ], [ 9.007550460879662, 62.236055666410259 ], [ 9.008713285247909, 62.236095784813571 ] ] ] ] } }
]
}
