{
"type": "FeatureCollection",
"name": "innsjo_tile_id_1132",
"crs": { "type": "name", "properties": { "name": "urn:ogc:def:crs:OGC:1.3:CRS84" } },
"xy_coordinate_resolution": 1e-15,
"features": [
{ "type": "Feature", "properties": { "fid": 1280, "navn": null, "hoyde_moh": 72, "arealInnsjo_km2": 0.007, "magasinKategori": null, "fid_2": 1132, "id": 1132, "left": 17.986919847, "top": 68.946110046000001, "right": 18.486919847, "bottom": 68.446110046000001, "row_index": 11, "col_index": 28, "tile_id": 1132 }, "geometry": { "type": "MultiPolygon", "coordinates": [ [ [ [ 18.392165852971928, 68.850344969543102 ], [ 18.39199432144099, 68.850280325002601 ], [ 18.39207274449814, 68.8500437515671 ], [ 18.391783203100339, 68.849742593350868 ], [ 18.391865059887451, 68.849536573432516 ], [ 18.391484067701818, 68.849427437789586 ], [ 18.390966253214554, 68.849504763648028 ], [ 18.390188230410185, 68.850124286024482 ], [ 18.390335554870436, 68.850224168021299 ], [ 18.389989394125596, 68.850495536501228 ], [ 18.391041700162241, 68.850540542751091 ], [ 18.391421445872194, 68.850418827571247 ], [ 18.391742492716755, 68.85057486862793 ], [ 18.392165852971928, 68.850344969543102 ] ] ] ] } },
{ "type": "Feature", "properties": { "fid": 2113, "navn": null, "hoyde_moh": 460, "arealInnsjo_km2": 0.0045, "magasinKategori": null, "fid_2": 1132, "id": 1132, "left": 17.986919847, "top": 68.946110046000001, "right": 18.486919847, "bottom": 68.446110046000001, "row_index": 11, "col_index": 28, "tile_id": 1132 }, "geometry": { "type": "MultiPolygon", "coordinates": [ [ [ [ 18.008442229611589, 68.522633139030376 ], [ 18.008990126117457, 68.522540363457537 ], [ 18.009267069804142, 68.522152135574416 ], [ 18.008775937809776, 68.522011189655899 ], [ 18.008347400765381, 68.522241969299884 ], [ 18.007763634695714, 68.522082390798232 ], [ 18.007388001632624, 68.522335203040001 ], [ 18.00739847932908, 68.522511070193531 ], [ 18.007915861303996, 68.522879945378961 ], [ 18.008442229611589, 68.522633139030376 ] ] ] ] } },
{ "type": "Feature", "properties": { "fid": 2114, "navn": null, "hoyde_moh": 507, "arealInnsjo_km2": 0.0036, "magasinKategori": null, "fid_2": 1132, "id": 1132, "left": 17.986919847, "top": 68.946110046000001, "right": 18.486919847, "bottom": 68.446110046000001, "row_index": 11, "col_index": 28, "tile_id": 1132 }, "geometry": { "type": "MultiPolygon", "coordinates": [ [ [ [ 18.090971561016694, 68.521135982076089 ], [ 18.090993526105716, 68.5209692092361 ], [ 18.091799193336062, 68.520598917887995 ], [ 18.090724526768394, 68.520529556490089 ], [ 18.090044591611736, 68.520952205637258 ], [ 18.090092275134449, 68.52125003637336 ], [ 18.091460207150121, 68.521442570599419 ], [ 18.090971561016694, 68.521135982076089 ] ] ] ] } },
{ "type": "Feature", "properties": { "fid": 2383, "navn": null, "hoyde_moh": 357, "arealInnsjo_km2": 0.0034, "magasinKategori": null, "fid_2": 1132, "id": 1132, "left": 17.986919847, "top": 68.946110046000001, "right": 18.486919847, "bottom": 68.446110046000001, "row_index": 11, "col_index": 28, "tile_id": 1132 }, "geometry": { "type": "MultiPolygon", "coordinates": [ [ [ [ 18.181957882364536, 68.854230390528102 ], [ 18.181715064057936, 68.85376203080483 ], [ 18.181069051123742, 68.853757063260986 ], [ 18.180547567631283, 68.85401158012327 ], [ 18.180824857795493, 68.854387624145275 ], [ 18.181957882364536, 68.854230390528102 ] ] ] ] } },
{ "type": "Feature", "properties": { "fid": 2734, "navn": null, "hoyde_moh": 521, "arealInnsjo_km2": 0.0107, "magasinKategori": null, "fid_2": 1132, "id": 1132, "left": 17.986919847, "top": 68.946110046000001, "right": 18.486919847, "bottom": 68.446110046000001, "row_index": 11, "col_index": 28, "tile_id": 1132 }, "geometry": { "type": "MultiPolygon", "coordinates": [ [ [ [ 18.058006962997414, 68.500044611868219 ], [ 18.057266090658338, 68.499710216447056 ], [ 18.057102894259227, 68.499466651876745 ], [ 18.056440217079665, 68.499127505953268 ], [ 18.056440130805516, 68.498946149353799 ], [ 18.055598918288283, 68.498951153549044 ], [ 18.054585576425335, 68.498423923697672 ], [ 18.054615985347688, 68.498856563935419 ], [ 18.055179595263258, 68.499169240226863 ], [ 18.05531180948962, 68.499442639429873 ], [ 18.056344054011529, 68.499727650618269 ], [ 18.058189356745142, 68.50086682575126 ], [ 18.058375194652132, 68.500753544635188 ], [ 18.058006962997414, 68.500044611868219 ] ] ] ] } },
{ "type": "Feature", "properties": { "fid": 2735, "navn": null, "hoyde_moh": 523, "arealInnsjo_km2": 0.006, "magasinKategori": null, "fid_2": 1132, "id": 1132, "left": 17.986919847, "top": 68.946110046000001, "right": 18.486919847, "bottom": 68.446110046000001, "row_index": 11, "col_index": 28, "tile_id": 1132 }, "geometry": { "type": "MultiPolygon", "coordinates": [ [ [ [ 18.061054636134362, 68.501402085490085 ], [ 18.061041881441554, 68.501288205940966 ], [ 18.060386265737954, 68.500585060617695 ], [ 18.058669047995604, 68.500631829155893 ], [ 18.059054406080584, 68.500961301608839 ], [ 18.05989377919899, 68.501173226815439 ], [ 18.059678392057414, 68.501301413770307 ], [ 18.059768368568623, 68.501378331099389 ], [ 18.061054636134362, 68.501402085490085 ] ] ] ] } },
{ "type": "Feature", "properties": { "fid": 2736, "navn": null, "hoyde_moh": 628, "arealInnsjo_km2": 0.0044, "magasinKategori": null, "fid_2": 1132, "id": 1132, "left": 17.986919847, "top": 68.946110046000001, "right": 18.486919847, "bottom": 68.446110046000001, "row_index": 11, "col_index": 28, "tile_id": 1132 }, "geometry": { "type": "MultiPolygon", "coordinates": [ [ [ [ 18.102982711511835, 68.500811613327073 ], [ 18.103043730564885, 68.500336873028218 ], [ 18.103550431122592, 68.500201978745721 ], [ 18.103668614971998, 68.499988170323348 ], [ 18.103326427236862, 68.499854529167521 ], [ 18.103213637805318, 68.499988329599574 ], [ 18.103365446039199, 68.500020805678616 ], [ 18.103040728688921, 68.50005159457416 ], [ 18.102604466018096, 68.499846069638181 ], [ 18.101876933353235, 68.500195948493513 ], [ 18.102558336023481, 68.50087602850013 ], [ 18.102982711511835, 68.500811613327073 ] ] ] ] } },
{ "type": "Feature", "properties": { "fid": 2740, "navn": null, "hoyde_moh": 629, "arealInnsjo_km2": 0.0029, "magasinKategori": null, "fid_2": 1132, "id": 1132, "left": 17.986919847, "top": 68.946110046000001, "right": 18.486919847, "bottom": 68.446110046000001, "row_index": 11, "col_index": 28, "tile_id": 1132 }, "geometry": { "type": "MultiPolygon", "coordinates": [ [ [ [ 18.098090295049325, 68.501490234201782 ], [ 18.098697678061509, 68.501439328968232 ], [ 18.098466261597299, 68.501162221835941 ], [ 18.098086526156841, 68.501243488091774 ], [ 18.098142172613908, 68.501085428249937 ], [ 18.097910614501863, 68.500915973917827 ], [ 18.097171786307332, 68.501050558258342 ], [ 18.097520754465322, 68.501542233972714 ], [ 18.098090295049325, 68.501490234201782 ] ] ] ] } },
{ "type": "Feature", "properties": { "fid": 2741, "navn": null, "hoyde_moh": 522, "arealInnsjo_km2": 0.0097, "magasinKategori": null, "fid_2": 1132, "id": 1132, "left": 17.986919847, "top": 68.946110046000001, "right": 18.486919847, "bottom": 68.446110046000001, "row_index": 11, "col_index": 28, "tile_id": 1132 }, "geometry": { "type": "MultiPolygon", "coordinates": [ [ [ [ 18.082998113733321, 68.501855875562825 ], [ 18.083382460026044, 68.501487254393723 ], [ 18.083210519810759, 68.501276821778617 ], [ 18.082444605260157, 68.50104354836337 ], [ 18.079488992458341, 68.501326160699037 ], [ 18.080054610901335, 68.501456822981183 ], [ 18.080238923822801, 68.501587753024936 ], [ 18.080100331327376, 68.501673437065165 ], [ 18.080931400423363, 68.5016381512404 ], [ 18.081682233771136, 68.501786055928903 ], [ 18.081859047235866, 68.502044793331564 ], [ 18.082998113733321, 68.501855875562825 ] ] ] ] } },
{ "type": "Feature", "properties": { "fid": 2748, "navn": null, "hoyde_moh": 525, "arealInnsjo_km2": 0.0048, "magasinKategori": null, "fid_2": 1132, "id": 1132, "left": 17.986919847, "top": 68.946110046000001, "right": 18.486919847, "bottom": 68.446110046000001, "row_index": 11, "col_index": 28, "tile_id": 1132 }, "geometry": { "type": "MultiPolygon", "coordinates": [ [ [ [ 18.052386498135451, 68.502137623573987 ], [ 18.052542337507969, 68.502006759710142 ], [ 18.052267870069201, 68.501848712419502 ], [ 18.052620848084661, 68.50170052426877 ], [ 18.052118227760086, 68.501234550389825 ], [ 18.052014869654929, 68.501367960378758 ], [ 18.052122446329054, 68.501850281428702 ], [ 18.05196880756009, 68.501953990985669 ], [ 18.049294754827105, 68.502091869580141 ], [ 18.049756932483309, 68.502363941786172 ], [ 18.052386498135451, 68.502137623573987 ] ] ] ] } },
{ "type": "Feature", "properties": { "fid": 4379, "navn": null, "hoyde_moh": 566, "arealInnsjo_km2": 0.0165, "magasinKategori": null, "fid_2": 1132, "id": 1132, "left": 17.986919847, "top": 68.946110046000001, "right": 18.486919847, "bottom": 68.446110046000001, "row_index": 11, "col_index": 28, "tile_id": 1132 }, "geometry": { "type": "MultiPolygon", "coordinates": [ [ [ [ 18.012572648703113, 68.493439841763944 ], [ 18.012263265618021, 68.493215207661748 ], [ 18.012332285573052, 68.493125535744525 ], [ 18.01482028680465, 68.49298628198656 ], [ 18.015968549402242, 68.492508657360034 ], [ 18.016965525424251, 68.492378587270181 ], [ 18.017228920479425, 68.492408951182014 ], [ 18.017298612296997, 68.492661322560096 ], [ 18.017586307498469, 68.492677602270973 ], [ 18.018070381379829, 68.49233634822464 ], [ 18.016696420721754, 68.491986875795689 ], [ 18.015487302669914, 68.492021374870191 ], [ 18.01522177492879, 68.492132538101089 ], [ 18.015383014443273, 68.492425728962431 ], [ 18.014184881964511, 68.492791932744041 ], [ 18.013250731858108, 68.492777031267238 ], [ 18.013070793380198, 68.492354534348905 ], [ 18.013851683653829, 68.4921121922673 ], [ 18.013830569963254, 68.49191003095855 ], [ 18.013621964625262, 68.491870327660664 ], [ 18.013275920090411, 68.492124336344034 ], [ 18.012445031203267, 68.492309217837217 ], [ 18.012489000985934, 68.492576417117945 ], [ 18.011400428966073, 68.492715197684547 ], [ 18.011518464759131, 68.492947130484197 ], [ 18.011289440496917, 68.493110241632309 ], [ 18.011334608736195, 68.493368172296712 ], [ 18.011112862879941, 68.493565717143923 ], [ 18.012572648703113, 68.493439841763944 ] ] ] ] } },
{ "type": "Feature", "properties": { "fid": 14113, "navn": null, "hoyde_moh": 1008, "arealInnsjo_km2": 0.0071, "magasinKategori": null, "fid_2": 1132, "id": 1132, "left": 17.986919847, "top": 68.946110046000001, "right": 18.486919847, "bottom": 68.446110046000001, "row_index": 11, "col_index": 28, "tile_id": 1132 }, "geometry": { "type": "MultiPolygon", "coordinates": [ [ [ [ 18.048088927594769, 68.545685644510485 ], [ 18.048612199789492, 68.545491291903033 ], [ 18.045220280459169, 68.545407814058493 ], [ 18.044508059546523, 68.545621471010293 ], [ 18.044941738552044, 68.545912310078151 ], [ 18.046346577760243, 68.546005352350335 ], [ 18.048088927594769, 68.545685644510485 ] ] ] ] } },
{ "type": "Feature", "properties": { "fid": 14138, "navn": null, "hoyde_moh": 968, "arealInnsjo_km2": 0.0044, "magasinKategori": null, "fid_2": 1132, "id": 1132, "left": 17.986919847, "top": 68.946110046000001, "right": 18.486919847, "bottom": 68.446110046000001, "row_index": 11, "col_index": 28, "tile_id": 1132 }, "geometry": { "type": "MultiPolygon", "coordinates": [ [ [ [ 18.079062003135242, 68.546836294985965 ], [ 18.077690425467338, 68.546632930826974 ], [ 18.076087301512725, 68.54689231281867 ], [ 18.076945065736396, 68.54708678549099 ], [ 18.077998261135889, 68.547096044270887 ], [ 18.079062003135242, 68.546836294985965 ] ] ] ] } },
{ "type": "Feature", "properties": { "fid": 14139, "navn": null, "hoyde_moh": 830, "arealInnsjo_km2": 0.0026, "magasinKategori": null, "fid_2": 1132, "id": 1132, "left": 17.986919847, "top": 68.946110046000001, "right": 18.486919847, "bottom": 68.446110046000001, "row_index": 11, "col_index": 28, "tile_id": 1132 }, "geometry": { "type": "MultiPolygon", "coordinates": [ [ [ [ 18.150937261512524, 68.545739992265482 ], [ 18.15118153213167, 68.545324635713982 ], [ 18.150631411484927, 68.545361351508049 ], [ 18.149853084172147, 68.545714533059268 ], [ 18.149824129131265, 68.546012449604902 ], [ 18.150175413585242, 68.546030464283788 ], [ 18.150937261512524, 68.545739992265482 ] ] ] ] } },
{ "type": "Feature", "properties": { "fid": 14157, "navn": null, "hoyde_moh": 491, "arealInnsjo_km2": 0.004, "magasinKategori": null, "fid_2": 1132, "id": 1132, "left": 17.986919847, "top": 68.946110046000001, "right": 18.486919847, "bottom": 68.446110046000001, "row_index": 11, "col_index": 28, "tile_id": 1132 }, "geometry": { "type": "MultiPolygon", "coordinates": [ [ [ [ 18.026219200252239, 68.519695265949309 ], [ 18.026311785672128, 68.519494466128236 ], [ 18.025618374881905, 68.519273990577034 ], [ 18.024693572058318, 68.519295058782731 ], [ 18.023870632087792, 68.518972497507235 ], [ 18.02425521632313, 68.519494905928596 ], [ 18.025044828154975, 68.519729544077535 ], [ 18.026219200252239, 68.519695265949309 ] ] ] ] } },
{ "type": "Feature", "properties": { "fid": 14178, "navn": null, "hoyde_moh": 560, "arealInnsjo_km2": 0.0034, "magasinKategori": null, "fid_2": 1132, "id": 1132, "left": 17.986919847, "top": 68.946110046000001, "right": 18.486919847, "bottom": 68.446110046000001, "row_index": 11, "col_index": 28, "tile_id": 1132 }, "geometry": { "type": "MultiPolygon", "coordinates": [ [ [ [ 18.067142382196121, 68.519693990068532 ], [ 18.067032024978623, 68.519361749275035 ], [ 18.06636398115073, 68.519075072631679 ], [ 18.065197811028469, 68.519367425939905 ], [ 18.066265418278945, 68.519733626669748 ], [ 18.067142382196121, 68.519693990068532 ] ] ] ] } },
{ "type": "Feature", "properties": { "fid": 14193, "navn": null, "hoyde_moh": 1003, "arealInnsjo_km2": 0.0174, "magasinKategori": null, "fid_2": 1132, "id": 1132, "left": 17.986919847, "top": 68.946110046000001, "right": 18.486919847, "bottom": 68.446110046000001, "row_index": 11, "col_index": 28, "tile_id": 1132 }, "geometry": { "type": "MultiPolygon", "coordinates": [ [ [ [ 18.059518762970704, 68.543206147917417 ], [ 18.059399289632413, 68.542743706593541 ], [ 18.059538326825862, 68.542613774868911 ], [ 18.058621405699643, 68.542421821650024 ], [ 18.060213093258564, 68.542124386401255 ], [ 18.061093461040688, 68.541650551040718 ], [ 18.059532837694135, 68.541519353094856 ], [ 18.056897232360686, 68.54169841849442 ], [ 18.057630318361323, 68.541925509346839 ], [ 18.058214319491565, 68.542322214509426 ], [ 18.058172483476486, 68.542740009112237 ], [ 18.057318897866175, 68.543240274382114 ], [ 18.058839479175475, 68.543518207670701 ], [ 18.059518762970704, 68.543206147917417 ] ] ] ] } },
{ "type": "Feature", "properties": { "fid": 14209, "navn": null, "hoyde_moh": 546, "arealInnsjo_km2": 0.0027, "magasinKategori": null, "fid_2": 1132, "id": 1132, "left": 17.986919847, "top": 68.946110046000001, "right": 18.486919847, "bottom": 68.446110046000001, "row_index": 11, "col_index": 28, "tile_id": 1132 }, "geometry": { "type": "MultiPolygon", "coordinates": [ [ [ [ 18.060544797013272, 68.513838041391523 ], [ 18.060815282288104, 68.513606140236732 ], [ 18.060794165592057, 68.513345889942457 ], [ 18.06056963714817, 68.513337146721511 ], [ 18.058759060502378, 68.514275426475578 ], [ 18.060544797013272, 68.513838041391523 ] ] ] ] } },
{ "type": "Feature", "properties": { "fid": 16104, "navn": null, "hoyde_moh": 595, "arealInnsjo_km2": 0.0048, "magasinKategori": null, "fid_2": 1132, "id": 1132, "left": 17.986919847, "top": 68.946110046000001, "right": 18.486919847, "bottom": 68.446110046000001, "row_index": 11, "col_index": 28, "tile_id": 1132 }, "geometry": { "type": "MultiPolygon", "coordinates": [ [ [ [ 18.086540540537857, 68.512267687393575 ], [ 18.086058369998785, 68.512129940931473 ], [ 18.087133636332034, 68.511566254390971 ], [ 18.086399229442293, 68.511460533809554 ], [ 18.08482567729336, 68.512210878309233 ], [ 18.084866853676981, 68.512343628458197 ], [ 18.086540540537857, 68.512267687393575 ] ] ] ] } },
{ "type": "Feature", "properties": { "fid": 16124, "navn": null, "hoyde_moh": 650, "arealInnsjo_km2": 0.0036, "magasinKategori": null, "fid_2": 1132, "id": 1132, "left": 17.986919847, "top": 68.946110046000001, "right": 18.486919847, "bottom": 68.446110046000001, "row_index": 11, "col_index": 28, "tile_id": 1132 }, "geometry": { "type": "MultiPolygon", "coordinates": [ [ [ [ 18.116345475171528, 68.504830244342358 ], [ 18.116105644882722, 68.504790076841246 ], [ 18.115671658069658, 68.50512378844968 ], [ 18.115800736548604, 68.505260736973256 ], [ 18.115288421844664, 68.505440394911076 ], [ 18.115298670830811, 68.50554830554033 ], [ 18.116651771893697, 68.505688284627425 ], [ 18.116890041410944, 68.505548731018791 ], [ 18.116345475171528, 68.504830244342358 ] ] ] ] } },
{ "type": "Feature", "properties": { "fid": 16125, "navn": null, "hoyde_moh": 639, "arealInnsjo_km2": 0.006, "magasinKategori": null, "fid_2": 1132, "id": 1132, "left": 17.986919847, "top": 68.946110046000001, "right": 18.486919847, "bottom": 68.446110046000001, "row_index": 11, "col_index": 28, "tile_id": 1132 }, "geometry": { "type": "MultiPolygon", "coordinates": [ [ [ [ 18.107784320052286, 68.505930740275161 ], [ 18.106803453902387, 68.505752102615077 ], [ 18.105019164758534, 68.50630490115374 ], [ 18.10605445325124, 68.506439535033223 ], [ 18.106419372239799, 68.506266227811309 ], [ 18.106668420300245, 68.506423137598603 ], [ 18.107879107224711, 68.506336246147512 ], [ 18.107784320052286, 68.505930740275161 ] ] ] ] } },
{ "type": "Feature", "properties": { "fid": 16144, "navn": null, "hoyde_moh": 525, "arealInnsjo_km2": 0.0213, "magasinKategori": null, "fid_2": 1132, "id": 1132, "left": 17.986919847, "top": 68.946110046000001, "right": 18.486919847, "bottom": 68.446110046000001, "row_index": 11, "col_index": 28, "tile_id": 1132 }, "geometry": { "type": "MultiPolygon", "coordinates": [ [ [ [ 18.047233963327592, 68.503215040328016 ], [ 18.046811947737964, 68.502946631110703 ], [ 18.048888638064547, 68.502792629385411 ], [ 18.048489346201816, 68.502661714381105 ], [ 18.048595438462993, 68.502490369811667 ], [ 18.048223294860041, 68.502417228536814 ], [ 18.047970276904458, 68.502004615540272 ], [ 18.048181153495953, 68.501851567678045 ], [ 18.049394102840207, 68.501772867744464 ], [ 18.049242009273065, 68.501469659884989 ], [ 18.04970593509282, 68.501361747736595 ], [ 18.049355883752103, 68.501118701293478 ], [ 18.04950357279726, 68.501045178977691 ], [ 18.047177359764518, 68.50092522473048 ], [ 18.04859933704908, 68.501211102515214 ], [ 18.048658825481905, 68.501432228631799 ], [ 18.048383589258581, 68.501530962457068 ], [ 18.047363065125857, 68.501546454999058 ], [ 18.047174860581435, 68.501218493872912 ], [ 18.046140313434123, 68.500983117537459 ], [ 18.045215595434463, 68.501077210913763 ], [ 18.044679274264496, 68.50139606218913 ], [ 18.044747597633908, 68.501539637902098 ], [ 18.046379514035046, 68.501694414453354 ], [ 18.047525717158528, 68.502044027123958 ], [ 18.047414641835967, 68.502347079968459 ], [ 18.046486840880167, 68.502286363976694 ], [ 18.046265421896976, 68.502580825856683 ], [ 18.046255994256963, 68.502870000901297 ], [ 18.046482737109763, 68.50301563684306 ], [ 18.046547713968994, 68.503388123675464 ], [ 18.046895633334369, 68.503414125110382 ], [ 18.047233963327592, 68.503215040328016 ] ] ] ] } },
{ "type": "Feature", "properties": { "fid": 16145, "navn": null, "hoyde_moh": 520, "arealInnsjo_km2": 0.0066, "magasinKategori": null, "fid_2": 1132, "id": 1132, "left": 17.986919847, "top": 68.946110046000001, "right": 18.486919847, "bottom": 68.446110046000001, "row_index": 11, "col_index": 28, "tile_id": 1132 }, "geometry": { "type": "MultiPolygon", "coordinates": [ [ [ [ 18.051488078333151, 68.503807466768109 ], [ 18.050611007840857, 68.503432693882331 ], [ 18.049685292471541, 68.503338917492769 ], [ 18.049376276915567, 68.503564588397381 ], [ 18.049497498398395, 68.503784143188241 ], [ 18.050406294553504, 68.504203504641453 ], [ 18.050704483761386, 68.504082443898881 ], [ 18.052161455106891, 68.504342879161456 ], [ 18.051488078333151, 68.503807466768109 ] ] ] ] } },
{ "type": "Feature", "properties": { "fid": 16146, "navn": null, "hoyde_moh": 658, "arealInnsjo_km2": 0.0045, "magasinKategori": null, "fid_2": 1132, "id": 1132, "left": 17.986919847, "top": 68.946110046000001, "right": 18.486919847, "bottom": 68.446110046000001, "row_index": 11, "col_index": 28, "tile_id": 1132 }, "geometry": { "type": "MultiPolygon", "coordinates": [ [ [ [ 18.115105656901104, 68.503040427998457 ], [ 18.115895787636443, 68.502793657241796 ], [ 18.115353743425374, 68.502631698399611 ], [ 18.115036569285387, 68.502814824771463 ], [ 18.114436258566638, 68.502723708015282 ], [ 18.114321407183187, 68.502856387775495 ], [ 18.114902665471245, 68.503862766489078 ], [ 18.115642154989548, 68.503821647454188 ], [ 18.115105656901104, 68.503040427998457 ] ] ] ] } },
{ "type": "Feature", "properties": { "fid": 16159, "navn": null, "hoyde_moh": 547, "arealInnsjo_km2": 0.01, "magasinKategori": null, "fid_2": 1132, "id": 1132, "left": 17.986919847, "top": 68.946110046000001, "right": 18.486919847, "bottom": 68.446110046000001, "row_index": 11, "col_index": 28, "tile_id": 1132 }, "geometry": { "type": "MultiPolygon", "coordinates": [ [ [ [ 18.072599569679223, 68.523818329738674 ], [ 18.072164718591335, 68.523617276299973 ], [ 18.072686547363698, 68.523559511971811 ], [ 18.072842299060945, 68.523368477568226 ], [ 18.070246720403954, 68.52307156927327 ], [ 18.069294003118326, 68.523554421925141 ], [ 18.070188259974937, 68.523694647765296 ], [ 18.070122784590428, 68.52380214710611 ], [ 18.070439133615853, 68.523906792654245 ], [ 18.072074907551496, 68.523982986181977 ], [ 18.072599569679223, 68.523818329738674 ] ] ] ] } },
{ "type": "Feature", "properties": { "fid": 16160, "navn": null, "hoyde_moh": 663, "arealInnsjo_km2": 0.0038, "magasinKategori": null, "fid_2": 1132, "id": 1132, "left": 17.986919847, "top": 68.946110046000001, "right": 18.486919847, "bottom": 68.446110046000001, "row_index": 11, "col_index": 28, "tile_id": 1132 }, "geometry": { "type": "MultiPolygon", "coordinates": [ [ [ [ 18.005320911207534, 68.528837046035392 ], [ 18.006334560984907, 68.52838419398654 ], [ 18.005280577030881, 68.528133998758193 ], [ 18.004300302542376, 68.528701252560083 ], [ 18.005320911207534, 68.528837046035392 ] ] ] ] } },
{ "type": "Feature", "properties": { "fid": 16164, "navn": null, "hoyde_moh": 514, "arealInnsjo_km2": 0.0661, "magasinKategori": null, "fid_2": 1132, "id": 1132, "left": 17.986919847, "top": 68.946110046000001, "right": 18.486919847, "bottom": 68.446110046000001, "row_index": 11, "col_index": 28, "tile_id": 1132 }, "geometry": { "type": "MultiPolygon", "coordinates": [ [ [ [ 18.057499801777862, 68.508807624679562 ], [ 18.057246176653059, 68.508244200754376 ], [ 18.057483436664469, 68.508090750189311 ], [ 18.058603044715923, 68.508608849970514 ], [ 18.059246218980881, 68.508413699437952 ], [ 18.057709359330101, 68.507833808496443 ], [ 18.057295619794175, 68.507505208004389 ], [ 18.056627223486615, 68.50748883731049 ], [ 18.05679044249861, 68.50782792980236 ], [ 18.055802078203826, 68.507961843434401 ], [ 18.055401487596118, 68.507623482353409 ], [ 18.05454952181649, 68.507307345621058 ], [ 18.054200891641852, 68.50660388395967 ], [ 18.053416893229713, 68.50649829827897 ], [ 18.053765153136091, 68.506184548617753 ], [ 18.053669358208058, 68.505867479948435 ], [ 18.053060624856972, 68.505969598037964 ], [ 18.052452365884733, 68.505774889295679 ], [ 18.052407061727632, 68.505568499180214 ], [ 18.052628864797963, 68.505407525834059 ], [ 18.053703177907888, 68.505164147977837 ], [ 18.053637375537527, 68.504945651620602 ], [ 18.052900579375571, 68.504935181049717 ], [ 18.05264160882286, 68.50517422246358 ], [ 18.052368041481877, 68.505109979518139 ], [ 18.052343303198256, 68.504936164792781 ], [ 18.051794637722555, 68.505037005998105 ], [ 18.051657954756173, 68.5053042566079 ], [ 18.051887482139129, 68.505527944890801 ], [ 18.051641603004374, 68.505816844061243 ], [ 18.050678958830975, 68.505778419950119 ], [ 18.050528803514727, 68.505600331953303 ], [ 18.050233659349093, 68.505581099000551 ], [ 18.049558405898896, 68.505613127857146 ], [ 18.049528545136145, 68.505806968764773 ], [ 18.049348694051368, 68.505854679687417 ], [ 18.049137936831453, 68.505677333094383 ], [ 18.049253000794916, 68.50560853443298 ], [ 18.048949049727923, 68.505592960773427 ], [ 18.047986945841529, 68.505908157806999 ], [ 18.048008762016273, 68.506078703869164 ], [ 18.048447375778647, 68.506273727982716 ], [ 18.050249374873005, 68.506738537158256 ], [ 18.050759960083848, 68.507060005232702 ], [ 18.052517269440923, 68.507392728574487 ], [ 18.052520180982576, 68.507634994427789 ], [ 18.051693620099819, 68.507680108856377 ], [ 18.050167272936786, 68.508063399331533 ], [ 18.053663416172444, 68.508413688639408 ], [ 18.055049224584206, 68.508755573369129 ], [ 18.056774844533752, 68.508683110811475 ], [ 18.057071354051192, 68.508804209786533 ], [ 18.056695974153598, 68.508892481133273 ], [ 18.057499801777862, 68.508807624679562 ] ], [ [ 18.051344081847841, 68.506160191550137 ], [ 18.05130087702484, 68.506052522095374 ], [ 18.051581760294305, 68.506100203911032 ], [ 18.051475010701679, 68.506230442701835 ], [ 18.051344081847841, 68.506160191550137 ] ], [ [ 18.050594584552666, 68.506486978634456 ], [ 18.050532923194353, 68.506409362125609 ], [ 18.050975439049456, 68.50642483711998 ], [ 18.050872751951257, 68.506597827037965 ], [ 18.050594584552666, 68.506486978634456 ] ], [ [ 18.052442078970085, 68.507881068649766 ], [ 18.053097203657583, 68.507904251690135 ], [ 18.052847890530998, 68.508006829582655 ], [ 18.052442078970085, 68.507881068649766 ] ], [ [ 18.055479639832541, 68.50828365621318 ], [ 18.054344276375396, 68.508397164298387 ], [ 18.054243283537062, 68.508298627720052 ], [ 18.055359556161779, 68.507997196893797 ], [ 18.056822213298531, 68.50809130770952 ], [ 18.055764932258423, 68.508125023950328 ], [ 18.055829831918444, 68.508349282310121 ], [ 18.055479639832541, 68.50828365621318 ] ] ] ] } },
{ "type": "Feature", "properties": { "fid": 16165, "navn": null, "hoyde_moh": 628, "arealInnsjo_km2": 0.0056, "magasinKategori": null, "fid_2": 1132, "id": 1132, "left": 17.986919847, "top": 68.946110046000001, "right": 18.486919847, "bottom": 68.446110046000001, "row_index": 11, "col_index": 28, "tile_id": 1132 }, "geometry": { "type": "MultiPolygon", "coordinates": [ [ [ [ 18.110010979114126, 68.508019430418216 ], [ 18.109751960513773, 68.507779838709141 ], [ 18.109988407540875, 68.507676333317093 ], [ 18.109847579663491, 68.507491294434161 ], [ 18.108602061241871, 68.507240536949993 ], [ 18.108076980322902, 68.507385122533677 ], [ 18.108228591974445, 68.507982611983877 ], [ 18.110010979114126, 68.508019430418216 ] ] ] ] } },
{ "type": "Feature", "properties": { "fid": 16187, "navn": null, "hoyde_moh": 517, "arealInnsjo_km2": 0.0032, "magasinKategori": null, "fid_2": 1132, "id": 1132, "left": 17.986919847, "top": 68.946110046000001, "right": 18.486919847, "bottom": 68.446110046000001, "row_index": 11, "col_index": 28, "tile_id": 1132 }, "geometry": { "type": "MultiPolygon", "coordinates": [ [ [ [ 18.057194313060176, 68.505142485099839 ], [ 18.058221490801891, 68.504889521778622 ], [ 18.056349048208315, 68.504754231823583 ], [ 18.056342011452859, 68.504899266929783 ], [ 18.05605918220003, 68.505028766922763 ], [ 18.056460217654386, 68.505233343820123 ], [ 18.057194313060176, 68.505142485099839 ] ] ] ] } },
{ "type": "Feature", "properties": { "fid": 17635, "navn": null, "hoyde_moh": 1200, "arealInnsjo_km2": 0.0032, "magasinKategori": null, "fid_2": 1132, "id": 1132, "left": 17.986919847, "top": 68.946110046000001, "right": 18.486919847, "bottom": 68.446110046000001, "row_index": 11, "col_index": 28, "tile_id": 1132 }, "geometry": { "type": "MultiPolygon", "coordinates": [ [ [ [ 18.323187974197804, 68.580447506053105 ], [ 18.323645963384891, 68.580393108417638 ], [ 18.323587985065949, 68.580205409422092 ], [ 18.320976638433777, 68.580377230765848 ], [ 18.323456995541097, 68.58062367167193 ], [ 18.323187974197804, 68.580447506053105 ] ] ] ] } },
{ "type": "Feature", "properties": { "fid": 17636, "navn": null, "hoyde_moh": 1100, "arealInnsjo_km2": 0.0026, "magasinKategori": null, "fid_2": 1132, "id": 1132, "left": 17.986919847, "top": 68.946110046000001, "right": 18.486919847, "bottom": 68.446110046000001, "row_index": 11, "col_index": 28, "tile_id": 1132 }, "geometry": { "type": "MultiPolygon", "coordinates": [ [ [ [ 18.242152320191828, 68.582319777127225 ], [ 18.242149755198348, 68.582140241804439 ], [ 18.240553704387025, 68.582338459566145 ], [ 18.240553939464775, 68.582535998042459 ], [ 18.241276015152394, 68.582655427646884 ], [ 18.242152320191828, 68.582319777127225 ] ] ] ] } },
{ "type": "Feature", "properties": { "fid": 17727, "navn": null, "hoyde_moh": 1000, "arealInnsjo_km2": 0.01, "magasinKategori": null, "fid_2": 1132, "id": 1132, "left": 17.986919847, "top": 68.946110046000001, "right": 18.486919847, "bottom": 68.446110046000001, "row_index": 11, "col_index": 28, "tile_id": 1132 }, "geometry": { "type": "MultiPolygon", "coordinates": [ [ [ [ 18.237047365925296, 68.564723569790459 ], [ 18.237374996037204, 68.564328998971476 ], [ 18.236316802859101, 68.5638466289858 ], [ 18.235868183601077, 68.563139263293593 ], [ 18.235501684595128, 68.56319714056545 ], [ 18.235518337637114, 68.563365808729898 ], [ 18.236022328939569, 68.563763673363567 ], [ 18.236236446289507, 68.564310066770602 ], [ 18.236180773076502, 68.564922892307607 ], [ 18.235737898621167, 68.565291304297276 ], [ 18.237360903240045, 68.565870014651594 ], [ 18.237047365925296, 68.564723569790459 ] ] ] ] } },
{ "type": "Feature", "properties": { "fid": 17767, "navn": null, "hoyde_moh": 1094, "arealInnsjo_km2": 0.0066, "magasinKategori": null, "fid_2": 1132, "id": 1132, "left": 17.986919847, "top": 68.946110046000001, "right": 18.486919847, "bottom": 68.446110046000001, "row_index": 11, "col_index": 28, "tile_id": 1132 }, "geometry": { "type": "MultiPolygon", "coordinates": [ [ [ [ 18.25851691962071, 68.578628675764932 ], [ 18.257526951355661, 68.578289397561505 ], [ 18.257218737687097, 68.578805034276257 ], [ 18.256354264679317, 68.579248741168783 ], [ 18.25775909041359, 68.579406241449092 ], [ 18.258321165950658, 68.579226900968436 ], [ 18.25851691962071, 68.578628675764932 ] ] ] ] } },
{ "type": "Feature", "properties": { "fid": 17787, "navn": null, "hoyde_moh": 1124, "arealInnsjo_km2": 0.0037, "magasinKategori": null, "fid_2": 1132, "id": 1132, "left": 17.986919847, "top": 68.946110046000001, "right": 18.486919847, "bottom": 68.446110046000001, "row_index": 11, "col_index": 28, "tile_id": 1132 }, "geometry": { "type": "MultiPolygon", "coordinates": [ [ [ [ 18.313214592764862, 68.579744500342485 ], [ 18.313203673120444, 68.579017269295946 ], [ 18.312629798027736, 68.579295360654854 ], [ 18.312265260509026, 68.579675467331171 ], [ 18.312144575180817, 68.580068371236706 ], [ 18.312775291625535, 68.580132366714409 ], [ 18.313214592764862, 68.579744500342485 ] ] ] ] } },
{ "type": "Feature", "properties": { "fid": 17792, "navn": null, "hoyde_moh": 885, "arealInnsjo_km2": 0.0151, "magasinKategori": null, "fid_2": 1132, "id": 1132, "left": 17.986919847, "top": 68.946110046000001, "right": 18.486919847, "bottom": 68.446110046000001, "row_index": 11, "col_index": 28, "tile_id": 1132 }, "geometry": { "type": "MultiPolygon", "coordinates": [ [ [ [ 18.033408640310927, 68.567040624917269 ], [ 18.0340437521659, 68.566438866096007 ], [ 18.033649041171074, 68.566307817923402 ], [ 18.032538349864186, 68.566408207081764 ], [ 18.030457805916775, 68.566883842134899 ], [ 18.030421908994594, 68.567194945452286 ], [ 18.030661473332252, 68.56737880467459 ], [ 18.030818906492136, 68.567860325583652 ], [ 18.031306229313852, 68.56787703805945 ], [ 18.033408640310927, 68.567040624917269 ] ] ] ] } },
{ "type": "Feature", "properties": { "fid": 19125, "navn": null, "hoyde_moh": 1104, "arealInnsjo_km2": 0.0118, "magasinKategori": null, "fid_2": 1132, "id": 1132, "left": 17.986919847, "top": 68.946110046000001, "right": 18.486919847, "bottom": 68.446110046000001, "row_index": 11, "col_index": 28, "tile_id": 1132 }, "geometry": { "type": "MultiPolygon", "coordinates": [ [ [ [ 18.384881010842832, 68.596791043094953 ], [ 18.384632410808411, 68.596500505544753 ], [ 18.383966814467133, 68.596438098294826 ], [ 18.383348616270304, 68.596146908680609 ], [ 18.38042018879807, 68.596383117051204 ], [ 18.381752136950531, 68.596944017888362 ], [ 18.383217277735621, 68.597001497652641 ], [ 18.384881010842832, 68.596791043094953 ] ] ] ] } },
{ "type": "Feature", "properties": { "fid": 20713, "navn": null, "hoyde_moh": 1002, "arealInnsjo_km2": 0.0081, "magasinKategori": null, "fid_2": 1132, "id": 1132, "left": 17.986919847, "top": 68.946110046000001, "right": 18.486919847, "bottom": 68.446110046000001, "row_index": 11, "col_index": 28, "tile_id": 1132 }, "geometry": { "type": "MultiPolygon", "coordinates": [ [ [ [ 18.105298575583493, 68.642205068139063 ], [ 18.105594039153662, 68.641824063063936 ], [ 18.104562747057003, 68.641420446222241 ], [ 18.102955373506127, 68.641662103331811 ], [ 18.10282362962166, 68.642108684572207 ], [ 18.103927524549128, 68.642334102785938 ], [ 18.105298575583493, 68.642205068139063 ] ] ] ] } },
{ "type": "Feature", "properties": { "fid": 20719, "navn": null, "hoyde_moh": 566, "arealInnsjo_km2": 0.01, "magasinKategori": null, "fid_2": 1132, "id": 1132, "left": 17.986919847, "top": 68.946110046000001, "right": 18.486919847, "bottom": 68.446110046000001, "row_index": 11, "col_index": 28, "tile_id": 1132 }, "geometry": { "type": "MultiPolygon", "coordinates": [ [ [ [ 18.006650180260962, 68.449853030567098 ], [ 18.005098401724073, 68.449623858273014 ], [ 18.005182332276821, 68.44941738714445 ], [ 18.004930722657857, 68.449310039825093 ], [ 18.002854051746972, 68.449219280550253 ], [ 18.00189358116759, 68.449428542912401 ], [ 18.001649258631748, 68.449357600004447 ], [ 18.001778996007481, 68.449069150035683 ], [ 18.00083999251197, 68.448838197500251 ], [ 17.999861192760907, 68.448957100730865 ], [ 18.001468731489165, 68.449528273522972 ], [ 18.003711324826522, 68.449687806218876 ], [ 18.004288866109899, 68.449531642039517 ], [ 18.00555193885118, 68.449949782052911 ], [ 18.006434611970793, 68.449991300763941 ], [ 18.006650180260962, 68.449853030567098 ] ] ] ] } },
{ "type": "Feature", "properties": { "fid": 20720, "navn": null, "hoyde_moh": 520, "arealInnsjo_km2": 0.007, "magasinKategori": null, "fid_2": 1132, "id": 1132, "left": 17.986919847, "top": 68.946110046000001, "right": 18.486919847, "bottom": 68.446110046000001, "row_index": 11, "col_index": 28, "tile_id": 1132 }, "geometry": { "type": "MultiPolygon", "coordinates": [ [ [ [ 18.054569574441381, 68.453011197519487 ], [ 18.053790503520922, 68.452718447200269 ], [ 18.054416781307069, 68.452413167341049 ], [ 18.054417113717232, 68.452263675059072 ], [ 18.053573991149513, 68.451977479640533 ], [ 18.052900970734186, 68.452240423900761 ], [ 18.052930642771667, 68.452378864445166 ], [ 18.052470050710017, 68.452471388272414 ], [ 18.052642134046572, 68.452711378613898 ], [ 18.052582226451225, 68.452879195006233 ], [ 18.053862855193966, 68.45320015175858 ], [ 18.054569574441381, 68.453011197519487 ] ] ] ] } },
{ "type": "Feature", "properties": { "fid": 20854, "navn": null, "hoyde_moh": 566, "arealInnsjo_km2": 0.0044, "magasinKategori": null, "fid_2": 1132, "id": 1132, "left": 17.986919847, "top": 68.946110046000001, "right": 18.486919847, "bottom": 68.446110046000001, "row_index": 11, "col_index": 28, "tile_id": 1132 }, "geometry": { "type": "MultiPolygon", "coordinates": [ [ [ [ 18.07287303025441, 68.468836387577113 ], [ 18.0726534129311, 68.468628619152526 ], [ 18.072934785313407, 68.468476214435512 ], [ 18.072465699765374, 68.46823297903984 ], [ 18.072134432105905, 68.468453455337837 ], [ 18.071204948049324, 68.468397685733862 ], [ 18.071491343609544, 68.468586185131088 ], [ 18.071286229320194, 68.468706303961838 ], [ 18.070209754174783, 68.468801005412558 ], [ 18.07287303025441, 68.468836387577113 ] ] ] ] } },
{ "type": "Feature", "properties": { "fid": 20855, "navn": null, "hoyde_moh": 681, "arealInnsjo_km2": 0.0092, "magasinKategori": null, "fid_2": 1132, "id": 1132, "left": 17.986919847, "top": 68.946110046000001, "right": 18.486919847, "bottom": 68.446110046000001, "row_index": 11, "col_index": 28, "tile_id": 1132 }, "geometry": { "type": "MultiPolygon", "coordinates": [ [ [ [ 18.057605794819139, 68.478337750834584 ], [ 18.058211087093689, 68.478365760472713 ], [ 18.058351024471889, 68.478234459852104 ], [ 18.057722131393444, 68.477979644401771 ], [ 18.05772760778822, 68.477700323957734 ], [ 18.057131196397748, 68.477463139545506 ], [ 18.056166356960794, 68.477349029822037 ], [ 18.056218918260093, 68.477699655256927 ], [ 18.055688094083909, 68.477634547823726 ], [ 18.055507357215063, 68.477813186524742 ], [ 18.054771403502624, 68.477883794942414 ], [ 18.055021327223212, 68.478155316424392 ], [ 18.05593101533718, 68.478546606522173 ], [ 18.055940305936836, 68.477973541961788 ], [ 18.057128206342899, 68.478033755403445 ], [ 18.05726568992803, 68.47816798437222 ], [ 18.056851396754482, 68.478402240490951 ], [ 18.05752519941548, 68.478681737786246 ], [ 18.057605794819139, 68.478337750834584 ] ] ] ] } },
{ "type": "Feature", "properties": { "fid": 20864, "navn": null, "hoyde_moh": 610, "arealInnsjo_km2": 0.0038, "magasinKategori": null, "fid_2": 1132, "id": 1132, "left": 17.986919847, "top": 68.946110046000001, "right": 18.486919847, "bottom": 68.446110046000001, "row_index": 11, "col_index": 28, "tile_id": 1132 }, "geometry": { "type": "MultiPolygon", "coordinates": [ [ [ [ 18.067332412597242, 68.453406503549544 ], [ 18.066300636302508, 68.453013034107983 ], [ 18.066098679498317, 68.452730327625517 ], [ 18.065001671390274, 68.452687836942232 ], [ 18.066057769599556, 68.453340339000945 ], [ 18.066443558133439, 68.45331064818491 ], [ 18.066829235220204, 68.453552190723713 ], [ 18.067330849871588, 68.453612941673583 ], [ 18.067332412597242, 68.453406503549544 ] ] ] ] } },
{ "type": "Feature", "properties": { "fid": 20865, "navn": null, "hoyde_moh": 560, "arealInnsjo_km2": 0.0028, "magasinKategori": null, "fid_2": 1132, "id": 1132, "left": 17.986919847, "top": 68.946110046000001, "right": 18.486919847, "bottom": 68.446110046000001, "row_index": 11, "col_index": 28, "tile_id": 1132 }, "geometry": { "type": "MultiPolygon", "coordinates": [ [ [ [ 18.095397329448527, 68.485984479867597 ], [ 18.096217077238499, 68.486106439649646 ], [ 18.096242957152342, 68.485820628602639 ], [ 18.095152370808893, 68.485667756992086 ], [ 18.094672321253107, 68.485941572464725 ], [ 18.09489356236239, 68.486201272293584 ], [ 18.095421652787124, 68.486242248828148 ], [ 18.095397329448527, 68.485984479867597 ] ] ] ] } },
{ "type": "Feature", "properties": { "fid": 20866, "navn": null, "hoyde_moh": 570, "arealInnsjo_km2": 0.0025, "magasinKategori": null, "fid_2": 1132, "id": 1132, "left": 17.986919847, "top": 68.946110046000001, "right": 18.486919847, "bottom": 68.446110046000001, "row_index": 11, "col_index": 28, "tile_id": 1132 }, "geometry": { "type": "MultiPolygon", "coordinates": [ [ [ [ 18.09371638791405, 68.487176954483942 ], [ 18.093675344950658, 68.486871998603576 ], [ 18.092982781174939, 68.48667145316135 ], [ 18.092546767541283, 68.486799179389379 ], [ 18.09275752296826, 68.487055663441097 ], [ 18.093320664410406, 68.487254198905347 ], [ 18.09323148890628, 68.487394290838026 ], [ 18.093952817439934, 68.487386814642065 ], [ 18.09371638791405, 68.487176954483942 ] ] ] ] } },
{ "type": "Feature", "properties": { "fid": 20879, "navn": null, "hoyde_moh": 456, "arealInnsjo_km2": 0.0045, "magasinKategori": null, "fid_2": 1132, "id": 1132, "left": 17.986919847, "top": 68.946110046000001, "right": 18.486919847, "bottom": 68.446110046000001, "row_index": 11, "col_index": 28, "tile_id": 1132 }, "geometry": { "type": "MultiPolygon", "coordinates": [ [ [ [ 18.054523873965145, 68.460825264868618 ], [ 18.054250191320847, 68.460691095292617 ], [ 18.054243622559678, 68.460436235812182 ], [ 18.053244534923635, 68.460245712711583 ], [ 18.052830917635436, 68.460316369720829 ], [ 18.052833910608626, 68.46069869393591 ], [ 18.053197809370776, 68.46094919364981 ], [ 18.054281388696939, 68.461079459494556 ], [ 18.054523873965145, 68.460825264868618 ] ] ] ] } },
{ "type": "Feature", "properties": { "fid": 23212, "navn": null, "hoyde_moh": 778, "arealInnsjo_km2": 0.0121, "magasinKategori": null, "fid_2": 1132, "id": 1132, "left": 17.986919847, "top": 68.946110046000001, "right": 18.486919847, "bottom": 68.446110046000001, "row_index": 11, "col_index": 28, "tile_id": 1132 }, "geometry": { "type": "MultiPolygon", "coordinates": [ [ [ [ 18.177154496606764, 68.609776717218907 ], [ 18.177108755352975, 68.609462334631758 ], [ 18.177583627368385, 68.609081382636006 ], [ 18.177277270930457, 68.608552296342978 ], [ 18.177333782903371, 68.608329543426706 ], [ 18.176363574840199, 68.608119696806625 ], [ 18.175280400952499, 68.60810385187537 ], [ 18.176254942635282, 68.60850774433321 ], [ 18.176110891274018, 68.608892329546563 ], [ 18.175465513444284, 68.60931474213389 ], [ 18.175397829622163, 68.609618603610997 ], [ 18.176540625953905, 68.610022106046827 ], [ 18.177154496606764, 68.609776717218907 ] ] ] ] } },
{ "type": "Feature", "properties": { "fid": 23979, "navn": null, "hoyde_moh": 911, "arealInnsjo_km2": 0.0131, "magasinKategori": null, "fid_2": 1132, "id": 1132, "left": 17.986919847, "top": 68.946110046000001, "right": 18.486919847, "bottom": 68.446110046000001, "row_index": 11, "col_index": 28, "tile_id": 1132 }, "geometry": { "type": "MultiPolygon", "coordinates": [ [ [ [ 18.018068583929441, 68.654536514261693 ], [ 18.018874386451223, 68.654240283647624 ], [ 18.018960638613763, 68.654105060980172 ], [ 18.018717731036315, 68.653983090592234 ], [ 18.018907030570979, 68.65374035544896 ], [ 18.019187138742282, 68.65377089438968 ], [ 18.019309286186434, 68.654243632770118 ], [ 18.019803526628344, 68.654325192349063 ], [ 18.020406595146078, 68.654228837432839 ], [ 18.020554897392543, 68.653987372910606 ], [ 18.020907675966562, 68.653847825391807 ], [ 18.020895866437382, 68.653709150459903 ], [ 18.020296959288682, 68.653542114383853 ], [ 18.020438240837738, 68.653274201349504 ], [ 18.020206751799634, 68.653105344165326 ], [ 18.018855548309755, 68.653131865193288 ], [ 18.017271360019087, 68.654646029255332 ], [ 18.017213792331731, 68.655060036169118 ], [ 18.017571656695001, 68.655146285919244 ], [ 18.018068583929441, 68.654536514261693 ] ], [ [ 18.018975710283794, 68.653429123639143 ], [ 18.018881610052915, 68.653297757020226 ], [ 18.019778182361531, 68.653411887242655 ], [ 18.01932469994874, 68.653553863342395 ], [ 18.018975710283794, 68.653429123639143 ] ] ] ] } },
{ "type": "Feature", "properties": { "fid": 25058, "navn": null, "hoyde_moh": 1229, "arealInnsjo_km2": 0.0041, "magasinKategori": null, "fid_2": 1132, "id": 1132, "left": 17.986919847, "top": 68.946110046000001, "right": 18.486919847, "bottom": 68.446110046000001, "row_index": 11, "col_index": 28, "tile_id": 1132 }, "geometry": { "type": "MultiPolygon", "coordinates": [ [ [ [ 18.438975084635796, 68.775095069069778 ], [ 18.439202749431821, 68.775001451768944 ], [ 18.439183137639901, 68.774810476948076 ], [ 18.438689537436854, 68.774612239906588 ], [ 18.437167822316518, 68.774828653925283 ], [ 18.437314980330218, 68.775094542044116 ], [ 18.438061542652637, 68.775228109880132 ], [ 18.438975084635796, 68.775095069069778 ] ] ] ] } },
{ "type": "Feature", "properties": { "fid": 25499, "navn": null, "hoyde_moh": 810, "arealInnsjo_km2": 0.0064, "magasinKategori": null, "fid_2": 1132, "id": 1132, "left": 17.986919847, "top": 68.946110046000001, "right": 18.486919847, "bottom": 68.446110046000001, "row_index": 11, "col_index": 28, "tile_id": 1132 }, "geometry": { "type": "MultiPolygon", "coordinates": [ [ [ [ 18.359023037977547, 68.646090760072738 ], [ 18.355254240075926, 68.645681692693586 ], [ 18.354896111715643, 68.645792717100306 ], [ 18.354896484502703, 68.645999158510079 ], [ 18.355946333590836, 68.646285020346937 ], [ 18.359023037977547, 68.646090760072738 ] ] ] ] } },
{ "type": "Feature", "properties": { "fid": 25510, "navn": null, "hoyde_moh": 210, "arealInnsjo_km2": 0.0034, "magasinKategori": null, "fid_2": 1132, "id": 1132, "left": 17.986919847, "top": 68.946110046000001, "right": 18.486919847, "bottom": 68.446110046000001, "row_index": 11, "col_index": 28, "tile_id": 1132 }, "geometry": { "type": "MultiPolygon", "coordinates": [ [ [ [ 18.206845500926953, 68.649098141363936 ], [ 18.206386067032874, 68.649059288754984 ], [ 18.20575758707972, 68.649366285294704 ], [ 18.205316906250541, 68.649384448723964 ], [ 18.205723281417907, 68.64932114475485 ], [ 18.204995841951245, 68.649146862081196 ], [ 18.204961304741595, 68.6487471471725 ], [ 18.204405664451372, 68.648483578932016 ], [ 18.204373386475087, 68.649013949962509 ], [ 18.204514840986239, 68.64919317552426 ], [ 18.205252420275318, 68.649495127753582 ], [ 18.205712695469472, 68.649498500708418 ], [ 18.206845500926953, 68.649098141363936 ] ] ] ] } },
{ "type": "Feature", "properties": { "fid": 25511, "navn": null, "hoyde_moh": 865, "arealInnsjo_km2": 0.0043, "magasinKategori": null, "fid_2": 1132, "id": 1132, "left": 17.986919847, "top": 68.946110046000001, "right": 18.486919847, "bottom": 68.446110046000001, "row_index": 11, "col_index": 28, "tile_id": 1132 }, "geometry": { "type": "MultiPolygon", "coordinates": [ [ [ [ 18.379728031356279, 68.64635983602264 ], [ 18.378508911708256, 68.646466526958022 ], [ 18.377027173375602, 68.646290926623649 ], [ 18.375934208631325, 68.646579073851171 ], [ 18.376711579008656, 68.64667198653062 ], [ 18.376851139139479, 68.646530449110571 ], [ 18.377882667993504, 68.646555495072533 ], [ 18.378630033331643, 68.646692823046408 ], [ 18.380219015900256, 68.646582847655637 ], [ 18.379728031356279, 68.64635983602264 ] ] ] ] } },
{ "type": "Feature", "properties": { "fid": 25956, "navn": null, "hoyde_moh": 858, "arealInnsjo_km2": 0.0045, "magasinKategori": null, "fid_2": 1132, "id": 1132, "left": 17.986919847, "top": 68.946110046000001, "right": 18.486919847, "bottom": 68.446110046000001, "row_index": 11, "col_index": 28, "tile_id": 1132 }, "geometry": { "type": "MultiPolygon", "coordinates": [ [ [ [ 18.061296021454702, 68.771496779276049 ], [ 18.061608024792758, 68.771191458189435 ], [ 18.061590459364883, 68.770993542451478 ], [ 18.060376226406497, 68.770889876321576 ], [ 18.05989229290239, 68.771409640526755 ], [ 18.059919588532427, 68.771563119257891 ], [ 18.060556824259791, 68.771646507414559 ], [ 18.061296021454702, 68.771496779276049 ] ] ] ] } },
{ "type": "Feature", "properties": { "fid": 25984, "navn": null, "hoyde_moh": 212, "arealInnsjo_km2": 0.0052, "magasinKategori": null, "fid_2": 1132, "id": 1132, "left": 17.986919847, "top": 68.946110046000001, "right": 18.486919847, "bottom": 68.446110046000001, "row_index": 11, "col_index": 28, "tile_id": 1132 }, "geometry": { "type": "MultiPolygon", "coordinates": [ [ [ [ 18.224321146684616, 68.642810714560596 ], [ 18.224426980203123, 68.642621835929958 ], [ 18.224123280614918, 68.642382425313585 ], [ 18.223354807982062, 68.642372696218402 ], [ 18.223298402694255, 68.642545634028778 ], [ 18.222392984666204, 68.642429871881419 ], [ 18.222052042317305, 68.642107754250034 ], [ 18.22165100215377, 68.642037390090195 ], [ 18.222377910169584, 68.642787436997608 ], [ 18.223710343002271, 68.642939840846154 ], [ 18.224321146684616, 68.642810714560596 ] ] ] ] } },
{ "type": "Feature", "properties": { "fid": 26002, "navn": null, "hoyde_moh": 589, "arealInnsjo_km2": 0.0033, "magasinKategori": null, "fid_2": 1132, "id": 1132, "left": 17.986919847, "top": 68.946110046000001, "right": 18.486919847, "bottom": 68.446110046000001, "row_index": 11, "col_index": 28, "tile_id": 1132 }, "geometry": { "type": "MultiPolygon", "coordinates": [ [ [ [ 18.071787569729647, 68.779821739768678 ], [ 18.07143606082391, 68.779481828158168 ], [ 18.071011646020267, 68.779338957389285 ], [ 18.070574026350883, 68.779357120819711 ], [ 18.070235224905943, 68.779719594904009 ], [ 18.071347923279621, 68.780019142731874 ], [ 18.071787569729647, 68.779821739768678 ] ] ] ] } },
{ "type": "Feature", "properties": { "fid": 26721, "navn": null, "hoyde_moh": 589, "arealInnsjo_km2": 0.0053, "magasinKategori": null, "fid_2": 1132, "id": 1132, "left": 17.986919847, "top": 68.946110046000001, "right": 18.486919847, "bottom": 68.446110046000001, "row_index": 11, "col_index": 28, "tile_id": 1132 }, "geometry": { "type": "MultiPolygon", "coordinates": [ [ [ [ 18.058144753327479, 68.781841575265773 ], [ 18.058691093713083, 68.781624148341336 ], [ 18.058296626569412, 68.781377908813056 ], [ 18.057346644690305, 68.78116144043922 ], [ 18.056356504412452, 68.781408322782468 ], [ 18.057086368378279, 68.781667820553906 ], [ 18.057429963065086, 68.78197315722997 ], [ 18.058283637869767, 68.78211262684988 ], [ 18.058144753327479, 68.781841575265773 ] ] ] ] } },
{ "type": "Feature", "properties": { "fid": 28315, "navn": null, "hoyde_moh": 829, "arealInnsjo_km2": 0.004, "magasinKategori": null, "fid_2": 1132, "id": 1132, "left": 17.986919847, "top": 68.946110046000001, "right": 18.486919847, "bottom": 68.446110046000001, "row_index": 11, "col_index": 28, "tile_id": 1132 }, "geometry": { "type": "MultiPolygon", "coordinates": [ [ [ [ 18.115296126625157, 68.630314802122385 ], [ 18.115383571055656, 68.63010614397551 ], [ 18.113242777342354, 68.62980093451209 ], [ 18.112568003051251, 68.630144790141344 ], [ 18.115296126625157, 68.630314802122385 ] ] ] ] } },
{ "type": "Feature", "properties": { "fid": 29989, "navn": null, "hoyde_moh": 592, "arealInnsjo_km2": 0.0049, "magasinKategori": null, "fid_2": 1132, "id": 1132, "left": 17.986919847, "top": 68.946110046000001, "right": 18.486919847, "bottom": 68.446110046000001, "row_index": 11, "col_index": 28, "tile_id": 1132 }, "geometry": { "type": "MultiPolygon", "coordinates": [ [ [ [ 18.091238850024421, 68.784751911716853 ], [ 18.09229173882192, 68.784681534248847 ], [ 18.09241810122553, 68.784435113883376 ], [ 18.091714209269103, 68.784154008692283 ], [ 18.090387020322325, 68.784312341402469 ], [ 18.090675658055723, 68.78487853670309 ], [ 18.091115496660692, 68.784888114539541 ], [ 18.091238850024421, 68.784751911716853 ] ] ] ] } },
{ "type": "Feature", "properties": { "fid": 30852, "navn": null, "hoyde_moh": 796, "arealInnsjo_km2": 0.0034, "magasinKategori": null, "fid_2": 1132, "id": 1132, "left": 17.986919847, "top": 68.946110046000001, "right": 18.486919847, "bottom": 68.446110046000001, "row_index": 11, "col_index": 28, "tile_id": 1132 }, "geometry": { "type": "MultiPolygon", "coordinates": [ [ [ [ 18.367879206077703, 68.621016757718721 ], [ 18.366605141786632, 68.620969937298881 ], [ 18.366153346504646, 68.621259053764945 ], [ 18.366776932424422, 68.621394492334943 ], [ 18.368556592891782, 68.621323531029006 ], [ 18.367879206077703, 68.621016757718721 ] ] ] ] } },
{ "type": "Feature", "properties": { "fid": 31396, "navn": null, "hoyde_moh": 787, "arealInnsjo_km2": 0.0076, "magasinKategori": null, "fid_2": 1132, "id": 1132, "left": 17.986919847, "top": 68.946110046000001, "right": 18.486919847, "bottom": 68.446110046000001, "row_index": 11, "col_index": 28, "tile_id": 1132 }, "geometry": { "type": "MultiPolygon", "coordinates": [ [ [ [ 18.359902578469701, 68.622335190400207 ], [ 18.360040387309795, 68.62222989015649 ], [ 18.359868318720235, 68.621986641888299 ], [ 18.358502634349062, 68.621916622604672 ], [ 18.358559283532216, 68.621716406943023 ], [ 18.358103191892827, 68.621724512115591 ], [ 18.357641186766894, 68.621915027430461 ], [ 18.35715347294747, 68.622535565778264 ], [ 18.358551528224282, 68.622611147358995 ], [ 18.359902578469701, 68.622335190400207 ] ] ] ] } },
{ "type": "Feature", "properties": { "fid": 31592, "navn": null, "hoyde_moh": 760, "arealInnsjo_km2": 0.0028, "magasinKategori": null, "fid_2": 1132, "id": 1132, "left": 17.986919847, "top": 68.946110046000001, "right": 18.486919847, "bottom": 68.446110046000001, "row_index": 11, "col_index": 28, "tile_id": 1132 }, "geometry": { "type": "MultiPolygon", "coordinates": [ [ [ [ 18.163997801268138, 68.628752221164902 ], [ 18.165579033741114, 68.628651683039251 ], [ 18.164887322523995, 68.628447839739422 ], [ 18.163093419343355, 68.628576336721068 ], [ 18.163591926725612, 68.628700312463593 ], [ 18.16313850978068, 68.628848801815877 ], [ 18.163997801268138, 68.628752221164902 ] ] ] ] } },
{ "type": "Feature", "properties": { "fid": 31601, "navn": null, "hoyde_moh": 833, "arealInnsjo_km2": 0.0036, "magasinKategori": null, "fid_2": 1132, "id": 1132, "left": 17.986919847, "top": 68.946110046000001, "right": 18.486919847, "bottom": 68.446110046000001, "row_index": 11, "col_index": 28, "tile_id": 1132 }, "geometry": { "type": "MultiPolygon", "coordinates": [ [ [ [ 18.105736457680891, 68.629471930055516 ], [ 18.105724625106085, 68.629159073674103 ], [ 18.104872051535814, 68.628987675141929 ], [ 18.103553093039338, 68.62901241926096 ], [ 18.103773367437022, 68.629264603783781 ], [ 18.105736457680891, 68.629471930055516 ] ] ] ] } },
{ "type": "Feature", "properties": { "fid": 39929, "navn": null, "hoyde_moh": 71, "arealInnsjo_km2": 0.0056, "magasinKategori": null, "fid_2": 1132, "id": 1132, "left": 17.986919847, "top": 68.946110046000001, "right": 18.486919847, "bottom": 68.446110046000001, "row_index": 11, "col_index": 28, "tile_id": 1132 }, "geometry": { "type": "MultiPolygon", "coordinates": [ [ [ [ 18.486663542763274, 68.813123021130025 ], [ 18.486648987237047, 68.812973431780719 ], [ 18.486895358131481, 68.812841201424988 ], [ 18.486919847, 68.812839608826366 ], [ 18.486919847, 68.812688315500054 ], [ 18.486376640197438, 68.812850154797133 ], [ 18.486302180463639, 68.813055816872406 ], [ 18.486403937722049, 68.813286416730605 ], [ 18.486919847, 68.813452310718873 ], [ 18.486919847, 68.813248386057964 ], [ 18.486663542763274, 68.813123021130025 ] ] ] ] } },
{ "type": "Feature", "properties": { "fid": 39993, "navn": null, "hoyde_moh": 71, "arealInnsjo_km2": 0.003, "magasinKategori": null, "fid_2": 1132, "id": 1132, "left": 17.986919847, "top": 68.946110046000001, "right": 18.486919847, "bottom": 68.446110046000001, "row_index": 11, "col_index": 28, "tile_id": 1132 }, "geometry": { "type": "MultiPolygon", "coordinates": [ [ [ [ 18.485886408630357, 68.812866603964025 ], [ 18.484684186822076, 68.812897586635955 ], [ 18.4844976144051, 68.812580447527665 ], [ 18.484808969046661, 68.812329148438906 ], [ 18.486338621007086, 68.812114785341294 ], [ 18.484829403809364, 68.812093972623899 ], [ 18.484202520639958, 68.812516188791207 ], [ 18.484443996872951, 68.812987028185333 ], [ 18.485331586267893, 68.813058335218756 ], [ 18.485886408630357, 68.812866603964025 ] ] ] ] } },
{ "type": "Feature", "properties": { "fid": 41192, "navn": null, "hoyde_moh": 429, "arealInnsjo_km2": 0.0077, "magasinKategori": null, "fid_2": 1132, "id": 1132, "left": 17.986919847, "top": 68.946110046000001, "right": 18.486919847, "bottom": 68.446110046000001, "row_index": 11, "col_index": 28, "tile_id": 1132 }, "geometry": { "type": "MultiPolygon", "coordinates": [ [ [ [ 18.259649643554635, 68.86480876040811 ], [ 18.259650824102899, 68.864475342048806 ], [ 18.259272710526837, 68.864403125095123 ], [ 18.259184005253577, 68.864207823045021 ], [ 18.258723278356406, 68.864155775360757 ], [ 18.256847494784378, 68.8648268997663 ], [ 18.257417056584714, 68.865165456987768 ], [ 18.258158850293601, 68.865162647919433 ], [ 18.259649643554635, 68.86480876040811 ] ] ] ] } },
{ "type": "Feature", "properties": { "fid": 41231, "navn": null, "hoyde_moh": 424, "arealInnsjo_km2": 0.0044, "magasinKategori": null, "fid_2": 1132, "id": 1132, "left": 17.986919847, "top": 68.946110046000001, "right": 18.486919847, "bottom": 68.446110046000001, "row_index": 11, "col_index": 28, "tile_id": 1132 }, "geometry": { "type": "MultiPolygon", "coordinates": [ [ [ [ 18.476967725403522, 68.857719279357525 ], [ 18.475621959760698, 68.85735040040143 ], [ 18.474204333471754, 68.85757300709993 ], [ 18.476535477449051, 68.857979938561584 ], [ 18.476967725403522, 68.857719279357525 ] ] ] ] } },
{ "type": "Feature", "properties": { "fid": 41243, "navn": null, "hoyde_moh": 510, "arealInnsjo_km2": 0.0061, "magasinKategori": null, "fid_2": 1132, "id": 1132, "left": 17.986919847, "top": 68.946110046000001, "right": 18.486919847, "bottom": 68.446110046000001, "row_index": 11, "col_index": 28, "tile_id": 1132 }, "geometry": { "type": "MultiPolygon", "coordinates": [ [ [ [ 18.22105255982402, 68.866369104328513 ], [ 18.221013848959426, 68.866205613665954 ], [ 18.220563342498764, 68.865958248327615 ], [ 18.220077776074731, 68.865238717733533 ], [ 18.219114074283564, 68.865431604241152 ], [ 18.219069120016929, 68.865688892096685 ], [ 18.21970109494362, 68.866132066512606 ], [ 18.220444175864046, 68.866526354808315 ], [ 18.22105255982402, 68.866369104328513 ] ] ] ] } },
{ "type": "Feature", "properties": { "fid": 41267, "navn": null, "hoyde_moh": 429, "arealInnsjo_km2": 0.007, "magasinKategori": null, "fid_2": 1132, "id": 1132, "left": 17.986919847, "top": 68.946110046000001, "right": 18.486919847, "bottom": 68.446110046000001, "row_index": 11, "col_index": 28, "tile_id": 1132 }, "geometry": { "type": "MultiPolygon", "coordinates": [ [ [ [ 18.432268809117975, 68.861741106387925 ], [ 18.432572114734693, 68.861522866868469 ], [ 18.431949594371837, 68.86115673618788 ], [ 18.430335983088693, 68.861183110113473 ], [ 18.429624879739922, 68.861428701456376 ], [ 18.432216627090927, 68.862054585315207 ], [ 18.432268809117975, 68.861741106387925 ] ] ] ] } },
{ "type": "Feature", "properties": { "fid": 41287, "navn": "Jektekjølskarvatnet", "hoyde_moh": 358, "arealInnsjo_km2": 0.0138, "magasinKategori": null, "fid_2": 1132, "id": 1132, "left": 17.986919847, "top": 68.946110046000001, "right": 18.486919847, "bottom": 68.446110046000001, "row_index": 11, "col_index": 28, "tile_id": 1132 }, "geometry": { "type": "MultiPolygon", "coordinates": [ [ [ [ 18.169861900416873, 68.862313546920518 ], [ 18.169865003018604, 68.862083188922739 ], [ 18.168549762611921, 68.861434313209415 ], [ 18.168389876185067, 68.861450401545568 ], [ 18.168415785389225, 68.861680218638995 ], [ 18.165814882143739, 68.861921077921892 ], [ 18.16597105312378, 68.861972939028519 ], [ 18.165943776961889, 68.862281590370472 ], [ 18.16700023422332, 68.862577062212765 ], [ 18.168556142042338, 68.862638757287925 ], [ 18.169861900416873, 68.862313546920518 ] ] ] ] } },
{ "type": "Feature", "properties": { "fid": 41303, "navn": null, "hoyde_moh": 493, "arealInnsjo_km2": 0.0038, "magasinKategori": null, "fid_2": 1132, "id": 1132, "left": 17.986919847, "top": 68.946110046000001, "right": 18.486919847, "bottom": 68.446110046000001, "row_index": 11, "col_index": 28, "tile_id": 1132 }, "geometry": { "type": "MultiPolygon", "coordinates": [ [ [ [ 18.229719021476065, 68.86196135718572 ], [ 18.229745030754522, 68.861827525654476 ], [ 18.229517071319339, 68.861540309487353 ], [ 18.229104819554774, 68.861400077162799 ], [ 18.228563605554204, 68.861397336338683 ], [ 18.228041699491925, 68.861610709468053 ], [ 18.228117593846349, 68.861866874280494 ], [ 18.228999365066372, 68.862091304077524 ], [ 18.229719021476065, 68.86196135718572 ] ] ] ] } },
{ "type": "Feature", "properties": { "fid": 41429, "navn": null, "hoyde_moh": 424, "arealInnsjo_km2": 0.0053, "magasinKategori": null, "fid_2": 1132, "id": 1132, "left": 17.986919847, "top": 68.946110046000001, "right": 18.486919847, "bottom": 68.446110046000001, "row_index": 11, "col_index": 28, "tile_id": 1132 }, "geometry": { "type": "MultiPolygon", "coordinates": [ [ [ [ 18.480977839148029, 68.858646441146064 ], [ 18.479661332260122, 68.858193831935338 ], [ 18.47838070505491, 68.858278240231513 ], [ 18.478482663857527, 68.858507674622302 ], [ 18.479020287701847, 68.8587136432579 ], [ 18.480534109066081, 68.858862353052842 ], [ 18.480977839148029, 68.858646441146064 ] ] ] ] } },
{ "type": "Feature", "properties": { "fid": 41492, "navn": null, "hoyde_moh": 491, "arealInnsjo_km2": 0.009, "magasinKategori": null, "fid_2": 1132, "id": 1132, "left": 17.986919847, "top": 68.946110046000001, "right": 18.486919847, "bottom": 68.446110046000001, "row_index": 11, "col_index": 28, "tile_id": 1132 }, "geometry": { "type": "MultiPolygon", "coordinates": [ [ [ [ 18.232102141525264, 68.863268122002097 ], [ 18.232184603839602, 68.862829099106236 ], [ 18.231572688067949, 68.862379571276094 ], [ 18.230204110625035, 68.862244406413069 ], [ 18.229439269218012, 68.862421095966866 ], [ 18.229866822297197, 68.862884458996149 ], [ 18.231898931572992, 68.863355399434568 ], [ 18.232102141525264, 68.863268122002097 ] ] ] ] } },
{ "type": "Feature", "properties": { "fid": 43144, "navn": null, "hoyde_moh": 265, "arealInnsjo_km2": 0.0044, "magasinKategori": null, "fid_2": 1132, "id": 1132, "left": 17.986919847, "top": 68.946110046000001, "right": 18.486919847, "bottom": 68.446110046000001, "row_index": 11, "col_index": 28, "tile_id": 1132 }, "geometry": { "type": "MultiPolygon", "coordinates": [ [ [ [ 18.317974534147965, 68.840873869094423 ], [ 18.317725677764695, 68.840637628801574 ], [ 18.318153381501126, 68.840467912003632 ], [ 18.317500937874566, 68.840290109579712 ], [ 18.316014031289772, 68.840639981833561 ], [ 18.316124915232333, 68.840914387043156 ], [ 18.317974534147965, 68.840873869094423 ] ] ] ] } },
{ "type": "Feature", "properties": { "fid": 43360, "navn": null, "hoyde_moh": 96, "arealInnsjo_km2": 0.0187, "magasinKategori": null, "fid_2": 1132, "id": 1132, "left": 17.986919847, "top": 68.946110046000001, "right": 18.486919847, "bottom": 68.446110046000001, "row_index": 11, "col_index": 28, "tile_id": 1132 }, "geometry": { "type": "MultiPolygon", "coordinates": [ [ [ [ 18.313492582701031, 68.849186863893962 ], [ 18.313296368077307, 68.849046927930274 ], [ 18.313472771900734, 68.848839832698104 ], [ 18.309377265442443, 68.847792989679874 ], [ 18.307369933393471, 68.847758532293454 ], [ 18.307621912549134, 68.847974253114558 ], [ 18.308684884561568, 68.848088070302936 ], [ 18.308799854296634, 68.848318579792505 ], [ 18.310221449163731, 68.848930590318673 ], [ 18.310982338252106, 68.849105682195486 ], [ 18.311382696282891, 68.849042746477437 ], [ 18.311362921916849, 68.849229905486993 ], [ 18.311861035581895, 68.849421787691313 ], [ 18.312539367052011, 68.849243971057703 ], [ 18.31267212165892, 68.849430132362485 ], [ 18.313492582701031, 68.849186863893962 ] ] ] ] } },
{ "type": "Feature", "properties": { "fid": 43604, "navn": "Langvatnet", "hoyde_moh": 75, "arealInnsjo_km2": 0.0254, "magasinKategori": null, "fid_2": 1132, "id": 1132, "left": 17.986919847, "top": 68.946110046000001, "right": 18.486919847, "bottom": 68.446110046000001, "row_index": 11, "col_index": 28, "tile_id": 1132 }, "geometry": { "type": "MultiPolygon", "coordinates": [ [ [ [ 18.394375271997681, 68.843089763153714 ], [ 18.39903269403716, 68.840773520647303 ], [ 18.398310515215364, 68.840660992080515 ], [ 18.396771715272319, 68.840948512465218 ], [ 18.39228124006809, 68.842897033692225 ], [ 18.392303026909239, 68.843125500264406 ], [ 18.392640267301275, 68.843347397682706 ], [ 18.392419138095757, 68.843395277274382 ], [ 18.3928722046793, 68.843504945302541 ], [ 18.394375271997681, 68.843089763153714 ] ] ] ] } },
{ "type": "Feature", "properties": { "fid": 43667, "navn": null, "hoyde_moh": 392, "arealInnsjo_km2": 0.0068, "magasinKategori": null, "fid_2": 1132, "id": 1132, "left": 17.986919847, "top": 68.946110046000001, "right": 18.486919847, "bottom": 68.446110046000001, "row_index": 11, "col_index": 28, "tile_id": 1132 }, "geometry": { "type": "MultiPolygon", "coordinates": [ [ [ [ 18.473401597343678, 68.861975364572871 ], [ 18.471686881464496, 68.861638147506042 ], [ 18.46989129282591, 68.861695914509454 ], [ 18.4694447931745, 68.861933314605935 ], [ 18.470534978951992, 68.862134138183791 ], [ 18.472603271603504, 68.86217927992692 ], [ 18.473401597343678, 68.861975364572871 ] ] ] ] } },
{ "type": "Feature", "properties": { "fid": 43902, "navn": null, "hoyde_moh": 409, "arealInnsjo_km2": 0.0042, "magasinKategori": null, "fid_2": 1132, "id": 1132, "left": 17.986919847, "top": 68.946110046000001, "right": 18.486919847, "bottom": 68.446110046000001, "row_index": 11, "col_index": 28, "tile_id": 1132 }, "geometry": { "type": "MultiPolygon", "coordinates": [ [ [ [ 18.446297714313967, 68.865068922079516 ], [ 18.44479080460405, 68.864972030097249 ], [ 18.444714358709746, 68.86512525808692 ], [ 18.444229496405988, 68.865260537734201 ], [ 18.445313199033958, 68.865677721812759 ], [ 18.446297714313967, 68.865068922079516 ] ] ] ] } },
{ "type": "Feature", "properties": { "fid": 43928, "navn": null, "hoyde_moh": 500, "arealInnsjo_km2": 0.0051, "magasinKategori": null, "fid_2": 1132, "id": 1132, "left": 17.986919847, "top": 68.946110046000001, "right": 18.486919847, "bottom": 68.446110046000001, "row_index": 11, "col_index": 28, "tile_id": 1132 }, "geometry": { "type": "MultiPolygon", "coordinates": [ [ [ [ 18.228438386357219, 68.869680632354303 ], [ 18.228442201099828, 68.869396196967671 ], [ 18.227827876192091, 68.869309808041379 ], [ 18.227806197456598, 68.86943763057937 ], [ 18.227390584053939, 68.869550122921439 ], [ 18.226674068549062, 68.869341400766032 ], [ 18.226154052924809, 68.869611834732623 ], [ 18.226768663935502, 68.86982994516201 ], [ 18.226852603747528, 68.870002902857706 ], [ 18.22764225304654, 68.870020062888614 ], [ 18.228438386357219, 68.869680632354303 ] ] ] ] } },
{ "type": "Feature", "properties": { "fid": 44105, "navn": null, "hoyde_moh": 65, "arealInnsjo_km2": 0.0035, "magasinKategori": null, "fid_2": 1132, "id": 1132, "left": 17.986919847, "top": 68.946110046000001, "right": 18.486919847, "bottom": 68.446110046000001, "row_index": 11, "col_index": 28, "tile_id": 1132 }, "geometry": { "type": "MultiPolygon", "coordinates": [ [ [ [ 18.382693366105872, 68.866258289579335 ], [ 18.382475921618219, 68.865962145629709 ], [ 18.382010726583829, 68.86576270512488 ], [ 18.381463456597842, 68.865796489188028 ], [ 18.381186695371511, 68.865983568147101 ], [ 18.381283033460271, 68.866275476748868 ], [ 18.381989081412701, 68.866433939431005 ], [ 18.382693366105872, 68.866258289579335 ] ] ] ] } },
{ "type": "Feature", "properties": { "fid": 44830, "navn": null, "hoyde_moh": 391, "arealInnsjo_km2": 0.0041, "magasinKategori": null, "fid_2": 1132, "id": 1132, "left": 17.986919847, "top": 68.946110046000001, "right": 18.486919847, "bottom": 68.446110046000001, "row_index": 11, "col_index": 28, "tile_id": 1132 }, "geometry": { "type": "MultiPolygon", "coordinates": [ [ [ [ 18.468594732130093, 68.862984236516667 ], [ 18.467832794135237, 68.862740961539203 ], [ 18.46713680009973, 68.86292192737136 ], [ 18.465967681401466, 68.8628686252801 ], [ 18.466521274477248, 68.863203717452521 ], [ 18.467605360260556, 68.863330415522285 ], [ 18.468594732130093, 68.862984236516667 ] ] ] ] } },
{ "type": "Feature", "properties": { "fid": 44831, "navn": null, "hoyde_moh": 10, "arealInnsjo_km2": 0.0041, "magasinKategori": null, "fid_2": 1132, "id": 1132, "left": 17.986919847, "top": 68.946110046000001, "right": 18.486919847, "bottom": 68.446110046000001, "row_index": 11, "col_index": 28, "tile_id": 1132 }, "geometry": { "type": "MultiPolygon", "coordinates": [ [ [ [ 18.0360389196297, 68.8638848564254 ], [ 18.035954103917923, 68.86343667669739 ], [ 18.035050009228463, 68.863599152497656 ], [ 18.03461617283795, 68.864109287929409 ], [ 18.034790191461315, 68.864277297611181 ], [ 18.035522231076229, 68.864311275069483 ], [ 18.0360389196297, 68.8638848564254 ] ] ] ] } },
{ "type": "Feature", "properties": { "fid": 44844, "navn": null, "hoyde_moh": 392, "arealInnsjo_km2": 0.0046, "magasinKategori": null, "fid_2": 1132, "id": 1132, "left": 17.986919847, "top": 68.946110046000001, "right": 18.486919847, "bottom": 68.446110046000001, "row_index": 11, "col_index": 28, "tile_id": 1132 }, "geometry": { "type": "MultiPolygon", "coordinates": [ [ [ [ 18.467326284597668, 68.862522289105286 ], [ 18.467204307759456, 68.862331245868035 ], [ 18.467351514913922, 68.862157432936129 ], [ 18.466831562802607, 68.861929065105443 ], [ 18.465437680122747, 68.862161076182602 ], [ 18.465789627242625, 68.862308097069516 ], [ 18.46573851803586, 68.862576130958558 ], [ 18.467326284597668, 68.862522289105286 ] ] ] ] } },
{ "type": "Feature", "properties": { "fid": 53426, "navn": null, "hoyde_moh": 793, "arealInnsjo_km2": 0.0174, "magasinKategori": null, "fid_2": 1132, "id": 1132, "left": 17.986919847, "top": 68.946110046000001, "right": 18.486919847, "bottom": 68.446110046000001, "row_index": 11, "col_index": 28, "tile_id": 1132 }, "geometry": { "type": "MultiPolygon", "coordinates": [ [ [ [ 18.050085622234921, 68.760559544206899 ], [ 18.049995572262656, 68.760435385610876 ], [ 18.050179666080652, 68.759939184443425 ], [ 18.050730542661601, 68.759402170899747 ], [ 18.050486241840883, 68.758788174127943 ], [ 18.049463835869329, 68.758667967534677 ], [ 18.048611205202391, 68.758838365388996 ], [ 18.048184454017889, 68.759112150757844 ], [ 18.048314409144279, 68.759744996574639 ], [ 18.048683866549041, 68.760014775561203 ], [ 18.048712884391062, 68.760834382396453 ], [ 18.050085622234921, 68.760559544206899 ] ] ] ] } },
{ "type": "Feature", "properties": { "fid": 53700, "navn": "Veslvatnet", "hoyde_moh": 214, "arealInnsjo_km2": 0.0067, "magasinKategori": null, "fid_2": 1132, "id": 1132, "left": 17.986919847, "top": 68.946110046000001, "right": 18.486919847, "bottom": 68.446110046000001, "row_index": 11, "col_index": 28, "tile_id": 1132 }, "geometry": { "type": "MultiPolygon", "coordinates": [ [ [ [ 18.440125659116692, 68.80564484647671 ], [ 18.440522093564287, 68.805216073442836 ], [ 18.440315587486523, 68.805090944021032 ], [ 18.438377067592867, 68.805140398708104 ], [ 18.438018433727478, 68.805733459617656 ], [ 18.438857896099879, 68.805891291456135 ], [ 18.440125659116692, 68.80564484647671 ] ] ] ] } },
{ "type": "Feature", "properties": { "fid": 53834, "navn": null, "hoyde_moh": 693, "arealInnsjo_km2": 0.0158, "magasinKategori": null, "fid_2": 1132, "id": 1132, "left": 17.986919847, "top": 68.946110046000001, "right": 18.486919847, "bottom": 68.446110046000001, "row_index": 11, "col_index": 28, "tile_id": 1132 }, "geometry": { "type": "MultiPolygon", "coordinates": [ [ [ [ 18.413860409867716, 68.762251305673431 ], [ 18.414062487985262, 68.761714881838216 ], [ 18.416604027422931, 68.761755491587067 ], [ 18.416906409993292, 68.761542215388772 ], [ 18.416884649690537, 68.761371400466373 ], [ 18.415949574159782, 68.761143307964204 ], [ 18.414090623355303, 68.761218424451215 ], [ 18.413193343698097, 68.76152091714367 ], [ 18.413010168604291, 68.761809193389169 ], [ 18.411479513960884, 68.76225231900068 ], [ 18.411550730036161, 68.762439020475881 ], [ 18.411962508385756, 68.762627212391152 ], [ 18.412772055449178, 68.76270851535439 ], [ 18.413860409867716, 68.762251305673431 ] ] ] ] } },
{ "type": "Feature", "properties": { "fid": 54017, "navn": null, "hoyde_moh": 793, "arealInnsjo_km2": 0.0054, "magasinKategori": null, "fid_2": 1132, "id": 1132, "left": 17.986919847, "top": 68.946110046000001, "right": 18.486919847, "bottom": 68.446110046000001, "row_index": 11, "col_index": 28, "tile_id": 1132 }, "geometry": { "type": "MultiPolygon", "coordinates": [ [ [ [ 18.050798983231406, 68.762037924143726 ], [ 18.050233269811969, 68.761915778263955 ], [ 18.050730839044039, 68.761477315159667 ], [ 18.050741044792698, 68.761222877503457 ], [ 18.049878736314781, 68.760949049373423 ], [ 18.049562518416462, 68.76102665586086 ], [ 18.049459983545177, 68.761462223394574 ], [ 18.049826095111772, 68.76200193592048 ], [ 18.050963323228199, 68.762355385035548 ], [ 18.050798983231406, 68.762037924143726 ] ] ] ] } },
{ "type": "Feature", "properties": { "fid": 54018, "navn": null, "hoyde_moh": 811, "arealInnsjo_km2": 0.0026, "magasinKategori": null, "fid_2": 1132, "id": 1132, "left": 17.986919847, "top": 68.946110046000001, "right": 18.486919847, "bottom": 68.446110046000001, "row_index": 11, "col_index": 28, "tile_id": 1132 }, "geometry": { "type": "MultiPolygon", "coordinates": [ [ [ [ 18.044884941815322, 68.763364698291269 ], [ 18.045049061226283, 68.763130658189752 ], [ 18.045428859812915, 68.763095729692026 ], [ 18.045424579687605, 68.762970296218867 ], [ 18.045033494340874, 68.762919060684681 ], [ 18.045033004596075, 68.762678283456395 ], [ 18.044630933852609, 68.762700593607192 ], [ 18.044207041569287, 68.763054128674824 ], [ 18.044416756558576, 68.763332802817501 ], [ 18.044197522663762, 68.763520609169348 ], [ 18.044884941815322, 68.763364698291269 ] ] ] ] } },
{ "type": "Feature", "properties": { "fid": 54020, "navn": null, "hoyde_moh": 715, "arealInnsjo_km2": 0.0566, "magasinKategori": null, "fid_2": 1132, "id": 1132, "left": 17.986919847, "top": 68.946110046000001, "right": 18.486919847, "bottom": 68.446110046000001, "row_index": 11, "col_index": 28, "tile_id": 1132 }, "geometry": { "type": "MultiPolygon", "coordinates": [ [ [ [ 18.442360627244909, 68.757358525400278 ], [ 18.442393726488305, 68.757127323958386 ], [ 18.442860460307848, 68.75687545089005 ], [ 18.444017445637424, 68.756846800771783 ], [ 18.444291064803828, 68.75660334181336 ], [ 18.445388337137928, 68.75622889092044 ], [ 18.445525153157174, 68.755944837798992 ], [ 18.445909608657509, 68.755972935073515 ], [ 18.446436963014293, 68.756317917888111 ], [ 18.447534454332544, 68.756108329724356 ], [ 18.447637041307125, 68.755968030793724 ], [ 18.446804309412872, 68.755797114519581 ], [ 18.44699968400834, 68.755491571691564 ], [ 18.445027197130674, 68.755184715252085 ], [ 18.443516567344947, 68.755375839696597 ], [ 18.440353891583722, 68.755162194004882 ], [ 18.439689612735393, 68.755605136703466 ], [ 18.438609540923604, 68.755879696971363 ], [ 18.438003366901238, 68.756604694777508 ], [ 18.439652515154879, 68.75707221734902 ], [ 18.441188732580848, 68.756899917864615 ], [ 18.441263760370909, 68.757016845104573 ], [ 18.440851963172978, 68.757228531984865 ], [ 18.440965801317237, 68.757425135461403 ], [ 18.442360627244909, 68.757358525400278 ] ] ] ] } },
{ "type": "Feature", "properties": { "fid": 54021, "navn": null, "hoyde_moh": 791, "arealInnsjo_km2": 0.0018, "magasinKategori": null, "fid_2": 1132, "id": 1132, "left": 17.986919847, "top": 68.946110046000001, "right": 18.486919847, "bottom": 68.446110046000001, "row_index": 11, "col_index": 28, "tile_id": 1132 }, "geometry": { "type": "MultiPolygon", "coordinates": [ [ [ [ 18.046190894858629, 68.76611519741391 ], [ 18.045846958700807, 68.765913005348395 ], [ 18.045315337815708, 68.766011622892108 ], [ 18.045232082110338, 68.766424125540297 ], [ 18.045862609711573, 68.766460014060669 ], [ 18.046190894858629, 68.76611519741391 ] ] ] ] } },
{ "type": "Feature", "properties": { "fid": 54050, "navn": null, "hoyde_moh": 701, "arealInnsjo_km2": 0.0349, "magasinKategori": null, "fid_2": 1132, "id": 1132, "left": 17.986919847, "top": 68.946110046000001, "right": 18.486919847, "bottom": 68.446110046000001, "row_index": 11, "col_index": 28, "tile_id": 1132 }, "geometry": { "type": "MultiPolygon", "coordinates": [ [ [ [ 18.427087116830609, 68.759428967305226 ], [ 18.427807629488193, 68.759118929019436 ], [ 18.427798983736881, 68.758948567007224 ], [ 18.427073757352037, 68.758455677398544 ], [ 18.427194678324106, 68.758306490856782 ], [ 18.429041679109091, 68.758025278333278 ], [ 18.430911499461917, 68.758117435774196 ], [ 18.43102246870226, 68.757913487732537 ], [ 18.430371216219328, 68.757836700117892 ], [ 18.431066353450003, 68.757663123386493 ], [ 18.426260416005178, 68.758027251165956 ], [ 18.423694346520278, 68.757660315410334 ], [ 18.423549714624098, 68.757801986057729 ], [ 18.424014898358866, 68.757960511688566 ], [ 18.423937364642313, 68.758222868499985 ], [ 18.422392099903934, 68.759015910401899 ], [ 18.423011920979697, 68.759345711406723 ], [ 18.427087116830609, 68.759428967305226 ] ] ] ] } },
{ "type": "Feature", "properties": { "fid": 54147, "navn": null, "hoyde_moh": 616, "arealInnsjo_km2": 0.0058, "magasinKategori": null, "fid_2": 1132, "id": 1132, "left": 17.986919847, "top": 68.946110046000001, "right": 18.486919847, "bottom": 68.446110046000001, "row_index": 11, "col_index": 28, "tile_id": 1132 }, "geometry": { "type": "MultiPolygon", "coordinates": [ [ [ [ 18.105899071122348, 68.798234262625158 ], [ 18.10581137939532, 68.797876560635942 ], [ 18.106165690121962, 68.797687545401203 ], [ 18.105661641933125, 68.797633928157325 ], [ 18.105438007948493, 68.797815611738784 ], [ 18.104235479351971, 68.797870125870219 ], [ 18.103770237665969, 68.798222235511034 ], [ 18.104437339742908, 68.798507294904198 ], [ 18.105899071122348, 68.798234262625158 ] ] ] ] } },
{ "type": "Feature", "properties": { "fid": 54178, "navn": null, "hoyde_moh": 710, "arealInnsjo_km2": 0.0054, "magasinKategori": null, "fid_2": 1132, "id": 1132, "left": 17.986919847, "top": 68.946110046000001, "right": 18.486919847, "bottom": 68.446110046000001, "row_index": 11, "col_index": 28, "tile_id": 1132 }, "geometry": { "type": "MultiPolygon", "coordinates": [ [ [ [ 18.019291182997492, 68.803725004639659 ], [ 18.019154622784505, 68.803585408218353 ], [ 18.019715482776423, 68.803216319765212 ], [ 18.017007740245557, 68.803391796719566 ], [ 18.017318967208318, 68.803697876175832 ], [ 18.019114006605459, 68.803865246548014 ], [ 18.019291182997492, 68.803725004639659 ] ] ] ] } },
{ "type": "Feature", "properties": { "fid": 56743, "navn": null, "hoyde_moh": 638, "arealInnsjo_km2": 0.0153, "magasinKategori": null, "fid_2": 1132, "id": 1132, "left": 17.986919847, "top": 68.946110046000001, "right": 18.486919847, "bottom": 68.446110046000001, "row_index": 11, "col_index": 28, "tile_id": 1132 }, "geometry": { "type": "MultiPolygon", "coordinates": [ [ [ [ 18.045879984073338, 68.795352201920466 ], [ 18.048420801973052, 68.795295239949397 ], [ 18.048648561367777, 68.795051886290167 ], [ 18.048024384663101, 68.794809660490827 ], [ 18.045615552845135, 68.794531798080783 ], [ 18.046542018526441, 68.794354454676551 ], [ 18.048444233398534, 68.794444436845893 ], [ 18.047330820733507, 68.794263791813819 ], [ 18.045448119160291, 68.794127839669457 ], [ 18.045328965321595, 68.794170379558693 ], [ 18.045402821750613, 68.794524844793344 ], [ 18.044222808566545, 68.794690662723809 ], [ 18.044274022300105, 68.794952344801146 ], [ 18.044667690857509, 68.795065401359466 ], [ 18.044453574698171, 68.795475671201274 ], [ 18.045367218497695, 68.795517534416774 ], [ 18.045879984073338, 68.795352201920466 ] ] ] ] } },
{ "type": "Feature", "properties": { "fid": 56744, "navn": null, "hoyde_moh": 606, "arealInnsjo_km2": 0.0156, "magasinKategori": null, "fid_2": 1132, "id": 1132, "left": 17.986919847, "top": 68.946110046000001, "right": 18.486919847, "bottom": 68.446110046000001, "row_index": 11, "col_index": 28, "tile_id": 1132 }, "geometry": { "type": "MultiPolygon", "coordinates": [ [ [ [ 18.023968824385776, 68.823360552235215 ], [ 18.024586880715798, 68.823353493379372 ], [ 18.026602976919634, 68.82288098101715 ], [ 18.025365501628098, 68.82303428998793 ], [ 18.024184470329207, 68.822858450140444 ], [ 18.023824167088783, 68.823078805570788 ], [ 18.023321583105858, 68.823131477046758 ], [ 18.023002306247523, 68.823086168887542 ], [ 18.02263219629145, 68.822585519948561 ], [ 18.02100299131142, 68.822717580642802 ], [ 18.020232686838533, 68.822948634302051 ], [ 18.020717389079643, 68.823366629657954 ], [ 18.02119616024607, 68.823523838617106 ], [ 18.022936406599921, 68.82379280762197 ], [ 18.023968824385776, 68.823360552235215 ] ] ] ] } },
{ "type": "Feature", "properties": { "fid": 56745, "navn": null, "hoyde_moh": 560, "arealInnsjo_km2": 0.0069, "magasinKategori": null, "fid_2": 1132, "id": 1132, "left": 17.986919847, "top": 68.946110046000001, "right": 18.486919847, "bottom": 68.446110046000001, "row_index": 11, "col_index": 28, "tile_id": 1132 }, "geometry": { "type": "MultiPolygon", "coordinates": [ [ [ [ 18.065433406385033, 68.821301695647108 ], [ 18.066711405406263, 68.821038005595341 ], [ 18.066699610345541, 68.820780102806907 ], [ 18.065447250302153, 68.820603680557099 ], [ 18.06443730477989, 68.820933179121255 ], [ 18.064340782815918, 68.821129652674131 ], [ 18.064509461337412, 68.821331753570874 ], [ 18.064088788076532, 68.821680148766248 ], [ 18.064435537293022, 68.821756666629099 ], [ 18.065433406385033, 68.821301695647108 ] ] ] ] } },
{ "type": "Feature", "properties": { "fid": 56877, "navn": null, "hoyde_moh": 695, "arealInnsjo_km2": 0.0024, "magasinKategori": null, "fid_2": 1132, "id": 1132, "left": 17.986919847, "top": 68.946110046000001, "right": 18.486919847, "bottom": 68.446110046000001, "row_index": 11, "col_index": 28, "tile_id": 1132 }, "geometry": { "type": "MultiPolygon", "coordinates": [ [ [ [ 18.031661121787295, 68.795103219979524 ], [ 18.031678520423402, 68.794803501119446 ], [ 18.032383747741804, 68.794605053854198 ], [ 18.031499527547208, 68.794512948779669 ], [ 18.031007075855808, 68.794653274428654 ], [ 18.031043394949144, 68.795245156368949 ], [ 18.031661121787295, 68.795103219979524 ] ] ] ] } },
{ "type": "Feature", "properties": { "fid": 56916, "navn": null, "hoyde_moh": 419, "arealInnsjo_km2": 0.0116, "magasinKategori": null, "fid_2": 1132, "id": 1132, "left": 17.986919847, "top": 68.946110046000001, "right": 18.486919847, "bottom": 68.446110046000001, "row_index": 11, "col_index": 28, "tile_id": 1132 }, "geometry": { "type": "MultiPolygon", "coordinates": [ [ [ [ 18.353044778684783, 68.811329253564338 ], [ 18.352697667941566, 68.810879848750929 ], [ 18.352952282453813, 68.810608206716083 ], [ 18.352337606024829, 68.810420192970696 ], [ 18.351223817022394, 68.810467608987679 ], [ 18.350227504085346, 68.810785324460596 ], [ 18.349889302898351, 68.811164573649677 ], [ 18.352046050244429, 68.811619549015248 ], [ 18.353044778684783, 68.811329253564338 ] ] ] ] } },
{ "type": "Feature", "properties": { "fid": 57072, "navn": null, "hoyde_moh": 639, "arealInnsjo_km2": 0.0152, "magasinKategori": null, "fid_2": 1132, "id": 1132, "left": 17.986919847, "top": 68.946110046000001, "right": 18.486919847, "bottom": 68.446110046000001, "row_index": 11, "col_index": 28, "tile_id": 1132 }, "geometry": { "type": "MultiPolygon", "coordinates": [ [ [ [ 18.048880365590438, 68.79733123584694 ], [ 18.047947176566471, 68.797082353327795 ], [ 18.049492241415525, 68.796937330495837 ], [ 18.047827281193808, 68.796539013980222 ], [ 18.046930700433261, 68.796650916500028 ], [ 18.045923710291262, 68.796360794463894 ], [ 18.045835466572349, 68.796165674863687 ], [ 18.044995183516949, 68.796034962878636 ], [ 18.044644379057825, 68.796053919378437 ], [ 18.043994129870999, 68.796503080185971 ], [ 18.044185446157282, 68.796871418114009 ], [ 18.044978128129809, 68.797005682429301 ], [ 18.04530993691419, 68.796951155210479 ], [ 18.045216857221202, 68.796780452088797 ], [ 18.045506664963142, 68.79671626423189 ], [ 18.046563328576823, 68.796737238907809 ], [ 18.046961089685045, 68.796858117774107 ], [ 18.047031654671216, 68.79704358916247 ], [ 18.046400109679173, 68.797077198548209 ], [ 18.046406064928671, 68.797212926238444 ], [ 18.048706536943889, 68.79777804572548 ], [ 18.048880365590438, 68.79733123584694 ] ] ] ] } },
{ "type": "Feature", "properties": { "fid": 64944, "navn": null, "hoyde_moh": 886, "arealInnsjo_km2": 0.0021, "magasinKategori": null, "fid_2": 1132, "id": 1132, "left": 17.986919847, "top": 68.946110046000001, "right": 18.486919847, "bottom": 68.446110046000001, "row_index": 11, "col_index": 28, "tile_id": 1132 }, "geometry": { "type": "MultiPolygon", "coordinates": [ [ [ [ 18.04437723977621, 68.724563056092506 ], [ 18.044018323100506, 68.724420123915323 ], [ 18.044186969626043, 68.724277392953809 ], [ 18.044119069118935, 68.724167468880395 ], [ 18.043067608823193, 68.724184773300763 ], [ 18.043462941980817, 68.72460015899857 ], [ 18.04437723977621, 68.724563056092506 ] ] ] ] } },
{ "type": "Feature", "properties": { "fid": 65203, "navn": null, "hoyde_moh": 751, "arealInnsjo_km2": 0.0073, "magasinKategori": null, "fid_2": 1132, "id": 1132, "left": 17.986919847, "top": 68.946110046000001, "right": 18.486919847, "bottom": 68.446110046000001, "row_index": 11, "col_index": 28, "tile_id": 1132 }, "geometry": { "type": "MultiPolygon", "coordinates": [ [ [ [ 18.019443757706352, 68.73040595551393 ], [ 18.0184444343457, 68.73044892523582 ], [ 18.017729371675987, 68.72995210639165 ], [ 18.017613037228763, 68.72998775808486 ], [ 18.017954056038423, 68.730393752149524 ], [ 18.015966398653187, 68.730231867080192 ], [ 18.013992412978013, 68.730328272974063 ], [ 18.016313961569299, 68.730604170778548 ], [ 18.018087402390062, 68.730714032442293 ], [ 18.01887559862471, 68.730579937940306 ], [ 18.020078042828136, 68.730740456125488 ], [ 18.019443757706352, 68.73040595551393 ] ] ] ] } },
{ "type": "Feature", "properties": { "fid": 65246, "navn": null, "hoyde_moh": 877, "arealInnsjo_km2": 0.004, "magasinKategori": null, "fid_2": 1132, "id": 1132, "left": 17.986919847, "top": 68.946110046000001, "right": 18.486919847, "bottom": 68.446110046000001, "row_index": 11, "col_index": 28, "tile_id": 1132 }, "geometry": { "type": "MultiPolygon", "coordinates": [ [ [ [ 18.20522318476759, 68.730994007035008 ], [ 18.20561814186129, 68.730691297351044 ], [ 18.204429496945966, 68.730520142994379 ], [ 18.203814594167874, 68.730717293445238 ], [ 18.203719909685734, 68.730893097316098 ], [ 18.203927893461486, 68.731085885611677 ], [ 18.20522318476759, 68.730994007035008 ] ] ] ] } },
{ "type": "Feature", "properties": { "fid": 66872, "navn": null, "hoyde_moh": 684, "arealInnsjo_km2": 0.003, "magasinKategori": null, "fid_2": 1132, "id": 1132, "left": 17.986919847, "top": 68.946110046000001, "right": 18.486919847, "bottom": 68.446110046000001, "row_index": 11, "col_index": 28, "tile_id": 1132 }, "geometry": { "type": "MultiPolygon", "coordinates": [ [ [ [ 18.066876790963324, 68.479182781268307 ], [ 18.067365630678168, 68.478889494406801 ], [ 18.066747339753316, 68.478800164825685 ], [ 18.066424296251611, 68.47908996717068 ], [ 18.06472804118771, 68.479490090714435 ], [ 18.06531985116878, 68.479584221817262 ], [ 18.066876790963324, 68.479182781268307 ] ] ] ] } },
{ "type": "Feature", "properties": { "fid": 66881, "navn": null, "hoyde_moh": 447, "arealInnsjo_km2": 0.0045, "magasinKategori": null, "fid_2": 1132, "id": 1132, "left": 17.986919847, "top": 68.946110046000001, "right": 18.486919847, "bottom": 68.446110046000001, "row_index": 11, "col_index": 28, "tile_id": 1132 }, "geometry": { "type": "MultiPolygon", "coordinates": [ [ [ [ 18.027336197493643, 68.467014302236848 ], [ 18.027815420465227, 68.466647419320168 ], [ 18.027566172981906, 68.46654903689965 ], [ 18.026503744144986, 68.466832996727021 ], [ 18.023583122828427, 68.466779980535051 ], [ 18.026064085102067, 68.467070237171825 ], [ 18.027336197493643, 68.467014302236848 ] ] ] ] } },
{ "type": "Feature", "properties": { "fid": 66882, "navn": null, "hoyde_moh": 707, "arealInnsjo_km2": 0.0022, "magasinKategori": null, "fid_2": 1132, "id": 1132, "left": 17.986919847, "top": 68.946110046000001, "right": 18.486919847, "bottom": 68.446110046000001, "row_index": 11, "col_index": 28, "tile_id": 1132 }, "geometry": { "type": "MultiPolygon", "coordinates": [ [ [ [ 18.038692288160995, 68.483325575150189 ], [ 18.038565478405282, 68.483113748091441 ], [ 18.036909722399976, 68.483411481714214 ], [ 18.038307694872934, 68.483622717138857 ], [ 18.038692288160995, 68.483325575150189 ] ] ] ] } },
{ "type": "Feature", "properties": { "fid": 66883, "navn": null, "hoyde_moh": 545, "arealInnsjo_km2": 0.0128, "magasinKategori": null, "fid_2": 1132, "id": 1132, "left": 17.986919847, "top": 68.946110046000001, "right": 18.486919847, "bottom": 68.446110046000001, "row_index": 11, "col_index": 28, "tile_id": 1132 }, "geometry": { "type": "MultiPolygon", "coordinates": [ [ [ [ 18.005622777067259, 68.492867704894053 ], [ 18.005566940395454, 68.492698216924495 ], [ 18.00577752475564, 68.492570907124502 ], [ 18.005622093688288, 68.492403114764542 ], [ 18.005840681923743, 68.492216497488869 ], [ 18.005498699099846, 68.492176392182131 ], [ 18.004372362268541, 68.492551830504382 ], [ 18.003813435541918, 68.492460754420762 ], [ 18.003523188591227, 68.492092297442781 ], [ 18.002254300753396, 68.492025155092023 ], [ 18.001326909399115, 68.492360739572135 ], [ 18.0014895422355, 68.49266576683047 ], [ 18.003641118067197, 68.492866586043817 ], [ 18.003464756703458, 68.493067346850907 ], [ 18.005622777067259, 68.492867704894053 ] ] ] ] } },
{ "type": "Feature", "properties": { "fid": 66884, "navn": null, "hoyde_moh": 584, "arealInnsjo_km2": 0.0027, "magasinKategori": null, "fid_2": 1132, "id": 1132, "left": 17.986919847, "top": 68.946110046000001, "right": 18.486919847, "bottom": 68.446110046000001, "row_index": 11, "col_index": 28, "tile_id": 1132 }, "geometry": { "type": "MultiPolygon", "coordinates": [ [ [ [ 18.028672599142109, 68.49497502224682 ], [ 18.028303229685104, 68.494839033573314 ], [ 18.02834887007656, 68.494644824066171 ], [ 18.02800951331746, 68.494488092409995 ], [ 18.027349205520732, 68.494552625909591 ], [ 18.027598232005563, 68.494710900060994 ], [ 18.027467321369489, 68.49509949526383 ], [ 18.028672599142109, 68.49497502224682 ] ] ] ] } },
{ "type": "Feature", "properties": { "fid": 66885, "navn": null, "hoyde_moh": 573, "arealInnsjo_km2": 0.0045, "magasinKategori": null, "fid_2": 1132, "id": 1132, "left": 17.986919847, "top": 68.946110046000001, "right": 18.486919847, "bottom": 68.446110046000001, "row_index": 11, "col_index": 28, "tile_id": 1132 }, "geometry": { "type": "MultiPolygon", "coordinates": [ [ [ [ 18.019632771420916, 68.495080325903899 ], [ 18.019746016358248, 68.494845848557887 ], [ 18.018779497213377, 68.494538341187351 ], [ 18.018476573042808, 68.494836563783565 ], [ 18.017432102188305, 68.495269242959381 ], [ 18.017777278560114, 68.495374806113674 ], [ 18.019632771420916, 68.495080325903899 ] ] ] ] } },
{ "type": "Feature", "properties": { "fid": 66886, "navn": null, "hoyde_moh": 577, "arealInnsjo_km2": 0.0049, "magasinKategori": null, "fid_2": 1132, "id": 1132, "left": 17.986919847, "top": 68.946110046000001, "right": 18.486919847, "bottom": 68.446110046000001, "row_index": 11, "col_index": 28, "tile_id": 1132 }, "geometry": { "type": "MultiPolygon", "coordinates": [ [ [ [ 18.01305378068475, 68.497319869764041 ], [ 18.012281433407377, 68.497150865709116 ], [ 18.012803535014889, 68.496999726190438 ], [ 18.012327317150447, 68.496847397831417 ], [ 18.012477330982389, 68.496722783709004 ], [ 18.01239310694675, 68.49662158994839 ], [ 18.01171654859138, 68.496517388901665 ], [ 18.01058802288129, 68.496734178025989 ], [ 18.012079961685529, 68.497170465107601 ], [ 18.012092941430915, 68.497491459772178 ], [ 18.012483782123095, 68.49753022647117 ], [ 18.01305378068475, 68.497319869764041 ] ] ] ] } },
{ "type": "Feature", "properties": { "fid": 66925, "navn": null, "hoyde_moh": 290, "arealInnsjo_km2": 0.0048, "magasinKategori": null, "fid_2": 1132, "id": 1132, "left": 17.986919847, "top": 68.946110046000001, "right": 18.486919847, "bottom": 68.446110046000001, "row_index": 11, "col_index": 28, "tile_id": 1132 }, "geometry": { "type": "MultiPolygon", "coordinates": [ [ [ [ 18.068864870786687, 68.691850300132018 ], [ 18.068956011476423, 68.691602645674593 ], [ 18.066925530085836, 68.691229045406473 ], [ 18.066243860412762, 68.691478081125879 ], [ 18.06743769275711, 68.691831240857894 ], [ 18.068864870786687, 68.691850300132018 ] ] ] ] } },
{ "type": "Feature", "properties": { "fid": 66926, "navn": "Lappjordvatnet", "hoyde_moh": 329, "arealInnsjo_km2": 0.0163, "magasinKategori": null, "fid_2": 1132, "id": 1132, "left": 17.986919847, "top": 68.946110046000001, "right": 18.486919847, "bottom": 68.446110046000001, "row_index": 11, "col_index": 28, "tile_id": 1132 }, "geometry": { "type": "MultiPolygon", "coordinates": [ [ [ [ 18.036102452063556, 68.693939165391143 ], [ 18.037121832679457, 68.69351468497149 ], [ 18.036054236217204, 68.693119186859406 ], [ 18.035976477152193, 68.692932049362554 ], [ 18.034467419912684, 68.693113580273447 ], [ 18.032645385545095, 68.694074066128692 ], [ 18.032749635076794, 68.694420175536663 ], [ 18.033358311259992, 68.694448481514542 ], [ 18.036102452063556, 68.693939165391143 ] ] ] ] } },
{ "type": "Feature", "properties": { "fid": 84027, "navn": null, "hoyde_moh": 595, "arealInnsjo_km2": 0.0081, "magasinKategori": null, "fid_2": 1132, "id": 1132, "left": 17.986919847, "top": 68.946110046000001, "right": 18.486919847, "bottom": 68.446110046000001, "row_index": 11, "col_index": 28, "tile_id": 1132 }, "geometry": { "type": "MultiPolygon", "coordinates": [ [ [ [ 18.00962912867233, 68.447146805253197 ], [ 18.009733043411863, 68.446997340388805 ], [ 18.008906197600176, 68.446632980208065 ], [ 18.00782533108109, 68.446526716437702 ], [ 18.007815534609176, 68.446381361153485 ], [ 18.008423869815658, 68.446297887062784 ], [ 18.007903752901562, 68.446146800026057 ], [ 18.007872579022166, 68.446110046 ], [ 18.006924342659598, 68.446110046 ], [ 18.006144303769176, 68.446289734614481 ], [ 18.007088107714829, 68.446349542024862 ], [ 18.00714334960087, 68.446447395903263 ], [ 18.00669996330069, 68.446533827679659 ], [ 18.006920618442603, 68.446801623929673 ], [ 18.00840426697626, 68.446965924082008 ], [ 18.008478384717975, 68.447062450800701 ], [ 18.008061386082993, 68.447187645105586 ], [ 18.00962912867233, 68.447146805253197 ] ] ] ] } },
{ "type": "Feature", "properties": { "fid": 84114, "navn": null, "hoyde_moh": 576, "arealInnsjo_km2": 0.004, "magasinKategori": null, "fid_2": 1132, "id": 1132, "left": 17.986919847, "top": 68.946110046000001, "right": 18.486919847, "bottom": 68.446110046000001, "row_index": 11, "col_index": 28, "tile_id": 1132 }, "geometry": { "type": "MultiPolygon", "coordinates": [ [ [ [ 18.014492554905029, 68.494889199676152 ], [ 18.013959399406879, 68.494693190196998 ], [ 18.013724435298503, 68.494740327536448 ], [ 18.014065299442638, 68.494855940890162 ], [ 18.013849404282855, 68.494957949533088 ], [ 18.013447716883189, 68.49498608714137 ], [ 18.012951649511734, 68.494770913642924 ], [ 18.012790396448768, 68.494961538135001 ], [ 18.012249368285389, 68.495115352588883 ], [ 18.012452241392502, 68.495306258412384 ], [ 18.014358438580778, 68.495304952001362 ], [ 18.014492554905029, 68.494889199676152 ] ] ] ] } },
{ "type": "Feature", "properties": { "fid": 84120, "navn": null, "hoyde_moh": 583, "arealInnsjo_km2": 0.006, "magasinKategori": null, "fid_2": 1132, "id": 1132, "left": 17.986919847, "top": 68.946110046000001, "right": 18.486919847, "bottom": 68.446110046000001, "row_index": 11, "col_index": 28, "tile_id": 1132 }, "geometry": { "type": "MultiPolygon", "coordinates": [ [ [ [ 18.032076976377763, 68.494982538805971 ], [ 18.031022798450451, 68.49502036131237 ], [ 18.03110567315661, 68.494821168225897 ], [ 18.029657035701948, 68.494200575476256 ], [ 18.028968602533627, 68.494059040782943 ], [ 18.028720825019239, 68.494176369501687 ], [ 18.028930569712728, 68.494359142892549 ], [ 18.028726701302823, 68.494603165453796 ], [ 18.029563076227255, 68.494484989320597 ], [ 18.029959168257673, 68.494987781100306 ], [ 18.030972590742341, 68.495233238844875 ], [ 18.032076976377763, 68.494982538805971 ] ] ] ] } },
{ "type": "Feature", "properties": { "fid": 84123, "navn": null, "hoyde_moh": 606, "arealInnsjo_km2": 0.0038, "magasinKategori": null, "fid_2": 1132, "id": 1132, "left": 17.986919847, "top": 68.946110046000001, "right": 18.486919847, "bottom": 68.446110046000001, "row_index": 11, "col_index": 28, "tile_id": 1132 }, "geometry": { "type": "MultiPolygon", "coordinates": [ [ [ [ 18.009291779801782, 68.452874383252691 ], [ 18.010235831339948, 68.452768710345765 ], [ 18.01030454202736, 68.452626163022202 ], [ 18.008491080074585, 68.452511702780725 ], [ 18.008116408521115, 68.452805367880401 ], [ 18.009111358883693, 68.453137445839857 ], [ 18.009291779801782, 68.452874383252691 ] ] ] ] } },
{ "type": "Feature", "properties": { "fid": 88286, "navn": "Reavrrejávri", "hoyde_moh": 493, "arealInnsjo_km2": 0.1551, "magasinKategori": null, "fid_2": 1132, "id": 1132, "left": 17.986919847, "top": 68.946110046000001, "right": 18.486919847, "bottom": 68.446110046000001, "row_index": 11, "col_index": 28, "tile_id": 1132 }, "geometry": { "type": "MultiPolygon", "coordinates": [ [ [ [ 18.112276778906462, 68.524263975905455 ], [ 18.112920334396577, 68.523908347140889 ], [ 18.111950832277945, 68.523922732481111 ], [ 18.109376266812795, 68.523454273099475 ], [ 18.107403764280321, 68.522790124474383 ], [ 18.105340577280366, 68.521262292909839 ], [ 18.105028223846553, 68.520549080579457 ], [ 18.105100266161674, 68.520019188676017 ], [ 18.104445813695989, 68.519774513054927 ], [ 18.103768778724859, 68.518887039871785 ], [ 18.103137966304729, 68.518402648288699 ], [ 18.102024410984519, 68.51796650393365 ], [ 18.101593083716789, 68.517631950483263 ], [ 18.099689669983412, 68.517611003401285 ], [ 18.09874147433138, 68.518052922098008 ], [ 18.097573721456758, 68.518111201562022 ], [ 18.09506758376239, 68.518705029486597 ], [ 18.093171411226173, 68.518853474443517 ], [ 18.09536050186988, 68.519434415499745 ], [ 18.097141835322827, 68.519473289275325 ], [ 18.097122098268617, 68.51971122096954 ], [ 18.097458947050207, 68.519859342596732 ], [ 18.097604990824891, 68.519864997081882 ], [ 18.097786158962332, 68.519570035913603 ], [ 18.098451517377935, 68.519596989023356 ], [ 18.099664082137412, 68.520086815028321 ], [ 18.099182396856765, 68.520218175438316 ], [ 18.100821722752169, 68.520153778277049 ], [ 18.101504404605372, 68.520555785993579 ], [ 18.102181897884318, 68.520546048318749 ], [ 18.101421996840759, 68.520708235518086 ], [ 18.101660455489615, 68.520917245261955 ], [ 18.101412215898161, 68.521408191808192 ], [ 18.101787209667155, 68.521487724087223 ], [ 18.101231107086765, 68.521779921459441 ], [ 18.101942804118014, 68.522128868533869 ], [ 18.10546962968618, 68.522536994561179 ], [ 18.105354854907599, 68.523147944091647 ], [ 18.106066423458316, 68.52375653345176 ], [ 18.105938508428565, 68.524030228049867 ], [ 18.10556308319336, 68.524156048422796 ], [ 18.105587202790698, 68.524300872880673 ], [ 18.106217895970094, 68.524373869646269 ], [ 18.106722000924197, 68.524179046405678 ], [ 18.108229978366154, 68.524103634176569 ], [ 18.109214783055901, 68.524248084887276 ], [ 18.108326323795257, 68.524484241389644 ], [ 18.109648816635051, 68.524790512765975 ], [ 18.110265776261329, 68.52477620936402 ], [ 18.112276778906462, 68.524263975905455 ] ] ] ] } },
{ "type": "Feature", "properties": { "fid": 88287, "navn": "Grønfjellvatnet", "hoyde_moh": 871, "arealInnsjo_km2": 0.3266, "magasinKategori": null, "fid_2": 1132, "id": 1132, "left": 17.986919847, "top": 68.946110046000001, "right": 18.486919847, "bottom": 68.446110046000001, "row_index": 11, "col_index": 28, "tile_id": 1132 }, "geometry": { "type": "MultiPolygon", "coordinates": [ [ [ [ 18.13680668013534, 68.644439727253541 ], [ 18.137989841762739, 68.643660733513059 ], [ 18.140153637999369, 68.643302520253144 ], [ 18.142914544856868, 68.643088926830472 ], [ 18.145966886806693, 68.643679268409201 ], [ 18.147025817134569, 68.643293181564644 ], [ 18.146728562120753, 68.642920102696451 ], [ 18.145133472198459, 68.642103185034969 ], [ 18.141972601803676, 68.640819824933345 ], [ 18.141860982721781, 68.640728168978825 ], [ 18.142280549165889, 68.640528837056081 ], [ 18.141003394785503, 68.639923688930566 ], [ 18.141116357880371, 68.639808903514265 ], [ 18.140816434737655, 68.639651171619491 ], [ 18.140948560707049, 68.639581730095088 ], [ 18.140407324494799, 68.639383869923407 ], [ 18.142361001386796, 68.639318285416934 ], [ 18.141136346310805, 68.639073098306511 ], [ 18.138187489534531, 68.638834598427096 ], [ 18.136270934465188, 68.639188013979734 ], [ 18.13448931353151, 68.639256434295945 ], [ 18.133986958782309, 68.639526240057748 ], [ 18.132878341732038, 68.639722823650501 ], [ 18.132575379903411, 68.64016651393375 ], [ 18.129631566222567, 68.639694598941603 ], [ 18.128150923450697, 68.639911703654576 ], [ 18.127828986077827, 68.640310125379614 ], [ 18.126859212158713, 68.640383331774331 ], [ 18.125673868297866, 68.640219547632555 ], [ 18.126639699416287, 68.640559340264502 ], [ 18.126648057971597, 68.641071046949023 ], [ 18.128354946191408, 68.641970899917496 ], [ 18.129634036116485, 68.64294422161143 ], [ 18.130568788940597, 68.644297702644124 ], [ 18.134821418666878, 68.64513306550559 ], [ 18.135916519504807, 68.645044017733383 ], [ 18.136676263808752, 68.644688793131536 ], [ 18.13680668013534, 68.644439727253541 ] ], [ [ 18.128692507436003, 68.640297963456661 ], [ 18.128703387674378, 68.640405862298437 ], [ 18.128382469735307, 68.64040939326857 ], [ 18.128450253762516, 68.640266904201553 ], [ 18.128692507436003, 68.640297963456661 ] ] ] ] } },
{ "type": "Feature", "properties": { "fid": 88288, "navn": null, "hoyde_moh": 738, "arealInnsjo_km2": 0.0254, "magasinKategori": null, "fid_2": 1132, "id": 1132, "left": 17.986919847, "top": 68.946110046000001, "right": 18.486919847, "bottom": 68.446110046000001, "row_index": 11, "col_index": 28, "tile_id": 1132 }, "geometry": { "type": "MultiPolygon", "coordinates": [ [ [ [ 18.102680206060224, 68.658453440706637 ], [ 18.102569882425481, 68.658164303605446 ], [ 18.10284748853989, 68.657352139520555 ], [ 18.103097715020855, 68.657132058076215 ], [ 18.105306661088949, 68.656819818932448 ], [ 18.104630539541066, 68.656332440785832 ], [ 18.104455369300283, 68.655970337244966 ], [ 18.103009833260487, 68.655335142546747 ], [ 18.10244607584605, 68.655693510208351 ], [ 18.102927417627978, 68.655782520630495 ], [ 18.102928642447306, 68.655962063989634 ], [ 18.101757063830334, 68.656256190193588 ], [ 18.102092641809076, 68.656710785566446 ], [ 18.101068462200729, 68.657959011239143 ], [ 18.10120842573906, 68.65821671888898 ], [ 18.100949850518965, 68.658567135544544 ], [ 18.102680206060224, 68.658453440706637 ] ] ] ] } },
{ "type": "Feature", "properties": { "fid": 88535, "navn": null, "hoyde_moh": 585, "arealInnsjo_km2": 0.0097, "magasinKategori": null, "fid_2": 1132, "id": 1132, "left": 17.986919847, "top": 68.946110046000001, "right": 18.486919847, "bottom": 68.446110046000001, "row_index": 11, "col_index": 28, "tile_id": 1132 }, "geometry": { "type": "MultiPolygon", "coordinates": [ [ [ [ 18.113474863276021, 68.806771139788665 ], [ 18.113561172130016, 68.806409707831833 ], [ 18.113480418205981, 68.806067233112671 ], [ 18.113091195679463, 68.805809337480397 ], [ 18.112121655637196, 68.805760595847786 ], [ 18.111052682836558, 68.806532576538913 ], [ 18.111262488220831, 68.806723108094474 ], [ 18.113027813535631, 68.806900997930413 ], [ 18.113474863276021, 68.806771139788665 ] ] ] ] } },
{ "type": "Feature", "properties": { "fid": 88536, "navn": null, "hoyde_moh": 609, "arealInnsjo_km2": 0.0207, "magasinKategori": null, "fid_2": 1132, "id": 1132, "left": 17.986919847, "top": 68.946110046000001, "right": 18.486919847, "bottom": 68.446110046000001, "row_index": 11, "col_index": 28, "tile_id": 1132 }, "geometry": { "type": "MultiPolygon", "coordinates": [ [ [ [ 18.016657515502025, 68.82192230965434 ], [ 18.016460731506147, 68.821778752442881 ], [ 18.016577367553992, 68.821630344666247 ], [ 18.015482526217991, 68.821258100484599 ], [ 18.013421063985479, 68.821872502635642 ], [ 18.012751114326996, 68.822309123174591 ], [ 18.013151219089082, 68.822935483130905 ], [ 18.013034537179042, 68.82318802918941 ], [ 18.01426889452393, 68.823247007972824 ], [ 18.016657515502025, 68.82192230965434 ] ] ] ] } },
{ "type": "Feature", "properties": { "fid": 88537, "navn": "Orddajávri", "hoyde_moh": 504, "arealInnsjo_km2": 0.2269, "magasinKategori": null, "fid_2": 1132, "id": 1132, "left": 17.986919847, "top": 68.946110046000001, "right": 18.486919847, "bottom": 68.446110046000001, "row_index": 11, "col_index": 28, "tile_id": 1132 }, "geometry": { "type": "MultiPolygon", "coordinates": [ [ [ [ 18.260166039277365, 68.918212926359061 ], [ 18.260208095510503, 68.918019699255225 ], [ 18.261382773232356, 68.917850588742226 ], [ 18.261515361077201, 68.91775368013333 ], [ 18.261181311538042, 68.917501386051782 ], [ 18.261229340590194, 68.917026099839788 ], [ 18.262799450913942, 68.91639919519676 ], [ 18.262750213861445, 68.916190834624103 ], [ 18.262077361078479, 68.915795707792498 ], [ 18.261086149137455, 68.915531123632775 ], [ 18.260904389972971, 68.915193575838714 ], [ 18.259758804280661, 68.914957350348203 ], [ 18.259956422366358, 68.914615146133343 ], [ 18.258667556334895, 68.914421612738963 ], [ 18.258734661935378, 68.914175019943031 ], [ 18.25789669333323, 68.913913952474459 ], [ 18.257349821426825, 68.91335917607654 ], [ 18.25469455945046, 68.9130773430403 ], [ 18.254062660790822, 68.913159990562207 ], [ 18.253614437753029, 68.91353148619045 ], [ 18.252442150993115, 68.913468391530344 ], [ 18.252027320943153, 68.913606238240263 ], [ 18.252123507473158, 68.913870002647954 ], [ 18.251686098323738, 68.914101841200036 ], [ 18.25170327779816, 68.914584407048054 ], [ 18.250267649040389, 68.914855405087778 ], [ 18.249818203273293, 68.914575213278198 ], [ 18.249586630540886, 68.913896145816949 ], [ 18.250459313403539, 68.913548259503486 ], [ 18.248962001857205, 68.913521601870016 ], [ 18.248535453444735, 68.913317112894163 ], [ 18.247557432339676, 68.913298048777946 ], [ 18.247938240198035, 68.913573089456179 ], [ 18.249103128041199, 68.913821593734227 ], [ 18.247317212155664, 68.914498275790422 ], [ 18.247989762306911, 68.914893461777467 ], [ 18.248213783926001, 68.915175531992844 ], [ 18.248173970954046, 68.915457604233382 ], [ 18.250180052050062, 68.91630045820591 ], [ 18.252094670445008, 68.917435688984284 ], [ 18.252839468303293, 68.917592073101687 ], [ 18.252872980900211, 68.917784034196515 ], [ 18.254607653883053, 68.918172025580475 ], [ 18.255152414862124, 68.918463405555613 ], [ 18.256738807149127, 68.918479512159692 ], [ 18.257274161473717, 68.918306128326137 ], [ 18.257102682844586, 68.918470940333222 ], [ 18.259292121661751, 68.918540861954654 ], [ 18.260166039277365, 68.918212926359061 ] ], [ [ 18.256396809861034, 68.91433357977867 ], [ 18.256655593967718, 68.91439238440131 ], [ 18.256341759569814, 68.914425320870933 ], [ 18.256396809861034, 68.91433357977867 ] ] ] ] } },
{ "type": "Feature", "properties": { "fid": 88578, "navn": null, "hoyde_moh": 795, "arealInnsjo_km2": 0.0214, "magasinKategori": null, "fid_2": 1132, "id": 1132, "left": 17.986919847, "top": 68.946110046000001, "right": 18.486919847, "bottom": 68.446110046000001, "row_index": 11, "col_index": 28, "tile_id": 1132 }, "geometry": { "type": "MultiPolygon", "coordinates": [ [ [ [ 18.055991639287871, 68.762119029230192 ], [ 18.055693115287632, 68.761712058996636 ], [ 18.054639724367142, 68.761242660641457 ], [ 18.055345816014075, 68.761057818565831 ], [ 18.055721560516254, 68.76034052755189 ], [ 18.055561472963888, 68.76019519020916 ], [ 18.053181682918975, 68.760180198587349 ], [ 18.052385463642523, 68.759909770701682 ], [ 18.05209822798329, 68.760166148617827 ], [ 18.051816291854578, 68.760076422290751 ], [ 18.051443515685328, 68.760274188334265 ], [ 18.051447220707807, 68.760503596577919 ], [ 18.051111683772326, 68.760684081723298 ], [ 18.051517568263893, 68.760642923022331 ], [ 18.051780819290077, 68.760330687040835 ], [ 18.051929216221115, 68.760678151163702 ], [ 18.051836733667127, 68.761127096378218 ], [ 18.052043602604542, 68.761118879969317 ], [ 18.052234897994111, 68.760751379076126 ], [ 18.052469712069044, 68.761151152989697 ], [ 18.052693599663463, 68.761173153949727 ], [ 18.052776710071765, 68.760870896302279 ], [ 18.052557071233778, 68.760516816126156 ], [ 18.052689989925593, 68.760471326610855 ], [ 18.053165078262044, 68.760772411214717 ], [ 18.053247727441004, 68.761051929810037 ], [ 18.053901859472056, 68.761159812530636 ], [ 18.053944310099212, 68.761286982351464 ], [ 18.054470353243573, 68.761280549356272 ], [ 18.054179743674052, 68.761700030570893 ], [ 18.054532816940579, 68.762226862064054 ], [ 18.055991639287871, 68.762119029230192 ] ] ] ] } },
{ "type": "Feature", "properties": { "fid": 88615, "navn": "Kvernskardvatnet", "hoyde_moh": 754, "arealInnsjo_km2": 0.2528, "magasinKategori": null, "fid_2": 1132, "id": 1132, "left": 17.986919847, "top": 68.946110046000001, "right": 18.486919847, "bottom": 68.446110046000001, "row_index": 11, "col_index": 28, "tile_id": 1132 }, "geometry": { "type": "MultiPolygon", "coordinates": [ [ [ [ 18.229396122601443, 68.728569830458127 ], [ 18.229458687706543, 68.728247096243692 ], [ 18.230231648870301, 68.727423952432105 ], [ 18.231910673510171, 68.726738382036928 ], [ 18.232233258139843, 68.726410138552183 ], [ 18.233550389005135, 68.726026248409042 ], [ 18.234956079992703, 68.725989041917558 ], [ 18.235851374439243, 68.725574770163263 ], [ 18.236303593243637, 68.725107824500412 ], [ 18.237462828128695, 68.724463206599509 ], [ 18.237902545260418, 68.723878150404985 ], [ 18.237630732068226, 68.723642355104431 ], [ 18.236412199072792, 68.723641076047343 ], [ 18.235798656721283, 68.723498465790158 ], [ 18.23580587964463, 68.723371004049469 ], [ 18.239034478051654, 68.723204591118488 ], [ 18.239220064010031, 68.723045697782069 ], [ 18.238391003023306, 68.722731503684784 ], [ 18.239674768087717, 68.722113215891753 ], [ 18.240439692044291, 68.722105024997674 ], [ 18.240420756756706, 68.721865735010255 ], [ 18.241344131993419, 68.721273912939679 ], [ 18.240817198135737, 68.720864507612319 ], [ 18.239862848627045, 68.72053997244582 ], [ 18.237584535230905, 68.720646193630188 ], [ 18.236092333949852, 68.721112308548285 ], [ 18.23510515480482, 68.721188304437362 ], [ 18.234208024084577, 68.721628020949211 ], [ 18.233949475074017, 68.721911317197979 ], [ 18.232006938239124, 68.722215312698978 ], [ 18.230747778034381, 68.723105672966739 ], [ 18.23002996231321, 68.723388217510205 ], [ 18.229502952620667, 68.723870311081356 ], [ 18.227694287216533, 68.724385128593028 ], [ 18.22764048688791, 68.724613055678347 ], [ 18.227226406340183, 68.724751782242947 ], [ 18.227477914107546, 68.72506322450613 ], [ 18.227236530989938, 68.726074380586113 ], [ 18.225004551724009, 68.726570215222438 ], [ 18.224364263870253, 68.727239776416596 ], [ 18.224535382393075, 68.727559669077891 ], [ 18.225280289151968, 68.727957244478645 ], [ 18.226488561424663, 68.728993636301027 ], [ 18.228155210781186, 68.729054680846076 ], [ 18.229396122601443, 68.728569830458127 ] ] ] ] } },
{ "type": "Feature", "properties": { "fid": 88655, "navn": "Innerbekkvatnet", "hoyde_moh": 864, "arealInnsjo_km2": 0.027, "magasinKategori": null, "fid_2": 1132, "id": 1132, "left": 17.986919847, "top": 68.946110046000001, "right": 18.486919847, "bottom": 68.446110046000001, "row_index": 11, "col_index": 28, "tile_id": 1132 }, "geometry": { "type": "MultiPolygon", "coordinates": [ [ [ [ 18.164067329330418, 68.734253954154411 ], [ 18.163969131597245, 68.733987239959916 ], [ 18.164552756566064, 68.733720074879983 ], [ 18.164609763303144, 68.733557123986444 ], [ 18.163400861202966, 68.732947188102926 ], [ 18.162364901263835, 68.732827296957296 ], [ 18.162113900036346, 68.732663549726993 ], [ 18.160810576874965, 68.732941190820767 ], [ 18.160313938144167, 68.733354595305514 ], [ 18.160400995647986, 68.73363552560788 ], [ 18.159352425646915, 68.733852638311632 ], [ 18.159041172325633, 68.734075283095677 ], [ 18.159545797841272, 68.734217149611084 ], [ 18.161662561978112, 68.73413926879843 ], [ 18.163472076706512, 68.734509033933577 ], [ 18.164067329330418, 68.734253954154411 ] ] ] ] } },
{ "type": "Feature", "properties": { "fid": 101568, "navn": null, "hoyde_moh": 720, "arealInnsjo_km2": 0.0034, "magasinKategori": null, "fid_2": 1132, "id": 1132, "left": 17.986919847, "top": 68.946110046000001, "right": 18.486919847, "bottom": 68.446110046000001, "row_index": 11, "col_index": 28, "tile_id": 1132 }, "geometry": { "type": "MultiPolygon", "coordinates": [ [ [ [ 18.453983973298779, 68.756322264807963 ], [ 18.453569438069088, 68.756070016230211 ], [ 18.453472878048188, 68.755782722712766 ], [ 18.451584186365256, 68.755879881759299 ], [ 18.452784963697486, 68.755982291716847 ], [ 18.452985502568982, 68.75639561708978 ], [ 18.453983973298779, 68.756322264807963 ] ] ] ] } },
{ "type": "Feature", "properties": { "fid": 101569, "navn": null, "hoyde_moh": 326, "arealInnsjo_km2": 0.0036, "magasinKategori": null, "fid_2": 1132, "id": 1132, "left": 17.986919847, "top": 68.946110046000001, "right": 18.486919847, "bottom": 68.446110046000001, "row_index": 11, "col_index": 28, "tile_id": 1132 }, "geometry": { "type": "MultiPolygon", "coordinates": [ [ [ [ 18.380818289200018, 68.817450156936204 ], [ 18.380861675999235, 68.817038906772851 ], [ 18.380072283711769, 68.816971656088327 ], [ 18.379362462813923, 68.817459666242954 ], [ 18.380252738136146, 68.817656108802524 ], [ 18.380818289200018, 68.817450156936204 ] ] ] ] } },
{ "type": "Feature", "properties": { "fid": 101570, "navn": null, "hoyde_moh": 99, "arealInnsjo_km2": 0.0034, "magasinKategori": null, "fid_2": 1132, "id": 1132, "left": 17.986919847, "top": 68.946110046000001, "right": 18.486919847, "bottom": 68.446110046000001, "row_index": 11, "col_index": 28, "tile_id": 1132 }, "geometry": { "type": "MultiPolygon", "coordinates": [ [ [ [ 18.121360349417756, 68.85584184931426 ], [ 18.121388435595957, 68.855693461654965 ], [ 18.121060145250951, 68.855559069658383 ], [ 18.120668610456807, 68.855627130650177 ], [ 18.119808335338696, 68.856228752497444 ], [ 18.120449794180082, 68.856439549533704 ], [ 18.121360349417756, 68.85584184931426 ] ] ] ] } },
{ "type": "Feature", "properties": { "fid": 101580, "navn": null, "hoyde_moh": 425, "arealInnsjo_km2": 0.0041, "magasinKategori": null, "fid_2": 1132, "id": 1132, "left": 17.986919847, "top": 68.946110046000001, "right": 18.486919847, "bottom": 68.446110046000001, "row_index": 11, "col_index": 28, "tile_id": 1132 }, "geometry": { "type": "MultiPolygon", "coordinates": [ [ [ [ 18.447994598842619, 68.862040710299553 ], [ 18.447534299713116, 68.861839365313401 ], [ 18.448062785364108, 68.861623712901661 ], [ 18.447993497215833, 68.861396027563359 ], [ 18.447122611304884, 68.86139240671568 ], [ 18.446229771314155, 68.861842468191966 ], [ 18.447699161308087, 68.862183923470113 ], [ 18.447994598842619, 68.862040710299553 ] ] ] ] } },
{ "type": "Feature", "properties": { "fid": 101581, "navn": null, "hoyde_moh": 436, "arealInnsjo_km2": 0.003, "magasinKategori": null, "fid_2": 1132, "id": 1132, "left": 17.986919847, "top": 68.946110046000001, "right": 18.486919847, "bottom": 68.446110046000001, "row_index": 11, "col_index": 28, "tile_id": 1132 }, "geometry": { "type": "MultiPolygon", "coordinates": [ [ [ [ 18.253755671777068, 68.868495425120898 ], [ 18.253742741799535, 68.868280443363716 ], [ 18.252720515348539, 68.868016439208844 ], [ 18.252273402332619, 68.868057495218082 ], [ 18.25228005359374, 68.868302676907547 ], [ 18.252482710282308, 68.868447315248687 ], [ 18.253338796990512, 68.868618692562251 ], [ 18.253755671777068, 68.868495425120898 ] ] ] ] } },
{ "type": "Feature", "properties": { "fid": 101582, "navn": null, "hoyde_moh": 123, "arealInnsjo_km2": 0.0029, "magasinKategori": null, "fid_2": 1132, "id": 1132, "left": 17.986919847, "top": 68.946110046000001, "right": 18.486919847, "bottom": 68.446110046000001, "row_index": 11, "col_index": 28, "tile_id": 1132 }, "geometry": { "type": "MultiPolygon", "coordinates": [ [ [ [ 18.024026725890334, 68.923291420841991 ], [ 18.023726295996276, 68.923266855538017 ], [ 18.023188723684285, 68.92372913175214 ], [ 18.022746325800973, 68.923605905238091 ], [ 18.022770985650887, 68.92340706309399 ], [ 18.023283007502982, 68.922956732746172 ], [ 18.022812701108485, 68.923010321613646 ], [ 18.022350900680099, 68.923419450457843 ], [ 18.022416295515377, 68.9236675985277 ], [ 18.022630942059031, 68.923776101796889 ], [ 18.023554391140319, 68.923858476479737 ], [ 18.024026725890334, 68.923291420841991 ] ] ] ] } },
{ "type": "Feature", "properties": { "fid": 101747, "navn": null, "hoyde_moh": 972, "arealInnsjo_km2": 0.0084, "magasinKategori": null, "fid_2": 1132, "id": 1132, "left": 17.986919847, "top": 68.946110046000001, "right": 18.486919847, "bottom": 68.446110046000001, "row_index": 11, "col_index": 28, "tile_id": 1132 }, "geometry": { "type": "MultiPolygon", "coordinates": [ [ [ [ 18.345248159292613, 68.770851836804283 ], [ 18.345227619457066, 68.770687193919116 ], [ 18.344177932053938, 68.770315412207609 ], [ 18.342573091278538, 68.770590526674553 ], [ 18.342593768131213, 68.770883218349013 ], [ 18.34281053155771, 68.771041295527681 ], [ 18.344348794113383, 68.771233005484447 ], [ 18.345248159292613, 68.770851836804283 ] ] ] ] } },
{ "type": "Feature", "properties": { "fid": 101985, "navn": null, "hoyde_moh": 167, "arealInnsjo_km2": 0.0038, "magasinKategori": null, "fid_2": 1132, "id": 1132, "left": 17.986919847, "top": 68.946110046000001, "right": 18.486919847, "bottom": 68.446110046000001, "row_index": 11, "col_index": 28, "tile_id": 1132 }, "geometry": { "type": "MultiPolygon", "coordinates": [ [ [ [ 18.251146053062456, 68.821807119500107 ], [ 18.251281176286408, 68.821603937897962 ], [ 18.251517921402726, 68.821709666903772 ], [ 18.252990145784764, 68.821055076011433 ], [ 18.252489247294257, 68.820893801570534 ], [ 18.2520491106559, 68.820957366333928 ], [ 18.251954606583347, 68.821022479707622 ], [ 18.252601589092468, 68.821036841510789 ], [ 18.250591092046069, 68.821678571126981 ], [ 18.250649840349467, 68.821888096252792 ], [ 18.251146053062456, 68.821807119500107 ] ] ] ] } },
{ "type": "Feature", "properties": { "fid": 101986, "navn": null, "hoyde_moh": 144, "arealInnsjo_km2": 0.0036, "magasinKategori": null, "fid_2": 1132, "id": 1132, "left": 17.986919847, "top": 68.946110046000001, "right": 18.486919847, "bottom": 68.446110046000001, "row_index": 11, "col_index": 28, "tile_id": 1132 }, "geometry": { "type": "MultiPolygon", "coordinates": [ [ [ [ 18.24905939222743, 68.827856068615304 ], [ 18.248995983172861, 68.827516345420705 ], [ 18.248192910204594, 68.827456735308587 ], [ 18.247194679981714, 68.827894883594155 ], [ 18.247680558152513, 68.828049459113146 ], [ 18.24905939222743, 68.827856068615304 ] ] ] ] } },
{ "type": "Feature", "properties": { "fid": 101987, "navn": null, "hoyde_moh": 148, "arealInnsjo_km2": 0.0027, "magasinKategori": null, "fid_2": 1132, "id": 1132, "left": 17.986919847, "top": 68.946110046000001, "right": 18.486919847, "bottom": 68.446110046000001, "row_index": 11, "col_index": 28, "tile_id": 1132 }, "geometry": { "type": "MultiPolygon", "coordinates": [ [ [ [ 18.15317664133881, 68.845735309878833 ], [ 18.153064196531364, 68.845303018194627 ], [ 18.152112530942574, 68.845214639679867 ], [ 18.152142490638663, 68.845600157775422 ], [ 18.152717570193577, 68.845859740272729 ], [ 18.15317664133881, 68.845735309878833 ] ] ] ] } },
{ "type": "Feature", "properties": { "fid": 101988, "navn": null, "hoyde_moh": 123, "arealInnsjo_km2": 0.0034, "magasinKategori": null, "fid_2": 1132, "id": 1132, "left": 17.986919847, "top": 68.946110046000001, "right": 18.486919847, "bottom": 68.446110046000001, "row_index": 11, "col_index": 28, "tile_id": 1132 }, "geometry": { "type": "MultiPolygon", "coordinates": [ [ [ [ 18.024956818823455, 68.922007726903786 ], [ 18.02546496390109, 68.921797249584316 ], [ 18.023805820426521, 68.921468847328569 ], [ 18.023032046097494, 68.921801368628437 ], [ 18.023366190782127, 68.921882883166248 ], [ 18.023814536206743, 68.921641780836069 ], [ 18.024819937781412, 68.921751331917733 ], [ 18.023156024854551, 68.921980068065622 ], [ 18.024956818823455, 68.922007726903786 ] ] ] ] } },
{ "type": "Feature", "properties": { "fid": 101989, "navn": null, "hoyde_moh": 442, "arealInnsjo_km2": 0.0025, "magasinKategori": null, "fid_2": 1132, "id": 1132, "left": 17.986919847, "top": 68.946110046000001, "right": 18.486919847, "bottom": 68.446110046000001, "row_index": 11, "col_index": 28, "tile_id": 1132 }, "geometry": { "type": "MultiPolygon", "coordinates": [ [ [ [ 18.245494508935217, 68.867360395041572 ], [ 18.244701630602268, 68.866987900354673 ], [ 18.243850171504921, 68.8672106630722 ], [ 18.244513443816682, 68.867483273400765 ], [ 18.245212652153917, 68.86752048325711 ], [ 18.245494508935217, 68.867360395041572 ] ] ] ] } },
{ "type": "Feature", "properties": { "fid": 101990, "navn": null, "hoyde_moh": 364, "arealInnsjo_km2": 0.0029, "magasinKategori": null, "fid_2": 1132, "id": 1132, "left": 17.986919847, "top": 68.946110046000001, "right": 18.486919847, "bottom": 68.446110046000001, "row_index": 11, "col_index": 28, "tile_id": 1132 }, "geometry": { "type": "MultiPolygon", "coordinates": [ [ [ [ 18.142056321567299, 68.887075494655193 ], [ 18.141640823260058, 68.886845058897521 ], [ 18.14114686873355, 68.8868073992315 ], [ 18.141063714983602, 68.887103962910302 ], [ 18.141400302380017, 68.88719085605743 ], [ 18.141575750589688, 68.887400404735516 ], [ 18.141510256093415, 68.887552988893077 ], [ 18.142097356625015, 68.887713278519215 ], [ 18.142056321567299, 68.887075494655193 ] ] ] ] } },
{ "type": "Feature", "properties": { "fid": 101991, "navn": null, "hoyde_moh": 150, "arealInnsjo_km2": 0.0026, "magasinKategori": null, "fid_2": 1132, "id": 1132, "left": 17.986919847, "top": 68.946110046000001, "right": 18.486919847, "bottom": 68.446110046000001, "row_index": 11, "col_index": 28, "tile_id": 1132 }, "geometry": { "type": "MultiPolygon", "coordinates": [ [ [ [ 18.032515484092603, 68.909731746086777 ], [ 18.032353313623069, 68.909501842124314 ], [ 18.030619668365247, 68.909522100061594 ], [ 18.031133245850473, 68.909793424338645 ], [ 18.032313349788172, 68.909848193511721 ], [ 18.032515484092603, 68.909731746086777 ] ] ] ] } },
{ "type": "Feature", "properties": { "fid": 101992, "navn": null, "hoyde_moh": 130, "arealInnsjo_km2": 0.0085, "magasinKategori": null, "fid_2": 1132, "id": 1132, "left": 17.986919847, "top": 68.946110046000001, "right": 18.486919847, "bottom": 68.446110046000001, "row_index": 11, "col_index": 28, "tile_id": 1132 }, "geometry": { "type": "MultiPolygon", "coordinates": [ [ [ [ 18.027039778247126, 68.931773224189797 ], [ 18.026921137033156, 68.931321153136452 ], [ 18.027228248760327, 68.930802360401927 ], [ 18.027186826416823, 68.930351162770535 ], [ 18.027974746677273, 68.929541663560684 ], [ 18.027939870690922, 68.929307428456468 ], [ 18.027169399279394, 68.92932173974387 ], [ 18.027108711240782, 68.929774301619972 ], [ 18.026272492441137, 68.930623077711275 ], [ 18.026543192940924, 68.931048748818014 ], [ 18.02618345116548, 68.931267544757759 ], [ 18.02621181934115, 68.931674624636216 ], [ 18.027039778247126, 68.931773224189797 ] ] ] ] } },
{ "type": "Feature", "properties": { "fid": 101993, "navn": null, "hoyde_moh": 513, "arealInnsjo_km2": 0.0044, "magasinKategori": null, "fid_2": 1132, "id": 1132, "left": 17.986919847, "top": 68.946110046000001, "right": 18.486919847, "bottom": 68.446110046000001, "row_index": 11, "col_index": 28, "tile_id": 1132 }, "geometry": { "type": "MultiPolygon", "coordinates": [ [ [ [ 18.150714288151107, 68.938428209494248 ], [ 18.150139631464782, 68.938223434772112 ], [ 18.14915588329222, 68.938323038740322 ], [ 18.149221265063407, 68.938029136286346 ], [ 18.149063850052027, 68.937972067805774 ], [ 18.148033728567224, 68.938425371595429 ], [ 18.148429320105741, 68.938627892741962 ], [ 18.149999960507742, 68.938635069850932 ], [ 18.150714288151107, 68.938428209494248 ] ] ] ] } },
{ "type": "Feature", "properties": { "fid": 102019, "navn": null, "hoyde_moh": 210, "arealInnsjo_km2": 0.0038, "magasinKategori": null, "fid_2": 1132, "id": 1132, "left": 17.986919847, "top": 68.946110046000001, "right": 18.486919847, "bottom": 68.446110046000001, "row_index": 11, "col_index": 28, "tile_id": 1132 }, "geometry": { "type": "MultiPolygon", "coordinates": [ [ [ [ 18.199575303690064, 68.653910294279797 ], [ 18.199360333457051, 68.653489041063949 ], [ 18.200719925027645, 68.653209322866942 ], [ 18.199798072877631, 68.653016886841073 ], [ 18.199071918434104, 68.653236727109118 ], [ 18.198933306228529, 68.653480888613188 ], [ 18.199024598497754, 68.653592022023247 ], [ 18.198861425312455, 68.653709148789176 ], [ 18.199049768430431, 68.653807846492555 ], [ 18.198917693612149, 68.653923575372431 ], [ 18.199018566965396, 68.654269056113861 ], [ 18.199575303690064, 68.653910294279797 ] ] ] ] } },
{ "type": "Feature", "properties": { "fid": 102035, "navn": null, "hoyde_moh": 367, "arealInnsjo_km2": 0.0072, "magasinKategori": null, "fid_2": 1132, "id": 1132, "left": 17.986919847, "top": 68.946110046000001, "right": 18.486919847, "bottom": 68.446110046000001, "row_index": 11, "col_index": 28, "tile_id": 1132 }, "geometry": { "type": "MultiPolygon", "coordinates": [ [ [ [ 18.336810311223079, 68.820195636750853 ], [ 18.336848522565848, 68.819964197170762 ], [ 18.33724133841551, 68.81981208047192 ], [ 18.337295438647285, 68.819544319692568 ], [ 18.336493527041576, 68.81929751940531 ], [ 18.335651349434215, 68.819397314756571 ], [ 18.33570368327803, 68.819768673860722 ], [ 18.335306531924047, 68.819824250628756 ], [ 18.335304688614034, 68.81996401074349 ], [ 18.334875115455283, 68.820215352013676 ], [ 18.335448794546856, 68.820324766354673 ], [ 18.336810311223079, 68.820195636750853 ] ] ] ] } },
{ "type": "Feature", "properties": { "fid": 102046, "navn": null, "hoyde_moh": 488, "arealInnsjo_km2": 0.0027, "magasinKategori": null, "fid_2": 1132, "id": 1132, "left": 17.986919847, "top": 68.946110046000001, "right": 18.486919847, "bottom": 68.446110046000001, "row_index": 11, "col_index": 28, "tile_id": 1132 }, "geometry": { "type": "MultiPolygon", "coordinates": [ [ [ [ 18.117579896541113, 68.519574147300176 ], [ 18.119003498359163, 68.519385275427027 ], [ 18.118339210640112, 68.519203324994081 ], [ 18.117432261351805, 68.519337343613984 ], [ 18.116853803693328, 68.519731828065432 ], [ 18.11725859304206, 68.519861860455379 ], [ 18.116737080572179, 68.51997551697815 ], [ 18.117461506666157, 68.520014766076827 ], [ 18.117579896541113, 68.519574147300176 ] ] ] ] } },
{ "type": "Feature", "properties": { "fid": 102047, "navn": null, "hoyde_moh": 964, "arealInnsjo_km2": 0.0065, "magasinKategori": null, "fid_2": 1132, "id": 1132, "left": 17.986919847, "top": 68.946110046000001, "right": 18.486919847, "bottom": 68.446110046000001, "row_index": 11, "col_index": 28, "tile_id": 1132 }, "geometry": { "type": "MultiPolygon", "coordinates": [ [ [ [ 18.075573611252413, 68.546185884863419 ], [ 18.076509193786514, 68.545469351760318 ], [ 18.077198087614697, 68.54516431407994 ], [ 18.077246209914072, 68.544944004915308 ], [ 18.076794552895311, 68.54491043912526 ], [ 18.075853072529519, 68.545332237892552 ], [ 18.074725905749471, 68.546312551692552 ], [ 18.073511757651303, 68.546704939276751 ], [ 18.073941461553883, 68.546796645851927 ], [ 18.075573611252413, 68.546185884863419 ] ] ] ] } },
{ "type": "Feature", "properties": { "fid": 102048, "navn": null, "hoyde_moh": 880, "arealInnsjo_km2": 0.0052, "magasinKategori": null, "fid_2": 1132, "id": 1132, "left": 17.986919847, "top": 68.946110046000001, "right": 18.486919847, "bottom": 68.446110046000001, "row_index": 11, "col_index": 28, "tile_id": 1132 }, "geometry": { "type": "MultiPolygon", "coordinates": [ [ [ [ 18.430646005536087, 68.713199552136103 ], [ 18.431398671905622, 68.713089261195378 ], [ 18.430927919684517, 68.712851766095397 ], [ 18.428602915237008, 68.712946001132252 ], [ 18.428150278387044, 68.713110991884847 ], [ 18.429975733325847, 68.713497025595686 ], [ 18.430646005536087, 68.713199552136103 ] ] ] ] } },
{ "type": "Feature", "properties": { "fid": 102093, "navn": null, "hoyde_moh": 588, "arealInnsjo_km2": 0.0384, "magasinKategori": null, "fid_2": 1132, "id": 1132, "left": 17.986919847, "top": 68.946110046000001, "right": 18.486919847, "bottom": 68.446110046000001, "row_index": 11, "col_index": 28, "tile_id": 1132 }, "geometry": { "type": "MultiPolygon", "coordinates": [ [ [ [ 18.093101876046685, 68.788806033464297 ], [ 18.093003041538338, 68.788304073480987 ], [ 18.093701092752358, 68.788011130285099 ], [ 18.093287434372161, 68.787698337875867 ], [ 18.092017879185981, 68.787571919919856 ], [ 18.091456232221255, 68.787278611461716 ], [ 18.091450684091949, 68.787076435519651 ], [ 18.091872153491842, 68.786780641837495 ], [ 18.092395903209045, 68.786735536129271 ], [ 18.092216743452568, 68.786607723222133 ], [ 18.092454476017828, 68.786493584542711 ], [ 18.092244743239473, 68.786391917017824 ], [ 18.092734513546176, 68.786328934914721 ], [ 18.092197912410903, 68.785823378275438 ], [ 18.091693155409132, 68.785798107967807 ], [ 18.092020603881373, 68.786097482277484 ], [ 18.091948134804152, 68.786205643669646 ], [ 18.089961438925929, 68.785900337125042 ], [ 18.08944419493147, 68.785490755213743 ], [ 18.08864237075192, 68.78535049287369 ], [ 18.087776654935855, 68.784919602313096 ], [ 18.087909203176594, 68.784537055184188 ], [ 18.087805377812181, 68.78441055946314 ], [ 18.08628558279187, 68.784640600970548 ], [ 18.085997346648107, 68.784874969006538 ], [ 18.086289582075757, 68.785583946082426 ], [ 18.088903680503556, 68.78591826590187 ], [ 18.089183671658212, 68.786181430189131 ], [ 18.089098609830344, 68.786457800013537 ], [ 18.090942294848361, 68.787057333904357 ], [ 18.091116697184539, 68.787231202811142 ], [ 18.090751816699697, 68.78770238275132 ], [ 18.091080857102494, 68.787968511002035 ], [ 18.091127369989962, 68.788199657629477 ], [ 18.091701327904349, 68.788608111847111 ], [ 18.093101876046685, 68.788806033464297 ] ] ] ] } },
{ "type": "Feature", "properties": { "fid": 102095, "navn": null, "hoyde_moh": 249, "arealInnsjo_km2": 0.0043, "magasinKategori": null, "fid_2": 1132, "id": 1132, "left": 17.986919847, "top": 68.946110046000001, "right": 18.486919847, "bottom": 68.446110046000001, "row_index": 11, "col_index": 28, "tile_id": 1132 }, "geometry": { "type": "MultiPolygon", "coordinates": [ [ [ [ 18.236726721776783, 68.8149896856456 ], [ 18.237349786088224, 68.815023504504993 ], [ 18.237408555684254, 68.814873241608012 ], [ 18.237869066049246, 68.814754193474243 ], [ 18.236463090423058, 68.814661052727672 ], [ 18.235640220017647, 68.814738070436263 ], [ 18.234918217309481, 68.81502353982286 ], [ 18.235875139274626, 68.815191701217628 ], [ 18.236726721776783, 68.8149896856456 ] ] ] ] } },
{ "type": "Feature", "properties": { "fid": 102096, "navn": null, "hoyde_moh": 623, "arealInnsjo_km2": 0.0026, "magasinKategori": null, "fid_2": 1132, "id": 1132, "left": 17.986919847, "top": 68.946110046000001, "right": 18.486919847, "bottom": 68.446110046000001, "row_index": 11, "col_index": 28, "tile_id": 1132 }, "geometry": { "type": "MultiPolygon", "coordinates": [ [ [ [ 18.016974255839934, 68.827201006488181 ], [ 18.017924315695179, 68.8268550940317 ], [ 18.016460793919158, 68.826947891659984 ], [ 18.015313118922414, 68.827270730883896 ], [ 18.016974255839934, 68.827201006488181 ] ] ] ] } },
{ "type": "Feature", "properties": { "fid": 102097, "navn": null, "hoyde_moh": 282, "arealInnsjo_km2": 0.0062, "magasinKategori": null, "fid_2": 1132, "id": 1132, "left": 17.986919847, "top": 68.946110046000001, "right": 18.486919847, "bottom": 68.446110046000001, "row_index": 11, "col_index": 28, "tile_id": 1132 }, "geometry": { "type": "MultiPolygon", "coordinates": [ [ [ [ 18.30337145800576, 68.830830662397105 ], [ 18.304219421044721, 68.830559147054714 ], [ 18.303083306603121, 68.830405433361804 ], [ 18.301194404124281, 68.830676979582407 ], [ 18.301366464432427, 68.831212131945776 ], [ 18.30337145800576, 68.830830662397105 ] ] ] ] } },
{ "type": "Feature", "properties": { "fid": 102098, "navn": null, "hoyde_moh": 6, "arealInnsjo_km2": 0.0043, "magasinKategori": null, "fid_2": 1132, "id": 1132, "left": 17.986919847, "top": 68.946110046000001, "right": 18.486919847, "bottom": 68.446110046000001, "row_index": 11, "col_index": 28, "tile_id": 1132 }, "geometry": { "type": "MultiPolygon", "coordinates": [ [ [ [ 18.029817221827919, 68.860024096629758 ], [ 18.030676100037585, 68.86001731812145 ], [ 18.030283212172058, 68.859826991299343 ], [ 18.029205506921489, 68.859797626333346 ], [ 18.026952969547324, 68.860078255323586 ], [ 18.027340611976566, 68.860261321176196 ], [ 18.029817221827919, 68.860024096629758 ] ] ] ] } },
{ "type": "Feature", "properties": { "fid": 102099, "navn": null, "hoyde_moh": 333, "arealInnsjo_km2": 0.0026, "magasinKategori": null, "fid_2": 1132, "id": 1132, "left": 17.986919847, "top": 68.946110046000001, "right": 18.486919847, "bottom": 68.446110046000001, "row_index": 11, "col_index": 28, "tile_id": 1132 }, "geometry": { "type": "MultiPolygon", "coordinates": [ [ [ [ 18.18832644321936, 68.858227415586541 ], [ 18.187232785090281, 68.857762177502181 ], [ 18.186663090836987, 68.85789092746154 ], [ 18.18667188759721, 68.858080033026354 ], [ 18.187216125463724, 68.858334431670428 ], [ 18.18832644321936, 68.858227415586541 ] ] ] ] } },
{ "type": "Feature", "properties": { "fid": 102100, "navn": null, "hoyde_moh": 6, "arealInnsjo_km2": 0.0033, "magasinKategori": null, "fid_2": 1132, "id": 1132, "left": 17.986919847, "top": 68.946110046000001, "right": 18.486919847, "bottom": 68.446110046000001, "row_index": 11, "col_index": 28, "tile_id": 1132 }, "geometry": { "type": "MultiPolygon", "coordinates": [ [ [ [ 18.033110455104648, 68.861232133645586 ], [ 18.032766072888176, 68.860700601947727 ], [ 18.032253850448289, 68.860360056190558 ], [ 18.031730618754413, 68.860338772772607 ], [ 18.031943715702603, 68.860481937827885 ], [ 18.032197206751189, 68.861140061330204 ], [ 18.032898466884919, 68.861331527601322 ], [ 18.033110455104648, 68.861232133645586 ] ] ] ] } },
{ "type": "Feature", "properties": { "fid": 102122, "navn": null, "hoyde_moh": 223, "arealInnsjo_km2": 0.0026, "magasinKategori": null, "fid_2": 1132, "id": 1132, "left": 17.986919847, "top": 68.946110046000001, "right": 18.486919847, "bottom": 68.446110046000001, "row_index": 11, "col_index": 28, "tile_id": 1132 }, "geometry": { "type": "MultiPolygon", "coordinates": [ [ [ [ 18.066072859360382, 68.906591299469625 ], [ 18.066349197559983, 68.906484785046047 ], [ 18.066108115239743, 68.906205873136201 ], [ 18.065380791008913, 68.906104945708535 ], [ 18.065077487804047, 68.906340506886082 ], [ 18.065121515637987, 68.906587862842201 ], [ 18.065602354499525, 68.906706784701882 ], [ 18.066072859360382, 68.906591299469625 ] ] ] ] } },
{ "type": "Feature", "properties": { "fid": 102123, "navn": null, "hoyde_moh": 579, "arealInnsjo_km2": 0.0033, "magasinKategori": null, "fid_2": 1132, "id": 1132, "left": 17.986919847, "top": 68.946110046000001, "right": 18.486919847, "bottom": 68.446110046000001, "row_index": 11, "col_index": 28, "tile_id": 1132 }, "geometry": { "type": "MultiPolygon", "coordinates": [ [ [ [ 18.147339980976618, 68.917454917888335 ], [ 18.144796767168742, 68.917216543607594 ], [ 18.144346745868219, 68.917348660522734 ], [ 18.144507043873791, 68.917597006597788 ], [ 18.147339980976618, 68.917454917888335 ] ] ] ] } },
{ "type": "Feature", "properties": { "fid": 102124, "navn": null, "hoyde_moh": 142, "arealInnsjo_km2": 0.0044, "magasinKategori": null, "fid_2": 1132, "id": 1132, "left": 17.986919847, "top": 68.946110046000001, "right": 18.486919847, "bottom": 68.446110046000001, "row_index": 11, "col_index": 28, "tile_id": 1132 }, "geometry": { "type": "MultiPolygon", "coordinates": [ [ [ [ 18.037491634344825, 68.92221876732458 ], [ 18.036935523921176, 68.921851255886082 ], [ 18.036168985456737, 68.921638316798791 ], [ 18.035545452226071, 68.921712626701805 ], [ 18.036177305145202, 68.922302875767627 ], [ 18.037335195412982, 68.922416011988815 ], [ 18.037491634344825, 68.92221876732458 ] ] ] ] } },
{ "type": "Feature", "properties": { "fid": 102171, "navn": null, "hoyde_moh": 556, "arealInnsjo_km2": 0.0051, "magasinKategori": null, "fid_2": 1132, "id": 1132, "left": 17.986919847, "top": 68.946110046000001, "right": 18.486919847, "bottom": 68.446110046000001, "row_index": 11, "col_index": 28, "tile_id": 1132 }, "geometry": { "type": "MultiPolygon", "coordinates": [ [ [ [ 18.094278793888268, 68.513137735969707 ], [ 18.093789286145515, 68.512795260139441 ], [ 18.094022194000846, 68.512645426450788 ], [ 18.093985477845198, 68.512340300953014 ], [ 18.092927249378768, 68.512321922843952 ], [ 18.092602937093414, 68.512694576231397 ], [ 18.092813639214796, 68.513020287410342 ], [ 18.094004356610707, 68.513259784598901 ], [ 18.094278793888268, 68.513137735969707 ] ] ] ] } },
{ "type": "Feature", "properties": { "fid": 102200, "navn": null, "hoyde_moh": 247, "arealInnsjo_km2": 0.0026, "magasinKategori": null, "fid_2": 1132, "id": 1132, "left": 17.986919847, "top": 68.946110046000001, "right": 18.486919847, "bottom": 68.446110046000001, "row_index": 11, "col_index": 28, "tile_id": 1132 }, "geometry": { "type": "MultiPolygon", "coordinates": [ [ [ [ 18.141744874726349, 68.859556867678279 ], [ 18.141228806215643, 68.85935720745077 ], [ 18.139847343166675, 68.859679821416961 ], [ 18.141308229282124, 68.859768206841892 ], [ 18.141744874726349, 68.859556867678279 ] ] ] ] } },
{ "type": "Feature", "properties": { "fid": 102201, "navn": null, "hoyde_moh": 6, "arealInnsjo_km2": 0.0247, "magasinKategori": null, "fid_2": 1132, "id": 1132, "left": 17.986919847, "top": 68.946110046000001, "right": 18.486919847, "bottom": 68.446110046000001, "row_index": 11, "col_index": 28, "tile_id": 1132 }, "geometry": { "type": "MultiPolygon", "coordinates": [ [ [ [ 18.027333890022057, 68.864247076667098 ], [ 18.028451569027833, 68.863854063504178 ], [ 18.030061929655908, 68.862887836992897 ], [ 18.031758162873679, 68.86237011380814 ], [ 18.031933388034073, 68.862123783700724 ], [ 18.02941561044803, 68.862665394419722 ], [ 18.02704307186422, 68.86390840910488 ], [ 18.024473225192768, 68.864078296103486 ], [ 18.023380886100195, 68.863977779237899 ], [ 18.021618547184026, 68.863509946853796 ], [ 18.020023625876963, 68.862775271699135 ], [ 18.019895570321633, 68.862303078614616 ], [ 18.019420654999884, 68.862140129633886 ], [ 18.019303182399632, 68.862261887240479 ], [ 18.019429615786724, 68.862922998493929 ], [ 18.019628641199809, 68.863143994623513 ], [ 18.020844755312655, 68.863723895855983 ], [ 18.023542594404621, 68.864318658072847 ], [ 18.027333890022057, 68.864247076667098 ] ] ] ] } },
{ "type": "Feature", "properties": { "fid": 102202, "navn": null, "hoyde_moh": 279, "arealInnsjo_km2": 0.0042, "magasinKategori": null, "fid_2": 1132, "id": 1132, "left": 17.986919847, "top": 68.946110046000001, "right": 18.486919847, "bottom": 68.446110046000001, "row_index": 11, "col_index": 28, "tile_id": 1132 }, "geometry": { "type": "MultiPolygon", "coordinates": [ [ [ [ 18.128281009152204, 68.87746652263769 ], [ 18.128218680860321, 68.877235131092803 ], [ 18.127094207230378, 68.877021380874254 ], [ 18.126012983801267, 68.877245866373784 ], [ 18.126213516533198, 68.877525356290747 ], [ 18.128281009152204, 68.87746652263769 ] ] ] ] } },
{ "type": "Feature", "properties": { "fid": 102203, "navn": null, "hoyde_moh": 389, "arealInnsjo_km2": 0.0029, "magasinKategori": null, "fid_2": 1132, "id": 1132, "left": 17.986919847, "top": 68.946110046000001, "right": 18.486919847, "bottom": 68.446110046000001, "row_index": 11, "col_index": 28, "tile_id": 1132 }, "geometry": { "type": "MultiPolygon", "coordinates": [ [ [ [ 18.129004425376088, 68.882204709367883 ], [ 18.128961155057144, 68.882057183740173 ], [ 18.128607759079671, 68.881920927082575 ], [ 18.127120843911555, 68.881938383747837 ], [ 18.127278010164382, 68.882157258738985 ], [ 18.129004425376088, 68.882204709367883 ] ] ] ] } },
{ "type": "Feature", "properties": { "fid": 102223, "navn": null, "hoyde_moh": 545, "arealInnsjo_km2": 0.0029, "magasinKategori": null, "fid_2": 1132, "id": 1132, "left": 17.986919847, "top": 68.946110046000001, "right": 18.486919847, "bottom": 68.446110046000001, "row_index": 11, "col_index": 28, "tile_id": 1132 }, "geometry": { "type": "MultiPolygon", "coordinates": [ [ [ [ 18.178471963558728, 68.932265560811402 ], [ 18.179034162791567, 68.932258310540291 ], [ 18.178022848171619, 68.931902220947563 ], [ 18.177278988761323, 68.932065489273057 ], [ 18.177393071069069, 68.932495590955583 ], [ 18.177870036326421, 68.932542816882275 ], [ 18.178471963558728, 68.932265560811402 ] ] ] ] } },
{ "type": "Feature", "properties": { "fid": 102235, "navn": null, "hoyde_moh": 413, "arealInnsjo_km2": 0.0026, "magasinKategori": null, "fid_2": 1132, "id": 1132, "left": 17.986919847, "top": 68.946110046000001, "right": 18.486919847, "bottom": 68.446110046000001, "row_index": 11, "col_index": 28, "tile_id": 1132 }, "geometry": { "type": "MultiPolygon", "coordinates": [ [ [ [ 18.000064679849469, 68.520103211204415 ], [ 18.000965348790388, 68.520119519908974 ], [ 17.99990475523995, 68.519398352178271 ], [ 17.999598936009164, 68.51934402606571 ], [ 17.999494883569493, 68.519762364192417 ], [ 17.999745050944444, 68.519821814987125 ], [ 17.999790150505646, 68.520136846794856 ], [ 18.000064679849469, 68.520103211204415 ] ] ] ] } },
{ "type": "Feature", "properties": { "fid": 102295, "navn": null, "hoyde_moh": 1142, "arealInnsjo_km2": 0.0077, "magasinKategori": null, "fid_2": 1132, "id": 1132, "left": 17.986919847, "top": 68.946110046000001, "right": 18.486919847, "bottom": 68.446110046000001, "row_index": 11, "col_index": 28, "tile_id": 1132 }, "geometry": { "type": "MultiPolygon", "coordinates": [ [ [ [ 18.318473688343232, 68.720299529649964 ], [ 18.318075079811919, 68.719726998143713 ], [ 18.31695282208549, 68.719594208778929 ], [ 18.316652750773102, 68.719720781393576 ], [ 18.316798853021147, 68.719963598157477 ], [ 18.315934818023873, 68.71971869923469 ], [ 18.315471686642631, 68.719751128256831 ], [ 18.315584187107302, 68.719997478212917 ], [ 18.316067145713077, 68.720173256834855 ], [ 18.318122185112994, 68.720445971483031 ], [ 18.318473688343232, 68.720299529649964 ] ] ] ] } },
{ "type": "Feature", "properties": { "fid": 104837, "navn": null, "hoyde_moh": 526, "arealInnsjo_km2": 0.0026, "magasinKategori": null, "fid_2": 1132, "id": 1132, "left": 17.986919847, "top": 68.946110046000001, "right": 18.486919847, "bottom": 68.446110046000001, "row_index": 11, "col_index": 28, "tile_id": 1132 }, "geometry": { "type": "MultiPolygon", "coordinates": [ [ [ [ 18.051494976938564, 68.501188610700552 ], [ 18.052109219422398, 68.500968872802787 ], [ 18.052166149520804, 68.500743743420045 ], [ 18.051320986243482, 68.50067113649385 ], [ 18.050613871554805, 68.501116384576946 ], [ 18.0512237749852, 68.501174062263374 ], [ 18.051279747680834, 68.5013961496132 ], [ 18.051590515660926, 68.50139013653353 ], [ 18.051494976938564, 68.501188610700552 ] ] ] ] } },
{ "type": "Feature", "properties": { "fid": 104838, "navn": null, "hoyde_moh": 527, "arealInnsjo_km2": 0.0034, "magasinKategori": null, "fid_2": 1132, "id": 1132, "left": 17.986919847, "top": 68.946110046000001, "right": 18.486919847, "bottom": 68.446110046000001, "row_index": 11, "col_index": 28, "tile_id": 1132 }, "geometry": { "type": "MultiPolygon", "coordinates": [ [ [ [ 18.080574070100237, 68.522930566224289 ], [ 18.080200435850895, 68.52286236479874 ], [ 18.079583023191041, 68.522419304208015 ], [ 18.079117351862475, 68.522337256773596 ], [ 18.078831849099149, 68.522480130441039 ], [ 18.079219549925384, 68.523083629256675 ], [ 18.080574070100237, 68.522930566224289 ] ] ] ] } },
{ "type": "Feature", "properties": { "fid": 104839, "navn": null, "hoyde_moh": 941, "arealInnsjo_km2": 0.0043, "magasinKategori": null, "fid_2": 1132, "id": 1132, "left": 17.986919847, "top": 68.946110046000001, "right": 18.486919847, "bottom": 68.446110046000001, "row_index": 11, "col_index": 28, "tile_id": 1132 }, "geometry": { "type": "MultiPolygon", "coordinates": [ [ [ [ 18.034239450652809, 68.723976718155697 ], [ 18.033860219907197, 68.723845621575279 ], [ 18.034141130476442, 68.723706364283615 ], [ 18.033931532287294, 68.723368428421665 ], [ 18.034469219888429, 68.723299708602113 ], [ 18.034367523044669, 68.72316991829301 ], [ 18.034927940781252, 68.723077536569392 ], [ 18.035339001565543, 68.722786730121385 ], [ 18.034617748177048, 68.722716089039267 ], [ 18.034534244389086, 68.722910879729739 ], [ 18.033645612331476, 68.723219946542926 ], [ 18.033406715189443, 68.724066350076484 ], [ 18.034239450652809, 68.723976718155697 ] ] ] ] } },
{ "type": "Feature", "properties": { "fid": 104870, "navn": null, "hoyde_moh": 678, "arealInnsjo_km2": 0.0033, "magasinKategori": null, "fid_2": 1132, "id": 1132, "left": 17.986919847, "top": 68.946110046000001, "right": 18.486919847, "bottom": 68.446110046000001, "row_index": 11, "col_index": 28, "tile_id": 1132 }, "geometry": { "type": "MultiPolygon", "coordinates": [ [ [ [ 18.388919427902984, 68.799187114585806 ], [ 18.389028618794459, 68.798777417209408 ], [ 18.388605458816251, 68.79878937542739 ], [ 18.387454754687287, 68.799334195493032 ], [ 18.387557271154662, 68.799570478396049 ], [ 18.388919427902984, 68.799187114585806 ] ] ] ] } },
{ "type": "Feature", "properties": { "fid": 104912, "navn": null, "hoyde_moh": 259, "arealInnsjo_km2": 0.0028, "magasinKategori": null, "fid_2": 1132, "id": 1132, "left": 17.986919847, "top": 68.946110046000001, "right": 18.486919847, "bottom": 68.446110046000001, "row_index": 11, "col_index": 28, "tile_id": 1132 }, "geometry": { "type": "MultiPolygon", "coordinates": [ [ [ [ 18.384413510852465, 68.825646758136287 ], [ 18.384399759559006, 68.825483326618667 ], [ 18.383172125071734, 68.825585384077627 ], [ 18.382596701283102, 68.825794590435322 ], [ 18.383517763423786, 68.826034141088556 ], [ 18.384413510852465, 68.825646758136287 ] ] ] ] } },
{ "type": "Feature", "properties": { "fid": 104958, "navn": null, "hoyde_moh": 295, "arealInnsjo_km2": 0.0052, "magasinKategori": null, "fid_2": 1132, "id": 1132, "left": 17.986919847, "top": 68.946110046000001, "right": 18.486919847, "bottom": 68.446110046000001, "row_index": 11, "col_index": 28, "tile_id": 1132 }, "geometry": { "type": "MultiPolygon", "coordinates": [ [ [ [ 18.202676127619256, 68.884252447443046 ], [ 18.202650178021326, 68.883973427066977 ], [ 18.201608214015216, 68.883599406292547 ], [ 18.200697882770818, 68.883591122122183 ], [ 18.200324493227111, 68.883758954449021 ], [ 18.200488142816926, 68.883929705024642 ], [ 18.201472280918509, 68.884115817817502 ], [ 18.201665476642539, 68.884352993052048 ], [ 18.202676127619256, 68.884252447443046 ] ] ] ] } },
{ "type": "Feature", "properties": { "fid": 104960, "navn": null, "hoyde_moh": 144, "arealInnsjo_km2": 0.0028, "magasinKategori": null, "fid_2": 1132, "id": 1132, "left": 17.986919847, "top": 68.946110046000001, "right": 18.486919847, "bottom": 68.446110046000001, "row_index": 11, "col_index": 28, "tile_id": 1132 }, "geometry": { "type": "MultiPolygon", "coordinates": [ [ [ [ 18.243246694444537, 68.83298380160403 ], [ 18.243723868253344, 68.832706213992552 ], [ 18.242938010587022, 68.832476632966561 ], [ 18.242125913890739, 68.832847619742466 ], [ 18.242335209137888, 68.83302509065102 ], [ 18.243246694444537, 68.83298380160403 ] ] ] ] } },
{ "type": "Feature", "properties": { "fid": 104961, "navn": null, "hoyde_moh": 177, "arealInnsjo_km2": 0.0032, "magasinKategori": null, "fid_2": 1132, "id": 1132, "left": 17.986919847, "top": 68.946110046000001, "right": 18.486919847, "bottom": 68.446110046000001, "row_index": 11, "col_index": 28, "tile_id": 1132 }, "geometry": { "type": "MultiPolygon", "coordinates": [ [ [ [ 18.35857924118088, 68.83944198630978 ], [ 18.358751997733371, 68.839287888693804 ], [ 18.358279539599692, 68.83914852473994 ], [ 18.35810822303554, 68.83892157936917 ], [ 18.357352233938663, 68.839028657304056 ], [ 18.357422802386147, 68.83948649043954 ], [ 18.357901810475536, 68.839610012623325 ], [ 18.35857924118088, 68.83944198630978 ] ] ] ] } },
{ "type": "Feature", "properties": { "fid": 104962, "navn": null, "hoyde_moh": 138, "arealInnsjo_km2": 0.0029, "magasinKategori": null, "fid_2": 1132, "id": 1132, "left": 17.986919847, "top": 68.946110046000001, "right": 18.486919847, "bottom": 68.446110046000001, "row_index": 11, "col_index": 28, "tile_id": 1132 }, "geometry": { "type": "MultiPolygon", "coordinates": [ [ [ [ 18.150180526045261, 68.844923384683398 ], [ 18.150145693874176, 68.844791957466782 ], [ 18.149689535794003, 68.844293041904621 ], [ 18.149088429701301, 68.844246901399188 ], [ 18.149077573405798, 68.844847670698272 ], [ 18.149419828896175, 68.84501901057962 ], [ 18.150180526045261, 68.844923384683398 ] ] ] ] } },
{ "type": "Feature", "properties": { "fid": 104963, "navn": null, "hoyde_moh": 111, "arealInnsjo_km2": 0.0052, "magasinKategori": null, "fid_2": 1132, "id": 1132, "left": 17.986919847, "top": 68.946110046000001, "right": 18.486919847, "bottom": 68.446110046000001, "row_index": 11, "col_index": 28, "tile_id": 1132 }, "geometry": { "type": "MultiPolygon", "coordinates": [ [ [ [ 18.04244145553632, 68.847793502668893 ], [ 18.042393644774684, 68.847213317189699 ], [ 18.041778322222971, 68.847143711729245 ], [ 18.040809310855909, 68.847688586863626 ], [ 18.040867945147188, 68.84785326719711 ], [ 18.0417948510954, 68.848139140164847 ], [ 18.04244145553632, 68.847793502668893 ] ] ] ] } },
{ "type": "Feature", "properties": { "fid": 104964, "navn": null, "hoyde_moh": 138, "arealInnsjo_km2": 0.0027, "magasinKategori": null, "fid_2": 1132, "id": 1132, "left": 17.986919847, "top": 68.946110046000001, "right": 18.486919847, "bottom": 68.446110046000001, "row_index": 11, "col_index": 28, "tile_id": 1132 }, "geometry": { "type": "MultiPolygon", "coordinates": [ [ [ [ 18.262665858917273, 68.848715364537469 ], [ 18.261995610935472, 68.848379571058985 ], [ 18.261433618210074, 68.848399158241818 ], [ 18.261068422486339, 68.848590330001073 ], [ 18.26141710426376, 68.848836042460036 ], [ 18.261970598967753, 68.848897161833889 ], [ 18.262665858917273, 68.848715364537469 ] ] ] ] } },
{ "type": "Feature", "properties": { "fid": 104965, "navn": null, "hoyde_moh": 95, "arealInnsjo_km2": 0.0178, "magasinKategori": null, "fid_2": 1132, "id": 1132, "left": 17.986919847, "top": 68.946110046000001, "right": 18.486919847, "bottom": 68.446110046000001, "row_index": 11, "col_index": 28, "tile_id": 1132 }, "geometry": { "type": "MultiPolygon", "coordinates": [ [ [ [ 18.344470319984119, 68.849998576484353 ], [ 18.344812445449563, 68.849879775371519 ], [ 18.344715594350369, 68.849633482127473 ], [ 18.34488881903486, 68.849339667885502 ], [ 18.344217874293012, 68.849340751553839 ], [ 18.344143982729413, 68.849139443649605 ], [ 18.343182394790873, 68.848825846877702 ], [ 18.342841433174758, 68.848838571513554 ], [ 18.342841711144345, 68.849054707785513 ], [ 18.342549070131412, 68.849155380300417 ], [ 18.341236476378434, 68.849376504397867 ], [ 18.341416972705673, 68.849843042655039 ], [ 18.343478968108922, 68.850361469950499 ], [ 18.343565708172402, 68.850656183746665 ], [ 18.344559932288515, 68.850659875642819 ], [ 18.344470319984119, 68.849998576484353 ] ] ] ] } },
{ "type": "Feature", "properties": { "fid": 104966, "navn": "Steinbekkvatnet", "hoyde_moh": 705, "arealInnsjo_km2": 0.005, "magasinKategori": null, "fid_2": 1132, "id": 1132, "left": 17.986919847, "top": 68.946110046000001, "right": 18.486919847, "bottom": 68.446110046000001, "row_index": 11, "col_index": 28, "tile_id": 1132 }, "geometry": { "type": "MultiPolygon", "coordinates": [ [ [ [ 18.463802818019527, 68.888285446161063 ], [ 18.46391031177626, 68.887998395760221 ], [ 18.462007026663422, 68.887689045536121 ], [ 18.462073498015044, 68.887956120575467 ], [ 18.462653398390167, 68.888576459281424 ], [ 18.463092470180964, 68.888660023335532 ], [ 18.463802818019527, 68.888285446161063 ] ] ] ] } },
{ "type": "Feature", "properties": { "fid": 104967, "navn": null, "hoyde_moh": 199, "arealInnsjo_km2": 0.0041, "magasinKategori": null, "fid_2": 1132, "id": 1132, "left": 17.986919847, "top": 68.946110046000001, "right": 18.486919847, "bottom": 68.446110046000001, "row_index": 11, "col_index": 28, "tile_id": 1132 }, "geometry": { "type": "MultiPolygon", "coordinates": [ [ [ [ 18.068313036709295, 68.89917687863975 ], [ 18.06850960012402, 68.898982825617011 ], [ 18.067731715018123, 68.898767277342841 ], [ 18.066263776131059, 68.898997875009073 ], [ 18.066427280423898, 68.899143783882451 ], [ 18.066307798816808, 68.899277551255182 ], [ 18.067332618756588, 68.89934590968366 ], [ 18.068313036709295, 68.89917687863975 ] ] ] ] } },
{ "type": "Feature", "properties": { "fid": 104968, "navn": null, "hoyde_moh": 574, "arealInnsjo_km2": 0.0027, "magasinKategori": null, "fid_2": 1132, "id": 1132, "left": 17.986919847, "top": 68.946110046000001, "right": 18.486919847, "bottom": 68.446110046000001, "row_index": 11, "col_index": 28, "tile_id": 1132 }, "geometry": { "type": "MultiPolygon", "coordinates": [ [ [ [ 18.1427970646814, 68.913624300797622 ], [ 18.142803077603126, 68.913356365632126 ], [ 18.141632147838806, 68.91342258503856 ], [ 18.141389591482046, 68.913589476038808 ], [ 18.141848420887605, 68.913716049238658 ], [ 18.141799917862201, 68.913902705687434 ], [ 18.142237737849012, 68.913958646683824 ], [ 18.1427970646814, 68.913624300797622 ] ] ] ] } },
{ "type": "Feature", "properties": { "fid": 104985, "navn": null, "hoyde_moh": 578, "arealInnsjo_km2": 0.003, "magasinKategori": null, "fid_2": 1132, "id": 1132, "left": 17.986919847, "top": 68.946110046000001, "right": 18.486919847, "bottom": 68.446110046000001, "row_index": 11, "col_index": 28, "tile_id": 1132 }, "geometry": { "type": "MultiPolygon", "coordinates": [ [ [ [ 18.12913043414699, 68.916389331381382 ], [ 18.129328075386354, 68.916131616663606 ], [ 18.129239958397903, 68.91597431977938 ], [ 18.12877014895215, 68.915951344249848 ], [ 18.127450549496526, 68.916347720037152 ], [ 18.128547763161208, 68.916504448420071 ], [ 18.12913043414699, 68.916389331381382 ] ] ] ] } },
{ "type": "Feature", "properties": { "fid": 104986, "navn": null, "hoyde_moh": 557, "arealInnsjo_km2": 0.0031, "magasinKategori": null, "fid_2": 1132, "id": 1132, "left": 17.986919847, "top": 68.946110046000001, "right": 18.486919847, "bottom": 68.446110046000001, "row_index": 11, "col_index": 28, "tile_id": 1132 }, "geometry": { "type": "MultiPolygon", "coordinates": [ [ [ [ 18.21592409973049, 68.920180459174915 ], [ 18.215610194492186, 68.919996301633134 ], [ 18.214135999153221, 68.920142904707248 ], [ 18.215787511892216, 68.920600731554444 ], [ 18.21592409973049, 68.920180459174915 ] ] ] ] } },
{ "type": "Feature", "properties": { "fid": 104987, "navn": null, "hoyde_moh": 132, "arealInnsjo_km2": 0.0052, "magasinKategori": null, "fid_2": 1132, "id": 1132, "left": 17.986919847, "top": 68.946110046000001, "right": 18.486919847, "bottom": 68.446110046000001, "row_index": 11, "col_index": 28, "tile_id": 1132 }, "geometry": { "type": "MultiPolygon", "coordinates": [ [ [ [ 18.03793425868631, 68.925222083873649 ], [ 18.038789969450107, 68.924992622788182 ], [ 18.037810898059238, 68.9248585316072 ], [ 18.035931978455242, 68.925039241923471 ], [ 18.036685344092522, 68.925478386588139 ], [ 18.037591068659264, 68.925517999765091 ], [ 18.03793425868631, 68.925222083873649 ] ] ] ] } },
{ "type": "Feature", "properties": { "fid": 104988, "navn": null, "hoyde_moh": 590, "arealInnsjo_km2": 0.0028, "magasinKategori": null, "fid_2": 1132, "id": 1132, "left": 17.986919847, "top": 68.946110046000001, "right": 18.486919847, "bottom": 68.446110046000001, "row_index": 11, "col_index": 28, "tile_id": 1132 }, "geometry": { "type": "MultiPolygon", "coordinates": [ [ [ [ 18.186168295222043, 68.924052092119766 ], [ 18.186081219270811, 68.923827279136759 ], [ 18.184957733533711, 68.923744845101538 ], [ 18.184140269508184, 68.923883306629691 ], [ 18.185721974181586, 68.924210917238497 ], [ 18.186168295222043, 68.924052092119766 ] ] ] ] } },
{ "type": "Feature", "properties": { "fid": 110310, "navn": null, "hoyde_moh": 527, "arealInnsjo_km2": 0.0025, "magasinKategori": null, "fid_2": 1132, "id": 1132, "left": 17.986919847, "top": 68.946110046000001, "right": 18.486919847, "bottom": 68.446110046000001, "row_index": 11, "col_index": 28, "tile_id": 1132 }, "geometry": { "type": "MultiPolygon", "coordinates": [ [ [ [ 18.105436745185198, 68.485285035917599 ], [ 18.104575760578708, 68.485292096750399 ], [ 18.103788166118388, 68.485521716216141 ], [ 18.104129536242489, 68.485741740895435 ], [ 18.104711254886929, 68.485768855944599 ], [ 18.105436745185198, 68.485285035917599 ] ] ] ] } },
{ "type": "Feature", "properties": { "fid": 110319, "navn": null, "hoyde_moh": 581, "arealInnsjo_km2": 0.003, "magasinKategori": null, "fid_2": 1132, "id": 1132, "left": 17.986919847, "top": 68.946110046000001, "right": 18.486919847, "bottom": 68.446110046000001, "row_index": 11, "col_index": 28, "tile_id": 1132 }, "geometry": { "type": "MultiPolygon", "coordinates": [ [ [ [ 18.010425552199827, 68.488730466200337 ], [ 18.010596546831895, 68.488504834480452 ], [ 18.011026675461078, 68.488492710426442 ], [ 18.010896666877805, 68.488267995384163 ], [ 18.010996591093647, 68.488035918596808 ], [ 18.010401643028839, 68.488176782274849 ], [ 18.01068056890972, 68.488368119037105 ], [ 18.009700047533055, 68.488418673885135 ], [ 18.009340670616595, 68.488735938511368 ], [ 18.009995943725343, 68.488871321712978 ], [ 18.010425552199827, 68.488730466200337 ] ] ] ] } },
{ "type": "Feature", "properties": { "fid": 110328, "navn": null, "hoyde_moh": 654, "arealInnsjo_km2": 0.004, "magasinKategori": null, "fid_2": 1132, "id": 1132, "left": 17.986919847, "top": 68.946110046000001, "right": 18.486919847, "bottom": 68.446110046000001, "row_index": 11, "col_index": 28, "tile_id": 1132 }, "geometry": { "type": "MultiPolygon", "coordinates": [ [ [ [ 18.040310134547692, 68.474580620100397 ], [ 18.040605531693824, 68.474288680430448 ], [ 18.040578977172476, 68.473927795812713 ], [ 18.04010085508698, 68.473806379858431 ], [ 18.039427760219088, 68.473945630807606 ], [ 18.039669043289404, 68.474350921817361 ], [ 18.039166860628637, 68.47478864312599 ], [ 18.040310134547692, 68.474580620100397 ] ] ] ] } },
{ "type": "Feature", "properties": { "fid": 119804, "navn": null, "hoyde_moh": 461, "arealInnsjo_km2": 0.0058, "magasinKategori": null, "fid_2": 1132, "id": 1132, "left": 17.986919847, "top": 68.946110046000001, "right": 18.486919847, "bottom": 68.446110046000001, "row_index": 11, "col_index": 28, "tile_id": 1132 }, "geometry": { "type": "MultiPolygon", "coordinates": [ [ [ [ 18.053903987690063, 68.456149979438123 ], [ 18.053115044271504, 68.455777588922643 ], [ 18.051210341166936, 68.45559360243773 ], [ 18.050431909644104, 68.4558475021974 ], [ 18.053903860867479, 68.456310062077065 ], [ 18.053903987690063, 68.456149979438123 ] ] ] ] } },
{ "type": "Feature", "properties": { "fid": 123434, "navn": null, "hoyde_moh": 576, "arealInnsjo_km2": 0.0037, "magasinKategori": null, "fid_2": 1132, "id": 1132, "left": 17.986919847, "top": 68.946110046000001, "right": 18.486919847, "bottom": 68.446110046000001, "row_index": 11, "col_index": 28, "tile_id": 1132 }, "geometry": { "type": "MultiPolygon", "coordinates": [ [ [ [ 18.067338697955563, 68.817894536088957 ], [ 18.067276054404825, 68.817441114505911 ], [ 18.067074563275799, 68.81719552753151 ], [ 18.066296053352584, 68.817441582810872 ], [ 18.066295478981672, 68.818177964051074 ], [ 18.066854510335414, 68.818184922947594 ], [ 18.067338697955563, 68.817894536088957 ] ] ] ] } },
{ "type": "Feature", "properties": { "fid": 123435, "navn": null, "hoyde_moh": 287, "arealInnsjo_km2": 0.0052, "magasinKategori": null, "fid_2": 1132, "id": 1132, "left": 17.986919847, "top": 68.946110046000001, "right": 18.486919847, "bottom": 68.446110046000001, "row_index": 11, "col_index": 28, "tile_id": 1132 }, "geometry": { "type": "MultiPolygon", "coordinates": [ [ [ [ 18.296901959754056, 68.828470354493888 ], [ 18.296842748841744, 68.828197272725902 ], [ 18.294552927249999, 68.827867547997116 ], [ 18.294127531959877, 68.827998819739577 ], [ 18.294890635621218, 68.828487308351058 ], [ 18.296548443951252, 68.828580481875051 ], [ 18.296901959754056, 68.828470354493888 ] ] ] ] } },
{ "type": "Feature", "properties": { "fid": 123449, "navn": null, "hoyde_moh": 483, "arealInnsjo_km2": 0.0037, "magasinKategori": null, "fid_2": 1132, "id": 1132, "left": 17.986919847, "top": 68.946110046000001, "right": 18.486919847, "bottom": 68.446110046000001, "row_index": 11, "col_index": 28, "tile_id": 1132 }, "geometry": { "type": "MultiPolygon", "coordinates": [ [ [ [ 18.225922247254385, 68.860154061189576 ], [ 18.225696911296957, 68.859880977862844 ], [ 18.224937026967943, 68.8596198314209 ], [ 18.224470094057558, 68.85971524535303 ], [ 18.224603219846824, 68.860012885555477 ], [ 18.224481413677392, 68.86032101790218 ], [ 18.225782770335396, 68.860373189729032 ], [ 18.225922247254385, 68.860154061189576 ] ] ] ] } },
{ "type": "Feature", "properties": { "fid": 123544, "navn": null, "hoyde_moh": 392, "arealInnsjo_km2": 0.0062, "magasinKategori": null, "fid_2": 1132, "id": 1132, "left": 17.986919847, "top": 68.946110046000001, "right": 18.486919847, "bottom": 68.446110046000001, "row_index": 11, "col_index": 28, "tile_id": 1132 }, "geometry": { "type": "MultiPolygon", "coordinates": [ [ [ [ 18.465068084184725, 68.862712203095043 ], [ 18.464783432996128, 68.862443469741507 ], [ 18.463959793832153, 68.862172788120901 ], [ 18.462910971999836, 68.862285399453938 ], [ 18.462888386686416, 68.862516479658353 ], [ 18.463141526013551, 68.862762059349592 ], [ 18.463873294218619, 68.86306254662486 ], [ 18.464578375263713, 68.863057158770346 ], [ 18.465068084184725, 68.862712203095043 ] ] ] ] } },
{ "type": "Feature", "properties": { "fid": 123599, "navn": null, "hoyde_moh": 881, "arealInnsjo_km2": 0.005, "magasinKategori": null, "fid_2": 1132, "id": 1132, "left": 17.986919847, "top": 68.946110046000001, "right": 18.486919847, "bottom": 68.446110046000001, "row_index": 11, "col_index": 28, "tile_id": 1132 }, "geometry": { "type": "MultiPolygon", "coordinates": [ [ [ [ 18.088502073851686, 68.536800724035061 ], [ 18.089841626624516, 68.536398905136508 ], [ 18.086810820520085, 68.536099818780059 ], [ 18.08779552516836, 68.53657166155493 ], [ 18.087931124301004, 68.536906303192652 ], [ 18.088705526300284, 68.537000789668056 ], [ 18.088502073851686, 68.536800724035061 ] ] ] ] } },
{ "type": "Feature", "properties": { "fid": 123600, "navn": null, "hoyde_moh": 562, "arealInnsjo_km2": 0.003, "magasinKategori": null, "fid_2": 1132, "id": 1132, "left": 17.986919847, "top": 68.946110046000001, "right": 18.486919847, "bottom": 68.446110046000001, "row_index": 11, "col_index": 28, "tile_id": 1132 }, "geometry": { "type": "MultiPolygon", "coordinates": [ [ [ [ 18.057925967222751, 68.523730655650681 ], [ 18.056880239501794, 68.523598421217173 ], [ 18.057791803368435, 68.523547162864205 ], [ 18.057238641669709, 68.523453631086923 ], [ 18.055351931092762, 68.523560616079379 ], [ 18.056788732628682, 68.523868533107049 ], [ 18.057925967222751, 68.523730655650681 ] ] ] ] } },
{ "type": "Feature", "properties": { "fid": 123617, "navn": null, "hoyde_moh": 754, "arealInnsjo_km2": 0.0142, "magasinKategori": null, "fid_2": 1132, "id": 1132, "left": 17.986919847, "top": 68.946110046000001, "right": 18.486919847, "bottom": 68.446110046000001, "row_index": 11, "col_index": 28, "tile_id": 1132 }, "geometry": { "type": "MultiPolygon", "coordinates": [ [ [ [ 18.111323060735021, 68.580491718723195 ], [ 18.110780160888968, 68.580097372212137 ], [ 18.1110731527491, 68.579555853147994 ], [ 18.110289120902163, 68.579578881698822 ], [ 18.107462287713158, 68.580266617515178 ], [ 18.107535170884091, 68.580402909683386 ], [ 18.108809151637203, 68.580791028891795 ], [ 18.109972517721367, 68.580833899830822 ], [ 18.111323060735021, 68.580491718723195 ] ] ] ] } },
{ "type": "Feature", "properties": { "fid": 123618, "navn": null, "hoyde_moh": 1047, "arealInnsjo_km2": 0.004, "magasinKategori": null, "fid_2": 1132, "id": 1132, "left": 17.986919847, "top": 68.946110046000001, "right": 18.486919847, "bottom": 68.446110046000001, "row_index": 11, "col_index": 28, "tile_id": 1132 }, "geometry": { "type": "MultiPolygon", "coordinates": [ [ [ [ 18.150473370085006, 68.587515717674179 ], [ 18.151255357678821, 68.587160962339354 ], [ 18.15095607424319, 68.587003245820014 ], [ 18.149635270889792, 68.587151432420427 ], [ 18.149093158117321, 68.587357762916241 ], [ 18.149046911274947, 68.587527426840381 ], [ 18.149179324745766, 68.587646429512091 ], [ 18.150473370085006, 68.587515717674179 ] ] ] ] } },
{ "type": "Feature", "properties": { "fid": 123640, "navn": null, "hoyde_moh": 441, "arealInnsjo_km2": 0.0027, "magasinKategori": null, "fid_2": 1132, "id": 1132, "left": 17.986919847, "top": 68.946110046000001, "right": 18.486919847, "bottom": 68.446110046000001, "row_index": 11, "col_index": 28, "tile_id": 1132 }, "geometry": { "type": "MultiPolygon", "coordinates": [ [ [ [ 18.257408878880799, 68.870699990080425 ], [ 18.257961105192781, 68.870708268335179 ], [ 18.258745763132598, 68.870283606868952 ], [ 18.258238211669692, 68.870098574198821 ], [ 18.257660564094284, 68.870240466138512 ], [ 18.257589036916375, 68.870435965017379 ], [ 18.257181511119953, 68.870526468304533 ], [ 18.257029181200537, 68.870725938742979 ], [ 18.257390604052915, 68.870854870890724 ], [ 18.257408878880799, 68.870699990080425 ] ] ] ] } },
{ "type": "Feature", "properties": { "fid": 123657, "navn": null, "hoyde_moh": 565, "arealInnsjo_km2": 0.0042, "magasinKategori": null, "fid_2": 1132, "id": 1132, "left": 17.986919847, "top": 68.946110046000001, "right": 18.486919847, "bottom": 68.446110046000001, "row_index": 11, "col_index": 28, "tile_id": 1132 }, "geometry": { "type": "MultiPolygon", "coordinates": [ [ [ [ 18.145156127443006, 68.912465562400769 ], [ 18.143994356083599, 68.91211925371357 ], [ 18.142976517188213, 68.912078149951796 ], [ 18.143218728982578, 68.912145597666608 ], [ 18.143009071535761, 68.91242438315588 ], [ 18.14459685051068, 68.912731501029157 ], [ 18.145156127443006, 68.912465562400769 ] ] ] ] } },
{ "type": "Feature", "properties": { "fid": 123691, "navn": null, "hoyde_moh": 339, "arealInnsjo_km2": 0.0026, "magasinKategori": null, "fid_2": 1132, "id": 1132, "left": 17.986919847, "top": 68.946110046000001, "right": 18.486919847, "bottom": 68.446110046000001, "row_index": 11, "col_index": 28, "tile_id": 1132 }, "geometry": { "type": "MultiPolygon", "coordinates": [ [ [ [ 18.084359408476928, 68.892049508523485 ], [ 18.084602548088302, 68.891667577991441 ], [ 18.083896379147518, 68.891567339793795 ], [ 18.08306618189706, 68.891801261509727 ], [ 18.084000186337942, 68.892100996637282 ], [ 18.084359408476928, 68.892049508523485 ] ] ] ] } },
{ "type": "Feature", "properties": { "fid": 123850, "navn": null, "hoyde_moh": 873, "arealInnsjo_km2": 0.0025, "magasinKategori": null, "fid_2": 1132, "id": 1132, "left": 17.986919847, "top": 68.946110046000001, "right": 18.486919847, "bottom": 68.446110046000001, "row_index": 11, "col_index": 28, "tile_id": 1132 }, "geometry": { "type": "MultiPolygon", "coordinates": [ [ [ [ 18.136985403882452, 68.645974512029269 ], [ 18.135716324852151, 68.645458148290246 ], [ 18.135365783591137, 68.645424801920029 ], [ 18.135160586570464, 68.64568360668784 ], [ 18.13675230108268, 68.646076175347289 ], [ 18.136985403882452, 68.645974512029269 ] ] ] ] } },
{ "type": "Feature", "properties": { "fid": 124103, "navn": null, "hoyde_moh": 510, "arealInnsjo_km2": 0.0186, "magasinKategori": null, "fid_2": 1132, "id": 1132, "left": 17.986919847, "top": 68.946110046000001, "right": 18.486919847, "bottom": 68.446110046000001, "row_index": 11, "col_index": 28, "tile_id": 1132 }, "geometry": { "type": "MultiPolygon", "coordinates": [ [ [ [ 18.365737451302618, 68.706513525765857 ], [ 18.367116260460769, 68.705985694410316 ], [ 18.365443930824881, 68.705813635665933 ], [ 18.362447651750479, 68.706282856511336 ], [ 18.360112021881491, 68.706345746214737 ], [ 18.359715762124036, 68.706554415961008 ], [ 18.359257197475735, 68.706575654894763 ], [ 18.359114462746028, 68.706418469851826 ], [ 18.358346109626421, 68.706574546110247 ], [ 18.359114603750978, 68.706813493987966 ], [ 18.36079623271235, 68.706679574186012 ], [ 18.362294667167614, 68.706814011127975 ], [ 18.365737451302618, 68.706513525765857 ] ] ] ] } },
{ "type": "Feature", "properties": { "fid": 127519, "navn": null, "hoyde_moh": 517, "arealInnsjo_km2": 0.004, "magasinKategori": null, "fid_2": 1132, "id": 1132, "left": 17.986919847, "top": 68.946110046000001, "right": 18.486919847, "bottom": 68.446110046000001, "row_index": 11, "col_index": 28, "tile_id": 1132 }, "geometry": { "type": "MultiPolygon", "coordinates": [ [ [ [ 18.087043028821121, 68.463514761585117 ], [ 18.086713288162127, 68.463343965836074 ], [ 18.084423311653648, 68.463047493020028 ], [ 18.085770257693618, 68.463567306697115 ], [ 18.086814498419969, 68.46374881932303 ], [ 18.087043028821121, 68.463514761585117 ] ] ] ] } },
{ "type": "Feature", "properties": { "fid": 127520, "navn": null, "hoyde_moh": 560, "arealInnsjo_km2": 0.0086, "magasinKategori": null, "fid_2": 1132, "id": 1132, "left": 17.986919847, "top": 68.946110046000001, "right": 18.486919847, "bottom": 68.446110046000001, "row_index": 11, "col_index": 28, "tile_id": 1132 }, "geometry": { "type": "MultiPolygon", "coordinates": [ [ [ [ 18.088115316207766, 68.469163203678988 ], [ 18.088546591931237, 68.46910506364587 ], [ 18.08827876958993, 68.468815691205464 ], [ 18.087882234394783, 68.468687966994523 ], [ 18.087835448601872, 68.468488612357064 ], [ 18.087277581353192, 68.468398247759978 ], [ 18.087547202052157, 68.468253575321171 ], [ 18.087507681374159, 68.468148538893658 ], [ 18.086718756722455, 68.468282939238094 ], [ 18.08527197184053, 68.468135144123366 ], [ 18.085354568420364, 68.468419762134161 ], [ 18.085951136494586, 68.468521540815004 ], [ 18.085940911490646, 68.468767107003544 ], [ 18.087431464410876, 68.469063220597178 ], [ 18.087639678412291, 68.469324244005364 ], [ 18.087998808725331, 68.469349856417367 ], [ 18.088115316207766, 68.469163203678988 ] ] ] ] } },
{ "type": "Feature", "properties": { "fid": 127521, "navn": null, "hoyde_moh": 441, "arealInnsjo_km2": 0.0041, "magasinKategori": null, "fid_2": 1132, "id": 1132, "left": 17.986919847, "top": 68.946110046000001, "right": 18.486919847, "bottom": 68.446110046000001, "row_index": 11, "col_index": 28, "tile_id": 1132 }, "geometry": { "type": "MultiPolygon", "coordinates": [ [ [ [ 18.01026971991482, 68.471986500450626 ], [ 18.007429132864488, 68.472122444685624 ], [ 18.008773057290817, 68.472526469489537 ], [ 18.009148954204974, 68.472531569455967 ], [ 18.01026971991482, 68.471986500450626 ] ] ] ] } },
{ "type": "Feature", "properties": { "fid": 127522, "navn": null, "hoyde_moh": 446, "arealInnsjo_km2": 0.0062, "magasinKategori": null, "fid_2": 1132, "id": 1132, "left": 17.986919847, "top": 68.946110046000001, "right": 18.486919847, "bottom": 68.446110046000001, "row_index": 11, "col_index": 28, "tile_id": 1132 }, "geometry": { "type": "MultiPolygon", "coordinates": [ [ [ [ 18.014394670187951, 68.473526649684402 ], [ 18.014473059863469, 68.473326289265088 ], [ 18.013994669759146, 68.472704917080421 ], [ 18.012954422868436, 68.472936761983092 ], [ 18.012479095718902, 68.473487842329391 ], [ 18.012930945223289, 68.473679295981469 ], [ 18.014394670187951, 68.473526649684402 ] ] ] ] } },
{ "type": "Feature", "properties": { "fid": 127523, "navn": null, "hoyde_moh": 685, "arealInnsjo_km2": 0.0104, "magasinKategori": null, "fid_2": 1132, "id": 1132, "left": 17.986919847, "top": 68.946110046000001, "right": 18.486919847, "bottom": 68.446110046000001, "row_index": 11, "col_index": 28, "tile_id": 1132 }, "geometry": { "type": "MultiPolygon", "coordinates": [ [ [ [ 18.06457737304218, 68.478842645345054 ], [ 18.063680828374533, 68.478367392909448 ], [ 18.06132198157551, 68.478441207022939 ], [ 18.061102695510893, 68.478746520298287 ], [ 18.061525084178708, 68.479064891379281 ], [ 18.062396718285413, 68.478995724568946 ], [ 18.063273325432618, 68.479338381348086 ], [ 18.0638655591668, 68.479311304147345 ], [ 18.06457737304218, 68.478842645345054 ] ], [ [ 18.06244887128096, 68.478694990077699 ], [ 18.062359682878302, 68.47852405934843 ], [ 18.062699820750595, 68.478511558454272 ], [ 18.063095508705828, 68.478744672194964 ], [ 18.062812982719908, 68.478852097646651 ], [ 18.06244887128096, 68.478694990077699 ] ] ] ] } },
{ "type": "Feature", "properties": { "fid": 127524, "navn": null, "hoyde_moh": 518, "arealInnsjo_km2": 0.0032, "magasinKategori": null, "fid_2": 1132, "id": 1132, "left": 17.986919847, "top": 68.946110046000001, "right": 18.486919847, "bottom": 68.446110046000001, "row_index": 11, "col_index": 28, "tile_id": 1132 }, "geometry": { "type": "MultiPolygon", "coordinates": [ [ [ [ 18.058702372477747, 68.498461474123914 ], [ 18.057810050118338, 68.497980717102948 ], [ 18.057581032508889, 68.498721728358461 ], [ 18.058071153241485, 68.498905372789693 ], [ 18.058702372477747, 68.498461474123914 ] ] ] ] } },
{ "type": "Feature", "properties": { "fid": 127568, "navn": null, "hoyde_moh": 602, "arealInnsjo_km2": 0.0041, "magasinKategori": null, "fid_2": 1132, "id": 1132, "left": 17.986919847, "top": 68.946110046000001, "right": 18.486919847, "bottom": 68.446110046000001, "row_index": 11, "col_index": 28, "tile_id": 1132 }, "geometry": { "type": "MultiPolygon", "coordinates": [ [ [ [ 18.012363505814207, 68.452399695264702 ], [ 18.011850043272879, 68.452261336693923 ], [ 18.011978652546915, 68.452033139139971 ], [ 18.009704042498051, 68.452011560174 ], [ 18.0097657248091, 68.452295319420983 ], [ 18.012329165497885, 68.452561825493063 ], [ 18.012363505814207, 68.452399695264702 ] ] ] ] } },
{ "type": "Feature", "properties": { "fid": 127569, "navn": null, "hoyde_moh": 517, "arealInnsjo_km2": 0.0207, "magasinKategori": null, "fid_2": 1132, "id": 1132, "left": 17.986919847, "top": 68.946110046000001, "right": 18.486919847, "bottom": 68.446110046000001, "row_index": 11, "col_index": 28, "tile_id": 1132 }, "geometry": { "type": "MultiPolygon", "coordinates": [ [ [ [ 18.006813979356501, 68.46347075785998 ], [ 18.006519806849582, 68.463064763306662 ], [ 18.006574809533902, 68.462844447002311 ], [ 18.005546368030377, 68.462465546335309 ], [ 18.004396116668737, 68.462361212718818 ], [ 18.003038991614652, 68.462500199214091 ], [ 18.001726703679822, 68.462318131885823 ], [ 18.001424109697659, 68.462525286606763 ], [ 18.003032979421814, 68.463338028477168 ], [ 18.006587999591442, 68.463643777779524 ], [ 18.006813979356501, 68.46347075785998 ] ] ] ] } },
{ "type": "Feature", "properties": { "fid": 132751, "navn": null, "hoyde_moh": 897, "arealInnsjo_km2": 0.0043, "magasinKategori": null, "fid_2": 1132, "id": 1132, "left": 17.986919847, "top": 68.946110046000001, "right": 18.486919847, "bottom": 68.446110046000001, "row_index": 11, "col_index": 28, "tile_id": 1132 }, "geometry": { "type": "MultiPolygon", "coordinates": [ [ [ [ 17.98826654049941, 68.546674230934556 ], [ 17.98872455165829, 68.546261460139164 ], [ 17.98719360135231, 68.54626570421425 ], [ 17.986919847, 68.546408998245866 ], [ 17.986919847, 68.546653062251778 ], [ 17.987380868720049, 68.546921156093518 ], [ 17.98826654049941, 68.546674230934556 ] ] ] ] } },
{ "type": "Feature", "properties": { "fid": 134869, "navn": null, "hoyde_moh": 574, "arealInnsjo_km2": 0.0033, "magasinKategori": null, "fid_2": 1132, "id": 1132, "left": 17.986919847, "top": 68.946110046000001, "right": 18.486919847, "bottom": 68.446110046000001, "row_index": 11, "col_index": 28, "tile_id": 1132 }, "geometry": { "type": "MultiPolygon", "coordinates": [ [ [ [ 18.102368017085805, 68.80739485810463 ], [ 18.102075225125645, 68.806488747105021 ], [ 18.101237838137269, 68.806348643086039 ], [ 18.100879385992734, 68.806509259994286 ], [ 18.100922874930003, 68.806660824677181 ], [ 18.101696361470445, 68.806892329191598 ], [ 18.102045054703652, 68.807244632513104 ], [ 18.102017028592559, 68.807468611642491 ], [ 18.102368017085805, 68.80739485810463 ] ] ] ] } },
{ "type": "Feature", "properties": { "fid": 134906, "navn": null, "hoyde_moh": 566, "arealInnsjo_km2": 0.0031, "magasinKategori": null, "fid_2": 1132, "id": 1132, "left": 17.986919847, "top": 68.946110046000001, "right": 18.486919847, "bottom": 68.446110046000001, "row_index": 11, "col_index": 28, "tile_id": 1132 }, "geometry": { "type": "MultiPolygon", "coordinates": [ [ [ [ 18.075721064091425, 68.46896673714042 ], [ 18.075773089871532, 68.468731179714808 ], [ 18.075037109878988, 68.468590624645671 ], [ 18.074459800504258, 68.468843903742425 ], [ 18.07348085100373, 68.468877490097086 ], [ 18.075406777818156, 68.469130435129856 ], [ 18.075721064091425, 68.46896673714042 ] ] ] ] } },
{ "type": "Feature", "properties": { "fid": 134907, "navn": null, "hoyde_moh": 657, "arealInnsjo_km2": 0.0058, "magasinKategori": null, "fid_2": 1132, "id": 1132, "left": 17.986919847, "top": 68.946110046000001, "right": 18.486919847, "bottom": 68.446110046000001, "row_index": 11, "col_index": 28, "tile_id": 1132 }, "geometry": { "type": "MultiPolygon", "coordinates": [ [ [ [ 18.074750498386948, 68.474299595434459 ], [ 18.072601608590741, 68.47408394477597 ], [ 18.074450430845769, 68.474755271622868 ], [ 18.075547906465001, 68.474766194903339 ], [ 18.075991005200034, 68.475074095826216 ], [ 18.076853808223973, 68.475128194743306 ], [ 18.074750498386948, 68.474299595434459 ] ] ] ] } },
{ "type": "Feature", "properties": { "fid": 134908, "navn": null, "hoyde_moh": 693, "arealInnsjo_km2": 0.0048, "magasinKategori": null, "fid_2": 1132, "id": 1132, "left": 17.986919847, "top": 68.946110046000001, "right": 18.486919847, "bottom": 68.446110046000001, "row_index": 11, "col_index": 28, "tile_id": 1132 }, "geometry": { "type": "MultiPolygon", "coordinates": [ [ [ [ 18.062216951418716, 68.480427796785435 ], [ 18.062332629074959, 68.480242079314976 ], [ 18.06192955653427, 68.480140449152572 ], [ 18.060355491208913, 68.48048155145203 ], [ 18.059601189585461, 68.480364871438908 ], [ 18.05998086195196, 68.480835398180801 ], [ 18.060859808310472, 68.480844935307189 ], [ 18.062216951418716, 68.480427796785435 ] ] ] ] } },
{ "type": "Feature", "properties": { "fid": 135288, "navn": null, "hoyde_moh": 853, "arealInnsjo_km2": 0.0033, "magasinKategori": null, "fid_2": 1132, "id": 1132, "left": 17.986919847, "top": 68.946110046000001, "right": 18.486919847, "bottom": 68.446110046000001, "row_index": 11, "col_index": 28, "tile_id": 1132 }, "geometry": { "type": "MultiPolygon", "coordinates": [ [ [ [ 18.062746027737543, 68.767268622711214 ], [ 18.062009755600915, 68.766747114749435 ], [ 18.062444435034241, 68.766406893723641 ], [ 18.061649057219512, 68.766344957248577 ], [ 18.061511228833382, 68.766578181442938 ], [ 18.061613834964554, 68.767192753417504 ], [ 18.062746027737543, 68.767268622711214 ] ] ] ] } },
{ "type": "Feature", "properties": { "fid": 135392, "navn": null, "hoyde_moh": 804, "arealInnsjo_km2": 0.0032, "magasinKategori": null, "fid_2": 1132, "id": 1132, "left": 17.986919847, "top": 68.946110046000001, "right": 18.486919847, "bottom": 68.446110046000001, "row_index": 11, "col_index": 28, "tile_id": 1132 }, "geometry": { "type": "MultiPolygon", "coordinates": [ [ [ [ 18.045812933741914, 68.760648282938632 ], [ 18.045583461102467, 68.760342762938023 ], [ 18.044807541011306, 68.760308861319587 ], [ 18.044394863341601, 68.760533992349451 ], [ 18.04463449696313, 68.760798032966363 ], [ 18.045480122419097, 68.760997490909503 ], [ 18.045812933741914, 68.760648282938632 ] ] ] ] } },
{ "type": "Feature", "properties": { "fid": 135509, "navn": null, "hoyde_moh": 525, "arealInnsjo_km2": 0.0054, "magasinKategori": null, "fid_2": 1132, "id": 1132, "left": 17.986919847, "top": 68.946110046000001, "right": 18.486919847, "bottom": 68.446110046000001, "row_index": 11, "col_index": 28, "tile_id": 1132 }, "geometry": { "type": "MultiPolygon", "coordinates": [ [ [ [ 17.998029869721545, 68.464412523567049 ], [ 17.998753043679848, 68.464319585469994 ], [ 17.99873715467103, 68.464166618814346 ], [ 17.998141371892665, 68.463968999459937 ], [ 17.998092282489569, 68.463705661476723 ], [ 17.997302463458546, 68.463773125575699 ], [ 17.996549911036613, 68.463520758647022 ], [ 17.99642433531805, 68.463602009841551 ], [ 17.996524453911675, 68.463863357747144 ], [ 17.995728459031504, 68.464039196869322 ], [ 17.998029869721545, 68.464412523567049 ] ] ] ] } },
{ "type": "Feature", "properties": { "fid": 135536, "navn": null, "hoyde_moh": 523, "arealInnsjo_km2": 0.0126, "magasinKategori": null, "fid_2": 1132, "id": 1132, "left": 17.986919847, "top": 68.946110046000001, "right": 18.486919847, "bottom": 68.446110046000001, "row_index": 11, "col_index": 28, "tile_id": 1132 }, "geometry": { "type": "MultiPolygon", "coordinates": [ [ [ [ 18.076088057362991, 68.498789458297182 ], [ 18.07635910799247, 68.498490538410749 ], [ 18.076929627805178, 68.498237748535075 ], [ 18.076718309561276, 68.497965813740251 ], [ 18.07703308122068, 68.497813603028362 ], [ 18.076816958003839, 68.497581799568138 ], [ 18.076032668659174, 68.497749177023877 ], [ 18.076164027624412, 68.497948059814121 ], [ 18.076011258298106, 68.498044594994809 ], [ 18.075804417141718, 68.497995776345661 ], [ 18.075694743570935, 68.497533971659138 ], [ 18.075488274494766, 68.497466291561096 ], [ 18.074774096769652, 68.497704652037996 ], [ 18.073958760406452, 68.497619043366186 ], [ 18.073526070044558, 68.497919036223351 ], [ 18.073485982616521, 68.498052379433318 ], [ 18.073746357375477, 68.498192426126792 ], [ 18.074123008559575, 68.498217664158204 ], [ 18.073667774935366, 68.498418681415203 ], [ 18.073740902696695, 68.498527952930715 ], [ 18.07417851286602, 68.498605404338733 ], [ 18.07425647086826, 68.498347646579802 ], [ 18.074892698308979, 68.498187212641511 ], [ 18.075520115275246, 68.498527923806108 ], [ 18.0758052942614, 68.499036608395713 ], [ 18.076212844691604, 68.49916272948083 ], [ 18.076088057362991, 68.498789458297182 ] ] ] ] } },
{ "type": "Feature", "properties": { "fid": 140703, "navn": null, "hoyde_moh": 809, "arealInnsjo_km2": 0.0101, "magasinKategori": null, "fid_2": 1132, "id": 1132, "left": 17.986919847, "top": 68.946110046000001, "right": 18.486919847, "bottom": 68.446110046000001, "row_index": 11, "col_index": 28, "tile_id": 1132 }, "geometry": { "type": "MultiPolygon", "coordinates": [ [ [ [ 17.996113591991996, 68.537027784522152 ], [ 17.99716479623077, 68.536915749930273 ], [ 17.998722956670797, 68.536999081041245 ], [ 17.999119666158787, 68.536876274232739 ], [ 17.99779506135306, 68.536554818296949 ], [ 17.996389605051501, 68.536581694630343 ], [ 17.994479024020528, 68.536694146096664 ], [ 17.993964596468132, 68.536979023104166 ], [ 17.994950955573543, 68.53727897911952 ], [ 17.996405383270954, 68.537341647601338 ], [ 17.996113591991996, 68.537027784522152 ] ] ] ] } },
{ "type": "Feature", "properties": { "fid": 141771, "navn": null, "hoyde_moh": 632, "arealInnsjo_km2": 0.0039, "magasinKategori": null, "fid_2": 1132, "id": 1132, "left": 17.986919847, "top": 68.946110046000001, "right": 18.486919847, "bottom": 68.446110046000001, "row_index": 11, "col_index": 28, "tile_id": 1132 }, "geometry": { "type": "MultiPolygon", "coordinates": [ [ [ [ 18.048241706886767, 68.492255504673778 ], [ 18.047543772809878, 68.492085757559863 ], [ 18.047524005966636, 68.491854123309579 ], [ 18.046896268588288, 68.491720356816089 ], [ 18.046008868144721, 68.491952224164905 ], [ 18.046242821480377, 68.492170270673881 ], [ 18.047412223786321, 68.492432547669637 ], [ 18.048241706886767, 68.492255504673778 ] ] ] ] } },
{ "type": "Feature", "properties": { "fid": 141772, "navn": null, "hoyde_moh": 621, "arealInnsjo_km2": 0.0051, "magasinKategori": null, "fid_2": 1132, "id": 1132, "left": 17.986919847, "top": 68.946110046000001, "right": 18.486919847, "bottom": 68.446110046000001, "row_index": 11, "col_index": 28, "tile_id": 1132 }, "geometry": { "type": "MultiPolygon", "coordinates": [ [ [ [ 18.116717407469192, 68.493181720810597 ], [ 18.11818985384533, 68.492979351465735 ], [ 18.117922484272167, 68.492834562246728 ], [ 18.117272452479124, 68.492929072104474 ], [ 18.115745431996078, 68.492736046783961 ], [ 18.115027039574265, 68.493076392396802 ], [ 18.113871581087803, 68.493267459489431 ], [ 18.116717407469192, 68.493181720810597 ] ] ] ] } },
{ "type": "Feature", "properties": { "fid": 141773, "navn": null, "hoyde_moh": 601, "arealInnsjo_km2": 0.0026, "magasinKategori": null, "fid_2": 1132, "id": 1132, "left": 17.986919847, "top": 68.946110046000001, "right": 18.486919847, "bottom": 68.446110046000001, "row_index": 11, "col_index": 28, "tile_id": 1132 }, "geometry": { "type": "MultiPolygon", "coordinates": [ [ [ [ 18.038116462164872, 68.495428512820737 ], [ 18.037480592933598, 68.495170961188407 ], [ 18.037292618500619, 68.494874141346699 ], [ 18.036985100272677, 68.494927294740251 ], [ 18.036593532143204, 68.495326994538473 ], [ 18.038292114355198, 68.495651845689324 ], [ 18.038116462164872, 68.495428512820737 ] ] ] ] } },
{ "type": "Feature", "properties": { "fid": 141774, "navn": null, "hoyde_moh": 575, "arealInnsjo_km2": 0.006, "magasinKategori": null, "fid_2": 1132, "id": 1132, "left": 17.986919847, "top": 68.946110046000001, "right": 18.486919847, "bottom": 68.446110046000001, "row_index": 11, "col_index": 28, "tile_id": 1132 }, "geometry": { "type": "MultiPolygon", "coordinates": [ [ [ [ 18.018580174502606, 68.496416514945892 ], [ 18.018660907682474, 68.49620228546145 ], [ 18.014990035932048, 68.496355141396947 ], [ 18.015688300708327, 68.496766431480651 ], [ 18.01621781286882, 68.496551943274667 ], [ 18.017130891454229, 68.496461091077407 ], [ 18.016769288631739, 68.496758210842543 ], [ 18.018580174502606, 68.496416514945892 ] ] ] ] } },
{ "type": "Feature", "properties": { "fid": 141779, "navn": null, "hoyde_moh": 780, "arealInnsjo_km2": 0.0078, "magasinKategori": null, "fid_2": 1132, "id": 1132, "left": 17.986919847, "top": 68.946110046000001, "right": 18.486919847, "bottom": 68.446110046000001, "row_index": 11, "col_index": 28, "tile_id": 1132 }, "geometry": { "type": "MultiPolygon", "coordinates": [ [ [ [ 17.999890873114584, 68.540852304067201 ], [ 17.999762746416955, 68.540333972476503 ], [ 17.998192739448555, 68.540342072803526 ], [ 17.997126610644333, 68.540781616196682 ], [ 17.997782846790752, 68.540872880565658 ], [ 17.998241309678075, 68.541134209763158 ], [ 17.999252049933379, 68.541118320580793 ], [ 17.999890873114584, 68.540852304067201 ] ] ] ] } },
{ "type": "Feature", "properties": { "fid": 142467, "navn": null, "hoyde_moh": 465, "arealInnsjo_km2": 0.0027, "magasinKategori": null, "fid_2": 1132, "id": 1132, "left": 17.986919847, "top": 68.946110046000001, "right": 18.486919847, "bottom": 68.446110046000001, "row_index": 11, "col_index": 28, "tile_id": 1132 }, "geometry": { "type": "MultiPolygon", "coordinates": [ [ [ [ 18.037035284669329, 68.451373518000338 ], [ 18.036110293040192, 68.45099212000774 ], [ 18.035298612155547, 68.45100549209613 ], [ 18.035624919950191, 68.45128426897044 ], [ 18.036481729722773, 68.451541572910088 ], [ 18.037035284669329, 68.451373518000338 ] ] ] ] } },
{ "type": "Feature", "properties": { "fid": 142514, "navn": null, "hoyde_moh": 680, "arealInnsjo_km2": 0.0064, "magasinKategori": null, "fid_2": 1132, "id": 1132, "left": 17.986919847, "top": 68.946110046000001, "right": 18.486919847, "bottom": 68.446110046000001, "row_index": 11, "col_index": 28, "tile_id": 1132 }, "geometry": { "type": "MultiPolygon", "coordinates": [ [ [ [ 18.077409522071594, 68.452552061485918 ], [ 18.077178561529767, 68.452279775547098 ], [ 18.076775133287846, 68.452078983988827 ], [ 18.075331146576211, 68.451880700330321 ], [ 18.074777858608577, 68.452005695619221 ], [ 18.075580376487874, 68.452526508401121 ], [ 18.077323827440161, 68.4526923513274 ], [ 18.077409522071594, 68.452552061485918 ] ] ] ] } },
{ "type": "Feature", "properties": { "fid": 142653, "navn": null, "hoyde_moh": 469, "arealInnsjo_km2": 0.0097, "magasinKategori": null, "fid_2": 1132, "id": 1132, "left": 17.986919847, "top": 68.946110046000001, "right": 18.486919847, "bottom": 68.446110046000001, "row_index": 11, "col_index": 28, "tile_id": 1132 }, "geometry": { "type": "MultiPolygon", "coordinates": [ [ [ [ 18.042582404476548, 68.449747776302601 ], [ 18.042304792495973, 68.449482940804685 ], [ 18.043054804405092, 68.449084058616748 ], [ 18.042777892600206, 68.448720901190811 ], [ 18.042238079006161, 68.44849090832092 ], [ 18.041199223144201, 68.448613841669669 ], [ 18.041350607002347, 68.449071576652884 ], [ 18.041084505107634, 68.449348267228231 ], [ 18.041175762505549, 68.449834657352753 ], [ 18.042557027252158, 68.449951321737956 ], [ 18.042582404476548, 68.449747776302601 ] ] ] ] } },
{ "type": "Feature", "properties": { "fid": 156108, "navn": null, "hoyde_moh": 566, "arealInnsjo_km2": 0.0046, "magasinKategori": null, "fid_2": 1132, "id": 1132, "left": 17.986919847, "top": 68.946110046000001, "right": 18.486919847, "bottom": 68.446110046000001, "row_index": 11, "col_index": 28, "tile_id": 1132 }, "geometry": { "type": "MultiPolygon", "coordinates": [ [ [ [ 17.986976430842564, 68.448713839528025 ], [ 17.986919847, 68.44868861403279 ], [ 17.986919847, 68.448714839492368 ], [ 17.986976430842564, 68.448713839528025 ] ] ] ] } },
{ "type": "Feature", "properties": { "fid": 156475, "navn": "Urdalsvatnet", "hoyde_moh": 419, "arealInnsjo_km2": 0.0198, "magasinKategori": null, "fid_2": 1132, "id": 1132, "left": 17.986919847, "top": 68.946110046000001, "right": 18.486919847, "bottom": 68.446110046000001, "row_index": 11, "col_index": 28, "tile_id": 1132 }, "geometry": { "type": "MultiPolygon", "coordinates": [ [ [ [ 17.999428054939973, 68.474253919187248 ], [ 18.000948701662608, 68.473829512771829 ], [ 17.999611653498256, 68.47330733477736 ], [ 17.998221967545781, 68.473405018139701 ], [ 17.997129072789249, 68.473674423090273 ], [ 17.996262301500078, 68.474093386906318 ], [ 17.993492663580213, 68.474734166825698 ], [ 17.999428054939973, 68.474253919187248 ] ] ] ] } },
{ "type": "Feature", "properties": { "fid": 156579, "navn": null, "hoyde_moh": 581, "arealInnsjo_km2": 0.0045, "magasinKategori": null, "fid_2": 1132, "id": 1132, "left": 17.986919847, "top": 68.946110046000001, "right": 18.486919847, "bottom": 68.446110046000001, "row_index": 11, "col_index": 28, "tile_id": 1132 }, "geometry": { "type": "MultiPolygon", "coordinates": [ [ [ [ 17.994902679063596, 68.458846939635308 ], [ 17.99443809032045, 68.458529982741112 ], [ 17.994542283080058, 68.458392555021987 ], [ 17.994287106613111, 68.458173750771152 ], [ 17.993670346203988, 68.458319983314752 ], [ 17.993928827540302, 68.458643140935934 ], [ 17.993200549422045, 68.458594751955403 ], [ 17.992743718790237, 68.458794053639082 ], [ 17.994352545288624, 68.459046298473112 ], [ 17.994902679063596, 68.458846939635308 ] ] ] ] } },
{ "type": "Feature", "properties": { "fid": 156616, "navn": null, "hoyde_moh": 500, "arealInnsjo_km2": 0.0088, "magasinKategori": null, "fid_2": 1132, "id": 1132, "left": 17.986919847, "top": 68.946110046000001, "right": 18.486919847, "bottom": 68.446110046000001, "row_index": 11, "col_index": 28, "tile_id": 1132 }, "geometry": { "type": "MultiPolygon", "coordinates": [ [ [ [ 17.990005843172774, 68.472224658412742 ], [ 17.989698763622677, 68.472198267299092 ], [ 17.988704036585219, 68.471341492964768 ], [ 17.989191088651744, 68.471172640879246 ], [ 17.988880355785394, 68.471029782606578 ], [ 17.99008520156962, 68.470928830584967 ], [ 17.987019442440264, 68.470692190950572 ], [ 17.987635824793244, 68.471376076713668 ], [ 17.987985660114205, 68.471420921233559 ], [ 17.987908630930615, 68.471561180541215 ], [ 17.989185147349772, 68.472005611979228 ], [ 17.989941509760083, 68.472446030598562 ], [ 17.990005843172774, 68.472224658412742 ] ] ] ] } },
{ "type": "Feature", "properties": { "fid": 159203, "navn": "Nedvatnet", "hoyde_moh": 217, "arealInnsjo_km2": 0.0141, "magasinKategori": null, "fid_2": 1132, "id": 1132, "left": 17.986919847, "top": 68.946110046000001, "right": 18.486919847, "bottom": 68.446110046000001, "row_index": 11, "col_index": 28, "tile_id": 1132 }, "geometry": { "type": "MultiPolygon", "coordinates": [ [ [ [ 18.073022580219007, 68.908149053798226 ], [ 18.073358509444542, 68.907592915916808 ], [ 18.071911496006763, 68.90734133203631 ], [ 18.070980921924114, 68.906960301519817 ], [ 18.069958026682844, 68.907138098758352 ], [ 18.069596169508657, 68.907386125756588 ], [ 18.070097868548476, 68.90790426586041 ], [ 18.071511327584808, 68.908269412503557 ], [ 18.073022580219007, 68.908149053798226 ] ] ] ] } },
{ "type": "Feature", "properties": { "fid": 159204, "navn": null, "hoyde_moh": 845, "arealInnsjo_km2": 0.0072, "magasinKategori": null, "fid_2": 1132, "id": 1132, "left": 17.986919847, "top": 68.946110046000001, "right": 18.486919847, "bottom": 68.446110046000001, "row_index": 11, "col_index": 28, "tile_id": 1132 }, "geometry": { "type": "MultiPolygon", "coordinates": [ [ [ [ 18.328153094073105, 68.917627895302502 ], [ 18.327625916804987, 68.916431788447341 ], [ 18.326377108884795, 68.916684795975044 ], [ 18.326796121093576, 68.917476243823529 ], [ 18.327194566378829, 68.917689000895777 ], [ 18.328153094073105, 68.917627895302502 ] ] ] ] } },
{ "type": "Feature", "properties": { "fid": 159205, "navn": "Skofjellvatnan", "hoyde_moh": 627, "arealInnsjo_km2": 0.1135, "magasinKategori": null, "fid_2": 1132, "id": 1132, "left": 17.986919847, "top": 68.946110046000001, "right": 18.486919847, "bottom": 68.446110046000001, "row_index": 11, "col_index": 28, "tile_id": 1132 }, "geometry": { "type": "MultiPolygon", "coordinates": [ [ [ [ 18.226536371134319, 68.932871185739202 ], [ 18.229479537253493, 68.931948545000608 ], [ 18.229292683606246, 68.931341878722648 ], [ 18.229469684193226, 68.93122808517424 ], [ 18.229285992246592, 68.931115378077067 ], [ 18.229419333715917, 68.930962455500975 ], [ 18.229195637786777, 68.930141442570616 ], [ 18.22893554630501, 68.930013032838062 ], [ 18.227708253447815, 68.929983570004495 ], [ 18.2271760061967, 68.929719162760136 ], [ 18.225618082534137, 68.929467611590681 ], [ 18.224215555689174, 68.929393043971388 ], [ 18.221923134285273, 68.929584540580748 ], [ 18.220960719703772, 68.929839500920295 ], [ 18.219981217265062, 68.930340080113297 ], [ 18.220059623539452, 68.930540533134604 ], [ 18.220981354852142, 68.93094009696388 ], [ 18.221389910702921, 68.931851631222742 ], [ 18.222315925408065, 68.932500450847527 ], [ 18.223659940621491, 68.932998329604871 ], [ 18.225228477526006, 68.933069944476529 ], [ 18.226536371134319, 68.932871185739202 ] ] ] ] } },
{ "type": "Feature", "properties": { "fid": 159228, "navn": null, "hoyde_moh": 855, "arealInnsjo_km2": 0.0035, "magasinKategori": null, "fid_2": 1132, "id": 1132, "left": 17.986919847, "top": 68.946110046000001, "right": 18.486919847, "bottom": 68.446110046000001, "row_index": 11, "col_index": 28, "tile_id": 1132 }, "geometry": { "type": "MultiPolygon", "coordinates": [ [ [ [ 18.067534031467424, 68.561537911899691 ], [ 18.065826051605793, 68.561463218781114 ], [ 18.06431940202004, 68.561724211709802 ], [ 18.064623637185775, 68.561837087031677 ], [ 18.066296772313187, 68.56180361328795 ], [ 18.067534031467424, 68.561537911899691 ] ] ] ] } },
{ "type": "Feature", "properties": { "fid": 159405, "navn": null, "hoyde_moh": 1062, "arealInnsjo_km2": 0.0473, "magasinKategori": null, "fid_2": 1132, "id": 1132, "left": 17.986919847, "top": 68.946110046000001, "right": 18.486919847, "bottom": 68.446110046000001, "row_index": 11, "col_index": 28, "tile_id": 1132 }, "geometry": { "type": "MultiPolygon", "coordinates": [ [ [ [ 18.321664765394633, 68.585695555344699 ], [ 18.322994121760807, 68.585052481030175 ], [ 18.321618192018438, 68.584438230953452 ], [ 18.321056448953605, 68.584411337860303 ], [ 18.316716169135027, 68.584764027759604 ], [ 18.315407237788737, 68.585030397021683 ], [ 18.315221791394009, 68.585350586852272 ], [ 18.316168584423586, 68.585746968272673 ], [ 18.316194750487767, 68.585890936218931 ], [ 18.315934508532795, 68.585990712349428 ], [ 18.316313196853638, 68.586295472578001 ], [ 18.319448755491351, 68.586360425677967 ], [ 18.321664765394633, 68.585695555344699 ] ] ] ] } },
{ "type": "Feature", "properties": { "fid": 159406, "navn": null, "hoyde_moh": 803, "arealInnsjo_km2": 0.0964, "magasinKategori": null, "fid_2": 1132, "id": 1132, "left": 17.986919847, "top": 68.946110046000001, "right": 18.486919847, "bottom": 68.446110046000001, "row_index": 11, "col_index": 28, "tile_id": 1132 }, "geometry": { "type": "MultiPolygon", "coordinates": [ [ [ [ 18.172238970845498, 68.604590411107921 ], [ 18.173367390708744, 68.603976097489536 ], [ 18.17215784568474, 68.603659673888743 ], [ 18.17243378393783, 68.603400734305168 ], [ 18.1721758728435, 68.603261754231568 ], [ 18.172455804949003, 68.603137241290753 ], [ 18.172329998971097, 68.602969105064744 ], [ 18.174650001532729, 68.601755795026364 ], [ 18.174416357407395, 68.601412811712308 ], [ 18.175271794114472, 68.601131534748632 ], [ 18.173242846570222, 68.600734681554798 ], [ 18.172299557183401, 68.600724895611322 ], [ 18.170776298856161, 68.601059949875435 ], [ 18.170370398650913, 68.601354376420176 ], [ 18.169715170022656, 68.601262202350682 ], [ 18.169824302887111, 68.601618938588302 ], [ 18.168027609517551, 68.602372675810244 ], [ 18.167916967968022, 68.602625354632977 ], [ 18.168100430926987, 68.603254544627845 ], [ 18.168005830952289, 68.603493722808665 ], [ 18.166868997053587, 68.604410021971674 ], [ 18.166745348322994, 68.604704874972029 ], [ 18.167447376834499, 68.605040941980107 ], [ 18.169836791419566, 68.605519075120625 ], [ 18.172238970845498, 68.604590411107921 ] ] ] ] } },
{ "type": "Feature", "properties": { "fid": 159719, "navn": null, "hoyde_moh": 825, "arealInnsjo_km2": 0.0078, "magasinKategori": null, "fid_2": 1132, "id": 1132, "left": 17.986919847, "top": 68.946110046000001, "right": 18.486919847, "bottom": 68.446110046000001, "row_index": 11, "col_index": 28, "tile_id": 1132 }, "geometry": { "type": "MultiPolygon", "coordinates": [ [ [ [ 18.209597885111602, 68.753642516680614 ], [ 18.210469738993631, 68.753391458030436 ], [ 18.2103593083291, 68.753137114430643 ], [ 18.209929788491028, 68.752901660568327 ], [ 18.207339454751462, 68.753278300779442 ], [ 18.207426312788257, 68.753621893544306 ], [ 18.209597885111602, 68.753642516680614 ] ] ] ] } },
{ "type": "Feature", "properties": { "fid": 159721, "navn": null, "hoyde_moh": 937, "arealInnsjo_km2": 0.0151, "magasinKategori": null, "fid_2": 1132, "id": 1132, "left": 17.986919847, "top": 68.946110046000001, "right": 18.486919847, "bottom": 68.446110046000001, "row_index": 11, "col_index": 28, "tile_id": 1132 }, "geometry": { "type": "MultiPolygon", "coordinates": [ [ [ [ 18.39623627513269, 68.789129834312945 ], [ 18.397158902457619, 68.789193875039018 ], [ 18.397683979833179, 68.788796936809305 ], [ 18.397697039519038, 68.788559509774018 ], [ 18.397448256305918, 68.788435810762365 ], [ 18.396033471915334, 68.788482479276951 ], [ 18.394522814067617, 68.788973146544635 ], [ 18.392577627439731, 68.789216922159568 ], [ 18.391153087553565, 68.789595019545018 ], [ 18.391242904844031, 68.78973510820272 ], [ 18.392321439670091, 68.789730322263665 ], [ 18.39623627513269, 68.789129834312945 ] ] ] ] } },
{ "type": "Feature", "properties": { "fid": 159745, "navn": "Rudnesjávrrit", "hoyde_moh": 739, "arealInnsjo_km2": 0.2204, "magasinKategori": null, "fid_2": 1132, "id": 1132, "left": 17.986919847, "top": 68.946110046000001, "right": 18.486919847, "bottom": 68.446110046000001, "row_index": 11, "col_index": 28, "tile_id": 1132 }, "geometry": { "type": "MultiPolygon", "coordinates": [ [ [ [ 18.101439699105335, 68.655038105238646 ], [ 18.101237387100401, 68.654741141944783 ], [ 18.101351659549987, 68.65470321772078 ], [ 18.103383114717257, 68.654920212179221 ], [ 18.103951608291137, 68.654651357129467 ], [ 18.103864275085449, 68.654240052007168 ], [ 18.105917194406054, 68.653872850740342 ], [ 18.106143972781577, 68.653716941428087 ], [ 18.105159033226045, 68.652990593950463 ], [ 18.105675809622539, 68.65286992835631 ], [ 18.105540006175495, 68.652686757204435 ], [ 18.105959614987665, 68.652537173723701 ], [ 18.105633378181306, 68.652336589712149 ], [ 18.105850445124581, 68.652062794522351 ], [ 18.104644931245296, 68.651595041809244 ], [ 18.105349533398631, 68.651515900695628 ], [ 18.106138968961584, 68.651671772981473 ], [ 18.10677912216126, 68.651527732263986 ], [ 18.107025117742428, 68.651292098917651 ], [ 18.106859842526699, 68.651019059976832 ], [ 18.106993582086204, 68.650782441713361 ], [ 18.107851713326351, 68.650529693505732 ], [ 18.107456297530383, 68.650086177410302 ], [ 18.108632599098687, 68.649665593051552 ], [ 18.107410925107256, 68.648782552193254 ], [ 18.107415994763805, 68.648195814827048 ], [ 18.106549696711358, 68.647920158753678 ], [ 18.104502225501417, 68.647757466198854 ], [ 18.102898166580676, 68.648152583449914 ], [ 18.102006434513129, 68.648573370281184 ], [ 18.100745499418068, 68.64878707745379 ], [ 18.099819571854407, 68.649326185619884 ], [ 18.09984942645848, 68.649648675413857 ], [ 18.100267475920759, 68.649817234968026 ], [ 18.099845022926974, 68.650044070006061 ], [ 18.099897899840162, 68.650267644932129 ], [ 18.099423079460735, 68.650386804037737 ], [ 18.099188372337178, 68.650877200808154 ], [ 18.09888558909017, 68.651064484385898 ], [ 18.098766465137089, 68.652060837027776 ], [ 18.098449785818552, 68.652343724009043 ], [ 18.098524454133948, 68.652564564544932 ], [ 18.099081916153349, 68.652962026538972 ], [ 18.098224236449198, 68.653240755771904 ], [ 18.097890591810302, 68.654035265081106 ], [ 18.097964549044352, 68.654290146516857 ], [ 18.098669587611454, 68.654644318250774 ], [ 18.099441040233462, 68.65458974329681 ], [ 18.101439699105335, 68.655038105238646 ] ], [ [ 18.098884386356268, 68.65336339301308 ], [ 18.099075542276431, 68.653396692028693 ], [ 18.09899411181075, 68.653465345559184 ], [ 18.098884386356268, 68.65336339301308 ] ] ] ] } },
{ "type": "Feature", "properties": { "fid": 159746, "navn": "Tuvvatna", "hoyde_moh": 765, "arealInnsjo_km2": 0.243, "magasinKategori": null, "fid_2": 1132, "id": 1132, "left": 17.986919847, "top": 68.946110046000001, "right": 18.486919847, "bottom": 68.446110046000001, "row_index": 11, "col_index": 28, "tile_id": 1132 }, "geometry": { "type": "MultiPolygon", "coordinates": [ [ [ [ 18.365881149306116, 68.693535226376085 ], [ 18.363497760421357, 68.692609455337291 ], [ 18.363494175391807, 68.692429837618761 ], [ 18.364290935972775, 68.692164146274251 ], [ 18.363791234859967, 68.692003659234089 ], [ 18.362623047004782, 68.692075233044292 ], [ 18.362742719007024, 68.691897561609522 ], [ 18.364398480872644, 68.691250177683514 ], [ 18.364804184702425, 68.689901295297872 ], [ 18.364507116408888, 68.68969914771543 ], [ 18.364259129339768, 68.689919697083994 ], [ 18.364066383963028, 68.689880791875765 ], [ 18.364078607129024, 68.689566788195492 ], [ 18.362667903708228, 68.688557517669494 ], [ 18.362226714854696, 68.688532627189417 ], [ 18.360920947842445, 68.688934070882368 ], [ 18.360128590312279, 68.688957650540928 ], [ 18.360796408844823, 68.68873468005647 ], [ 18.36131474345332, 68.688105555404789 ], [ 18.36210530359142, 68.687678086860998 ], [ 18.361919074599506, 68.687585529296825 ], [ 18.360634037515194, 68.687807678358467 ], [ 18.360578378374672, 68.687654241068543 ], [ 18.36087230737639, 68.687254890077369 ], [ 18.361441604240031, 68.687030464443879 ], [ 18.361058170344965, 68.68693473733255 ], [ 18.356825734590899, 68.687048019967449 ], [ 18.354338850717024, 68.687421970827415 ], [ 18.353983934965385, 68.687919053681 ], [ 18.353419936373189, 68.688098807004181 ], [ 18.353421163288306, 68.688296160850385 ], [ 18.353893825214953, 68.688680543154177 ], [ 18.353596508405158, 68.688900348794704 ], [ 18.354450383098044, 68.689398388120154 ], [ 18.353104203526787, 68.689099061256925 ], [ 18.352555789538226, 68.689144342016704 ], [ 18.352167426766304, 68.689506128268476 ], [ 18.352284889981629, 68.689974792018489 ], [ 18.351848510269651, 68.690533381639014 ], [ 18.352041056368922, 68.69140707496193 ], [ 18.352512514972002, 68.691593928007947 ], [ 18.355847798102481, 68.691978303559054 ], [ 18.360092070310948, 68.691981834474859 ], [ 18.361517195244762, 68.692452851987611 ], [ 18.361935474154198, 68.69288122199579 ], [ 18.36213047456274, 68.693530542506636 ], [ 18.362811998071432, 68.693819420430387 ], [ 18.363722900602195, 68.694049040193732 ], [ 18.365881149306116, 68.693535226376085 ] ], [ [ 18.358226920035417, 68.689179116200449 ], [ 18.358105764587449, 68.688952806498762 ], [ 18.358587316981509, 68.6888438224467 ], [ 18.359144371506517, 68.688933318383448 ], [ 18.359515106073911, 68.689136523386622 ], [ 18.359565910452861, 68.689334867430475 ], [ 18.359080992502548, 68.689470771125158 ], [ 18.357594546430342, 68.689312918888589 ], [ 18.358226920035417, 68.689179116200449 ] ] ] ] } },
{ "type": "Feature", "properties": { "fid": 159747, "navn": "Øvre Slettbakkvatna", "hoyde_moh": 851, "arealInnsjo_km2": 0.0812, "magasinKategori": null, "fid_2": 1132, "id": 1132, "left": 17.986919847, "top": 68.946110046000001, "right": 18.486919847, "bottom": 68.446110046000001, "row_index": 11, "col_index": 28, "tile_id": 1132 }, "geometry": { "type": "MultiPolygon", "coordinates": [ [ [ [ 18.201858001439575, 68.728501001125352 ], [ 18.20140465057332, 68.727652818552073 ], [ 18.201047240990047, 68.727383303156671 ], [ 18.20099665819216, 68.726948156992336 ], [ 18.200735740954222, 68.726525610975045 ], [ 18.200754127537309, 68.726164402519871 ], [ 18.199521720406409, 68.725482790208815 ], [ 18.198355975028893, 68.725272466279307 ], [ 18.197178396374031, 68.725417561305449 ], [ 18.196163655006128, 68.72576051708667 ], [ 18.195248028621876, 68.726678214180637 ], [ 18.195160485852753, 68.726983621642987 ], [ 18.195837110231118, 68.727457311675806 ], [ 18.196070686172021, 68.727843208156244 ], [ 18.195998799958495, 68.728451086483688 ], [ 18.198024176991208, 68.729105973075391 ], [ 18.199043537151681, 68.729182233165204 ], [ 18.201858001439575, 68.728501001125352 ] ] ] ] } },
{ "type": "Feature", "properties": { "fid": 159987, "navn": null, "hoyde_moh": 801, "arealInnsjo_km2": 0.0299, "magasinKategori": null, "fid_2": 1132, "id": 1132, "left": 17.986919847, "top": 68.946110046000001, "right": 18.486919847, "bottom": 68.446110046000001, "row_index": 11, "col_index": 28, "tile_id": 1132 }, "geometry": { "type": "MultiPolygon", "coordinates": [ [ [ [ 18.378403157922506, 68.62189880124906 ], [ 18.378196010843979, 68.621357054451508 ], [ 18.378460507094044, 68.621199626529801 ], [ 18.378269726539923, 68.620936384226965 ], [ 18.377467167088941, 68.621067423818516 ], [ 18.371573974594206, 68.620975710626851 ], [ 18.369916596463209, 68.621264000135696 ], [ 18.371207820340665, 68.621580303533406 ], [ 18.373168387426031, 68.621646749928217 ], [ 18.375915125584449, 68.622138342503547 ], [ 18.378079181112685, 68.622145067672193 ], [ 18.378403157922506, 68.62189880124906 ] ] ] ] } },
{ "type": "Feature", "properties": { "fid": 159988, "navn": null, "hoyde_moh": 780, "arealInnsjo_km2": 0.1241, "magasinKategori": null, "fid_2": 1132, "id": 1132, "left": 17.986919847, "top": 68.946110046000001, "right": 18.486919847, "bottom": 68.446110046000001, "row_index": 11, "col_index": 28, "tile_id": 1132 }, "geometry": { "type": "MultiPolygon", "coordinates": [ [ [ [ 18.350099565065079, 68.623577400163825 ], [ 18.350729250746909, 68.62294355560141 ], [ 18.351409935745451, 68.62265774343679 ], [ 18.353991446134867, 68.622947513173372 ], [ 18.354585505590386, 68.623446823413317 ], [ 18.355409077728535, 68.623081460252678 ], [ 18.354697869926522, 68.622656325385336 ], [ 18.35182016949182, 68.622117160985539 ], [ 18.350775175034016, 68.622068266440039 ], [ 18.350100314186523, 68.622437473691363 ], [ 18.34943777547327, 68.622507042322937 ], [ 18.348709695693209, 68.622409717360796 ], [ 18.348136061002243, 68.621976883412771 ], [ 18.346935163342987, 68.621833182987842 ], [ 18.342555022062648, 68.621738580977308 ], [ 18.341345394082378, 68.622018235848245 ], [ 18.340693012947749, 68.621949547896747 ], [ 18.340796166666696, 68.621530118155917 ], [ 18.341028403538093, 68.621460048941188 ], [ 18.343152503128053, 68.621571102902323 ], [ 18.344734154862987, 68.621139202105496 ], [ 18.34438244985186, 68.620705183022324 ], [ 18.342462692690429, 68.620566025098938 ], [ 18.341571692583049, 68.620344209900153 ], [ 18.340941848990123, 68.620426477120077 ], [ 18.342505542505034, 68.620858457523909 ], [ 18.343477880021393, 68.620879480080575 ], [ 18.34367978496368, 68.621134272562969 ], [ 18.343029750637484, 68.6213156369801 ], [ 18.341800880021903, 68.621264499912641 ], [ 18.340551082053082, 68.621414828084113 ], [ 18.340313584476959, 68.621558635788816 ], [ 18.340185654638947, 68.621952245371659 ], [ 18.339368301580905, 68.622344167358179 ], [ 18.339454464772544, 68.622711172044987 ], [ 18.338888801830457, 68.623125759406221 ], [ 18.339016411703824, 68.623714912400885 ], [ 18.34207044786519, 68.623598318288956 ], [ 18.345645392296994, 68.624439087022139 ], [ 18.348014850382555, 68.624399288478244 ], [ 18.350099565065079, 68.623577400163825 ] ], [ [ 18.351713300651213, 68.622416523261037 ], [ 18.352267302918257, 68.622468897834764 ], [ 18.352070393867031, 68.622536394183555 ], [ 18.351542166285586, 68.622500029216681 ], [ 18.351713300651213, 68.622416523261037 ] ] ] ] } },
{ "type": "Feature", "properties": { "fid": 159989, "navn": null, "hoyde_moh": 810, "arealInnsjo_km2": 0.0558, "magasinKategori": null, "fid_2": 1132, "id": 1132, "left": 17.986919847, "top": 68.946110046000001, "right": 18.486919847, "bottom": 68.446110046000001, "row_index": 11, "col_index": 28, "tile_id": 1132 }, "geometry": { "type": "MultiPolygon", "coordinates": [ [ [ [ 18.362690308569722, 68.647575238692738 ], [ 18.362386980526232, 68.647014021758963 ], [ 18.363504131649311, 68.647148171661399 ], [ 18.3636177732707, 68.647437215813639 ], [ 18.364345965155852, 68.647529370161664 ], [ 18.365452881484863, 68.647331182203317 ], [ 18.367918514441175, 68.64730691520441 ], [ 18.369325882587045, 68.647068575296345 ], [ 18.366710432515195, 68.64585194251093 ], [ 18.364353062179941, 68.646003705529552 ], [ 18.360554290106048, 68.645845445718052 ], [ 18.360126131500881, 68.646134962549894 ], [ 18.360419207475989, 68.646363948001991 ], [ 18.359433454319415, 68.646788318964539 ], [ 18.359506355155972, 68.64700490013675 ], [ 18.361397191426025, 68.647680674950678 ], [ 18.362690308569722, 68.647575238692738 ] ] ] ] } },
{ "type": "Feature", "properties": { "fid": 160040, "navn": "Gádjajávri", "hoyde_moh": 482, "arealInnsjo_km2": 0.0906, "magasinKategori": null, "fid_2": 1132, "id": 1132, "left": 17.986919847, "top": 68.946110046000001, "right": 18.486919847, "bottom": 68.446110046000001, "row_index": 11, "col_index": 28, "tile_id": 1132 }, "geometry": { "type": "MultiPolygon", "coordinates": [ [ [ [ 18.039778138859305, 68.520905936374106 ], [ 18.041702322416256, 68.520500554296177 ], [ 18.04180485323246, 68.520421664742841 ], [ 18.041699230730234, 68.520021902257838 ], [ 18.041361152717464, 68.519698445710972 ], [ 18.040370823957783, 68.519720518274355 ], [ 18.039079108372079, 68.519402119965463 ], [ 18.039582222933337, 68.519083986033337 ], [ 18.040033815695406, 68.519059646359281 ], [ 18.040461085413451, 68.519252744692267 ], [ 18.041412076275343, 68.518950102781204 ], [ 18.038348730940214, 68.518611992078974 ], [ 18.037416778501278, 68.518348837496006 ], [ 18.036014768665289, 68.518467397029909 ], [ 18.034623238707209, 68.518673021092098 ], [ 18.033585586159653, 68.519065802349004 ], [ 18.03259479687279, 68.519140717892626 ], [ 18.033226650850995, 68.5193000607741 ], [ 18.033735066831166, 68.51966336770947 ], [ 18.033495561849378, 68.519762144934759 ], [ 18.031003617554955, 68.51940324718332 ], [ 18.030793611578375, 68.519537489284716 ], [ 18.03121147603704, 68.519892562709146 ], [ 18.030282064946235, 68.519941486490126 ], [ 18.029754889569297, 68.519821002887596 ], [ 18.029809819721681, 68.519659216243895 ], [ 18.029320696884035, 68.51951012307282 ], [ 18.029361652215389, 68.519681850206737 ], [ 18.028221166191411, 68.520384215909786 ], [ 18.02882580524928, 68.520789523341492 ], [ 18.029418822704717, 68.520615961180056 ], [ 18.029387376013254, 68.52051319260309 ], [ 18.030375169956397, 68.520322535584995 ], [ 18.030950509209472, 68.520376608644185 ], [ 18.030995740924027, 68.520611014264219 ], [ 18.031541311005277, 68.520634918392972 ], [ 18.031619043339951, 68.520309410075683 ], [ 18.032191694853427, 68.520237835988354 ], [ 18.032374628889261, 68.520292079794928 ], [ 18.031921167953566, 68.520412047391517 ], [ 18.031972030995632, 68.52052613627761 ], [ 18.034772032214121, 68.520661107710467 ], [ 18.035310495648972, 68.520999716631536 ], [ 18.036619931664191, 68.521169327953842 ], [ 18.039778138859305, 68.520905936374106 ] ], [ [ 18.03596244582592, 68.519923405825352 ], [ 18.034752600824703, 68.519679627315014 ], [ 18.03633957091164, 68.519560606535009 ], [ 18.037534612336959, 68.519648963242958 ], [ 18.037916764820864, 68.519899984475217 ], [ 18.037586558682548, 68.52004907018933 ], [ 18.036508768957045, 68.520083925014077 ], [ 18.03596244582592, 68.519923405825352 ] ], [ [ 18.037921479350885, 68.520587613769138 ], [ 18.038234059838231, 68.520696694687857 ], [ 18.038017467783884, 68.520732756424906 ], [ 18.037806507469547, 68.520696083950398 ], [ 18.037921479350885, 68.520587613769138 ] ] ] ] } },
{ "type": "Feature", "properties": { "fid": 160068, "navn": "Isvatnet", "hoyde_moh": 726, "arealInnsjo_km2": 0.2833, "magasinKategori": null, "fid_2": 1132, "id": 1132, "left": 17.986919847, "top": 68.946110046000001, "right": 18.486919847, "bottom": 68.446110046000001, "row_index": 11, "col_index": 28, "tile_id": 1132 }, "geometry": { "type": "MultiPolygon", "coordinates": [ [ [ [ 18.336246686829138, 68.736321759602077 ], [ 18.340187166962831, 68.7362611614044 ], [ 18.342081589926885, 68.736046129524766 ], [ 18.343728314608445, 68.735649461036971 ], [ 18.345350839557529, 68.734961679544099 ], [ 18.345997525788043, 68.734482389065235 ], [ 18.345374986444281, 68.733917568167442 ], [ 18.345178343386873, 68.731217275762305 ], [ 18.344510615326307, 68.730843449660185 ], [ 18.343868284442497, 68.730711394374964 ], [ 18.340718691101433, 68.730609836907689 ], [ 18.339034509561582, 68.730326464403191 ], [ 18.335983141816882, 68.730507269788944 ], [ 18.335436891125404, 68.730697996280014 ], [ 18.334864977922646, 68.731193460541732 ], [ 18.333807888006046, 68.731439958506314 ], [ 18.334022353169903, 68.732313501012456 ], [ 18.333753756498911, 68.73272387050136 ], [ 18.33404246334489, 68.733184049440368 ], [ 18.333913221524895, 68.733547132990424 ], [ 18.33412768015106, 68.73384651133621 ], [ 18.333714573440737, 68.734284781879197 ], [ 18.333442193245929, 68.734961204548242 ], [ 18.33353116196183, 68.735402331932306 ], [ 18.334232350297444, 68.736679980091452 ], [ 18.334749222708638, 68.736733369807467 ], [ 18.336246686829138, 68.736321759602077 ] ] ] ] } },
{ "type": "Feature", "properties": { "fid": 160095, "navn": "Langsvingvatnet", "hoyde_moh": 269, "arealInnsjo_km2": 0.1645, "magasinKategori": null, "fid_2": 1132, "id": 1132, "left": 17.986919847, "top": 68.946110046000001, "right": 18.486919847, "bottom": 68.446110046000001, "row_index": 11, "col_index": 28, "tile_id": 1132 }, "geometry": { "type": "MultiPolygon", "coordinates": [ [ [ [ 18.313660313788752, 68.833871530109406 ], [ 18.316479518225499, 68.833845231384586 ], [ 18.3162070079056, 68.833735974058285 ], [ 18.320308689289384, 68.833413469412434 ], [ 18.3208431603063, 68.833252610615418 ], [ 18.321065119007837, 68.832737062536751 ], [ 18.321418717169763, 68.832508351150324 ], [ 18.321316831161624, 68.832350597188622 ], [ 18.320791743539669, 68.832276907425737 ], [ 18.319854800567981, 68.832343178409687 ], [ 18.318518111449208, 68.832104049407732 ], [ 18.318422855114367, 68.831767920205323 ], [ 18.319681805985734, 68.831364913725253 ], [ 18.319793057143393, 68.831281563405923 ], [ 18.319716393301789, 68.831036572978618 ], [ 18.318048914843065, 68.83063500284446 ], [ 18.316184243497499, 68.829846209307732 ], [ 18.315073128249214, 68.829640723816127 ], [ 18.314769217290326, 68.829219500413785 ], [ 18.313121600367587, 68.828912770645118 ], [ 18.313041844024358, 68.828609920903844 ], [ 18.306587636625402, 68.828265122522708 ], [ 18.306264698056449, 68.828296733574362 ], [ 18.305789129584131, 68.82869606227537 ], [ 18.305876202170868, 68.828825287779139 ], [ 18.306870078860719, 68.829005098751765 ], [ 18.308739496422525, 68.829002352610289 ], [ 18.310370167577311, 68.829733646427655 ], [ 18.311747017024466, 68.829634332776536 ], [ 18.312194912975336, 68.829780672588626 ], [ 18.311546085712408, 68.830004077247125 ], [ 18.310729820333641, 68.829967913674921 ], [ 18.310605012140044, 68.83004882808396 ], [ 18.310738408862473, 68.830168617897527 ], [ 18.310038535439126, 68.830228237686597 ], [ 18.310404710380539, 68.830577765242438 ], [ 18.310083653786112, 68.830905221151255 ], [ 18.311345613429442, 68.831209086942494 ], [ 18.312160302310506, 68.831229385324178 ], [ 18.312354185978947, 68.831433030344428 ], [ 18.313969295304897, 68.831945048387425 ], [ 18.314954112820665, 68.832102722951205 ], [ 18.312183617088923, 68.832714951371685 ], [ 18.311452361840796, 68.832664739761796 ], [ 18.311282096577987, 68.832462878023009 ], [ 18.310666821061137, 68.832465535798477 ], [ 18.310033929490032, 68.832809666129918 ], [ 18.310567629716417, 68.833042786730829 ], [ 18.310810728796124, 68.833358077112962 ], [ 18.312356085574642, 68.83378167681046 ], [ 18.31433882184378, 68.834075594057026 ], [ 18.313660313788752, 68.833871530109406 ] ], [ [ 18.311910084070298, 68.82921234734647 ], [ 18.31188380942983, 68.829154492967007 ], [ 18.312519591483142, 68.829183306502671 ], [ 18.311910084070298, 68.82921234734647 ] ], [ [ 18.314970966498858, 68.830955347584592 ], [ 18.314696485045015, 68.83089246141968 ], [ 18.315015481550386, 68.830835948607131 ], [ 18.315205374476829, 68.830937930463406 ], [ 18.314970966498858, 68.830955347584592 ] ], [ [ 18.313463751639347, 68.830977402153621 ], [ 18.313419114528084, 68.830948012161116 ], [ 18.314022481491477, 68.830917470190187 ], [ 18.313930880684726, 68.831041020390188 ], [ 18.313463751639347, 68.830977402153621 ] ], [ [ 18.314401508943895, 68.831528762350729 ], [ 18.313930385821266, 68.831373631935435 ], [ 18.314240257254717, 68.831191136351336 ], [ 18.314771376011766, 68.831162540707211 ], [ 18.315437704584042, 68.831382012285786 ], [ 18.315146424041192, 68.831650620196527 ], [ 18.314401508943895, 68.831528762350729 ] ], [ [ 18.315572224029967, 68.831849824032702 ], [ 18.315431927546459, 68.831738972097682 ], [ 18.316269897330386, 68.831781874038256 ], [ 18.315572224029967, 68.831849824032702 ] ], [ [ 18.314750358693129, 68.832770916778088 ], [ 18.314842478653368, 68.832694049657732 ], [ 18.314636880420867, 68.832625059256841 ], [ 18.316075460410474, 68.83242402712969 ], [ 18.316559899205838, 68.832549977990084 ], [ 18.314750358693129, 68.832770916778088 ] ] ] ] } },
{ "type": "Feature", "properties": { "fid": 160096, "navn": null, "hoyde_moh": 361, "arealInnsjo_km2": 0.0189, "magasinKategori": null, "fid_2": 1132, "id": 1132, "left": 17.986919847, "top": 68.946110046000001, "right": 18.486919847, "bottom": 68.446110046000001, "row_index": 11, "col_index": 28, "tile_id": 1132 }, "geometry": { "type": "MultiPolygon", "coordinates": [ [ [ [ 18.179532632863527, 68.849640196928917 ], [ 18.180836061025001, 68.84921329255873 ], [ 18.181995034545782, 68.849100102816038 ], [ 18.182602842525004, 68.84875857559706 ], [ 18.182599522648385, 68.848590018622531 ], [ 18.18185047779787, 68.848273271987452 ], [ 18.180881773826822, 68.848216974608036 ], [ 18.179858163561651, 68.848628767990519 ], [ 18.177314764952825, 68.849195216369239 ], [ 18.177742671633304, 68.849401804387114 ], [ 18.177756245310643, 68.849683748709666 ], [ 18.179532632863527, 68.849640196928917 ] ] ] ] } },
{ "type": "Feature", "properties": { "fid": 161116, "navn": null, "hoyde_moh": 736, "arealInnsjo_km2": 0.0075, "magasinKategori": null, "fid_2": 1132, "id": 1132, "left": 17.986919847, "top": 68.946110046000001, "right": 18.486919847, "bottom": 68.446110046000001, "row_index": 11, "col_index": 28, "tile_id": 1132 }, "geometry": { "type": "MultiPolygon", "coordinates": [ [ [ [ 18.467222191621385, 68.755617454296782 ], [ 18.468043546231907, 68.755227754481112 ], [ 18.46456567317076, 68.755167218427189 ], [ 18.464073958881027, 68.755412752292514 ], [ 18.464773844312695, 68.755604355594528 ], [ 18.464911309501048, 68.755824171807475 ], [ 18.467222191621385, 68.755617454296782 ] ] ] ] } },
{ "type": "Feature", "properties": { "fid": 161780, "navn": "Gullsmeden", "hoyde_moh": 525, "arealInnsjo_km2": 0.026, "magasinKategori": null, "fid_2": 1132, "id": 1132, "left": 17.986919847, "top": 68.946110046000001, "right": 18.486919847, "bottom": 68.446110046000001, "row_index": 11, "col_index": 28, "tile_id": 1132 }, "geometry": { "type": "MultiPolygon", "coordinates": [ [ [ [ 17.994037664508259, 68.463737251706121 ], [ 17.994589238679385, 68.463542358885647 ], [ 17.994755088054816, 68.463595414891756 ], [ 17.994751852293994, 68.463768384814813 ], [ 17.995345395376447, 68.463799966737795 ], [ 17.99513769979983, 68.463683737771376 ], [ 17.995280316205335, 68.463555857506435 ], [ 17.994614217924681, 68.463443156686552 ], [ 17.995140411848539, 68.463067813303041 ], [ 17.994836865821849, 68.462939921240874 ], [ 17.994522965950676, 68.463049316981895 ], [ 17.994452599208653, 68.463276276454835 ], [ 17.993427250753246, 68.46328104870102 ], [ 17.99352353222433, 68.463515533119406 ], [ 17.993335987851783, 68.463675098227299 ], [ 17.992458498154026, 68.463521457450298 ], [ 17.992473286741252, 68.463402417360939 ], [ 17.992184472473056, 68.463300831634044 ], [ 17.991282752807521, 68.463414526728783 ], [ 17.991254628724246, 68.463532547895497 ], [ 17.990420246194187, 68.46332964698135 ], [ 17.989876989244664, 68.46353407311598 ], [ 17.989327716329825, 68.463495307714965 ], [ 17.989311417717758, 68.463669587380124 ], [ 17.98989775406756, 68.463851873977006 ], [ 17.989858656682877, 68.464029254054694 ], [ 17.988665460033165, 68.464234054229948 ], [ 17.98829890986601, 68.464483442246276 ], [ 17.988618153403298, 68.464916937532237 ], [ 17.989265437697444, 68.464972271231034 ], [ 17.989142675864553, 68.465063970186179 ], [ 17.989981643343679, 68.464689526948177 ], [ 17.992621527416823, 68.464173562580186 ], [ 17.99210791176165, 68.463948329158029 ], [ 17.992266289358732, 68.463893249200154 ], [ 17.993839371216758, 68.464216079686835 ], [ 17.995718080050427, 68.464075203874074 ], [ 17.994037664508259, 68.463737251706121 ] ] ] ] } },
{ "type": "Feature", "properties": { "fid": 163006, "navn": null, "hoyde_moh": 556, "arealInnsjo_km2": 0.0081, "magasinKategori": null, "fid_2": 1132, "id": 1132, "left": 17.986919847, "top": 68.946110046000001, "right": 18.486919847, "bottom": 68.446110046000001, "row_index": 11, "col_index": 28, "tile_id": 1132 }, "geometry": { "type": "MultiPolygon", "coordinates": [ [ [ [ 17.989053151189772, 68.447438019103018 ], [ 17.986919847, 68.447146731323613 ], [ 17.986919847, 68.447446147698287 ], [ 17.991007574779118, 68.448255367505325 ], [ 17.989053151189772, 68.447438019103018 ] ] ], [ [ [ 17.987001551360667, 68.446898898755137 ], [ 17.986919847, 68.44683582652155 ], [ 17.986919847, 68.44712283693984 ], [ 17.987001551360667, 68.446898898755137 ] ] ], [ [ [ 17.987028971183992, 68.446720021586259 ], [ 17.986919847, 68.446661755678406 ], [ 17.986919847, 68.446763877249339 ], [ 17.987028971183992, 68.446720021586259 ] ] ] ] } },
{ "type": "Feature", "properties": { "fid": 163682, "navn": "Rundvatnet", "hoyde_moh": 204, "arealInnsjo_km2": 0.0091, "magasinKategori": null, "fid_2": 1132, "id": 1132, "left": 17.986919847, "top": 68.946110046000001, "right": 18.486919847, "bottom": 68.446110046000001, "row_index": 11, "col_index": 28, "tile_id": 1132 }, "geometry": { "type": "MultiPolygon", "coordinates": [ [ [ [ 18.350852580511248, 68.838611486096966 ], [ 18.350355711740459, 68.838394009742444 ], [ 18.349563260538474, 68.838425982685649 ], [ 18.348815919136481, 68.838254748430927 ], [ 18.348104869625349, 68.838499905445559 ], [ 18.347694950327654, 68.838935511542161 ], [ 18.347861371314821, 68.839157084469136 ], [ 18.349725346322348, 68.839181396994846 ], [ 18.350852580511248, 68.838611486096966 ] ] ] ] } },
{ "type": "Feature", "properties": { "fid": 164330, "navn": null, "hoyde_moh": 517, "arealInnsjo_km2": 0.0032, "magasinKategori": null, "fid_2": 1132, "id": 1132, "left": 17.986919847, "top": 68.946110046000001, "right": 18.486919847, "bottom": 68.446110046000001, "row_index": 11, "col_index": 28, "tile_id": 1132 }, "geometry": { "type": "MultiPolygon", "coordinates": [ [ [ [ 18.21749366474868, 68.866690762306519 ], [ 18.217522838292069, 68.866526794893886 ], [ 18.21674208085663, 68.866153679217618 ], [ 18.216312561590261, 68.86624746226866 ], [ 18.216297031611585, 68.866512273256006 ], [ 18.215996528027311, 68.866637824546217 ], [ 18.216309386694114, 68.866816602531074 ], [ 18.217098234928912, 68.86683597963156 ], [ 18.21749366474868, 68.866690762306519 ] ] ] ] } },
{ "type": "Feature", "properties": { "fid": 164603, "navn": null, "hoyde_moh": 108, "arealInnsjo_km2": 0.0044, "magasinKategori": null, "fid_2": 1132, "id": 1132, "left": 17.986919847, "top": 68.946110046000001, "right": 18.486919847, "bottom": 68.446110046000001, "row_index": 11, "col_index": 28, "tile_id": 1132 }, "geometry": { "type": "MultiPolygon", "coordinates": [ [ [ [ 18.294835613116479, 68.854547485226448 ], [ 18.294700484885315, 68.854366296713877 ], [ 18.293223841863963, 68.853990663933914 ], [ 18.292764514161711, 68.854002437067265 ], [ 18.292336777320948, 68.854215094086783 ], [ 18.293404009531461, 68.854566971224131 ], [ 18.294835613116479, 68.854547485226448 ] ] ] ] } },
{ "type": "Feature", "properties": { "fid": 166944, "navn": "Geitvatnan", "hoyde_moh": 444, "arealInnsjo_km2": 0.1744, "magasinKategori": null, "fid_2": 1132, "id": 1132, "left": 17.986919847, "top": 68.946110046000001, "right": 18.486919847, "bottom": 68.446110046000001, "row_index": 11, "col_index": 28, "tile_id": 1132 }, "geometry": { "type": "MultiPolygon", "coordinates": [ [ [ [ 18.039867183617147, 68.46326006425609 ], [ 18.041466694747598, 68.463089440902905 ], [ 18.041833274441164, 68.462764780310948 ], [ 18.040701793511683, 68.462449098558722 ], [ 18.040631199639982, 68.462142163457173 ], [ 18.038069497616629, 68.461574016220638 ], [ 18.038152639994308, 68.461434515388703 ], [ 18.039527133750564, 68.461186649568745 ], [ 18.038045689868472, 68.460847585625501 ], [ 18.038351047208184, 68.460467212390128 ], [ 18.038785177797521, 68.460285250953106 ], [ 18.038316494291141, 68.460120927554058 ], [ 18.037728156119492, 68.460378945924688 ], [ 18.037446885918431, 68.460176565238143 ], [ 18.037371431922672, 68.459891264940424 ], [ 18.03982982839684, 68.459563399571763 ], [ 18.040038610998469, 68.459286407189879 ], [ 18.040553598273021, 68.459061045143599 ], [ 18.042791200192735, 68.459558906332234 ], [ 18.044713664290892, 68.459335782782944 ], [ 18.046331202698266, 68.45962230411601 ], [ 18.047031756863337, 68.459650408904949 ], [ 18.047179321517611, 68.459519875645242 ], [ 18.046525387399118, 68.459105134540124 ], [ 18.045766021565854, 68.459209806229552 ], [ 18.04511558967226, 68.459102047097446 ], [ 18.044462857143653, 68.45852163116119 ], [ 18.043599254672774, 68.458167522964203 ], [ 18.043794333104884, 68.457997882570467 ], [ 18.043777928718914, 68.457759812681971 ], [ 18.043346209663696, 68.457452529078836 ], [ 18.042217103148889, 68.457123620245838 ], [ 18.041638381439569, 68.456716563746156 ], [ 18.040769247889372, 68.456433110700317 ], [ 18.03997797459472, 68.456321695995442 ], [ 18.038985906035681, 68.45666471027701 ], [ 18.038050870313711, 68.45637409016841 ], [ 18.037650004025252, 68.45672683825056 ], [ 18.037922213844858, 68.456916633583234 ], [ 18.035960221243581, 68.456907866937684 ], [ 18.036117046561749, 68.457058906964178 ], [ 18.035807284091749, 68.457326322786827 ], [ 18.035650468575927, 68.457750504865302 ], [ 18.035814136932881, 68.458529434594112 ], [ 18.037886009609295, 68.45874046226696 ], [ 18.037975197168766, 68.459167994835624 ], [ 18.038188648140775, 68.459278412858538 ], [ 18.038046371789545, 68.459450499620715 ], [ 18.038364754017199, 68.459574545796798 ], [ 18.03751783351564, 68.459698903457465 ], [ 18.037233309289938, 68.459495863339413 ], [ 18.03691665605874, 68.459493795318139 ], [ 18.036818861808388, 68.459553297595662 ], [ 18.036963205472286, 68.459720364860303 ], [ 18.036495814669852, 68.460114985827573 ], [ 18.035960424758805, 68.459923135969476 ], [ 18.034553659286573, 68.460427252034975 ], [ 18.033747628424546, 68.461082616921232 ], [ 18.034107642466704, 68.46139131311655 ], [ 18.034734381865565, 68.461331565674826 ], [ 18.034548761408843, 68.461559649100749 ], [ 18.034934533210851, 68.461821640241936 ], [ 18.034262550363934, 68.461826544214148 ], [ 18.03348214545257, 68.462320017851511 ], [ 18.032220326145037, 68.462501689061455 ], [ 18.032671451932099, 68.462748226948889 ], [ 18.033830876234319, 68.46246982874618 ], [ 18.033933532904378, 68.462639449269034 ], [ 18.033181804828899, 68.463013622334714 ], [ 18.033628776547193, 68.463174403346954 ], [ 18.034564387214949, 68.462939647150847 ], [ 18.034495633109682, 68.462689508271836 ], [ 18.035977597480134, 68.462475099560962 ], [ 18.036100795873775, 68.4627175175887 ], [ 18.036814824700777, 68.462878117474048 ], [ 18.036888585939668, 68.463088930988931 ], [ 18.037456990267344, 68.463273087702049 ], [ 18.037543557530245, 68.463482770981486 ], [ 18.038297536586512, 68.463642191612166 ], [ 18.039867183617147, 68.46326006425609 ] ], [ [ 18.037113648575847, 68.460882447306517 ], [ 18.037496319495531, 68.460982974113833 ], [ 18.036566444795991, 68.461124991099553 ], [ 18.036417898929617, 68.461103174434029 ], [ 18.037113648575847, 68.460882447306517 ] ], [ [ 18.038968721993612, 68.462158332757539 ], [ 18.039283932910823, 68.46221483063826 ], [ 18.03916828884384, 68.462254277942336 ], [ 18.038902216791911, 68.46226161994278 ], [ 18.038968721993612, 68.462158332757539 ] ] ] ] } },
{ "type": "Feature", "properties": { "fid": 166946, "navn": null, "hoyde_moh": 574, "arealInnsjo_km2": 0.0216, "magasinKategori": null, "fid_2": 1132, "id": 1132, "left": 17.986919847, "top": 68.946110046000001, "right": 18.486919847, "bottom": 68.446110046000001, "row_index": 11, "col_index": 28, "tile_id": 1132 }, "geometry": { "type": "MultiPolygon", "coordinates": [ [ [ [ 18.111828062038434, 68.466404603736876 ], [ 18.112040803885225, 68.466231496288344 ], [ 18.111819308527089, 68.465765766895615 ], [ 18.111406226554191, 68.465644509887156 ], [ 18.110639923332588, 68.46570552137446 ], [ 18.110693181699883, 68.46543365126567 ], [ 18.109759064979915, 68.46505280183716 ], [ 18.109263288360061, 68.464660578445432 ], [ 18.108802017111209, 68.464654236800243 ], [ 18.108923071355719, 68.464829045360375 ], [ 18.10880222982524, 68.464908144179645 ], [ 18.107466407719002, 68.464824114730746 ], [ 18.107588925382775, 68.464961636306057 ], [ 18.10736103958714, 68.465074503863349 ], [ 18.10741124078076, 68.465217497324176 ], [ 18.108603503982579, 68.465558282947711 ], [ 18.108373937930185, 68.465865118075499 ], [ 18.10845900266553, 68.466153184961001 ], [ 18.109719286045564, 68.466545584531005 ], [ 18.111828062038434, 68.466404603736876 ] ] ] ] } },
{ "type": "Feature", "properties": { "fid": 169637, "navn": null, "hoyde_moh": 534, "arealInnsjo_km2": 0.0103, "magasinKategori": null, "fid_2": 1132, "id": 1132, "left": 17.986919847, "top": 68.946110046000001, "right": 18.486919847, "bottom": 68.446110046000001, "row_index": 11, "col_index": 28, "tile_id": 1132 }, "geometry": { "type": "MultiPolygon", "coordinates": [ [ [ [ 18.054853545172787, 68.822711326513044 ], [ 18.05524343356473, 68.822385237193345 ], [ 18.055212047749741, 68.822061611090334 ], [ 18.05460601180695, 68.821793124868975 ], [ 18.052891694004753, 68.822100927731626 ], [ 18.052603753883201, 68.822318162169225 ], [ 18.052907903240868, 68.822671897254082 ], [ 18.052582638639922, 68.822926522107252 ], [ 18.054853545172787, 68.822711326513044 ] ] ] ] } },
{ "type": "Feature", "properties": { "fid": 169734, "navn": null, "hoyde_moh": 752, "arealInnsjo_km2": 0.0029, "magasinKategori": null, "fid_2": 1132, "id": 1132, "left": 17.986919847, "top": 68.946110046000001, "right": 18.486919847, "bottom": 68.446110046000001, "row_index": 11, "col_index": 28, "tile_id": 1132 }, "geometry": { "type": "MultiPolygon", "coordinates": [ [ [ [ 18.227899867442396, 68.730680180049816 ], [ 18.227849381293126, 68.730401446429894 ], [ 18.226361283076354, 68.729987258813864 ], [ 18.226182676330918, 68.730094552610879 ], [ 18.226754437988621, 68.730648338207018 ], [ 18.227899867442396, 68.730680180049816 ] ] ] ] } },
{ "type": "Feature", "properties": { "fid": 169774, "navn": null, "hoyde_moh": 935, "arealInnsjo_km2": 0.0016, "magasinKategori": null, "fid_2": 1132, "id": 1132, "left": 17.986919847, "top": 68.946110046000001, "right": 18.486919847, "bottom": 68.446110046000001, "row_index": 11, "col_index": 28, "tile_id": 1132 }, "geometry": { "type": "MultiPolygon", "coordinates": [ [ [ [ 18.410128175973906, 68.734144247803997 ], [ 18.410169112864139, 68.733960674365292 ], [ 18.408828111449996, 68.733883172274716 ], [ 18.409766488234474, 68.734262175272022 ], [ 18.410128175973906, 68.734144247803997 ] ] ] ] } },
{ "type": "Feature", "properties": { "fid": 169809, "navn": null, "hoyde_moh": 730, "arealInnsjo_km2": 0.003, "magasinKategori": null, "fid_2": 1132, "id": 1132, "left": 17.986919847, "top": 68.946110046000001, "right": 18.486919847, "bottom": 68.446110046000001, "row_index": 11, "col_index": 28, "tile_id": 1132 }, "geometry": { "type": "MultiPolygon", "coordinates": [ [ [ [ 18.372032868262512, 68.743716809696068 ], [ 18.371594482025753, 68.743685044535511 ], [ 18.370749165953281, 68.743225765246265 ], [ 18.370134492470051, 68.743551677982936 ], [ 18.370271873054659, 68.743872580371914 ], [ 18.371582144172894, 68.743870098422391 ], [ 18.372032868262512, 68.743716809696068 ] ] ] ] } },
{ "type": "Feature", "properties": { "fid": 169842, "navn": null, "hoyde_moh": 664, "arealInnsjo_km2": 0.0112, "magasinKategori": null, "fid_2": 1132, "id": 1132, "left": 17.986919847, "top": 68.946110046000001, "right": 18.486919847, "bottom": 68.446110046000001, "row_index": 11, "col_index": 28, "tile_id": 1132 }, "geometry": { "type": "MultiPolygon", "coordinates": [ [ [ [ 18.038588224016198, 68.705049290873376 ], [ 18.038502240687787, 68.704914732321583 ], [ 18.038745361494964, 68.704810078758712 ], [ 18.038731404152266, 68.704618562614741 ], [ 18.036997380641385, 68.704261168420388 ], [ 18.035659989915317, 68.704406575080256 ], [ 18.03450828246055, 68.704738967307762 ], [ 18.035823424315144, 68.704825777688583 ], [ 18.036943305832661, 68.705191167863319 ], [ 18.038214818505445, 68.705298315835819 ], [ 18.038588224016198, 68.705049290873376 ] ] ] ] } },
{ "type": "Feature", "properties": { "fid": 169935, "navn": null, "hoyde_moh": 620, "arealInnsjo_km2": 0.0041, "magasinKategori": null, "fid_2": 1132, "id": 1132, "left": 17.986919847, "top": 68.946110046000001, "right": 18.486919847, "bottom": 68.446110046000001, "row_index": 11, "col_index": 28, "tile_id": 1132 }, "geometry": { "type": "MultiPolygon", "coordinates": [ [ [ [ 18.016234361190588, 68.823968198916518 ], [ 18.016451894188346, 68.823732621755568 ], [ 18.015982069008651, 68.823518592117409 ], [ 18.015349558604939, 68.823538085813652 ], [ 18.014683542505761, 68.823820947008784 ], [ 18.014707588358331, 68.824120462364192 ], [ 18.015335009676104, 68.824184014944123 ], [ 18.016234361190588, 68.823968198916518 ] ] ] ] } },
{ "type": "Feature", "properties": { "fid": 169938, "navn": null, "hoyde_moh": 851, "arealInnsjo_km2": 0.0034, "magasinKategori": null, "fid_2": 1132, "id": 1132, "left": 17.986919847, "top": 68.946110046000001, "right": 18.486919847, "bottom": 68.446110046000001, "row_index": 11, "col_index": 28, "tile_id": 1132 }, "geometry": { "type": "MultiPolygon", "coordinates": [ [ [ [ 18.180913421604757, 68.73676987524189 ], [ 18.178787526423822, 68.736365380002411 ], [ 18.17830646275662, 68.736443822310974 ], [ 18.178320266719421, 68.736715887329666 ], [ 18.178545498962958, 68.736827841046477 ], [ 18.179454176979547, 68.736755729672382 ], [ 18.180647033862162, 68.736903547973782 ], [ 18.180913421604757, 68.73676987524189 ] ] ] ] } },
{ "type": "Feature", "properties": { "fid": 169939, "navn": null, "hoyde_moh": 854, "arealInnsjo_km2": 0.002, "magasinKategori": null, "fid_2": 1132, "id": 1132, "left": 17.986919847, "top": 68.946110046000001, "right": 18.486919847, "bottom": 68.446110046000001, "row_index": 11, "col_index": 28, "tile_id": 1132 }, "geometry": { "type": "MultiPolygon", "coordinates": [ [ [ [ 18.16453447584658, 68.737149712345101 ], [ 18.163935717523401, 68.737009349965874 ], [ 18.162725696587167, 68.737126784968908 ], [ 18.162889707970621, 68.737282012287437 ], [ 18.164392326553919, 68.73726882343172 ], [ 18.16453447584658, 68.737149712345101 ] ] ] ] } },
{ "type": "Feature", "properties": { "fid": 170232, "navn": null, "hoyde_moh": 290, "arealInnsjo_km2": 0.0035, "magasinKategori": null, "fid_2": 1132, "id": 1132, "left": 17.986919847, "top": 68.946110046000001, "right": 18.486919847, "bottom": 68.446110046000001, "row_index": 11, "col_index": 28, "tile_id": 1132 }, "geometry": { "type": "MultiPolygon", "coordinates": [ [ [ [ 18.358872279210509, 68.829532153090796 ], [ 18.358857836022917, 68.829131578863738 ], [ 18.357678328523061, 68.829108752461678 ], [ 18.357159388870237, 68.829258291278094 ], [ 18.357753113667357, 68.829634030331732 ], [ 18.358872279210509, 68.829532153090796 ] ] ] ] } },
{ "type": "Feature", "properties": { "fid": 170252, "navn": "Blåbergvatnan", "hoyde_moh": 569, "arealInnsjo_km2": 0.0184, "magasinKategori": null, "fid_2": 1132, "id": 1132, "left": 17.986919847, "top": 68.946110046000001, "right": 18.486919847, "bottom": 68.446110046000001, "row_index": 11, "col_index": 28, "tile_id": 1132 }, "geometry": { "type": "MultiPolygon", "coordinates": [ [ [ [ 18.145523648538358, 68.915608747712056 ], [ 18.145383524749636, 68.915349705031105 ], [ 18.14789387806313, 68.914438633318795 ], [ 18.147266252146569, 68.914198744359553 ], [ 18.146700801330145, 68.914211433837025 ], [ 18.14474294641186, 68.91454593536713 ], [ 18.144673834156354, 68.914447551219951 ], [ 18.14499347476454, 68.914298535841226 ], [ 18.144527147282428, 68.914187821172177 ], [ 18.143739555891724, 68.914277774392531 ], [ 18.142948561316089, 68.914873088311126 ], [ 18.143399777785366, 68.915191216839858 ], [ 18.144268037748066, 68.915380440533397 ], [ 18.144420404698682, 68.915555669433914 ], [ 18.144223435877848, 68.915729264870805 ], [ 18.145071365853223, 68.915638914666062 ], [ 18.146204921230098, 68.915831222338326 ], [ 18.145523648538358, 68.915608747712056 ] ] ] ] } },
{ "type": "Feature", "properties": { "fid": 170275, "navn": null, "hoyde_moh": 474, "arealInnsjo_km2": 0.0028, "magasinKategori": null, "fid_2": 1132, "id": 1132, "left": 17.986919847, "top": 68.946110046000001, "right": 18.486919847, "bottom": 68.446110046000001, "row_index": 11, "col_index": 28, "tile_id": 1132 }, "geometry": { "type": "MultiPolygon", "coordinates": [ [ [ [ 18.109872232625445, 68.892534493923478 ], [ 18.108702289242078, 68.892210563624872 ], [ 18.108063375567532, 68.892635943378792 ], [ 18.109676730334456, 68.892726068017893 ], [ 18.109872232625445, 68.892534493923478 ] ] ] ] } },
{ "type": "Feature", "properties": { "fid": 170286, "navn": null, "hoyde_moh": 595, "arealInnsjo_km2": 0.009, "magasinKategori": null, "fid_2": 1132, "id": 1132, "left": 17.986919847, "top": 68.946110046000001, "right": 18.486919847, "bottom": 68.446110046000001, "row_index": 11, "col_index": 28, "tile_id": 1132 }, "geometry": { "type": "MultiPolygon", "coordinates": [ [ [ [ 18.20399116036441, 68.928192239431809 ], [ 18.203871750529277, 68.927431471022174 ], [ 18.203039032058179, 68.927107366259946 ], [ 18.202084539444908, 68.927323012014156 ], [ 18.202287109127681, 68.927608321293349 ], [ 18.202255007187141, 68.928001025301313 ], [ 18.2027910125503, 68.92823355982209 ], [ 18.203295593759048, 68.928701656763465 ], [ 18.203555495040533, 68.928713023883063 ], [ 18.20399116036441, 68.928192239431809 ] ] ] ] } },
{ "type": "Feature", "properties": { "fid": 170287, "navn": "Gaml-olavatnet", "hoyde_moh": 144, "arealInnsjo_km2": 0.0528, "magasinKategori": null, "fid_2": 1132, "id": 1132, "left": 17.986919847, "top": 68.946110046000001, "right": 18.486919847, "bottom": 68.446110046000001, "row_index": 11, "col_index": 28, "tile_id": 1132 }, "geometry": { "type": "MultiPolygon", "coordinates": [ [ [ [ 18.241241625664653, 68.828883817157973 ], [ 18.241461962875256, 68.828783535170771 ], [ 18.241433458547217, 68.828617338306131 ], [ 18.239842487547691, 68.828244992603985 ], [ 18.239287271169207, 68.827948592429792 ], [ 18.239227581360296, 68.827636721871457 ], [ 18.239738842244879, 68.827344666241075 ], [ 18.239426680855871, 68.827026927898061 ], [ 18.23695856470659, 68.826596495643457 ], [ 18.234865701431108, 68.825943652798628 ], [ 18.232423599982603, 68.826212036307354 ], [ 18.231999325213518, 68.826523693172703 ], [ 18.232133694714694, 68.826938029932236 ], [ 18.237180699345277, 68.827960753835541 ], [ 18.23807701807068, 68.828290073711841 ], [ 18.238520754381298, 68.828792787235002 ], [ 18.239921907672908, 68.828999781975611 ], [ 18.241241625664653, 68.828883817157973 ] ] ] ] } },
{ "type": "Feature", "properties": { "fid": 170324, "navn": null, "hoyde_moh": 284, "arealInnsjo_km2": 0.0107, "magasinKategori": null, "fid_2": 1132, "id": 1132, "left": 17.986919847, "top": 68.946110046000001, "right": 18.486919847, "bottom": 68.446110046000001, "row_index": 11, "col_index": 28, "tile_id": 1132 }, "geometry": { "type": "MultiPolygon", "coordinates": [ [ [ [ 18.330902203858432, 68.831100823774676 ], [ 18.33081354470999, 68.830660943907731 ], [ 18.329868714255046, 68.830271889341049 ], [ 18.329122551085003, 68.830322439153804 ], [ 18.328925026737839, 68.830464687948705 ], [ 18.329003591834589, 68.830698503868106 ], [ 18.328102334161983, 68.830728832307344 ], [ 18.327534850849688, 68.831024967368151 ], [ 18.327609355647525, 68.831162242517237 ], [ 18.329089642724693, 68.831339758626896 ], [ 18.329318888583696, 68.831511444454605 ], [ 18.330201887356644, 68.831461892537831 ], [ 18.330902203858432, 68.831100823774676 ] ], [ [ 18.32903799177145, 68.830816809596371 ], [ 18.329906696679444, 68.830743383767896 ], [ 18.330149914553463, 68.830879055509115 ], [ 18.32903799177145, 68.830816809596371 ] ] ] ] } },
{ "type": "Feature", "properties": { "fid": 170335, "navn": null, "hoyde_moh": 665, "arealInnsjo_km2": 0.0066, "magasinKategori": null, "fid_2": 1132, "id": 1132, "left": 17.986919847, "top": 68.946110046000001, "right": 18.486919847, "bottom": 68.446110046000001, "row_index": 11, "col_index": 28, "tile_id": 1132 }, "geometry": { "type": "MultiPolygon", "coordinates": [ [ [ [ 18.240770181209328, 68.933175583948056 ], [ 18.2375582461131, 68.933511366740035 ], [ 18.237890268232547, 68.933733036820882 ], [ 18.239294497730821, 68.934029424733779 ], [ 18.240770181209328, 68.933175583948056 ] ] ] ] } },
{ "type": "Feature", "properties": { "fid": 170342, "navn": null, "hoyde_moh": 582, "arealInnsjo_km2": 0.0028, "magasinKategori": null, "fid_2": 1132, "id": 1132, "left": 17.986919847, "top": 68.946110046000001, "right": 18.486919847, "bottom": 68.446110046000001, "row_index": 11, "col_index": 28, "tile_id": 1132 }, "geometry": { "type": "MultiPolygon", "coordinates": [ [ [ [ 18.133014258938385, 68.915063423410032 ], [ 18.133481423488618, 68.915080150854763 ], [ 18.13347045250562, 68.914733880360188 ], [ 18.132469032193182, 68.914737122152815 ], [ 18.131941312615766, 68.914945692946006 ], [ 18.132229801177701, 68.915248075252805 ], [ 18.133014258938385, 68.915063423410032 ] ] ] ] } },
{ "type": "Feature", "properties": { "fid": 170389, "navn": null, "hoyde_moh": 587, "arealInnsjo_km2": 0.0028, "magasinKategori": null, "fid_2": 1132, "id": 1132, "left": 17.986919847, "top": 68.946110046000001, "right": 18.486919847, "bottom": 68.446110046000001, "row_index": 11, "col_index": 28, "tile_id": 1132 }, "geometry": { "type": "MultiPolygon", "coordinates": [ [ [ [ 18.13885412311312, 68.915102280283804 ], [ 18.138613261506084, 68.915077807381678 ], [ 18.138463179157981, 68.91483582302925 ], [ 18.137978999072622, 68.914794103799252 ], [ 18.137233034852567, 68.915314398180072 ], [ 18.138290280204227, 68.915380939470154 ], [ 18.13885412311312, 68.915102280283804 ] ] ] ] } },
{ "type": "Feature", "properties": { "fid": 170390, "navn": null, "hoyde_moh": 575, "arealInnsjo_km2": 0.0059, "magasinKategori": null, "fid_2": 1132, "id": 1132, "left": 17.986919847, "top": 68.946110046000001, "right": 18.486919847, "bottom": 68.446110046000001, "row_index": 11, "col_index": 28, "tile_id": 1132 }, "geometry": { "type": "MultiPolygon", "coordinates": [ [ [ [ 18.191473484428993, 68.922109689002198 ], [ 18.190605695521239, 68.921402079475513 ], [ 18.189995442315858, 68.921363134015209 ], [ 18.189933028459993, 68.921590654111682 ], [ 18.189246704196805, 68.921891983916183 ], [ 18.189438163219776, 68.92208117221152 ], [ 18.191066951847212, 68.922306841379992 ], [ 18.191473484428993, 68.922109689002198 ] ] ] ] } },
{ "type": "Feature", "properties": { "fid": 170391, "navn": null, "hoyde_moh": 830, "arealInnsjo_km2": 0.0032, "magasinKategori": null, "fid_2": 1132, "id": 1132, "left": 17.986919847, "top": 68.946110046000001, "right": 18.486919847, "bottom": 68.446110046000001, "row_index": 11, "col_index": 28, "tile_id": 1132 }, "geometry": { "type": "MultiPolygon", "coordinates": [ [ [ [ 18.33348271295651, 68.919488883784041 ], [ 18.334017174655951, 68.919171144160188 ], [ 18.333162958230602, 68.918945408345536 ], [ 18.332391035067442, 68.91924336527191 ], [ 18.332510947153335, 68.919604873111268 ], [ 18.33348271295651, 68.919488883784041 ] ] ] ] } },
{ "type": "Feature", "properties": { "fid": 170395, "navn": null, "hoyde_moh": 408, "arealInnsjo_km2": 0.0062, "magasinKategori": null, "fid_2": 1132, "id": 1132, "left": 17.986919847, "top": 68.946110046000001, "right": 18.486919847, "bottom": 68.446110046000001, "row_index": 11, "col_index": 28, "tile_id": 1132 }, "geometry": { "type": "MultiPolygon", "coordinates": [ [ [ [ 18.131808881511379, 68.885622063183661 ], [ 18.132158815257398, 68.885474753449927 ], [ 18.131797161382654, 68.885032673707315 ], [ 18.13132752610521, 68.884819821160505 ], [ 18.130596560997468, 68.884884086894829 ], [ 18.129948053527325, 68.885254878034473 ], [ 18.130074076018186, 68.885598224409492 ], [ 18.131808881511379, 68.885622063183661 ] ] ] ] } },
{ "type": "Feature", "properties": { "fid": 170434, "navn": null, "hoyde_moh": 588, "arealInnsjo_km2": 0.0073, "magasinKategori": null, "fid_2": 1132, "id": 1132, "left": 17.986919847, "top": 68.946110046000001, "right": 18.486919847, "bottom": 68.446110046000001, "row_index": 11, "col_index": 28, "tile_id": 1132 }, "geometry": { "type": "MultiPolygon", "coordinates": [ [ [ [ 18.13588311405195, 68.919732244581184 ], [ 18.135803820597026, 68.919251119982249 ], [ 18.13662213996896, 68.919286517028496 ], [ 18.137829115868982, 68.918790689477149 ], [ 18.136039225094446, 68.918818881795559 ], [ 18.135378265289724, 68.919034493192399 ], [ 18.135139834291813, 68.919389303184232 ], [ 18.134531801412511, 68.919478959247172 ], [ 18.134941017956933, 68.919717526428855 ], [ 18.134319927072468, 68.919987616150934 ], [ 18.135260917589996, 68.920177165733435 ], [ 18.13588311405195, 68.919732244581184 ] ] ] ] } },
{ "type": "Feature", "properties": { "fid": 170463, "navn": null, "hoyde_moh": 509, "arealInnsjo_km2": 0.0289, "magasinKategori": null, "fid_2": 1132, "id": 1132, "left": 17.986919847, "top": 68.946110046000001, "right": 18.486919847, "bottom": 68.446110046000001, "row_index": 11, "col_index": 28, "tile_id": 1132 }, "geometry": { "type": "MultiPolygon", "coordinates": [ [ [ [ 18.219923573007009, 68.864706945226871 ], [ 18.220775573632181, 68.864772696318539 ], [ 18.220643411292954, 68.864567068984385 ], [ 18.221109453457739, 68.86441341136458 ], [ 18.220196416576599, 68.864134851210792 ], [ 18.221573981378501, 68.863845764102578 ], [ 18.221819003486495, 68.863517162749645 ], [ 18.22175992142952, 68.863355584634661 ], [ 18.219612264630335, 68.863470970663286 ], [ 18.219717213766152, 68.863320113394678 ], [ 18.220538013995224, 68.863171680570787 ], [ 18.219975693942011, 68.862842659588878 ], [ 18.220135454851913, 68.862718059716954 ], [ 18.21990676253878, 68.862606383679847 ], [ 18.217242971296702, 68.862687608017211 ], [ 18.21704095963743, 68.863213372098087 ], [ 18.21719341047439, 68.863490448645479 ], [ 18.217996062592835, 68.863605632453428 ], [ 18.218181521719568, 68.863739948024246 ], [ 18.218002343478801, 68.863903971353793 ], [ 18.218191662707383, 68.864078529043709 ], [ 18.218117848544036, 68.864195484235367 ], [ 18.218923119462627, 68.864574952800382 ], [ 18.219067496939715, 68.864818510201758 ], [ 18.22038929626698, 68.865149853125516 ], [ 18.219923573007009, 68.864706945226871 ] ] ] ] } },
{ "type": "Feature", "properties": { "fid": 170485, "navn": null, "hoyde_moh": 275, "arealInnsjo_km2": 0.0063, "magasinKategori": null, "fid_2": 1132, "id": 1132, "left": 17.986919847, "top": 68.946110046000001, "right": 18.486919847, "bottom": 68.446110046000001, "row_index": 11, "col_index": 28, "tile_id": 1132 }, "geometry": { "type": "MultiPolygon", "coordinates": [ [ [ [ 18.164416831903868, 68.890786821995704 ], [ 18.16435340962888, 68.890491530772863 ], [ 18.163036016686924, 68.89010309607157 ], [ 18.161931005551743, 68.890185938139737 ], [ 18.162277136304741, 68.890540712558135 ], [ 18.163584632435143, 68.89096435341969 ], [ 18.164416831903868, 68.890786821995704 ] ] ] ] } },
{ "type": "Feature", "properties": { "fid": 170486, "navn": null, "hoyde_moh": 583, "arealInnsjo_km2": 0.0032, "magasinKategori": null, "fid_2": 1132, "id": 1132, "left": 17.986919847, "top": 68.946110046000001, "right": 18.486919847, "bottom": 68.446110046000001, "row_index": 11, "col_index": 28, "tile_id": 1132 }, "geometry": { "type": "MultiPolygon", "coordinates": [ [ [ [ 18.133085826683107, 68.914460472176842 ], [ 18.133182892639812, 68.914395928872253 ], [ 18.132769191275123, 68.91403874870916 ], [ 18.13178678124817, 68.91406857226103 ], [ 18.131548605120742, 68.91420888152328 ], [ 18.13176349393348, 68.914625384417036 ], [ 18.133085826683107, 68.914460472176842 ] ] ] ] } },
{ "type": "Feature", "properties": { "fid": 170532, "navn": null, "hoyde_moh": 365, "arealInnsjo_km2": 0.0066, "magasinKategori": null, "fid_2": 1132, "id": 1132, "left": 17.986919847, "top": 68.946110046000001, "right": 18.486919847, "bottom": 68.446110046000001, "row_index": 11, "col_index": 28, "tile_id": 1132 }, "geometry": { "type": "MultiPolygon", "coordinates": [ [ [ [ 18.225054162976466, 68.883442440531496 ], [ 18.225257200215935, 68.883374752121128 ], [ 18.225258825727245, 68.883201428400625 ], [ 18.224899068761033, 68.883019061627891 ], [ 18.223144218655698, 68.88315512029672 ], [ 18.221793640064814, 68.883572626454878 ], [ 18.22349848186715, 68.883662181729463 ], [ 18.225054162976466, 68.883442440531496 ] ] ] ] } },
{ "type": "Feature", "properties": { "fid": 170546, "navn": null, "hoyde_moh": 290, "arealInnsjo_km2": 0.0054, "magasinKategori": null, "fid_2": 1132, "id": 1132, "left": 17.986919847, "top": 68.946110046000001, "right": 18.486919847, "bottom": 68.446110046000001, "row_index": 11, "col_index": 28, "tile_id": 1132 }, "geometry": { "type": "MultiPolygon", "coordinates": [ [ [ [ 18.21874497023385, 68.889983855632607 ], [ 18.218798576574727, 68.889720659128116 ], [ 18.218099438240074, 68.88945041734398 ], [ 18.21708736232468, 68.889681092468535 ], [ 18.217170643087421, 68.890137170235164 ], [ 18.218250129703527, 68.890367900782095 ], [ 18.21874497023385, 68.889983855632607 ] ] ] ] } },
{ "type": "Feature", "properties": { "fid": 170603, "navn": null, "hoyde_moh": 72, "arealInnsjo_km2": 0.0037, "magasinKategori": null, "fid_2": 1132, "id": 1132, "left": 17.986919847, "top": 68.946110046000001, "right": 18.486919847, "bottom": 68.446110046000001, "row_index": 11, "col_index": 28, "tile_id": 1132 }, "geometry": { "type": "MultiPolygon", "coordinates": [ [ [ [ 18.359538598744393, 68.874153646457373 ], [ 18.359217093246688, 68.873957591856339 ], [ 18.357848876864768, 68.873679655869552 ], [ 18.357385222565657, 68.873859155929878 ], [ 18.357455307704679, 68.874055327947957 ], [ 18.357749701719463, 68.874181070266829 ], [ 18.359409095281421, 68.874313979704837 ], [ 18.359538598744393, 68.874153646457373 ] ] ] ] } },
{ "type": "Feature", "properties": { "fid": 170604, "navn": null, "hoyde_moh": 570, "arealInnsjo_km2": 0.0028, "magasinKategori": null, "fid_2": 1132, "id": 1132, "left": 17.986919847, "top": 68.946110046000001, "right": 18.486919847, "bottom": 68.446110046000001, "row_index": 11, "col_index": 28, "tile_id": 1132 }, "geometry": { "type": "MultiPolygon", "coordinates": [ [ [ [ 18.140808347714167, 68.913590945091983 ], [ 18.140550899838164, 68.913525121445602 ], [ 18.14041058875307, 68.913206373265695 ], [ 18.13961889395123, 68.913058547361459 ], [ 18.139496630210896, 68.913442110273536 ], [ 18.139931798601655, 68.913744381517887 ], [ 18.14039279292103, 68.913812559467729 ], [ 18.140808347714167, 68.913590945091983 ] ] ] ] } },
{ "type": "Feature", "properties": { "fid": 170605, "navn": null, "hoyde_moh": 483, "arealInnsjo_km2": 0.0035, "magasinKategori": null, "fid_2": 1132, "id": 1132, "left": 17.986919847, "top": 68.946110046000001, "right": 18.486919847, "bottom": 68.446110046000001, "row_index": 11, "col_index": 28, "tile_id": 1132 }, "geometry": { "type": "MultiPolygon", "coordinates": [ [ [ [ 18.106395389520724, 68.896556346052691 ], [ 18.106967134406585, 68.896563241127282 ], [ 18.10691757289117, 68.896389610574118 ], [ 18.105867186231887, 68.89614643451371 ], [ 18.105027472763467, 68.89626966811953 ], [ 18.10534932344137, 68.896641956738421 ], [ 18.106106427289088, 68.896831500709325 ], [ 18.106395389520724, 68.896556346052691 ] ] ] ] } },
{ "type": "Feature", "properties": { "fid": 170614, "navn": null, "hoyde_moh": 369, "arealInnsjo_km2": 0.0059, "magasinKategori": null, "fid_2": 1132, "id": 1132, "left": 17.986919847, "top": 68.946110046000001, "right": 18.486919847, "bottom": 68.446110046000001, "row_index": 11, "col_index": 28, "tile_id": 1132 }, "geometry": { "type": "MultiPolygon", "coordinates": [ [ [ [ 18.26717142859307, 68.874446416238484 ], [ 18.267112903624682, 68.874110641199891 ], [ 18.265971407735588, 68.874006226202368 ], [ 18.26512670681646, 68.874271885078187 ], [ 18.265062235177123, 68.874621155529709 ], [ 18.265830970928043, 68.874937100647017 ], [ 18.26717142859307, 68.874446416238484 ] ] ] ] } },
{ "type": "Feature", "properties": { "fid": 170653, "navn": null, "hoyde_moh": 59, "arealInnsjo_km2": 0.0035, "magasinKategori": null, "fid_2": 1132, "id": 1132, "left": 17.986919847, "top": 68.946110046000001, "right": 18.486919847, "bottom": 68.446110046000001, "row_index": 11, "col_index": 28, "tile_id": 1132 }, "geometry": { "type": "MultiPolygon", "coordinates": [ [ [ [ 18.372989888680468, 68.88656316826264 ], [ 18.372895490160001, 68.886223444301407 ], [ 18.372543001151261, 68.885886590993096 ], [ 18.371162260863017, 68.885643657661618 ], [ 18.370457031798672, 68.885894517629353 ], [ 18.370552664535001, 68.886085690674278 ], [ 18.371430774020741, 68.886334996935801 ], [ 18.371543020253558, 68.886238035134909 ], [ 18.370864211649828, 68.885987385550607 ], [ 18.370832434800274, 68.885827903805037 ], [ 18.371187072569143, 68.885762329117412 ], [ 18.372117331004475, 68.885963274538227 ], [ 18.37252997735531, 68.886341860211346 ], [ 18.372408414361391, 68.886563917646768 ], [ 18.372989888680468, 68.88656316826264 ] ] ] ] } },
{ "type": "Feature", "properties": { "fid": 170654, "navn": null, "hoyde_moh": 474, "arealInnsjo_km2": 0.0075, "magasinKategori": null, "fid_2": 1132, "id": 1132, "left": 17.986919847, "top": 68.946110046000001, "right": 18.486919847, "bottom": 68.446110046000001, "row_index": 11, "col_index": 28, "tile_id": 1132 }, "geometry": { "type": "MultiPolygon", "coordinates": [ [ [ [ 18.10542796071859, 68.891569854412296 ], [ 18.105325084582507, 68.891273567453098 ], [ 18.104859675047749, 68.890878759715747 ], [ 18.105867392676906, 68.890580527035937 ], [ 18.104843560518571, 68.890244120399132 ], [ 18.104124994929791, 68.89036119276463 ], [ 18.104028354653433, 68.89041619538888 ], [ 18.10415270681094, 68.890739654018418 ], [ 18.104418674464636, 68.890805012464938 ], [ 18.103939595080167, 68.891459096632019 ], [ 18.104843993417937, 68.891739329980268 ], [ 18.10542796071859, 68.891569854412296 ] ] ] ] } },
{ "type": "Feature", "properties": { "fid": 170661, "navn": null, "hoyde_moh": 935, "arealInnsjo_km2": 0.004, "magasinKategori": null, "fid_2": 1132, "id": 1132, "left": 17.986919847, "top": 68.946110046000001, "right": 18.486919847, "bottom": 68.446110046000001, "row_index": 11, "col_index": 28, "tile_id": 1132 }, "geometry": { "type": "MultiPolygon", "coordinates": [ [ [ [ 18.343451093198709, 68.928440428297634 ], [ 18.341883168904982, 68.928041232841736 ], [ 18.341409106509197, 68.928117425897014 ], [ 18.341123562823089, 68.928355955787183 ], [ 18.341280818163668, 68.92855240080651 ], [ 18.342848671140949, 68.928572033432573 ], [ 18.343451093198709, 68.928440428297634 ] ] ] ] } },
{ "type": "Feature", "properties": { "fid": 170697, "navn": null, "hoyde_moh": 71, "arealInnsjo_km2": 0.0106, "magasinKategori": null, "fid_2": 1132, "id": 1132, "left": 17.986919847, "top": 68.946110046000001, "right": 18.486919847, "bottom": 68.446110046000001, "row_index": 11, "col_index": 28, "tile_id": 1132 }, "geometry": { "type": "MultiPolygon", "coordinates": [ [ [ [ 18.436780959156906, 68.830232951001307 ], [ 18.437069234262164, 68.82984535970931 ], [ 18.436402592967458, 68.829540320149476 ], [ 18.434460229505124, 68.82963170918174 ], [ 18.434621598417497, 68.830256710692254 ], [ 18.433956368995915, 68.830575318914114 ], [ 18.435152128547895, 68.830664731893776 ], [ 18.436780959156906, 68.830232951001307 ] ] ] ] } },
{ "type": "Feature", "properties": { "fid": 170706, "navn": null, "hoyde_moh": 68, "arealInnsjo_km2": 0.0042, "magasinKategori": null, "fid_2": 1132, "id": 1132, "left": 17.986919847, "top": 68.946110046000001, "right": 18.486919847, "bottom": 68.446110046000001, "row_index": 11, "col_index": 28, "tile_id": 1132 }, "geometry": { "type": "MultiPolygon", "coordinates": [ [ [ [ 18.417166606950641, 68.911190842439623 ], [ 18.416547532429625, 68.910646491192452 ], [ 18.416020925889939, 68.910664418054296 ], [ 18.41556052899713, 68.910999272724197 ], [ 18.415976315885953, 68.911383726666159 ], [ 18.416668484258331, 68.911422017633853 ], [ 18.417166606950641, 68.911190842439623 ] ] ] ] } },
{ "type": "Feature", "properties": { "fid": 170714, "navn": "Lomtjønna", "hoyde_moh": 314, "arealInnsjo_km2": 0.0174, "magasinKategori": null, "fid_2": 1132, "id": 1132, "left": 17.986919847, "top": 68.946110046000001, "right": 18.486919847, "bottom": 68.446110046000001, "row_index": 11, "col_index": 28, "tile_id": 1132 }, "geometry": { "type": "MultiPolygon", "coordinates": [ [ [ [ 18.207332443336924, 68.887469120237611 ], [ 18.207287349235298, 68.88729210031326 ], [ 18.203878283015555, 68.886579919579447 ], [ 18.203395730186219, 68.886176429531162 ], [ 18.202576965055751, 68.886383356818442 ], [ 18.202372274255598, 68.886505638549522 ], [ 18.202452885863092, 68.886625514390886 ], [ 18.202002258504496, 68.886824343285085 ], [ 18.2030968728115, 68.887314905106891 ], [ 18.205255332310021, 68.88736082163156 ], [ 18.205536000154822, 68.887498208038593 ], [ 18.205583798752215, 68.887786783445662 ], [ 18.205467072973214, 68.88786296711487 ], [ 18.206301082664861, 68.887984362544799 ], [ 18.207332443336924, 68.887469120237611 ] ] ] ] } },
{ "type": "Feature", "properties": { "fid": 170726, "navn": null, "hoyde_moh": 484, "arealInnsjo_km2": 0.0045, "magasinKategori": null, "fid_2": 1132, "id": 1132, "left": 17.986919847, "top": 68.946110046000001, "right": 18.486919847, "bottom": 68.446110046000001, "row_index": 11, "col_index": 28, "tile_id": 1132 }, "geometry": { "type": "MultiPolygon", "coordinates": [ [ [ [ 18.227807883341111, 68.858522891334118 ], [ 18.229439139198284, 68.858235021528714 ], [ 18.228280965722444, 68.858217333277466 ], [ 18.228402492991492, 68.858010125769724 ], [ 18.22763929032207, 68.857982058435525 ], [ 18.227364249422141, 68.858262395195766 ], [ 18.225771165070579, 68.858612731951183 ], [ 18.226109776085746, 68.858763617058869 ], [ 18.227807883341111, 68.858522891334118 ] ] ] ] } },
{ "type": "Feature", "properties": { "fid": 170730, "navn": null, "hoyde_moh": 145, "arealInnsjo_km2": 0.0055, "magasinKategori": null, "fid_2": 1132, "id": 1132, "left": 17.986919847, "top": 68.946110046000001, "right": 18.486919847, "bottom": 68.446110046000001, "row_index": 11, "col_index": 28, "tile_id": 1132 }, "geometry": { "type": "MultiPolygon", "coordinates": [ [ [ [ 18.239983570582471, 68.830405172433061 ], [ 18.238383638377798, 68.829878543066727 ], [ 18.237147533772834, 68.829893851860163 ], [ 18.237260800319863, 68.830116796668932 ], [ 18.237875327722392, 68.83044323016324 ], [ 18.239983570582471, 68.830405172433061 ] ] ] ] } },
{ "type": "Feature", "properties": { "fid": 170756, "navn": null, "hoyde_moh": 579, "arealInnsjo_km2": 0.0045, "magasinKategori": null, "fid_2": 1132, "id": 1132, "left": 17.986919847, "top": 68.946110046000001, "right": 18.486919847, "bottom": 68.446110046000001, "row_index": 11, "col_index": 28, "tile_id": 1132 }, "geometry": { "type": "MultiPolygon", "coordinates": [ [ [ [ 18.1344759259974, 68.921499564450031 ], [ 18.134865711147725, 68.921351525213865 ], [ 18.132168998534532, 68.921438011702648 ], [ 18.131248030941965, 68.921875298850722 ], [ 18.131838149344663, 68.921915541503907 ], [ 18.1344759259974, 68.921499564450031 ] ] ] ] } },
{ "type": "Feature", "properties": { "fid": 170757, "navn": null, "hoyde_moh": 593, "arealInnsjo_km2": 0.0082, "magasinKategori": null, "fid_2": 1132, "id": 1132, "left": 17.986919847, "top": 68.946110046000001, "right": 18.486919847, "bottom": 68.446110046000001, "row_index": 11, "col_index": 28, "tile_id": 1132 }, "geometry": { "type": "MultiPolygon", "coordinates": [ [ [ [ 18.143551779453503, 68.921513662170838 ], [ 18.14348117638351, 68.921233223889246 ], [ 18.14292306287664, 68.920957018972473 ], [ 18.142334746436198, 68.920936444122233 ], [ 18.142162777901667, 68.920709500155567 ], [ 18.1410555050801, 68.920652609849341 ], [ 18.139825949199114, 68.920830234901615 ], [ 18.140343265, 68.92096193173029 ], [ 18.142059400562076, 68.920861165019701 ], [ 18.142187549084579, 68.92104133186298 ], [ 18.141681954239537, 68.92116566614834 ], [ 18.14143596011932, 68.921393133149877 ], [ 18.141511163961795, 68.921665765692921 ], [ 18.143232939218919, 68.921761958737221 ], [ 18.143551779453503, 68.921513662170838 ] ] ] ] } },
{ "type": "Feature", "properties": { "fid": 170758, "navn": null, "hoyde_moh": 597, "arealInnsjo_km2": 0.014, "magasinKategori": null, "fid_2": 1132, "id": 1132, "left": 17.986919847, "top": 68.946110046000001, "right": 18.486919847, "bottom": 68.446110046000001, "row_index": 11, "col_index": 28, "tile_id": 1132 }, "geometry": { "type": "MultiPolygon", "coordinates": [ [ [ [ 18.203492018518595, 68.926456783857773 ], [ 18.202599410756388, 68.925960334210771 ], [ 18.201140006005019, 68.925536031344109 ], [ 18.200111866334115, 68.925380972253009 ], [ 18.198877201870676, 68.925589380691193 ], [ 18.199994359672278, 68.92639983801152 ], [ 18.200457194839224, 68.926566950990718 ], [ 18.202062287913151, 68.926419721469145 ], [ 18.203226723313151, 68.926698628885532 ], [ 18.203492018518595, 68.926456783857773 ] ] ] ] } },
{ "type": "Feature", "properties": { "fid": 170766, "navn": null, "hoyde_moh": 854, "arealInnsjo_km2": 0.0081, "magasinKategori": null, "fid_2": 1132, "id": 1132, "left": 17.986919847, "top": 68.946110046000001, "right": 18.486919847, "bottom": 68.446110046000001, "row_index": 11, "col_index": 28, "tile_id": 1132 }, "geometry": { "type": "MultiPolygon", "coordinates": [ [ [ [ 18.32101194955375, 68.921534333856599 ], [ 18.321030033768206, 68.921351068648988 ], [ 18.320565664061348, 68.921091451648735 ], [ 18.31850262543097, 68.921062859998273 ], [ 18.318522917101117, 68.92138042888142 ], [ 18.318230385969215, 68.921766048336238 ], [ 18.319329670833238, 68.921974513219467 ], [ 18.32101194955375, 68.921534333856599 ] ] ] ] } },
{ "type": "Feature", "properties": { "fid": 170770, "navn": null, "hoyde_moh": 271, "arealInnsjo_km2": 0.0033, "magasinKategori": null, "fid_2": 1132, "id": 1132, "left": 17.986919847, "top": 68.946110046000001, "right": 18.486919847, "bottom": 68.446110046000001, "row_index": 11, "col_index": 28, "tile_id": 1132 }, "geometry": { "type": "MultiPolygon", "coordinates": [ [ [ [ 18.175454500969099, 68.887278938497147 ], [ 18.175437360653842, 68.887102290482176 ], [ 18.17646541689189, 68.886823085340154 ], [ 18.175545289041196, 68.886754242111323 ], [ 18.17421236703483, 68.887088779541244 ], [ 18.175165983359129, 68.88737698052374 ], [ 18.175454500969099, 68.887278938497147 ] ] ] ] } },
{ "type": "Feature", "properties": { "fid": 170795, "navn": null, "hoyde_moh": 248, "arealInnsjo_km2": 0.0064, "magasinKategori": null, "fid_2": 1132, "id": 1132, "left": 17.986919847, "top": 68.946110046000001, "right": 18.486919847, "bottom": 68.446110046000001, "row_index": 11, "col_index": 28, "tile_id": 1132 }, "geometry": { "type": "MultiPolygon", "coordinates": [ [ [ [ 18.216096571250144, 68.832400031916393 ], [ 18.215441035476857, 68.831960178873018 ], [ 18.215548176200794, 68.831712128851478 ], [ 18.213807969882783, 68.831918183520898 ], [ 18.213887381084856, 68.832092486954465 ], [ 18.214330387943619, 68.832233421115006 ], [ 18.214412959294862, 68.832590654013046 ], [ 18.215855810867748, 68.832653485865578 ], [ 18.216096571250144, 68.832400031916393 ] ] ] ] } },
{ "type": "Feature", "properties": { "fid": 170811, "navn": null, "hoyde_moh": 624, "arealInnsjo_km2": 0.0061, "magasinKategori": null, "fid_2": 1132, "id": 1132, "left": 17.986919847, "top": 68.946110046000001, "right": 18.486919847, "bottom": 68.446110046000001, "row_index": 11, "col_index": 28, "tile_id": 1132 }, "geometry": { "type": "MultiPolygon", "coordinates": [ [ [ [ 18.011997524262441, 68.825940917220748 ], [ 18.012583550193675, 68.825624205280789 ], [ 18.012572004637519, 68.82548426968566 ], [ 18.012067164415107, 68.825323279690309 ], [ 18.011449262322554, 68.82547644467796 ], [ 18.011423693539179, 68.825725398090171 ], [ 18.01021929259305, 68.825772878510804 ], [ 18.009740949231109, 68.825960999337113 ], [ 18.009574085812222, 68.826232117416055 ], [ 18.010422919707235, 68.826366009128307 ], [ 18.011997524262441, 68.825940917220748 ] ] ] ] } },
{ "type": "Feature", "properties": { "fid": 170825, "navn": "Tjønna", "hoyde_moh": 244, "arealInnsjo_km2": 0.0306, "magasinKategori": null, "fid_2": 1132, "id": 1132, "left": 17.986919847, "top": 68.946110046000001, "right": 18.486919847, "bottom": 68.446110046000001, "row_index": 11, "col_index": 28, "tile_id": 1132 }, "geometry": { "type": "MultiPolygon", "coordinates": [ [ [ [ 18.192694413595738, 68.899740334200715 ], [ 18.193128605972152, 68.899330485643262 ], [ 18.194212106261244, 68.899091082145375 ], [ 18.194281942915911, 68.898801825244277 ], [ 18.195173159562692, 68.898563238996516 ], [ 18.194597893996658, 68.898410352133396 ], [ 18.194344421860652, 68.898089181285769 ], [ 18.192250157894073, 68.89800302877272 ], [ 18.189810965655177, 68.898762369787335 ], [ 18.18947816272383, 68.898989300005027 ], [ 18.189700977027602, 68.899402364461835 ], [ 18.190648162793664, 68.899908433093486 ], [ 18.192057203789158, 68.899948914458932 ], [ 18.192694413595738, 68.899740334200715 ] ] ] ] } },
{ "type": "Feature", "properties": { "fid": 170826, "navn": null, "hoyde_moh": 566, "arealInnsjo_km2": 0.0047, "magasinKategori": null, "fid_2": 1132, "id": 1132, "left": 17.986919847, "top": 68.946110046000001, "right": 18.486919847, "bottom": 68.446110046000001, "row_index": 11, "col_index": 28, "tile_id": 1132 }, "geometry": { "type": "MultiPolygon", "coordinates": [ [ [ [ 18.147728423364107, 68.91200720159857 ], [ 18.147274941465195, 68.911697655807671 ], [ 18.147414817760545, 68.911610225777835 ], [ 18.147322955820751, 68.911437921959092 ], [ 18.14654095023965, 68.911251252639872 ], [ 18.146250601827596, 68.911258949876782 ], [ 18.146404853614129, 68.911680329134597 ], [ 18.145808974224938, 68.912025149973445 ], [ 18.146416116857019, 68.912174290930707 ], [ 18.147728423364107, 68.91200720159857 ] ], [ [ 18.146858970566729, 68.911758133347405 ], [ 18.147266752056382, 68.911871179662114 ], [ 18.147149626639425, 68.911903061967763 ], [ 18.146858970566729, 68.911758133347405 ] ] ] ] } },
{ "type": "Feature", "properties": { "fid": 170828, "navn": null, "hoyde_moh": 64, "arealInnsjo_km2": 0.0046, "magasinKategori": null, "fid_2": 1132, "id": 1132, "left": 17.986919847, "top": 68.946110046000001, "right": 18.486919847, "bottom": 68.446110046000001, "row_index": 11, "col_index": 28, "tile_id": 1132 }, "geometry": { "type": "MultiPolygon", "coordinates": [ [ [ [ 18.473120162386525, 68.935157498223035 ], [ 18.473171713025099, 68.934874458419003 ], [ 18.472908883049367, 68.934314936314394 ], [ 18.472046508497616, 68.934385399142613 ], [ 18.471765355739969, 68.93468478944213 ], [ 18.472026471902151, 68.935027377706035 ], [ 18.473120162386525, 68.935157498223035 ] ] ] ] } },
{ "type": "Feature", "properties": { "fid": 170835, "navn": null, "hoyde_moh": 300, "arealInnsjo_km2": 0.0127, "magasinKategori": null, "fid_2": 1132, "id": 1132, "left": 17.986919847, "top": 68.946110046000001, "right": 18.486919847, "bottom": 68.446110046000001, "row_index": 11, "col_index": 28, "tile_id": 1132 }, "geometry": { "type": "MultiPolygon", "coordinates": [ [ [ [ 18.087022245192848, 68.888074614254663 ], [ 18.088231751646116, 68.887587072179727 ], [ 18.086853009644859, 68.886802984679392 ], [ 18.086408735396812, 68.886909979766344 ], [ 18.086652498473256, 68.887227420949586 ], [ 18.08510154991767, 68.887459611689465 ], [ 18.084653650800483, 68.887597911016115 ], [ 18.084334005720702, 68.887911290244588 ], [ 18.084509042755148, 68.888068195976061 ], [ 18.085492254528216, 68.888193214870768 ], [ 18.087022245192848, 68.888074614254663 ] ] ] ] } },
{ "type": "Feature", "properties": { "fid": 170836, "navn": null, "hoyde_moh": 414, "arealInnsjo_km2": 0.0056, "magasinKategori": null, "fid_2": 1132, "id": 1132, "left": 17.986919847, "top": 68.946110046000001, "right": 18.486919847, "bottom": 68.446110046000001, "row_index": 11, "col_index": 28, "tile_id": 1132 }, "geometry": { "type": "MultiPolygon", "coordinates": [ [ [ [ 18.132090273328149, 68.887426641284264 ], [ 18.131837995190477, 68.886979854800373 ], [ 18.13129923695119, 68.886718803128474 ], [ 18.129994352788657, 68.886838784636439 ], [ 18.130044664640845, 68.887046514805718 ], [ 18.130627176922172, 68.887405616516887 ], [ 18.131881174749854, 68.887550439349511 ], [ 18.132090273328149, 68.887426641284264 ] ] ] ] } },
{ "type": "Feature", "properties": { "fid": 170885, "navn": null, "hoyde_moh": 60, "arealInnsjo_km2": 0.0041, "magasinKategori": null, "fid_2": 1132, "id": 1132, "left": 17.986919847, "top": 68.946110046000001, "right": 18.486919847, "bottom": 68.446110046000001, "row_index": 11, "col_index": 28, "tile_id": 1132 }, "geometry": { "type": "MultiPolygon", "coordinates": [ [ [ [ 18.350866101746234, 68.88507240977755 ], [ 18.351765595655447, 68.884677364301083 ], [ 18.350178278702813, 68.885105709294876 ], [ 18.349121645138418, 68.884973136439157 ], [ 18.349130603270485, 68.884764181337658 ], [ 18.349634848909929, 68.88427518645797 ], [ 18.350940222648553, 68.88414289344658 ], [ 18.350451041904019, 68.884040549487722 ], [ 18.349268474231852, 68.884215769118526 ], [ 18.348593056820484, 68.884809602512078 ], [ 18.349104003273606, 68.885169152045762 ], [ 18.350000100063582, 68.885229994872589 ], [ 18.350866101746234, 68.88507240977755 ] ] ] ] } },
{ "type": "Feature", "properties": { "fid": 170886, "navn": null, "hoyde_moh": 357, "arealInnsjo_km2": 0.0033, "magasinKategori": null, "fid_2": 1132, "id": 1132, "left": 17.986919847, "top": 68.946110046000001, "right": 18.486919847, "bottom": 68.446110046000001, "row_index": 11, "col_index": 28, "tile_id": 1132 }, "geometry": { "type": "MultiPolygon", "coordinates": [ [ [ [ 18.146161364961511, 68.889088390386831 ], [ 18.146625433160203, 68.88873522072987 ], [ 18.146644285091963, 68.888566617073423 ], [ 18.145457211211092, 68.888667659206064 ], [ 18.14546651867645, 68.888906491869136 ], [ 18.145135290281644, 68.889246429299376 ], [ 18.145458774633489, 68.889302132941395 ], [ 18.146161364961511, 68.889088390386831 ] ] ] ] } },
{ "type": "Feature", "properties": { "fid": 170900, "navn": null, "hoyde_moh": 435, "arealInnsjo_km2": 0.0095, "magasinKategori": null, "fid_2": 1132, "id": 1132, "left": 17.986919847, "top": 68.946110046000001, "right": 18.486919847, "bottom": 68.446110046000001, "row_index": 11, "col_index": 28, "tile_id": 1132 }, "geometry": { "type": "MultiPolygon", "coordinates": [ [ [ [ 18.137377300622653, 68.906623422037654 ], [ 18.137906728260692, 68.906467232301225 ], [ 18.138408304079885, 68.906093919320455 ], [ 18.13667073843494, 68.906176207322702 ], [ 18.135466365517413, 68.905925083999193 ], [ 18.134611657124655, 68.906155039330443 ], [ 18.135496486594167, 68.906783843597267 ], [ 18.137377300622653, 68.906623422037654 ] ] ] ] } },
{ "type": "Feature", "properties": { "fid": 170919, "navn": "Snørkvatnet", "hoyde_moh": 178, "arealInnsjo_km2": 0.027, "magasinKategori": null, "fid_2": 1132, "id": 1132, "left": 17.986919847, "top": 68.946110046000001, "right": 18.486919847, "bottom": 68.446110046000001, "row_index": 11, "col_index": 28, "tile_id": 1132 }, "geometry": { "type": "MultiPolygon", "coordinates": [ [ [ [ 18.141936567787358, 68.82779053386372 ], [ 18.141992611620392, 68.827516283796896 ], [ 18.142352516513256, 68.827356811108871 ], [ 18.142608326393177, 68.827409359106284 ], [ 18.14254784032185, 68.827753902917749 ], [ 18.143128035898116, 68.827908187461389 ], [ 18.144004534856144, 68.827704760622879 ], [ 18.144011629115536, 68.827446320010026 ], [ 18.143437259172824, 68.827317339653803 ], [ 18.143466495310491, 68.827092427675751 ], [ 18.142713225155269, 68.82699261481288 ], [ 18.142434856685615, 68.826791263290872 ], [ 18.140888044998796, 68.826717439772452 ], [ 18.137935936682183, 68.827073247312157 ], [ 18.137621648027235, 68.827204213883945 ], [ 18.13722217808084, 68.82768484547384 ], [ 18.13734202469664, 68.827819282133305 ], [ 18.138746574825216, 68.827722755097213 ], [ 18.140232432895921, 68.828118345008747 ], [ 18.141936567787358, 68.82779053386372 ] ] ] ] } },
{ "type": "Feature", "properties": { "fid": 170948, "navn": null, "hoyde_moh": 602, "arealInnsjo_km2": 0.0054, "magasinKategori": null, "fid_2": 1132, "id": 1132, "left": 17.986919847, "top": 68.946110046000001, "right": 18.486919847, "bottom": 68.446110046000001, "row_index": 11, "col_index": 28, "tile_id": 1132 }, "geometry": { "type": "MultiPolygon", "coordinates": [ [ [ [ 18.143418049745403, 68.924034645639594 ], [ 18.14367891413707, 68.923830963657878 ], [ 18.143281749693163, 68.923532845701615 ], [ 18.142600868884305, 68.923519634221435 ], [ 18.141885278396938, 68.923947896339797 ], [ 18.142178398699979, 68.924054901275809 ], [ 18.1412112888123, 68.924149762749593 ], [ 18.141813742006541, 68.9244706769435 ], [ 18.143418049745403, 68.924034645639594 ] ] ] ] } },
{ "type": "Feature", "properties": { "fid": 170951, "navn": null, "hoyde_moh": 514, "arealInnsjo_km2": 0.0048, "magasinKategori": null, "fid_2": 1132, "id": 1132, "left": 17.986919847, "top": 68.946110046000001, "right": 18.486919847, "bottom": 68.446110046000001, "row_index": 11, "col_index": 28, "tile_id": 1132 }, "geometry": { "type": "MultiPolygon", "coordinates": [ [ [ [ 18.108843006011035, 68.90709744242406 ], [ 18.109371167210558, 68.906789098477745 ], [ 18.108988746654031, 68.906643361233975 ], [ 18.108405963276656, 68.906784899420416 ], [ 18.107620680251308, 68.906638610297449 ], [ 18.106868480240006, 68.906796701289991 ], [ 18.106914277677443, 68.907104713536256 ], [ 18.107724765533113, 68.907254676155929 ], [ 18.108843006011035, 68.90709744242406 ] ] ] ] } },
{ "type": "Feature", "properties": { "fid": 170965, "navn": null, "hoyde_moh": 452, "arealInnsjo_km2": 0.008, "magasinKategori": null, "fid_2": 1132, "id": 1132, "left": 17.986919847, "top": 68.946110046000001, "right": 18.486919847, "bottom": 68.446110046000001, "row_index": 11, "col_index": 28, "tile_id": 1132 }, "geometry": { "type": "MultiPolygon", "coordinates": [ [ [ [ 18.472572625630377, 68.855665465218351 ], [ 18.472616699075125, 68.855465823805943 ], [ 18.473775862747043, 68.855578549247639 ], [ 18.473928985123393, 68.855378025321087 ], [ 18.473201504326411, 68.854870941498049 ], [ 18.470827117367183, 68.855255505762003 ], [ 18.471117513444089, 68.855659449064007 ], [ 18.472572625630377, 68.855665465218351 ] ] ] ] } },
{ "type": "Feature", "properties": { "fid": 170972, "navn": "Veslvatnet", "hoyde_moh": 135, "arealInnsjo_km2": 0.016, "magasinKategori": null, "fid_2": 1132, "id": 1132, "left": 17.986919847, "top": 68.946110046000001, "right": 18.486919847, "bottom": 68.446110046000001, "row_index": 11, "col_index": 28, "tile_id": 1132 }, "geometry": { "type": "MultiPolygon", "coordinates": [ [ [ [ 18.398390816144563, 68.830806505417044 ], [ 18.399215598167075, 68.830421720986578 ], [ 18.399203010365781, 68.830086655569247 ], [ 18.399440866145248, 68.829908936440091 ], [ 18.39596278466265, 68.830120693113514 ], [ 18.395494563391104, 68.830234944856045 ], [ 18.395248740874909, 68.830550751283468 ], [ 18.394657137732953, 68.83075663986925 ], [ 18.394845983996337, 68.830972696594017 ], [ 18.396002380406486, 68.831018718449371 ], [ 18.398390816144563, 68.830806505417044 ] ] ] ] } },
{ "type": "Feature", "properties": { "fid": 170973, "navn": null, "hoyde_moh": 249, "arealInnsjo_km2": 0.0059, "magasinKategori": null, "fid_2": 1132, "id": 1132, "left": 17.986919847, "top": 68.946110046000001, "right": 18.486919847, "bottom": 68.446110046000001, "row_index": 11, "col_index": 28, "tile_id": 1132 }, "geometry": { "type": "MultiPolygon", "coordinates": [ [ [ [ 18.215528255598695, 68.833938101189688 ], [ 18.215782556345463, 68.833226109500771 ], [ 18.214738268126759, 68.833326779954461 ], [ 18.213658669052162, 68.833794270247935 ], [ 18.213782567613709, 68.834126388586625 ], [ 18.215528255598695, 68.833938101189688 ] ] ] ] } },
{ "type": "Feature", "properties": { "fid": 170977, "navn": "Abborvatnet", "hoyde_moh": 72, "arealInnsjo_km2": 0.0371, "magasinKategori": null, "fid_2": 1132, "id": 1132, "left": 17.986919847, "top": 68.946110046000001, "right": 18.486919847, "bottom": 68.446110046000001, "row_index": 11, "col_index": 28, "tile_id": 1132 }, "geometry": { "type": "MultiPolygon", "coordinates": [ [ [ [ 18.460262780083337, 68.823065406473148 ], [ 18.461640190074224, 68.822318068127856 ], [ 18.463121202181441, 68.8220091894935 ], [ 18.463191955340356, 68.821671603327076 ], [ 18.460681564976511, 68.821195829929493 ], [ 18.459228426840536, 68.821191058046651 ], [ 18.456689142700643, 68.822190238446083 ], [ 18.456736388557658, 68.822603547540282 ], [ 18.458730895246653, 68.823155361660781 ], [ 18.460262780083337, 68.823065406473148 ] ] ] ] } },
{ "type": "Feature", "properties": { "fid": 170978, "navn": "Holmvatnet", "hoyde_moh": 287, "arealInnsjo_km2": 0.0337, "magasinKategori": null, "fid_2": 1132, "id": 1132, "left": 17.986919847, "top": 68.946110046000001, "right": 18.486919847, "bottom": 68.446110046000001, "row_index": 11, "col_index": 28, "tile_id": 1132 }, "geometry": { "type": "MultiPolygon", "coordinates": [ [ [ [ 18.314136571958699, 68.82583264649638 ], [ 18.314417484225839, 68.825596478099655 ], [ 18.31433890881414, 68.825013893076061 ], [ 18.312670103858981, 68.82450652611243 ], [ 18.310710642023391, 68.824317748909337 ], [ 18.309610351366839, 68.824402419217705 ], [ 18.309407831034786, 68.824479999329569 ], [ 18.309440671578329, 68.824631920945947 ], [ 18.308716766132644, 68.824825711427394 ], [ 18.309239227815223, 68.825238013521755 ], [ 18.310860059216125, 68.825765296153847 ], [ 18.310855155087285, 68.82589056624461 ], [ 18.310217728746842, 68.826084831194066 ], [ 18.310322553370497, 68.826238043050751 ], [ 18.312701409110442, 68.826198556355322 ], [ 18.314136571958699, 68.82583264649638 ] ], [ [ 18.311800725515884, 68.825096651594549 ], [ 18.312533942372635, 68.825110093069242 ], [ 18.312205256639835, 68.825191036266517 ], [ 18.311800725515884, 68.825096651594549 ] ] ] ] } },
{ "type": "Feature", "properties": { "fid": 170987, "navn": null, "hoyde_moh": 273, "arealInnsjo_km2": 0.0059, "magasinKategori": null, "fid_2": 1132, "id": 1132, "left": 17.986919847, "top": 68.946110046000001, "right": 18.486919847, "bottom": 68.446110046000001, "row_index": 11, "col_index": 28, "tile_id": 1132 }, "geometry": { "type": "MultiPolygon", "coordinates": [ [ [ [ 18.312790362506473, 68.836915409862328 ], [ 18.31379174777539, 68.83685825055575 ], [ 18.313932556709034, 68.836628141500867 ], [ 18.313856410027313, 68.836318127423681 ], [ 18.313344404598162, 68.836207701384453 ], [ 18.312606779295518, 68.83661638075607 ], [ 18.311227475156908, 68.836632232610796 ], [ 18.311274122954231, 68.836809835830152 ], [ 18.311755102371311, 68.83698705215933 ], [ 18.312639190635544, 68.837062928686024 ], [ 18.312790362506473, 68.836915409862328 ] ] ] ] } },
{ "type": "Feature", "properties": { "fid": 171000, "navn": null, "hoyde_moh": 391, "arealInnsjo_km2": 0.0061, "magasinKategori": null, "fid_2": 1132, "id": 1132, "left": 17.986919847, "top": 68.946110046000001, "right": 18.486919847, "bottom": 68.446110046000001, "row_index": 11, "col_index": 28, "tile_id": 1132 }, "geometry": { "type": "MultiPolygon", "coordinates": [ [ [ [ 18.135826813034846, 68.88647580496287 ], [ 18.135829998354286, 68.88631557290158 ], [ 18.134574713553899, 68.885417971380249 ], [ 18.133685954977821, 68.885416113328446 ], [ 18.134282910580755, 68.885861218515487 ], [ 18.134212400653031, 68.886063092718587 ], [ 18.134590918072632, 68.886474331422306 ], [ 18.135190254262049, 68.886640703112974 ], [ 18.135826813034846, 68.88647580496287 ] ] ] ] } },
{ "type": "Feature", "properties": { "fid": 171438, "navn": null, "hoyde_moh": 545, "arealInnsjo_km2": 0.0118, "magasinKategori": null, "fid_2": 1132, "id": 1132, "left": 17.986919847, "top": 68.946110046000001, "right": 18.486919847, "bottom": 68.446110046000001, "row_index": 11, "col_index": 28, "tile_id": 1132 }, "geometry": { "type": "MultiPolygon", "coordinates": [ [ [ [ 17.996739332070987, 68.501163528952759 ], [ 17.997061108495888, 68.500788883089811 ], [ 17.997703065482533, 68.500451607387859 ], [ 17.997762796789438, 68.500169804906761 ], [ 17.99744406249124, 68.499953571125715 ], [ 17.99699154389565, 68.50012128258642 ], [ 17.9955157012269, 68.500030398602163 ], [ 17.995486843770436, 68.499838790003039 ], [ 17.994958522759472, 68.499855856253333 ], [ 17.995056558349919, 68.50049870834664 ], [ 17.9952980782185, 68.500721532484405 ], [ 17.99540940829997, 68.501200751957654 ], [ 17.996316277430171, 68.501293453991011 ], [ 17.996739332070987, 68.501163528952759 ] ], [ [ 17.995880332449698, 68.500321498469347 ], [ 17.996261321075437, 68.500280397626199 ], [ 17.996241506102454, 68.50048140457767 ], [ 17.995568902075803, 68.500563984076095 ], [ 17.995880332449698, 68.500321498469347 ] ] ] ] } },
{ "type": "Feature", "properties": { "fid": 171781, "navn": "Bostadtjønna", "hoyde_moh": 69, "arealInnsjo_km2": 0.0399, "magasinKategori": null, "fid_2": 1132, "id": 1132, "left": 17.986919847, "top": 68.946110046000001, "right": 18.486919847, "bottom": 68.446110046000001, "row_index": 11, "col_index": 28, "tile_id": 1132 }, "geometry": { "type": "MultiPolygon", "coordinates": [ [ [ [ 18.428448046995943, 68.827037034914198 ], [ 18.428709092046294, 68.826667072040863 ], [ 18.428681470781704, 68.82584377536584 ], [ 18.429220516141356, 68.825734552518114 ], [ 18.430032155581895, 68.82525001012884 ], [ 18.432917862272333, 68.825080320346203 ], [ 18.434785819920826, 68.825240910078278 ], [ 18.436510748742993, 68.824545222794782 ], [ 18.436343984474181, 68.824300830304139 ], [ 18.434261708100266, 68.823973160005522 ], [ 18.429939885603645, 68.824424965769765 ], [ 18.42974904631243, 68.824522486618278 ], [ 18.429933297168464, 68.82496562493705 ], [ 18.429778772369069, 68.825094022729175 ], [ 18.428558794978628, 68.82540998916393 ], [ 18.428168954768772, 68.825653685531336 ], [ 18.428189905862965, 68.825864838691317 ], [ 18.427904287404491, 68.826082182646232 ], [ 18.426373446935287, 68.826534713018134 ], [ 18.426701097452355, 68.826719649499907 ], [ 18.426932118904311, 68.827100780113454 ], [ 18.427881099742365, 68.827205459533204 ], [ 18.428448046995943, 68.827037034914198 ] ] ] ] } },
{ "type": "Feature", "properties": { "fid": 171782, "navn": null, "hoyde_moh": 259, "arealInnsjo_km2": 0.0058, "magasinKategori": null, "fid_2": 1132, "id": 1132, "left": 17.986919847, "top": 68.946110046000001, "right": 18.486919847, "bottom": 68.446110046000001, "row_index": 11, "col_index": 28, "tile_id": 1132 }, "geometry": { "type": "MultiPolygon", "coordinates": [ [ [ [ 18.342409664539097, 68.830924355384994 ], [ 18.342735934979739, 68.830621422036714 ], [ 18.342402259783295, 68.83050092751823 ], [ 18.341564845528666, 68.830605321137341 ], [ 18.34056176227984, 68.830495571051983 ], [ 18.340258001839373, 68.830644593699219 ], [ 18.340388869370233, 68.830789376294504 ], [ 18.340133109323542, 68.83099321833032 ], [ 18.342517711542801, 68.831117088551551 ], [ 18.342409664539097, 68.830924355384994 ] ] ] ] } },
{ "type": "Feature", "properties": { "fid": 171881, "navn": null, "hoyde_moh": 858, "arealInnsjo_km2": 0.0043, "magasinKategori": null, "fid_2": 1132, "id": 1132, "left": 17.986919847, "top": 68.946110046000001, "right": 18.486919847, "bottom": 68.446110046000001, "row_index": 11, "col_index": 28, "tile_id": 1132 }, "geometry": { "type": "MultiPolygon", "coordinates": [ [ [ [ 18.009856380413201, 68.660996546696978 ], [ 18.008533380162348, 68.661122755600672 ], [ 18.009951474480328, 68.661494729775725 ], [ 18.011814047598342, 68.661461675117167 ], [ 18.009856380413201, 68.660996546696978 ] ] ] ] } },
{ "type": "Feature", "properties": { "fid": 171883, "navn": null, "hoyde_moh": 524, "arealInnsjo_km2": 0.0025, "magasinKategori": null, "fid_2": 1132, "id": 1132, "left": 17.986919847, "top": 68.946110046000001, "right": 18.486919847, "bottom": 68.446110046000001, "row_index": 11, "col_index": 28, "tile_id": 1132 }, "geometry": { "type": "MultiPolygon", "coordinates": [ [ [ [ 18.082191463514167, 68.519140147403135 ], [ 18.082176592893351, 68.518836057140618 ], [ 18.081565347924883, 68.518948376883714 ], [ 18.080546538967557, 68.518716856404779 ], [ 18.081220420177054, 68.519252878032702 ], [ 18.081835843790653, 68.519328757249951 ], [ 18.082191463514167, 68.519140147403135 ] ] ] ] } },
{ "type": "Feature", "properties": { "fid": 171884, "navn": null, "hoyde_moh": 876, "arealInnsjo_km2": 0.0052, "magasinKategori": null, "fid_2": 1132, "id": 1132, "left": 17.986919847, "top": 68.946110046000001, "right": 18.486919847, "bottom": 68.446110046000001, "row_index": 11, "col_index": 28, "tile_id": 1132 }, "geometry": { "type": "MultiPolygon", "coordinates": [ [ [ [ 18.00282356815082, 68.663379731707195 ], [ 18.00081320112222, 68.663076585531115 ], [ 18.00021559328696, 68.663129585860503 ], [ 18.000015026390546, 68.663332635087642 ], [ 18.000346787683011, 68.663534479916976 ], [ 18.002378900023338, 68.663608045369301 ], [ 18.00282356815082, 68.663379731707195 ] ] ] ] } },
{ "type": "Feature", "properties": { "fid": 171932, "navn": null, "hoyde_moh": 543, "arealInnsjo_km2": 0.0132, "magasinKategori": null, "fid_2": 1132, "id": 1132, "left": 17.986919847, "top": 68.946110046000001, "right": 18.486919847, "bottom": 68.446110046000001, "row_index": 11, "col_index": 28, "tile_id": 1132 }, "geometry": { "type": "MultiPolygon", "coordinates": [ [ [ [ 18.183454791668943, 68.933602609417633 ], [ 18.183668708283037, 68.933120235167294 ], [ 18.181839059427563, 68.932448046428561 ], [ 18.181086958776742, 68.932690856004484 ], [ 18.181325251782852, 68.932964117158008 ], [ 18.180951246953185, 68.933208848629647 ], [ 18.180102153823089, 68.933371129357297 ], [ 18.180000927345482, 68.933711240439067 ], [ 18.183454791668943, 68.933602609417633 ] ] ] ] } },
{ "type": "Feature", "properties": { "fid": 171949, "navn": null, "hoyde_moh": 460, "arealInnsjo_km2": 0.0042, "magasinKategori": null, "fid_2": 1132, "id": 1132, "left": 17.986919847, "top": 68.946110046000001, "right": 18.486919847, "bottom": 68.446110046000001, "row_index": 11, "col_index": 28, "tile_id": 1132 }, "geometry": { "type": "MultiPolygon", "coordinates": [ [ [ [ 18.012616175538732, 68.522558998088257 ], [ 18.011759339929721, 68.522371025804219 ], [ 18.00947890853719, 68.522553506855999 ], [ 18.011950888506313, 68.522873220719291 ], [ 18.012616175538732, 68.522558998088257 ] ] ] ] } },
{ "type": "Feature", "properties": { "fid": 171950, "navn": null, "hoyde_moh": 881, "arealInnsjo_km2": 0.006, "magasinKategori": null, "fid_2": 1132, "id": 1132, "left": 17.986919847, "top": 68.946110046000001, "right": 18.486919847, "bottom": 68.446110046000001, "row_index": 11, "col_index": 28, "tile_id": 1132 }, "geometry": { "type": "MultiPolygon", "coordinates": [ [ [ [ 18.002284873578677, 68.545774415208754 ], [ 18.004012436527919, 68.545297429083547 ], [ 18.00426138757653, 68.545102917996161 ], [ 18.002938665705173, 68.545092181258553 ], [ 18.000580186076931, 68.545762943331027 ], [ 18.00106928322699, 68.545940316230812 ], [ 18.002284873578677, 68.545774415208754 ] ] ] ] } },
{ "type": "Feature", "properties": { "fid": 172213, "navn": null, "hoyde_moh": 509, "arealInnsjo_km2": 0.007, "magasinKategori": null, "fid_2": 1132, "id": 1132, "left": 17.986919847, "top": 68.946110046000001, "right": 18.486919847, "bottom": 68.446110046000001, "row_index": 11, "col_index": 28, "tile_id": 1132 }, "geometry": { "type": "MultiPolygon", "coordinates": [ [ [ [ 18.214198675339652, 68.868366573909938 ], [ 18.213037173886399, 68.868243694223963 ], [ 18.211711474869052, 68.867745270669374 ], [ 18.210793864634191, 68.867768165313933 ], [ 18.212278746930632, 68.868478901354067 ], [ 18.214196055689179, 68.86907532370806 ], [ 18.214198675339652, 68.868366573909938 ] ] ] ] } },
{ "type": "Feature", "properties": { "fid": 172214, "navn": null, "hoyde_moh": 415, "arealInnsjo_km2": 0.0033, "magasinKategori": null, "fid_2": 1132, "id": 1132, "left": 17.986919847, "top": 68.946110046000001, "right": 18.486919847, "bottom": 68.446110046000001, "row_index": 11, "col_index": 28, "tile_id": 1132 }, "geometry": { "type": "MultiPolygon", "coordinates": [ [ [ [ 18.442655143271846, 68.865349270680028 ], [ 18.441728949615062, 68.865264568970943 ], [ 18.440888433818017, 68.86558862139664 ], [ 18.441098569848982, 68.865767029283788 ], [ 18.441852863291967, 68.865834380330895 ], [ 18.442655143271846, 68.865349270680028 ] ] ] ] } },
{ "type": "Feature", "properties": { "fid": 172215, "navn": null, "hoyde_moh": 472, "arealInnsjo_km2": 0.0072, "magasinKategori": null, "fid_2": 1132, "id": 1132, "left": 17.986919847, "top": 68.946110046000001, "right": 18.486919847, "bottom": 68.446110046000001, "row_index": 11, "col_index": 28, "tile_id": 1132 }, "geometry": { "type": "MultiPolygon", "coordinates": [ [ [ [ 18.418646426670101, 68.868509924527288 ], [ 18.418646553971627, 68.868244825838346 ], [ 18.417802304966798, 68.868105811512081 ], [ 18.416009067629922, 68.868272958332128 ], [ 18.416061333698313, 68.868510063288184 ], [ 18.416862669400494, 68.868774144951331 ], [ 18.418173063290425, 68.86887424941753 ], [ 18.418646426670101, 68.868509924527288 ] ] ] ] } },
{ "type": "Feature", "properties": { "fid": 172252, "navn": null, "hoyde_moh": 781, "arealInnsjo_km2": 0.0673, "magasinKategori": null, "fid_2": 1132, "id": 1132, "left": 17.986919847, "top": 68.946110046000001, "right": 18.486919847, "bottom": 68.446110046000001, "row_index": 11, "col_index": 28, "tile_id": 1132 }, "geometry": { "type": "MultiPolygon", "coordinates": [ [ [ [ 18.41808799546828, 68.670447210743504 ], [ 18.420993716460547, 68.670381954557342 ], [ 18.418274578596378, 68.669921672754 ], [ 18.417751192673009, 68.669678219669564 ], [ 18.417555308592817, 68.669440705239325 ], [ 18.417963873469024, 68.669229833502328 ], [ 18.417935584383905, 68.669117343838536 ], [ 18.417362151512631, 68.668862600540251 ], [ 18.417244727512269, 68.668370071467578 ], [ 18.417033954848062, 68.668199672008299 ], [ 18.415409052314807, 68.668288696065048 ], [ 18.413360890051155, 68.668668697803497 ], [ 18.411941822980662, 68.669242322301528 ], [ 18.411668756551901, 68.669541409647351 ], [ 18.411990092122323, 68.66996300427239 ], [ 18.411838847494334, 68.67037673186492 ], [ 18.411321803111871, 68.670664496468248 ], [ 18.411372653606531, 68.670837776318493 ], [ 18.414210164101029, 68.671049263991378 ], [ 18.41808799546828, 68.670447210743504 ] ] ] ] } },
{ "type": "Feature", "properties": { "fid": 172299, "navn": null, "hoyde_moh": 485, "arealInnsjo_km2": 0.0037, "magasinKategori": null, "fid_2": 1132, "id": 1132, "left": 17.986919847, "top": 68.946110046000001, "right": 18.486919847, "bottom": 68.446110046000001, "row_index": 11, "col_index": 28, "tile_id": 1132 }, "geometry": { "type": "MultiPolygon", "coordinates": [ [ [ [ 18.110119017815769, 68.900945211997538 ], [ 18.110002391689441, 68.900436844247807 ], [ 18.109561673995017, 68.900432143962448 ], [ 18.109157522743583, 68.900131124447896 ], [ 18.108791084226997, 68.900216912404943 ], [ 18.108810923292037, 68.900721211794561 ], [ 18.109262392503467, 68.90098832864183 ], [ 18.110119017815769, 68.900945211997538 ] ] ] ] } },
{ "type": "Feature", "properties": { "fid": 172301, "navn": null, "hoyde_moh": 553, "arealInnsjo_km2": 0.0123, "magasinKategori": null, "fid_2": 1132, "id": 1132, "left": 17.986919847, "top": 68.946110046000001, "right": 18.486919847, "bottom": 68.446110046000001, "row_index": 11, "col_index": 28, "tile_id": 1132 }, "geometry": { "type": "MultiPolygon", "coordinates": [ [ [ [ 18.210248264845777, 68.920880801740552 ], [ 18.210186533996065, 68.9206775178275 ], [ 18.209618390609055, 68.920430798467891 ], [ 18.207406840164502, 68.920383460518039 ], [ 18.206044691487143, 68.920713025190352 ], [ 18.204941175932941, 68.920559775504429 ], [ 18.205122194345773, 68.920957990217602 ], [ 18.206663714038402, 68.92084315209469 ], [ 18.209733399781861, 68.921268327506908 ], [ 18.210248264845777, 68.920880801740552 ] ] ] ] } },
{ "type": "Feature", "properties": { "fid": 172325, "navn": null, "hoyde_moh": 456, "arealInnsjo_km2": 0.0113, "magasinKategori": null, "fid_2": 1132, "id": 1132, "left": 17.986919847, "top": 68.946110046000001, "right": 18.486919847, "bottom": 68.446110046000001, "row_index": 11, "col_index": 28, "tile_id": 1132 }, "geometry": { "type": "MultiPolygon", "coordinates": [ [ [ [ 18.017884219920862, 68.67941736966327 ], [ 18.017931302592132, 68.678565257666151 ], [ 18.016723476140129, 68.678267054021305 ], [ 18.01577931551963, 68.678341467492572 ], [ 18.015656061638637, 68.67890558554916 ], [ 18.016342015100836, 68.679488198469556 ], [ 18.017530319268651, 68.679663220766756 ], [ 18.017884219920862, 68.67941736966327 ] ] ] ] } },
{ "type": "Feature", "properties": { "fid": 172329, "navn": null, "hoyde_moh": 590, "arealInnsjo_km2": 0.0018, "magasinKategori": null, "fid_2": 1132, "id": 1132, "left": 17.986919847, "top": 68.946110046000001, "right": 18.486919847, "bottom": 68.446110046000001, "row_index": 11, "col_index": 28, "tile_id": 1132 }, "geometry": { "type": "MultiPolygon", "coordinates": [ [ [ [ 18.083173899312307, 68.514265302527974 ], [ 18.083308623770495, 68.514107861888817 ], [ 18.082368229965116, 68.5140149756635 ], [ 18.081881883978124, 68.514291192087228 ], [ 18.082442721012768, 68.514409459446625 ], [ 18.083173899312307, 68.514265302527974 ] ] ] ] } },
{ "type": "Feature", "properties": { "fid": 172377, "navn": null, "hoyde_moh": 862, "arealInnsjo_km2": 0.0051, "magasinKategori": null, "fid_2": 1132, "id": 1132, "left": 17.986919847, "top": 68.946110046000001, "right": 18.486919847, "bottom": 68.446110046000001, "row_index": 11, "col_index": 28, "tile_id": 1132 }, "geometry": { "type": "MultiPolygon", "coordinates": [ [ [ [ 18.432789751617968, 68.781828807835595 ], [ 18.43290798907567, 68.781274658226479 ], [ 18.432043250169656, 68.781245475213225 ], [ 18.430848023533883, 68.781474788336666 ], [ 18.430925158225648, 68.781638914498231 ], [ 18.431915874792047, 68.78194295604743 ], [ 18.432789751617968, 68.781828807835595 ] ] ] ] } },
{ "type": "Feature", "properties": { "fid": 172382, "navn": null, "hoyde_moh": 802, "arealInnsjo_km2": 0.0052, "magasinKategori": null, "fid_2": 1132, "id": 1132, "left": 17.986919847, "top": 68.946110046000001, "right": 18.486919847, "bottom": 68.446110046000001, "row_index": 11, "col_index": 28, "tile_id": 1132 }, "geometry": { "type": "MultiPolygon", "coordinates": [ [ [ [ 18.101157113164774, 68.532599969089645 ], [ 18.099789650500437, 68.532459208943237 ], [ 18.097596615915588, 68.532531822261333 ], [ 18.100797887288099, 68.532996085109616 ], [ 18.101157113164774, 68.532599969089645 ] ] ] ] } },
{ "type": "Feature", "properties": { "fid": 172384, "navn": null, "hoyde_moh": 522, "arealInnsjo_km2": 0.0033, "magasinKategori": null, "fid_2": 1132, "id": 1132, "left": 17.986919847, "top": 68.946110046000001, "right": 18.486919847, "bottom": 68.446110046000001, "row_index": 11, "col_index": 28, "tile_id": 1132 }, "geometry": { "type": "MultiPolygon", "coordinates": [ [ [ [ 18.11742435277894, 68.514312498493979 ], [ 18.117320486911829, 68.513965075017666 ], [ 18.117621884522077, 68.513895368834071 ], [ 18.117580949050126, 68.513694921361491 ], [ 18.11650063985169, 68.514006611357118 ], [ 18.11652326268381, 68.514528290206769 ], [ 18.117178697261775, 68.514668570203312 ], [ 18.11742435277894, 68.514312498493979 ] ] ] ] } },
{ "type": "Feature", "properties": { "fid": 172385, "navn": null, "hoyde_moh": 547, "arealInnsjo_km2": 0.0057, "magasinKategori": null, "fid_2": 1132, "id": 1132, "left": 17.986919847, "top": 68.946110046000001, "right": 18.486919847, "bottom": 68.446110046000001, "row_index": 11, "col_index": 28, "tile_id": 1132 }, "geometry": { "type": "MultiPolygon", "coordinates": [ [ [ [ 18.097200992928865, 68.515087523431546 ], [ 18.097214471806595, 68.51488786512715 ], [ 18.09655397341972, 68.514481483788288 ], [ 18.094205148640317, 68.514730416569833 ], [ 18.095097049545632, 68.515004686832327 ], [ 18.095917235793134, 68.514845633482238 ], [ 18.096838098768185, 68.515262834796559 ], [ 18.097200992928865, 68.515087523431546 ] ] ] ] } },
{ "type": "Feature", "properties": { "fid": 172386, "navn": null, "hoyde_moh": 518, "arealInnsjo_km2": 0.0095, "magasinKategori": null, "fid_2": 1132, "id": 1132, "left": 17.986919847, "top": 68.946110046000001, "right": 18.486919847, "bottom": 68.446110046000001, "row_index": 11, "col_index": 28, "tile_id": 1132 }, "geometry": { "type": "MultiPolygon", "coordinates": [ [ [ [ 18.118579114602486, 68.516326107184753 ], [ 18.119633668483832, 68.515976366188625 ], [ 18.119515342151484, 68.515607933241711 ], [ 18.118518093499301, 68.515222526736608 ], [ 18.118187343071838, 68.515267819518925 ], [ 18.117528101894521, 68.516026720061376 ], [ 18.1174173987317, 68.516427152342942 ], [ 18.117246553184632, 68.516482940036653 ], [ 18.117464423662543, 68.516839917841367 ], [ 18.117776043500271, 68.516840323694566 ], [ 18.118579114602486, 68.516326107184753 ] ] ] ] } },
{ "type": "Feature", "properties": { "fid": 172387, "navn": null, "hoyde_moh": 538, "arealInnsjo_km2": 0.0037, "magasinKategori": null, "fid_2": 1132, "id": 1132, "left": 17.986919847, "top": 68.946110046000001, "right": 18.486919847, "bottom": 68.446110046000001, "row_index": 11, "col_index": 28, "tile_id": 1132 }, "geometry": { "type": "MultiPolygon", "coordinates": [ [ [ [ 18.07738440217064, 68.517514234106287 ], [ 18.074558142249025, 68.517347955425109 ], [ 18.074050750010141, 68.51747280011854 ], [ 18.07417088592539, 68.517662284519488 ], [ 18.074493435569824, 68.517737449065592 ], [ 18.076613733683679, 68.517700297630157 ], [ 18.07738440217064, 68.517514234106287 ] ] ] ] } },
{ "type": "Feature", "properties": { "fid": 172388, "navn": null, "hoyde_moh": 660, "arealInnsjo_km2": 0.0029, "magasinKategori": null, "fid_2": 1132, "id": 1132, "left": 17.986919847, "top": 68.946110046000001, "right": 18.486919847, "bottom": 68.446110046000001, "row_index": 11, "col_index": 28, "tile_id": 1132 }, "geometry": { "type": "MultiPolygon", "coordinates": [ [ [ [ 18.009145325938981, 68.528766481978735 ], [ 18.009002407207227, 68.528525654783266 ], [ 18.008443181870327, 68.528195057936571 ], [ 18.007955239468039, 68.528297439049481 ], [ 18.007531727105086, 68.528177541155529 ], [ 18.007146676832654, 68.528406459319257 ], [ 18.009145325938981, 68.528766481978735 ] ] ] ] } },
{ "type": "Feature", "properties": { "fid": 172459, "navn": null, "hoyde_moh": 1000, "arealInnsjo_km2": 0.0148, "magasinKategori": null, "fid_2": 1132, "id": 1132, "left": 17.986919847, "top": 68.946110046000001, "right": 18.486919847, "bottom": 68.446110046000001, "row_index": 11, "col_index": 28, "tile_id": 1132 }, "geometry": { "type": "MultiPolygon", "coordinates": [ [ [ [ 18.239654541551502, 68.56499219689394 ], [ 18.239623244929195, 68.564822643545668 ], [ 18.23996111598003, 68.564601707637749 ], [ 18.239504380947803, 68.564350202139494 ], [ 18.239497385858844, 68.56418062942258 ], [ 18.239997311317531, 68.56385438642549 ], [ 18.240500486620785, 68.562872684223777 ], [ 18.240146756434807, 68.562397138489132 ], [ 18.239528622723594, 68.56219382065774 ], [ 18.23866494309015, 68.562378465674925 ], [ 18.239127987124572, 68.563591167736135 ], [ 18.238846740821167, 68.564416660124195 ], [ 18.23846654682027, 68.564613087602865 ], [ 18.238999010962001, 68.565073430247139 ], [ 18.239654541551502, 68.56499219689394 ] ] ] ] } },
{ "type": "Feature", "properties": { "fid": 172490, "navn": null, "hoyde_moh": 481, "arealInnsjo_km2": 0.0035, "magasinKategori": null, "fid_2": 1132, "id": 1132, "left": 17.986919847, "top": 68.946110046000001, "right": 18.486919847, "bottom": 68.446110046000001, "row_index": 11, "col_index": 28, "tile_id": 1132 }, "geometry": { "type": "MultiPolygon", "coordinates": [ [ [ [ 18.226742056382328, 68.860855380905093 ], [ 18.226667887189013, 68.860539203754797 ], [ 18.22537836608856, 68.860793893185658 ], [ 18.224303991936971, 68.860652113455146 ], [ 18.224166439500099, 68.860826488848332 ], [ 18.225286908261047, 68.861045601527607 ], [ 18.226438822848394, 68.861022756739118 ], [ 18.226742056382328, 68.860855380905093 ] ] ] ] } },
{ "type": "Feature", "properties": { "fid": 172491, "navn": null, "hoyde_moh": 452, "arealInnsjo_km2": 0.006, "magasinKategori": null, "fid_2": 1132, "id": 1132, "left": 17.986919847, "top": 68.946110046000001, "right": 18.486919847, "bottom": 68.446110046000001, "row_index": 11, "col_index": 28, "tile_id": 1132 }, "geometry": { "type": "MultiPolygon", "coordinates": [ [ [ [ 18.485349111090617, 68.855220080612483 ], [ 18.486154186036696, 68.854892206349305 ], [ 18.485587275405589, 68.85452682531583 ], [ 18.484498423337659, 68.854529128380022 ], [ 18.483688069420914, 68.855022796480782 ], [ 18.483873087341994, 68.855213884515805 ], [ 18.485349111090617, 68.855220080612483 ] ] ] ] } },
{ "type": "Feature", "properties": { "fid": 172523, "navn": null, "hoyde_moh": 784, "arealInnsjo_km2": 0.0198, "magasinKategori": null, "fid_2": 1132, "id": 1132, "left": 17.986919847, "top": 68.946110046000001, "right": 18.486919847, "bottom": 68.446110046000001, "row_index": 11, "col_index": 28, "tile_id": 1132 }, "geometry": { "type": "MultiPolygon", "coordinates": [ [ [ [ 18.171839584187513, 68.607022921283004 ], [ 18.169691798889566, 68.60643745809449 ], [ 18.167597451853556, 68.606313458826875 ], [ 18.166309652455713, 68.606563496354411 ], [ 18.166387276333445, 68.606902779480123 ], [ 18.167191560779187, 68.607318183098045 ], [ 18.170513952587569, 68.60739509651512 ], [ 18.171839584187513, 68.607022921283004 ] ] ] ] } },
{ "type": "Feature", "properties": { "fid": 172533, "navn": null, "hoyde_moh": 58, "arealInnsjo_km2": 0.0067, "magasinKategori": null, "fid_2": 1132, "id": 1132, "left": 17.986919847, "top": 68.946110046000001, "right": 18.486919847, "bottom": 68.446110046000001, "row_index": 11, "col_index": 28, "tile_id": 1132 }, "geometry": { "type": "MultiPolygon", "coordinates": [ [ [ [ 18.468652305976438, 68.946039103349847 ], [ 18.468327374182763, 68.945727981254706 ], [ 18.468706797213475, 68.945375771591387 ], [ 18.468656663491259, 68.9451809261991 ], [ 18.467987794154677, 68.94496956776635 ], [ 18.467611633928865, 68.945051934862036 ], [ 18.4680585494397, 68.94547498908878 ], [ 18.467180761264331, 68.945774286800372 ], [ 18.467214054237914, 68.945985998937005 ], [ 18.467376917962714, 68.946110046 ], [ 18.468654490339969, 68.946110046 ], [ 18.468652305976438, 68.946039103349847 ] ] ] ] } },
{ "type": "Feature", "properties": { "fid": 172563, "navn": "Kvernbekkvatnet", "hoyde_moh": 380, "arealInnsjo_km2": 0.0147, "magasinKategori": null, "fid_2": 1132, "id": 1132, "left": 17.986919847, "top": 68.946110046000001, "right": 18.486919847, "bottom": 68.446110046000001, "row_index": 11, "col_index": 28, "tile_id": 1132 }, "geometry": { "type": "MultiPolygon", "coordinates": [ [ [ [ 18.126728199164869, 68.889310025718089 ], [ 18.127966050053764, 68.888883977371151 ], [ 18.127527473609643, 68.888168926758226 ], [ 18.12709060056093, 68.888006546501757 ], [ 18.123954476272388, 68.888811398395461 ], [ 18.12512413759713, 68.889337420197819 ], [ 18.126728199164869, 68.889310025718089 ] ] ] ] } },
{ "type": "Feature", "properties": { "fid": 172564, "navn": null, "hoyde_moh": 337, "arealInnsjo_km2": 0.0058, "magasinKategori": null, "fid_2": 1132, "id": 1132, "left": 17.986919847, "top": 68.946110046000001, "right": 18.486919847, "bottom": 68.446110046000001, "row_index": 11, "col_index": 28, "tile_id": 1132 }, "geometry": { "type": "MultiPolygon", "coordinates": [ [ [ [ 18.085209171364369, 68.89094705278093 ], [ 18.084259163571005, 68.890328716187952 ], [ 18.083521140954758, 68.890265864058733 ], [ 18.082828701841429, 68.890447821048596 ], [ 18.083680459096236, 68.890833349960275 ], [ 18.083583652036555, 68.891078676670176 ], [ 18.085013257751992, 68.891171013539463 ], [ 18.085209171364369, 68.89094705278093 ] ] ] ] } },
{ "type": "Feature", "properties": { "fid": 172565, "navn": "Veslvatnet", "hoyde_moh": 229, "arealInnsjo_km2": 0.0889, "magasinKategori": null, "fid_2": 1132, "id": 1132, "left": 17.986919847, "top": 68.946110046000001, "right": 18.486919847, "bottom": 68.446110046000001, "row_index": 11, "col_index": 28, "tile_id": 1132 }, "geometry": { "type": "MultiPolygon", "coordinates": [ [ [ [ 18.273818468618803, 68.889425890698092 ], [ 18.274128763642533, 68.889080506795267 ], [ 18.270175048894167, 68.888974335524381 ], [ 18.268735223596543, 68.888675153307844 ], [ 18.268667415187483, 68.888411838968466 ], [ 18.26888078626942, 68.888310136884371 ], [ 18.270398904217167, 68.88824280849353 ], [ 18.271218830488259, 68.887971501786609 ], [ 18.271852398048868, 68.887479383328881 ], [ 18.271402655476809, 68.8871649576067 ], [ 18.270330789741781, 68.887431769122784 ], [ 18.263177685037533, 68.887087528521462 ], [ 18.261102522859687, 68.887650073211759 ], [ 18.258663741697113, 68.887620107489909 ], [ 18.256597103532144, 68.887832246043061 ], [ 18.255813509271412, 68.887656073947795 ], [ 18.255651942195527, 68.887780113422664 ], [ 18.255692869397215, 68.888061543698882 ], [ 18.254866485345367, 68.888107430808446 ], [ 18.255541771961482, 68.888373494918895 ], [ 18.257151524782238, 68.888224618346158 ], [ 18.257526542285873, 68.888504772184831 ], [ 18.257770399722776, 68.888484570466701 ], [ 18.257767106069554, 68.888323548150254 ], [ 18.259153451836699, 68.888151183298973 ], [ 18.261311208782818, 68.888325525709817 ], [ 18.263205792349769, 68.888515483123527 ], [ 18.264651747998872, 68.889086302582641 ], [ 18.265403398015192, 68.889065507175829 ], [ 18.265702839194066, 68.88887856190965 ], [ 18.268226041932756, 68.888831472642323 ], [ 18.269897887075917, 68.88911461832744 ], [ 18.270020606481133, 68.88932129615614 ], [ 18.270580049522135, 68.889546968498593 ], [ 18.272653030630476, 68.889656802701509 ], [ 18.273818468618803, 68.889425890698092 ] ] ] ] } },
{ "type": "Feature", "properties": { "fid": 172566, "navn": null, "hoyde_moh": 474, "arealInnsjo_km2": 0.0055, "magasinKategori": null, "fid_2": 1132, "id": 1132, "left": 17.986919847, "top": 68.946110046000001, "right": 18.486919847, "bottom": 68.446110046000001, "row_index": 11, "col_index": 28, "tile_id": 1132 }, "geometry": { "type": "MultiPolygon", "coordinates": [ [ [ [ 18.11087995678119, 68.897383771840126 ], [ 18.111772679723021, 68.897162666286363 ], [ 18.109948990792116, 68.896716733549027 ], [ 18.108948721987062, 68.896917168458529 ], [ 18.109119604396149, 68.89723232345375 ], [ 18.109947252641483, 68.897421730095175 ], [ 18.11087995678119, 68.897383771840126 ] ] ] ] } },
{ "type": "Feature", "properties": { "fid": 172567, "navn": null, "hoyde_moh": 479, "arealInnsjo_km2": 0.0038, "magasinKategori": null, "fid_2": 1132, "id": 1132, "left": 17.986919847, "top": 68.946110046000001, "right": 18.486919847, "bottom": 68.446110046000001, "row_index": 11, "col_index": 28, "tile_id": 1132 }, "geometry": { "type": "MultiPolygon", "coordinates": [ [ [ [ 18.109184417804862, 68.898646365723707 ], [ 18.108832879361572, 68.898357762669349 ], [ 18.108289608368974, 68.898121320864419 ], [ 18.107889111142924, 68.898150717913055 ], [ 18.108034849585806, 68.898370356480967 ], [ 18.107831072923506, 68.898503540869612 ], [ 18.108286742181932, 68.898903728680423 ], [ 18.109216259225647, 68.899099539976959 ], [ 18.109184417804862, 68.898646365723707 ] ] ] ] } },
{ "type": "Feature", "properties": { "fid": 172568, "navn": null, "hoyde_moh": 542, "arealInnsjo_km2": 0.0072, "magasinKategori": null, "fid_2": 1132, "id": 1132, "left": 17.986919847, "top": 68.946110046000001, "right": 18.486919847, "bottom": 68.446110046000001, "row_index": 11, "col_index": 28, "tile_id": 1132 }, "geometry": { "type": "MultiPolygon", "coordinates": [ [ [ [ 18.25767693324195, 68.907867229090826 ], [ 18.257098422616291, 68.907798559210079 ], [ 18.256895722983291, 68.908033467738846 ], [ 18.256258072386345, 68.907998250626633 ], [ 18.25655748118773, 68.907658324000565 ], [ 18.256363313061623, 68.907364200049599 ], [ 18.255706792841472, 68.907385191930402 ], [ 18.255080796021808, 68.907713221357525 ], [ 18.255072004203154, 68.908020743484755 ], [ 18.255549250469631, 68.908300568683828 ], [ 18.256654043076026, 68.908507965249072 ], [ 18.25767693324195, 68.907867229090826 ] ] ] ] } },
{ "type": "Feature", "properties": { "fid": 172589, "navn": null, "hoyde_moh": 770, "arealInnsjo_km2": 0.0023, "magasinKategori": null, "fid_2": 1132, "id": 1132, "left": 17.986919847, "top": 68.946110046000001, "right": 18.486919847, "bottom": 68.446110046000001, "row_index": 11, "col_index": 28, "tile_id": 1132 }, "geometry": { "type": "MultiPolygon", "coordinates": [ [ [ [ 18.163546917037213, 68.641019385046988 ], [ 18.163892981070987, 68.640630488637584 ], [ 18.163836604244256, 68.640461490234784 ], [ 18.163014850236809, 68.640642207144822 ], [ 18.162773759581508, 68.641080400557286 ], [ 18.163546917037213, 68.641019385046988 ] ] ] ] } },
{ "type": "Feature", "properties": { "fid": 172637, "navn": "Veslortvatnet", "hoyde_moh": 515, "arealInnsjo_km2": 0.0167, "magasinKategori": null, "fid_2": 1132, "id": 1132, "left": 17.986919847, "top": 68.946110046000001, "right": 18.486919847, "bottom": 68.446110046000001, "row_index": 11, "col_index": 28, "tile_id": 1132 }, "geometry": { "type": "MultiPolygon", "coordinates": [ [ [ [ 18.265479753283238, 68.909593994704352 ], [ 18.266925301941466, 68.909425570700904 ], [ 18.267428696504052, 68.909038071106039 ], [ 18.265881922306395, 68.908504654607739 ], [ 18.265035148977834, 68.908426069860496 ], [ 18.264383024123678, 68.908711536193238 ], [ 18.263249931775949, 68.908908971465493 ], [ 18.263383724046715, 68.909134567944605 ], [ 18.262994441057366, 68.909272223728834 ], [ 18.263723210267727, 68.909662321900484 ], [ 18.265677466723982, 68.90988920982403 ], [ 18.265479753283238, 68.909593994704352 ] ] ] ] } },
{ "type": "Feature", "properties": { "fid": 172638, "navn": null, "hoyde_moh": 484, "arealInnsjo_km2": 0.008, "magasinKategori": null, "fid_2": 1132, "id": 1132, "left": 17.986919847, "top": 68.946110046000001, "right": 18.486919847, "bottom": 68.446110046000001, "row_index": 11, "col_index": 28, "tile_id": 1132 }, "geometry": { "type": "MultiPolygon", "coordinates": [ [ [ [ 18.122178721525991, 68.913237563974107 ], [ 18.122499751194454, 68.913102753010691 ], [ 18.122260758268137, 68.913013580168752 ], [ 18.122398837724269, 68.912870360750802 ], [ 18.123631578646386, 68.912595833280591 ], [ 18.121453696762998, 68.912830130417689 ], [ 18.121252827632535, 68.913146611767544 ], [ 18.119279286872068, 68.913329461749299 ], [ 18.118475664001956, 68.913601219539245 ], [ 18.118678198018394, 68.913764237272915 ], [ 18.119806760700708, 68.913770060188668 ], [ 18.122178721525991, 68.913237563974107 ] ] ] ] } },
{ "type": "Feature", "properties": { "fid": 172639, "navn": null, "hoyde_moh": 532, "arealInnsjo_km2": 0.0036, "magasinKategori": null, "fid_2": 1132, "id": 1132, "left": 17.986919847, "top": 68.946110046000001, "right": 18.486919847, "bottom": 68.446110046000001, "row_index": 11, "col_index": 28, "tile_id": 1132 }, "geometry": { "type": "MultiPolygon", "coordinates": [ [ [ [ 18.26490143824153, 68.912835419611952 ], [ 18.264917574029141, 68.912667918627221 ], [ 18.263809207961721, 68.912326940138612 ], [ 18.262550913130831, 68.912392079480838 ], [ 18.263889456921898, 68.912868371140178 ], [ 18.26490143824153, 68.912835419611952 ] ] ] ] } },
{ "type": "Feature", "properties": { "fid": 172640, "navn": null, "hoyde_moh": 502, "arealInnsjo_km2": 0.0038, "magasinKategori": null, "fid_2": 1132, "id": 1132, "left": 17.986919847, "top": 68.946110046000001, "right": 18.486919847, "bottom": 68.446110046000001, "row_index": 11, "col_index": 28, "tile_id": 1132 }, "geometry": { "type": "MultiPolygon", "coordinates": [ [ [ [ 18.245414591835125, 68.913507422578633 ], [ 18.243298529224276, 68.912620640897998 ], [ 18.242953863651252, 68.912649021774001 ], [ 18.243301158242566, 68.912991782876233 ], [ 18.243916551689434, 68.913117443973761 ], [ 18.243816724658867, 68.913291741865223 ], [ 18.244036739739848, 68.913596250503787 ], [ 18.245000051254674, 68.913637344408372 ], [ 18.245414591835125, 68.913507422578633 ] ] ] ] } },
{ "type": "Feature", "properties": { "fid": 172641, "navn": null, "hoyde_moh": 60, "arealInnsjo_km2": 0.0062, "magasinKategori": null, "fid_2": 1132, "id": 1132, "left": 17.986919847, "top": 68.946110046000001, "right": 18.486919847, "bottom": 68.446110046000001, "row_index": 11, "col_index": 28, "tile_id": 1132 }, "geometry": { "type": "MultiPolygon", "coordinates": [ [ [ [ 18.432752781082176, 68.912561484268181 ], [ 18.433507816057951, 68.912495167520632 ], [ 18.433860435343675, 68.912182369474991 ], [ 18.433843443948465, 68.911923899883064 ], [ 18.432585107152565, 68.912095553686896 ], [ 18.432165980878352, 68.912418579483202 ], [ 18.431704434662993, 68.912192596063832 ], [ 18.43080933509108, 68.912315607949168 ], [ 18.431149814758438, 68.912590640232622 ], [ 18.432281400906056, 68.912787408825864 ], [ 18.432752781082176, 68.912561484268181 ] ] ] ] } },
{ "type": "Feature", "properties": { "fid": 172768, "navn": null, "hoyde_moh": 421, "arealInnsjo_km2": 0.0216, "magasinKategori": null, "fid_2": 1132, "id": 1132, "left": 17.986919847, "top": 68.946110046000001, "right": 18.486919847, "bottom": 68.446110046000001, "row_index": 11, "col_index": 28, "tile_id": 1132 }, "geometry": { "type": "MultiPolygon", "coordinates": [ [ [ [ 18.254871867892589, 68.866187264072565 ], [ 18.255744958761895, 68.865853676146514 ], [ 18.255040283327784, 68.86522049130464 ], [ 18.253169660879824, 68.864622276691364 ], [ 18.252624488788886, 68.864833748603175 ], [ 18.25240885906803, 68.865159594477191 ], [ 18.251641824338158, 68.865651323843636 ], [ 18.251951616179557, 68.865976727980808 ], [ 18.251608069541291, 68.866390679309006 ], [ 18.252454665766855, 68.86644721893029 ], [ 18.254871867892589, 68.866187264072565 ] ] ] ] } },
{ "type": "Feature", "properties": { "fid": 172791, "navn": null, "hoyde_moh": 538, "arealInnsjo_km2": 0.0043, "magasinKategori": null, "fid_2": 1132, "id": 1132, "left": 17.986919847, "top": 68.946110046000001, "right": 18.486919847, "bottom": 68.446110046000001, "row_index": 11, "col_index": 28, "tile_id": 1132 }, "geometry": { "type": "MultiPolygon", "coordinates": [ [ [ [ 18.070505088946206, 68.511634722268951 ], [ 18.07079207595282, 68.511420636985662 ], [ 18.070631174081452, 68.511179464380092 ], [ 18.06980473473384, 68.51111288574991 ], [ 18.069824157757125, 68.511325762625489 ], [ 18.06866435417891, 68.511427692927867 ], [ 18.068593620657055, 68.511715929618461 ], [ 18.069088718377849, 68.511861388825878 ], [ 18.070505088946206, 68.511634722268951 ] ] ] ] } },
{ "type": "Feature", "properties": { "fid": 172797, "navn": null, "hoyde_moh": 874, "arealInnsjo_km2": 0.0101, "magasinKategori": null, "fid_2": 1132, "id": 1132, "left": 17.986919847, "top": 68.946110046000001, "right": 18.486919847, "bottom": 68.446110046000001, "row_index": 11, "col_index": 28, "tile_id": 1132 }, "geometry": { "type": "MultiPolygon", "coordinates": [ [ [ [ 18.145974126510218, 68.636705831666674 ], [ 18.147026741499008, 68.636697945521064 ], [ 18.142656262817734, 68.636257468162597 ], [ 18.14102605271016, 68.636659475099336 ], [ 18.143363302914654, 68.636888137784638 ], [ 18.145974126510218, 68.636705831666674 ] ] ] ] } },
{ "type": "Feature", "properties": { "fid": 172798, "navn": null, "hoyde_moh": 801, "arealInnsjo_km2": 0.0034, "magasinKategori": null, "fid_2": 1132, "id": 1132, "left": 17.986919847, "top": 68.946110046000001, "right": 18.486919847, "bottom": 68.446110046000001, "row_index": 11, "col_index": 28, "tile_id": 1132 }, "geometry": { "type": "MultiPolygon", "coordinates": [ [ [ [ 18.409881266434848, 68.646493301609823 ], [ 18.409815958904833, 68.646205186882796 ], [ 18.410221261115442, 68.646062554086527 ], [ 18.410200216741092, 68.64580299956657 ], [ 18.409022563819267, 68.645825019648925 ], [ 18.408887979058417, 68.646137112496007 ], [ 18.40931678805412, 68.64647580034331 ], [ 18.409881266434848, 68.646493301609823 ] ] ] ] } },
{ "type": "Feature", "properties": { "fid": 172869, "navn": null, "hoyde_moh": 175, "arealInnsjo_km2": 0.0035, "magasinKategori": null, "fid_2": 1132, "id": 1132, "left": 17.986919847, "top": 68.946110046000001, "right": 18.486919847, "bottom": 68.446110046000001, "row_index": 11, "col_index": 28, "tile_id": 1132 }, "geometry": { "type": "MultiPolygon", "coordinates": [ [ [ [ 18.197556627274839, 68.826183680933966 ], [ 18.198136970787829, 68.826010773301718 ], [ 18.198144615555208, 68.825872535775574 ], [ 18.197226116631168, 68.82575317788239 ], [ 18.196371529542674, 68.825896407974625 ], [ 18.196614457125492, 68.826210400910512 ], [ 18.197456885970162, 68.826430859270374 ], [ 18.197556627274839, 68.826183680933966 ] ] ] ] } },
{ "type": "Feature", "properties": { "fid": 172870, "navn": null, "hoyde_moh": 437, "arealInnsjo_km2": 0.0086, "magasinKategori": null, "fid_2": 1132, "id": 1132, "left": 17.986919847, "top": 68.946110046000001, "right": 18.486919847, "bottom": 68.446110046000001, "row_index": 11, "col_index": 28, "tile_id": 1132 }, "geometry": { "type": "MultiPolygon", "coordinates": [ [ [ [ 18.060768108965014, 68.828657074444664 ], [ 18.061233472044506, 68.828343257829587 ], [ 18.059894088525311, 68.827994186454816 ], [ 18.058589172871688, 68.828183157561199 ], [ 18.058870198298191, 68.828591258078333 ], [ 18.058015167526257, 68.828954191316456 ], [ 18.058017519176332, 68.829081186011535 ], [ 18.058938737146011, 68.829102840486613 ], [ 18.060768108965014, 68.828657074444664 ] ] ] ] } },
{ "type": "Feature", "properties": { "fid": 172876, "navn": null, "hoyde_moh": 584, "arealInnsjo_km2": 0.0042, "magasinKategori": null, "fid_2": 1132, "id": 1132, "left": 17.986919847, "top": 68.946110046000001, "right": 18.486919847, "bottom": 68.446110046000001, "row_index": 11, "col_index": 28, "tile_id": 1132 }, "geometry": { "type": "MultiPolygon", "coordinates": [ [ [ [ 18.164014540419654, 68.651574933006259 ], [ 18.163763603174246, 68.651359842154051 ], [ 18.163813484456767, 68.65089318222067 ], [ 18.162683348500725, 68.651012964269484 ], [ 18.162480900215385, 68.651695907322761 ], [ 18.164014540419654, 68.651574933006259 ] ] ] ] } },
{ "type": "Feature", "properties": { "fid": 172877, "navn": null, "hoyde_moh": 584, "arealInnsjo_km2": 0.007, "magasinKategori": null, "fid_2": 1132, "id": 1132, "left": 17.986919847, "top": 68.946110046000001, "right": 18.486919847, "bottom": 68.446110046000001, "row_index": 11, "col_index": 28, "tile_id": 1132 }, "geometry": { "type": "MultiPolygon", "coordinates": [ [ [ [ 18.159954284478182, 68.652259535935116 ], [ 18.159955249319779, 68.652144142119084 ], [ 18.158563896497263, 68.651438174149774 ], [ 18.157367829502256, 68.651527639357468 ], [ 18.157844366481932, 68.651901297890745 ], [ 18.158364075185364, 68.652025348613819 ], [ 18.158413831263154, 68.652297726908103 ], [ 18.159134767148316, 68.652537962001759 ], [ 18.159954284478182, 68.652259535935116 ] ] ] ] } },
{ "type": "Feature", "properties": { "fid": 175155, "navn": null, "hoyde_moh": 884, "arealInnsjo_km2": 0.0071, "magasinKategori": null, "fid_2": 1132, "id": 1132, "left": 17.986919847, "top": 68.946110046000001, "right": 18.486919847, "bottom": 68.446110046000001, "row_index": 11, "col_index": 28, "tile_id": 1132 }, "geometry": { "type": "MultiPolygon", "coordinates": [ [ [ [ 18.076990358732616, 68.663244107847646 ], [ 18.076997726130248, 68.663001833408501 ], [ 18.075597720049391, 68.662394039712254 ], [ 18.075166774036365, 68.66248539040491 ], [ 18.074721766175589, 68.663061185837819 ], [ 18.074960748937109, 68.663307679661997 ], [ 18.075805182306937, 68.663447970561876 ], [ 18.076990358732616, 68.663244107847646 ] ] ] ] } },
{ "type": "Feature", "properties": { "fid": 175335, "navn": null, "hoyde_moh": 935, "arealInnsjo_km2": 0.0262, "magasinKategori": null, "fid_2": 1132, "id": 1132, "left": 17.986919847, "top": 68.946110046000001, "right": 18.486919847, "bottom": 68.446110046000001, "row_index": 11, "col_index": 28, "tile_id": 1132 }, "geometry": { "type": "MultiPolygon", "coordinates": [ [ [ [ 18.439480719353295, 68.746272051017613 ], [ 18.440095778271303, 68.74584070153945 ], [ 18.440865631701442, 68.74555599625441 ], [ 18.441338188688849, 68.744957089565332 ], [ 18.44181681560822, 68.744716468091013 ], [ 18.441004370141563, 68.74457610117696 ], [ 18.440193712431707, 68.744761415336441 ], [ 18.43926608647083, 68.745252102916936 ], [ 18.438794202390454, 68.74496578652716 ], [ 18.438348679236555, 68.744976904533686 ], [ 18.436108996079113, 68.74610974449125 ], [ 18.436724581185221, 68.746750032432075 ], [ 18.437747830345398, 68.746745146087434 ], [ 18.439480719353295, 68.746272051017613 ] ] ] ] } },
{ "type": "Feature", "properties": { "fid": 175444, "navn": null, "hoyde_moh": 1007, "arealInnsjo_km2": 0.0097, "magasinKategori": null, "fid_2": 1132, "id": 1132, "left": 17.986919847, "top": 68.946110046000001, "right": 18.486919847, "bottom": 68.446110046000001, "row_index": 11, "col_index": 28, "tile_id": 1132 }, "geometry": { "type": "MultiPolygon", "coordinates": [ [ [ [ 18.269076845029034, 68.680060185390431 ], [ 18.269584009009172, 68.679745246306922 ], [ 18.268169894086757, 68.679004264283904 ], [ 18.266953024922344, 68.6788678944271 ], [ 18.266818111734018, 68.678964518664429 ], [ 18.267741981121539, 68.679275641881659 ], [ 18.267744779822443, 68.679455174406243 ], [ 18.267240417287386, 68.679949819650147 ], [ 18.267371917156392, 68.680283999753314 ], [ 18.268161098286864, 68.680287761438436 ], [ 18.269076845029034, 68.680060185390431 ] ] ] ] } },
{ "type": "Feature", "properties": { "fid": 175696, "navn": "Langtjønna", "hoyde_moh": 152, "arealInnsjo_km2": 0.0103, "magasinKategori": null, "fid_2": 1132, "id": 1132, "left": 17.986919847, "top": 68.946110046000001, "right": 18.486919847, "bottom": 68.446110046000001, "row_index": 11, "col_index": 28, "tile_id": 1132 }, "geometry": { "type": "MultiPolygon", "coordinates": [ [ [ [ 18.480652690422772, 68.795782481592084 ], [ 18.480869397727396, 68.795100797803798 ], [ 18.481587406528565, 68.79461690318962 ], [ 18.48070164203974, 68.794555610458275 ], [ 18.480275403537668, 68.794694580538774 ], [ 18.478425522694074, 68.795966758607122 ], [ 18.47936284444831, 68.796222336240504 ], [ 18.480652690422772, 68.795782481592084 ] ] ] ] } },
{ "type": "Feature", "properties": { "fid": 175732, "navn": null, "hoyde_moh": 875, "arealInnsjo_km2": 0.0034, "magasinKategori": null, "fid_2": 1132, "id": 1132, "left": 17.986919847, "top": 68.946110046000001, "right": 18.486919847, "bottom": 68.446110046000001, "row_index": 11, "col_index": 28, "tile_id": 1132 }, "geometry": { "type": "MultiPolygon", "coordinates": [ [ [ [ 18.237963432861996, 68.671942349215769 ], [ 18.238591408903261, 68.671449916435662 ], [ 18.238457572880648, 68.670936093607182 ], [ 18.238122021814931, 68.671056297519712 ], [ 18.238216686644822, 68.67148871283824 ], [ 18.23723215294546, 68.672074003272272 ], [ 18.237495631742494, 68.672536134379655 ], [ 18.237821176208868, 68.672496577224351 ], [ 18.237963432861996, 68.671942349215769 ] ] ] ] } },
{ "type": "Feature", "properties": { "fid": 175842, "navn": null, "hoyde_moh": 301, "arealInnsjo_km2": 0.0024, "magasinKategori": null, "fid_2": 1132, "id": 1132, "left": 17.986919847, "top": 68.946110046000001, "right": 18.486919847, "bottom": 68.446110046000001, "row_index": 11, "col_index": 28, "tile_id": 1132 }, "geometry": { "type": "MultiPolygon", "coordinates": [ [ [ [ 18.016134143067294, 68.690254333104264 ], [ 18.016003547854442, 68.690043802777922 ], [ 18.016230768668557, 68.690127188905166 ], [ 18.016346797514455, 68.68988047385082 ], [ 18.015231444384636, 68.689926331915501 ], [ 18.015262818577224, 68.69013692805062 ], [ 18.015045201268077, 68.690382672268811 ], [ 18.016134143067294, 68.690254333104264 ] ] ] ] } },
{ "type": "Feature", "properties": { "fid": 175843, "navn": null, "hoyde_moh": 831, "arealInnsjo_km2": 0.0053, "magasinKategori": null, "fid_2": 1132, "id": 1132, "left": 17.986919847, "top": 68.946110046000001, "right": 18.486919847, "bottom": 68.446110046000001, "row_index": 11, "col_index": 28, "tile_id": 1132 }, "geometry": { "type": "MultiPolygon", "coordinates": [ [ [ [ 18.24019432994108, 68.688638743811055 ], [ 18.240018365715741, 68.688465320227564 ], [ 18.23878551918401, 68.688256676587784 ], [ 18.238234097437001, 68.688525939191365 ], [ 18.239647834901497, 68.689267172149442 ], [ 18.240009312249573, 68.689138391104109 ], [ 18.24019432994108, 68.688638743811055 ] ] ] ] } },
{ "type": "Feature", "properties": { "fid": 175844, "navn": null, "hoyde_moh": 295, "arealInnsjo_km2": 0.0045, "magasinKategori": null, "fid_2": 1132, "id": 1132, "left": 17.986919847, "top": 68.946110046000001, "right": 18.486919847, "bottom": 68.446110046000001, "row_index": 11, "col_index": 28, "tile_id": 1132 }, "geometry": { "type": "MultiPolygon", "coordinates": [ [ [ [ 18.074373113255174, 68.692679646177382 ], [ 18.074148485968003, 68.692367525687558 ], [ 18.073012259687431, 68.692245805918532 ], [ 18.072392173561113, 68.692380533189805 ], [ 18.07256474364619, 68.692617647918851 ], [ 18.073184610234392, 68.692894120215385 ], [ 18.07376909130096, 68.692977846357863 ], [ 18.074373113255174, 68.692679646177382 ] ] ] ] } },
{ "type": "Feature", "properties": { "fid": 176045, "navn": null, "hoyde_moh": 766, "arealInnsjo_km2": 0.0093, "magasinKategori": null, "fid_2": 1132, "id": 1132, "left": 17.986919847, "top": 68.946110046000001, "right": 18.486919847, "bottom": 68.446110046000001, "row_index": 11, "col_index": 28, "tile_id": 1132 }, "geometry": { "type": "MultiPolygon", "coordinates": [ [ [ [ 18.318526085633302, 68.652336341199586 ], [ 18.318051378308027, 68.65197859171559 ], [ 18.31652082218968, 68.651595363072772 ], [ 18.315207095321171, 68.651664205892715 ], [ 18.315399191164282, 68.651909615458905 ], [ 18.31741958973387, 68.652318689318946 ], [ 18.317552140393815, 68.652446466952156 ], [ 18.317179932126688, 68.652673970121427 ], [ 18.317360508275193, 68.652811489130599 ], [ 18.318469056626846, 68.652811231834249 ], [ 18.318526085633302, 68.652336341199586 ] ] ] ] } },
{ "type": "Feature", "properties": { "fid": 176083, "navn": null, "hoyde_moh": 974, "arealInnsjo_km2": 0.0034, "magasinKategori": null, "fid_2": 1132, "id": 1132, "left": 17.986919847, "top": 68.946110046000001, "right": 18.486919847, "bottom": 68.446110046000001, "row_index": 11, "col_index": 28, "tile_id": 1132 }, "geometry": { "type": "MultiPolygon", "coordinates": [ [ [ [ 18.174835810244211, 68.694280424742431 ], [ 18.174395566090986, 68.693998685231719 ], [ 18.174709917184941, 68.693893114209615 ], [ 18.174690563836712, 68.693727371597831 ], [ 18.172749611089145, 68.69410170516808 ], [ 18.173793380333723, 68.69416191960164 ], [ 18.174030643936938, 68.694471268007248 ], [ 18.174459613374953, 68.694513757993903 ], [ 18.174835810244211, 68.694280424742431 ] ] ] ] } },
{ "type": "Feature", "properties": { "fid": 176186, "navn": null, "hoyde_moh": 604, "arealInnsjo_km2": 0.0129, "magasinKategori": null, "fid_2": 1132, "id": 1132, "left": 17.986919847, "top": 68.946110046000001, "right": 18.486919847, "bottom": 68.446110046000001, "row_index": 11, "col_index": 28, "tile_id": 1132 }, "geometry": { "type": "MultiPolygon", "coordinates": [ [ [ [ 18.102851680481034, 68.792865416765451 ], [ 18.102953296276837, 68.792484857347873 ], [ 18.102908643995796, 68.791971313854674 ], [ 18.102553895701622, 68.791717886229137 ], [ 18.10149274428025, 68.791622826367515 ], [ 18.100304606475138, 68.792180011847179 ], [ 18.100222799881561, 68.792363315503593 ], [ 18.100296936675345, 68.792631754235188 ], [ 18.100563728458354, 68.792786239030249 ], [ 18.102601327566571, 68.79301894552998 ], [ 18.102851680481034, 68.792865416765451 ] ] ] ] } },
{ "type": "Feature", "properties": { "fid": 176201, "navn": null, "hoyde_moh": 1000, "arealInnsjo_km2": 0.0043, "magasinKategori": null, "fid_2": 1132, "id": 1132, "left": 17.986919847, "top": 68.946110046000001, "right": 18.486919847, "bottom": 68.446110046000001, "row_index": 11, "col_index": 28, "tile_id": 1132 }, "geometry": { "type": "MultiPolygon", "coordinates": [ [ [ [ 18.213067073630405, 68.686326284835317 ], [ 18.212938215310867, 68.686171604419812 ], [ 18.210164453198878, 68.686054022130975 ], [ 18.209547966655016, 68.686250257096091 ], [ 18.2107837387186, 68.686432295030599 ], [ 18.211631070108286, 68.686365452107808 ], [ 18.212373099598288, 68.686548247844613 ], [ 18.213067073630405, 68.686326284835317 ] ] ] ] } },
{ "type": "Feature", "properties": { "fid": 176224, "navn": null, "hoyde_moh": 424, "arealInnsjo_km2": 0.0026, "magasinKategori": null, "fid_2": 1132, "id": 1132, "left": 17.986919847, "top": 68.946110046000001, "right": 18.486919847, "bottom": 68.446110046000001, "row_index": 11, "col_index": 28, "tile_id": 1132 }, "geometry": { "type": "MultiPolygon", "coordinates": [ [ [ [ 18.080714846914496, 68.618036708104967 ], [ 18.079540554298511, 68.617836328533556 ], [ 18.07947115373797, 68.617665934476904 ], [ 18.080137112884223, 68.617504272206631 ], [ 18.080192369098889, 68.617338691766449 ], [ 18.078947204802059, 68.61749639724772 ], [ 18.079149575637178, 68.617941876372853 ], [ 18.080714846914496, 68.618036708104967 ] ] ] ] } },
{ "type": "Feature", "properties": { "fid": 176700, "navn": null, "hoyde_moh": 980, "arealInnsjo_km2": 0.0095, "magasinKategori": null, "fid_2": 1132, "id": 1132, "left": 17.986919847, "top": 68.946110046000001, "right": 18.486919847, "bottom": 68.446110046000001, "row_index": 11, "col_index": 28, "tile_id": 1132 }, "geometry": { "type": "MultiPolygon", "coordinates": [ [ [ [ 18.168157016628925, 68.693539815295381 ], [ 18.169676079385347, 68.693362183592825 ], [ 18.168700313420313, 68.693109153642681 ], [ 18.168052130828272, 68.692798347796085 ], [ 18.168046367756361, 68.69263755796662 ], [ 18.167597689614009, 68.692650730668745 ], [ 18.167612108840569, 68.692766374983449 ], [ 18.167132920845741, 68.692907436080233 ], [ 18.167246439372818, 68.693029033839522 ], [ 18.166606374994558, 68.693101100598525 ], [ 18.166851803012737, 68.693268531107861 ], [ 18.166494341963219, 68.693307016416412 ], [ 18.166802480903478, 68.693669545241036 ], [ 18.166330337610955, 68.693951077515067 ], [ 18.167133867865214, 68.694061895926055 ], [ 18.168157016628925, 68.693539815295381 ] ] ] ] } },
{ "type": "Feature", "properties": { "fid": 177106, "navn": null, "hoyde_moh": 873, "arealInnsjo_km2": 0.0031, "magasinKategori": null, "fid_2": 1132, "id": 1132, "left": 17.986919847, "top": 68.946110046000001, "right": 18.486919847, "bottom": 68.446110046000001, "row_index": 11, "col_index": 28, "tile_id": 1132 }, "geometry": { "type": "MultiPolygon", "coordinates": [ [ [ [ 18.007988786666434, 68.663444313412811 ], [ 18.00642932130193, 68.663308888625807 ], [ 18.005256647690086, 68.663413807454006 ], [ 18.0060123597173, 68.663660610987534 ], [ 18.007988786666434, 68.663444313412811 ] ] ] ] } },
{ "type": "Feature", "properties": { "fid": 178332, "navn": null, "hoyde_moh": 791, "arealInnsjo_km2": 0.0039, "magasinKategori": null, "fid_2": 1132, "id": 1132, "left": 17.986919847, "top": 68.946110046000001, "right": 18.486919847, "bottom": 68.446110046000001, "row_index": 11, "col_index": 28, "tile_id": 1132 }, "geometry": { "type": "MultiPolygon", "coordinates": [ [ [ [ 18.423061601996604, 68.669321465568856 ], [ 18.420694093109631, 68.668993825430377 ], [ 18.4200889996951, 68.66911134039276 ], [ 18.420755132536176, 68.66944133732683 ], [ 18.421956202962502, 68.66949655173876 ], [ 18.423061601996604, 68.669321465568856 ] ] ] ] } },
{ "type": "Feature", "properties": { "fid": 178340, "navn": null, "hoyde_moh": 847, "arealInnsjo_km2": 0.0039, "magasinKategori": null, "fid_2": 1132, "id": 1132, "left": 17.986919847, "top": 68.946110046000001, "right": 18.486919847, "bottom": 68.446110046000001, "row_index": 11, "col_index": 28, "tile_id": 1132 }, "geometry": { "type": "MultiPolygon", "coordinates": [ [ [ [ 18.014852951020949, 68.661020645760175 ], [ 18.013885772693317, 68.660854687889341 ], [ 18.013392477286814, 68.660392885028429 ], [ 18.012802039669975, 68.660405044496002 ], [ 18.012877268146834, 68.66088885811611 ], [ 18.013118964986099, 68.661061942436362 ], [ 18.014330937477936, 68.661185915218368 ], [ 18.014852951020949, 68.661020645760175 ] ] ] ] } },
{ "type": "Feature", "properties": { "fid": 178578, "navn": null, "hoyde_moh": 649, "arealInnsjo_km2": 0.0027, "magasinKategori": null, "fid_2": 1132, "id": 1132, "left": 17.986919847, "top": 68.946110046000001, "right": 18.486919847, "bottom": 68.446110046000001, "row_index": 11, "col_index": 28, "tile_id": 1132 }, "geometry": { "type": "MultiPolygon", "coordinates": [ [ [ [ 18.086400939991073, 68.816834437723088 ], [ 18.085295239710387, 68.81700743598941 ], [ 18.085895276770565, 68.817682811444328 ], [ 18.086209586681999, 68.817727643540948 ], [ 18.086400939991073, 68.816834437723088 ] ] ] ] } },
{ "type": "Feature", "properties": { "fid": 178657, "navn": null, "hoyde_moh": 214, "arealInnsjo_km2": 0.0025, "magasinKategori": null, "fid_2": 1132, "id": 1132, "left": 17.986919847, "top": 68.946110046000001, "right": 18.486919847, "bottom": 68.446110046000001, "row_index": 11, "col_index": 28, "tile_id": 1132 }, "geometry": { "type": "MultiPolygon", "coordinates": [ [ [ [ 18.483261203647455, 68.786976747193847 ], [ 18.482663320518562, 68.786650639246801 ], [ 18.481761102313104, 68.786640616249343 ], [ 18.482280877716921, 68.786892444764405 ], [ 18.48234620373368, 68.7872524869004 ], [ 18.482698022596452, 68.787275792913817 ], [ 18.483261203647455, 68.786976747193847 ] ] ] ] } },
{ "type": "Feature", "properties": { "fid": 178658, "navn": null, "hoyde_moh": 704, "arealInnsjo_km2": 0.0032, "magasinKategori": null, "fid_2": 1132, "id": 1132, "left": 17.986919847, "top": 68.946110046000001, "right": 18.486919847, "bottom": 68.446110046000001, "row_index": 11, "col_index": 28, "tile_id": 1132 }, "geometry": { "type": "MultiPolygon", "coordinates": [ [ [ [ 18.030210361963253, 68.796532815656334 ], [ 18.029940937689787, 68.796388418944602 ], [ 18.030019841101751, 68.796072160190718 ], [ 18.028636374273095, 68.796224084425148 ], [ 18.029024513905863, 68.796333414709906 ], [ 18.029431969286314, 68.796733636779393 ], [ 18.030067966685404, 68.796869062019368 ], [ 18.030210361963253, 68.796532815656334 ] ] ] ] } },
{ "type": "Feature", "properties": { "fid": 178659, "navn": null, "hoyde_moh": 565, "arealInnsjo_km2": 0.0031, "magasinKategori": null, "fid_2": 1132, "id": 1132, "left": 17.986919847, "top": 68.946110046000001, "right": 18.486919847, "bottom": 68.446110046000001, "row_index": 11, "col_index": 28, "tile_id": 1132 }, "geometry": { "type": "MultiPolygon", "coordinates": [ [ [ [ 18.098607305932948, 68.819282591677464 ], [ 18.098413078776264, 68.819008083893905 ], [ 18.098019177378454, 68.818852230249604 ], [ 18.097428865558363, 68.818763704613374 ], [ 18.096911840626667, 68.818880157444823 ], [ 18.097740789695592, 68.819364036884849 ], [ 18.09851152669496, 68.819412817208857 ], [ 18.098607305932948, 68.819282591677464 ] ] ] ] } },
{ "type": "Feature", "properties": { "fid": 178660, "navn": null, "hoyde_moh": 276, "arealInnsjo_km2": 0.0028, "magasinKategori": null, "fid_2": 1132, "id": 1132, "left": 17.986919847, "top": 68.946110046000001, "right": 18.486919847, "bottom": 68.446110046000001, "row_index": 11, "col_index": 28, "tile_id": 1132 }, "geometry": { "type": "MultiPolygon", "coordinates": [ [ [ [ 18.302860390781291, 68.829659086733017 ], [ 18.30320136439035, 68.829354694840077 ], [ 18.30291773308392, 68.829196606647528 ], [ 18.302466662453352, 68.829218670141842 ], [ 18.301491676388167, 68.8296046208809 ], [ 18.301738165648789, 68.829793604565921 ], [ 18.302860390781291, 68.829659086733017 ] ] ] ] } },
{ "type": "Feature", "properties": { "fid": 178661, "navn": null, "hoyde_moh": 254, "arealInnsjo_km2": 0.0133, "magasinKategori": null, "fid_2": 1132, "id": 1132, "left": 17.986919847, "top": 68.946110046000001, "right": 18.486919847, "bottom": 68.446110046000001, "row_index": 11, "col_index": 28, "tile_id": 1132 }, "geometry": { "type": "MultiPolygon", "coordinates": [ [ [ [ 18.290472840201751, 68.83411900278972 ], [ 18.290353907902809, 68.833771201369643 ], [ 18.288785199565282, 68.833309429014804 ], [ 18.287259284159198, 68.833466210633162 ], [ 18.287403630550092, 68.833883560404729 ], [ 18.286500927584004, 68.833953830675256 ], [ 18.286716511796982, 68.834204761808166 ], [ 18.287544667007928, 68.834102530479527 ], [ 18.288915313787072, 68.834449982112403 ], [ 18.289892234660229, 68.834487989392386 ], [ 18.290472840201751, 68.83411900278972 ] ] ] ] } },
{ "type": "Feature", "properties": { "fid": 178662, "navn": null, "hoyde_moh": 255, "arealInnsjo_km2": 0.0027, "magasinKategori": null, "fid_2": 1132, "id": 1132, "left": 17.986919847, "top": 68.946110046000001, "right": 18.486919847, "bottom": 68.446110046000001, "row_index": 11, "col_index": 28, "tile_id": 1132 }, "geometry": { "type": "MultiPolygon", "coordinates": [ [ [ [ 18.332609516847477, 68.834811661318113 ], [ 18.331746962969756, 68.834511873305416 ], [ 18.330887821933803, 68.8346548904196 ], [ 18.331042068575133, 68.834853009071708 ], [ 18.331975131896012, 68.834980355004731 ], [ 18.332609516847477, 68.834811661318113 ] ] ] ] } },
{ "type": "Feature", "properties": { "fid": 178663, "navn": null, "hoyde_moh": 75, "arealInnsjo_km2": 0.0029, "magasinKategori": null, "fid_2": 1132, "id": 1132, "left": 17.986919847, "top": 68.946110046000001, "right": 18.486919847, "bottom": 68.446110046000001, "row_index": 11, "col_index": 28, "tile_id": 1132 }, "geometry": { "type": "MultiPolygon", "coordinates": [ [ [ [ 18.048987317828463, 68.854370042610313 ], [ 18.048582969768862, 68.854174575987429 ], [ 18.046777767721938, 68.854246982771855 ], [ 18.047465221037783, 68.854459822753412 ], [ 18.048929710601108, 68.854509783009576 ], [ 18.048987317828463, 68.854370042610313 ] ] ] ] } },
{ "type": "Feature", "properties": { "fid": 178664, "navn": null, "hoyde_moh": 95, "arealInnsjo_km2": 0.0377, "magasinKategori": null, "fid_2": 1132, "id": 1132, "left": 17.986919847, "top": 68.946110046000001, "right": 18.486919847, "bottom": 68.446110046000001, "row_index": 11, "col_index": 28, "tile_id": 1132 }, "geometry": { "type": "MultiPolygon", "coordinates": [ [ [ [ 18.346881664974809, 68.850218246148046 ], [ 18.347647317742595, 68.850308945374366 ], [ 18.348476444935912, 68.850166353674624 ], [ 18.350885365223753, 68.84944044561847 ], [ 18.354581278209054, 68.849126233219707 ], [ 18.35555749714581, 68.849303704889621 ], [ 18.355906779575825, 68.849646390617835 ], [ 18.357718172519661, 68.849732911217345 ], [ 18.358692069864333, 68.849966894701211 ], [ 18.359226114021229, 68.849986061130693 ], [ 18.359442721835173, 68.849835317848871 ], [ 18.35927342456187, 68.849653500857144 ], [ 18.358107695994299, 68.849613953644393 ], [ 18.357878634815957, 68.849129529371027 ], [ 18.356500518687021, 68.848943397717676 ], [ 18.357165131236457, 68.848634652288965 ], [ 18.355572717465517, 68.848325324331697 ], [ 18.352419482033678, 68.849075059859601 ], [ 18.34771473696799, 68.849515783033283 ], [ 18.346301745172386, 68.849376502479245 ], [ 18.345413660477057, 68.8496966963435 ], [ 18.345562253302241, 68.850269192064616 ], [ 18.346506618271746, 68.850438452541965 ], [ 18.346881664974809, 68.850218246148046 ] ] ] ] } },
{ "type": "Feature", "properties": { "fid": 178665, "navn": null, "hoyde_moh": 11, "arealInnsjo_km2": 0.0025, "magasinKategori": null, "fid_2": 1132, "id": 1132, "left": 17.986919847, "top": 68.946110046000001, "right": 18.486919847, "bottom": 68.446110046000001, "row_index": 11, "col_index": 28, "tile_id": 1132 }, "geometry": { "type": "MultiPolygon", "coordinates": [ [ [ [ 18.068096343256144, 68.855749881842414 ], [ 18.066697103209247, 68.855734011316585 ], [ 18.065785182392684, 68.855961979678867 ], [ 18.068860571089559, 68.855937013056419 ], [ 18.068096343256144, 68.855749881842414 ] ] ] ] } },
{ "type": "Feature", "properties": { "fid": 178666, "navn": null, "hoyde_moh": 296, "arealInnsjo_km2": 0.0073, "magasinKategori": null, "fid_2": 1132, "id": 1132, "left": 17.986919847, "top": 68.946110046000001, "right": 18.486919847, "bottom": 68.446110046000001, "row_index": 11, "col_index": 28, "tile_id": 1132 }, "geometry": { "type": "MultiPolygon", "coordinates": [ [ [ [ 18.241115506860211, 68.88110180874591 ], [ 18.241167880841612, 68.880900130079098 ], [ 18.240822393166948, 68.880742754603929 ], [ 18.23948417364522, 68.880729630429357 ], [ 18.237335060500047, 68.880985673408077 ], [ 18.239601487514733, 68.881348923263729 ], [ 18.240486586637424, 68.881345087628361 ], [ 18.241115506860211, 68.88110180874591 ] ] ] ] } },
{ "type": "Feature", "properties": { "fid": 178667, "navn": null, "hoyde_moh": 587, "arealInnsjo_km2": 0.0027, "magasinKategori": null, "fid_2": 1132, "id": 1132, "left": 17.986919847, "top": 68.946110046000001, "right": 18.486919847, "bottom": 68.446110046000001, "row_index": 11, "col_index": 28, "tile_id": 1132 }, "geometry": { "type": "MultiPolygon", "coordinates": [ [ [ [ 18.193436794549804, 68.92360808243356 ], [ 18.192019479607168, 68.923634724231619 ], [ 18.192133239630678, 68.924040224727804 ], [ 18.192802716246025, 68.92409484438214 ], [ 18.193436794549804, 68.92360808243356 ] ] ] ] } },
{ "type": "Feature", "properties": { "fid": 178669, "navn": null, "hoyde_moh": 868, "arealInnsjo_km2": 0.0021, "magasinKategori": null, "fid_2": 1132, "id": 1132, "left": 17.986919847, "top": 68.946110046000001, "right": 18.486919847, "bottom": 68.446110046000001, "row_index": 11, "col_index": 28, "tile_id": 1132 }, "geometry": { "type": "MultiPolygon", "coordinates": [ [ [ [ 18.146733248808133, 68.639653158513596 ], [ 18.146996572388289, 68.639467594189156 ], [ 18.14522036840383, 68.639429002346873 ], [ 18.145628340269372, 68.63967198258571 ], [ 18.146733248808133, 68.639653158513596 ] ] ] ] } },
{ "type": "Feature", "properties": { "fid": 184468, "navn": null, "hoyde_moh": 867, "arealInnsjo_km2": 0.005, "magasinKategori": null, "fid_2": 1132, "id": 1132, "left": 17.986919847, "top": 68.946110046000001, "right": 18.486919847, "bottom": 68.446110046000001, "row_index": 11, "col_index": 28, "tile_id": 1132 }, "geometry": { "type": "MultiPolygon", "coordinates": [ [ [ [ 17.99030855652909, 68.665443892000624 ], [ 17.99116515011352, 68.665490747612367 ], [ 17.991370806017738, 68.665376678053022 ], [ 17.991102999064086, 68.665153034471629 ], [ 17.990028570588976, 68.665044142698804 ], [ 17.989325869686027, 68.665073199498252 ], [ 17.988518793727671, 68.665385908052144 ], [ 17.98929161610447, 68.665656541584383 ], [ 17.99030855652909, 68.665443892000624 ] ] ] ] } },
{ "type": "Feature", "properties": { "fid": 189090, "navn": "Holmvatnan", "hoyde_moh": 531, "arealInnsjo_km2": 0.13, "magasinKategori": null, "fid_2": 1132, "id": 1132, "left": 17.986919847, "top": 68.946110046000001, "right": 18.486919847, "bottom": 68.446110046000001, "row_index": 11, "col_index": 28, "tile_id": 1132 }, "geometry": { "type": "MultiPolygon", "coordinates": [ [ [ [ 18.103381643997903, 68.492091663882817 ], [ 18.103712000060607, 68.491905172028254 ], [ 18.10548497125648, 68.491950453093594 ], [ 18.105859025364587, 68.491816748549624 ], [ 18.106268050536777, 68.491272170210067 ], [ 18.106653885262052, 68.49109083918178 ], [ 18.106651192069581, 68.490349359423448 ], [ 18.106356983429833, 68.490147409135972 ], [ 18.106465465328739, 68.489916987404158 ], [ 18.10520345021337, 68.489601162753672 ], [ 18.104783773488737, 68.489301424520164 ], [ 18.104698307481303, 68.489032128063627 ], [ 18.103472442318417, 68.488937838030651 ], [ 18.103267879562889, 68.488722102507339 ], [ 18.103619906180313, 68.488556577511503 ], [ 18.103239100723183, 68.488478871042602 ], [ 18.103000289774172, 68.488174074841027 ], [ 18.104008537116069, 68.487799593264839 ], [ 18.104338381449903, 68.487195252302726 ], [ 18.103690699246428, 68.486998138136002 ], [ 18.102311739441063, 68.487134727833649 ], [ 18.101219043586401, 68.486744633661374 ], [ 18.101169495002338, 68.486651007669522 ], [ 18.101649986686066, 68.486469911470522 ], [ 18.101354615922503, 68.486012988366724 ], [ 18.100021681515997, 68.486126352148062 ], [ 18.10043381291548, 68.485791197196875 ], [ 18.099224394806228, 68.48554439097758 ], [ 18.099124779340414, 68.485231988799342 ], [ 18.098972563698489, 68.48524746267843 ], [ 18.098564741095057, 68.485845870609126 ], [ 18.099919429752717, 68.48678564201694 ], [ 18.099915278227094, 68.487507402950698 ], [ 18.100486408671841, 68.488091390361845 ], [ 18.100308061432653, 68.488344288623139 ], [ 18.100847348417375, 68.488810169598224 ], [ 18.09988771509002, 68.489306017519695 ], [ 18.100441023785748, 68.489474814610617 ], [ 18.099816345712682, 68.489723486157402 ], [ 18.100147317352238, 68.489835521759133 ], [ 18.099873844196026, 68.490044298684623 ], [ 18.100376466565532, 68.490184135383757 ], [ 18.099228840739464, 68.490389232802258 ], [ 18.098647315831162, 68.490314418131149 ], [ 18.098248777146303, 68.490772588972703 ], [ 18.098877479601288, 68.491134021366605 ], [ 18.099733266771757, 68.491169467453489 ], [ 18.100139614455475, 68.490894846464002 ], [ 18.100354860214434, 68.490919417385342 ], [ 18.100139305862683, 68.491387946057017 ], [ 18.100521878617926, 68.491984220124976 ], [ 18.100414863091245, 68.492179504191782 ], [ 18.101279004671902, 68.49201896944443 ], [ 18.103381643997903, 68.492091663882817 ] ] ] ] } },
{ "type": "Feature", "properties": { "fid": 190787, "navn": "Nordstrømvatnet", "hoyde_moh": 465, "arealInnsjo_km2": 0.0619, "magasinKategori": null, "fid_2": 1132, "id": 1132, "left": 17.986919847, "top": 68.946110046000001, "right": 18.486919847, "bottom": 68.446110046000001, "row_index": 11, "col_index": 28, "tile_id": 1132 }, "geometry": { "type": "MultiPolygon", "coordinates": [ [ [ [ 18.036523846447896, 68.449336968615114 ], [ 18.036244104292877, 68.449106638548486 ], [ 18.037397796515126, 68.449202153927189 ], [ 18.038163516811419, 68.449027012256565 ], [ 18.035744467360832, 68.448010772900489 ], [ 18.035327337436421, 68.447607951303766 ], [ 18.03514346735912, 68.44716552588892 ], [ 18.034213101928401, 68.446733402175653 ], [ 18.034466455559784, 68.446180969616805 ], [ 18.03440349147418, 68.446110046 ], [ 18.031238055012327, 68.446110046 ], [ 18.031237916296092, 68.446111713252151 ], [ 18.03221128443823, 68.4471515136742 ], [ 18.03166051893411, 68.44744923554461 ], [ 18.031694825299056, 68.44784382647461 ], [ 18.032307833067328, 68.448087069943568 ], [ 18.032558625425327, 68.448469838397955 ], [ 18.031703402458991, 68.448545751989414 ], [ 18.031691736233988, 68.448908854674372 ], [ 18.032416536283712, 68.449126012367003 ], [ 18.034293228072134, 68.449122889376653 ], [ 18.034684046428868, 68.44927301009767 ], [ 18.034857141245482, 68.449587694424523 ], [ 18.036523846447896, 68.449336968615114 ] ], [ [ 18.03600464473632, 68.448903499207901 ], [ 18.036054205230439, 68.448761465503807 ], [ 18.036662102299807, 68.448613074663911 ], [ 18.036945384850238, 68.448727882090779 ], [ 18.036897240702476, 68.44904235873453 ], [ 18.03600464473632, 68.448903499207901 ] ] ] ] } },
{ "type": "Feature", "properties": { "fid": 190789, "navn": "Langvatnet", "hoyde_moh": 443, "arealInnsjo_km2": 0.1668, "magasinKategori": null, "fid_2": 1132, "id": 1132, "left": 17.986919847, "top": 68.946110046000001, "right": 18.486919847, "bottom": 68.446110046000001, "row_index": 11, "col_index": 28, "tile_id": 1132 }, "geometry": { "type": "MultiPolygon", "coordinates": [ [ [ [ 18.012060686791155, 68.470995923237567 ], [ 18.012149698195845, 68.471546462509551 ], [ 18.012418951545936, 68.471538299589255 ], [ 18.012970928670697, 68.471137117609061 ], [ 18.015024389118878, 68.470723193389702 ], [ 18.015500654406875, 68.470326596652356 ], [ 18.016920232372886, 68.469713075207892 ], [ 18.01742800912799, 68.469324074537312 ], [ 18.017634763451884, 68.468893719847927 ], [ 18.018138593377895, 68.46859070630299 ], [ 18.018043699868304, 68.468348575704766 ], [ 18.018170978109126, 68.468069942234962 ], [ 18.016583072571706, 68.467921051155258 ], [ 18.016436982558471, 68.467763964872731 ], [ 18.018320931376412, 68.467265601947503 ], [ 18.018655324146753, 68.46679577680932 ], [ 18.018647174062178, 68.466357711272721 ], [ 18.019140317389351, 68.466050217648814 ], [ 18.025166214669937, 68.464926177566241 ], [ 18.026668288377916, 68.465154195465985 ], [ 18.027182620761387, 68.464987696297712 ], [ 18.028327311891047, 68.465077792373421 ], [ 18.028434912132315, 68.465122173314214 ], [ 18.028313343090204, 68.465447848018826 ], [ 18.028468773684104, 68.465537331471367 ], [ 18.029731150099007, 68.464592462516848 ], [ 18.032392167588633, 68.464451743496411 ], [ 18.032737412904719, 68.464114473323306 ], [ 18.032738894455868, 68.463835858843055 ], [ 18.032204152247857, 68.463459755745376 ], [ 18.032725405469122, 68.463159610007736 ], [ 18.031789522118288, 68.46301530906419 ], [ 18.031504028175547, 68.46281407257591 ], [ 18.029743042251404, 68.463253359458449 ], [ 18.029019266237313, 68.463247686820694 ], [ 18.02882966630137, 68.463025229554063 ], [ 18.028603627255229, 68.463015939991948 ], [ 18.026090533304998, 68.463760569903471 ], [ 18.024731013589541, 68.463877780131114 ], [ 18.023901552054649, 68.464236703116015 ], [ 18.021994746975356, 68.464438825959022 ], [ 18.021602695789518, 68.464609926125831 ], [ 18.02184848515104, 68.464933276587814 ], [ 18.021126023024149, 68.465115184277821 ], [ 18.01994259920669, 68.465005627190038 ], [ 18.01917699118281, 68.465137219706904 ], [ 18.01900836631501, 68.465223125388604 ], [ 18.019181226174222, 68.465575176424935 ], [ 18.018872650536675, 68.465760476272038 ], [ 18.018465940278265, 68.465675692446482 ], [ 18.018728255843111, 68.465350722589122 ], [ 18.018269157227927, 68.465321917222695 ], [ 18.016898815971853, 68.465930348660791 ], [ 18.015872411859423, 68.46597765126559 ], [ 18.015266366203793, 68.466433865952851 ], [ 18.015607803126503, 68.466826248567997 ], [ 18.014813646985996, 68.467099915214348 ], [ 18.014287863264254, 68.468312415367919 ], [ 18.015103412510928, 68.468772310252817 ], [ 18.01506437644241, 68.469430643949224 ], [ 18.01437134816452, 68.469790739560764 ], [ 18.013480436988427, 68.469981208083894 ], [ 18.010757868749483, 68.470069033460419 ], [ 18.009330611235889, 68.470303143454615 ], [ 18.008898790721574, 68.47062862614527 ], [ 18.009376021733626, 68.471040757025904 ], [ 18.008631459179842, 68.471374639262251 ], [ 18.010310566519166, 68.471760960716523 ], [ 18.011052531200388, 68.471082905876941 ], [ 18.012060686791155, 68.470995923237567 ] ], [ [ 18.023467885769172, 68.464774410841898 ], [ 18.023033845146422, 68.464958572175192 ], [ 18.022241060546026, 68.464884894968648 ], [ 18.023074874912528, 68.464453989036798 ], [ 18.023785575181712, 68.464542521174252 ], [ 18.024823224374195, 68.464243762385621 ], [ 18.025159742242877, 68.464419398640018 ], [ 18.025049098230745, 68.464761302685048 ], [ 18.024775534313282, 68.464720186262539 ], [ 18.024742252127353, 68.464427567091775 ], [ 18.024587201527776, 68.464410166674341 ], [ 18.024061237744395, 68.464915426550604 ], [ 18.023467885769172, 68.464774410841898 ] ] ] ] } },
{ "type": "Feature", "properties": { "fid": 192087, "navn": "Honkvatnet", "hoyde_moh": 376, "arealInnsjo_km2": 0.0717, "magasinKategori": null, "fid_2": 1132, "id": 1132, "left": 17.986919847, "top": 68.946110046000001, "right": 18.486919847, "bottom": 68.446110046000001, "row_index": 11, "col_index": 28, "tile_id": 1132 }, "geometry": { "type": "MultiPolygon", "coordinates": [ [ [ [ 18.063947047530295, 68.834242368677081 ], [ 18.065121352563231, 68.834405767528523 ], [ 18.066524317890057, 68.833750283175405 ], [ 18.067755806418575, 68.833558361796136 ], [ 18.068622648588345, 68.833169310066197 ], [ 18.06994607891297, 68.832904336121317 ], [ 18.069091165244796, 68.832864033645734 ], [ 18.069512738161226, 68.832627118337882 ], [ 18.069459857453612, 68.832535780696972 ], [ 18.068372015511518, 68.832659401926023 ], [ 18.068028261042315, 68.832431646702759 ], [ 18.066485956334716, 68.832502324951975 ], [ 18.066309568792953, 68.832568714189406 ], [ 18.066368487343272, 68.832723597140713 ], [ 18.06588856297871, 68.832766826151953 ], [ 18.065813944848085, 68.832645714151923 ], [ 18.066033763303004, 68.832469369809431 ], [ 18.065828998311183, 68.832312451047272 ], [ 18.064464025468979, 68.831976442058703 ], [ 18.059696826654296, 68.833244061855524 ], [ 18.05855971750643, 68.833942462428695 ], [ 18.059999409182247, 68.83450296715715 ], [ 18.062659761149924, 68.834581248232652 ], [ 18.063947047530295, 68.834242368677081 ] ] ] ] } },
{ "type": "Feature", "properties": { "fid": 192088, "navn": "Nedre Veslvatnet", "hoyde_moh": 109, "arealInnsjo_km2": 0.1109, "magasinKategori": null, "fid_2": 1132, "id": 1132, "left": 17.986919847, "top": 68.946110046000001, "right": 18.486919847, "bottom": 68.446110046000001, "row_index": 11, "col_index": 28, "tile_id": 1132 }, "geometry": { "type": "MultiPolygon", "coordinates": [ [ [ [ 18.278347093641312, 68.850366901128822 ], [ 18.278223447321654, 68.850248784511109 ], [ 18.276422815535888, 68.849373103290205 ], [ 18.278077108473127, 68.849367058653556 ], [ 18.280721031608785, 68.849996215762872 ], [ 18.281412780991516, 68.849984565391239 ], [ 18.281409480084488, 68.849816177429261 ], [ 18.281580892258003, 68.849811789796235 ], [ 18.282844725753566, 68.850155710073366 ], [ 18.283468275533487, 68.85006132251354 ], [ 18.282697538984358, 68.849400430257887 ], [ 18.281596931585252, 68.848786672138516 ], [ 18.27865235616683, 68.84790921823955 ], [ 18.27775059497883, 68.848010033277234 ], [ 18.274505456486445, 68.847371500807455 ], [ 18.272456609420637, 68.847166018862353 ], [ 18.271987255588932, 68.847196518125045 ], [ 18.271229448508784, 68.847673001211959 ], [ 18.270102343993823, 68.847646926867327 ], [ 18.269568580243366, 68.847947047830573 ], [ 18.269596319439724, 68.848106434067105 ], [ 18.270393664390685, 68.848598505995824 ], [ 18.270893790460196, 68.849308654982323 ], [ 18.271714138480959, 68.849593936194154 ], [ 18.278239522771177, 68.850505371609088 ], [ 18.278347093641312, 68.850366901128822 ] ] ] ] } },
{ "type": "Feature", "properties": { "fid": 192089, "navn": "Lappvatnet", "hoyde_moh": 584, "arealInnsjo_km2": 0.0299, "magasinKategori": null, "fid_2": 1132, "id": 1132, "left": 17.986919847, "top": 68.946110046000001, "right": 18.486919847, "bottom": 68.446110046000001, "row_index": 11, "col_index": 28, "tile_id": 1132 }, "geometry": { "type": "MultiPolygon", "coordinates": [ [ [ [ 18.192905071446486, 68.92612039933951 ], [ 18.193212448903513, 68.925849680413563 ], [ 18.191500819082847, 68.925432627220218 ], [ 18.191826662589673, 68.924847850767804 ], [ 18.190901071769616, 68.924721524107412 ], [ 18.190450607713071, 68.924490766073362 ], [ 18.189144398946045, 68.924518445589072 ], [ 18.188096255117916, 68.925008176858626 ], [ 18.188109023429639, 68.925338441558637 ], [ 18.188674781939941, 68.925436499272223 ], [ 18.188847398704326, 68.925823212014848 ], [ 18.189340694093524, 68.925920378841084 ], [ 18.190553765325088, 68.926711499784389 ], [ 18.191236091163617, 68.926771632621836 ], [ 18.192905071446486, 68.92612039933951 ] ] ] ] } },
{ "type": "Feature", "properties": { "fid": 192470, "navn": "Skardvatnet", "hoyde_moh": 596, "arealInnsjo_km2": 0.0212, "magasinKategori": null, "fid_2": 1132, "id": 1132, "left": 17.986919847, "top": 68.946110046000001, "right": 18.486919847, "bottom": 68.446110046000001, "row_index": 11, "col_index": 28, "tile_id": 1132 }, "geometry": { "type": "MultiPolygon", "coordinates": [ [ [ [ 18.368436760702888, 68.940999106106062 ], [ 18.370372082109416, 68.940999028900407 ], [ 18.370931213914705, 68.940796975250535 ], [ 18.370530693446632, 68.940334438837539 ], [ 18.369333070434795, 68.940071920665531 ], [ 18.366182460485515, 68.940101820312336 ], [ 18.365515817980842, 68.940388145207336 ], [ 18.365930126446571, 68.940712669224482 ], [ 18.36657295833572, 68.940911543162912 ], [ 18.366137226465522, 68.941292538014409 ], [ 18.366829513698541, 68.941371991288136 ], [ 18.368436760702888, 68.940999106106062 ] ] ] ] } },
{ "type": "Feature", "properties": { "fid": 192513, "navn": null, "hoyde_moh": 1076, "arealInnsjo_km2": 0.5048, "magasinKategori": null, "fid_2": 1132, "id": 1132, "left": 17.986919847, "top": 68.946110046000001, "right": 18.486919847, "bottom": 68.446110046000001, "row_index": 11, "col_index": 28, "tile_id": 1132 }, "geometry": { "type": "MultiPolygon", "coordinates": [ [ [ [ 18.304232158901005, 68.575606576896448 ], [ 18.306207070948073, 68.575108540085068 ], [ 18.306999068250402, 68.574645509651234 ], [ 18.306889558438513, 68.574123160751014 ], [ 18.306145564217385, 68.57336616783094 ], [ 18.305795557365041, 68.57259765539159 ], [ 18.304444336083812, 68.571992586801784 ], [ 18.30335013847975, 68.571292842120585 ], [ 18.302939600653385, 68.570828488270919 ], [ 18.302928033878416, 68.570514068697847 ], [ 18.304345259979883, 68.569953458258865 ], [ 18.30422745834445, 68.569502749861954 ], [ 18.306764978856567, 68.569013843192906 ], [ 18.312197738998787, 68.569764909107349 ], [ 18.312453537524849, 68.569472788129119 ], [ 18.3134399578963, 68.56922822868188 ], [ 18.313564837135832, 68.568799320624834 ], [ 18.312758930121589, 68.568355710968859 ], [ 18.311409649911536, 68.568351942018978 ], [ 18.310065408436, 68.568097170354335 ], [ 18.308791539044901, 68.568076809980568 ], [ 18.306768890344848, 68.568367588984117 ], [ 18.30424074883404, 68.567959065340958 ], [ 18.303880786488907, 68.567890441437669 ], [ 18.304442205195794, 68.567710948737513 ], [ 18.304259236812964, 68.567600323850229 ], [ 18.304253111303574, 68.567241168160322 ], [ 18.304999755090016, 68.567154384254593 ], [ 18.304018224454499, 68.566743732212345 ], [ 18.30415381605906, 68.566431718004694 ], [ 18.30107583219867, 68.566517062186378 ], [ 18.298451197592346, 68.566914745748463 ], [ 18.299773810072253, 68.567142374219046 ], [ 18.299841543107629, 68.567394808982769 ], [ 18.300209974383431, 68.567598238789486 ], [ 18.300200044604807, 68.567885243107696 ], [ 18.298719065080508, 68.56918097440834 ], [ 18.295542009746736, 68.569067101315468 ], [ 18.294870379342836, 68.568733114213799 ], [ 18.293327688744306, 68.568501855759749 ], [ 18.292042858791525, 68.568570929862901 ], [ 18.291982937886242, 68.568659743851427 ], [ 18.292740626943328, 68.569093794906223 ], [ 18.293375088274175, 68.56932839590479 ], [ 18.29608243713928, 68.569470735973596 ], [ 18.296069278579999, 68.5697846514242 ], [ 18.295383457098204, 68.570590454928166 ], [ 18.295326094494115, 68.571065252895153 ], [ 18.29469962826936, 68.571378346334996 ], [ 18.293802423062367, 68.571489582050134 ], [ 18.292269782109766, 68.571375117980537 ], [ 18.288097373312659, 68.570760401430391 ], [ 18.286872099670028, 68.570740628588098 ], [ 18.285888754155078, 68.570958117371617 ], [ 18.285884198537747, 68.571810723247083 ], [ 18.286672884090333, 68.572191485712281 ], [ 18.290511017165635, 68.573339614076758 ], [ 18.294729248394383, 68.575211601820399 ], [ 18.297717058453404, 68.575887927037215 ], [ 18.300245119861763, 68.575892569598679 ], [ 18.304232158901005, 68.575606576896448 ] ], [ [ 18.291031228745926, 68.572486162267182 ], [ 18.291572598671802, 68.572476912275633 ], [ 18.291725701483305, 68.572631955522482 ], [ 18.291590126587899, 68.572737515443194 ], [ 18.291031228745926, 68.572486162267182 ] ] ] ] } },
{ "type": "Feature", "properties": { "fid": 193268, "navn": null, "hoyde_moh": 714, "arealInnsjo_km2": 0.0061, "magasinKategori": null, "fid_2": 1132, "id": 1132, "left": 17.986919847, "top": 68.946110046000001, "right": 18.486919847, "bottom": 68.446110046000001, "row_index": 11, "col_index": 28, "tile_id": 1132 }, "geometry": { "type": "MultiPolygon", "coordinates": [ [ [ [ 18.280808959991454, 68.745212316864851 ], [ 18.281880996067937, 68.745351545325164 ], [ 18.282194713671405, 68.745532412613372 ], [ 18.282224574334009, 68.745775444189292 ], [ 18.28278341415011, 68.745577385881916 ], [ 18.281963982411714, 68.745125272040369 ], [ 18.280416802419641, 68.744866669665072 ], [ 18.278743001079356, 68.745718380158081 ], [ 18.278732941337417, 68.745920790200472 ], [ 18.280808959991454, 68.745212316864851 ] ] ] ] } },
{ "type": "Feature", "properties": { "fid": 193347, "navn": "Ruksesjávri", "hoyde_moh": 424, "arealInnsjo_km2": 1.4905, "magasinKategori": null, "fid_2": 1132, "id": 1132, "left": 17.986919847, "top": 68.946110046000001, "right": 18.486919847, "bottom": 68.446110046000001, "row_index": 11, "col_index": 28, "tile_id": 1132 }, "geometry": { "type": "MultiPolygon", "coordinates": [ [ [ [ 18.142572124150266, 68.622606232893119 ], [ 18.142728277212722, 68.622262942577791 ], [ 18.141084886259115, 68.621481299613848 ], [ 18.137351499033283, 68.620941132873156 ], [ 18.13414434497717, 68.61994621146313 ], [ 18.131761141158048, 68.619626992866046 ], [ 18.129331028693414, 68.618962222945697 ], [ 18.126298525769897, 68.618661364995788 ], [ 18.121439601275515, 68.618511924545373 ], [ 18.120328354344483, 68.618210635229318 ], [ 18.118632534834731, 68.617433262726564 ], [ 18.118568671896945, 68.617099549933272 ], [ 18.118363627801756, 68.617012125175961 ], [ 18.11297522845905, 68.615816928486396 ], [ 18.105535793540565, 68.615068181468175 ], [ 18.095875725181852, 68.614518860503992 ], [ 18.092202806073171, 68.614421669079277 ], [ 18.087546265245301, 68.61456284733984 ], [ 18.085621623886798, 68.615091020896671 ], [ 18.083939276211851, 68.616194098802197 ], [ 18.083635109235079, 68.616519201612149 ], [ 18.083798935297374, 68.616936023360253 ], [ 18.083570699799402, 68.617011757789953 ], [ 18.083146674062757, 68.617812833094604 ], [ 18.082808982057902, 68.618008812468943 ], [ 18.078569134836002, 68.618472231388154 ], [ 18.077995519534362, 68.61834247413438 ], [ 18.078329727205407, 68.618274956646673 ], [ 18.078197968793315, 68.61820769369109 ], [ 18.077112618655331, 68.618165932354117 ], [ 18.076303870794611, 68.617862607152588 ], [ 18.076442014579243, 68.618121797672572 ], [ 18.07769758821005, 68.618365963632314 ], [ 18.078321168520127, 68.618655428322285 ], [ 18.075038956996586, 68.619193997888587 ], [ 18.072866786475036, 68.619996505298488 ], [ 18.07238460043304, 68.619476218270634 ], [ 18.072470528010836, 68.618988036341563 ], [ 18.071594292346788, 68.619127733600976 ], [ 18.071274597000471, 68.61940209800234 ], [ 18.070891371518716, 68.619385022695155 ], [ 18.070891811085311, 68.619197731029246 ], [ 18.070669041497109, 68.619193442016254 ], [ 18.070316857084258, 68.619503770380675 ], [ 18.070229147544556, 68.61984626804292 ], [ 18.070401776484569, 68.620309265895742 ], [ 18.071096887154937, 68.620638034131773 ], [ 18.07180772055386, 68.620736493501198 ], [ 18.072102038393254, 68.621004331420338 ], [ 18.073713126491931, 68.621211340550587 ], [ 18.07369034919197, 68.62137551735637 ], [ 18.074784219853449, 68.621650669095303 ], [ 18.074893629012362, 68.622152525889561 ], [ 18.07452756783416, 68.622548229212939 ], [ 18.074696817317623, 68.622703964043055 ], [ 18.076485155483454, 68.622949821761864 ], [ 18.078177947843844, 68.622750294031761 ], [ 18.078474396020724, 68.6226420777828 ], [ 18.078107125719352, 68.62243869883784 ], [ 18.078957666624238, 68.62216494568203 ], [ 18.079650122532549, 68.6221719521252 ], [ 18.080363160775772, 68.621775189803344 ], [ 18.082829947594366, 68.621410626731361 ], [ 18.092682468557165, 68.621045641489445 ], [ 18.097342810091881, 68.621020361130661 ], [ 18.10363450400521, 68.621122206884564 ], [ 18.109305488624798, 68.621485412502594 ], [ 18.110405345941206, 68.621395797465112 ], [ 18.116757344469072, 68.621809568416225 ], [ 18.119718368816038, 68.621833415500546 ], [ 18.121348580476749, 68.621989972081337 ], [ 18.124389222201348, 68.622592091050763 ], [ 18.12750076432464, 68.622797878565478 ], [ 18.140028302195049, 68.623056889239962 ], [ 18.142572124150266, 68.622606232893119 ] ], [ [ 18.076420489593129, 68.619371321885396 ], [ 18.076154619762434, 68.619271671098204 ], [ 18.076418602430284, 68.619102819654813 ], [ 18.077153127817375, 68.619332892207424 ], [ 18.076200992729252, 68.619460891891336 ], [ 18.076420489593129, 68.619371321885396 ] ] ] ] } },
{ "type": "Feature", "properties": { "fid": 193348, "navn": "Tuvvatna", "hoyde_moh": 775, "arealInnsjo_km2": 0.1629, "magasinKategori": null, "fid_2": 1132, "id": 1132, "left": 17.986919847, "top": 68.946110046000001, "right": 18.486919847, "bottom": 68.446110046000001, "row_index": 11, "col_index": 28, "tile_id": 1132 }, "geometry": { "type": "MultiPolygon", "coordinates": [ [ [ [ 18.352360712457855, 68.696833383753727 ], [ 18.353592086783493, 68.69623342163932 ], [ 18.354464076607439, 68.695537946151788 ], [ 18.354777205942373, 68.694977308423418 ], [ 18.354665167422471, 68.69425754920681 ], [ 18.354341882068002, 68.693857539020513 ], [ 18.353493207304727, 68.693314673366999 ], [ 18.350409416478517, 68.692889430590242 ], [ 18.350545084867399, 68.692577382635207 ], [ 18.350186079961276, 68.692481863859499 ], [ 18.345426541632339, 68.693286866458678 ], [ 18.344309560261543, 68.693754026417068 ], [ 18.343869740833384, 68.694133062141475 ], [ 18.343862644716953, 68.694608594892244 ], [ 18.344176740359, 68.695080373336751 ], [ 18.344652521792739, 68.695437869562483 ], [ 18.346079555455198, 68.695891107711631 ], [ 18.346391694092723, 68.696380701940342 ], [ 18.348863584436685, 68.697182469128109 ], [ 18.351297353337621, 68.697059043957921 ], [ 18.352360712457855, 68.696833383753727 ] ] ] ] } },
{ "type": "Feature", "properties": { "fid": 193349, "navn": "Nedre Slettbakkvatna", "hoyde_moh": 812, "arealInnsjo_km2": 0.0399, "magasinKategori": null, "fid_2": 1132, "id": 1132, "left": 17.986919847, "top": 68.946110046000001, "right": 18.486919847, "bottom": 68.446110046000001, "row_index": 11, "col_index": 28, "tile_id": 1132 }, "geometry": { "type": "MultiPolygon", "coordinates": [ [ [ [ 18.186568932156923, 68.731398045085612 ], [ 18.185712400587985, 68.731132423194111 ], [ 18.185639691941208, 68.730924677008986 ], [ 18.184733650508338, 68.730855899417136 ], [ 18.182337718656381, 68.730250477856373 ], [ 18.179295810303447, 68.730065159560169 ], [ 18.176537358061914, 68.729588223788312 ], [ 18.175606519580501, 68.729716318202605 ], [ 18.175599271427661, 68.729967588471311 ], [ 18.177083217402629, 68.730548840381786 ], [ 18.181022384559217, 68.73107234872424 ], [ 18.182690534288014, 68.731566858153798 ], [ 18.183970310957164, 68.731417612842336 ], [ 18.186568932156923, 68.731398045085612 ] ] ] ] } },
{ "type": "Feature", "properties": { "fid": 194739, "navn": null, "hoyde_moh": 500, "arealInnsjo_km2": 0.0182, "magasinKategori": null, "fid_2": 1132, "id": 1132, "left": 17.986919847, "top": 68.946110046000001, "right": 18.486919847, "bottom": 68.446110046000001, "row_index": 11, "col_index": 28, "tile_id": 1132 }, "geometry": { "type": "MultiPolygon", "coordinates": [ [ [ [ 18.110713241949743, 68.483253948371896 ], [ 18.110850616170989, 68.482974592212855 ], [ 18.111227563062613, 68.48280813740881 ], [ 18.11024388187861, 68.482481172936829 ], [ 18.110039438643106, 68.482209507366207 ], [ 18.109375857908454, 68.481935317180159 ], [ 18.108518417595313, 68.481993870896815 ], [ 18.107418190403504, 68.482883119344024 ], [ 18.107522189143783, 68.483061298900537 ], [ 18.108377493141468, 68.483333467270938 ], [ 18.108356696608023, 68.483480920139868 ], [ 18.110786093989098, 68.483514767676482 ], [ 18.110713241949743, 68.483253948371896 ] ] ] ] } },
{ "type": "Feature", "properties": { "fid": 195268, "navn": "Pettersenvatnet", "hoyde_moh": 469, "arealInnsjo_km2": 0.1341, "magasinKategori": null, "fid_2": 1132, "id": 1132, "left": 17.986919847, "top": 68.946110046000001, "right": 18.486919847, "bottom": 68.446110046000001, "row_index": 11, "col_index": 28, "tile_id": 1132 }, "geometry": { "type": "MultiPolygon", "coordinates": [ [ [ [ 18.047815250834965, 68.450000485244686 ], [ 18.04815846751227, 68.449776516700538 ], [ 18.048121170662917, 68.449245870994972 ], [ 18.049915256666374, 68.449117036696663 ], [ 18.050543055182739, 68.448691166504133 ], [ 18.052025777315173, 68.448323597804205 ], [ 18.052236979978527, 68.44819854186116 ], [ 18.052331131849606, 68.447880973987495 ], [ 18.052200733083424, 68.447250931526909 ], [ 18.055051835871563, 68.4469912524644 ], [ 18.057555590015816, 68.446110046 ], [ 18.048736900555795, 68.446110046 ], [ 18.048773524674104, 68.446189151128678 ], [ 18.048644463007598, 68.446362086256656 ], [ 18.047400078992091, 68.44633402088219 ], [ 18.047774108182214, 68.44656584885692 ], [ 18.047117485744124, 68.446920857603629 ], [ 18.047210263939149, 68.447203684916758 ], [ 18.047055284376519, 68.447465345188405 ], [ 18.045694068056907, 68.447632781325865 ], [ 18.045571184859195, 68.447762955174795 ], [ 18.045946312223034, 68.447917645394398 ], [ 18.045758238377992, 68.44807145089294 ], [ 18.045924443011611, 68.448232276943344 ], [ 18.045380395275732, 68.448332046738088 ], [ 18.04496223679898, 68.448844761660212 ], [ 18.044515061963448, 68.448764461213528 ], [ 18.043781812134196, 68.449186029629558 ], [ 18.043309297513737, 68.449157002652029 ], [ 18.042851244121142, 68.449431619597902 ], [ 18.042793514091635, 68.449646975807568 ], [ 18.04596506145597, 68.450221085224968 ], [ 18.047815250834965, 68.450000485244686 ] ] ] ] } },
{ "type": "Feature", "properties": { "fid": 195270, "navn": "Holmvatnan", "hoyde_moh": 521, "arealInnsjo_km2": 0.2126, "magasinKategori": null, "fid_2": 1132, "id": 1132, "left": 17.986919847, "top": 68.946110046000001, "right": 18.486919847, "bottom": 68.446110046000001, "row_index": 11, "col_index": 28, "tile_id": 1132 }, "geometry": { "type": "MultiPolygon", "coordinates": [ [ [ [ 18.084714648247569, 68.498779233550238 ], [ 18.085430740573972, 68.498770190159959 ], [ 18.086172209363681, 68.499089911347809 ], [ 18.086621530028882, 68.498722868682734 ], [ 18.087729614097931, 68.498314337340332 ], [ 18.087850004198447, 68.498341030816036 ], [ 18.087826947183387, 68.498576777158647 ], [ 18.088992817219918, 68.498267011995623 ], [ 18.09116121731692, 68.496943332575967 ], [ 18.093463786528957, 68.496082673693806 ], [ 18.094186240500932, 68.49536373462179 ], [ 18.095759958885047, 68.494873288722715 ], [ 18.095866355703706, 68.494075391467177 ], [ 18.095340181340926, 68.493790974481925 ], [ 18.094909797618659, 68.494101669836638 ], [ 18.094784343266461, 68.493909424234673 ], [ 18.094483583300008, 68.493878792468053 ], [ 18.092411035771214, 68.494457167946237 ], [ 18.09136476798114, 68.494934536263173 ], [ 18.089696518308511, 68.495030018399916 ], [ 18.089306832492909, 68.49500406842678 ], [ 18.088248163894121, 68.494507855069159 ], [ 18.086904944884456, 68.494308490469237 ], [ 18.085961527788424, 68.494547351342618 ], [ 18.084329256925606, 68.495445137337128 ], [ 18.083229005382275, 68.495283381812314 ], [ 18.082456116960344, 68.495569184891067 ], [ 18.08182234665211, 68.495528041853333 ], [ 18.081488627792464, 68.495851108382169 ], [ 18.081511271585136, 68.496228498440729 ], [ 18.081385697131434, 68.496290960535376 ], [ 18.080576095000175, 68.496182653792104 ], [ 18.079969712599699, 68.49571821345161 ], [ 18.079900886032277, 68.49606029291391 ], [ 18.079608104188935, 68.496143781210904 ], [ 18.077602630189833, 68.496329819193193 ], [ 18.077808428466959, 68.496792821754582 ], [ 18.077756051650191, 68.497417323224056 ], [ 18.078980001113042, 68.497584835154782 ], [ 18.077446662200515, 68.49780098594691 ], [ 18.077331657599341, 68.498000348694106 ], [ 18.07861329100734, 68.497894404657714 ], [ 18.079242416610644, 68.498066100277512 ], [ 18.079459390199609, 68.498235755821213 ], [ 18.079318301813167, 68.49841602651226 ], [ 18.08013090590272, 68.498924177606909 ], [ 18.081529249417418, 68.498475342489158 ], [ 18.082000263807714, 68.498159180540156 ], [ 18.083050966595387, 68.498989213451836 ], [ 18.084302509842853, 68.499137416525073 ], [ 18.084714648247569, 68.498779233550238 ] ], [ [ 18.083233277826732, 68.496455868520144 ], [ 18.083286854973277, 68.496136872203351 ], [ 18.08397544903486, 68.495907473194606 ], [ 18.084307392621277, 68.496139382630048 ], [ 18.084212796194247, 68.496355075458112 ], [ 18.083628830251346, 68.496524641258318 ], [ 18.083233277826732, 68.496455868520144 ] ], [ [ 18.081396490297816, 68.497409725542411 ], [ 18.081620113549214, 68.497629804000184 ], [ 18.08082811294193, 68.497645433641054 ], [ 18.080688810160112, 68.497469325083856 ], [ 18.080035853803469, 68.497302292461796 ], [ 18.080110737253332, 68.497108602413917 ], [ 18.080774024694517, 68.497028631998162 ], [ 18.081000403838168, 68.496431726807955 ], [ 18.081462668377391, 68.496526752341651 ], [ 18.081396490297816, 68.497409725542411 ] ], [ [ 18.086271190743926, 68.497812810461724 ], [ 18.085328456172906, 68.497884117572568 ], [ 18.084975715754439, 68.497811867330824 ], [ 18.084622026334575, 68.497449724472943 ], [ 18.085498138478023, 68.497111375104438 ], [ 18.085775600164496, 68.496844282528485 ], [ 18.086694325944443, 68.497388698067539 ], [ 18.086051826057108, 68.497447030906557 ], [ 18.086271190743926, 68.497812810461724 ] ], [ [ 18.088268831466198, 68.497819399101971 ], [ 18.088292691387156, 68.497475089869198 ], [ 18.08858905538073, 68.497562736898729 ], [ 18.08864325012545, 68.497763840858354 ], [ 18.088268831466198, 68.497819399101971 ] ], [ [ 18.079878209790273, 68.497612244784577 ], [ 18.080451350674142, 68.497728760094375 ], [ 18.080019134455281, 68.497811039170955 ], [ 18.07977257996599, 68.497752809266132 ], [ 18.079878209790273, 68.497612244784577 ] ] ] ] } },
{ "type": "Feature", "properties": { "fid": 196282, "navn": null, "hoyde_moh": 70, "arealInnsjo_km2": 0.1349, "magasinKategori": null, "fid_2": 1132, "id": 1132, "left": 17.986919847, "top": 68.946110046000001, "right": 18.486919847, "bottom": 68.446110046000001, "row_index": 11, "col_index": 28, "tile_id": 1132 }, "geometry": { "type": "MultiPolygon", "coordinates": [ [ [ [ 18.455970128829417, 68.815522478876673 ], [ 18.456937542906477, 68.815121100651808 ], [ 18.457096006211753, 68.814791430113573 ], [ 18.459059170100417, 68.813919643470484 ], [ 18.460698563034242, 68.812785827238358 ], [ 18.462860584031866, 68.812194618648036 ], [ 18.46284283411201, 68.812004413272533 ], [ 18.461011869409027, 68.811860546076247 ], [ 18.460551619976954, 68.811507030185197 ], [ 18.459568769812048, 68.811553028336689 ], [ 18.456395707439601, 68.812387421677386 ], [ 18.456006311978335, 68.812099535585745 ], [ 18.455583412541994, 68.812041334353097 ], [ 18.450925464022411, 68.812123028277284 ], [ 18.449656809628411, 68.812446889526527 ], [ 18.448382688682809, 68.813033081362548 ], [ 18.448326653406877, 68.813362815450034 ], [ 18.448546264586739, 68.813678595521054 ], [ 18.448427654926743, 68.813787694087665 ], [ 18.447233056073816, 68.813730695306347 ], [ 18.44706741986138, 68.81394950154241 ], [ 18.447810452730845, 68.814185767962002 ], [ 18.449210175590686, 68.81411825519578 ], [ 18.449943845052502, 68.813897866270764 ], [ 18.450495407667578, 68.813443553813741 ], [ 18.45098941799046, 68.813470416629272 ], [ 18.451964891781458, 68.813786713406614 ], [ 18.453345188473026, 68.814588873507418 ], [ 18.453407627506884, 68.815295086521388 ], [ 18.453910176550444, 68.815555260907814 ], [ 18.455175987401674, 68.815923825309412 ], [ 18.4559981439144, 68.815782163696369 ], [ 18.455970128829417, 68.815522478876673 ] ] ] ] } },
{ "type": "Feature", "properties": { "fid": 196287, "navn": null, "hoyde_moh": 620, "arealInnsjo_km2": 0.022, "magasinKategori": null, "fid_2": 1132, "id": 1132, "left": 17.986919847, "top": 68.946110046000001, "right": 18.486919847, "bottom": 68.446110046000001, "row_index": 11, "col_index": 28, "tile_id": 1132 }, "geometry": { "type": "MultiPolygon", "coordinates": [ [ [ [ 18.013783494826022, 68.826383335770728 ], [ 18.016135009078919, 68.826379918364182 ], [ 18.01788661999759, 68.826112235995737 ], [ 18.018557454169251, 68.826258947032613 ], [ 18.018652906055809, 68.826447665997293 ], [ 18.019253520715409, 68.826315430442222 ], [ 18.018565798609718, 68.825940541272445 ], [ 18.016911380381515, 68.825635167659541 ], [ 18.016886043382225, 68.825465222361871 ], [ 18.015359687011056, 68.825380024629581 ], [ 18.015680391873818, 68.825097638720379 ], [ 18.015130853594105, 68.82508297873207 ], [ 18.01176766367773, 68.826543620783553 ], [ 18.011875109014902, 68.826694872936343 ], [ 18.013783494826022, 68.826383335770728 ] ], [ [ 18.014768126903665, 68.825951809499855 ], [ 18.015264670445358, 68.825927192289754 ], [ 18.014922030888943, 68.826029965305139 ], [ 18.014768126903665, 68.825951809499855 ] ], [ [ 18.014238225291081, 68.826081875950237 ], [ 18.014627988220624, 68.826093809719907 ], [ 18.014459724570436, 68.826153086572859 ], [ 18.014103905606436, 68.826153387876246 ], [ 18.014238225291081, 68.826081875950237 ] ] ] ] } },
{ "type": "Feature", "properties": { "fid": 196802, "navn": null, "hoyde_moh": 888, "arealInnsjo_km2": 0.0439, "magasinKategori": null, "fid_2": 1132, "id": 1132, "left": 17.986919847, "top": 68.946110046000001, "right": 18.486919847, "bottom": 68.446110046000001, "row_index": 11, "col_index": 28, "tile_id": 1132 }, "geometry": { "type": "MultiPolygon", "coordinates": [ [ [ [ 18.000692858078168, 68.732151560678901 ], [ 18.001625016891943, 68.731557406731511 ], [ 18.001989292493597, 68.73110026749606 ], [ 18.002972187144994, 68.730707201127856 ], [ 18.001673848249169, 68.730832585677533 ], [ 17.998152496067835, 68.730595261651658 ], [ 17.996939819666874, 68.730808059404396 ], [ 17.995911247696409, 68.731261329461347 ], [ 17.995549042239833, 68.731685110236199 ], [ 17.995576749009974, 68.731858246010006 ], [ 17.996236711574724, 68.732367888234194 ], [ 17.997338979276616, 68.732635558199362 ], [ 17.998389242201021, 68.732689129618109 ], [ 18.000692858078168, 68.732151560678901 ] ] ] ] } },
{ "type": "Feature", "properties": { "fid": 197874, "navn": null, "hoyde_moh": 925, "arealInnsjo_km2": 0.0349, "magasinKategori": null, "fid_2": 1132, "id": 1132, "left": 17.986919847, "top": 68.946110046000001, "right": 18.486919847, "bottom": 68.446110046000001, "row_index": 11, "col_index": 28, "tile_id": 1132 }, "geometry": { "type": "MultiPolygon", "coordinates": [ [ [ [ 18.037353963344632, 68.570453026708662 ], [ 18.040195114720586, 68.569569426477813 ], [ 18.04155317697305, 68.569324008938963 ], [ 18.042661656587214, 68.568921582332834 ], [ 18.042674859676886, 68.568634496671763 ], [ 18.042495677216909, 68.568317134988021 ], [ 18.042253080053666, 68.568294949646017 ], [ 18.040116308464064, 68.568490711314539 ], [ 18.038495748921651, 68.568866193799749 ], [ 18.037028955101775, 68.569379028556384 ], [ 18.033731096755634, 68.571116355561827 ], [ 18.035639093938691, 68.57061138964059 ], [ 18.037353963344632, 68.570453026708662 ] ] ] ] } },
{ "type": "Feature", "properties": { "fid": 197925, "navn": null, "hoyde_moh": 710, "arealInnsjo_km2": 0.0075, "magasinKategori": null, "fid_2": 1132, "id": 1132, "left": 17.986919847, "top": 68.946110046000001, "right": 18.486919847, "bottom": 68.446110046000001, "row_index": 11, "col_index": 28, "tile_id": 1132 }, "geometry": { "type": "MultiPolygon", "coordinates": [ [ [ [ 18.312000407275185, 68.605192343706733 ], [ 18.311943427565186, 68.605069545077754 ], [ 18.312453747495958, 68.604704627581938 ], [ 18.310807392106327, 68.60453568956531 ], [ 18.309263125347002, 68.604867141255568 ], [ 18.309694822683205, 68.605069497264523 ], [ 18.311400350972452, 68.605325912175971 ], [ 18.312000407275185, 68.605192343706733 ] ] ] ] } },
{ "type": "Feature", "properties": { "fid": 197927, "navn": null, "hoyde_moh": 1009, "arealInnsjo_km2": 0.0695, "magasinKategori": null, "fid_2": 1132, "id": 1132, "left": 17.986919847, "top": 68.946110046000001, "right": 18.486919847, "bottom": 68.446110046000001, "row_index": 11, "col_index": 28, "tile_id": 1132 }, "geometry": { "type": "MultiPolygon", "coordinates": [ [ [ [ 18.279332479904262, 68.682945452318251 ], [ 18.281132801184359, 68.682543668278029 ], [ 18.278684155049245, 68.681786050645712 ], [ 18.277760361370525, 68.681268545287409 ], [ 18.275673282777095, 68.681189983121214 ], [ 18.274489314924352, 68.681592776959974 ], [ 18.27313797255848, 68.681346545168935 ], [ 18.272091388656321, 68.680826991713005 ], [ 18.271167269217916, 68.680919786576439 ], [ 18.269947953132608, 68.680603896753723 ], [ 18.268769527022052, 68.681365715604898 ], [ 18.266788541217188, 68.681225995832278 ], [ 18.266779990517747, 68.681495092115924 ], [ 18.268144746998985, 68.682037791379358 ], [ 18.270539984148993, 68.682220206368669 ], [ 18.272397992597472, 68.681953975752265 ], [ 18.273116428620362, 68.682333705606979 ], [ 18.274670248826244, 68.682538208578194 ], [ 18.27571413899858, 68.682474230319983 ], [ 18.277422361711732, 68.683031386869871 ], [ 18.279093701703967, 68.683282686828036 ], [ 18.279332479904262, 68.682945452318251 ] ] ] ] } },
{ "type": "Feature", "properties": { "fid": 197930, "navn": null, "hoyde_moh": 888, "arealInnsjo_km2": 0.007, "magasinKategori": null, "fid_2": 1132, "id": 1132, "left": 17.986919847, "top": 68.946110046000001, "right": 18.486919847, "bottom": 68.446110046000001, "row_index": 11, "col_index": 28, "tile_id": 1132 }, "geometry": { "type": "MultiPolygon", "coordinates": [ [ [ [ 18.041162991362146, 68.726827456121185 ], [ 18.04267722480142, 68.726790799325386 ], [ 18.041201777459662, 68.726576994806848 ], [ 18.041240958626442, 68.726353011044125 ], [ 18.041787977588605, 68.72632333422068 ], [ 18.040762179874406, 68.725804183278967 ], [ 18.040886464402632, 68.72572752259434 ], [ 18.04071733500933, 68.725605770812905 ], [ 18.039916435910563, 68.725522936086591 ], [ 18.040131412129881, 68.725674568851929 ], [ 18.040222560657266, 68.726486683155272 ], [ 18.040480745235705, 68.726592470232873 ], [ 18.040476141816448, 68.726729195905008 ], [ 18.040186913140968, 68.726821928370683 ], [ 18.041162991362146, 68.726827456121185 ] ] ] ] } },
{ "type": "Feature", "properties": { "fid": 197934, "navn": null, "hoyde_moh": 481, "arealInnsjo_km2": 0.0144, "magasinKategori": null, "fid_2": 1132, "id": 1132, "left": 17.986919847, "top": 68.946110046000001, "right": 18.486919847, "bottom": 68.446110046000001, "row_index": 11, "col_index": 28, "tile_id": 1132 }, "geometry": { "type": "MultiPolygon", "coordinates": [ [ [ [ 18.048955342586069, 68.520114875933373 ], [ 18.049942626245144, 68.51991989054568 ], [ 18.050807298714357, 68.519260626982856 ], [ 18.051284876918736, 68.519149594986146 ], [ 18.050893640427073, 68.518948326206811 ], [ 18.048935081789001, 68.518921699958454 ], [ 18.047282986034965, 68.519506009918956 ], [ 18.047596344474417, 68.519877937267921 ], [ 18.048928879692649, 68.520299586546429 ], [ 18.048955342586069, 68.520114875933373 ] ] ] ] } },
{ "type": "Feature", "properties": { "fid": 198265, "navn": null, "hoyde_moh": 474, "arealInnsjo_km2": 0.0104, "magasinKategori": null, "fid_2": 1132, "id": 1132, "left": 17.986919847, "top": 68.946110046000001, "right": 18.486919847, "bottom": 68.446110046000001, "row_index": 11, "col_index": 28, "tile_id": 1132 }, "geometry": { "type": "MultiPolygon", "coordinates": [ [ [ [ 18.337989724125176, 68.803358929648297 ], [ 18.33754977745906, 68.802851881998606 ], [ 18.336435571682753, 68.802664485531636 ], [ 18.333953820903464, 68.803028291907538 ], [ 18.335679154268131, 68.803321321603278 ], [ 18.335814941613371, 68.803498514608478 ], [ 18.337066061359288, 68.803543228592218 ], [ 18.337989724125176, 68.803358929648297 ] ] ] ] } },
{ "type": "Feature", "properties": { "fid": 198513, "navn": null, "hoyde_moh": 945, "arealInnsjo_km2": 0.0663, "magasinKategori": null, "fid_2": 1132, "id": 1132, "left": 17.986919847, "top": 68.946110046000001, "right": 18.486919847, "bottom": 68.446110046000001, "row_index": 11, "col_index": 28, "tile_id": 1132 }, "geometry": { "type": "MultiPolygon", "coordinates": [ [ [ [ 17.988314937370745, 68.735015767481769 ], [ 17.990091928717355, 68.734259979191833 ], [ 17.990505581039582, 68.733958744362809 ], [ 17.990755676697258, 68.733537047830936 ], [ 17.99204988601819, 68.732701070465097 ], [ 17.991856481046892, 68.732452041624754 ], [ 17.991327449561499, 68.73232601389941 ], [ 17.991750742031979, 68.732001173341629 ], [ 17.992191081898476, 68.732044917802185 ], [ 17.992007808321528, 68.731792118988153 ], [ 17.99214041882319, 68.731455359948853 ], [ 17.99159055317633, 68.731422709253934 ], [ 17.989224069769808, 68.732333471557766 ], [ 17.987191625241451, 68.73208774136306 ], [ 17.986919847, 68.732104307024571 ], [ 17.986919847, 68.735170622105727 ], [ 17.988314937370745, 68.735015767481769 ] ], [ [ 17.987314828255276, 68.733502219650916 ], [ 17.988181444830381, 68.733286987869647 ], [ 17.987720613377373, 68.733701358671595 ], [ 17.987152246638157, 68.733776480460918 ], [ 17.987314828255276, 68.733502219650916 ] ] ] ] } },
{ "type": "Feature", "properties": { "fid": 198886, "navn": "Fjelltjønna", "hoyde_moh": 210, "arealInnsjo_km2": 0.0094, "magasinKategori": null, "fid_2": 1132, "id": 1132, "left": 17.986919847, "top": 68.946110046000001, "right": 18.486919847, "bottom": 68.446110046000001, "row_index": 11, "col_index": 28, "tile_id": 1132 }, "geometry": { "type": "MultiPolygon", "coordinates": [ [ [ [ 18.480839604266436, 68.786912888946588 ], [ 18.479968338784186, 68.786628578483203 ], [ 18.480203135703032, 68.786283029587395 ], [ 18.479851295360291, 68.786150154553013 ], [ 18.478529085137755, 68.786222827806569 ], [ 18.478196375604966, 68.786866746098994 ], [ 18.478430773927879, 68.787095344181111 ], [ 18.479704739216157, 68.787297125478432 ], [ 18.480492840196561, 68.787175241577415 ], [ 18.480839604266436, 68.786912888946588 ] ], [ [ 18.479286627770556, 68.786509569355204 ], [ 18.479657822842896, 68.786590229597635 ], [ 18.479333756370366, 68.786734646171041 ], [ 18.479055220269284, 68.786628104847608 ], [ 18.479286627770556, 68.786509569355204 ] ] ] ] } },
{ "type": "Feature", "properties": { "fid": 198892, "navn": "Skjellvatnet", "hoyde_moh": 234, "arealInnsjo_km2": 0.075, "magasinKategori": null, "fid_2": 1132, "id": 1132, "left": 17.986919847, "top": 68.946110046000001, "right": 18.486919847, "bottom": 68.446110046000001, "row_index": 11, "col_index": 28, "tile_id": 1132 }, "geometry": { "type": "MultiPolygon", "coordinates": [ [ [ [ 18.303946784907083, 68.839640534040669 ], [ 18.304506778944692, 68.839425717121713 ], [ 18.304453421895477, 68.839201101227772 ], [ 18.30371905152796, 68.838982818243039 ], [ 18.303690355310444, 68.838836921415549 ], [ 18.303966319318079, 68.838752534448375 ], [ 18.304052887193794, 68.838117618932813 ], [ 18.304002340760281, 68.837943502694301 ], [ 18.303610646658253, 68.837756446996195 ], [ 18.304664523014242, 68.837340759200401 ], [ 18.304676509222684, 68.837002628669808 ], [ 18.301477943938398, 68.836119208008682 ], [ 18.300594619509891, 68.836141405078592 ], [ 18.300157725129868, 68.836428347325125 ], [ 18.299096027786856, 68.836531135526428 ], [ 18.298977763050321, 68.836758457206869 ], [ 18.298411660658573, 68.83694212640323 ], [ 18.298825758271427, 68.837273506371915 ], [ 18.298581115463751, 68.837428124362177 ], [ 18.299630230250781, 68.837666354033686 ], [ 18.299916373946232, 68.838052836997548 ], [ 18.298988847310991, 68.838491720467715 ], [ 18.298989009590926, 68.838846943454541 ], [ 18.298494285946298, 68.839129885016888 ], [ 18.300017983790589, 68.839376855883117 ], [ 18.300927227320887, 68.839903522369312 ], [ 18.301864114029812, 68.839941255324717 ], [ 18.303946784907083, 68.839640534040669 ] ] ] ] } },
{ "type": "Feature", "properties": { "fid": 198893, "navn": null, "hoyde_moh": 495, "arealInnsjo_km2": 0.0299, "magasinKategori": null, "fid_2": 1132, "id": 1132, "left": 17.986919847, "top": 68.946110046000001, "right": 18.486919847, "bottom": 68.446110046000001, "row_index": 11, "col_index": 28, "tile_id": 1132 }, "geometry": { "type": "MultiPolygon", "coordinates": [ [ [ [ 18.231932684080423, 68.869140801839265 ], [ 18.231467327525909, 68.868734996743243 ], [ 18.231687105651933, 68.868600625458257 ], [ 18.231590163467853, 68.868135920920906 ], [ 18.23130990126824, 68.868060435933671 ], [ 18.23135594520803, 68.867803032180532 ], [ 18.230393056572908, 68.867350110853224 ], [ 18.229062397543142, 68.866992431764913 ], [ 18.229505903776996, 68.866633112150993 ], [ 18.229587344675465, 68.866369200553038 ], [ 18.228531305573782, 68.866300632086322 ], [ 18.228039270181323, 68.866509754751675 ], [ 18.2280965657298, 68.866667235121497 ], [ 18.228937807476093, 68.866905906033722 ], [ 18.228435076228113, 68.866923981354375 ], [ 18.22820433384123, 68.8671145851267 ], [ 18.22837089167577, 68.867552109457307 ], [ 18.229108861262976, 68.86781267388541 ], [ 18.229137042697698, 68.867978608371203 ], [ 18.228658377477892, 68.868161888426783 ], [ 18.22857375624201, 68.868480900536113 ], [ 18.227852467809921, 68.868659176630132 ], [ 18.227851005951596, 68.86881813152344 ], [ 18.231551321367739, 68.869431514718499 ], [ 18.231932684080423, 68.869140801839265 ] ] ] ] } },
{ "type": "Feature", "properties": { "fid": 198894, "navn": "Mellomvatnet", "hoyde_moh": 228, "arealInnsjo_km2": 0.0239, "magasinKategori": null, "fid_2": 1132, "id": 1132, "left": 17.986919847, "top": 68.946110046000001, "right": 18.486919847, "bottom": 68.446110046000001, "row_index": 11, "col_index": 28, "tile_id": 1132 }, "geometry": { "type": "MultiPolygon", "coordinates": [ [ [ [ 18.078390526416314, 68.905424369323285 ], [ 18.078506250286583, 68.905365896093343 ], [ 18.078516123355246, 68.904867800396545 ], [ 18.076593909872276, 68.904501310552888 ], [ 18.074329445659117, 68.904468852362058 ], [ 18.073762001930987, 68.904589163834373 ], [ 18.074073354068297, 68.90490504380162 ], [ 18.074105374643061, 68.905203340963524 ], [ 18.07351253091473, 68.905334703687487 ], [ 18.073599433136174, 68.905522300243902 ], [ 18.074605700781209, 68.905687916080794 ], [ 18.076590744017803, 68.905767616447093 ], [ 18.078390526416314, 68.905424369323285 ] ] ] ] } },
{ "type": "Feature", "properties": { "fid": 198895, "navn": "Svartebergvatnet", "hoyde_moh": 500, "arealInnsjo_km2": 0.0218, "magasinKategori": null, "fid_2": 1132, "id": 1132, "left": 17.986919847, "top": 68.946110046000001, "right": 18.486919847, "bottom": 68.446110046000001, "row_index": 11, "col_index": 28, "tile_id": 1132 }, "geometry": { "type": "MultiPolygon", "coordinates": [ [ [ [ 18.108798117531318, 68.905430033241117 ], [ 18.109235454852694, 68.905633215761867 ], [ 18.109759730568438, 68.905550831090423 ], [ 18.109392541140764, 68.905429955733368 ], [ 18.109671759890187, 68.905191336213676 ], [ 18.109340000593718, 68.904482553382422 ], [ 18.108666628656966, 68.90450588907207 ], [ 18.108860410690077, 68.904345593423059 ], [ 18.108676219157406, 68.904255134061927 ], [ 18.108752871202988, 68.904126783935865 ], [ 18.107955585724365, 68.904259577814358 ], [ 18.106028826731148, 68.904013084970259 ], [ 18.105851072286811, 68.90440992776162 ], [ 18.106295140739984, 68.904530126247479 ], [ 18.106091653861021, 68.904610869901646 ], [ 18.106422171803608, 68.905208710450324 ], [ 18.106171459975609, 68.905405684374742 ], [ 18.106361450677344, 68.905457614271157 ], [ 18.106565168817887, 68.90585719603942 ], [ 18.107151920035452, 68.905876928580582 ], [ 18.108798117531318, 68.905430033241117 ] ] ] ] } },
{ "type": "Feature", "properties": { "fid": 203113, "navn": "Storbekkvatnet", "hoyde_moh": 271, "arealInnsjo_km2": 0.0456, "magasinKategori": null, "fid_2": 1132, "id": 1132, "left": 17.986919847, "top": 68.946110046000001, "right": 18.486919847, "bottom": 68.446110046000001, "row_index": 11, "col_index": 28, "tile_id": 1132 }, "geometry": { "type": "MultiPolygon", "coordinates": [ [ [ [ 18.302823375332046, 68.823011233765882 ], [ 18.302929253548871, 68.822576273693571 ], [ 18.302020212261116, 68.822401978192332 ], [ 18.30221180573044, 68.82223590249022 ], [ 18.302227417240445, 68.821940264326798 ], [ 18.3015307613007, 68.821644293742935 ], [ 18.298660623560767, 68.821644870166622 ], [ 18.297588693880186, 68.821934811207285 ], [ 18.29690170373323, 68.82169511546455 ], [ 18.29509729478028, 68.821666488259538 ], [ 18.294596115818404, 68.821766549294111 ], [ 18.294531957898815, 68.821958337592747 ], [ 18.293582496901848, 68.822081641965511 ], [ 18.293690103399317, 68.822559054210544 ], [ 18.295524143554193, 68.822400440230496 ], [ 18.297916511717176, 68.822768827526687 ], [ 18.298310439577357, 68.823103380110879 ], [ 18.299593805888858, 68.823062635668776 ], [ 18.30025225127833, 68.82331697435184 ], [ 18.301080294861929, 68.823363999660771 ], [ 18.302823375332046, 68.823011233765882 ] ] ] ] } },
{ "type": "Feature", "properties": { "fid": 203121, "navn": "Langvatnet", "hoyde_moh": 269, "arealInnsjo_km2": 0.0602, "magasinKategori": null, "fid_2": 1132, "id": 1132, "left": 17.986919847, "top": 68.946110046000001, "right": 18.486919847, "bottom": 68.446110046000001, "row_index": 11, "col_index": 28, "tile_id": 1132 }, "geometry": { "type": "MultiPolygon", "coordinates": [ [ [ [ 18.334524046216565, 68.828481396397933 ], [ 18.336672662595458, 68.828597496426895 ], [ 18.339000987360102, 68.828101750485132 ], [ 18.340570265209752, 68.828234132318158 ], [ 18.340707691558812, 68.82815860282723 ], [ 18.340717142837565, 68.827843588036032 ], [ 18.340392805350717, 68.827228753048203 ], [ 18.339713207718038, 68.826925318825914 ], [ 18.337755927697852, 68.826701423435608 ], [ 18.336815315543664, 68.826774509891919 ], [ 18.334685045710735, 68.827357750527355 ], [ 18.332156695833074, 68.827610063096685 ], [ 18.329232707699639, 68.828268791485797 ], [ 18.329378426493736, 68.828556155993795 ], [ 18.329842316969671, 68.828730602671342 ], [ 18.332908667650244, 68.828675286945128 ], [ 18.334524046216565, 68.828481396397933 ] ] ] ] } },
{ "type": "Feature", "properties": { "fid": 203150, "navn": "Čearpmatjávri", "hoyde_moh": 665, "arealInnsjo_km2": 0.1343, "magasinKategori": null, "fid_2": 1132, "id": 1132, "left": 17.986919847, "top": 68.946110046000001, "right": 18.486919847, "bottom": 68.446110046000001, "row_index": 11, "col_index": 28, "tile_id": 1132 }, "geometry": { "type": "MultiPolygon", "coordinates": [ [ [ [ 18.023584389579224, 68.769836360700197 ], [ 18.023643601841972, 68.769573872937983 ], [ 18.024286285006713, 68.769232202237092 ], [ 18.02452455436789, 68.768459186682819 ], [ 18.024385311536985, 68.768196380585394 ], [ 18.02390523321883, 68.768092009896961 ], [ 18.023771314218468, 68.767751630694335 ], [ 18.023582402741461, 68.767686502162746 ], [ 18.02361212976718, 68.767420320952482 ], [ 18.023420114402949, 68.767153608144397 ], [ 18.022063943545582, 68.766304183519622 ], [ 18.023209800552298, 68.76588405161597 ], [ 18.023757354219168, 68.765502781391163 ], [ 18.0237062976197, 68.765157870874489 ], [ 18.024040768771762, 68.764792432629704 ], [ 18.025353218148535, 68.764155730232545 ], [ 18.025414534992152, 68.763861601973531 ], [ 18.02567635763744, 68.763643435180811 ], [ 18.025612961202071, 68.762992873803029 ], [ 18.025818150696285, 68.762844577373272 ], [ 18.025683776601607, 68.762143661845101 ], [ 18.024295005679281, 68.761690668360217 ], [ 18.023851553332253, 68.76134989059554 ], [ 18.023260631135724, 68.761235917807483 ], [ 18.022761665104881, 68.761286748932221 ], [ 18.022223894073683, 68.761609936586055 ], [ 18.021193709249903, 68.761731378461135 ], [ 18.021259647217928, 68.761943602499983 ], [ 18.020620502664695, 68.76195787421166 ], [ 18.021084923322292, 68.762544723937779 ], [ 18.020526024990986, 68.763044783783769 ], [ 18.020356566065125, 68.763500550889162 ], [ 18.01931459136097, 68.764087234662426 ], [ 18.019249197962292, 68.764255115974066 ], [ 18.019971591310142, 68.765337877556178 ], [ 18.02129460567042, 68.766628354426345 ], [ 18.020871338647311, 68.767017095446661 ], [ 18.02125370846894, 68.767677410307826 ], [ 18.021057226512532, 68.768049179320016 ], [ 18.021549253145469, 68.769310930062858 ], [ 18.022070876978951, 68.769901786825159 ], [ 18.023584389579224, 68.769836360700197 ] ] ] ] } },
{ "type": "Feature", "properties": { "fid": 203151, "navn": null, "hoyde_moh": 704, "arealInnsjo_km2": 0.0421, "magasinKategori": null, "fid_2": 1132, "id": 1132, "left": 17.986919847, "top": 68.946110046000001, "right": 18.486919847, "bottom": 68.446110046000001, "row_index": 11, "col_index": 28, "tile_id": 1132 }, "geometry": { "type": "MultiPolygon", "coordinates": [ [ [ [ 18.008483100975031, 68.769907746572329 ], [ 18.007949327729158, 68.76953037740995 ], [ 18.007187074700244, 68.769471099156007 ], [ 18.006560675041431, 68.769141245638821 ], [ 18.006598012165412, 68.768907883353791 ], [ 18.006449678441534, 68.768820110906461 ], [ 18.005614241465494, 68.768697396022333 ], [ 18.003938697007982, 68.768084943127178 ], [ 18.002872871522943, 68.768012983429529 ], [ 18.001541331876755, 68.768947892309654 ], [ 18.00152678416449, 68.769297377996651 ], [ 18.00176120033629, 68.769637874663289 ], [ 18.002175985457342, 68.769952910987442 ], [ 18.002705690810469, 68.770054757097256 ], [ 18.004668508652053, 68.7700621569265 ], [ 18.006505235200002, 68.769827400798434 ], [ 18.010476902854069, 68.770429934931627 ], [ 18.008483100975031, 68.769907746572329 ] ] ] ] } },
{ "type": "Feature", "properties": { "fid": 203152, "navn": null, "hoyde_moh": 990, "arealInnsjo_km2": 0.004, "magasinKategori": null, "fid_2": 1132, "id": 1132, "left": 17.986919847, "top": 68.946110046000001, "right": 18.486919847, "bottom": 68.446110046000001, "row_index": 11, "col_index": 28, "tile_id": 1132 }, "geometry": { "type": "MultiPolygon", "coordinates": [ [ [ [ 18.275332147322707, 68.786106245147394 ], [ 18.275080246339186, 68.785633233440251 ], [ 18.273473787233968, 68.785632207348584 ], [ 18.273841983147207, 68.785790674957539 ], [ 18.273967804398517, 68.786146788305658 ], [ 18.275175510784962, 68.786281674237301 ], [ 18.275332147322707, 68.786106245147394 ] ] ] ] } },
{ "type": "Feature", "properties": { "fid": 203153, "navn": null, "hoyde_moh": 546, "arealInnsjo_km2": 0.0525, "magasinKategori": null, "fid_2": 1132, "id": 1132, "left": 17.986919847, "top": 68.946110046000001, "right": 18.486919847, "bottom": 68.446110046000001, "row_index": 11, "col_index": 28, "tile_id": 1132 }, "geometry": { "type": "MultiPolygon", "coordinates": [ [ [ [ 18.079222387710704, 68.823652275137164 ], [ 18.080088420986758, 68.823261554143272 ], [ 18.085341879176511, 68.823314662642289 ], [ 18.084255495361425, 68.823457490772782 ], [ 18.08501965839778, 68.823663659225971 ], [ 18.087651851892595, 68.823439032037868 ], [ 18.08740713751666, 68.823247131910236 ], [ 18.087427524110481, 68.823036674334389 ], [ 18.086341717661156, 68.822992402888005 ], [ 18.085913215071415, 68.822471474006534 ], [ 18.085101422355834, 68.822217155405724 ], [ 18.082550174761291, 68.821917035013925 ], [ 18.081391969133435, 68.822021466773222 ], [ 18.078717167123937, 68.822834921111209 ], [ 18.076207121732612, 68.823132880916631 ], [ 18.075617660113952, 68.823435883876002 ], [ 18.076429405932711, 68.823624079779705 ], [ 18.077020731506106, 68.823963236829371 ], [ 18.079222387710704, 68.823652275137164 ] ] ] ] } },
{ "type": "Feature", "properties": { "fid": 203155, "navn": "Lortvatnet", "hoyde_moh": 92, "arealInnsjo_km2": 0.0756, "magasinKategori": null, "fid_2": 1132, "id": 1132, "left": 17.986919847, "top": 68.946110046000001, "right": 18.486919847, "bottom": 68.446110046000001, "row_index": 11, "col_index": 28, "tile_id": 1132 }, "geometry": { "type": "MultiPolygon", "coordinates": [ [ [ [ 18.377512063033663, 68.844842288032154 ], [ 18.378008042115745, 68.844778726603465 ], [ 18.378446247873189, 68.844442154405016 ], [ 18.37900555452077, 68.844397804787022 ], [ 18.379649852030909, 68.844107058346125 ], [ 18.38144501566812, 68.843101766888466 ], [ 18.381310862720177, 68.842812228625334 ], [ 18.381593496675343, 68.842688336190122 ], [ 18.381633950034288, 68.842319620949837 ], [ 18.381518866680249, 68.841920416844033 ], [ 18.381096737982944, 68.841791336071466 ], [ 18.381089623666508, 68.841418718673665 ], [ 18.381871332664858, 68.840631417122097 ], [ 18.381734598701204, 68.840021794175343 ], [ 18.38138626839023, 68.839911899338261 ], [ 18.380626114925466, 68.839991237322806 ], [ 18.379512453572303, 68.840632747530989 ], [ 18.377658193344583, 68.84111889703091 ], [ 18.377046796301709, 68.841424518246356 ], [ 18.377173302306542, 68.841654494161887 ], [ 18.376711228622593, 68.841710106559972 ], [ 18.376966449946469, 68.842164986069989 ], [ 18.377349375705695, 68.842296293042963 ], [ 18.376294540666326, 68.842399967272357 ], [ 18.376110706977308, 68.842616176314792 ], [ 18.376187109551012, 68.842873010900249 ], [ 18.377170420015631, 68.843339100917802 ], [ 18.377393572354055, 68.843738313414377 ], [ 18.376979556650916, 68.844264687182303 ], [ 18.376528540336288, 68.844545026031255 ], [ 18.376663103488106, 68.844876764755654 ], [ 18.376424274530812, 68.845193923878725 ], [ 18.376738889756684, 68.845245322096829 ], [ 18.377512063033663, 68.844842288032154 ] ] ] ] } },
{ "type": "Feature", "properties": { "fid": 203156, "navn": null, "hoyde_moh": 368, "arealInnsjo_km2": 0.016, "magasinKategori": null, "fid_2": 1132, "id": 1132, "left": 17.986919847, "top": 68.946110046000001, "right": 18.486919847, "bottom": 68.446110046000001, "row_index": 11, "col_index": 28, "tile_id": 1132 }, "geometry": { "type": "MultiPolygon", "coordinates": [ [ [ [ 18.123020553726015, 68.883821369204384 ], [ 18.123574827006205, 68.883378713679818 ], [ 18.123581381886972, 68.88276376262192 ], [ 18.1226510817066, 68.88250026680295 ], [ 18.12151665234947, 68.882526288410645 ], [ 18.120362733997265, 68.883176826510876 ], [ 18.120582435727812, 68.883256923713361 ], [ 18.120560754551956, 68.883450981800678 ], [ 18.120951976348376, 68.883581982123133 ], [ 18.120850809971511, 68.88372443667545 ], [ 18.122496257037518, 68.883949054387827 ], [ 18.123020553726015, 68.883821369204384 ] ] ] ] } },
{ "type": "Feature", "properties": { "fid": 203649, "navn": "Gaddjajavri", "hoyde_moh": 776, "arealInnsjo_km2": 0.1345, "magasinKategori": null, "fid_2": 1132, "id": 1132, "left": 17.986919847, "top": 68.946110046000001, "right": 18.486919847, "bottom": 68.446110046000001, "row_index": 11, "col_index": 28, "tile_id": 1132 }, "geometry": { "type": "MultiPolygon", "coordinates": [ [ [ [ 17.991751285802735, 68.542527631399778 ], [ 17.994097713241224, 68.542205811435863 ], [ 17.995998396392874, 68.541490154917156 ], [ 17.995850545946542, 68.541134400982457 ], [ 17.996291868097604, 68.540938984724804 ], [ 17.995687154887467, 68.540800021786936 ], [ 17.996205118707167, 68.540386426644801 ], [ 17.998639605307353, 68.539969419973204 ], [ 17.998908333594038, 68.539853567633827 ], [ 17.998925327300224, 68.539609249079504 ], [ 17.999281231217161, 68.539455838800265 ], [ 17.999111575014705, 68.539317737969412 ], [ 17.9967700016966, 68.539483514040882 ], [ 17.996876103743812, 68.539291472581212 ], [ 17.996644689403411, 68.539240029189486 ], [ 17.991232409217876, 68.540092423613316 ], [ 17.988326330697326, 68.540679578744133 ], [ 17.986919847, 68.541079054785115 ], [ 17.986919847, 68.54262163869349 ], [ 17.991751285802735, 68.542527631399778 ] ] ] ] } },
{ "type": "Feature", "properties": { "fid": 204364, "navn": "Pettervatnet", "hoyde_moh": 130, "arealInnsjo_km2": 0.0183, "magasinKategori": null, "fid_2": 1132, "id": 1132, "left": 17.986919847, "top": 68.946110046000001, "right": 18.486919847, "bottom": 68.446110046000001, "row_index": 11, "col_index": 28, "tile_id": 1132 }, "geometry": { "type": "MultiPolygon", "coordinates": [ [ [ [ 18.042686220310525, 68.919532535221109 ], [ 18.042393014467237, 68.918425161569075 ], [ 18.041633356089612, 68.918129530200687 ], [ 18.040792450942149, 68.918051439036219 ], [ 18.039502018567951, 68.918260210033012 ], [ 18.040351374580442, 68.918743859328686 ], [ 18.040160385195936, 68.919312951869671 ], [ 18.040322548345749, 68.919543479104888 ], [ 18.041226371413547, 68.919949483642554 ], [ 18.041646240592762, 68.91997044953898 ], [ 18.042686220310525, 68.919532535221109 ] ] ] ] } },
{ "type": "Feature", "properties": { "fid": 204365, "navn": "Tvillingvatnet", "hoyde_moh": 543, "arealInnsjo_km2": 0.0264, "magasinKategori": null, "fid_2": 1132, "id": 1132, "left": 17.986919847, "top": 68.946110046000001, "right": 18.486919847, "bottom": 68.446110046000001, "row_index": 11, "col_index": 28, "tile_id": 1132 }, "geometry": { "type": "MultiPolygon", "coordinates": [ [ [ [ 18.18193347224749, 68.931873989018598 ], [ 18.181618554954056, 68.93131672949653 ], [ 18.181952057535899, 68.930848466695011 ], [ 18.181874034807585, 68.930423260395742 ], [ 18.18278337437113, 68.929945952224941 ], [ 18.182454013083142, 68.929397493607723 ], [ 18.181814990354049, 68.929369827019116 ], [ 18.182063342135457, 68.929610935248263 ], [ 18.182015347232156, 68.929864758094865 ], [ 18.180163371405417, 68.929916826182961 ], [ 18.179517417889556, 68.930104406759057 ], [ 18.178549418163882, 68.930725908433118 ], [ 18.178767329193516, 68.931081526740428 ], [ 18.178989209265271, 68.931128567151859 ], [ 18.179537953280338, 68.931698439086148 ], [ 18.181726399912005, 68.93203533825411 ], [ 18.18193347224749, 68.931873989018598 ] ] ] ] } },
{ "type": "Feature", "properties": { "fid": 204767, "navn": "Hauglivatnet", "hoyde_moh": 498, "arealInnsjo_km2": 0.0151, "magasinKategori": null, "fid_2": 1132, "id": 1132, "left": 17.986919847, "top": 68.946110046000001, "right": 18.486919847, "bottom": 68.446110046000001, "row_index": 11, "col_index": 28, "tile_id": 1132 }, "geometry": { "type": "MultiPolygon", "coordinates": [ [ [ [ 18.160511039875736, 68.935949961686418 ], [ 18.160102519328206, 68.93556526511874 ], [ 18.160774935903159, 68.935424319833146 ], [ 18.160931441450597, 68.935095141567274 ], [ 18.161755222222641, 68.93476355656901 ], [ 18.161672591813058, 68.93458749495926 ], [ 18.161177049820736, 68.934325264683622 ], [ 18.160486294584256, 68.934250799928563 ], [ 18.160211093527483, 68.934390757350414 ], [ 18.159571725399033, 68.934347479263465 ], [ 18.158554519159946, 68.934673927719231 ], [ 18.15900727092626, 68.935545696250273 ], [ 18.160123986823063, 68.936145593152602 ], [ 18.160409862605164, 68.936146220452756 ], [ 18.160511039875736, 68.935949961686418 ] ] ] ] } },
{ "type": "Feature", "properties": { "fid": 204794, "navn": null, "hoyde_moh": 801, "arealInnsjo_km2": 0.1087, "magasinKategori": null, "fid_2": 1132, "id": 1132, "left": 17.986919847, "top": 68.946110046000001, "right": 18.486919847, "bottom": 68.446110046000001, "row_index": 11, "col_index": 28, "tile_id": 1132 }, "geometry": { "type": "MultiPolygon", "coordinates": [ [ [ [ 18.383306815034089, 68.621831453021215 ], [ 18.385216339721637, 68.621699515573908 ], [ 18.385261707346796, 68.621520706788985 ], [ 18.386003015331703, 68.621280853772774 ], [ 18.385899127118215, 68.621117706977486 ], [ 18.38600791199099, 68.621029669819023 ], [ 18.393194111887421, 68.620790946617177 ], [ 18.391122324811391, 68.620202349163762 ], [ 18.391047257880214, 68.620003781523508 ], [ 18.391423213548663, 68.619731296001618 ], [ 18.391192271940231, 68.619602140825364 ], [ 18.391245690379908, 68.619351595179936 ], [ 18.388125386441281, 68.61889937790589 ], [ 18.386880039915322, 68.619032546178985 ], [ 18.386080251890277, 68.619352336292792 ], [ 18.386330788385695, 68.619526723254424 ], [ 18.386022341398409, 68.619638710698609 ], [ 18.385038052343379, 68.619641342929484 ], [ 18.38307069961753, 68.619215877516069 ], [ 18.381960010411277, 68.619458914853055 ], [ 18.380500864487374, 68.619526013099403 ], [ 18.380318554479356, 68.619612917833592 ], [ 18.38042041869063, 68.619793978363674 ], [ 18.380311631188839, 68.619882101505937 ], [ 18.380663751958053, 68.620237562439328 ], [ 18.380607746469394, 68.620506025050801 ], [ 18.38005128820059, 68.620847391682346 ], [ 18.379073711879496, 68.621002695126023 ], [ 18.378877936736071, 68.621206160670511 ], [ 18.380899776675903, 68.621587568144008 ], [ 18.381885996171665, 68.621988849508085 ], [ 18.382081023961184, 68.622216262330582 ], [ 18.382693744123547, 68.62223476112365 ], [ 18.383306815034089, 68.621831453021215 ] ] ] ] } },
{ "type": "Feature", "properties": { "fid": 204795, "navn": "Første Geitryggvatnet", "hoyde_moh": 758, "arealInnsjo_km2": 0.4239, "magasinKategori": null, "fid_2": 1132, "id": 1132, "left": 17.986919847, "top": 68.946110046000001, "right": 18.486919847, "bottom": 68.446110046000001, "row_index": 11, "col_index": 28, "tile_id": 1132 }, "geometry": { "type": "MultiPolygon", "coordinates": [ [ [ [ 18.41664849933904, 68.643625373226797 ], [ 18.42017208998832, 68.643527701164814 ], [ 18.426331388619253, 68.642428072283693 ], [ 18.427670096167645, 68.641918966744214 ], [ 18.42786367741239, 68.641733445867601 ], [ 18.428002438716863, 68.640954713825181 ], [ 18.428422469669535, 68.640727766895608 ], [ 18.4285597761919, 68.640388746194148 ], [ 18.42811847564511, 68.639942233625817 ], [ 18.426773345795546, 68.639221694745345 ], [ 18.425783579089497, 68.638192361309294 ], [ 18.425673392641983, 68.63765218293598 ], [ 18.426547157331289, 68.637118046190011 ], [ 18.423904427693945, 68.636978944572874 ], [ 18.422425704296469, 68.637423065158586 ], [ 18.421733241354481, 68.637448350411731 ], [ 18.420640196946874, 68.637108538010338 ], [ 18.419460574291335, 68.637090446873671 ], [ 18.41472832422809, 68.63778089056153 ], [ 18.413489782324, 68.638273495600743 ], [ 18.413123840721894, 68.638671820643154 ], [ 18.411764238574534, 68.639359940019645 ], [ 18.409181775979757, 68.639975527269343 ], [ 18.409295340479257, 68.640058094329461 ], [ 18.409119967919175, 68.640513081676005 ], [ 18.409166208900352, 68.640962598997788 ], [ 18.410210157924816, 68.641517120973674 ], [ 18.410332453566856, 68.641949833209466 ], [ 18.411023513637712, 68.642148954315999 ], [ 18.411640302882997, 68.641925075734335 ], [ 18.41279946246069, 68.642258400957502 ], [ 18.412688443370371, 68.642367334911327 ], [ 18.412838836709657, 68.642697909771996 ], [ 18.412295951504962, 68.642965467724622 ], [ 18.412420118111001, 68.643274302545109 ], [ 18.413953769408771, 68.643854363740829 ], [ 18.41664849933904, 68.643625373226797 ] ] ] ] } },
{ "type": "Feature", "properties": { "fid": 204796, "navn": "Andre Geitryggvatnet", "hoyde_moh": 814, "arealInnsjo_km2": 0.0793, "magasinKategori": null, "fid_2": 1132, "id": 1132, "left": 17.986919847, "top": 68.946110046000001, "right": 18.486919847, "bottom": 68.446110046000001, "row_index": 11, "col_index": 28, "tile_id": 1132 }, "geometry": { "type": "MultiPolygon", "coordinates": [ [ [ [ 18.408497770055249, 68.649330225694499 ], [ 18.408267239509883, 68.649148185031649 ], [ 18.40974538476998, 68.648500904540171 ], [ 18.410439373295031, 68.647739078160058 ], [ 18.407873456634505, 68.646641839724055 ], [ 18.40683828524315, 68.646369732882064 ], [ 18.404528880834917, 68.646563748294369 ], [ 18.401442772494953, 68.647476556554167 ], [ 18.401496038250961, 68.647656883161446 ], [ 18.402185800206894, 68.648080395164996 ], [ 18.403219912521212, 68.648509168153552 ], [ 18.406850531366821, 68.649417486583033 ], [ 18.407707119344845, 68.649486837571061 ], [ 18.408497770055249, 68.649330225694499 ] ] ] ] } },
{ "type": "Feature", "properties": { "fid": 204798, "navn": null, "hoyde_moh": 761, "arealInnsjo_km2": 0.0805, "magasinKategori": null, "fid_2": 1132, "id": 1132, "left": 17.986919847, "top": 68.946110046000001, "right": 18.486919847, "bottom": 68.446110046000001, "row_index": 11, "col_index": 28, "tile_id": 1132 }, "geometry": { "type": "MultiPolygon", "coordinates": [ [ [ [ 18.033257987696512, 68.662874479019692 ], [ 18.034925404667856, 68.662023203353655 ], [ 18.034664107977989, 68.661470556669343 ], [ 18.033515434579055, 68.66101260112687 ], [ 18.033232722918285, 68.660659915722107 ], [ 18.033265859793993, 68.66021141457712 ], [ 18.033014009781962, 68.660059098678971 ], [ 18.033699179054377, 68.659876650482062 ], [ 18.033738972490923, 68.65953917532606 ], [ 18.034840779652505, 68.6591193070728 ], [ 18.029436769898755, 68.659469687070001 ], [ 18.029071150964487, 68.659733196903048 ], [ 18.028134274459319, 68.659933789598696 ], [ 18.027598657279594, 68.660230871273029 ], [ 18.028116997575069, 68.660299856425539 ], [ 18.028471362676655, 68.660546940685535 ], [ 18.027379626826704, 68.660647152733915 ], [ 18.027849491245352, 68.660891627309482 ], [ 18.02750019760256, 68.661190482089737 ], [ 18.030635429360508, 68.662284262169123 ], [ 18.031922482346623, 68.662528053401687 ], [ 18.031532341879075, 68.663003796197245 ], [ 18.032024364319511, 68.663130881086587 ], [ 18.033257987696512, 68.662874479019692 ] ] ] ] } },
{ "type": "Feature", "properties": { "fid": 206759, "navn": null, "hoyde_moh": 583, "arealInnsjo_km2": 0.0158, "magasinKategori": null, "fid_2": 1132, "id": 1132, "left": 17.986919847, "top": 68.946110046000001, "right": 18.486919847, "bottom": 68.446110046000001, "row_index": 11, "col_index": 28, "tile_id": 1132 }, "geometry": { "type": "MultiPolygon", "coordinates": [ [ [ [ 18.026784115246787, 68.495982510396843 ], [ 18.026740265409423, 68.495423706319116 ], [ 18.027225960262484, 68.495231968143941 ], [ 18.025920442816325, 68.495276899128044 ], [ 18.025628321169812, 68.495028902511862 ], [ 18.026144785513132, 68.494555602561277 ], [ 18.026753909804633, 68.494291789479263 ], [ 18.028089565976806, 68.493986754064252 ], [ 18.0267033777492, 68.493710481558779 ], [ 18.025894690109162, 68.494126391342164 ], [ 18.026103799732546, 68.494348412998107 ], [ 18.025369103722792, 68.494365441138953 ], [ 18.025266372012617, 68.494581149202929 ], [ 18.0247479273301, 68.49473666289262 ], [ 18.025034523702615, 68.494917964652743 ], [ 18.024606348721267, 68.495243238069023 ], [ 18.024734082128813, 68.495794782971032 ], [ 18.02554557339645, 68.496178764095504 ], [ 18.026300305458388, 68.496173853839196 ], [ 18.026784115246787, 68.495982510396843 ] ] ] ] } },
{ "type": "Feature", "properties": { "fid": 207828, "navn": "Tjørnan", "hoyde_moh": 291, "arealInnsjo_km2": 0.0164, "magasinKategori": null, "fid_2": 1132, "id": 1132, "left": 17.986919847, "top": 68.946110046000001, "right": 18.486919847, "bottom": 68.446110046000001, "row_index": 11, "col_index": 28, "tile_id": 1132 }, "geometry": { "type": "MultiPolygon", "coordinates": [ [ [ [ 18.070888845706982, 68.692863863561357 ], [ 18.070874455286898, 68.692575929199947 ], [ 18.070583133637442, 68.692284679064088 ], [ 18.069567317415181, 68.692036581264659 ], [ 18.067428922574504, 68.692209734969069 ], [ 18.065699030996306, 68.69264012082111 ], [ 18.067910583384268, 68.693101935598875 ], [ 18.069802245450269, 68.693076460758704 ], [ 18.070888845706982, 68.692863863561357 ] ] ] ] } },
{ "type": "Feature", "properties": { "fid": 207829, "navn": null, "hoyde_moh": 1010, "arealInnsjo_km2": 0.0172, "magasinKategori": null, "fid_2": 1132, "id": 1132, "left": 17.986919847, "top": 68.946110046000001, "right": 18.486919847, "bottom": 68.446110046000001, "row_index": 11, "col_index": 28, "tile_id": 1132 }, "geometry": { "type": "MultiPolygon", "coordinates": [ [ [ [ 18.392321195172151, 68.687330355989843 ], [ 18.392306563054436, 68.687033945261419 ], [ 18.391155162855839, 68.686540533185152 ], [ 18.389611061019071, 68.686453805949157 ], [ 18.388855472592407, 68.686585713414033 ], [ 18.388377682030285, 68.686874583801583 ], [ 18.388483454378051, 68.687235169190529 ], [ 18.390520312397445, 68.687751323704759 ], [ 18.391934638085878, 68.687683408323224 ], [ 18.392321195172151, 68.687330355989843 ] ] ] ] } },
{ "type": "Feature", "properties": { "fid": 208227, "navn": null, "hoyde_moh": 1153, "arealInnsjo_km2": 0.0397, "magasinKategori": null, "fid_2": 1132, "id": 1132, "left": 17.986919847, "top": 68.946110046000001, "right": 18.486919847, "bottom": 68.446110046000001, "row_index": 11, "col_index": 28, "tile_id": 1132 }, "geometry": { "type": "MultiPolygon", "coordinates": [ [ [ [ 18.470642863500171, 68.744716322376433 ], [ 18.470805107691366, 68.744254801054694 ], [ 18.46837823882721, 68.743780268877117 ], [ 18.465485261734461, 68.743990324206194 ], [ 18.464487521289321, 68.74423176718787 ], [ 18.464183599028051, 68.744523123884946 ], [ 18.464441409099539, 68.744957088463266 ], [ 18.46556809599598, 68.745385295875195 ], [ 18.468479501164492, 68.745642217770524 ], [ 18.470642863500171, 68.744716322376433 ] ] ] ] } },
{ "type": "Feature", "properties": { "fid": 209718, "navn": null, "hoyde_moh": 481, "arealInnsjo_km2": 0.0054, "magasinKategori": null, "fid_2": 1132, "id": 1132, "left": 17.986919847, "top": 68.946110046000001, "right": 18.486919847, "bottom": 68.446110046000001, "row_index": 11, "col_index": 28, "tile_id": 1132 }, "geometry": { "type": "MultiPolygon", "coordinates": [ [ [ [ 18.130186103473307, 68.779631102336694 ], [ 18.129580327849219, 68.779114450586661 ], [ 18.128629236596563, 68.779047972373121 ], [ 18.128138529711219, 68.779181829045697 ], [ 18.128570854010903, 68.779714795625381 ], [ 18.129622913948115, 68.779885714150225 ], [ 18.130186103473307, 68.779631102336694 ] ] ] ] } },
{ "type": "Feature", "properties": { "fid": 210645, "navn": "Øvre Ørnvatnet", "hoyde_moh": 477, "arealInnsjo_km2": 0.058, "magasinKategori": null, "fid_2": 1132, "id": 1132, "left": 17.986919847, "top": 68.946110046000001, "right": 18.486919847, "bottom": 68.446110046000001, "row_index": 11, "col_index": 28, "tile_id": 1132 }, "geometry": { "type": "MultiPolygon", "coordinates": [ [ [ [ 18.078358004886443, 68.46419060315128 ], [ 18.078206019800344, 68.463908874608052 ], [ 18.077549915416203, 68.463465463636624 ], [ 18.0778208096858, 68.463075227309133 ], [ 18.077459675987519, 68.46282939429085 ], [ 18.074715633424177, 68.462651387717543 ], [ 18.073652186261821, 68.462814560538391 ], [ 18.071928240307397, 68.462621554902995 ], [ 18.071574472447345, 68.462918669424724 ], [ 18.070988205088579, 68.462871331424552 ], [ 18.071411099211286, 68.462996723791534 ], [ 18.071501503284786, 68.463199949438646 ], [ 18.070571615253606, 68.463188180456342 ], [ 18.069816516452622, 68.463684513207809 ], [ 18.072443876025421, 68.463879017349626 ], [ 18.072982487062077, 68.464186786483737 ], [ 18.07390059245191, 68.464312872689945 ], [ 18.074525287317368, 68.46467122112216 ], [ 18.076278828548148, 68.465066029515938 ], [ 18.077785605382847, 68.464916871717364 ], [ 18.078355393556642, 68.465043678342354 ], [ 18.078358004886443, 68.46419060315128 ] ] ] ] } },
{ "type": "Feature", "properties": { "fid": 210655, "navn": null, "hoyde_moh": 448, "arealInnsjo_km2": 0.029, "magasinKategori": null, "fid_2": 1132, "id": 1132, "left": 17.986919847, "top": 68.946110046000001, "right": 18.486919847, "bottom": 68.446110046000001, "row_index": 11, "col_index": 28, "tile_id": 1132 }, "geometry": { "type": "MultiPolygon", "coordinates": [ [ [ [ 18.021372310001418, 68.472251793374312 ], [ 18.020789818758935, 68.472109223045095 ], [ 18.020606044896297, 68.471835208157643 ], [ 18.020880951257048, 68.471626093382739 ], [ 18.020745076637027, 68.471516588488655 ], [ 18.017514928682889, 68.47120553639715 ], [ 18.016508990223969, 68.471618589653858 ], [ 18.016307620376526, 68.471974238822682 ], [ 18.015388480060675, 68.472415348866605 ], [ 18.015596261491243, 68.472681035915386 ], [ 18.020013453327984, 68.47273282048009 ], [ 18.021372310001418, 68.472251793374312 ] ] ] ] } },
{ "type": "Feature", "properties": { "fid": 210842, "navn": "Svartvatnet", "hoyde_moh": 132, "arealInnsjo_km2": 0.4433, "magasinKategori": null, "fid_2": 1132, "id": 1132, "left": 17.986919847, "top": 68.946110046000001, "right": 18.486919847, "bottom": 68.446110046000001, "row_index": 11, "col_index": 28, "tile_id": 1132 }, "geometry": { "type": "MultiPolygon", "coordinates": [ [ [ [ 18.410715867771614, 68.825721290840505 ], [ 18.412076210995792, 68.824940245187349 ], [ 18.413257432810852, 68.824493799493737 ], [ 18.413622212025921, 68.824005573652414 ], [ 18.412787249227193, 68.823586283733775 ], [ 18.413190816459888, 68.823356717233708 ], [ 18.413179234627506, 68.823190995758338 ], [ 18.413651894064113, 68.823007005160321 ], [ 18.413563831066536, 68.822860782196813 ], [ 18.414078072480361, 68.82285834226964 ], [ 18.414070938880172, 68.82268121619029 ], [ 18.414416538058379, 68.822385011522883 ], [ 18.41417615760637, 68.822225418996695 ], [ 18.414776063901904, 68.82221487758946 ], [ 18.416446351488897, 68.821497420810914 ], [ 18.417312974248436, 68.821419178305533 ], [ 18.417124677462876, 68.821559199639808 ], [ 18.41743610445404, 68.82192040111066 ], [ 18.415692737773519, 68.822850463482027 ], [ 18.415736582974663, 68.823070764291998 ], [ 18.416626821816983, 68.822913204659912 ], [ 18.416695158301309, 68.823079579984693 ], [ 18.416473520427218, 68.823287084352046 ], [ 18.417308283963251, 68.823204724792944 ], [ 18.417613981128266, 68.823091525540036 ], [ 18.417624123682984, 68.822913871675951 ], [ 18.419888608303594, 68.822279605856124 ], [ 18.420221893187591, 68.822123189347025 ], [ 18.420208433897439, 68.821964958899486 ], [ 18.420789310877165, 68.821935741357848 ], [ 18.420962617953553, 68.821706664062532 ], [ 18.424466397459923, 68.820406067055572 ], [ 18.425164166324027, 68.820043551139847 ], [ 18.425056984835063, 68.819690184132355 ], [ 18.428267342306576, 68.818589844487406 ], [ 18.429043355972439, 68.818464516798983 ], [ 18.429444041529518, 68.818102236034889 ], [ 18.430764055468849, 68.817568615651737 ], [ 18.43266329205532, 68.817057393720233 ], [ 18.432998517127686, 68.816904951088759 ], [ 18.432813010189157, 68.81673942411075 ], [ 18.43347210261944, 68.816605214339233 ], [ 18.432931110936067, 68.816396859110768 ], [ 18.432481656118128, 68.816427144642532 ], [ 18.431984045065089, 68.816584397205162 ], [ 18.432141020277044, 68.816856110943277 ], [ 18.430408226565625, 68.817199083660412 ], [ 18.430184626205826, 68.817373421651865 ], [ 18.429531024582516, 68.817374687845259 ], [ 18.428366668155707, 68.817068995886629 ], [ 18.428680875532415, 68.816585792467393 ], [ 18.429635911494522, 68.816298610110351 ], [ 18.429177119041924, 68.816064335433396 ], [ 18.427698356366633, 68.816180602679523 ], [ 18.425130290771257, 68.815904136466131 ], [ 18.423950258635148, 68.815577988468007 ], [ 18.423637004052296, 68.815440085422466 ], [ 18.42362982831888, 68.815245447658839 ], [ 18.420918509115953, 68.814795527899548 ], [ 18.418438151213845, 68.815114383414141 ], [ 18.418185889706418, 68.815399738892168 ], [ 18.419012809603604, 68.815798775860046 ], [ 18.419337967805077, 68.816297812916133 ], [ 18.419242894370864, 68.816502682506595 ], [ 18.417895933313282, 68.817119011518741 ], [ 18.416716052553433, 68.817190366294568 ], [ 18.416737177963327, 68.817588933164728 ], [ 18.416110001486825, 68.81788129367645 ], [ 18.413121538435345, 68.818690104380764 ], [ 18.413392636427727, 68.819085259605941 ], [ 18.413043686573886, 68.819717929187576 ], [ 18.413505245496829, 68.820340584606129 ], [ 18.41448224350767, 68.820731418237216 ], [ 18.416187667494281, 68.820947918375737 ], [ 18.415624597682999, 68.821091080523473 ], [ 18.415603402977766, 68.821248661120904 ], [ 18.414481856541759, 68.821479478763067 ], [ 18.411343937605494, 68.821049742067629 ], [ 18.409026257486936, 68.821428935247695 ], [ 18.408454689352578, 68.821719248895093 ], [ 18.408505385453758, 68.821813241178432 ], [ 18.409511661272468, 68.821979369492439 ], [ 18.408936059500672, 68.822128686918447 ], [ 18.408561196775487, 68.822533947524107 ], [ 18.407522454109969, 68.822952266293129 ], [ 18.407838174049729, 68.823322915803374 ], [ 18.407206157764239, 68.823693912200739 ], [ 18.407376162183638, 68.823917877710414 ], [ 18.407263204320504, 68.824094540072821 ], [ 18.408520091476625, 68.824340867207312 ], [ 18.406484069701541, 68.824172410025881 ], [ 18.405556845638632, 68.824678817221454 ], [ 18.405354857800209, 68.825024833845319 ], [ 18.404942144223085, 68.825237590751556 ], [ 18.405288369771526, 68.825457484635137 ], [ 18.405111137311156, 68.825650880312537 ], [ 18.405830927684107, 68.825966012732067 ], [ 18.407688514767145, 68.825211038885939 ], [ 18.407686679203103, 68.825611501738578 ], [ 18.407446324674982, 68.826043962249457 ], [ 18.408121139054845, 68.82623740905828 ], [ 18.4094816037782, 68.826146601068501 ], [ 18.410715867771614, 68.825721290840505 ] ], [ [ 18.419757219236196, 68.820110287062576 ], [ 18.417213216052478, 68.820668103544435 ], [ 18.416425320529378, 68.820642925435763 ], [ 18.416405350639742, 68.820421246111366 ], [ 18.417326215617095, 68.819814950144632 ], [ 18.419122369221995, 68.819540618164083 ], [ 18.4204555244355, 68.81980561376497 ], [ 18.419757219236196, 68.820110287062576 ] ], [ [ 18.417877569936316, 68.821169833254544 ], [ 18.417868128928237, 68.820969853634395 ], [ 18.420612202907947, 68.820103564430141 ], [ 18.422716155551985, 68.81977207206549 ], [ 18.423175388146252, 68.819809507536021 ], [ 18.423016917501521, 68.819992848296835 ], [ 18.423359146316962, 68.819978491997119 ], [ 18.418252488627207, 68.821299860377351 ], [ 18.417877569936316, 68.821169833254544 ] ], [ [ 18.419412009918066, 68.821207805162942 ], [ 18.419950397340926, 68.821067372499613 ], [ 18.419846649759979, 68.821193480377275 ], [ 18.419412009918066, 68.821207805162942 ] ], [ [ 18.411000608723064, 68.824085035083201 ], [ 18.410706200589463, 68.823953643626766 ], [ 18.411482380443779, 68.82369513162557 ], [ 18.411581429498938, 68.82374486690496 ], [ 18.41145431458677, 68.823819532671905 ], [ 18.412024046188229, 68.823962990100682 ], [ 18.412045946090753, 68.824084411292375 ], [ 18.411000608723064, 68.824085035083201 ] ], [ [ 18.409093759390135, 68.824800986462989 ], [ 18.41017242332617, 68.824336596947077 ], [ 18.410683744805205, 68.824392508026335 ], [ 18.409604401441062, 68.824991437797323 ], [ 18.409093759390135, 68.824800986462989 ] ] ] ] } },
{ "type": "Feature", "properties": { "fid": 210843, "navn": "Mellomvatnet", "hoyde_moh": 283, "arealInnsjo_km2": 0.0272, "magasinKategori": null, "fid_2": 1132, "id": 1132, "left": 17.986919847, "top": 68.946110046000001, "right": 18.486919847, "bottom": 68.446110046000001, "row_index": 11, "col_index": 28, "tile_id": 1132 }, "geometry": { "type": "MultiPolygon", "coordinates": [ [ [ [ 18.323727514950026, 68.828294308193051 ], [ 18.323613658775763, 68.828119638899963 ], [ 18.323894418010202, 68.828000640475196 ], [ 18.324850529087726, 68.828109968887048 ], [ 18.325526945946887, 68.827995610897872 ], [ 18.325533281421794, 68.827408130310559 ], [ 18.325952773817846, 68.827132679625748 ], [ 18.32591639434051, 68.827012616463236 ], [ 18.324692241311421, 68.826785164166921 ], [ 18.323827689783869, 68.826812418965588 ], [ 18.321391971833009, 68.826990201665751 ], [ 18.320863822534129, 68.827215504385393 ], [ 18.32119329237949, 68.827479973680028 ], [ 18.320935067945307, 68.827669914408645 ], [ 18.321122678314136, 68.828023811634338 ], [ 18.321476245969219, 68.828269939865976 ], [ 18.323727514950026, 68.828294308193051 ] ] ] ] } },
{ "type": "Feature", "properties": { "fid": 210844, "navn": "Veslvatnet", "hoyde_moh": 137, "arealInnsjo_km2": 0.0157, "magasinKategori": null, "fid_2": 1132, "id": 1132, "left": 17.986919847, "top": 68.946110046000001, "right": 18.486919847, "bottom": 68.446110046000001, "row_index": 11, "col_index": 28, "tile_id": 1132 }, "geometry": { "type": "MultiPolygon", "coordinates": [ [ [ [ 18.160467290032479, 68.84586023655423 ], [ 18.160291260650013, 68.845263656056389 ], [ 18.160466929338391, 68.84509751835877 ], [ 18.160400636105134, 68.844785939950953 ], [ 18.159941242793497, 68.844750758853351 ], [ 18.159587228290544, 68.844905577540175 ], [ 18.158827158304387, 68.844680881450842 ], [ 18.157597780165002, 68.844879980462935 ], [ 18.157783535477659, 68.845271402703275 ], [ 18.157485070740027, 68.845456878355961 ], [ 18.15753889543047, 68.845639308830528 ], [ 18.157933436424301, 68.845913632183183 ], [ 18.158682370998971, 68.846101817690396 ], [ 18.15976581987427, 68.846111482329363 ], [ 18.160467290032479, 68.84586023655423 ] ] ] ] } },
{ "type": "Feature", "properties": { "fid": 211279, "navn": "Øvre Veslvatnet", "hoyde_moh": 138, "arealInnsjo_km2": 0.0845, "magasinKategori": null, "fid_2": 1132, "id": 1132, "left": 17.986919847, "top": 68.946110046000001, "right": 18.486919847, "bottom": 68.446110046000001, "row_index": 11, "col_index": 28, "tile_id": 1132 }, "geometry": { "type": "MultiPolygon", "coordinates": [ [ [ [ 18.27356600425427, 68.853536078581612 ], [ 18.271673507076031, 68.852722545657116 ], [ 18.271564391964862, 68.852130041253176 ], [ 18.270678871882282, 68.85159252851426 ], [ 18.266631661843395, 68.850882446666091 ], [ 18.265915657952647, 68.850550868499766 ], [ 18.265923387167238, 68.850215257089985 ], [ 18.265710682907489, 68.849979959454529 ], [ 18.264348951197846, 68.849401554469736 ], [ 18.262931840151687, 68.849469895943116 ], [ 18.262469740633545, 68.849666612751648 ], [ 18.262612319300054, 68.849903798974481 ], [ 18.2633693675484, 68.850014791350901 ], [ 18.264048538345815, 68.850353282469243 ], [ 18.263834332578938, 68.85060908325805 ], [ 18.263883826964101, 68.850810074527359 ], [ 18.265063073755169, 68.851038838890133 ], [ 18.264965115228357, 68.851236377534761 ], [ 18.265214183756814, 68.851348860432381 ], [ 18.265175033584104, 68.851661998772656 ], [ 18.265559447530443, 68.851774933714239 ], [ 18.264995262064108, 68.851871345535827 ], [ 18.265303647854431, 68.852330632548757 ], [ 18.265146124950704, 68.852449670206468 ], [ 18.265167787504286, 68.852792438737566 ], [ 18.269723103924491, 68.853822682316903 ], [ 18.270839015475332, 68.853668048241957 ], [ 18.272357594194347, 68.853902805756249 ], [ 18.27356600425427, 68.853536078581612 ] ] ] ] } },
{ "type": "Feature", "properties": { "fid": 211280, "navn": "Leirbekkvatnet", "hoyde_moh": 261, "arealInnsjo_km2": 0.9857, "magasinKategori": null, "fid_2": 1132, "id": 1132, "left": 17.986919847, "top": 68.946110046000001, "right": 18.486919847, "bottom": 68.446110046000001, "row_index": 11, "col_index": 28, "tile_id": 1132 }, "geometry": { "type": "MultiPolygon", "coordinates": [ [ [ [ 18.16102363879136, 68.885076344560076 ], [ 18.162757769181209, 68.88506737815419 ], [ 18.163480952516871, 68.884696681192864 ], [ 18.165104653776503, 68.884467794306786 ], [ 18.165520780184231, 68.88408511101332 ], [ 18.165468970858626, 68.883944034611787 ], [ 18.164704949891952, 68.883708552880748 ], [ 18.165083872688633, 68.883429635805399 ], [ 18.169918098097735, 68.883751943694676 ], [ 18.171514841648683, 68.883568657821101 ], [ 18.172786780791991, 68.883695606892658 ], [ 18.173951687352364, 68.883614444492451 ], [ 18.174155525772445, 68.883540878765629 ], [ 18.174090973004112, 68.883236721562469 ], [ 18.174983429732826, 68.883127682186341 ], [ 18.175196041559182, 68.882926186155046 ], [ 18.1789620241995, 68.883223544192447 ], [ 18.181778776873777, 68.882332204334773 ], [ 18.184282849997739, 68.881335420828634 ], [ 18.186661753744726, 68.880828123216062 ], [ 18.187830852901641, 68.880792934405136 ], [ 18.191155910306556, 68.881124318383002 ], [ 18.192064526068503, 68.880598541656866 ], [ 18.192276020438452, 68.880090240349077 ], [ 18.19183224199562, 68.879485321638555 ], [ 18.190492337558226, 68.878773932399469 ], [ 18.186378555851633, 68.878109392267959 ], [ 18.185217675525447, 68.877676631745516 ], [ 18.181097710273605, 68.877676503658606 ], [ 18.180335227235354, 68.877266070715876 ], [ 18.180995352620627, 68.876872586082371 ], [ 18.180890695725697, 68.87654969639317 ], [ 18.179173570994092, 68.875984537740891 ], [ 18.177961566764374, 68.875339534995007 ], [ 18.176018150554786, 68.87503311775798 ], [ 18.174214624328101, 68.874483353042933 ], [ 18.173334955253683, 68.874496892682117 ], [ 18.172753352487188, 68.874122381307103 ], [ 18.170981069202135, 68.873970290990883 ], [ 18.169492109446015, 68.874121047538225 ], [ 18.168090173919026, 68.873730469723697 ], [ 18.167326643306193, 68.87375357748752 ], [ 18.163879243220677, 68.87450934965095 ], [ 18.161420254881513, 68.875493231447351 ], [ 18.161334953880829, 68.875594837172031 ], [ 18.16153662081307, 68.875900129276175 ], [ 18.161210378750056, 68.876099409378355 ], [ 18.160345154522247, 68.876296491806542 ], [ 18.158825316975403, 68.876314394523433 ], [ 18.157062889775531, 68.877203836715509 ], [ 18.15616007057994, 68.877417126983033 ], [ 18.159551821508785, 68.877897008339517 ], [ 18.159595044421213, 68.878142216123962 ], [ 18.159873777899787, 68.878364823548608 ], [ 18.161328319953579, 68.878469157138838 ], [ 18.161337604527056, 68.878790325007287 ], [ 18.161814523850314, 68.878997215769516 ], [ 18.163907045825791, 68.878734929542176 ], [ 18.164512072010087, 68.878834741200819 ], [ 18.161411754675864, 68.879393020423336 ], [ 18.161937356468396, 68.879916127055495 ], [ 18.160290669019226, 68.880090018255359 ], [ 18.160553960174528, 68.880237402754432 ], [ 18.160455920091735, 68.880314463653917 ], [ 18.160592357956919, 68.880539354390379 ], [ 18.161614441099264, 68.88081342330392 ], [ 18.160345848213126, 68.881074292678676 ], [ 18.159299674462929, 68.881655055835864 ], [ 18.159412587728784, 68.881912257836433 ], [ 18.159989627044141, 68.882181760919707 ], [ 18.159993903382627, 68.882335482955369 ], [ 18.160379531837602, 68.882429239166996 ], [ 18.160305006876452, 68.882707609651078 ], [ 18.161144257918416, 68.883128644503572 ], [ 18.160668354887751, 68.883469778709795 ], [ 18.16068973346643, 68.883652542787345 ], [ 18.161713500529924, 68.884155174531415 ], [ 18.16178766113612, 68.884588714922629 ], [ 18.161536026941086, 68.884742882029997 ], [ 18.160822253250736, 68.884510400113712 ], [ 18.160273618540216, 68.884536122586056 ], [ 18.159775749858785, 68.884765610032872 ], [ 18.159868951074763, 68.884992740957628 ], [ 18.160369511348691, 68.885202161483861 ], [ 18.16102363879136, 68.885076344560076 ] ], [ [ 18.166636756918574, 68.874766451175049 ], [ 18.167020635920203, 68.874753019603375 ], [ 18.16695196815169, 68.874970680744454 ], [ 18.166740217144664, 68.874955498581969 ], [ 18.166636756918574, 68.874766451175049 ] ], [ [ 18.163914605124155, 68.875721420047185 ], [ 18.163867297455631, 68.87563251476324 ], [ 18.164507686109641, 68.875531087302733 ], [ 18.164304996526969, 68.875725561447794 ], [ 18.163914605124155, 68.875721420047185 ] ], [ [ 18.160230412090065, 68.877799288322521 ], [ 18.159674720614426, 68.877396060703077 ], [ 18.160517954536484, 68.877311352809528 ], [ 18.161406999682875, 68.877603155594102 ], [ 18.162002718725105, 68.877625933355247 ], [ 18.160918926533181, 68.877858235419282 ], [ 18.160230412090065, 68.877799288322521 ] ] ] ] } },
{ "type": "Feature", "properties": { "fid": 211281, "navn": "Daudvatnet", "hoyde_moh": 512, "arealInnsjo_km2": 0.0339, "magasinKategori": null, "fid_2": 1132, "id": 1132, "left": 17.986919847, "top": 68.946110046000001, "right": 18.486919847, "bottom": 68.446110046000001, "row_index": 11, "col_index": 28, "tile_id": 1132 }, "geometry": { "type": "MultiPolygon", "coordinates": [ [ [ [ 18.218774724346471, 68.917377315123971 ], [ 18.2167558175538, 68.916072121425088 ], [ 18.213853312669354, 68.915180980708854 ], [ 18.213140681571236, 68.915464235640897 ], [ 18.213171511739692, 68.915719011384979 ], [ 18.212978375142121, 68.915939312349749 ], [ 18.213040564413699, 68.916270804195989 ], [ 18.213830844916039, 68.916927154302357 ], [ 18.215558508121656, 68.917262239262172 ], [ 18.217379404244792, 68.917844889138948 ], [ 18.217987103138075, 68.917751884941538 ], [ 18.218774724346471, 68.917377315123971 ] ] ] ] } },
{ "type": "Feature", "properties": { "fid": 211705, "navn": null, "hoyde_moh": 602, "arealInnsjo_km2": 0.018, "magasinKategori": null, "fid_2": 1132, "id": 1132, "left": 17.986919847, "top": 68.946110046000001, "right": 18.486919847, "bottom": 68.446110046000001, "row_index": 11, "col_index": 28, "tile_id": 1132 }, "geometry": { "type": "MultiPolygon", "coordinates": [ [ [ [ 18.101202225443256, 68.78916515527149 ], [ 18.101132142481575, 68.788982653706483 ], [ 18.100660501725788, 68.788829223203464 ], [ 18.100745094312881, 68.788481118471594 ], [ 18.101963796998909, 68.788446616078446 ], [ 18.102268068495125, 68.787988638100927 ], [ 18.101283635452351, 68.787841538962596 ], [ 18.10089455286758, 68.787474624433798 ], [ 18.10106891000633, 68.787194278914086 ], [ 18.100472518724587, 68.787161103495222 ], [ 18.099376501805189, 68.787618200589435 ], [ 18.099112636867698, 68.788040957801073 ], [ 18.099451509153024, 68.788051372940956 ], [ 18.099219679615153, 68.788342912243237 ], [ 18.099389523914695, 68.788435514865228 ], [ 18.099098553881433, 68.788656758538238 ], [ 18.099467852316643, 68.788899601210645 ], [ 18.099578219238154, 68.789239562227607 ], [ 18.100407691499104, 68.789334738743037 ], [ 18.101202225443256, 68.78916515527149 ] ] ] ] } },
{ "type": "Feature", "properties": { "fid": 211706, "navn": "Čierrunjávri", "hoyde_moh": 529, "arealInnsjo_km2": 0.0077, "magasinKategori": null, "fid_2": 1132, "id": 1132, "left": 17.986919847, "top": 68.946110046000001, "right": 18.486919847, "bottom": 68.446110046000001, "row_index": 11, "col_index": 28, "tile_id": 1132 }, "geometry": { "type": "MultiPolygon", "coordinates": [ [ [ [ 18.118715141056683, 68.790660509428477 ], [ 18.118685307308947, 68.790149115974714 ], [ 18.117894273662532, 68.789922237369225 ], [ 18.116408279829315, 68.789987264571039 ], [ 18.11642514474384, 68.790318073468143 ], [ 18.116884335780718, 68.79070000880391 ], [ 18.118221668179398, 68.790787469920971 ], [ 18.118715141056683, 68.790660509428477 ] ] ] ] } },
{ "type": "Feature", "properties": { "fid": 211712, "navn": null, "hoyde_moh": 616, "arealInnsjo_km2": 0.0429, "magasinKategori": null, "fid_2": 1132, "id": 1132, "left": 17.986919847, "top": 68.946110046000001, "right": 18.486919847, "bottom": 68.446110046000001, "row_index": 11, "col_index": 28, "tile_id": 1132 }, "geometry": { "type": "MultiPolygon", "coordinates": [ [ [ [ 18.098827986228759, 68.801074283674353 ], [ 18.098856269309149, 68.800771921304005 ], [ 18.100121898276708, 68.800014561223023 ], [ 18.101430206013482, 68.799647140176049 ], [ 18.102784746706202, 68.799877617762732 ], [ 18.103053657806026, 68.799716119040511 ], [ 18.103033697803248, 68.799580285103531 ], [ 18.101447753587173, 68.7995116080005 ], [ 18.101733172972004, 68.799315512961002 ], [ 18.101699451502377, 68.799127228735884 ], [ 18.100806629879791, 68.799025130602175 ], [ 18.100338598522082, 68.798717744249132 ], [ 18.099087948585662, 68.798829573148424 ], [ 18.098348575837555, 68.798623474875015 ], [ 18.097555633680244, 68.798630864760284 ], [ 18.095749675825399, 68.799423296562409 ], [ 18.095484298337198, 68.799945280498349 ], [ 18.09605955565636, 68.800141278957128 ], [ 18.096721200910633, 68.800029723335385 ], [ 18.096970925763994, 68.800388779103699 ], [ 18.09754910149794, 68.800464951071689 ], [ 18.097586023787645, 68.800567884702176 ], [ 18.096798070948982, 68.800869662043851 ], [ 18.096832712408631, 68.801022107014262 ], [ 18.098562374758753, 68.801106788346814 ], [ 18.098764590302718, 68.801187130056945 ], [ 18.098720902082462, 68.801347021075458 ], [ 18.099041757107862, 68.801351305014094 ], [ 18.098827986228759, 68.801074283674353 ] ] ] ] } },
{ "type": "Feature", "properties": { "fid": 211713, "navn": null, "hoyde_moh": 246, "arealInnsjo_km2": 0.0158, "magasinKategori": null, "fid_2": 1132, "id": 1132, "left": 17.986919847, "top": 68.946110046000001, "right": 18.486919847, "bottom": 68.446110046000001, "row_index": 11, "col_index": 28, "tile_id": 1132 }, "geometry": { "type": "MultiPolygon", "coordinates": [ [ [ [ 18.236782374125774, 68.812226314337906 ], [ 18.236708919207246, 68.812064656190984 ], [ 18.235263953831158, 68.811501661333438 ], [ 18.233722648214254, 68.810540745596811 ], [ 18.232517825770326, 68.81057429784066 ], [ 18.232096652221191, 68.810753460801152 ], [ 18.232836870283506, 68.811185436645289 ], [ 18.233025503862368, 68.811698584722834 ], [ 18.233674389934983, 68.811891660183278 ], [ 18.235005813879063, 68.811900313065593 ], [ 18.235795672828083, 68.81227880381951 ], [ 18.236782374125774, 68.812226314337906 ] ] ] ] } },
{ "type": "Feature", "properties": { "fid": 211714, "navn": null, "hoyde_moh": 556, "arealInnsjo_km2": 0.0221, "magasinKategori": null, "fid_2": 1132, "id": 1132, "left": 17.986919847, "top": 68.946110046000001, "right": 18.486919847, "bottom": 68.446110046000001, "row_index": 11, "col_index": 28, "tile_id": 1132 }, "geometry": { "type": "MultiPolygon", "coordinates": [ [ [ [ 18.092826389181937, 68.822474330352634 ], [ 18.093324377504103, 68.822567967079479 ], [ 18.093539467859575, 68.822219198749238 ], [ 18.093226219267081, 68.822036455959292 ], [ 18.093006237348071, 68.821423578235823 ], [ 18.091807263083801, 68.820960331727264 ], [ 18.090989054590384, 68.820856181857494 ], [ 18.089343662472476, 68.821093436722919 ], [ 18.089411745503792, 68.821737811764351 ], [ 18.088879166849683, 68.822150079827495 ], [ 18.090844333997058, 68.822200862161566 ], [ 18.091601822948753, 68.822020256595749 ], [ 18.091934395956574, 68.82219744293144 ], [ 18.091743567296643, 68.822449611585768 ], [ 18.091781060776125, 68.822738382662095 ], [ 18.092826389181937, 68.822474330352634 ] ], [ [ 18.090833497801107, 68.821663002359301 ], [ 18.091293768018382, 68.821685686133321 ], [ 18.090727184170586, 68.821855273452343 ], [ 18.090501971189575, 68.821760704207165 ], [ 18.090833497801107, 68.821663002359301 ] ] ] ] } },
{ "type": "Feature", "properties": { "fid": 211717, "navn": "Masterbakkvatna", "hoyde_moh": 548, "arealInnsjo_km2": 0.3926, "magasinKategori": null, "fid_2": 1132, "id": 1132, "left": 17.986919847, "top": 68.946110046000001, "right": 18.486919847, "bottom": 68.446110046000001, "row_index": 11, "col_index": 28, "tile_id": 1132 }, "geometry": { "type": "MultiPolygon", "coordinates": [ [ [ [ 18.050505588436504, 68.818187551834129 ], [ 18.050953080492629, 68.818002556130509 ], [ 18.051123432917962, 68.817739226388298 ], [ 18.050135003793851, 68.817062194879796 ], [ 18.048665585047697, 68.817375973341726 ], [ 18.048489731923425, 68.81708959652444 ], [ 18.048830699634916, 68.816857410665122 ], [ 18.049524113728502, 68.816877992790367 ], [ 18.049800555018805, 68.816711065819135 ], [ 18.049570484178115, 68.816389662982971 ], [ 18.04977439916448, 68.816146560204544 ], [ 18.049285835731858, 68.816039523773526 ], [ 18.049203986437416, 68.815457973337402 ], [ 18.049693512319124, 68.814872711119818 ], [ 18.051114308712638, 68.814350880422154 ], [ 18.051781200991748, 68.814467992001767 ], [ 18.051443454010343, 68.814582247748518 ], [ 18.051767303631806, 68.814710015528817 ], [ 18.051584250835862, 68.814947539024473 ], [ 18.051669086060993, 68.815091634524222 ], [ 18.050891401434171, 68.81532808636446 ], [ 18.050791208613354, 68.815520217683726 ], [ 18.051725979702422, 68.815872223582957 ], [ 18.053227327113479, 68.816006465897132 ], [ 18.054411611637882, 68.81577911641466 ], [ 18.056399704041851, 68.815703915309243 ], [ 18.056952730122873, 68.816058996821454 ], [ 18.059269278046028, 68.816634400322869 ], [ 18.059985351612113, 68.816478923545176 ], [ 18.060761182352053, 68.816087144797649 ], [ 18.06041868888024, 68.815720198673105 ], [ 18.060758414085356, 68.815411606989784 ], [ 18.060559955196759, 68.815178348462624 ], [ 18.060926191819632, 68.814763249070026 ], [ 18.06173964545447, 68.814610676037191 ], [ 18.062463793507504, 68.814224578604595 ], [ 18.062263983849235, 68.814012175083434 ], [ 18.062589738935692, 68.813559465960509 ], [ 18.061191893375025, 68.813487543557514 ], [ 18.061459266731216, 68.813288169289166 ], [ 18.0610068022233, 68.812969444732104 ], [ 18.06037536441503, 68.812931364051934 ], [ 18.060109361221301, 68.812047437404047 ], [ 18.059032498191563, 68.811611402562292 ], [ 18.05698822100921, 68.811432590509938 ], [ 18.053669643665465, 68.811528338735144 ], [ 18.052192587473801, 68.811438647063838 ], [ 18.051522613476788, 68.811247885640213 ], [ 18.049419336132523, 68.811274829374312 ], [ 18.046635293172791, 68.811639864912891 ], [ 18.045366215953976, 68.811598900550038 ], [ 18.044530275656513, 68.812139550264391 ], [ 18.042540218909188, 68.812968158604789 ], [ 18.042256189573497, 68.81327903402331 ], [ 18.042570178044194, 68.81431357318499 ], [ 18.04195951089411, 68.814530380047799 ], [ 18.042097701501906, 68.814924901353876 ], [ 18.043812245629493, 68.816046822826991 ], [ 18.043778923412489, 68.816330670119555 ], [ 18.044865494592727, 68.816671551299962 ], [ 18.046609957432345, 68.816755793936764 ], [ 18.046765504484302, 68.817210960731117 ], [ 18.047767610970588, 68.817337334157401 ], [ 18.047860472028727, 68.817628613359958 ], [ 18.048293497968803, 68.817759455346462 ], [ 18.048122758656348, 68.818016593978527 ], [ 18.047620585899626, 68.817864907509758 ], [ 18.047427374860121, 68.817987332479348 ], [ 18.048073261152322, 68.818218406614704 ], [ 18.050505588436504, 68.818187551834129 ] ] ] ] } },
{ "type": "Feature", "properties": { "fid": 212520, "navn": "Sætervatnet", "hoyde_moh": 169, "arealInnsjo_km2": 0.0163, "magasinKategori": null, "fid_2": 1132, "id": 1132, "left": 17.986919847, "top": 68.946110046000001, "right": 18.486919847, "bottom": 68.446110046000001, "row_index": 11, "col_index": 28, "tile_id": 1132 }, "geometry": { "type": "MultiPolygon", "coordinates": [ [ [ [ 18.009193359651768, 68.929818906898191 ], [ 18.008517094130688, 68.929191913437307 ], [ 18.007583613316857, 68.928775220089918 ], [ 18.005950668479709, 68.928717926680051 ], [ 18.005240461221142, 68.929106963513561 ], [ 18.005345837764068, 68.929466808642587 ], [ 18.006122255559951, 68.929884488045431 ], [ 18.009193359651768, 68.929818906898191 ] ] ] ] } },
{ "type": "Feature", "properties": { "fid": 212522, "navn": "Skofjellvatnan", "hoyde_moh": 678, "arealInnsjo_km2": 0.0155, "magasinKategori": null, "fid_2": 1132, "id": 1132, "left": 17.986919847, "top": 68.946110046000001, "right": 18.486919847, "bottom": 68.446110046000001, "row_index": 11, "col_index": 28, "tile_id": 1132 }, "geometry": { "type": "MultiPolygon", "coordinates": [ [ [ [ 18.246204349446195, 68.93732106230317 ], [ 18.247617254825204, 68.936897374306056 ], [ 18.247693009896281, 68.936694711638566 ], [ 18.245935531574432, 68.936140412652691 ], [ 18.244624193307033, 68.936046131355312 ], [ 18.24418797274771, 68.936204650644299 ], [ 18.24453023499235, 68.936591956681724 ], [ 18.244515075998159, 68.937188181023274 ], [ 18.244958211384553, 68.93760265898996 ], [ 18.245652675611343, 68.937675639736113 ], [ 18.246204349446195, 68.93732106230317 ] ] ] ] } },
{ "type": "Feature", "properties": { "fid": 212528, "navn": "Várdnoljávri", "hoyde_moh": 377, "arealInnsjo_km2": 0.2819, "magasinKategori": null, "fid_2": 1132, "id": 1132, "left": 17.986919847, "top": 68.946110046000001, "right": 18.486919847, "bottom": 68.446110046000001, "row_index": 11, "col_index": 28, "tile_id": 1132 }, "geometry": { "type": "MultiPolygon", "coordinates": [ [ [ [ 18.2355775946574, 68.946082302956285 ], [ 18.232478120517268, 68.945692573643328 ], [ 18.231634499020135, 68.945441526910258 ], [ 18.22779348790468, 68.945643284834205 ], [ 18.226150206612704, 68.945066954077191 ], [ 18.224938948682105, 68.945123800617182 ], [ 18.224634990574895, 68.945466613819335 ], [ 18.224860877238726, 68.945585443292487 ], [ 18.226304311999236, 68.945584364575581 ], [ 18.226914830903929, 68.946110046 ], [ 18.235659685425873, 68.946110046 ], [ 18.2355775946574, 68.946082302956285 ] ] ], [ [ [ 18.210303825059782, 68.946063327289878 ], [ 18.210225786613218, 68.946110046 ], [ 18.210474333093, 68.946110046 ], [ 18.210303825059782, 68.946063327289878 ] ] ] ] } },
{ "type": "Feature", "properties": { "fid": 212530, "navn": "Raudbergvatnan", "hoyde_moh": 689, "arealInnsjo_km2": 0.079, "magasinKategori": null, "fid_2": 1132, "id": 1132, "left": 17.986919847, "top": 68.946110046000001, "right": 18.486919847, "bottom": 68.446110046000001, "row_index": 11, "col_index": 28, "tile_id": 1132 }, "geometry": { "type": "MultiPolygon", "coordinates": [ [ [ [ 18.125416715988468, 68.606160665499942 ], [ 18.126446117019704, 68.605069613779719 ], [ 18.12642298240355, 68.604553960308337 ], [ 18.125976476554964, 68.604402434066174 ], [ 18.12578296561481, 68.604157053642879 ], [ 18.125975090817295, 68.604058763654109 ], [ 18.125845116525657, 68.603897050254062 ], [ 18.126069957185518, 68.603692924933185 ], [ 18.125602839859887, 68.60359807575054 ], [ 18.125465023705466, 68.603832099342256 ], [ 18.125186291508641, 68.60385406324329 ], [ 18.124769791814646, 68.603610576318417 ], [ 18.124747652819259, 68.603440934978622 ], [ 18.124271030750926, 68.603297146457962 ], [ 18.124576640788433, 68.602961336542037 ], [ 18.123936775600004, 68.602867085321691 ], [ 18.123740713018794, 68.60259957361626 ], [ 18.123296887491115, 68.60258706779122 ], [ 18.122940316998012, 68.603060382855247 ], [ 18.121380900182853, 68.603465050175998 ], [ 18.120240600274744, 68.604546721010607 ], [ 18.120288416653374, 68.605039290019505 ], [ 18.120898759227778, 68.605472680223528 ], [ 18.122472619508226, 68.60612002683331 ], [ 18.123111096060061, 68.606726801111634 ], [ 18.123905832763857, 68.607164393440499 ], [ 18.124382422254609, 68.607252608102172 ], [ 18.124261376185999, 68.607432448125294 ], [ 18.124651177573966, 68.607556121224448 ], [ 18.125416715988468, 68.606160665499942 ] ] ] ] } },
{ "type": "Feature", "properties": { "fid": 213005, "navn": "Jørenvatnet", "hoyde_moh": 820, "arealInnsjo_km2": 0.1868, "magasinKategori": null, "fid_2": 1132, "id": 1132, "left": 17.986919847, "top": 68.946110046000001, "right": 18.486919847, "bottom": 68.446110046000001, "row_index": 11, "col_index": 28, "tile_id": 1132 }, "geometry": { "type": "MultiPolygon", "coordinates": [ [ [ [ 18.230661835114947, 68.687163816526919 ], [ 18.233084262478144, 68.686601340128632 ], [ 18.235429008495032, 68.68677669272688 ], [ 18.237134518874701, 68.686525996310237 ], [ 18.240164800193028, 68.687064547433579 ], [ 18.240938146198502, 68.687042704422012 ], [ 18.24174756763794, 68.686733550617802 ], [ 18.242477428036651, 68.686913937717392 ], [ 18.243035848347862, 68.686804085152929 ], [ 18.24029933789031, 68.685872947149662 ], [ 18.240329374381279, 68.685731128781455 ], [ 18.241003287042215, 68.685427271747997 ], [ 18.24092213920289, 68.685059965474252 ], [ 18.240694856386831, 68.684825212495426 ], [ 18.240015107473319, 68.684608569470271 ], [ 18.23949119624184, 68.68383914128772 ], [ 18.239651687350257, 68.68337480347688 ], [ 18.240231113275634, 68.683109037026185 ], [ 18.240243882748839, 68.682972398673996 ], [ 18.237883734359194, 68.682851827649429 ], [ 18.233563788392761, 68.683310116136397 ], [ 18.230522831709518, 68.68416153453002 ], [ 18.229342223407649, 68.684653812246694 ], [ 18.229372101369623, 68.684961402875459 ], [ 18.228926857291015, 68.685279066546229 ], [ 18.228227730692932, 68.686786729901456 ], [ 18.22738049248948, 68.687305301798574 ], [ 18.22817192392769, 68.687212057723059 ], [ 18.229082503281035, 68.687470307314001 ], [ 18.230000582289062, 68.687457510010404 ], [ 18.230661835114947, 68.687163816526919 ] ] ] ] } },
{ "type": "Feature", "properties": { "fid": 216604, "navn": "Roggejávri", "hoyde_moh": 605, "arealInnsjo_km2": 0.0898, "magasinKategori": null, "fid_2": 1132, "id": 1132, "left": 17.986919847, "top": 68.946110046000001, "right": 18.486919847, "bottom": 68.446110046000001, "row_index": 11, "col_index": 28, "tile_id": 1132 }, "geometry": { "type": "MultiPolygon", "coordinates": [ [ [ [ 18.037576609779681, 68.806375452895466 ], [ 18.038247880888793, 68.80591553278002 ], [ 18.039355674947537, 68.805628872365034 ], [ 18.040131241770936, 68.805242578720552 ], [ 18.042883657878505, 68.804488748990707 ], [ 18.043029128258585, 68.804364400808268 ], [ 18.043016032480011, 68.804058671954309 ], [ 18.040987308800037, 68.804036242774401 ], [ 18.040046041436206, 68.80427001506979 ], [ 18.039513265090346, 68.803962644875639 ], [ 18.037348278389313, 68.803542204795477 ], [ 18.036877625788524, 68.803173474058198 ], [ 18.036913004223017, 68.80304571550144 ], [ 18.03644196265137, 68.802659484121264 ], [ 18.036214123522672, 68.802233885891511 ], [ 18.034885352479112, 68.802338372112004 ], [ 18.034299616199206, 68.802728608659663 ], [ 18.034263017531678, 68.803069161105924 ], [ 18.033888355511976, 68.803214029220698 ], [ 18.033556104173101, 68.803595060967623 ], [ 18.033518960257521, 68.804004392355822 ], [ 18.034113353657073, 68.804442022756561 ], [ 18.033560184385827, 68.804829608348783 ], [ 18.033582483736382, 68.805034710353155 ], [ 18.033951077370205, 68.805421075805484 ], [ 18.035124519525272, 68.805838113458805 ], [ 18.035380286632776, 68.806148388086328 ], [ 18.036071131257728, 68.80647772143071 ], [ 18.037576609779681, 68.806375452895466 ] ] ] ] } },
{ "type": "Feature", "properties": { "fid": 217049, "navn": "Masterbakkvatna", "hoyde_moh": 548, "arealInnsjo_km2": 0.9248, "magasinKategori": null, "fid_2": 1132, "id": 1132, "left": 17.986919847, "top": 68.946110046000001, "right": 18.486919847, "bottom": 68.446110046000001, "row_index": 11, "col_index": 28, "tile_id": 1132 }, "geometry": { "type": "MultiPolygon", "coordinates": [ [ [ [ 18.069492641745921, 68.814379781372011 ], [ 18.069651631501063, 68.814273030836404 ], [ 18.069836532601009, 68.813506289943419 ], [ 18.07071279243257, 68.812968638033581 ], [ 18.074011385268445, 68.812054845888028 ], [ 18.076199503357007, 68.811862211589514 ], [ 18.076737657063799, 68.811638958633708 ], [ 18.077426283385424, 68.811081416988188 ], [ 18.078378347919074, 68.810886743341442 ], [ 18.080433097792504, 68.811411931072087 ], [ 18.089545071964391, 68.811626506758245 ], [ 18.090698813321957, 68.811121399030654 ], [ 18.092032640355978, 68.810086614846853 ], [ 18.092304260885868, 68.809739958409665 ], [ 18.092262825072783, 68.809305095561029 ], [ 18.092779646411639, 68.808778716719871 ], [ 18.093639310581619, 68.808675868083014 ], [ 18.096756877805177, 68.808884483674291 ], [ 18.097257586813722, 68.80854234558474 ], [ 18.096604104552402, 68.808151782611347 ], [ 18.095406757547313, 68.807968030490755 ], [ 18.095383597334024, 68.807696774731824 ], [ 18.096209895616997, 68.807369169676676 ], [ 18.096457875843406, 68.807049421890568 ], [ 18.096324581511425, 68.80623556206632 ], [ 18.095539480498832, 68.80550524148245 ], [ 18.091938057836224, 68.804561952094801 ], [ 18.091326046532501, 68.804583788688092 ], [ 18.091042652051403, 68.804863323162053 ], [ 18.09061188123006, 68.804745208133198 ], [ 18.088749583545184, 68.80481647181881 ], [ 18.087859173926113, 68.804574021352536 ], [ 18.086678650426677, 68.804539749650289 ], [ 18.085156906539883, 68.80498903912644 ], [ 18.084249530202634, 68.804865389203982 ], [ 18.082178201987155, 68.80549208139395 ], [ 18.078537076963848, 68.805946308678898 ], [ 18.078158985088329, 68.806066561060859 ], [ 18.077845227630764, 68.806391511572144 ], [ 18.07823318112629, 68.80705145106343 ], [ 18.077617902716341, 68.807166667641283 ], [ 18.077604337943331, 68.807301584000527 ], [ 18.07639305893084, 68.806915319791685 ], [ 18.076362670904302, 68.806688727016393 ], [ 18.075670165485963, 68.806326808830775 ], [ 18.074185187597049, 68.806526008997551 ], [ 18.072974580017735, 68.806061331884464 ], [ 18.070845952071274, 68.80614727531804 ], [ 18.068209681057077, 68.805345922813629 ], [ 18.067058076138874, 68.805307220744169 ], [ 18.06597681126684, 68.805048267613543 ], [ 18.065080621605322, 68.805296181122969 ], [ 18.064930630921779, 68.805582952872641 ], [ 18.065255610688673, 68.805661743974994 ], [ 18.063432977150569, 68.805535753156136 ], [ 18.060907547473743, 68.806296244420693 ], [ 18.06092976767885, 68.806435899084605 ], [ 18.061638152228312, 68.806587144752086 ], [ 18.06144536585283, 68.807103891105626 ], [ 18.06172324608962, 68.807587994320386 ], [ 18.063165015594581, 68.808125068393196 ], [ 18.064135733527397, 68.808772627390965 ], [ 18.065323149072963, 68.809047992103714 ], [ 18.066292254756785, 68.809000047699996 ], [ 18.066642060048963, 68.808763980494305 ], [ 18.067240782604554, 68.808871398724108 ], [ 18.065732894765723, 68.809862790032355 ], [ 18.065715996675348, 68.81002442899252 ], [ 18.064631492898048, 68.81100429852485 ], [ 18.06249275366871, 68.811124876993276 ], [ 18.06237448992789, 68.811413676272139 ], [ 18.063047905640552, 68.812019114478744 ], [ 18.063132116183411, 68.81227158011157 ], [ 18.063806001142861, 68.812487903973206 ], [ 18.063777460978759, 68.812899877789675 ], [ 18.065361872152128, 68.813383189675761 ], [ 18.064957388632582, 68.81368407341202 ], [ 18.064510068078256, 68.813681826400057 ], [ 18.064407191768034, 68.813490299246396 ], [ 18.063667842380251, 68.813341236558827 ], [ 18.063139589948729, 68.813356786809663 ], [ 18.06297319118783, 68.813442386905777 ], [ 18.063027324449603, 68.813570332938397 ], [ 18.064713662942406, 68.813763260909397 ], [ 18.065808162220261, 68.814258917019799 ], [ 18.064178994727627, 68.814115512797073 ], [ 18.064526592479528, 68.814407663381999 ], [ 18.069492641745921, 68.814379781372011 ] ], [ [ 18.061427340660238, 68.806386162207858 ], [ 18.063039848039576, 68.806031519759458 ], [ 18.062764484731915, 68.806220807587039 ], [ 18.062002514793218, 68.806553815436089 ], [ 18.061427340660238, 68.806386162207858 ] ], [ [ 18.073677061780526, 68.806996055321335 ], [ 18.073864361023439, 68.806850540541504 ], [ 18.074256914353434, 68.806886522826119 ], [ 18.073677061780526, 68.806996055321335 ] ], [ [ 18.072224354267419, 68.807159907960227 ], [ 18.07208372836639, 68.807020422395439 ], [ 18.072505936560265, 68.806983778548513 ], [ 18.072539926661488, 68.807134442169101 ], [ 18.072224354267419, 68.807159907960227 ] ], [ [ 18.087964823341569, 68.807476060566898 ], [ 18.087999990792419, 68.807530905112031 ], [ 18.087896659089921, 68.807567620627736 ], [ 18.087574610989542, 68.807482174099931 ], [ 18.087964823341569, 68.807476060566898 ] ], [ [ 18.092301024508959, 68.807684748045574 ], [ 18.093515036978484, 68.8073256698042 ], [ 18.094102432012722, 68.807719782928146 ], [ 18.092301024508959, 68.807684748045574 ] ], [ [ 18.071740803231659, 68.808830846666581 ], [ 18.071557755767881, 68.808549737703515 ], [ 18.072600951505937, 68.808535339941685 ], [ 18.071740803231659, 68.808830846666581 ] ], [ [ 18.073447669932264, 68.808793924220623 ], [ 18.073392394337532, 68.808706492158507 ], [ 18.074317362525118, 68.808857983992411 ], [ 18.074478893547191, 68.80899771777004 ], [ 18.074370566787479, 68.809079225537019 ], [ 18.073447669932264, 68.808793924220623 ] ], [ [ 18.072674022292428, 68.80881421982285 ], [ 18.072824459316767, 68.808909714849761 ], [ 18.07257854968292, 68.808994071910334 ], [ 18.072466988748051, 68.808906940526214 ], [ 18.072674022292428, 68.80881421982285 ] ], [ [ 18.073157945529772, 68.80930768510926 ], [ 18.072764956291667, 68.809193509264205 ], [ 18.072850991877992, 68.809146343094113 ], [ 18.073201745798304, 68.80914896897383 ], [ 18.073157945529772, 68.80930768510926 ] ] ] ] } },
{ "type": "Feature", "properties": { "fid": 217052, "navn": "Nedre Sætervatnet", "hoyde_moh": 95, "arealInnsjo_km2": 0.4201, "magasinKategori": null, "fid_2": 1132, "id": 1132, "left": 17.986919847, "top": 68.946110046000001, "right": 18.486919847, "bottom": 68.446110046000001, "row_index": 11, "col_index": 28, "tile_id": 1132 }, "geometry": { "type": "MultiPolygon", "coordinates": [ [ [ [ 18.336499861112358, 68.855463416381184 ], [ 18.336991005421716, 68.855165706164655 ], [ 18.336884387405775, 68.854624619216338 ], [ 18.338067970144436, 68.854416485126904 ], [ 18.337317779686337, 68.853979989379596 ], [ 18.336336668733054, 68.853775299661024 ], [ 18.337535559706684, 68.852975646198644 ], [ 18.337490494225516, 68.852768921124309 ], [ 18.336913620223104, 68.852536630797445 ], [ 18.337126988473319, 68.852173343875677 ], [ 18.336991281719747, 68.851835319918422 ], [ 18.337479645553586, 68.851493301748164 ], [ 18.337643556406352, 68.851226079957399 ], [ 18.337593400881396, 68.850954172639092 ], [ 18.337917555297125, 68.850738848493037 ], [ 18.338269289384908, 68.850143769798265 ], [ 18.338162039297728, 68.849449951330669 ], [ 18.337905001906638, 68.849069054021498 ], [ 18.336962741811828, 68.848756031665587 ], [ 18.335542563622624, 68.848587980000403 ], [ 18.334060739293932, 68.848081066877569 ], [ 18.334018783866256, 68.847924476760767 ], [ 18.334473195691281, 68.847773501441893 ], [ 18.334111263278501, 68.84758062697118 ], [ 18.334158571906677, 68.847371190990842 ], [ 18.333988389128397, 68.847216668097516 ], [ 18.333113700762908, 68.846983386888851 ], [ 18.33082169424668, 68.84700184473283 ], [ 18.330081274971896, 68.847714883626622 ], [ 18.330442864484798, 68.847870956359756 ], [ 18.330027149824392, 68.848044688638353 ], [ 18.330427709313621, 68.848183744599197 ], [ 18.33146794444961, 68.848029555455497 ], [ 18.331540983581519, 68.848133364736867 ], [ 18.327140925591959, 68.848403483133055 ], [ 18.324611180453807, 68.848265146432468 ], [ 18.323868484450156, 68.848568370358009 ], [ 18.324616931751311, 68.849041050247038 ], [ 18.324441066349923, 68.849188074750757 ], [ 18.324781935556597, 68.849323821770639 ], [ 18.324645449893765, 68.849690255524436 ], [ 18.326576487201152, 68.849731752791769 ], [ 18.326632458861262, 68.849857808240557 ], [ 18.325918811411142, 68.850459133463943 ], [ 18.322342150481003, 68.850237263219171 ], [ 18.322491543361014, 68.8499549876732 ], [ 18.321754088883171, 68.849719773079784 ], [ 18.321759920719412, 68.849193007164331 ], [ 18.321139341630857, 68.848992501427716 ], [ 18.319215813616054, 68.849005572226474 ], [ 18.318249896141229, 68.849671863103993 ], [ 18.318931010870624, 68.850123881530322 ], [ 18.318421958641213, 68.850362622191739 ], [ 18.318592865037214, 68.85046443513788 ], [ 18.31975075611934, 68.850578218007172 ], [ 18.319869973260296, 68.850530811564354 ], [ 18.319801574570651, 68.85024354482492 ], [ 18.32056540300535, 68.850070670066316 ], [ 18.321776163751665, 68.850329862647769 ], [ 18.322215619957394, 68.850673719868439 ], [ 18.322774697318849, 68.850758870255888 ], [ 18.323147732679502, 68.850992946781346 ], [ 18.325480587810876, 68.851343400206574 ], [ 18.325646794645063, 68.851423568057996 ], [ 18.324321442773773, 68.851760463203689 ], [ 18.321466793342939, 68.851877432579954 ], [ 18.321972495609206, 68.852233375599752 ], [ 18.322954695490747, 68.852219560673134 ], [ 18.324653835725535, 68.852484180858625 ], [ 18.3244713234768, 68.852752828765816 ], [ 18.324746247818602, 68.852919409587074 ], [ 18.324264337623983, 68.853098730585387 ], [ 18.324943463580286, 68.853477943005416 ], [ 18.329707582175605, 68.853641037216988 ], [ 18.331301963277916, 68.853892381125192 ], [ 18.331355257565292, 68.854058267857852 ], [ 18.330622906213318, 68.854419414886877 ], [ 18.329722073262221, 68.854528478797135 ], [ 18.32951197349281, 68.854750620082598 ], [ 18.329547899643853, 68.854943337308001 ], [ 18.330658199766898, 68.855665005840692 ], [ 18.331618598258196, 68.855869057270667 ], [ 18.333740171107184, 68.855992862183143 ], [ 18.336499861112358, 68.855463416381184 ] ] ] ] } },
{ "type": "Feature", "properties": { "fid": 217054, "navn": "Øvre Sætervatnet", "hoyde_moh": 96, "arealInnsjo_km2": 0.4867, "magasinKategori": null, "fid_2": 1132, "id": 1132, "left": 17.986919847, "top": 68.946110046000001, "right": 18.486919847, "bottom": 68.446110046000001, "row_index": 11, "col_index": 28, "tile_id": 1132 }, "geometry": { "type": "MultiPolygon", "coordinates": [ [ [ [ 18.310740469760493, 68.859759446960055 ], [ 18.312965320520203, 68.859273321932505 ], [ 18.313658671738803, 68.858899639345836 ], [ 18.313678490508579, 68.858455126372277 ], [ 18.31396758269339, 68.858319107970004 ], [ 18.315581207575374, 68.857813971120294 ], [ 18.318220467248107, 68.857721792083652 ], [ 18.318423593114122, 68.857649761691761 ], [ 18.318733406218051, 68.857127658473331 ], [ 18.317856979077387, 68.856831113086074 ], [ 18.317550361077522, 68.856486087835862 ], [ 18.316681014947207, 68.855997326624646 ], [ 18.316832997015847, 68.855741586920161 ], [ 18.316789299124938, 68.855333421876125 ], [ 18.316273862572213, 68.854761157164901 ], [ 18.316217105415731, 68.854438462717809 ], [ 18.31680556860201, 68.853817358824898 ], [ 18.316737767308119, 68.85361197312352 ], [ 18.31435537963209, 68.853685748448456 ], [ 18.31399111915405, 68.853481743331798 ], [ 18.314063556297558, 68.852993371558938 ], [ 18.313632227501245, 68.852430595196608 ], [ 18.311924680255967, 68.852118708946634 ], [ 18.311672174248265, 68.852216208418184 ], [ 18.31170169061577, 68.852483581585375 ], [ 18.311059819031204, 68.852706388373235 ], [ 18.311025015317576, 68.853139159877557 ], [ 18.311208759149846, 68.853438458469753 ], [ 18.311748037881816, 68.853650552486258 ], [ 18.312483988408257, 68.85349963154836 ], [ 18.31315755626639, 68.853811380508915 ], [ 18.312160678403163, 68.85399531583468 ], [ 18.311032549136307, 68.853635579301823 ], [ 18.310811316651257, 68.85432529413923 ], [ 18.310488217669292, 68.854364991636885 ], [ 18.310329086424051, 68.8545783010957 ], [ 18.309986371898937, 68.854576624994394 ], [ 18.309717190372869, 68.85433798429267 ], [ 18.31000390507679, 68.854126321298253 ], [ 18.3096708500678, 68.854017780236319 ], [ 18.30928881629093, 68.853611265215022 ], [ 18.309613584881578, 68.853562827231457 ], [ 18.309285001936367, 68.853169459001549 ], [ 18.309600905307768, 68.853118320123144 ], [ 18.309257860284195, 68.85301437302239 ], [ 18.309902281936029, 68.852991586865812 ], [ 18.308149488535324, 68.852877913014936 ], [ 18.308426433999916, 68.852687454742806 ], [ 18.309501375546507, 68.852490257510567 ], [ 18.309224063434641, 68.852268566469917 ], [ 18.310353816878138, 68.851909114127338 ], [ 18.310393583260282, 68.851682595010061 ], [ 18.309996764965636, 68.851518187670337 ], [ 18.309834767460941, 68.851047944174326 ], [ 18.310755871265954, 68.850675490701605 ], [ 18.310740119725128, 68.850525121619256 ], [ 18.309775177101681, 68.850282705267503 ], [ 18.309658601659073, 68.849861772416375 ], [ 18.309303265269858, 68.849601912306326 ], [ 18.30814892880592, 68.849319625523862 ], [ 18.306407195906907, 68.848996411866551 ], [ 18.30551489443474, 68.849186896324994 ], [ 18.305102100525129, 68.849163228402816 ], [ 18.305036102599825, 68.849010783729312 ], [ 18.304220913971889, 68.849128195062363 ], [ 18.304291716053285, 68.849469653866066 ], [ 18.304776243450792, 68.850041022603079 ], [ 18.305762953196155, 68.850546500288345 ], [ 18.305949459062781, 68.851153296038746 ], [ 18.305658894675155, 68.851369157678079 ], [ 18.305684275736631, 68.852372747459668 ], [ 18.305168315270368, 68.852759830400572 ], [ 18.30272546564354, 68.853650401766131 ], [ 18.301341165886274, 68.85442761881427 ], [ 18.300467609604794, 68.854573709062123 ], [ 18.300559870949971, 68.855001044170507 ], [ 18.302829765526997, 68.85584321970552 ], [ 18.303724549114992, 68.856474684534305 ], [ 18.303409125329665, 68.856826344128862 ], [ 18.301204336352679, 68.857443414006227 ], [ 18.300638727699333, 68.857809085247609 ], [ 18.300644881851355, 68.857945542794084 ], [ 18.302248128837476, 68.858832371408752 ], [ 18.304416432268557, 68.859602426070254 ], [ 18.30604200908828, 68.859960348059971 ], [ 18.308329753154815, 68.860044426520318 ], [ 18.310740469760493, 68.859759446960055 ] ] ] ] } },
{ "type": "Feature", "properties": { "fid": 218652, "navn": "Grønlivatnet", "hoyde_moh": 300, "arealInnsjo_km2": 0.0459, "magasinKategori": null, "fid_2": 1132, "id": 1132, "left": 17.986919847, "top": 68.946110046000001, "right": 18.486919847, "bottom": 68.446110046000001, "row_index": 11, "col_index": 28, "tile_id": 1132 }, "geometry": { "type": "MultiPolygon", "coordinates": [ [ [ [ 18.247756151374869, 68.882267890501524 ], [ 18.248806546699019, 68.881854823687931 ], [ 18.248394074435197, 68.881511348515829 ], [ 18.248670638974509, 68.881207334618793 ], [ 18.247987169604023, 68.880890223572649 ], [ 18.247611221255049, 68.880476462021448 ], [ 18.24701395785188, 68.880305407487754 ], [ 18.246836243844967, 68.880151396318496 ], [ 18.246882513315665, 68.87996617336951 ], [ 18.246205937750936, 68.879642998437802 ], [ 18.244268081852461, 68.879693252221458 ], [ 18.24424404719581, 68.879958951220175 ], [ 18.244533634364675, 68.880293644498153 ], [ 18.244386268221827, 68.880446674033863 ], [ 18.242900409006484, 68.880791961719012 ], [ 18.242990778529585, 68.880987239020811 ], [ 18.243677779157903, 68.881152286723974 ], [ 18.24454152553395, 68.881636218974108 ], [ 18.244491209745494, 68.881975688068465 ], [ 18.244710867064061, 68.882120281900441 ], [ 18.24601717770792, 68.882492328798747 ], [ 18.247756151374869, 68.882267890501524 ] ] ] ] } },
{ "type": "Feature", "properties": { "fid": 218654, "navn": "Abborvatnet", "hoyde_moh": 59, "arealInnsjo_km2": 0.0458, "magasinKategori": null, "fid_2": 1132, "id": 1132, "left": 17.986919847, "top": 68.946110046000001, "right": 18.486919847, "bottom": 68.446110046000001, "row_index": 11, "col_index": 28, "tile_id": 1132 }, "geometry": { "type": "MultiPolygon", "coordinates": [ [ [ [ 18.389429886816259, 68.882556571411826 ], [ 18.389577957654804, 68.881421421640525 ], [ 18.389469062626535, 68.880973962103326 ], [ 18.388433080782544, 68.880061307820938 ], [ 18.38789404093297, 68.879801476357926 ], [ 18.387068618608705, 68.879684470263939 ], [ 18.386142172601353, 68.879925797209083 ], [ 18.385603796398481, 68.880649703138488 ], [ 18.386190796075791, 68.881603638208091 ], [ 18.386118535524435, 68.882117474542397 ], [ 18.385877391553652, 68.882372366499865 ], [ 18.385977748751504, 68.882590378856804 ], [ 18.386717625493826, 68.882943382827875 ], [ 18.388229006646998, 68.882995277789476 ], [ 18.389429886816259, 68.882556571411826 ] ] ] ] } },
{ "type": "Feature", "properties": { "fid": 218655, "navn": "Langvatnet", "hoyde_moh": 244, "arealInnsjo_km2": 1.9532, "magasinKategori": null, "fid_2": 1132, "id": 1132, "left": 17.986919847, "top": 68.946110046000001, "right": 18.486919847, "bottom": 68.446110046000001, "row_index": 11, "col_index": 28, "tile_id": 1132 }, "geometry": { "type": "MultiPolygon", "coordinates": [ [ [ [ 18.211244014950694, 68.898726972485505 ], [ 18.212553181671652, 68.898310080660963 ], [ 18.212733699411388, 68.898084538500527 ], [ 18.212295010241352, 68.897876067590431 ], [ 18.209542364507957, 68.898124617247916 ], [ 18.209885177552906, 68.897818801320611 ], [ 18.214465776920132, 68.896441582170837 ], [ 18.215976310182683, 68.895572455346766 ], [ 18.217978308219589, 68.89543621524119 ], [ 18.218887659341817, 68.895661901363098 ], [ 18.219040041403016, 68.896020598605375 ], [ 18.218227797024159, 68.896686383303262 ], [ 18.219612903175495, 68.896881612839323 ], [ 18.220858769097024, 68.89650059815807 ], [ 18.221391309269276, 68.89584799395405 ], [ 18.222861365822645, 68.89589972283018 ], [ 18.224578854837425, 68.8961821791424 ], [ 18.226817933575671, 68.896132121082971 ], [ 18.227974817064787, 68.895965269197603 ], [ 18.22881119334237, 68.895487352881091 ], [ 18.229313892867555, 68.895476560493648 ], [ 18.229305565798199, 68.895656656108258 ], [ 18.229538911417908, 68.895686618769346 ], [ 18.233075567276458, 68.895589229191515 ], [ 18.233874048186692, 68.89514603593274 ], [ 18.234561398649245, 68.89500610435563 ], [ 18.236046162775992, 68.895418843051729 ], [ 18.238388075302918, 68.895399539411571 ], [ 18.243286782497677, 68.894481915849099 ], [ 18.244377037958198, 68.894011739804085 ], [ 18.244799872647548, 68.893441682901994 ], [ 18.244518630059233, 68.892453694114309 ], [ 18.243537676683097, 68.892194309427765 ], [ 18.240845681824869, 68.891881038884662 ], [ 18.240055046703429, 68.891548064981336 ], [ 18.239522959877593, 68.890980125181613 ], [ 18.239277254889622, 68.890436993133193 ], [ 18.239801667034033, 68.890075304324071 ], [ 18.239722664477362, 68.889779154395853 ], [ 18.241061582511094, 68.889201812794482 ], [ 18.24137942091108, 68.888952069438929 ], [ 18.24136051391142, 68.888780571303926 ], [ 18.240933299868789, 68.888499762886994 ], [ 18.239098999204135, 68.888253910892146 ], [ 18.239086007736443, 68.887969613821326 ], [ 18.237621914276644, 68.887594676000987 ], [ 18.239563136895569, 68.887693586450979 ], [ 18.23982332218743, 68.8875229708745 ], [ 18.23943804911519, 68.887329265306789 ], [ 18.239629783272225, 68.887206553954897 ], [ 18.239406716747222, 68.886965673599136 ], [ 18.24101813505046, 68.88705261693417 ], [ 18.241159413323068, 68.886976567752015 ], [ 18.241063031739991, 68.886849105662321 ], [ 18.239587624048411, 68.886037841925202 ], [ 18.238016423624629, 68.886041347596276 ], [ 18.237375867118658, 68.88561751532707 ], [ 18.237211153048516, 68.885635553952724 ], [ 18.237174927245533, 68.885835576523945 ], [ 18.236722463851883, 68.8858545987908 ], [ 18.234844360392458, 68.885533845647828 ], [ 18.232200916143576, 68.885900853204504 ], [ 18.231769129874603, 68.886179050858885 ], [ 18.231791658435693, 68.886454276715099 ], [ 18.231540827163141, 68.886794942418533 ], [ 18.230367319513974, 68.887569298174029 ], [ 18.229162747329845, 68.888013719502993 ], [ 18.226694514946637, 68.888394370536389 ], [ 18.224770589738878, 68.888981153070077 ], [ 18.223830603333134, 68.890076607864842 ], [ 18.223843948022584, 68.890479148230895 ], [ 18.224584307106248, 68.891070660162157 ], [ 18.22415578180626, 68.892096984659702 ], [ 18.223523403652049, 68.892466860421521 ], [ 18.223611129356367, 68.893142117540776 ], [ 18.223485750047697, 68.893189476144116 ], [ 18.222438482114935, 68.893100840247854 ], [ 18.222610361802523, 68.892909299132143 ], [ 18.222381359398842, 68.892695178302304 ], [ 18.221291663101315, 68.892347580162408 ], [ 18.216101851422149, 68.892446345402533 ], [ 18.212976408586798, 68.892202244292946 ], [ 18.209671927239118, 68.892445510129065 ], [ 18.205369367604664, 68.891782605028155 ], [ 18.203564594320735, 68.891892452488079 ], [ 18.202914827488772, 68.892239138984408 ], [ 18.202650631365568, 68.892582160131553 ], [ 18.20297848865544, 68.892895365529199 ], [ 18.202641354095569, 68.893465843937108 ], [ 18.202927274147466, 68.893881567900578 ], [ 18.202427809764217, 68.894069282861835 ], [ 18.202227244342541, 68.894657482647801 ], [ 18.201262095718231, 68.894975794566093 ], [ 18.200722781876031, 68.894993477637044 ], [ 18.200351149501358, 68.894727241638648 ], [ 18.19964009689226, 68.894615174911351 ], [ 18.19677170449188, 68.894659097704761 ], [ 18.194696612651537, 68.893729250952475 ], [ 18.19409697191983, 68.893220457374383 ], [ 18.193576066489399, 68.893237683199388 ], [ 18.193628349177061, 68.89347894747587 ], [ 18.193505795673762, 68.893508362326713 ], [ 18.192512288977689, 68.892921565141762 ], [ 18.191815748861597, 68.892836849443952 ], [ 18.191249187472245, 68.892565272169236 ], [ 18.19132206212528, 68.892231335622256 ], [ 18.189833765440728, 68.891853845393115 ], [ 18.18945732972028, 68.891371651742887 ], [ 18.188785868524874, 68.891045826471426 ], [ 18.18747339107912, 68.890810657332381 ], [ 18.185722611240912, 68.891061795470605 ], [ 18.184195269382162, 68.890669636014636 ], [ 18.183134113396289, 68.8909150275352 ], [ 18.182460170738484, 68.890787563208733 ], [ 18.181646896668873, 68.890340817393067 ], [ 18.180521170437121, 68.890090523063535 ], [ 18.178601772024205, 68.889903350466412 ], [ 18.174564724265501, 68.889188221649476 ], [ 18.172317948105398, 68.889112225132749 ], [ 18.170621592974005, 68.889550293584747 ], [ 18.170622096381152, 68.889859595185072 ], [ 18.170857573553214, 68.889990605005579 ], [ 18.170882426679526, 68.890214336377767 ], [ 18.169835315692453, 68.890899150364078 ], [ 18.169895002231254, 68.891103557650027 ], [ 18.170525785659976, 68.891455171080196 ], [ 18.171355889001056, 68.892328044898306 ], [ 18.169247799074512, 68.892888152223549 ], [ 18.168591200843199, 68.893330088082465 ], [ 18.168688532237777, 68.893532986889596 ], [ 18.168984707219344, 68.893621478803198 ], [ 18.168886020185255, 68.89370466144554 ], [ 18.167462828556978, 68.893826500572189 ], [ 18.167348892939398, 68.893973713462628 ], [ 18.166298780005697, 68.89406193435029 ], [ 18.166448809315895, 68.894253708245188 ], [ 18.16368860367319, 68.894647736541785 ], [ 18.16038765974708, 68.894534328120486 ], [ 18.159364248238649, 68.894825461847731 ], [ 18.159291658209362, 68.894992192434415 ], [ 18.158468115750257, 68.895123565237441 ], [ 18.158428925849837, 68.895320112656947 ], [ 18.15708091375808, 68.895866585205169 ], [ 18.15685149128614, 68.896210584258341 ], [ 18.15877078825465, 68.896410399868344 ], [ 18.158883564241755, 68.896746346704006 ], [ 18.158512203294116, 68.896867532486198 ], [ 18.158958452321158, 68.897017633259608 ], [ 18.16250525436875, 68.896535903284217 ], [ 18.163243419728186, 68.896777538123388 ], [ 18.164082543198525, 68.896592880042277 ], [ 18.166555663330705, 68.896666403180276 ], [ 18.167686170614115, 68.896535026503386 ], [ 18.16798255239177, 68.896329110996547 ], [ 18.167821953333554, 68.896166355793255 ], [ 18.16662606364423, 68.895861965372632 ], [ 18.164668340992431, 68.895710717872973 ], [ 18.165385347676608, 68.895240740857872 ], [ 18.164324925158692, 68.895043264628882 ], [ 18.16628135075084, 68.894947540259167 ], [ 18.168879353772343, 68.895128780921397 ], [ 18.170366542658648, 68.894842868596172 ], [ 18.174854281404325, 68.895742655941362 ], [ 18.175615634351225, 68.895577705483177 ], [ 18.175700204019673, 68.895398082764288 ], [ 18.17537270464193, 68.89525317207007 ], [ 18.175757021352982, 68.89514319850224 ], [ 18.17751764069256, 68.895325113308289 ], [ 18.182144397780238, 68.894821545296736 ], [ 18.184468161231791, 68.895374093954032 ], [ 18.184795216525419, 68.895627907280073 ], [ 18.185748523140333, 68.895604324205834 ], [ 18.186442908433044, 68.895884571168793 ], [ 18.185509299007382, 68.895887587446239 ], [ 18.185140738156989, 68.896056547805969 ], [ 18.189556388848338, 68.896709498567702 ], [ 18.190659444979897, 68.896559626319601 ], [ 18.190210955888539, 68.896250455513496 ], [ 18.190327098294745, 68.896204104021677 ], [ 18.191647634306776, 68.896242382716977 ], [ 18.192699575890568, 68.896561783160237 ], [ 18.193716804710096, 68.89652510533719 ], [ 18.193315660228187, 68.895910945636174 ], [ 18.192467345294595, 68.895538437913032 ], [ 18.192273605487628, 68.895383776777237 ], [ 18.192312425917283, 68.895141881370662 ], [ 18.191948372684642, 68.894984397897261 ], [ 18.192571265638609, 68.894943357111458 ], [ 18.193256787080372, 68.895165202520573 ], [ 18.193267239552135, 68.895770619093 ], [ 18.193975370517844, 68.895840028729097 ], [ 18.194673569429295, 68.895350967222754 ], [ 18.195027445481823, 68.895339567328364 ], [ 18.195443009062604, 68.895730870906149 ], [ 18.196448287441477, 68.895716936955409 ], [ 18.197043358770138, 68.896641254988609 ], [ 18.198081262612749, 68.896864635454264 ], [ 18.197970753757332, 68.897053199316346 ], [ 18.198135585749363, 68.89755192368564 ], [ 18.198732890915608, 68.897972489250364 ], [ 18.198235462130224, 68.89823198132099 ], [ 18.198187861070796, 68.898407601377869 ], [ 18.198953987164064, 68.898460369286724 ], [ 18.197790622487133, 68.898781035306044 ], [ 18.195872454292736, 68.898798375386676 ], [ 18.193510399930847, 68.899453246690427 ], [ 18.193754850329082, 68.899536024229477 ], [ 18.1936092754685, 68.899742660815988 ], [ 18.194014958610996, 68.899892716964104 ], [ 18.203118561313858, 68.899329418536539 ], [ 18.206089734966692, 68.89938348647766 ], [ 18.206369267412569, 68.899623612436031 ], [ 18.207479126215002, 68.899961679894417 ], [ 18.208629652794233, 68.90000455989292 ], [ 18.211244014950694, 68.898726972485505 ] ], [ [ 18.237384627856212, 68.887312670705668 ], [ 18.237348789187514, 68.887254989076411 ], [ 18.237729161791343, 68.887267326981672 ], [ 18.237877725827911, 68.887402597260305 ], [ 18.237384627856212, 68.887312670705668 ] ], [ [ 18.223526569921884, 68.893460943029936 ], [ 18.223274401490233, 68.89342809665871 ], [ 18.224224121412597, 68.893377247644395 ], [ 18.223526569921884, 68.893460943029936 ] ], [ [ 18.211367587782508, 68.893896467855143 ], [ 18.21220086680874, 68.893841239001873 ], [ 18.212056303768559, 68.893938513777343 ], [ 18.211367587782508, 68.893896467855143 ] ], [ [ 18.192382603616814, 68.894180205243231 ], [ 18.1917147314579, 68.894014771273064 ], [ 18.192923731909477, 68.893980246962712 ], [ 18.193334517586877, 68.894116380150351 ], [ 18.193286533313465, 68.894242981952075 ], [ 18.192382603616814, 68.894180205243231 ] ], [ [ 18.18241699729256, 68.894607247641048 ], [ 18.182265834541827, 68.894396472100951 ], [ 18.18307923778929, 68.894412061411288 ], [ 18.183478651663595, 68.894628788880382 ], [ 18.18241699729256, 68.894607247641048 ] ], [ [ 18.179394618649916, 68.894848501614049 ], [ 18.179225587575285, 68.894745441580511 ], [ 18.179615473095804, 68.8947350173394 ], [ 18.179632169029958, 68.894847656312919 ], [ 18.179394618649916, 68.894848501614049 ] ], [ [ 18.200949054533446, 68.895451628262421 ], [ 18.200614647660231, 68.895404761590072 ], [ 18.201172911136389, 68.895383669921202 ], [ 18.200949054533446, 68.895451628262421 ] ], [ [ 18.199824329407381, 68.895628284154327 ], [ 18.19968448280169, 68.89558987985734 ], [ 18.20022893540018, 68.895554236038436 ], [ 18.199824329407381, 68.895628284154327 ] ] ] ] } },
{ "type": "Feature", "properties": { "fid": 218743, "navn": null, "hoyde_moh": 392, "arealInnsjo_km2": 0.0193, "magasinKategori": null, "fid_2": 1132, "id": 1132, "left": 17.986919847, "top": 68.946110046000001, "right": 18.486919847, "bottom": 68.446110046000001, "row_index": 11, "col_index": 28, "tile_id": 1132 }, "geometry": { "type": "MultiPolygon", "coordinates": [ [ [ [ 18.458207422351407, 68.864558114203291 ], [ 18.455336886758346, 68.863868407448621 ], [ 18.451977466900384, 68.863974373266913 ], [ 18.451960069074019, 68.864225101657667 ], [ 18.452130233478538, 68.864326987127612 ], [ 18.45328480619704, 68.864347452854219 ], [ 18.45491587787987, 68.864846137120878 ], [ 18.456621137202884, 68.865126150442578 ], [ 18.458207422351407, 68.864558114203291 ] ] ] ] } },
{ "type": "Feature", "properties": { "fid": 218747, "navn": "Blomlivatnet", "hoyde_moh": 446, "arealInnsjo_km2": 0.0321, "magasinKategori": null, "fid_2": 1132, "id": 1132, "left": 17.986919847, "top": 68.946110046000001, "right": 18.486919847, "bottom": 68.446110046000001, "row_index": 11, "col_index": 28, "tile_id": 1132 }, "geometry": { "type": "MultiPolygon", "coordinates": [ [ [ [ 18.223280816561353, 68.872849606277583 ], [ 18.223228867542456, 68.872508225220827 ], [ 18.223525424463102, 68.87228522573983 ], [ 18.223123138198314, 68.871852165150841 ], [ 18.221576272346315, 68.871771301043296 ], [ 18.220680490554791, 68.87120463853509 ], [ 18.220243624001501, 68.871339153849348 ], [ 18.218345628493303, 68.871366011117445 ], [ 18.218626754106662, 68.871889097854151 ], [ 18.218293165608827, 68.872253128540819 ], [ 18.218459934297208, 68.8724278443255 ], [ 18.220658096579935, 68.872925596609946 ], [ 18.221378144542015, 68.872927314697236 ], [ 18.222001705855387, 68.873355379604718 ], [ 18.223073291259258, 68.873573018190754 ], [ 18.223280816561353, 68.872849606277583 ] ] ] ] } },
{ "type": "Feature", "properties": { "fid": 218756, "navn": "Laksvatnet", "hoyde_moh": 257, "arealInnsjo_km2": 0.0868, "magasinKategori": null, "fid_2": 1132, "id": 1132, "left": 17.986919847, "top": 68.946110046000001, "right": 18.486919847, "bottom": 68.446110046000001, "row_index": 11, "col_index": 28, "tile_id": 1132 }, "geometry": { "type": "MultiPolygon", "coordinates": [ [ [ [ 18.160935992919622, 68.900884682265854 ], [ 18.163663813546538, 68.901076980814267 ], [ 18.168481739856105, 68.899553348437024 ], [ 18.169040501182611, 68.899263717367489 ], [ 18.169109574169898, 68.899069393328659 ], [ 18.168692792252962, 68.898797109977892 ], [ 18.168949424747407, 68.898633593297134 ], [ 18.168849910419315, 68.898546019285391 ], [ 18.167155395187521, 68.898960661918096 ], [ 18.165861352789701, 68.898944504205375 ], [ 18.165285719419629, 68.898712786730002 ], [ 18.163820191716056, 68.898993847467395 ], [ 18.160582483583028, 68.899132091455499 ], [ 18.156538975000142, 68.900010762178724 ], [ 18.15619533105836, 68.900230550047951 ], [ 18.156410279419539, 68.900547455399291 ], [ 18.157187225796491, 68.900616999911719 ], [ 18.157558955823419, 68.900942758856942 ], [ 18.158462484545112, 68.901184761151967 ], [ 18.160000676468684, 68.901227511909553 ], [ 18.160935992919622, 68.900884682265854 ] ] ] ] } },
{ "type": "Feature", "properties": { "fid": 218757, "navn": "Blåbergvatnan", "hoyde_moh": 572, "arealInnsjo_km2": 0.023, "magasinKategori": null, "fid_2": 1132, "id": 1132, "left": 17.986919847, "top": 68.946110046000001, "right": 18.486919847, "bottom": 68.446110046000001, "row_index": 11, "col_index": 28, "tile_id": 1132 }, "geometry": { "type": "MultiPolygon", "coordinates": [ [ [ [ 18.134179003888811, 68.917135469983251 ], [ 18.134238429957005, 68.916844288159993 ], [ 18.134441863257567, 68.916771861927046 ], [ 18.13557028444928, 68.916826427486569 ], [ 18.136077556731824, 68.917118313688363 ], [ 18.137574194098544, 68.91717192460608 ], [ 18.138217938767447, 68.916851484393888 ], [ 18.13846849023048, 68.91694401490868 ], [ 18.139499037933465, 68.916834438013382 ], [ 18.13981183543936, 68.91665961218888 ], [ 18.140621154908803, 68.916670912978958 ], [ 18.141176614138661, 68.9163648372258 ], [ 18.140081367614719, 68.916471666661394 ], [ 18.139658326659635, 68.916202481121417 ], [ 18.139901978155052, 68.91605352975823 ], [ 18.139711524133492, 68.915866249970364 ], [ 18.138906394561147, 68.915787710264226 ], [ 18.136987379776333, 68.916327185982553 ], [ 18.13290713415164, 68.916808078834009 ], [ 18.133172736066861, 68.916984017689103 ], [ 18.132795520886866, 68.917285261921521 ], [ 18.134179003888811, 68.917135469983251 ] ] ] ] } },
{ "type": "Feature", "properties": { "fid": 218758, "navn": "Grønlivatnet", "hoyde_moh": 651, "arealInnsjo_km2": 0.1345, "magasinKategori": null, "fid_2": 1132, "id": 1132, "left": 17.986919847, "top": 68.946110046000001, "right": 18.486919847, "bottom": 68.446110046000001, "row_index": 11, "col_index": 28, "tile_id": 1132 }, "geometry": { "type": "MultiPolygon", "coordinates": [ [ [ [ 18.271381073296226, 68.93852104118757 ], [ 18.271528806076322, 68.938217673894385 ], [ 18.273287533526695, 68.937736667655585 ], [ 18.273564670331197, 68.937486305157933 ], [ 18.272005524156334, 68.936703975846982 ], [ 18.270901877658488, 68.935885240230704 ], [ 18.270164884231839, 68.935101219539717 ], [ 18.270031174498445, 68.934668923189463 ], [ 18.270123179701699, 68.934540282853717 ], [ 18.269663007707642, 68.934171983957512 ], [ 18.266883264938091, 68.933140053302779 ], [ 18.265002113874989, 68.932775262924523 ], [ 18.264058444380019, 68.932186254896337 ], [ 18.26425006820984, 68.932486259869904 ], [ 18.2640059206316, 68.932590423364601 ], [ 18.264035432338794, 68.933339974557811 ], [ 18.263615414434778, 68.93357303259441 ], [ 18.263554162333453, 68.934103883619713 ], [ 18.265670471480245, 68.936264324262339 ], [ 18.26607378896351, 68.937096866497654 ], [ 18.267383990099358, 68.937799164687277 ], [ 18.268980539916043, 68.938300488456846 ], [ 18.270063587705629, 68.938589233058863 ], [ 18.271381073296226, 68.93852104118757 ] ] ] ] } },
{ "type": "Feature", "properties": { "fid": 219158, "navn": "Østre Sagvatnet", "hoyde_moh": 587, "arealInnsjo_km2": 1.1948, "magasinKategori": null, "fid_2": 1132, "id": 1132, "left": 17.986919847, "top": 68.946110046000001, "right": 18.486919847, "bottom": 68.446110046000001, "row_index": 11, "col_index": 28, "tile_id": 1132 }, "geometry": { "type": "MultiPolygon", "coordinates": [ [ [ [ 18.065411216454098, 68.79203542954599 ], [ 18.064857742838338, 68.791963285375431 ], [ 18.064758100365044, 68.791650588541643 ], [ 18.068616971350465, 68.791395048074577 ], [ 18.07005392505458, 68.791101045742082 ], [ 18.070285607460185, 68.790683414658503 ], [ 18.071376921841892, 68.790221125865216 ], [ 18.071557386444152, 68.789955250564432 ], [ 18.071351321023865, 68.789143781202483 ], [ 18.071475025304323, 68.788951655760542 ], [ 18.07207822579678, 68.788865492224005 ], [ 18.071927703216325, 68.78872888081986 ], [ 18.072659926456307, 68.78884803870119 ], [ 18.072362733942576, 68.788572233060421 ], [ 18.073017758431931, 68.788324779689248 ], [ 18.073158196760044, 68.788121126908791 ], [ 18.073393814843133, 68.788150523643267 ], [ 18.073230703695941, 68.788373082303906 ], [ 18.073943600492857, 68.788732656928232 ], [ 18.074070312954568, 68.788967738319258 ], [ 18.075077389130293, 68.788919310827012 ], [ 18.075253259475552, 68.789014969149179 ], [ 18.075086046356201, 68.789143245181705 ], [ 18.075391625364894, 68.789206923487654 ], [ 18.076314120707099, 68.789215507064952 ], [ 18.07802136132198, 68.788923532177648 ], [ 18.078811115538667, 68.789056792602054 ], [ 18.079770779867037, 68.788932794849657 ], [ 18.079278426025876, 68.788630468288389 ], [ 18.079555539244613, 68.788622831756712 ], [ 18.08005480394521, 68.788831839867569 ], [ 18.081865323651755, 68.788977873915982 ], [ 18.084175691797515, 68.789649352291306 ], [ 18.086377857850209, 68.789226007454261 ], [ 18.087020618633456, 68.788903664272297 ], [ 18.088423014132101, 68.78886519709539 ], [ 18.088506249014049, 68.788482740035889 ], [ 18.087617861542334, 68.788367929846231 ], [ 18.087794328859822, 68.788049764473001 ], [ 18.086942998528595, 68.787630277916193 ], [ 18.084915706286775, 68.78783506688535 ], [ 18.084811948359174, 68.787566086019922 ], [ 18.083227337370491, 68.787502076537805 ], [ 18.082565687391675, 68.787242969838999 ], [ 18.080355047998683, 68.787047653660466 ], [ 18.079593307450175, 68.786788648735751 ], [ 18.07972124246507, 68.786652731466418 ], [ 18.079213417579041, 68.786395846058397 ], [ 18.079483423858697, 68.786342460462734 ], [ 18.0793421165015, 68.786193836764184 ], [ 18.079672356553708, 68.786111794163162 ], [ 18.079785086804691, 68.786388784180431 ], [ 18.080647385603974, 68.786570275898242 ], [ 18.084404228035446, 68.786898352274974 ], [ 18.085055447475536, 68.786799865169698 ], [ 18.085138269112484, 68.78662669712682 ], [ 18.084812961940294, 68.786520839337527 ], [ 18.084829813561026, 68.786240236995965 ], [ 18.082900931391428, 68.785796881649645 ], [ 18.083186874590112, 68.785540295664731 ], [ 18.083010309117221, 68.785194708570089 ], [ 18.083554369778657, 68.784829641022554 ], [ 18.084422543478709, 68.784639044367594 ], [ 18.08603332478534, 68.783908810165414 ], [ 18.087524640945599, 68.782984742959158 ], [ 18.087739374014575, 68.782505082056787 ], [ 18.087496959340299, 68.781917571290293 ], [ 18.087641017270769, 68.781646591812205 ], [ 18.08721981461359, 68.781302950559194 ], [ 18.086017898759497, 68.781084134205969 ], [ 18.085637130649719, 68.780692259281977 ], [ 18.085540610867934, 68.780269801518244 ], [ 18.084870536022294, 68.77986101565304 ], [ 18.082895871381364, 68.7791584069561 ], [ 18.080190016062062, 68.779144665962193 ], [ 18.079061899741756, 68.779298308004996 ], [ 18.078424422621758, 68.77903803209999 ], [ 18.076837847535195, 68.778829820900469 ], [ 18.075317173339947, 68.77913932962241 ], [ 18.073780653792035, 68.779174832929584 ], [ 18.073570425348763, 68.779681863186624 ], [ 18.072468077497831, 68.779803659692675 ], [ 18.072083578119909, 68.78001092840266 ], [ 18.072088227160503, 68.780175590579134 ], [ 18.072439521118557, 68.78025720770259 ], [ 18.072536721302502, 68.780815583822232 ], [ 18.072728869312719, 68.780909422352607 ], [ 18.072834924076478, 68.781309355578713 ], [ 18.072766048900533, 68.781532001882866 ], [ 18.072156508504712, 68.781599521890996 ], [ 18.069161610709308, 68.781073616806324 ], [ 18.067549351750898, 68.780961667676166 ], [ 18.06756608085345, 68.780816999027664 ], [ 18.067221240721238, 68.780697637442316 ], [ 18.066858475636078, 68.780286456232119 ], [ 18.067085579570534, 68.780001336323409 ], [ 18.066230939802413, 68.779534681789997 ], [ 18.066171782561575, 68.779339224157155 ], [ 18.065032015926267, 68.779058268912721 ], [ 18.062811819885017, 68.779128299806175 ], [ 18.062320740636967, 68.77963302509599 ], [ 18.06238277104158, 68.779824391573626 ], [ 18.06214567148357, 68.780004912238923 ], [ 18.062186107157352, 68.780300453952691 ], [ 18.062047000474148, 68.780436738353018 ], [ 18.061192705444572, 68.780618440390839 ], [ 18.060353571689323, 68.780333999158998 ], [ 18.060146120028794, 68.780150105756107 ], [ 18.060269220415385, 68.780007288822588 ], [ 18.059950128697643, 68.779808083426161 ], [ 18.057572070783522, 68.780012151244506 ], [ 18.057076386567147, 68.77993795654902 ], [ 18.057114109150028, 68.77970932692439 ], [ 18.05642829939746, 68.779310057748347 ], [ 18.054213053892624, 68.779432675995437 ], [ 18.054141402669824, 68.779654464230219 ], [ 18.054448594649035, 68.779825164895129 ], [ 18.054588101296538, 68.780536124510547 ], [ 18.057936517366166, 68.780754155629864 ], [ 18.060034024199908, 68.781120579049428 ], [ 18.060852830874634, 68.781538083193155 ], [ 18.061210887360151, 68.782214658936056 ], [ 18.060876322143123, 68.782562490461956 ], [ 18.060213984526971, 68.782842978615747 ], [ 18.06029167135388, 68.783420203886138 ], [ 18.059987945730136, 68.783518608184679 ], [ 18.060439266903934, 68.78452344106455 ], [ 18.060255068936609, 68.784863707949526 ], [ 18.060014083884514, 68.784951642378886 ], [ 18.060210381794196, 68.785156836007801 ], [ 18.060186072404285, 68.785580045519737 ], [ 18.060394065035524, 68.7856630178632 ], [ 18.059866776630169, 68.786053738194241 ], [ 18.059261974282617, 68.786160447109722 ], [ 18.060926532052612, 68.786732822147144 ], [ 18.061085398700303, 68.787040500646 ], [ 18.060865090941892, 68.78793796190449 ], [ 18.061153889428773, 68.788296174807044 ], [ 18.059847177816899, 68.788509195599644 ], [ 18.058586761896805, 68.789033712564034 ], [ 18.05839834111827, 68.789262636533735 ], [ 18.058967899388868, 68.790135340631792 ], [ 18.059873392982162, 68.790785883279909 ], [ 18.059500116202013, 68.791013834591382 ], [ 18.059794073545532, 68.791544512585844 ], [ 18.06071998119436, 68.791391787434748 ], [ 18.06068143920589, 68.791616123281983 ], [ 18.060845470597098, 68.791683729103823 ], [ 18.063050077678273, 68.791826173724374 ], [ 18.06386999919593, 68.792000167762907 ], [ 18.064267658749799, 68.792307300530879 ], [ 18.06490098801347, 68.792300344175388 ], [ 18.065411216454098, 68.79203542954599 ] ], [ [ 18.075700589008154, 68.779383398135991 ], [ 18.07614260045996, 68.779255430141973 ], [ 18.076479393132438, 68.779370161698495 ], [ 18.075700589008154, 68.779383398135991 ] ], [ [ 18.067770082092018, 68.782554945286364 ], [ 18.067776898508161, 68.78216230468405 ], [ 18.067345103491501, 68.781412556893571 ], [ 18.068308318321201, 68.781501333788412 ], [ 18.069022594951633, 68.781856949408706 ], [ 18.06943272091527, 68.782298333214456 ], [ 18.069079309686412, 68.782607469880304 ], [ 18.067770082092018, 68.782554945286364 ] ], [ [ 18.073265095224905, 68.78754746970472 ], [ 18.07304401687011, 68.787277019187371 ], [ 18.073139074119656, 68.787093042657162 ], [ 18.073544723937534, 68.787093590071791 ], [ 18.074413932351849, 68.786557823873551 ], [ 18.076161359444654, 68.786342616522958 ], [ 18.076012517742203, 68.786556929173742 ], [ 18.075549475601829, 68.786673694357091 ], [ 18.075752674662564, 68.787282488994464 ], [ 18.075125486529739, 68.787603517689689 ], [ 18.075096751269907, 68.787822384321771 ], [ 18.073265095224905, 68.78754746970472 ] ], [ [ 18.080287949951199, 68.78751178113491 ], [ 18.081840944943259, 68.787403205821462 ], [ 18.081765895595815, 68.78755037370982 ], [ 18.081047938271588, 68.787636234190813 ], [ 18.080287949951199, 68.78751178113491 ] ] ] ] } },
{ "type": "Feature", "properties": { "fid": 220388, "navn": "Suolojávri", "hoyde_moh": 516, "arealInnsjo_km2": 0.5363, "magasinKategori": null, "fid_2": 1132, "id": 1132, "left": 17.986919847, "top": 68.946110046000001, "right": 18.486919847, "bottom": 68.446110046000001, "row_index": 11, "col_index": 28, "tile_id": 1132 }, "geometry": { "type": "MultiPolygon", "coordinates": [ [ [ [ 18.065585775816331, 68.509494227272512 ], [ 18.067762908600798, 68.508915650376309 ], [ 18.068200775268959, 68.508451820220856 ], [ 18.069816994806573, 68.507798897090908 ], [ 18.073779687120926, 68.507486618509418 ], [ 18.072654213409692, 68.506936670615644 ], [ 18.07336690589506, 68.506509000659733 ], [ 18.073709036426681, 68.50609835276039 ], [ 18.074527383206977, 68.505702589061656 ], [ 18.075756562341731, 68.505415107666877 ], [ 18.0758061846632, 68.505243970326205 ], [ 18.075492253230543, 68.504876949901089 ], [ 18.075554503699518, 68.504568573154302 ], [ 18.079171140155086, 68.504035531445993 ], [ 18.08018334841384, 68.50328225509368 ], [ 18.07957983815761, 68.503085938869688 ], [ 18.079620845785936, 68.502695888295733 ], [ 18.078190902061444, 68.502646091485417 ], [ 18.078188056685388, 68.502510392440499 ], [ 18.077784680935739, 68.502357981969084 ], [ 18.077265404489072, 68.502398484979167 ], [ 18.076063241132875, 68.501893424081231 ], [ 18.073078096673687, 68.50107618031015 ], [ 18.073962258359348, 68.500909681846551 ], [ 18.073186667177222, 68.500721346548985 ], [ 18.072512310041269, 68.50031109699303 ], [ 18.071225731867788, 68.499986217730523 ], [ 18.07150150037738, 68.499804116960163 ], [ 18.071403128785317, 68.499726910229796 ], [ 18.071018764006684, 68.49992392806908 ], [ 18.071108566135852, 68.500110826182649 ], [ 18.070895413042816, 68.50018835064914 ], [ 18.070657508278742, 68.499986836210468 ], [ 18.069079950502026, 68.49970677271557 ], [ 18.067775061575173, 68.498947658633739 ], [ 18.064143447509746, 68.497731160047749 ], [ 18.06254590989192, 68.497763754190956 ], [ 18.063013305521107, 68.498165699654095 ], [ 18.062495210569534, 68.498142211921873 ], [ 18.062344776781977, 68.497953365018958 ], [ 18.061674880832751, 68.497970803993141 ], [ 18.062490016448354, 68.49849712385479 ], [ 18.061980361008715, 68.498532287264453 ], [ 18.061890936393318, 68.498690319560808 ], [ 18.063077799017517, 68.499250431127635 ], [ 18.062597857357275, 68.499315309869132 ], [ 18.063381883784661, 68.499456851475728 ], [ 18.062524364064259, 68.499493342232114 ], [ 18.063947472003598, 68.500021032655354 ], [ 18.064049784179524, 68.500309517582522 ], [ 18.063753990046948, 68.500447349383251 ], [ 18.064794897412877, 68.500457959108758 ], [ 18.064990400723921, 68.500275541057789 ], [ 18.064875867502799, 68.500016099809628 ], [ 18.065609480707455, 68.500078108350877 ], [ 18.066225887123014, 68.499940337228523 ], [ 18.066905396413262, 68.500402050729789 ], [ 18.06682378929089, 68.500466121009623 ], [ 18.067205112731287, 68.500826265947296 ], [ 18.067088073671695, 68.501333788701459 ], [ 18.067360611084151, 68.501397667312702 ], [ 18.066911959558382, 68.501588578089496 ], [ 18.067294242137692, 68.501984438768758 ], [ 18.066893436026994, 68.502232114281853 ], [ 18.067088281624198, 68.502349218240539 ], [ 18.066880169182106, 68.502615366400661 ], [ 18.06726849610877, 68.502769244385547 ], [ 18.066417865510243, 68.502718628587942 ], [ 18.066216032573099, 68.502836520898882 ], [ 18.066669383050847, 68.50322390137373 ], [ 18.066569081347339, 68.503269369169033 ], [ 18.065861992208365, 68.503118712636223 ], [ 18.065596042118415, 68.50332145268375 ], [ 18.064989589751317, 68.50340525879956 ], [ 18.065523056645823, 68.503560798147717 ], [ 18.06661244311584, 68.503483963087618 ], [ 18.066406757636585, 68.503604170511124 ], [ 18.066468318098529, 68.503741937613171 ], [ 18.065535509028528, 68.503983981507588 ], [ 18.065499215304317, 68.504185307105914 ], [ 18.064763546455367, 68.504256928841698 ], [ 18.064592695756673, 68.504195766672581 ], [ 18.065291201930343, 68.503987548455427 ], [ 18.064797928733562, 68.503713480189575 ], [ 18.064578043765842, 68.50378689900522 ], [ 18.064663947676955, 68.504028278875069 ], [ 18.064442084853539, 68.504070938461567 ], [ 18.063762313312278, 68.50366362669304 ], [ 18.062705237118795, 68.503347417532609 ], [ 18.06222500020489, 68.503491935488626 ], [ 18.0618212247199, 68.503826560345246 ], [ 18.061631502353457, 68.503662311460729 ], [ 18.060645878005783, 68.503596532872479 ], [ 18.06050607015602, 68.503672076237692 ], [ 18.060585092056716, 68.504272709040691 ], [ 18.060411841738404, 68.504520434845787 ], [ 18.059488016900065, 68.504798730939839 ], [ 18.059634348740609, 68.504967993316058 ], [ 18.058596583925265, 68.50509582374039 ], [ 18.058659555130824, 68.505343639242497 ], [ 18.059761837404984, 68.50545138540096 ], [ 18.06007010865186, 68.505616077509416 ], [ 18.060142988473515, 68.506386239972784 ], [ 18.059969657053657, 68.506546878442606 ], [ 18.060300025015049, 68.506724544739114 ], [ 18.059667460340801, 68.507306195240915 ], [ 18.059873553577553, 68.507809431921515 ], [ 18.060134805187026, 68.507943109582371 ], [ 18.05998712122188, 68.5080474359861 ], [ 18.060054516120442, 68.508307829756887 ], [ 18.060761747481358, 68.508487509426317 ], [ 18.060413224853072, 68.50851011807346 ], [ 18.060462775162609, 68.508730974327023 ], [ 18.060251687001536, 68.508795696758725 ], [ 18.06374117842363, 68.51024680400954 ], [ 18.064196420307148, 68.510304838893234 ], [ 18.065585775816331, 68.509494227272512 ] ], [ [ 18.068286208882153, 68.499999979655257 ], [ 18.067995849506815, 68.499873312057375 ], [ 18.068204866753426, 68.499844528883742 ], [ 18.068650392733332, 68.499999960342109 ], [ 18.068286208882153, 68.499999979655257 ] ], [ [ 18.068310136760861, 68.500491008515098 ], [ 18.06822774174276, 68.50033862958152 ], [ 18.068647095494889, 68.50037530948812 ], [ 18.068310136760861, 68.500491008515098 ] ], [ [ 18.068232237070571, 68.501104387662068 ], [ 18.068753467170161, 68.501022576927141 ], [ 18.068634149377345, 68.501063096983032 ], [ 18.068232237070571, 68.501104387662068 ] ], [ [ 18.066966489601914, 68.504948745426717 ], [ 18.066741744892461, 68.504563201194756 ], [ 18.067561312466445, 68.504283987057008 ], [ 18.067595350077987, 68.504026588293598 ], [ 18.067992304581352, 68.50386203026315 ], [ 18.068860775431741, 68.503780691982072 ], [ 18.069042928999203, 68.504076063952965 ], [ 18.068846416846583, 68.504400450453545 ], [ 18.069251219351681, 68.504358388064077 ], [ 18.069891414600281, 68.504594471093569 ], [ 18.069775993728371, 68.504877870589468 ], [ 18.066966489601914, 68.504948745426717 ] ], [ [ 18.070268653134416, 68.505166571231399 ], [ 18.069820223358949, 68.505078801414754 ], [ 18.070900998445254, 68.504895076738009 ], [ 18.071165563626295, 68.505036667691343 ], [ 18.070268653134416, 68.505166571231399 ] ], [ [ 18.0675995662024, 68.505134330236515 ], [ 18.067872586921769, 68.50524282150576 ], [ 18.067335867085291, 68.505337480626196 ], [ 18.0675995662024, 68.505134330236515 ] ], [ [ 18.068785169718016, 68.505336021891637 ], [ 18.069322648232149, 68.505214589117514 ], [ 18.06928713036168, 68.505295414348041 ], [ 18.068785169718016, 68.505336021891637 ] ], [ [ 18.070415496643133, 68.50612688601889 ], [ 18.069560592341404, 68.505907302777103 ], [ 18.071132736175748, 68.506043636558474 ], [ 18.070515493507028, 68.506251827983291 ], [ 18.070415496643133, 68.50612688601889 ] ], [ [ 18.068611198814658, 68.506476023764577 ], [ 18.068484147531962, 68.506441896342253 ], [ 18.069280373764695, 68.50638486308624 ], [ 18.068611198814658, 68.506476023764577 ] ], [ [ 18.063386384078374, 68.506954615826814 ], [ 18.063267504369769, 68.506881459867856 ], [ 18.063919571203343, 68.506810116116753 ], [ 18.063386384078374, 68.506954615826814 ] ] ] ] } },
{ "type": "Feature", "properties": { "fid": 220389, "navn": null, "hoyde_moh": 1130, "arealInnsjo_km2": 0.0371, "magasinKategori": null, "fid_2": 1132, "id": 1132, "left": 17.986919847, "top": 68.946110046000001, "right": 18.486919847, "bottom": 68.446110046000001, "row_index": 11, "col_index": 28, "tile_id": 1132 }, "geometry": { "type": "MultiPolygon", "coordinates": [ [ [ [ 18.274918473471345, 68.575600910562414 ], [ 18.274937287391239, 68.574838277994473 ], [ 18.270526657757514, 68.574362812827133 ], [ 18.269356687081874, 68.574496459444148 ], [ 18.269092668473593, 68.574851071306881 ], [ 18.268370016906484, 68.574938210654395 ], [ 18.268966922531121, 68.575280038171741 ], [ 18.270737177194174, 68.575865376900452 ], [ 18.27398278203275, 68.576232067250345 ], [ 18.274918473471345, 68.575600910562414 ] ] ] ] } },
{ "type": "Feature", "properties": { "fid": 220390, "navn": "Vuoiddasjávri", "hoyde_moh": 935, "arealInnsjo_km2": 0.1009, "magasinKategori": null, "fid_2": 1132, "id": 1132, "left": 17.986919847, "top": 68.946110046000001, "right": 18.486919847, "bottom": 68.446110046000001, "row_index": 11, "col_index": 28, "tile_id": 1132 }, "geometry": { "type": "MultiPolygon", "coordinates": [ [ [ [ 18.374927291751685, 68.590843077846699 ], [ 18.376422930192483, 68.589816276439009 ], [ 18.377647051187864, 68.58943142264539 ], [ 18.377456558397956, 68.589168177735473 ], [ 18.377543802701997, 68.588424487585428 ], [ 18.380176371963152, 68.588384725707186 ], [ 18.380300681195596, 68.588162304088172 ], [ 18.382193343201443, 68.587940530108767 ], [ 18.382628859752746, 68.587785666409829 ], [ 18.382810302987707, 68.587492407515143 ], [ 18.387535365866778, 68.587628477961644 ], [ 18.387715177953854, 68.58755948120799 ], [ 18.38771983488374, 68.586886410908818 ], [ 18.387546618818575, 68.586686228041302 ], [ 18.383556393219859, 68.586570405397509 ], [ 18.379445177236583, 68.587915654727567 ], [ 18.376925898616694, 68.588244357669382 ], [ 18.374034027564946, 68.588396761422857 ], [ 18.369457387158022, 68.590092417083198 ], [ 18.369166423734203, 68.590404015506294 ], [ 18.371980968971091, 68.591039457455238 ], [ 18.373961902600474, 68.591115229718483 ], [ 18.374927291751685, 68.590843077846699 ] ] ] ] } },
{ "type": "Feature", "properties": { "fid": 220394, "navn": null, "hoyde_moh": 974, "arealInnsjo_km2": 0.0221, "magasinKategori": null, "fid_2": 1132, "id": 1132, "left": 17.986919847, "top": 68.946110046000001, "right": 18.486919847, "bottom": 68.446110046000001, "row_index": 11, "col_index": 28, "tile_id": 1132 }, "geometry": { "type": "MultiPolygon", "coordinates": [ [ [ [ 18.175857842003904, 68.693445945853441 ], [ 18.175854853896645, 68.693136595077618 ], [ 18.176454757248155, 68.692723158330864 ], [ 18.178188020834352, 68.692594304945843 ], [ 18.175178430704559, 68.69256524462034 ], [ 18.173096582243815, 68.692330871814349 ], [ 18.1721526973352, 68.692338902460818 ], [ 18.171518160449928, 68.692538382143866 ], [ 18.172287001092322, 68.692658895442079 ], [ 18.171988318781864, 68.692737411306013 ], [ 18.171937933143365, 68.693064194540113 ], [ 18.171540597227981, 68.69314519039574 ], [ 18.172451723935836, 68.693596500992427 ], [ 18.173880517589293, 68.693445756409446 ], [ 18.175017242807339, 68.693618246114198 ], [ 18.175857842003904, 68.693445945853441 ] ], [ [ 18.173692093692512, 68.692656296444838 ], [ 18.173500724257593, 68.692628196867489 ], [ 18.173846392718978, 68.692552027757912 ], [ 18.173881724580507, 68.692651297018386 ], [ 18.173692093692512, 68.692656296444838 ] ], [ [ 18.174288395529771, 68.692650030552613 ], [ 18.174723330391974, 68.692712160415098 ], [ 18.174534080873126, 68.692719847229796 ], [ 18.174288395529771, 68.692650030552613 ] ] ] ] } },
{ "type": "Feature", "properties": { "fid": 221934, "navn": "Langvatnet", "hoyde_moh": 520, "arealInnsjo_km2": 0.0635, "magasinKategori": null, "fid_2": 1132, "id": 1132, "left": 17.986919847, "top": 68.946110046000001, "right": 18.486919847, "bottom": 68.446110046000001, "row_index": 11, "col_index": 28, "tile_id": 1132 }, "geometry": { "type": "MultiPolygon", "coordinates": [ [ [ [ 18.100963719359591, 68.465516203134328 ], [ 18.100605698912574, 68.465238215138228 ], [ 18.09909775737988, 68.464700663109355 ], [ 18.098112474418407, 68.464117697138249 ], [ 18.094736949987301, 68.462856509617239 ], [ 18.09356258498357, 68.462877847242851 ], [ 18.092251383175963, 68.463258324278414 ], [ 18.092478971004127, 68.463512699262367 ], [ 18.09157536310336, 68.46380241407752 ], [ 18.091835364782039, 68.464070467169279 ], [ 18.091780436954529, 68.464294234566552 ], [ 18.089251445038407, 68.464104321287948 ], [ 18.089548400998389, 68.464330036342176 ], [ 18.092174833234505, 68.465033864405228 ], [ 18.093392415785122, 68.464756035789705 ], [ 18.097261108014951, 68.465100597501348 ], [ 18.098679100994303, 68.465354675482999 ], [ 18.100051370553434, 68.46589348594037 ], [ 18.100940613886863, 68.465896508175135 ], [ 18.100963719359591, 68.465516203134328 ] ] ] ] } },
{ "type": "Feature", "properties": { "fid": 223701, "navn": "Skofjellvatnan", "hoyde_moh": 676, "arealInnsjo_km2": 0.0218, "magasinKategori": null, "fid_2": 1132, "id": 1132, "left": 17.986919847, "top": 68.946110046000001, "right": 18.486919847, "bottom": 68.446110046000001, "row_index": 11, "col_index": 28, "tile_id": 1132 }, "geometry": { "type": "MultiPolygon", "coordinates": [ [ [ [ 18.254065420118526, 68.937926267080371 ], [ 18.25046131339742, 68.936144431234666 ], [ 18.249394316224922, 68.935917935942143 ], [ 18.24911250983612, 68.936251848971253 ], [ 18.249166165043416, 68.936848380653188 ], [ 18.249987258167703, 68.937081181580012 ], [ 18.251202216513406, 68.9379148887935 ], [ 18.252009931131003, 68.938102232714741 ], [ 18.253192028072093, 68.938118024272029 ], [ 18.254066235594284, 68.938395497030797 ], [ 18.254065420118526, 68.937926267080371 ] ] ] ] } },
{ "type": "Feature", "properties": { "fid": 223717, "navn": null, "hoyde_moh": 1010, "arealInnsjo_km2": 0.038, "magasinKategori": null, "fid_2": 1132, "id": 1132, "left": 17.986919847, "top": 68.946110046000001, "right": 18.486919847, "bottom": 68.446110046000001, "row_index": 11, "col_index": 28, "tile_id": 1132 }, "geometry": { "type": "MultiPolygon", "coordinates": [ [ [ [ 18.054343183083912, 68.54889151934222 ], [ 18.054543855783294, 68.548293432816322 ], [ 18.054260898225479, 68.548019268802946 ], [ 18.052305377614175, 68.547033371415736 ], [ 18.048595375029553, 68.546151303815435 ], [ 18.04788913219069, 68.546111955396171 ], [ 18.0465759862158, 68.546403049043747 ], [ 18.047074154917926, 68.546717044256567 ], [ 18.048117691786999, 68.546986848608924 ], [ 18.05101289883606, 68.547540315898246 ], [ 18.05187578351854, 68.548067188418301 ], [ 18.052344684672477, 68.548982154179384 ], [ 18.053389609367009, 68.549242835260245 ], [ 18.054343183083912, 68.54889151934222 ] ] ] ] } },
{ "type": "Feature", "properties": { "fid": 224704, "navn": null, "hoyde_moh": 457, "arealInnsjo_km2": 0.0147, "magasinKategori": null, "fid_2": 1132, "id": 1132, "left": 17.986919847, "top": 68.946110046000001, "right": 18.486919847, "bottom": 68.446110046000001, "row_index": 11, "col_index": 28, "tile_id": 1132 }, "geometry": { "type": "MultiPolygon", "coordinates": [ [ [ [ 18.329699315081964, 68.806774036490538 ], [ 18.330262792492402, 68.806208841038043 ], [ 18.328911308533989, 68.80554833391453 ], [ 18.327667576334338, 68.805894746126029 ], [ 18.32632437415138, 68.805863889067325 ], [ 18.327299667936902, 68.806205294951084 ], [ 18.327536505772027, 68.806497426652712 ], [ 18.327362433004762, 68.806751821949234 ], [ 18.328027259465227, 68.807152473113803 ], [ 18.329699315081964, 68.806774036490538 ] ] ] ] } },
{ "type": "Feature", "properties": { "fid": 224705, "navn": "Kvannskarvatnet", "hoyde_moh": 307, "arealInnsjo_km2": 0.0118, "magasinKategori": null, "fid_2": 1132, "id": 1132, "left": 17.986919847, "top": 68.946110046000001, "right": 18.486919847, "bottom": 68.446110046000001, "row_index": 11, "col_index": 28, "tile_id": 1132 }, "geometry": { "type": "MultiPolygon", "coordinates": [ [ [ [ 18.19250963399578, 68.841850646908071 ], [ 18.190780088850246, 68.840755951691463 ], [ 18.190253817129189, 68.840675509708177 ], [ 18.189383270018169, 68.841330600885726 ], [ 18.189862851806069, 68.841799892398214 ], [ 18.191223192940754, 68.84215971128657 ], [ 18.191455528121022, 68.842057478912366 ], [ 18.192123371812226, 68.842173237763078 ], [ 18.19250963399578, 68.841850646908071 ] ] ] ] } },
{ "type": "Feature", "properties": { "fid": 224706, "navn": null, "hoyde_moh": 485, "arealInnsjo_km2": 0.0374, "magasinKategori": null, "fid_2": 1132, "id": 1132, "left": 17.986919847, "top": 68.946110046000001, "right": 18.486919847, "bottom": 68.446110046000001, "row_index": 11, "col_index": 28, "tile_id": 1132 }, "geometry": { "type": "MultiPolygon", "coordinates": [ [ [ [ 18.234346157819989, 68.86586571817098 ], [ 18.234245541201318, 68.865767965310496 ], [ 18.234670673277108, 68.865482876948732 ], [ 18.234620259953811, 68.864476843145468 ], [ 18.23319770469757, 68.8641604536991 ], [ 18.231594779283025, 68.86429732730474 ], [ 18.231627295323907, 68.864448543561835 ], [ 18.232234918759175, 68.864540970370626 ], [ 18.228749898497615, 68.865248639005117 ], [ 18.22903837148198, 68.865761246205494 ], [ 18.231961687884972, 68.865957298181812 ], [ 18.232177018776756, 68.866133592673023 ], [ 18.232153408312168, 68.866369020969941 ], [ 18.233496559073942, 68.866401489513663 ], [ 18.234346157819989, 68.86586571817098 ] ] ] ] } },
{ "type": "Feature", "properties": { "fid": 224707, "navn": "Øvstevatnet", "hoyde_moh": 267, "arealInnsjo_km2": 0.0239, "magasinKategori": null, "fid_2": 1132, "id": 1132, "left": 17.986919847, "top": 68.946110046000001, "right": 18.486919847, "bottom": 68.446110046000001, "row_index": 11, "col_index": 28, "tile_id": 1132 }, "geometry": { "type": "MultiPolygon", "coordinates": [ [ [ [ 18.090593840403223, 68.905239363421998 ], [ 18.090264610673909, 68.905009484702802 ], [ 18.090561001178557, 68.904617781997928 ], [ 18.090279450394871, 68.904133498742638 ], [ 18.088673090649046, 68.903647480480814 ], [ 18.086269133912673, 68.903989939850547 ], [ 18.086873818497839, 68.904383080789742 ], [ 18.086693010062195, 68.904667728515477 ], [ 18.087605660742263, 68.905135010223518 ], [ 18.089821337002274, 68.905480882936217 ], [ 18.090593840403223, 68.905239363421998 ] ] ] ] } },
{ "type": "Feature", "properties": { "fid": 225938, "navn": "Jiekŋajávri", "hoyde_moh": 802, "arealInnsjo_km2": 2.2258, "magasinKategori": null, "fid_2": 1132, "id": 1132, "left": 17.986919847, "top": 68.946110046000001, "right": 18.486919847, "bottom": 68.446110046000001, "row_index": 11, "col_index": 28, "tile_id": 1132 }, "geometry": { "type": "MultiPolygon", "coordinates": [ [ [ [ 18.099096967978781, 68.557938201102957 ], [ 18.100091693065458, 68.557634973331503 ], [ 18.101766002464856, 68.557646190629313 ], [ 18.10229853684417, 68.557486423104194 ], [ 18.104843669067865, 68.557648621009761 ], [ 18.108369507925239, 68.557287611092264 ], [ 18.108959495987431, 68.557380668346056 ], [ 18.109306745991965, 68.557201589684539 ], [ 18.109239823591043, 68.556781201664677 ], [ 18.109363865220285, 68.556709324138055 ], [ 18.109878118278939, 68.556898950335466 ], [ 18.110979992319226, 68.55689642470881 ], [ 18.112075141692255, 68.557593974522106 ], [ 18.113086470636105, 68.557834183097398 ], [ 18.115442561267241, 68.557684580251674 ], [ 18.116203522381539, 68.557445562656156 ], [ 18.117432894051102, 68.557475736894773 ], [ 18.120387784698831, 68.55718728165958 ], [ 18.121146153415065, 68.556983125240123 ], [ 18.129746238941717, 68.556812506776353 ], [ 18.135624248941358, 68.556379262730204 ], [ 18.13980430269007, 68.555761067071131 ], [ 18.140246966253468, 68.555448241841233 ], [ 18.140280876753554, 68.55508639889662 ], [ 18.140653448155589, 68.554951850404535 ], [ 18.145317870112684, 68.554722929903619 ], [ 18.146104566382995, 68.554365488829177 ], [ 18.14722858270331, 68.554139548714858 ], [ 18.149202345347817, 68.554209058180348 ], [ 18.150134540169372, 68.553827680516392 ], [ 18.150928832242702, 68.553951060278848 ], [ 18.152262955870608, 68.553600112908995 ], [ 18.154383233154643, 68.553533568660669 ], [ 18.155691245670052, 68.553320636720045 ], [ 18.155964752738345, 68.553157564693393 ], [ 18.157327156710764, 68.552979333148983 ], [ 18.157204217405479, 68.552531450366246 ], [ 18.156850262706048, 68.552488178889504 ], [ 18.157690756528371, 68.552388345499708 ], [ 18.157608703382255, 68.552133994006653 ], [ 18.157149614990683, 68.551972563682909 ], [ 18.156671343417624, 68.552109855171068 ], [ 18.155253171077824, 68.552000194744437 ], [ 18.153231682293388, 68.552310286065918 ], [ 18.153085399463137, 68.552180236300288 ], [ 18.153335497186418, 68.552025149991749 ], [ 18.153061426693892, 68.551935567953294 ], [ 18.151643631430538, 68.551989551771584 ], [ 18.146004327567393, 68.551301877097075 ], [ 18.138667843491458, 68.550758501775732 ], [ 18.134530232439499, 68.551010912894341 ], [ 18.133560798848222, 68.551649144501255 ], [ 18.133668604939174, 68.551153043491212 ], [ 18.132868065215654, 68.5506660699169 ], [ 18.130655203814076, 68.549920614604687 ], [ 18.129305613101511, 68.549945755743238 ], [ 18.129205276178276, 68.550228024243083 ], [ 18.129694010964343, 68.550683830306312 ], [ 18.129751105228994, 68.55100446800202 ], [ 18.131914217071415, 68.55166511844304 ], [ 18.131836250955708, 68.552234914141422 ], [ 18.130755321933986, 68.552360016404577 ], [ 18.128564131175928, 68.55143581468127 ], [ 18.12727682612929, 68.551184227362526 ], [ 18.127474538606183, 68.551011122657869 ], [ 18.127157582785024, 68.550511351272419 ], [ 18.127299650558371, 68.550386240010326 ], [ 18.126899585447088, 68.550096855676088 ], [ 18.124640628564219, 68.549764925146647 ], [ 18.122794394342556, 68.549300852840631 ], [ 18.121749335040679, 68.549383212602052 ], [ 18.122187622207186, 68.549729449877518 ], [ 18.121978753474203, 68.549811713281727 ], [ 18.119979630096175, 68.549375052718759 ], [ 18.11989489136943, 68.549186641577919 ], [ 18.120107225493332, 68.549141756708806 ], [ 18.119832219279541, 68.54897160349698 ], [ 18.118707256767575, 68.548871997866271 ], [ 18.114866437148279, 68.54778996593123 ], [ 18.111867416665817, 68.547418886001097 ], [ 18.109063187674987, 68.547292492362601 ], [ 18.103833910204294, 68.547666884057293 ], [ 18.101664990094847, 68.547978624869998 ], [ 18.099838194859764, 68.548101674414127 ], [ 18.099156387063346, 68.547975626766032 ], [ 18.097236193087021, 68.548498470277337 ], [ 18.09529548397829, 68.548508826243292 ], [ 18.09260354442203, 68.548948146342283 ], [ 18.091399059239205, 68.549352608559857 ], [ 18.090631408290481, 68.549903633122526 ], [ 18.088406460107574, 68.550279972933637 ], [ 18.087434422135949, 68.550648977181879 ], [ 18.087406025036238, 68.550869376994356 ], [ 18.087733222456688, 68.551080100369873 ], [ 18.085763174125283, 68.55202857210223 ], [ 18.085653319967168, 68.5524530168056 ], [ 18.08536947417856, 68.552751817958736 ], [ 18.084254986270775, 68.553525373248064 ], [ 18.083631396713596, 68.554173913963822 ], [ 18.083712451479308, 68.55433394540313 ], [ 18.083002072396475, 68.554762941412434 ], [ 18.082997464302508, 68.55494779828706 ], [ 18.082791054914637, 68.55501892160332 ], [ 18.082979363443648, 68.555111175321912 ], [ 18.081915100873999, 68.555194082061263 ], [ 18.082674834988204, 68.555460089679229 ], [ 18.08254301154896, 68.555586766540614 ], [ 18.082774532259041, 68.555920999706103 ], [ 18.083907036938761, 68.555870324675837 ], [ 18.084776694585727, 68.55613062531377 ], [ 18.085288290676804, 68.556102110558342 ], [ 18.085332138047555, 68.556235799957676 ], [ 18.084799207840838, 68.556344972011402 ], [ 18.084410562845296, 68.556620734477761 ], [ 18.085121025051453, 68.557060108811399 ], [ 18.086053566070824, 68.557109337610953 ], [ 18.086848540217893, 68.557404219523306 ], [ 18.088850208974097, 68.557532105924167 ], [ 18.089944727344058, 68.557767150051774 ], [ 18.09033189206475, 68.558008012150594 ], [ 18.093159434835016, 68.558523787338203 ], [ 18.094077078247768, 68.558335591038528 ], [ 18.094528227132407, 68.558514932142856 ], [ 18.099096967978781, 68.557938201102957 ] ], [ [ 18.122518378095577, 68.54989811466811 ], [ 18.122247350954353, 68.549841738369139 ], [ 18.122814299343343, 68.549895218700399 ], [ 18.122905885726677, 68.55000018103074 ], [ 18.122518378095577, 68.54989811466811 ] ], [ [ 18.15123423534456, 68.552513863144156 ], [ 18.152081112399305, 68.552398136029225 ], [ 18.151436899387427, 68.552542026425172 ], [ 18.15123423534456, 68.552513863144156 ] ], [ [ 18.131708823992454, 68.552435176416196 ], [ 18.132055706341635, 68.552521459597031 ], [ 18.131819988163684, 68.552539410663101 ], [ 18.131625273017324, 68.552587573244224 ], [ 18.131708823992454, 68.552435176416196 ] ], [ [ 18.103926873733574, 68.556894043031875 ], [ 18.103411550793403, 68.556680267346096 ], [ 18.104200255641977, 68.556641729325605 ], [ 18.106102092666518, 68.55618819802531 ], [ 18.106694356899734, 68.55629091723803 ], [ 18.107198811331198, 68.556155714297816 ], [ 18.108754659764521, 68.5561715644061 ], [ 18.107904405699436, 68.556730752695088 ], [ 18.10586606965083, 68.556561661583245 ], [ 18.103926873733574, 68.556894043031875 ] ] ] ] } },
{ "type": "Feature", "properties": { "fid": 225939, "navn": "Raudbergvatnan", "hoyde_moh": 780, "arealInnsjo_km2": 0.0678, "magasinKategori": null, "fid_2": 1132, "id": 1132, "left": 17.986919847, "top": 68.946110046000001, "right": 18.486919847, "bottom": 68.446110046000001, "row_index": 11, "col_index": 28, "tile_id": 1132 }, "geometry": { "type": "MultiPolygon", "coordinates": [ [ [ [ 18.126642638350734, 68.597240496855292 ], [ 18.126920851808052, 68.597033581973491 ], [ 18.12480267761503, 68.596466692131386 ], [ 18.125093459359896, 68.595998542661093 ], [ 18.125621165436826, 68.595615059326249 ], [ 18.125675732505577, 68.595205345427814 ], [ 18.126007653689577, 68.594879367241603 ], [ 18.125535539764329, 68.594417034413567 ], [ 18.125825488420748, 68.594174527736399 ], [ 18.125378522691317, 68.593975784808222 ], [ 18.12521122795992, 68.593545410383257 ], [ 18.123884388552604, 68.593505578723054 ], [ 18.123009988934921, 68.593760634144971 ], [ 18.122242059689601, 68.5941611358854 ], [ 18.122135122577252, 68.594500440503651 ], [ 18.12109060209368, 68.59487769506913 ], [ 18.121192082406093, 68.595043710272165 ], [ 18.121044565014948, 68.595384754023314 ], [ 18.121644112487779, 68.595950949980278 ], [ 18.121839509775892, 68.596412320224189 ], [ 18.121743452330783, 68.597165957835898 ], [ 18.123402349937415, 68.597674070423935 ], [ 18.126642638350734, 68.597240496855292 ] ] ] ] } },
{ "type": "Feature", "properties": { "fid": 225943, "navn": null, "hoyde_moh": 821, "arealInnsjo_km2": 0.0454, "magasinKategori": null, "fid_2": 1132, "id": 1132, "left": 17.986919847, "top": 68.946110046000001, "right": 18.486919847, "bottom": 68.446110046000001, "row_index": 11, "col_index": 28, "tile_id": 1132 }, "geometry": { "type": "MultiPolygon", "coordinates": [ [ [ [ 18.138945394484242, 68.632647116291849 ], [ 18.139011293819372, 68.632461918714554 ], [ 18.143449817807522, 68.632296232987414 ], [ 18.144365999970859, 68.631926284894604 ], [ 18.142485065711302, 68.631575377962832 ], [ 18.142388742496376, 68.631524020871353 ], [ 18.142571513809667, 68.631363128985598 ], [ 18.141878694615059, 68.631194320123839 ], [ 18.141602855919881, 68.631232233920812 ], [ 18.141837551048841, 68.631427721560399 ], [ 18.141754584509957, 68.63152785275598 ], [ 18.141333296824619, 68.631555638018511 ], [ 18.140014021841502, 68.631174931095813 ], [ 18.138858849615225, 68.631361026120956 ], [ 18.135300221008247, 68.630858386637072 ], [ 18.133611960389619, 68.631051039699685 ], [ 18.133191403433649, 68.631445113934419 ], [ 18.132234806456417, 68.631689063222936 ], [ 18.133752377462947, 68.631631044105276 ], [ 18.137583355959375, 68.63198921114676 ], [ 18.138787611486656, 68.63237486258565 ], [ 18.135765015606541, 68.632452763955683 ], [ 18.13767638526296, 68.632513082440354 ], [ 18.138945394484242, 68.632647116291849 ] ] ] ] } },
{ "type": "Feature", "properties": { "fid": 226265, "navn": null, "hoyde_moh": 824, "arealInnsjo_km2": 0.0162, "magasinKategori": null, "fid_2": 1132, "id": 1132, "left": 17.986919847, "top": 68.946110046000001, "right": 18.486919847, "bottom": 68.446110046000001, "row_index": 11, "col_index": 28, "tile_id": 1132 }, "geometry": { "type": "MultiPolygon", "coordinates": [ [ [ [ 18.240866110523889, 68.690391065563304 ], [ 18.240296449118059, 68.690211278092036 ], [ 18.238960584916494, 68.690036845590981 ], [ 18.236858332822919, 68.690074273570048 ], [ 18.235605061568009, 68.690430783616748 ], [ 18.23609349754355, 68.690672123142889 ], [ 18.237587126392864, 68.690965850323295 ], [ 18.239360394107866, 68.690994884610021 ], [ 18.240851896707085, 68.690507528498557 ], [ 18.240866110523889, 68.690391065563304 ] ] ] ] } },
{ "type": "Feature", "properties": { "fid": 226304, "navn": null, "hoyde_moh": 771, "arealInnsjo_km2": 0.0384, "magasinKategori": null, "fid_2": 1132, "id": 1132, "left": 17.986919847, "top": 68.946110046000001, "right": 18.486919847, "bottom": 68.446110046000001, "row_index": 11, "col_index": 28, "tile_id": 1132 }, "geometry": { "type": "MultiPolygon", "coordinates": [ [ [ [ 18.041461144662772, 68.657926337697702 ], [ 18.042323001481108, 68.657472586483578 ], [ 18.041732449449363, 68.657236611309145 ], [ 18.040642896601778, 68.657135408940903 ], [ 18.040595574021161, 68.656995667783491 ], [ 18.041218424305601, 68.656604136866477 ], [ 18.041181757616791, 68.656437629118884 ], [ 18.039984037077783, 68.65627822101689 ], [ 18.037606078705835, 68.656552862957483 ], [ 18.036709232630667, 68.656841756585735 ], [ 18.036299784916622, 68.657210036856029 ], [ 18.036332165748242, 68.657496028076011 ], [ 18.038068122257091, 68.658179686644345 ], [ 18.038360121021014, 68.658533274810139 ], [ 18.038886738823084, 68.658554315327763 ], [ 18.041461144662772, 68.657926337697702 ] ] ] ] } },
{ "type": "Feature", "properties": { "fid": 226610, "navn": "Rundvatnet", "hoyde_moh": 448, "arealInnsjo_km2": 0.1111, "magasinKategori": null, "fid_2": 1132, "id": 1132, "left": 17.986919847, "top": 68.946110046000001, "right": 18.486919847, "bottom": 68.446110046000001, "row_index": 11, "col_index": 28, "tile_id": 1132 }, "geometry": { "type": "MultiPolygon", "coordinates": [ [ [ [ 18.031351190015393, 68.46989015613228 ], [ 18.03146433557955, 68.469669494491612 ], [ 18.032676680075834, 68.469573303759816 ], [ 18.032714964961055, 68.469476097122978 ], [ 18.032194193692398, 68.469241591664385 ], [ 18.033082487072711, 68.468730553276686 ], [ 18.033574088111266, 68.46878413857651 ], [ 18.033336241677983, 68.469097109527539 ], [ 18.034195432025957, 68.469032260409648 ], [ 18.033854560722936, 68.469324204229451 ], [ 18.034056118564877, 68.46941464343449 ], [ 18.037726354144471, 68.468890070644747 ], [ 18.038212106659245, 68.468578162838483 ], [ 18.03806448308649, 68.468179880969217 ], [ 18.038331981778104, 68.468069896490817 ], [ 18.037637056656823, 68.467729034189006 ], [ 18.038211611511816, 68.467545248297824 ], [ 18.038298794375159, 68.467199269334557 ], [ 18.037289228796993, 68.466819132824938 ], [ 18.036002648556472, 68.467240273143844 ], [ 18.034652111205407, 68.467032394341189 ], [ 18.034240246730015, 68.466851586383299 ], [ 18.034208602762689, 68.466482893749586 ], [ 18.035787971579143, 68.4665461223683 ], [ 18.036074416148843, 68.466178757023712 ], [ 18.035472645357647, 68.465910357058533 ], [ 18.034553230631797, 68.46581874144654 ], [ 18.034053249043968, 68.465924402215066 ], [ 18.033673150848326, 68.466324344232746 ], [ 18.033039476530458, 68.466096645426816 ], [ 18.030873817249965, 68.466526837906656 ], [ 18.030532587603894, 68.466991158930284 ], [ 18.028777743483925, 68.46706294004845 ], [ 18.028814271189734, 68.467311867521985 ], [ 18.029617094970607, 68.467818880718539 ], [ 18.02978388218882, 68.468390455430409 ], [ 18.029499435467759, 68.468620498410729 ], [ 18.029409664185032, 68.468977380781496 ], [ 18.028662167113975, 68.469332329385949 ], [ 18.028673924020481, 68.469662686095944 ], [ 18.030206335919846, 68.470039612574269 ], [ 18.031351190015393, 68.46989015613228 ] ], [ [ 18.030784191124752, 68.468949914719147 ], [ 18.031131732643704, 68.469006382789246 ], [ 18.030717669453914, 68.469159228122095 ], [ 18.030415634796789, 68.469137758157387 ], [ 18.030784191124752, 68.468949914719147 ] ] ] ] } },
{ "type": "Feature", "properties": { "fid": 226612, "navn": "Lomtjønna", "hoyde_moh": 567, "arealInnsjo_km2": 0.1028, "magasinKategori": null, "fid_2": 1132, "id": 1132, "left": 17.986919847, "top": 68.946110046000001, "right": 18.486919847, "bottom": 68.446110046000001, "row_index": 11, "col_index": 28, "tile_id": 1132 }, "geometry": { "type": "MultiPolygon", "coordinates": [ [ [ [ 18.0211434461268, 68.493708851784476 ], [ 18.021189104297232, 68.493426571423583 ], [ 18.021754220037046, 68.493089681562665 ], [ 18.023819423639399, 68.492497613793091 ], [ 18.023400482623387, 68.492319774400102 ], [ 18.023504563773248, 68.492093987933089 ], [ 18.022907371309028, 68.491695721571901 ], [ 18.023021834926372, 68.491425038139297 ], [ 18.024130803143159, 68.491357276572046 ], [ 18.024255235059162, 68.491488085154145 ], [ 18.0240399838965, 68.491762383106249 ], [ 18.024362020600066, 68.49201864041963 ], [ 18.024734951869167, 68.492022866111668 ], [ 18.026457035311228, 68.491688515098261 ], [ 18.027319133877366, 68.490934514381507 ], [ 18.027916890093064, 68.49090782892506 ], [ 18.029006197784433, 68.49048953063739 ], [ 18.029936431491834, 68.490450276672519 ], [ 18.030028820166176, 68.490309268811927 ], [ 18.028008549287211, 68.490201224054175 ], [ 18.026957321037774, 68.490629871181739 ], [ 18.026755811567512, 68.49029279590485 ], [ 18.025430049159098, 68.490215543969583 ], [ 18.022900486675844, 68.490374294502587 ], [ 18.022005947666305, 68.490565131496396 ], [ 18.022138088293648, 68.490720761086806 ], [ 18.021411591125762, 68.490704946226572 ], [ 18.021250501598132, 68.490453594518002 ], [ 18.021418274640158, 68.490354507312716 ], [ 18.024005628221722, 68.490013472340209 ], [ 18.023736914402509, 68.48987018307605 ], [ 18.02329280416231, 68.489920568226268 ], [ 18.022975409799624, 68.489519591278366 ], [ 18.023813160294779, 68.48931424079484 ], [ 18.023806977109704, 68.489045193789551 ], [ 18.024422342921994, 68.488832538661597 ], [ 18.023313998986794, 68.488666507424824 ], [ 18.023145713953809, 68.488898659051884 ], [ 18.022284442017657, 68.48932115754728 ], [ 18.022171157161942, 68.489584188067639 ], [ 18.018889224885282, 68.489803753315101 ], [ 18.017546044023575, 68.490355385939836 ], [ 18.016618282790017, 68.490426038814419 ], [ 18.019472374714361, 68.491162652032443 ], [ 18.018915858947491, 68.491472266353298 ], [ 18.019461686178506, 68.491715704114043 ], [ 18.019136499658487, 68.492169108700807 ], [ 18.018740941213643, 68.492453109504225 ], [ 18.018213842227766, 68.49255848265723 ], [ 18.018194000623652, 68.492733998646059 ], [ 18.017207782489734, 68.493012376675424 ], [ 18.018207551287826, 68.493126358265982 ], [ 18.018030638839772, 68.493415398977476 ], [ 18.018869864539504, 68.493501472325519 ], [ 18.019083776998844, 68.493763636146127 ], [ 18.019784777786281, 68.493692387133834 ], [ 18.019692181365414, 68.49392936569788 ], [ 18.019797709579851, 68.493977472164062 ], [ 18.0211434461268, 68.493708851784476 ] ], [ [ 18.017887009226047, 68.490470270810576 ], [ 18.018431447079823, 68.49021312856172 ], [ 18.01960076509274, 68.490331768463875 ], [ 18.017887009226047, 68.490470270810576 ] ], [ [ 18.023153930133507, 68.490940721020664 ], [ 18.023410927594902, 68.490572570248091 ], [ 18.024317955037439, 68.490803822520647 ], [ 18.024177429808301, 68.490949196331101 ], [ 18.023153930133507, 68.490940721020664 ] ], [ [ 18.020057781315582, 68.491177066734508 ], [ 18.02014854854507, 68.490855189577275 ], [ 18.020400254691502, 68.490741573562261 ], [ 18.021681801024062, 68.490888702598127 ], [ 18.020360414902587, 68.491323431653797 ], [ 18.020057781315582, 68.491177066734508 ] ], [ [ 18.021715172435883, 68.492501792780757 ], [ 18.023146480333395, 68.492443671105505 ], [ 18.02291819737334, 68.492547711362505 ], [ 18.021715172435883, 68.492501792780757 ] ], [ [ 18.020598172617241, 68.493020193817301 ], [ 18.02049729420099, 68.492814800867407 ], [ 18.019788721570603, 68.492719469910554 ], [ 18.019710358884343, 68.49258540458591 ], [ 18.020913876794868, 68.492141314004485 ], [ 18.021525063970309, 68.492117821554572 ], [ 18.021276432807799, 68.492839547874283 ], [ 18.021042932901835, 68.493030854956956 ], [ 18.020598172617241, 68.493020193817301 ] ] ] ] } },
{ "type": "Feature", "properties": { "fid": 229159, "navn": "Nedre Ørnvatnet", "hoyde_moh": 456, "arealInnsjo_km2": 0.0297, "magasinKategori": null, "fid_2": 1132, "id": 1132, "left": 17.986919847, "top": 68.946110046000001, "right": 18.486919847, "bottom": 68.446110046000001, "row_index": 11, "col_index": 28, "tile_id": 1132 }, "geometry": { "type": "MultiPolygon", "coordinates": [ [ [ [ 18.060873099987703, 68.461890236895329 ], [ 18.057926333064465, 68.460984392526228 ], [ 18.056354453379296, 68.460701365885029 ], [ 18.054716412500596, 68.460836207738424 ], [ 18.054580204078935, 68.461003530983746 ], [ 18.05480098265317, 68.46118553106723 ], [ 18.054209534699204, 68.461254766366295 ], [ 18.053114134884449, 68.461766293044704 ], [ 18.054176351990648, 68.462043832004255 ], [ 18.055608038322234, 68.462097173210495 ], [ 18.056688889660624, 68.461838001827076 ], [ 18.057342501871574, 68.462029695582544 ], [ 18.059535635582055, 68.462177557204328 ], [ 18.060873099987703, 68.461890236895329 ] ] ] ] } },
{ "type": "Feature", "properties": { "fid": 240459, "navn": "Siiddašjávri", "hoyde_moh": 586, "arealInnsjo_km2": 2.3293, "magasinKategori": null, "fid_2": 1132, "id": 1132, "left": 17.986919847, "top": 68.946110046000001, "right": 18.486919847, "bottom": 68.446110046000001, "row_index": 11, "col_index": 28, "tile_id": 1132 }, "geometry": { "type": "MultiPolygon", "coordinates": [ [ [ [ 18.001656756237239, 68.798997551984684 ], [ 18.002272829979937, 68.798808264996183 ], [ 18.002663608499155, 68.79842195611981 ], [ 18.003231057319347, 68.798276797908301 ], [ 18.004054814573159, 68.797756324739936 ], [ 18.004227817461164, 68.797344511613346 ], [ 18.004142523622999, 68.79698503392062 ], [ 18.003774463390577, 68.796786684134076 ], [ 18.003835209437895, 68.796533338476323 ], [ 18.003425828715844, 68.796427380884964 ], [ 18.003003717092874, 68.796451104335304 ], [ 18.002419414734863, 68.796829169578871 ], [ 18.001252702978661, 68.797181000108608 ], [ 17.999982486267442, 68.797376288711988 ], [ 17.99968647468777, 68.797158431777291 ], [ 17.999940417644488, 68.796840444505037 ], [ 18.001703977165391, 68.796708335929864 ], [ 18.001642544838575, 68.796516046410062 ], [ 18.002016208582923, 68.796333742335335 ], [ 18.001977742102476, 68.796223370688509 ], [ 18.002604711321577, 68.796208950994028 ], [ 18.003112114495995, 68.795902451014541 ], [ 18.003064009617123, 68.795647352193498 ], [ 18.001893486990024, 68.795193698861965 ], [ 18.002438475555202, 68.794835093952798 ], [ 18.004210332520312, 68.794406011019831 ], [ 18.003970573423974, 68.793732809782639 ], [ 18.004583381656815, 68.79395905217585 ], [ 18.005231398990603, 68.793935720185715 ], [ 18.005271712069494, 68.793780860677487 ], [ 18.006728532418983, 68.793298707955927 ], [ 18.007072052760741, 68.793000576002953 ], [ 18.012496542188561, 68.791339773014727 ], [ 18.012687473906013, 68.791056278910332 ], [ 18.013081994988106, 68.790945039057178 ], [ 18.013039218351413, 68.790698914131397 ], [ 18.016082600483649, 68.789561836576411 ], [ 18.016179943312871, 68.789276052066526 ], [ 18.015879898767263, 68.789074543765253 ], [ 18.016615752215284, 68.788840873076239 ], [ 18.016918930306964, 68.788383902700104 ], [ 18.017481012649771, 68.788070186359747 ], [ 18.021165578404759, 68.787693677230834 ], [ 18.024439134619165, 68.787870352630847 ], [ 18.025312213728245, 68.787638593452598 ], [ 18.026734124602701, 68.787973223163931 ], [ 18.027006487788327, 68.787959832143059 ], [ 18.026959058391899, 68.787798990080304 ], [ 18.02718959395926, 68.787693246446537 ], [ 18.027956499418465, 68.787637805998429 ], [ 18.028775839295957, 68.787929133034709 ], [ 18.02939970425998, 68.787959195522319 ], [ 18.029640557588579, 68.787572619913476 ], [ 18.030580552746066, 68.78740849620533 ], [ 18.030812192560674, 68.786889032978465 ], [ 18.032931389346665, 68.787093895842133 ], [ 18.032851150775468, 68.786919995496774 ], [ 18.033440921988458, 68.786458581395465 ], [ 18.034767044509916, 68.786254396381054 ], [ 18.035099211857389, 68.786043667330219 ], [ 18.035133875768157, 68.785841765067829 ], [ 18.0367165018008, 68.785127432733674 ], [ 18.036636918330142, 68.784873170899075 ], [ 18.036349494304776, 68.784754156157007 ], [ 18.036436849581385, 68.784567918582368 ], [ 18.038143997306772, 68.784368730765408 ], [ 18.039196120535081, 68.784534994725021 ], [ 18.039858604881221, 68.783988578529005 ], [ 18.039760103007971, 68.783659602434767 ], [ 18.039160140173458, 68.783480837890124 ], [ 18.039432400325239, 68.7832367880373 ], [ 18.047154964594572, 68.783023724778573 ], [ 18.047976728972003, 68.782784056183388 ], [ 18.051010634452965, 68.782669686286852 ], [ 18.051162293682442, 68.782550244246934 ], [ 18.051101948630428, 68.782384970354599 ], [ 18.050206239508832, 68.782081477540189 ], [ 18.050158581021524, 68.781949013715376 ], [ 18.05233979532294, 68.781581879421495 ], [ 18.05173937644043, 68.781199638327507 ], [ 18.052329099524759, 68.780846513953051 ], [ 18.052451425079219, 68.780549567189524 ], [ 18.051017262314026, 68.780800911917595 ], [ 18.050720730491363, 68.780313902408281 ], [ 18.050858190963485, 68.780060317139714 ], [ 18.05069204521989, 68.779914993021677 ], [ 18.05085914382671, 68.779788988568285 ], [ 18.050676932358481, 68.779277117641314 ], [ 18.049658727564825, 68.779085987031323 ], [ 18.048864014748609, 68.778757060348568 ], [ 18.048753734555198, 68.778494825501866 ], [ 18.047513589544568, 68.777980162637434 ], [ 18.04510774293195, 68.778114439594233 ], [ 18.044918872928505, 68.778293349589262 ], [ 18.044142680681279, 68.778443126863834 ], [ 18.043389141301788, 68.778166226235541 ], [ 18.043113194526747, 68.777849954201756 ], [ 18.041373373113082, 68.777284158316576 ], [ 18.040687860185606, 68.777357597289864 ], [ 18.039610711620082, 68.777887217377 ], [ 18.03862865929587, 68.77797952200028 ], [ 18.036917798294713, 68.777991781462177 ], [ 18.035639722048554, 68.777797953544223 ], [ 18.034048143662172, 68.777291107500275 ], [ 18.031869727747431, 68.77740496502777 ], [ 18.030320917690304, 68.776971117743543 ], [ 18.028832452076838, 68.776856325119155 ], [ 18.025393912981979, 68.777158522842157 ], [ 18.024175187059328, 68.777403818396763 ], [ 18.020358499132126, 68.777261529594981 ], [ 18.018109874309015, 68.777338574633532 ], [ 18.016087469410788, 68.777145107006348 ], [ 18.012470903015014, 68.777568622352788 ], [ 18.01134037772357, 68.778571045212487 ], [ 18.010409242047658, 68.778623047270855 ], [ 18.009721485957854, 68.778999573082729 ], [ 18.009674143579371, 68.779532517519471 ], [ 18.009098057885701, 68.779842687799217 ], [ 18.008983030211208, 68.780503776824631 ], [ 18.00872672030421, 68.780739679650836 ], [ 18.008965039451194, 68.780905754858267 ], [ 18.009625934440454, 68.780923648279469 ], [ 18.009629643147726, 68.781255126042424 ], [ 18.009393541169814, 68.781600108254153 ], [ 18.008315935019063, 68.782254132323672 ], [ 18.007476901493824, 68.782233288918931 ], [ 18.007173199073961, 68.782368223541937 ], [ 18.007495548482485, 68.783056743465579 ], [ 18.00640816797009, 68.783566028339294 ], [ 18.00446510263971, 68.785062296131002 ], [ 18.001301659562742, 68.786073540535085 ], [ 17.999503610781922, 68.785906956088724 ], [ 17.998790557076148, 68.786029005971869 ], [ 17.997856171368131, 68.786451045902638 ], [ 17.997791385182861, 68.786884370495088 ], [ 17.997284775439685, 68.787263830186433 ], [ 17.997356321870388, 68.78899190947952 ], [ 17.997796727392924, 68.789237290723321 ], [ 17.998660453891443, 68.790560750682175 ], [ 17.99919865532177, 68.791080459275292 ], [ 18.000736778303605, 68.791428869821445 ], [ 18.00078998479902, 68.791773474639825 ], [ 18.000665521062686, 68.791940684552372 ], [ 18.000283022229048, 68.79210482875726 ], [ 17.99983371242871, 68.792009086565798 ], [ 17.998694689745331, 68.792230059045835 ], [ 17.997612555304983, 68.792779314188621 ], [ 17.997037719950939, 68.793198131322583 ], [ 17.997238544169168, 68.793464626575584 ], [ 17.997044886547968, 68.793547410407797 ], [ 17.997151920740905, 68.793807932296744 ], [ 17.99680889601682, 68.793963649490806 ], [ 17.99567810189059, 68.79372956297486 ], [ 17.994102980594846, 68.793826864003989 ], [ 17.993971983319877, 68.794176157674869 ], [ 17.993474295701233, 68.794664072694161 ], [ 17.991962048481412, 68.795147981398571 ], [ 17.991737776202697, 68.795348096022522 ], [ 17.991828565375751, 68.795746262776561 ], [ 17.992623397054484, 68.796439039643062 ], [ 17.992772538071371, 68.796874420803093 ], [ 17.993234738531566, 68.797341624142746 ], [ 17.994472391399892, 68.797752854507522 ], [ 17.995802558992938, 68.797893296383293 ], [ 17.997399634306749, 68.798296901443678 ], [ 17.998061469668599, 68.79811211808402 ], [ 17.999673236616989, 68.798284181259248 ], [ 17.999875525788244, 68.798345960390066 ], [ 17.999921355301915, 68.799016221748573 ], [ 18.001656756237239, 68.798997551984684 ] ], [ [ 17.996210267728308, 68.797683382529215 ], [ 17.996295954891103, 68.797583116101222 ], [ 17.996717777453444, 68.797584641744109 ], [ 17.996210267728308, 68.797683382529215 ] ], [ [ 17.997629079795942, 68.798089326065721 ], [ 17.997466105096596, 68.797984296131176 ], [ 17.997953718102341, 68.797921903203161 ], [ 17.997629079795942, 68.798089326065721 ] ] ] ] } },
{ "type": "Feature", "properties": { "fid": 242395, "navn": "Løskålvatnet", "hoyde_moh": 5, "arealInnsjo_km2": 0.0105, "magasinKategori": null, "fid_2": 1132, "id": 1132, "left": 17.986919847, "top": 68.946110046000001, "right": 18.486919847, "bottom": 68.446110046000001, "row_index": 11, "col_index": 28, "tile_id": 1132 }, "geometry": { "type": "MultiPolygon", "coordinates": [ [ [ [ 17.989397914668505, 68.860893594996398 ], [ 17.98925962191403, 68.86072213332902 ], [ 17.989684363268022, 68.860568692472697 ], [ 17.989836380507949, 68.860156289065046 ], [ 17.989495503449497, 68.860050154573059 ], [ 17.989062698560762, 68.860171418076632 ], [ 17.98769172659096, 68.860135724102264 ], [ 17.986919847, 68.860561493555096 ], [ 17.986919847, 68.860831153710279 ], [ 17.987639101262584, 68.861043817861429 ], [ 17.988740704595063, 68.861071679639181 ], [ 17.989397914668505, 68.860893594996398 ] ] ] ] } },
{ "type": "Feature", "properties": { "fid": 242401, "navn": null, "hoyde_moh": 392, "arealInnsjo_km2": 0.0026, "magasinKategori": null, "fid_2": 1132, "id": 1132, "left": 17.986919847, "top": 68.946110046000001, "right": 18.486919847, "bottom": 68.446110046000001, "row_index": 11, "col_index": 28, "tile_id": 1132 }, "geometry": { "type": "MultiPolygon", "coordinates": [ [ [ [ 17.990517916584569, 68.519634993708436 ], [ 17.990416984015734, 68.519431741110438 ], [ 17.991766121806311, 68.519200761710394 ], [ 17.991622023193536, 68.51904146195875 ], [ 17.991044190130136, 68.519008128793814 ], [ 17.989327922274914, 68.5196181266313 ], [ 17.990517916584569, 68.519634993708436 ] ] ] ] } },
{ "type": "Feature", "properties": { "fid": 242425, "navn": "Råggejavrit", "hoyde_moh": 790, "arealInnsjo_km2": 0.1466, "magasinKategori": null, "fid_2": 1132, "id": 1132, "left": 17.986919847, "top": 68.946110046000001, "right": 18.486919847, "bottom": 68.446110046000001, "row_index": 11, "col_index": 28, "tile_id": 1132 }, "geometry": { "type": "MultiPolygon", "coordinates": [ [ [ [ 17.987152930063502, 68.752414959186623 ], [ 17.987149474429007, 68.752230442562691 ], [ 17.986919847, 68.75210339138826 ], [ 17.986919847, 68.752499871347538 ], [ 17.987152930063502, 68.752414959186623 ] ] ], [ [ [ 17.988717123478889, 68.749545793318816 ], [ 17.989277710941302, 68.749245563590094 ], [ 17.989638920554881, 68.748831695813891 ], [ 17.989449079310731, 68.748477293570176 ], [ 17.988816728380645, 68.748216528889955 ], [ 17.987715567351806, 68.74808388585609 ], [ 17.986919847, 68.748128583609443 ], [ 17.986919847, 68.749915129817225 ], [ 17.988717123478889, 68.749545793318816 ] ] ] ] } },
{ "type": "Feature", "properties": { "fid": 242626, "navn": null, "hoyde_moh": 611, "arealInnsjo_km2": 0.0041, "magasinKategori": null, "fid_2": 1132, "id": 1132, "left": 17.986919847, "top": 68.946110046000001, "right": 18.486919847, "bottom": 68.446110046000001, "row_index": 11, "col_index": 28, "tile_id": 1132 }, "geometry": { "type": "MultiPolygon", "coordinates": [ [ [ [ 17.993150485104838, 68.828021825795929 ], [ 17.993158665709863, 68.827846800173305 ], [ 17.992806432882347, 68.827520302579501 ], [ 17.991476741346695, 68.827201151106948 ], [ 17.991524526569961, 68.827474571227043 ], [ 17.992089480357073, 68.827956942895526 ], [ 17.993150485104838, 68.828021825795929 ] ] ] ] } },
{ "type": "Feature", "properties": { "fid": 244542, "navn": null, "hoyde_moh": 585, "arealInnsjo_km2": 0.014, "magasinKategori": null, "fid_2": 1132, "id": 1132, "left": 17.986919847, "top": 68.946110046000001, "right": 18.486919847, "bottom": 68.446110046000001, "row_index": 11, "col_index": 28, "tile_id": 1132 }, "geometry": { "type": "MultiPolygon", "coordinates": [ [ [ [ 17.996627257171255, 68.800446841089155 ], [ 17.996860880998529, 68.800350963672997 ], [ 17.996778962352419, 68.800194136988637 ], [ 17.997649526161968, 68.800079733352774 ], [ 17.998208639161064, 68.799864895138569 ], [ 17.998333811497371, 68.799623431308945 ], [ 17.999315275275443, 68.799560923698976 ], [ 17.999519350440565, 68.799385933912504 ], [ 17.998733041757578, 68.799080415024648 ], [ 17.997806488180711, 68.798959615391652 ], [ 17.997935587062596, 68.798563399450543 ], [ 17.996941504883949, 68.798589045419803 ], [ 17.996939958849389, 68.798721042456577 ], [ 17.996619782508148, 68.798759826024337 ], [ 17.997022648857666, 68.798916728105581 ], [ 17.996976679206448, 68.799260033139333 ], [ 17.996195921408248, 68.799109446905888 ], [ 17.99569545310257, 68.799181577511959 ], [ 17.996061546392173, 68.799288318494362 ], [ 17.996091184828586, 68.799419854426773 ], [ 17.995911032237384, 68.799494676878865 ], [ 17.996473414364402, 68.799692214330918 ], [ 17.996516809701038, 68.800001172513532 ], [ 17.996116531516808, 68.800167144904137 ], [ 17.996279784310509, 68.80043053491994 ], [ 17.996135297311067, 68.800578612575947 ], [ 17.996619482434031, 68.800602558999614 ], [ 17.996627257171255, 68.800446841089155 ] ], [ [ 17.997177743174813, 68.799496629715051 ], [ 17.997497179738446, 68.799448611452888 ], [ 17.997471529569498, 68.799609672797246 ], [ 17.997026696122585, 68.799717362686252 ], [ 17.997177743174813, 68.799496629715051 ] ] ] ] } },
{ "type": "Feature", "properties": { "fid": 268125, "navn": "Fiskelausvatnet", "hoyde_moh": 441, "arealInnsjo_km2": 0.2946, "magasinKategori": 1, "fid_2": 1132, "id": 1132, "left": 17.986919847, "top": 68.946110046000001, "right": 18.486919847, "bottom": 68.446110046000001, "row_index": 11, "col_index": 28, "tile_id": 1132 }, "geometry": { "type": "MultiPolygon", "coordinates": [ [ [ [ 18.000121823189009, 68.485147371939874 ], [ 17.999747753493097, 68.484908972790095 ], [ 18.000551192905551, 68.48454454825638 ], [ 18.001543636241731, 68.484338245802462 ], [ 18.001439775544782, 68.484132718295868 ], [ 18.001798812922683, 68.483970882979392 ], [ 18.000609369630006, 68.484096951053772 ], [ 18.000954283718379, 68.483994444396373 ], [ 18.000327985087093, 68.483503079061066 ], [ 17.998561740551519, 68.482686643956313 ], [ 17.998187447196532, 68.481979964755979 ], [ 17.998356526449495, 68.481591972529301 ], [ 17.999223788090955, 68.4810514338063 ], [ 18.001225474670338, 68.480342355370553 ], [ 18.001476215608829, 68.480024719023049 ], [ 18.001378899191693, 68.479606928892551 ], [ 18.000387563304663, 68.479085383289259 ], [ 18.000478678816059, 68.478882200284289 ], [ 17.99989612537027, 68.478778072703022 ], [ 18.000238890332078, 68.478118621890317 ], [ 18.000091783271788, 68.47801980636514 ], [ 17.998874496452054, 68.478195384008956 ], [ 17.998527263275918, 68.478427209339372 ], [ 17.998512526929879, 68.478598051064452 ], [ 17.997822211545135, 68.478842566806662 ], [ 17.997699142952872, 68.4790354564513 ], [ 17.996473804475524, 68.479184046666163 ], [ 17.99608063658777, 68.479025525866362 ], [ 17.995004411141096, 68.479446877316946 ], [ 17.992652187304092, 68.479716393954561 ], [ 17.991482021818197, 68.480741985200325 ], [ 17.990375696736798, 68.481121915533308 ], [ 17.990757726272768, 68.481547287367746 ], [ 17.989855704075261, 68.481828673060122 ], [ 17.989959622963926, 68.482100191371131 ], [ 17.989845127261301, 68.482179262828225 ], [ 17.988232875336426, 68.482597199604655 ], [ 17.986919847, 68.482451279100587 ], [ 17.986919847, 68.484305375096042 ], [ 17.987276524870925, 68.484328632773654 ], [ 17.988266481221345, 68.484050992219878 ], [ 17.989061876865179, 68.484107016057081 ], [ 17.992605843069136, 68.484861923283475 ], [ 17.994783219609307, 68.485014621542035 ], [ 17.995366217472419, 68.485394019330712 ], [ 17.995524422199139, 68.48567219640762 ], [ 17.996691230862375, 68.485662294279706 ], [ 18.000121823189009, 68.485147371939874 ] ], [ [ 17.993083759754299, 68.480953004138271 ], [ 17.992365449526574, 68.481343434927183 ], [ 17.991884920800832, 68.481180807934322 ], [ 17.991973559611342, 68.480984139065114 ], [ 17.992628819587125, 68.480804466301578 ], [ 17.993083759754299, 68.480953004138271 ] ] ] ] } },
{ "type": "Feature", "properties": { "fid": 269343, "navn": null, "hoyde_moh": 488, "arealInnsjo_km2": 0.0113, "magasinKategori": null, "fid_2": 1132, "id": 1132, "left": 17.986919847, "top": 68.946110046000001, "right": 18.486919847, "bottom": 68.446110046000001, "row_index": 11, "col_index": 28, "tile_id": 1132 }, "geometry": { "type": "MultiPolygon", "coordinates": [ [ [ [ 18.123171777044952, 68.519838386723592 ], [ 18.122626948559766, 68.519412709004428 ], [ 18.121005650477109, 68.519086420435599 ], [ 18.120340740339394, 68.519013308889996 ], [ 18.119226795070613, 68.519372057115078 ], [ 18.12083000962549, 68.519431498582662 ], [ 18.12141319479786, 68.520074917258242 ], [ 18.121647043080582, 68.520146705674804 ], [ 18.123068214325645, 68.52026562837402 ], [ 18.123907568409685, 68.520499291726239 ], [ 18.124422919073158, 68.520381013534504 ], [ 18.123171777044952, 68.519838386723592 ] ] ] ] } },
{ "type": "Feature", "properties": { "fid": 269350, "navn": null, "hoyde_moh": 610, "arealInnsjo_km2": 0.0137, "magasinKategori": null, "fid_2": 1132, "id": 1132, "left": 17.986919847, "top": 68.946110046000001, "right": 18.486919847, "bottom": 68.446110046000001, "row_index": 11, "col_index": 28, "tile_id": 1132 }, "geometry": { "type": "MultiPolygon", "coordinates": [ [ [ [ 18.118024170292337, 68.491441360741277 ], [ 18.117971803072159, 68.491140117895227 ], [ 18.116807135303151, 68.491107634082326 ], [ 18.116466671757021, 68.490881509873262 ], [ 18.115580257193713, 68.490755496577719 ], [ 18.115336196510942, 68.490545266380053 ], [ 18.114738070196182, 68.4905137323193 ], [ 18.114698792294202, 68.491245221671889 ], [ 18.114908490413814, 68.491589421900571 ], [ 18.114535774696531, 68.492017976344115 ], [ 18.114896867341429, 68.492106350193154 ], [ 18.116295062922699, 68.491921268079622 ], [ 18.117392425516613, 68.491497911648992 ], [ 18.118024170292337, 68.491441360741277 ] ] ] ] } },
{ "type": "Feature", "properties": { "fid": 269365, "navn": null, "hoyde_moh": 491, "arealInnsjo_km2": 0.0032, "magasinKategori": null, "fid_2": 1132, "id": 1132, "left": 17.986919847, "top": 68.946110046000001, "right": 18.486919847, "bottom": 68.446110046000001, "row_index": 11, "col_index": 28, "tile_id": 1132 }, "geometry": { "type": "MultiPolygon", "coordinates": [ [ [ [ 18.124335753170495, 68.521818033953579 ], [ 18.123839966003857, 68.521561170032442 ], [ 18.124488493944362, 68.521223042134096 ], [ 18.12397642619133, 68.521217582579723 ], [ 18.123464996109181, 68.521511932188361 ], [ 18.123485196323596, 68.521657719474376 ], [ 18.123314627169812, 68.521669143105825 ], [ 18.123289923993816, 68.521528192841473 ], [ 18.123080317701387, 68.521663359208574 ], [ 18.123325807121045, 68.521856139083951 ], [ 18.123121465627623, 68.52197450743148 ], [ 18.122222643631009, 68.522089993409864 ], [ 18.123414729574161, 68.522239752815707 ], [ 18.123227732062638, 68.522014729118993 ], [ 18.124335753170495, 68.521818033953579 ] ] ] ] } },
{ "type": "Feature", "properties": { "fid": 269603, "navn": null, "hoyde_moh": 652, "arealInnsjo_km2": 0.0309, "magasinKategori": null, "fid_2": 1132, "id": 1132, "left": 17.986919847, "top": 68.946110046000001, "right": 18.486919847, "bottom": 68.446110046000001, "row_index": 11, "col_index": 28, "tile_id": 1132 }, "geometry": { "type": "MultiPolygon", "coordinates": [ [ [ [ 18.115495906478067, 68.501134947165241 ], [ 18.116237090062601, 68.501273362517921 ], [ 18.11863306901898, 68.501099176671616 ], [ 18.119844399028654, 68.5011621525517 ], [ 18.120096568250045, 68.500859674454603 ], [ 18.119724482183326, 68.500584740029467 ], [ 18.119537420671474, 68.500119501568633 ], [ 18.119217906365787, 68.500000104551788 ], [ 18.11926988777833, 68.499855571260113 ], [ 18.117869324686673, 68.499810775177011 ], [ 18.117041518273766, 68.500147144690814 ], [ 18.118209866231705, 68.500580186797976 ], [ 18.117896368379032, 68.500736405339367 ], [ 18.118077877908775, 68.500847237411264 ], [ 18.113798174346204, 68.5010159969071 ], [ 18.113129763670873, 68.500501817849837 ], [ 18.112516620443294, 68.50032069984546 ], [ 18.112264359252229, 68.50000009138482 ], [ 18.111970362030597, 68.49998911648386 ], [ 18.111822195932291, 68.499566017020243 ], [ 18.110614285072757, 68.498913874220435 ], [ 18.110423268776348, 68.499348113987068 ], [ 18.110756399072798, 68.499515219312912 ], [ 18.110059156461645, 68.499703859562615 ], [ 18.109816345303781, 68.500042989361035 ], [ 18.110559565269106, 68.500313913024485 ], [ 18.110876765891735, 68.500130974175221 ], [ 18.111740480673912, 68.500073918888631 ], [ 18.112320040729355, 68.50090076594644 ], [ 18.11282822331103, 68.500945474745407 ], [ 18.113049588625124, 68.501128926290349 ], [ 18.113119909953877, 68.501533986806535 ], [ 18.113778211170029, 68.501554268286796 ], [ 18.114149786978174, 68.501327306666028 ], [ 18.115495906478067, 68.501134947165241 ] ] ] ] } },
{ "type": "Feature", "properties": { "fid": 269604, "navn": null, "hoyde_moh": 629, "arealInnsjo_km2": 0.0029, "magasinKategori": null, "fid_2": 1132, "id": 1132, "left": 17.986919847, "top": 68.946110046000001, "right": 18.486919847, "bottom": 68.446110046000001, "row_index": 11, "col_index": 28, "tile_id": 1132 }, "geometry": { "type": "MultiPolygon", "coordinates": [ [ [ [ 18.117701545132707, 68.494719758511849 ], [ 18.117184661964281, 68.494885774226802 ], [ 18.119061813724212, 68.495008479284053 ], [ 18.119745682506689, 68.494727795290757 ], [ 18.117701545132707, 68.494719758511849 ] ] ] ] } },
{ "type": "Feature", "properties": { "fid": 269605, "navn": "Goržejávri", "hoyde_moh": 930, "arealInnsjo_km2": 0.8098, "magasinKategori": null, "fid_2": 1132, "id": 1132, "left": 17.986919847, "top": 68.946110046000001, "right": 18.486919847, "bottom": 68.446110046000001, "row_index": 11, "col_index": 28, "tile_id": 1132 }, "geometry": { "type": "MultiPolygon", "coordinates": [ [ [ [ 18.267074909094205, 68.565393391443109 ], [ 18.273877315378645, 68.565153743388535 ], [ 18.274384429479664, 68.565018333292116 ], [ 18.274860998032768, 68.564325891868791 ], [ 18.277316308685862, 68.563907904582365 ], [ 18.278000943817101, 68.563928048182589 ], [ 18.277821525506123, 68.564194376499785 ], [ 18.278048046787205, 68.564350602186352 ], [ 18.279476137569787, 68.564310893589493 ], [ 18.280336958206245, 68.564091429586881 ], [ 18.281696984778268, 68.562991472278171 ], [ 18.281885027403405, 68.562653403774718 ], [ 18.281528425645103, 68.562354344462364 ], [ 18.279521408813014, 68.561863726016185 ], [ 18.279062966534539, 68.561525792568204 ], [ 18.277094294593155, 68.561295791847314 ], [ 18.276828241693778, 68.56094206924783 ], [ 18.276066853356937, 68.560716172170089 ], [ 18.272138213143329, 68.56008561495068 ], [ 18.271912834257424, 68.559812506329465 ], [ 18.270757166897457, 68.559635432789506 ], [ 18.270123975071321, 68.558763951323328 ], [ 18.268213688351398, 68.5584875036445 ], [ 18.267755361380274, 68.558282592658628 ], [ 18.267558669975092, 68.55800132043413 ], [ 18.267147835801399, 68.558123346554979 ], [ 18.264945063771847, 68.557710001111062 ], [ 18.26588641534585, 68.558290413009587 ], [ 18.265718984797772, 68.558478980098414 ], [ 18.264459596229013, 68.558660250654853 ], [ 18.264458142337183, 68.558852432690628 ], [ 18.262770237830733, 68.558581341627814 ], [ 18.262543204835673, 68.558341094062769 ], [ 18.261948077455013, 68.558267117698279 ], [ 18.261800612841618, 68.558056158296978 ], [ 18.261305863781885, 68.558137033982902 ], [ 18.261246707871631, 68.55826647484875 ], [ 18.261654628448667, 68.55840215313431 ], [ 18.262138999464199, 68.558966893757812 ], [ 18.260228119852393, 68.558944799611226 ], [ 18.260472769422066, 68.559352655748469 ], [ 18.259483745451167, 68.559417365413353 ], [ 18.257573023833388, 68.55999658485932 ], [ 18.25580903265541, 68.560174255793896 ], [ 18.255010594532589, 68.560484422882936 ], [ 18.254392053810989, 68.560932078124736 ], [ 18.254675301547742, 68.561223899231194 ], [ 18.254490098631731, 68.561535117412561 ], [ 18.253704754472704, 68.561737720667438 ], [ 18.253205785089719, 68.561603889371042 ], [ 18.252102384823477, 68.561998781843087 ], [ 18.251720356080391, 68.562315600211349 ], [ 18.251714532028696, 68.562764319454232 ], [ 18.251097730891178, 68.563795492107502 ], [ 18.251080753969649, 68.564737750022573 ], [ 18.251386542476215, 68.565047907480334 ], [ 18.251617349175557, 68.565769869458265 ], [ 18.252290705608388, 68.566884915062261 ], [ 18.253866297319998, 68.567853196853648 ], [ 18.254776266401571, 68.568038605024327 ], [ 18.25582842819427, 68.568064745019711 ], [ 18.257110043993205, 68.567618878695455 ], [ 18.263324278336412, 68.566571156927196 ], [ 18.267074909094205, 68.565393391443109 ] ] ] ] } }
]
}
