{
"type": "FeatureCollection",
"name": "innsjo_tile_id_464",
"crs": { "type": "name", "properties": { "name": "urn:ogc:def:crs:OGC:1.3:CRS84" } },
"xy_coordinate_resolution": 1e-15,
"features": [
{ "type": "Feature", "properties": { "fid": 9699, "navn": null, "hoyde_moh": 1377, "arealInnsjo_km2": 0.0038, "magasinKategori": null, "fid_2": 464, "id": 464, "left": 9.486919847, "top": 62.946110046000001, "right": 9.986919847, "bottom": 62.446110046000001, "row_index": 23, "col_index": 11, "tile_id": 464 }, "geometry": { "type": "MultiPolygon", "coordinates": [ [ [ [ 9.656200158175398, 62.691547495795334 ], [ 9.655865033164583, 62.691414390088731 ], [ 9.655225353957114, 62.691641736097999 ], [ 9.65356468593297, 62.691640481081073 ], [ 9.653804553587092, 62.691890802218268 ], [ 9.655619971377508, 62.691819497764669 ], [ 9.656200158175398, 62.691547495795334 ] ] ] ] } },
{ "type": "Feature", "properties": { "fid": 9855, "navn": null, "hoyde_moh": 1150, "arealInnsjo_km2": 0.0033, "magasinKategori": null, "fid_2": 464, "id": 464, "left": 9.486919847, "top": 62.946110046000001, "right": 9.986919847, "bottom": 62.446110046000001, "row_index": 23, "col_index": 11, "tile_id": 464 }, "geometry": { "type": "MultiPolygon", "coordinates": [ [ [ [ 9.540328880106872, 62.502073378359874 ], [ 9.540408472413166, 62.501778347732412 ], [ 9.539893328994319, 62.501694256827435 ], [ 9.539102713596089, 62.50201702633926 ], [ 9.539803082761567, 62.502314828714468 ], [ 9.540328880106872, 62.502073378359874 ] ] ] ] } },
{ "type": "Feature", "properties": { "fid": 9935, "navn": null, "hoyde_moh": 1162, "arealInnsjo_km2": 0.0029, "magasinKategori": null, "fid_2": 464, "id": 464, "left": 9.486919847, "top": 62.946110046000001, "right": 9.986919847, "bottom": 62.446110046000001, "row_index": 23, "col_index": 11, "tile_id": 464 }, "geometry": { "type": "MultiPolygon", "coordinates": [ [ [ [ 9.621016333792904, 62.728815524701055 ], [ 9.621809892483347, 62.728886040972085 ], [ 9.621951544640087, 62.728755599767148 ], [ 9.621809335254181, 62.728590142928098 ], [ 9.620783883059286, 62.728580370807308 ], [ 9.619973644534015, 62.728858267215834 ], [ 9.619810883156864, 62.729030189745238 ], [ 9.619964995431337, 62.729116377595041 ], [ 9.621016333792904, 62.728815524701055 ] ] ] ] } },
{ "type": "Feature", "properties": { "fid": 9960, "navn": null, "hoyde_moh": 1285, "arealInnsjo_km2": 0.0028, "magasinKategori": null, "fid_2": 464, "id": 464, "left": 9.486919847, "top": 62.946110046000001, "right": 9.986919847, "bottom": 62.446110046000001, "row_index": 23, "col_index": 11, "tile_id": 464 }, "geometry": { "type": "MultiPolygon", "coordinates": [ [ [ [ 9.599701221003746, 62.710727038332813 ], [ 9.599889923881539, 62.710390919965675 ], [ 9.599381051936351, 62.710164226812466 ], [ 9.599036837778904, 62.710192342993089 ], [ 9.598883443302332, 62.710794929680652 ], [ 9.599701221003746, 62.710727038332813 ] ] ] ] } },
{ "type": "Feature", "properties": { "fid": 9963, "navn": null, "hoyde_moh": 1157, "arealInnsjo_km2": 0.0134, "magasinKategori": null, "fid_2": 464, "id": 464, "left": 9.486919847, "top": 62.946110046000001, "right": 9.986919847, "bottom": 62.446110046000001, "row_index": 23, "col_index": 11, "tile_id": 464 }, "geometry": { "type": "MultiPolygon", "coordinates": [ [ [ [ 9.620804469683184, 62.73088554595617 ], [ 9.621793862107991, 62.730714947393274 ], [ 9.622031129478, 62.730268903825809 ], [ 9.621693320050303, 62.730190873243238 ], [ 9.621670061106537, 62.729934507593839 ], [ 9.620882974635332, 62.73016488607535 ], [ 9.619351928269669, 62.730210647480583 ], [ 9.61911999007099, 62.730295144436035 ], [ 9.618856393295538, 62.730731534095028 ], [ 9.618295926823361, 62.730924621411909 ], [ 9.619493056370608, 62.730907618724565 ], [ 9.620234136255387, 62.731148901602054 ], [ 9.620804469683184, 62.73088554595617 ] ] ] ] } },
{ "type": "Feature", "properties": { "fid": 9981, "navn": null, "hoyde_moh": 1078, "arealInnsjo_km2": 0.0024, "magasinKategori": null, "fid_2": 464, "id": 464, "left": 9.486919847, "top": 62.946110046000001, "right": 9.986919847, "bottom": 62.446110046000001, "row_index": 23, "col_index": 11, "tile_id": 464 }, "geometry": { "type": "MultiPolygon", "coordinates": [ [ [ [ 9.501043928592756, 62.707228935726803 ], [ 9.501222092890519, 62.707001671716235 ], [ 9.500712819902311, 62.706744431345037 ], [ 9.500244113040271, 62.706762824966354 ], [ 9.500354584589314, 62.707290140532479 ], [ 9.501043928592756, 62.707228935726803 ] ] ] ] } },
{ "type": "Feature", "properties": { "fid": 15334, "navn": null, "hoyde_moh": 1080, "arealInnsjo_km2": 0.0028, "magasinKategori": null, "fid_2": 464, "id": 464, "left": 9.486919847, "top": 62.946110046000001, "right": 9.986919847, "bottom": 62.446110046000001, "row_index": 23, "col_index": 11, "tile_id": 464 }, "geometry": { "type": "MultiPolygon", "coordinates": [ [ [ [ 9.845063727492997, 62.500826490010176 ], [ 9.845043344791348, 62.500617098689901 ], [ 9.844663347773654, 62.50040915505086 ], [ 9.844066042709583, 62.500468651895133 ], [ 9.84445549439673, 62.501015409087813 ], [ 9.844742872669308, 62.501131216857516 ], [ 9.845063727492997, 62.500826490010176 ] ] ] ] } },
{ "type": "Feature", "properties": { "fid": 15430, "navn": null, "hoyde_moh": 1339, "arealInnsjo_km2": 0.0069, "magasinKategori": null, "fid_2": 464, "id": 464, "left": 9.486919847, "top": 62.946110046000001, "right": 9.986919847, "bottom": 62.446110046000001, "row_index": 23, "col_index": 11, "tile_id": 464 }, "geometry": { "type": "MultiPolygon", "coordinates": [ [ [ [ 9.828985164251222, 62.550285594777257 ], [ 9.829557179079032, 62.550227356599514 ], [ 9.829850796923861, 62.54958694977784 ], [ 9.828668995034329, 62.549363918667026 ], [ 9.828418561546613, 62.549686531980271 ], [ 9.828470708335518, 62.550639176352426 ], [ 9.828689457617886, 62.550630912095372 ], [ 9.828985164251222, 62.550285594777257 ] ] ] ] } },
{ "type": "Feature", "properties": { "fid": 15435, "navn": null, "hoyde_moh": 1067, "arealInnsjo_km2": 0.0052, "magasinKategori": null, "fid_2": 464, "id": 464, "left": 9.486919847, "top": 62.946110046000001, "right": 9.986919847, "bottom": 62.446110046000001, "row_index": 23, "col_index": 11, "tile_id": 464 }, "geometry": { "type": "MultiPolygon", "coordinates": [ [ [ [ 9.911689079588454, 62.535555156581552 ], [ 9.911519429171298, 62.535214663098998 ], [ 9.910308436132322, 62.534794780468552 ], [ 9.90972364484781, 62.534792865996941 ], [ 9.910631385550994, 62.535515387686644 ], [ 9.911442011423476, 62.535723008263332 ], [ 9.911689079588454, 62.535555156581552 ] ] ] ] } },
{ "type": "Feature", "properties": { "fid": 15436, "navn": null, "hoyde_moh": 1234, "arealInnsjo_km2": 0.003, "magasinKategori": null, "fid_2": 464, "id": 464, "left": 9.486919847, "top": 62.946110046000001, "right": 9.986919847, "bottom": 62.446110046000001, "row_index": 23, "col_index": 11, "tile_id": 464 }, "geometry": { "type": "MultiPolygon", "coordinates": [ [ [ [ 9.885651095904709, 62.540817457776164 ], [ 9.885512977914638, 62.540172830077061 ], [ 9.885016742494585, 62.540132228604428 ], [ 9.884942793415167, 62.54079435924379 ], [ 9.885467270634763, 62.540950612073189 ], [ 9.885651095904709, 62.540817457776164 ] ] ] ] } },
{ "type": "Feature", "properties": { "fid": 15446, "navn": null, "hoyde_moh": 562, "arealInnsjo_km2": 0.0034, "magasinKategori": null, "fid_2": 464, "id": 464, "left": 9.486919847, "top": 62.946110046000001, "right": 9.986919847, "bottom": 62.446110046000001, "row_index": 23, "col_index": 11, "tile_id": 464 }, "geometry": { "type": "MultiPolygon", "coordinates": [ [ [ [ 9.773264830884099, 62.614970545214021 ], [ 9.772567633727219, 62.614660769076771 ], [ 9.772157216996215, 62.614716310371854 ], [ 9.772326882549914, 62.615228405144649 ], [ 9.773100296282973, 62.615179157556298 ], [ 9.773790454172472, 62.615480209627812 ], [ 9.773264830884099, 62.614970545214021 ] ] ] ] } },
{ "type": "Feature", "properties": { "fid": 15635, "navn": null, "hoyde_moh": 1308, "arealInnsjo_km2": 0.0025, "magasinKategori": null, "fid_2": 464, "id": 464, "left": 9.486919847, "top": 62.946110046000001, "right": 9.986919847, "bottom": 62.446110046000001, "row_index": 23, "col_index": 11, "tile_id": 464 }, "geometry": { "type": "MultiPolygon", "coordinates": [ [ [ [ 9.615015674764324, 62.485590907356553 ], [ 9.615463953821193, 62.485349080107774 ], [ 9.615077054839377, 62.485195265367878 ], [ 9.614289108777955, 62.485362040933367 ], [ 9.614064728873394, 62.485554214055291 ], [ 9.614064225757751, 62.485666769424007 ], [ 9.615015674764324, 62.485590907356553 ] ] ] ] } },
{ "type": "Feature", "properties": { "fid": 15647, "navn": null, "hoyde_moh": 1330, "arealInnsjo_km2": 0.0061, "magasinKategori": null, "fid_2": 464, "id": 464, "left": 9.486919847, "top": 62.946110046000001, "right": 9.986919847, "bottom": 62.446110046000001, "row_index": 23, "col_index": 11, "tile_id": 464 }, "geometry": { "type": "MultiPolygon", "coordinates": [ [ [ [ 9.616342488155617, 62.474994785138136 ], [ 9.616669401190348, 62.474770491472022 ], [ 9.615623030634426, 62.474328493112509 ], [ 9.614174910190952, 62.474507965317663 ], [ 9.615035522531638, 62.474747875057659 ], [ 9.615072168204087, 62.474852868744385 ], [ 9.614736016320693, 62.475002291649396 ], [ 9.616342488155617, 62.474994785138136 ] ] ] ] } },
{ "type": "Feature", "properties": { "fid": 18997, "navn": null, "hoyde_moh": 920, "arealInnsjo_km2": 0.0089, "magasinKategori": null, "fid_2": 464, "id": 464, "left": 9.486919847, "top": 62.946110046000001, "right": 9.986919847, "bottom": 62.446110046000001, "row_index": 23, "col_index": 11, "tile_id": 464 }, "geometry": { "type": "MultiPolygon", "coordinates": [ [ [ [ 9.534501410231945, 62.752680984123309 ], [ 9.535146296073277, 62.752357855404234 ], [ 9.53347265550277, 62.752059044319772 ], [ 9.532221122351501, 62.752418703786319 ], [ 9.532521608503174, 62.752748828217825 ], [ 9.534501410231945, 62.752680984123309 ] ] ] ] } },
{ "type": "Feature", "properties": { "fid": 19225, "navn": null, "hoyde_moh": 901, "arealInnsjo_km2": 0.0029, "magasinKategori": null, "fid_2": 464, "id": 464, "left": 9.486919847, "top": 62.946110046000001, "right": 9.986919847, "bottom": 62.446110046000001, "row_index": 23, "col_index": 11, "tile_id": 464 }, "geometry": { "type": "MultiPolygon", "coordinates": [ [ [ [ 9.824533879208479, 62.763519925902607 ], [ 9.824434293482881, 62.76297508306093 ], [ 9.824006992877107, 62.762961379894428 ], [ 9.823778397181965, 62.763206565933913 ], [ 9.823317311277934, 62.76334933044668 ], [ 9.823532221574563, 62.763555107667997 ], [ 9.824533879208479, 62.763519925902607 ] ] ] ] } },
{ "type": "Feature", "properties": { "fid": 19610, "navn": null, "hoyde_moh": 998, "arealInnsjo_km2": 0.0012, "magasinKategori": null, "fid_2": 464, "id": 464, "left": 9.486919847, "top": 62.946110046000001, "right": 9.986919847, "bottom": 62.446110046000001, "row_index": 23, "col_index": 11, "tile_id": 464 }, "geometry": { "type": "MultiPolygon", "coordinates": [ [ [ [ 9.740508575065311, 62.693757339220447 ], [ 9.740830930256246, 62.693392269470571 ], [ 9.740282088276658, 62.693438768282959 ], [ 9.740157282740826, 62.693718404871113 ], [ 9.740508575065311, 62.693757339220447 ] ] ] ] } },
{ "type": "Feature", "properties": { "fid": 19614, "navn": null, "hoyde_moh": 1150, "arealInnsjo_km2": 0.0076, "magasinKategori": null, "fid_2": 464, "id": 464, "left": 9.486919847, "top": 62.946110046000001, "right": 9.986919847, "bottom": 62.446110046000001, "row_index": 23, "col_index": 11, "tile_id": 464 }, "geometry": { "type": "MultiPolygon", "coordinates": [ [ [ [ 9.724356523920395, 62.662707586097682 ], [ 9.724454537766809, 62.662309440750292 ], [ 9.722830969238034, 62.661987249966813 ], [ 9.72237403086806, 62.662220237000959 ], [ 9.723420300007247, 62.6627526170751 ], [ 9.723217363247432, 62.662894324313996 ], [ 9.723806446259738, 62.663036040424316 ], [ 9.724356523920395, 62.662707586097682 ] ] ] ] } },
{ "type": "Feature", "properties": { "fid": 19679, "navn": null, "hoyde_moh": 1297, "arealInnsjo_km2": 0.0034, "magasinKategori": null, "fid_2": 464, "id": 464, "left": 9.486919847, "top": 62.946110046000001, "right": 9.986919847, "bottom": 62.446110046000001, "row_index": 23, "col_index": 11, "tile_id": 464 }, "geometry": { "type": "MultiPolygon", "coordinates": [ [ [ [ 9.823180128939274, 62.54290107398765 ], [ 9.822941408297677, 62.542593510793942 ], [ 9.823293947583819, 62.542364847791184 ], [ 9.823252667865491, 62.54196627671466 ], [ 9.822919321660802, 62.541851965556994 ], [ 9.822788849809676, 62.541873932957579 ], [ 9.822640356184593, 62.542971815778237 ], [ 9.822632780086218, 62.543305144383545 ], [ 9.822808116212821, 62.543324339453477 ], [ 9.823180128939274, 62.54290107398765 ] ] ] ] } },
{ "type": "Feature", "properties": { "fid": 19680, "navn": null, "hoyde_moh": 1035, "arealInnsjo_km2": 0.0027, "magasinKategori": null, "fid_2": 464, "id": 464, "left": 9.486919847, "top": 62.946110046000001, "right": 9.986919847, "bottom": 62.446110046000001, "row_index": 23, "col_index": 11, "tile_id": 464 }, "geometry": { "type": "MultiPolygon", "coordinates": [ [ [ [ 9.946920869173564, 62.552218299291368 ], [ 9.946937065034884, 62.551820362288289 ], [ 9.946596881712681, 62.551709803375992 ], [ 9.946083430267491, 62.551812559539442 ], [ 9.946265434675214, 62.552354866249047 ], [ 9.946920869173564, 62.552218299291368 ] ] ] ] } },
{ "type": "Feature", "properties": { "fid": 19694, "navn": "Olmtjønnin", "hoyde_moh": 1196, "arealInnsjo_km2": 0.0073, "magasinKategori": null, "fid_2": 464, "id": 464, "left": 9.486919847, "top": 62.946110046000001, "right": 9.986919847, "bottom": 62.446110046000001, "row_index": 23, "col_index": 11, "tile_id": 464 }, "geometry": { "type": "MultiPolygon", "coordinates": [ [ [ [ 9.812559744646489, 62.538656645770658 ], [ 9.813691896943046, 62.537893428600647 ], [ 9.812834617442819, 62.537851463076535 ], [ 9.810641260941612, 62.538658137791948 ], [ 9.812559744646489, 62.538656645770658 ] ] ] ] } },
{ "type": "Feature", "properties": { "fid": 19705, "navn": null, "hoyde_moh": 1055, "arealInnsjo_km2": 0.008, "magasinKategori": null, "fid_2": 464, "id": 464, "left": 9.486919847, "top": 62.946110046000001, "right": 9.986919847, "bottom": 62.446110046000001, "row_index": 23, "col_index": 11, "tile_id": 464 }, "geometry": { "type": "MultiPolygon", "coordinates": [ [ [ [ 9.929810894849, 62.528078025085861 ], [ 9.92776791913059, 62.527405378967231 ], [ 9.927027080596567, 62.527498433324972 ], [ 9.92700041531346, 62.527870714819642 ], [ 9.927160377542171, 62.527974143806091 ], [ 9.929447163188327, 62.528316689755457 ], [ 9.929810894849, 62.528078025085861 ] ] ] ] } },
{ "type": "Feature", "properties": { "fid": 19737, "navn": null, "hoyde_moh": 1058, "arealInnsjo_km2": 0.0102, "magasinKategori": null, "fid_2": 464, "id": 464, "left": 9.486919847, "top": 62.946110046000001, "right": 9.986919847, "bottom": 62.446110046000001, "row_index": 23, "col_index": 11, "tile_id": 464 }, "geometry": { "type": "MultiPolygon", "coordinates": [ [ [ [ 9.880679454985181, 62.519831848912155 ], [ 9.88094053511873, 62.519165076173913 ], [ 9.880563749993085, 62.518561063081137 ], [ 9.879982119823419, 62.518476902644267 ], [ 9.879644226069537, 62.51883865740087 ], [ 9.879701886172656, 62.519347732342034 ], [ 9.879377298726498, 62.519460050810373 ], [ 9.879315875242973, 62.519671103002963 ], [ 9.879577364175352, 62.519962931723384 ], [ 9.880219220666802, 62.520014038743007 ], [ 9.880679454985181, 62.519831848912155 ] ] ] ] } },
{ "type": "Feature", "properties": { "fid": 19740, "navn": null, "hoyde_moh": 615, "arealInnsjo_km2": 0.0015, "magasinKategori": null, "fid_2": 464, "id": 464, "left": 9.486919847, "top": 62.946110046000001, "right": 9.986919847, "bottom": 62.446110046000001, "row_index": 23, "col_index": 11, "tile_id": 464 }, "geometry": { "type": "MultiPolygon", "coordinates": [ [ [ [ 9.897533296612341, 62.736483062925764 ], [ 9.896529123414282, 62.73638487184769 ], [ 9.896523215570099, 62.736626389267713 ], [ 9.897026756272277, 62.736673334478979 ], [ 9.897533296612341, 62.736483062925764 ] ] ] ] } },
{ "type": "Feature", "properties": { "fid": 19748, "navn": null, "hoyde_moh": 1076, "arealInnsjo_km2": 0.0077, "magasinKategori": null, "fid_2": 464, "id": 464, "left": 9.486919847, "top": 62.946110046000001, "right": 9.986919847, "bottom": 62.446110046000001, "row_index": 23, "col_index": 11, "tile_id": 464 }, "geometry": { "type": "MultiPolygon", "coordinates": [ [ [ [ 9.900031148285915, 62.499454106512609 ], [ 9.900093442110558, 62.499151588462709 ], [ 9.900919018216646, 62.498461015439368 ], [ 9.900461383203814, 62.498209098649227 ], [ 9.899806510849006, 62.498142302839476 ], [ 9.899731440614573, 62.498543313606511 ], [ 9.899068780185932, 62.499038955385046 ], [ 9.899526251434398, 62.499367970005103 ], [ 9.899459953842353, 62.499614293714664 ], [ 9.899641024973725, 62.49968848578041 ], [ 9.900031148285915, 62.499454106512609 ] ] ] ] } },
{ "type": "Feature", "properties": { "fid": 19755, "navn": null, "hoyde_moh": 1068, "arealInnsjo_km2": 0.01, "magasinKategori": null, "fid_2": 464, "id": 464, "left": 9.486919847, "top": 62.946110046000001, "right": 9.986919847, "bottom": 62.446110046000001, "row_index": 23, "col_index": 11, "tile_id": 464 }, "geometry": { "type": "MultiPolygon", "coordinates": [ [ [ [ 9.838458760695692, 62.480350935275098 ], [ 9.838402630813386, 62.480001303736607 ], [ 9.837162179906626, 62.479618201043124 ], [ 9.836458491653119, 62.4799013322599 ], [ 9.83698291426901, 62.480747686158182 ], [ 9.837512443489485, 62.480903352810955 ], [ 9.838458760695692, 62.480350935275098 ] ] ] ] } },
{ "type": "Feature", "properties": { "fid": 19765, "navn": null, "hoyde_moh": 1065, "arealInnsjo_km2": 0.009, "magasinKategori": null, "fid_2": 464, "id": 464, "left": 9.486919847, "top": 62.946110046000001, "right": 9.986919847, "bottom": 62.446110046000001, "row_index": 23, "col_index": 11, "tile_id": 464 }, "geometry": { "type": "MultiPolygon", "coordinates": [ [ [ [ 9.838066559544252, 62.474284528222029 ], [ 9.838139132756334, 62.474090996139672 ], [ 9.837899588537308, 62.473702714312637 ], [ 9.83780948885585, 62.473031711865218 ], [ 9.837287211208714, 62.472818101361163 ], [ 9.836752636863935, 62.473169579780382 ], [ 9.836938020127059, 62.473491077638784 ], [ 9.836799974524526, 62.47404925595356 ], [ 9.837072241395019, 62.474332679668976 ], [ 9.838066559544252, 62.474284528222029 ] ] ] ] } },
{ "type": "Feature", "properties": { "fid": 19777, "navn": null, "hoyde_moh": 1169, "arealInnsjo_km2": 0.0037, "magasinKategori": null, "fid_2": 464, "id": 464, "left": 9.486919847, "top": 62.946110046000001, "right": 9.986919847, "bottom": 62.446110046000001, "row_index": 23, "col_index": 11, "tile_id": 464 }, "geometry": { "type": "MultiPolygon", "coordinates": [ [ [ [ 9.9303144508635, 62.459566217971691 ], [ 9.930257473208556, 62.45913880324801 ], [ 9.929934655540542, 62.458989672715752 ], [ 9.929644374012751, 62.459061863256061 ], [ 9.929664189861812, 62.459275704736761 ], [ 9.928931097908569, 62.459287500975883 ], [ 9.928783446195233, 62.459434966667317 ], [ 9.929951517389551, 62.459687491060293 ], [ 9.9303144508635, 62.459566217971691 ] ] ] ] } },
{ "type": "Feature", "properties": { "fid": 19869, "navn": null, "hoyde_moh": 1067, "arealInnsjo_km2": 0.0071, "magasinKategori": null, "fid_2": 464, "id": 464, "left": 9.486919847, "top": 62.946110046000001, "right": 9.986919847, "bottom": 62.446110046000001, "row_index": 23, "col_index": 11, "tile_id": 464 }, "geometry": { "type": "MultiPolygon", "coordinates": [ [ [ [ 9.905779072475404, 62.49491251826025 ], [ 9.905469606517073, 62.494660997956444 ], [ 9.904868143913687, 62.494851044707019 ], [ 9.904206933391333, 62.494578288872951 ], [ 9.903322348985794, 62.495224884475391 ], [ 9.90489363697071, 62.495401565577076 ], [ 9.905779072475404, 62.49491251826025 ] ] ] ] } },
{ "type": "Feature", "properties": { "fid": 22080, "navn": null, "hoyde_moh": 1126, "arealInnsjo_km2": 0.0116, "magasinKategori": null, "fid_2": 464, "id": 464, "left": 9.486919847, "top": 62.946110046000001, "right": 9.986919847, "bottom": 62.446110046000001, "row_index": 23, "col_index": 11, "tile_id": 464 }, "geometry": { "type": "MultiPolygon", "coordinates": [ [ [ [ 9.657335258620789, 62.756540402334487 ], [ 9.658424639256696, 62.756400962734531 ], [ 9.658188495393764, 62.756237551794932 ], [ 9.656936810458639, 62.756157181375769 ], [ 9.656536226110733, 62.755980570308282 ], [ 9.656334939327474, 62.75568350894838 ], [ 9.655519129672726, 62.755571239988875 ], [ 9.654428580063062, 62.75596706623837 ], [ 9.654603496406155, 62.756252507084575 ], [ 9.655450516642162, 62.756474131585797 ], [ 9.657335258620789, 62.756540402334487 ] ] ] ] } },
{ "type": "Feature", "properties": { "fid": 22286, "navn": null, "hoyde_moh": 1094, "arealInnsjo_km2": 0.0088, "magasinKategori": null, "fid_2": 464, "id": 464, "left": 9.486919847, "top": 62.946110046000001, "right": 9.986919847, "bottom": 62.446110046000001, "row_index": 23, "col_index": 11, "tile_id": 464 }, "geometry": { "type": "MultiPolygon", "coordinates": [ [ [ [ 9.751094824066691, 62.778040429362832 ], [ 9.751115857973408, 62.777600875401511 ], [ 9.750645978956641, 62.777587969326824 ], [ 9.750698148164682, 62.777349416640021 ], [ 9.750272298022479, 62.777253759723258 ], [ 9.749752793898285, 62.77738475390013 ], [ 9.749274936058322, 62.777264653128732 ], [ 9.749107860837817, 62.777590139455199 ], [ 9.749667409382402, 62.778171725428628 ], [ 9.750689144375718, 62.778322797121895 ], [ 9.751094824066691, 62.778040429362832 ] ] ] ] } },
{ "type": "Feature", "properties": { "fid": 22389, "navn": null, "hoyde_moh": 1014, "arealInnsjo_km2": 0.0115, "magasinKategori": null, "fid_2": 464, "id": 464, "left": 9.486919847, "top": 62.946110046000001, "right": 9.986919847, "bottom": 62.446110046000001, "row_index": 23, "col_index": 11, "tile_id": 464 }, "geometry": { "type": "MultiPolygon", "coordinates": [ [ [ [ 9.845352814135518, 62.775337615144402 ], [ 9.845059751050131, 62.775143940392496 ], [ 9.845789542191234, 62.774847594846015 ], [ 9.846020977129241, 62.774990600873991 ], [ 9.846791818550436, 62.774859050271047 ], [ 9.846960879438413, 62.774056991382594 ], [ 9.845608558432648, 62.77448934998997 ], [ 9.844631266251429, 62.774345381641304 ], [ 9.844013994522562, 62.77524837270493 ], [ 9.844156543765813, 62.775487349263493 ], [ 9.845352814135518, 62.775337615144402 ] ] ] ] } },
{ "type": "Feature", "properties": { "fid": 22594, "navn": null, "hoyde_moh": 951, "arealInnsjo_km2": 0.0115, "magasinKategori": null, "fid_2": 464, "id": 464, "left": 9.486919847, "top": 62.946110046000001, "right": 9.986919847, "bottom": 62.446110046000001, "row_index": 23, "col_index": 11, "tile_id": 464 }, "geometry": { "type": "MultiPolygon", "coordinates": [ [ [ [ 9.736133707910797, 62.751841070511396 ], [ 9.73597351133728, 62.751659059304771 ], [ 9.736071870187617, 62.751403979239278 ], [ 9.73507320785497, 62.751059019174157 ], [ 9.734901149539748, 62.750760040499152 ], [ 9.734296716272485, 62.750735984645708 ], [ 9.733921992857946, 62.750984729862864 ], [ 9.733921457386288, 62.751593855460477 ], [ 9.735147325269699, 62.752112645808772 ], [ 9.736133707910797, 62.751841070511396 ] ] ] ] } },
{ "type": "Feature", "properties": { "fid": 22985, "navn": null, "hoyde_moh": 929, "arealInnsjo_km2": 0.0036, "magasinKategori": null, "fid_2": 464, "id": 464, "left": 9.486919847, "top": 62.946110046000001, "right": 9.986919847, "bottom": 62.446110046000001, "row_index": 23, "col_index": 11, "tile_id": 464 }, "geometry": { "type": "MultiPolygon", "coordinates": [ [ [ [ 9.743137212581946, 62.760205470782381 ], [ 9.743541042339151, 62.759779547963205 ], [ 9.742134178102415, 62.759886230969087 ], [ 9.742095692839358, 62.760051244162909 ], [ 9.742496132747506, 62.760343838919525 ], [ 9.743137212581946, 62.760205470782381 ] ] ] ] } },
{ "type": "Feature", "properties": { "fid": 23053, "navn": null, "hoyde_moh": 1111, "arealInnsjo_km2": 0.0088, "magasinKategori": null, "fid_2": 464, "id": 464, "left": 9.486919847, "top": 62.946110046000001, "right": 9.986919847, "bottom": 62.446110046000001, "row_index": 23, "col_index": 11, "tile_id": 464 }, "geometry": { "type": "MultiPolygon", "coordinates": [ [ [ [ 9.661733853826179, 62.751194345681746 ], [ 9.662179467329407, 62.750654231055648 ], [ 9.661940857832938, 62.750540312625638 ], [ 9.66102205992094, 62.750659186344905 ], [ 9.659242014742649, 62.750582547228774 ], [ 9.660204022976995, 62.750973558074008 ], [ 9.660183859302201, 62.751338212756323 ], [ 9.660907895088423, 62.751440842448055 ], [ 9.661733853826179, 62.751194345681746 ] ] ] ] } },
{ "type": "Feature", "properties": { "fid": 23425, "navn": null, "hoyde_moh": 1112, "arealInnsjo_km2": 0.0031, "magasinKategori": null, "fid_2": 464, "id": 464, "left": 9.486919847, "top": 62.946110046000001, "right": 9.986919847, "bottom": 62.446110046000001, "row_index": 23, "col_index": 11, "tile_id": 464 }, "geometry": { "type": "MultiPolygon", "coordinates": [ [ [ [ 9.650302978990938, 62.752275984937341 ], [ 9.650911671241918, 62.751938290178011 ], [ 9.648973308852042, 62.752058664477921 ], [ 9.648500316474117, 62.752256387946048 ], [ 9.6489980222414, 62.752365645086918 ], [ 9.650302978990938, 62.752275984937341 ] ] ] ] } },
{ "type": "Feature", "properties": { "fid": 23578, "navn": null, "hoyde_moh": 1112, "arealInnsjo_km2": 0.0058, "magasinKategori": null, "fid_2": 464, "id": 464, "left": 9.486919847, "top": 62.946110046000001, "right": 9.986919847, "bottom": 62.446110046000001, "row_index": 23, "col_index": 11, "tile_id": 464 }, "geometry": { "type": "MultiPolygon", "coordinates": [ [ [ [ 9.660408715025888, 62.752426850936679 ], [ 9.659757431917283, 62.751882652713512 ], [ 9.657799855167564, 62.752151518913521 ], [ 9.6589472345832, 62.752528096783195 ], [ 9.659616744308597, 62.752584112760211 ], [ 9.660408715025888, 62.752426850936679 ] ] ] ] } },
{ "type": "Feature", "properties": { "fid": 23683, "navn": null, "hoyde_moh": 936, "arealInnsjo_km2": 0.0061, "magasinKategori": null, "fid_2": 464, "id": 464, "left": 9.486919847, "top": 62.946110046000001, "right": 9.986919847, "bottom": 62.446110046000001, "row_index": 23, "col_index": 11, "tile_id": 464 }, "geometry": { "type": "MultiPolygon", "coordinates": [ [ [ [ 9.763605991429767, 62.74948762620128 ], [ 9.763904435051909, 62.749113323905682 ], [ 9.76312723301357, 62.748802846467399 ], [ 9.762305502741709, 62.749073107328556 ], [ 9.762565570802698, 62.749274741791922 ], [ 9.762188824092345, 62.749490009307941 ], [ 9.762274294812551, 62.749614129432487 ], [ 9.762994367447721, 62.74974153747916 ], [ 9.763605991429767, 62.74948762620128 ] ] ] ] } },
{ "type": "Feature", "properties": { "fid": 24026, "navn": null, "hoyde_moh": 950, "arealInnsjo_km2": 0.0066, "magasinKategori": null, "fid_2": 464, "id": 464, "left": 9.486919847, "top": 62.946110046000001, "right": 9.986919847, "bottom": 62.446110046000001, "row_index": 23, "col_index": 11, "tile_id": 464 }, "geometry": { "type": "MultiPolygon", "coordinates": [ [ [ [ 9.737559902811329, 62.750402265653399 ], [ 9.738171499662901, 62.750535628413743 ], [ 9.738221961441594, 62.750714597212038 ], [ 9.738713922694291, 62.750601428559236 ], [ 9.738494973987882, 62.750303304438447 ], [ 9.737454986257818, 62.750306280120206 ], [ 9.737405060700162, 62.749856230571162 ], [ 9.736075070234049, 62.749973374661351 ], [ 9.736177714791573, 62.750376457614699 ], [ 9.736905241686246, 62.750426542232979 ], [ 9.736723177248258, 62.750581214293263 ], [ 9.737048013247378, 62.750791811002372 ], [ 9.737559902811329, 62.750402265653399 ] ] ] ] } },
{ "type": "Feature", "properties": { "fid": 24201, "navn": null, "hoyde_moh": 875, "arealInnsjo_km2": 0.0037, "magasinKategori": null, "fid_2": 464, "id": 464, "left": 9.486919847, "top": 62.946110046000001, "right": 9.986919847, "bottom": 62.446110046000001, "row_index": 23, "col_index": 11, "tile_id": 464 }, "geometry": { "type": "MultiPolygon", "coordinates": [ [ [ [ 9.58128700590717, 62.834550253926047 ], [ 9.581248186558801, 62.83432657034227 ], [ 9.580282431634854, 62.834053258223058 ], [ 9.579978097532651, 62.834179287878257 ], [ 9.58012627943525, 62.834611200772535 ], [ 9.580728035618639, 62.834735662310798 ], [ 9.58128700590717, 62.834550253926047 ] ] ] ] } },
{ "type": "Feature", "properties": { "fid": 24203, "navn": null, "hoyde_moh": 694, "arealInnsjo_km2": 0.0028, "magasinKategori": null, "fid_2": 464, "id": 464, "left": 9.486919847, "top": 62.946110046000001, "right": 9.986919847, "bottom": 62.446110046000001, "row_index": 23, "col_index": 11, "tile_id": 464 }, "geometry": { "type": "MultiPolygon", "coordinates": [ [ [ [ 9.7503122783178, 62.842578965362449 ], [ 9.750717191269089, 62.842369876044827 ], [ 9.750690384634773, 62.842132328573818 ], [ 9.74980251014939, 62.842186786699514 ], [ 9.749239717794358, 62.842598356601592 ], [ 9.7503122783178, 62.842578965362449 ] ] ] ] } },
{ "type": "Feature", "properties": { "fid": 24204, "navn": null, "hoyde_moh": 841, "arealInnsjo_km2": 0.0037, "magasinKategori": null, "fid_2": 464, "id": 464, "left": 9.486919847, "top": 62.946110046000001, "right": 9.986919847, "bottom": 62.446110046000001, "row_index": 23, "col_index": 11, "tile_id": 464 }, "geometry": { "type": "MultiPolygon", "coordinates": [ [ [ [ 9.625485699200119, 62.837973134385685 ], [ 9.625174192096623, 62.837708172515491 ], [ 9.623603154600332, 62.837771864876302 ], [ 9.623800830342102, 62.83794248703699 ], [ 9.62509389532341, 62.838171408987201 ], [ 9.625485699200119, 62.837973134385685 ] ] ] ] } },
{ "type": "Feature", "properties": { "fid": 24205, "navn": null, "hoyde_moh": 844, "arealInnsjo_km2": 0.0025, "magasinKategori": null, "fid_2": 464, "id": 464, "left": 9.486919847, "top": 62.946110046000001, "right": 9.986919847, "bottom": 62.446110046000001, "row_index": 23, "col_index": 11, "tile_id": 464 }, "geometry": { "type": "MultiPolygon", "coordinates": [ [ [ [ 9.632648103268856, 62.838827159201124 ], [ 9.632561345055306, 62.838704162877796 ], [ 9.632016420413269, 62.838587143321995 ], [ 9.631614008996188, 62.83876613269657 ], [ 9.631721454073661, 62.838995563663168 ], [ 9.632434112919714, 62.839197551683952 ], [ 9.632648103268856, 62.838827159201124 ] ] ] ] } },
{ "type": "Feature", "properties": { "fid": 24285, "navn": null, "hoyde_moh": 816, "arealInnsjo_km2": 0.0063, "magasinKategori": null, "fid_2": 464, "id": 464, "left": 9.486919847, "top": 62.946110046000001, "right": 9.986919847, "bottom": 62.446110046000001, "row_index": 23, "col_index": 11, "tile_id": 464 }, "geometry": { "type": "MultiPolygon", "coordinates": [ [ [ [ 9.605280079893614, 62.838225704246561 ], [ 9.605069979810985, 62.837971156814334 ], [ 9.605217515471306, 62.837655746352013 ], [ 9.604772251426176, 62.83744264858224 ], [ 9.603585119393646, 62.83763415976167 ], [ 9.603563592924708, 62.837880800263989 ], [ 9.603259731308508, 62.837928607065855 ], [ 9.60506626324511, 62.838320167839328 ], [ 9.605280079893614, 62.838225704246561 ] ] ] ] } },
{ "type": "Feature", "properties": { "fid": 24286, "navn": null, "hoyde_moh": 785, "arealInnsjo_km2": 0.0042, "magasinKategori": null, "fid_2": 464, "id": 464, "left": 9.486919847, "top": 62.946110046000001, "right": 9.986919847, "bottom": 62.446110046000001, "row_index": 23, "col_index": 11, "tile_id": 464 }, "geometry": { "type": "MultiPolygon", "coordinates": [ [ [ [ 9.670225365059313, 62.841068317012251 ], [ 9.670460005234316, 62.840781087327336 ], [ 9.671065464124112, 62.840641549274629 ], [ 9.670266305187601, 62.840495962269195 ], [ 9.669698731546763, 62.840576466260799 ], [ 9.66910809115851, 62.841002885412266 ], [ 9.66975218809603, 62.841190465686864 ], [ 9.670225365059313, 62.841068317012251 ] ] ] ] } },
{ "type": "Feature", "properties": { "fid": 24287, "navn": null, "hoyde_moh": 845, "arealInnsjo_km2": 0.003, "magasinKategori": null, "fid_2": 464, "id": 464, "left": 9.486919847, "top": 62.946110046000001, "right": 9.986919847, "bottom": 62.446110046000001, "row_index": 23, "col_index": 11, "tile_id": 464 }, "geometry": { "type": "MultiPolygon", "coordinates": [ [ [ [ 9.626296031488737, 62.839614263553095 ], [ 9.626568479470915, 62.839212099755485 ], [ 9.626270733183775, 62.839091195480201 ], [ 9.625484534834838, 62.839214721034196 ], [ 9.625425653419342, 62.839585731234529 ], [ 9.62582370258715, 62.839749079121916 ], [ 9.626296031488737, 62.839614263553095 ] ] ] ] } },
{ "type": "Feature", "properties": { "fid": 24289, "navn": null, "hoyde_moh": 786, "arealInnsjo_km2": 0.0045, "magasinKategori": null, "fid_2": 464, "id": 464, "left": 9.486919847, "top": 62.946110046000001, "right": 9.986919847, "bottom": 62.446110046000001, "row_index": 23, "col_index": 11, "tile_id": 464 }, "geometry": { "type": "MultiPolygon", "coordinates": [ [ [ [ 9.676922281823492, 62.841533167397898 ], [ 9.677199232284176, 62.841447561142495 ], [ 9.676796653076456, 62.841254411957685 ], [ 9.676899580786552, 62.841092835655132 ], [ 9.676320834196691, 62.840940879439941 ], [ 9.675866135773029, 62.841055739866221 ], [ 9.675879780691686, 62.841479712183776 ], [ 9.677121009909463, 62.841805064489101 ], [ 9.676922281823492, 62.841533167397898 ] ] ] ] } },
{ "type": "Feature", "properties": { "fid": 24445, "navn": null, "hoyde_moh": 690, "arealInnsjo_km2": 0.0034, "magasinKategori": null, "fid_2": 464, "id": 464, "left": 9.486919847, "top": 62.946110046000001, "right": 9.986919847, "bottom": 62.446110046000001, "row_index": 23, "col_index": 11, "tile_id": 464 }, "geometry": { "type": "MultiPolygon", "coordinates": [ [ [ [ 9.750888292958473, 62.844688821434943 ], [ 9.751555539264068, 62.844672989968821 ], [ 9.751411119968532, 62.844324698159113 ], [ 9.750536702589109, 62.844156076055029 ], [ 9.750207015794521, 62.844248218926786 ], [ 9.750150592029915, 62.844634085526906 ], [ 9.750888292958473, 62.844688821434943 ] ] ] ] } },
{ "type": "Feature", "properties": { "fid": 24446, "navn": null, "hoyde_moh": 781, "arealInnsjo_km2": 0.0042, "magasinKategori": null, "fid_2": 464, "id": 464, "left": 9.486919847, "top": 62.946110046000001, "right": 9.986919847, "bottom": 62.446110046000001, "row_index": 23, "col_index": 11, "tile_id": 464 }, "geometry": { "type": "MultiPolygon", "coordinates": [ [ [ [ 9.666861063073593, 62.845367328988672 ], [ 9.66699196839982, 62.845034863125534 ], [ 9.66620615381151, 62.844973446372968 ], [ 9.665568079491763, 62.845298262598583 ], [ 9.665574627469406, 62.845502682314866 ], [ 9.666342901224304, 62.845698590434104 ], [ 9.666861063073593, 62.845367328988672 ] ] ] ] } },
{ "type": "Feature", "properties": { "fid": 24447, "navn": null, "hoyde_moh": 783, "arealInnsjo_km2": 0.0032, "magasinKategori": null, "fid_2": 464, "id": 464, "left": 9.486919847, "top": 62.946110046000001, "right": 9.986919847, "bottom": 62.446110046000001, "row_index": 23, "col_index": 11, "tile_id": 464 }, "geometry": { "type": "MultiPolygon", "coordinates": [ [ [ [ 9.667925781146492, 62.84397405017414 ], [ 9.667954543907731, 62.84382658053233 ], [ 9.66772589300796, 62.843529057405064 ], [ 9.667112049268916, 62.843506295960808 ], [ 9.66662582921667, 62.843981572662429 ], [ 9.667925781146492, 62.84397405017414 ] ] ] ] } },
{ "type": "Feature", "properties": { "fid": 24448, "navn": null, "hoyde_moh": 851, "arealInnsjo_km2": 0.004, "magasinKategori": null, "fid_2": 464, "id": 464, "left": 9.486919847, "top": 62.946110046000001, "right": 9.986919847, "bottom": 62.446110046000001, "row_index": 23, "col_index": 11, "tile_id": 464 }, "geometry": { "type": "MultiPolygon", "coordinates": [ [ [ [ 9.584121447055415, 62.841235425368239 ], [ 9.584351070430971, 62.840795499519757 ], [ 9.58416474652525, 62.840597536669499 ], [ 9.58425404451777, 62.840440077920988 ], [ 9.583613275690221, 62.840634045114157 ], [ 9.583186900923682, 62.840961274096415 ], [ 9.583207701696624, 62.841237895596656 ], [ 9.584121447055415, 62.841235425368239 ] ] ] ] } },
{ "type": "Feature", "properties": { "fid": 24450, "navn": null, "hoyde_moh": 668, "arealInnsjo_km2": 0.0028, "magasinKategori": null, "fid_2": 464, "id": 464, "left": 9.486919847, "top": 62.946110046000001, "right": 9.986919847, "bottom": 62.446110046000001, "row_index": 23, "col_index": 11, "tile_id": 464 }, "geometry": { "type": "MultiPolygon", "coordinates": [ [ [ [ 9.790055932248446, 62.851116538458513 ], [ 9.790119287637205, 62.850728677638074 ], [ 9.789341564660315, 62.850491285792991 ], [ 9.789095241208562, 62.850869392769354 ], [ 9.789717815146776, 62.851178859386266 ], [ 9.790055932248446, 62.851116538458513 ] ] ] ] } },
{ "type": "Feature", "properties": { "fid": 24451, "navn": null, "hoyde_moh": 687, "arealInnsjo_km2": 0.0035, "magasinKategori": null, "fid_2": 464, "id": 464, "left": 9.486919847, "top": 62.946110046000001, "right": 9.986919847, "bottom": 62.446110046000001, "row_index": 23, "col_index": 11, "tile_id": 464 }, "geometry": { "type": "MultiPolygon", "coordinates": [ [ [ [ 9.75598848084066, 62.850321692750803 ], [ 9.756417266107206, 62.850052113087187 ], [ 9.755482061129822, 62.849907441673523 ], [ 9.754602158170306, 62.850209036019102 ], [ 9.755155749257462, 62.850440871899593 ], [ 9.75598848084066, 62.850321692750803 ] ] ] ] } },
{ "type": "Feature", "properties": { "fid": 24453, "navn": null, "hoyde_moh": 914, "arealInnsjo_km2": 0.0026, "magasinKategori": null, "fid_2": 464, "id": 464, "left": 9.486919847, "top": 62.946110046000001, "right": 9.986919847, "bottom": 62.446110046000001, "row_index": 23, "col_index": 11, "tile_id": 464 }, "geometry": { "type": "MultiPolygon", "coordinates": [ [ [ [ 9.51180197057036, 62.841848919046392 ], [ 9.511355012012366, 62.841714277866288 ], [ 9.510870247664652, 62.84180386842197 ], [ 9.510897703957378, 62.842089689901215 ], [ 9.511683312832441, 62.842392809613607 ], [ 9.51180197057036, 62.841848919046392 ] ] ] ] } },
{ "type": "Feature", "properties": { "fid": 24690, "navn": null, "hoyde_moh": 690, "arealInnsjo_km2": 0.0037, "magasinKategori": null, "fid_2": 464, "id": 464, "left": 9.486919847, "top": 62.946110046000001, "right": 9.986919847, "bottom": 62.446110046000001, "row_index": 23, "col_index": 11, "tile_id": 464 }, "geometry": { "type": "MultiPolygon", "coordinates": [ [ [ [ 9.843320819317896, 62.945014613715372 ], [ 9.842934214601579, 62.944998121701261 ], [ 9.842606516346349, 62.944645596937782 ], [ 9.841965194023443, 62.94495544559107 ], [ 9.84241906333523, 62.945192934517891 ], [ 9.84227696442321, 62.945394837352325 ], [ 9.842734511616843, 62.945610417597081 ], [ 9.843320819317896, 62.945014613715372 ] ] ] ] } },
{ "type": "Feature", "properties": { "fid": 24692, "navn": null, "hoyde_moh": 605, "arealInnsjo_km2": 0.0049, "magasinKategori": null, "fid_2": 464, "id": 464, "left": 9.486919847, "top": 62.946110046000001, "right": 9.986919847, "bottom": 62.446110046000001, "row_index": 23, "col_index": 11, "tile_id": 464 }, "geometry": { "type": "MultiPolygon", "coordinates": [ [ [ [ 9.522858474299195, 62.933221148222387 ], [ 9.523484009127277, 62.932846715992767 ], [ 9.522980975972665, 62.932683333483695 ], [ 9.521022063765962, 62.933453061579982 ], [ 9.521424701823811, 62.933545137544641 ], [ 9.522858474299195, 62.933221148222387 ] ] ] ] } },
{ "type": "Feature", "properties": { "fid": 24804, "navn": null, "hoyde_moh": 670, "arealInnsjo_km2": 0.0026, "magasinKategori": null, "fid_2": 464, "id": 464, "left": 9.486919847, "top": 62.946110046000001, "right": 9.986919847, "bottom": 62.446110046000001, "row_index": 23, "col_index": 11, "tile_id": 464 }, "geometry": { "type": "MultiPolygon", "coordinates": [ [ [ [ 9.556407661077811, 62.935980448943688 ], [ 9.556272147559044, 62.935673015481903 ], [ 9.5555528461952, 62.935558268881962 ], [ 9.555445279568524, 62.935779449840915 ], [ 9.555563953002997, 62.936003350236817 ], [ 9.556029228509789, 62.936279439541977 ], [ 9.556407661077811, 62.935980448943688 ] ] ] ] } },
{ "type": "Feature", "properties": { "fid": 24806, "navn": null, "hoyde_moh": 541, "arealInnsjo_km2": 0.0028, "magasinKategori": null, "fid_2": 464, "id": 464, "left": 9.486919847, "top": 62.946110046000001, "right": 9.986919847, "bottom": 62.446110046000001, "row_index": 23, "col_index": 11, "tile_id": 464 }, "geometry": { "type": "MultiPolygon", "coordinates": [ [ [ [ 9.695603542954148, 62.941461141090898 ], [ 9.695169320762135, 62.941363533533057 ], [ 9.695294853746431, 62.94126937388701 ], [ 9.695149970191691, 62.941192652215911 ], [ 9.695261641960764, 62.941111737447841 ], [ 9.695177635242906, 62.94094013031004 ], [ 9.694709903873862, 62.941050012825862 ], [ 9.694394268585244, 62.941444922487904 ], [ 9.69445828971107, 62.941660227481812 ], [ 9.695000921233767, 62.941678599244078 ], [ 9.695603542954148, 62.941461141090898 ] ] ] ] } },
{ "type": "Feature", "properties": { "fid": 24863, "navn": null, "hoyde_moh": 551, "arealInnsjo_km2": 0.0031, "magasinKategori": null, "fid_2": 464, "id": 464, "left": 9.486919847, "top": 62.946110046000001, "right": 9.986919847, "bottom": 62.446110046000001, "row_index": 23, "col_index": 11, "tile_id": 464 }, "geometry": { "type": "MultiPolygon", "coordinates": [ [ [ [ 9.804134002124224, 62.938487204375164 ], [ 9.804070538129382, 62.938189848489721 ], [ 9.803717490760743, 62.937980686391398 ], [ 9.803204850880425, 62.938061638873215 ], [ 9.803160785446597, 62.938530560990259 ], [ 9.803601573757643, 62.938689429034547 ], [ 9.804134002124224, 62.938487204375164 ] ] ] ] } },
{ "type": "Feature", "properties": { "fid": 24864, "navn": null, "hoyde_moh": 1072, "arealInnsjo_km2": 0.0031, "magasinKategori": null, "fid_2": 464, "id": 464, "left": 9.486919847, "top": 62.946110046000001, "right": 9.986919847, "bottom": 62.446110046000001, "row_index": 23, "col_index": 11, "tile_id": 464 }, "geometry": { "type": "MultiPolygon", "coordinates": [ [ [ [ 9.920014468067869, 62.94295526532899 ], [ 9.91962797402757, 62.942788213254751 ], [ 9.919963674022267, 62.942862302884791 ], [ 9.920214113092948, 62.942672429655794 ], [ 9.920092939739254, 62.942508288933276 ], [ 9.920950775279627, 62.942075650914234 ], [ 9.920532244943171, 62.941998666715733 ], [ 9.920343643015448, 62.942186182119876 ], [ 9.920420658122378, 62.942314635038166 ], [ 9.919635469476786, 62.942322394231262 ], [ 9.919383154061629, 62.942896873258462 ], [ 9.920014468067869, 62.94295526532899 ] ] ] ] } },
{ "type": "Feature", "properties": { "fid": 24865, "navn": null, "hoyde_moh": 641, "arealInnsjo_km2": 0.0027, "magasinKategori": null, "fid_2": 464, "id": 464, "left": 9.486919847, "top": 62.946110046000001, "right": 9.986919847, "bottom": 62.446110046000001, "row_index": 23, "col_index": 11, "tile_id": 464 }, "geometry": { "type": "MultiPolygon", "coordinates": [ [ [ [ 9.543449079744557, 62.928543293609472 ], [ 9.543318154399481, 62.928229091111582 ], [ 9.542531720072798, 62.92851537930899 ], [ 9.542610932522511, 62.928852686015169 ], [ 9.543118794636028, 62.928931140528562 ], [ 9.543449079744557, 62.928543293609472 ] ] ] ] } },
{ "type": "Feature", "properties": { "fid": 24872, "navn": null, "hoyde_moh": 543, "arealInnsjo_km2": 0.0032, "magasinKategori": null, "fid_2": 464, "id": 464, "left": 9.486919847, "top": 62.946110046000001, "right": 9.986919847, "bottom": 62.446110046000001, "row_index": 23, "col_index": 11, "tile_id": 464 }, "geometry": { "type": "MultiPolygon", "coordinates": [ [ [ [ 9.70385422408784, 62.935804942780464 ], [ 9.703793589827466, 62.935616404892251 ], [ 9.704316103457785, 62.935497758290907 ], [ 9.704311315546459, 62.935327967145064 ], [ 9.704066106754812, 62.935208790244523 ], [ 9.702921706555177, 62.935230529671216 ], [ 9.703365076915059, 62.935507248384219 ], [ 9.703033350305553, 62.935732585846161 ], [ 9.703609176891238, 62.935935554072543 ], [ 9.70385422408784, 62.935804942780464 ] ] ] ] } },
{ "type": "Feature", "properties": { "fid": 24874, "navn": null, "hoyde_moh": 717, "arealInnsjo_km2": 0.0048, "magasinKategori": null, "fid_2": 464, "id": 464, "left": 9.486919847, "top": 62.946110046000001, "right": 9.986919847, "bottom": 62.446110046000001, "row_index": 23, "col_index": 11, "tile_id": 464 }, "geometry": { "type": "MultiPolygon", "coordinates": [ [ [ [ 9.833085601783676, 62.940738618975566 ], [ 9.83340295282442, 62.940706355643613 ], [ 9.833396905246667, 62.940578558589813 ], [ 9.832702216831059, 62.940390321564195 ], [ 9.832514443016688, 62.940052708433576 ], [ 9.831818037232546, 62.939990449483659 ], [ 9.83140693870719, 62.940163128689669 ], [ 9.831755095955709, 62.94056870704113 ], [ 9.832756024279577, 62.940463550607539 ], [ 9.832728530337592, 62.940806761341548 ], [ 9.832986693827978, 62.94090152223643 ], [ 9.833085601783676, 62.940738618975566 ] ] ] ] } },
{ "type": "Feature", "properties": { "fid": 24875, "navn": null, "hoyde_moh": 667, "arealInnsjo_km2": 0.0176, "magasinKategori": null, "fid_2": 464, "id": 464, "left": 9.486919847, "top": 62.946110046000001, "right": 9.986919847, "bottom": 62.446110046000001, "row_index": 23, "col_index": 11, "tile_id": 464 }, "geometry": { "type": "MultiPolygon", "coordinates": [ [ [ [ 9.502026138887718, 62.929185106692927 ], [ 9.501421043702658, 62.928916408516137 ], [ 9.501560433325718, 62.928608933787984 ], [ 9.504365474015486, 62.928212428254724 ], [ 9.505962512683611, 62.927585759129649 ], [ 9.505352176066419, 62.927489937075435 ], [ 9.503233951507493, 62.927925702906137 ], [ 9.499802605227599, 62.928965222569865 ], [ 9.499632937726364, 62.929194205353504 ], [ 9.500019687551474, 62.929356463174571 ], [ 9.500041263616099, 62.929551430200142 ], [ 9.500734797220012, 62.929468640733909 ], [ 9.501000307753802, 62.929600419719023 ], [ 9.502026138887718, 62.929185106692927 ] ] ] ] } },
{ "type": "Feature", "properties": { "fid": 24980, "navn": null, "hoyde_moh": 669, "arealInnsjo_km2": 0.0069, "magasinKategori": null, "fid_2": 464, "id": 464, "left": 9.486919847, "top": 62.946110046000001, "right": 9.986919847, "bottom": 62.446110046000001, "row_index": 23, "col_index": 11, "tile_id": 464 }, "geometry": { "type": "MultiPolygon", "coordinates": [ [ [ [ 9.495683588813854, 62.936298307034157 ], [ 9.495601179813315, 62.935896845644479 ], [ 9.495807154836438, 62.935700964394471 ], [ 9.495498632742768, 62.935417738789035 ], [ 9.49468351740814, 62.935460383350517 ], [ 9.494624915661433, 62.935666616285133 ], [ 9.493779018507396, 62.93602880407802 ], [ 9.494832713789265, 62.936122750665263 ], [ 9.494925303566756, 62.936432363299218 ], [ 9.495460632243489, 62.936472104851539 ], [ 9.495683588813854, 62.936298307034157 ] ] ] ] } },
{ "type": "Feature", "properties": { "fid": 24998, "navn": null, "hoyde_moh": 689, "arealInnsjo_km2": 0.0096, "magasinKategori": null, "fid_2": 464, "id": 464, "left": 9.486919847, "top": 62.946110046000001, "right": 9.986919847, "bottom": 62.446110046000001, "row_index": 23, "col_index": 11, "tile_id": 464 }, "geometry": { "type": "MultiPolygon", "coordinates": [ [ [ [ 9.932022588614073, 62.805872433103801 ], [ 9.93215060412729, 62.805085220876585 ], [ 9.931869675799126, 62.804856204794312 ], [ 9.930900433456296, 62.804565361294571 ], [ 9.930185154930635, 62.804935808516014 ], [ 9.930469518871641, 62.805037657866166 ], [ 9.930648363028737, 62.805646673365494 ], [ 9.931020976477038, 62.805541109969958 ], [ 9.931330698542817, 62.805127588461488 ], [ 9.931494356614346, 62.805140604265254 ], [ 9.931251968494884, 62.806189790700451 ], [ 9.931492372436606, 62.806210345184148 ], [ 9.932022588614073, 62.805872433103801 ] ] ] ] } },
{ "type": "Feature", "properties": { "fid": 24999, "navn": null, "hoyde_moh": 697, "arealInnsjo_km2": 0.0026, "magasinKategori": null, "fid_2": 464, "id": 464, "left": 9.486919847, "top": 62.946110046000001, "right": 9.986919847, "bottom": 62.446110046000001, "row_index": 23, "col_index": 11, "tile_id": 464 }, "geometry": { "type": "MultiPolygon", "coordinates": [ [ [ [ 9.883477498004158, 62.804325226421732 ], [ 9.88345873912051, 62.804025230363273 ], [ 9.883075427452948, 62.804052372116061 ], [ 9.882483517178848, 62.804538285242252 ], [ 9.882514096784959, 62.804673177565896 ], [ 9.882937354333929, 62.804703451283871 ], [ 9.883477498004158, 62.804325226421732 ] ] ] ] } },
{ "type": "Feature", "properties": { "fid": 25000, "navn": null, "hoyde_moh": 824, "arealInnsjo_km2": 0.0027, "magasinKategori": null, "fid_2": 464, "id": 464, "left": 9.486919847, "top": 62.946110046000001, "right": 9.986919847, "bottom": 62.446110046000001, "row_index": 23, "col_index": 11, "tile_id": 464 }, "geometry": { "type": "MultiPolygon", "coordinates": [ [ [ [ 9.602567774992918, 62.794349460403225 ], [ 9.6018996485505, 62.794105532963613 ], [ 9.601091917659017, 62.794243090318766 ], [ 9.601386423577258, 62.79450396130742 ], [ 9.602255015323278, 62.794544580989573 ], [ 9.602567774992918, 62.794349460403225 ] ] ] ] } },
{ "type": "Feature", "properties": { "fid": 25002, "navn": null, "hoyde_moh": 687, "arealInnsjo_km2": 0.0051, "magasinKategori": null, "fid_2": 464, "id": 464, "left": 9.486919847, "top": 62.946110046000001, "right": 9.986919847, "bottom": 62.446110046000001, "row_index": 23, "col_index": 11, "tile_id": 464 }, "geometry": { "type": "MultiPolygon", "coordinates": [ [ [ [ 9.936340319378729, 62.807182427453903 ], [ 9.935575118121866, 62.806595362558994 ], [ 9.935196469060045, 62.806609320467381 ], [ 9.934856263006106, 62.806855412828064 ], [ 9.935170632069738, 62.806906517082687 ], [ 9.935146520205707, 62.807113815550004 ], [ 9.93569807179586, 62.807022791496912 ], [ 9.934971874037137, 62.80776701451137 ], [ 9.935333185852746, 62.807852647230987 ], [ 9.936340319378729, 62.807182427453903 ] ] ] ] } },
{ "type": "Feature", "properties": { "fid": 25004, "navn": null, "hoyde_moh": 680, "arealInnsjo_km2": 0.0043, "magasinKategori": null, "fid_2": 464, "id": 464, "left": 9.486919847, "top": 62.946110046000001, "right": 9.986919847, "bottom": 62.446110046000001, "row_index": 23, "col_index": 11, "tile_id": 464 }, "geometry": { "type": "MultiPolygon", "coordinates": [ [ [ [ 9.929008732447029, 62.808302565943578 ], [ 9.929011388958589, 62.807982850940292 ], [ 9.928876080939615, 62.807356333754875 ], [ 9.928371529949894, 62.80716673217934 ], [ 9.927946261609602, 62.807201296993263 ], [ 9.928324454420457, 62.807629949728458 ], [ 9.928474820817424, 62.808254582735429 ], [ 9.929008732447029, 62.808302565943578 ] ] ] ] } },
{ "type": "Feature", "properties": { "fid": 25028, "navn": null, "hoyde_moh": 818, "arealInnsjo_km2": 0.0025, "magasinKategori": null, "fid_2": 464, "id": 464, "left": 9.486919847, "top": 62.946110046000001, "right": 9.986919847, "bottom": 62.446110046000001, "row_index": 23, "col_index": 11, "tile_id": 464 }, "geometry": { "type": "MultiPolygon", "coordinates": [ [ [ [ 9.883751011791226, 62.779962336606793 ], [ 9.883733490412336, 62.779769353146634 ], [ 9.883433462797834, 62.779662688431621 ], [ 9.883131404257933, 62.77981288817675 ], [ 9.883013993841077, 62.780492787439208 ], [ 9.883043581458873, 62.780716889174691 ], [ 9.883751011791226, 62.779962336606793 ] ] ] ] } },
{ "type": "Feature", "properties": { "fid": 25029, "navn": null, "hoyde_moh": 823, "arealInnsjo_km2": 0.0031, "magasinKategori": null, "fid_2": 464, "id": 464, "left": 9.486919847, "top": 62.946110046000001, "right": 9.986919847, "bottom": 62.446110046000001, "row_index": 23, "col_index": 11, "tile_id": 464 }, "geometry": { "type": "MultiPolygon", "coordinates": [ [ [ [ 9.88174600456729, 62.780802073606573 ], [ 9.882196187647255, 62.780145740237714 ], [ 9.881763160824526, 62.780407484026107 ], [ 9.881111443830841, 62.780456217362065 ], [ 9.88102327951926, 62.780770036666446 ], [ 9.880657795313402, 62.781132303810089 ], [ 9.88174600456729, 62.780802073606573 ] ] ] ] } },
{ "type": "Feature", "properties": { "fid": 25030, "navn": null, "hoyde_moh": 732, "arealInnsjo_km2": 0.0047, "magasinKategori": null, "fid_2": 464, "id": 464, "left": 9.486919847, "top": 62.946110046000001, "right": 9.986919847, "bottom": 62.446110046000001, "row_index": 23, "col_index": 11, "tile_id": 464 }, "geometry": { "type": "MultiPolygon", "coordinates": [ [ [ [ 9.900286075088786, 62.782148272408179 ], [ 9.90010183820703, 62.781868266879457 ], [ 9.900246771888, 62.78144216115782 ], [ 9.899912509161418, 62.781311618560842 ], [ 9.899962188177877, 62.781075921302218 ], [ 9.899568854320945, 62.781075476496099 ], [ 9.899366474588675, 62.781286729824053 ], [ 9.899282148943756, 62.781803922304746 ], [ 9.89947212447025, 62.78210177058002 ], [ 9.899897373720256, 62.78224569747902 ], [ 9.900286075088786, 62.782148272408179 ] ] ] ] } },
{ "type": "Feature", "properties": { "fid": 25032, "navn": null, "hoyde_moh": 813, "arealInnsjo_km2": 0.0034, "magasinKategori": null, "fid_2": 464, "id": 464, "left": 9.486919847, "top": 62.946110046000001, "right": 9.986919847, "bottom": 62.446110046000001, "row_index": 23, "col_index": 11, "tile_id": 464 }, "geometry": { "type": "MultiPolygon", "coordinates": [ [ [ [ 9.673861303260098, 62.775220113598124 ], [ 9.67466135652908, 62.77482569028593 ], [ 9.674943068015295, 62.774518120562298 ], [ 9.674435761352578, 62.774515863043504 ], [ 9.673987179242548, 62.774834911045865 ], [ 9.673413081918012, 62.774910827501706 ], [ 9.672903726993033, 62.775273635194644 ], [ 9.673861303260098, 62.775220113598124 ] ] ] ] } },
{ "type": "Feature", "properties": { "fid": 25033, "navn": null, "hoyde_moh": 1122, "arealInnsjo_km2": 0.0041, "magasinKategori": null, "fid_2": 464, "id": 464, "left": 9.486919847, "top": 62.946110046000001, "right": 9.986919847, "bottom": 62.446110046000001, "row_index": 23, "col_index": 11, "tile_id": 464 }, "geometry": { "type": "MultiPolygon", "coordinates": [ [ [ [ 9.78458505245988, 62.779579019301323 ], [ 9.785014403640789, 62.779274318941106 ], [ 9.784202801974445, 62.779103605259188 ], [ 9.783676908906894, 62.778705083410259 ], [ 9.783326045543891, 62.778799642774892 ], [ 9.783683092499651, 62.779096875714217 ], [ 9.783586932451975, 62.779545233968122 ], [ 9.78458505245988, 62.779579019301323 ] ] ] ] } },
{ "type": "Feature", "properties": { "fid": 25034, "navn": null, "hoyde_moh": 717, "arealInnsjo_km2": 0.0047, "magasinKategori": null, "fid_2": 464, "id": 464, "left": 9.486919847, "top": 62.946110046000001, "right": 9.986919847, "bottom": 62.446110046000001, "row_index": 23, "col_index": 11, "tile_id": 464 }, "geometry": { "type": "MultiPolygon", "coordinates": [ [ [ [ 9.911824659298002, 62.784223596721681 ], [ 9.91183645662438, 62.78401675127531 ], [ 9.912993381738691, 62.783702181421695 ], [ 9.91193105379322, 62.783318475438627 ], [ 9.911230619997806, 62.783945480140595 ], [ 9.911134013268331, 62.784233814349683 ], [ 9.911824659298002, 62.784223596721681 ] ] ] ] } },
{ "type": "Feature", "properties": { "fid": 25036, "navn": null, "hoyde_moh": 901, "arealInnsjo_km2": 0.0059, "magasinKategori": null, "fid_2": 464, "id": 464, "left": 9.486919847, "top": 62.946110046000001, "right": 9.986919847, "bottom": 62.446110046000001, "row_index": 23, "col_index": 11, "tile_id": 464 }, "geometry": { "type": "MultiPolygon", "coordinates": [ [ [ [ 9.543518114173809, 62.771367184827938 ], [ 9.543693805871877, 62.771062554542155 ], [ 9.543437300196146, 62.770864395471833 ], [ 9.542152374022839, 62.770684431258339 ], [ 9.541977664428739, 62.77089577477998 ], [ 9.542093216375646, 62.771223800328258 ], [ 9.542581306393771, 62.771577576064892 ], [ 9.543518114173809, 62.771367184827938 ] ] ] ] } },
{ "type": "Feature", "properties": { "fid": 25037, "navn": null, "hoyde_moh": 688, "arealInnsjo_km2": 0.0045, "magasinKategori": null, "fid_2": 464, "id": 464, "left": 9.486919847, "top": 62.946110046000001, "right": 9.986919847, "bottom": 62.446110046000001, "row_index": 23, "col_index": 11, "tile_id": 464 }, "geometry": { "type": "MultiPolygon", "coordinates": [ [ [ [ 9.904085592184323, 62.786736888298165 ], [ 9.904434131425822, 62.786313495543972 ], [ 9.903936484693466, 62.786166325446139 ], [ 9.903538735754143, 62.786366800615845 ], [ 9.90315523522438, 62.786659644651003 ], [ 9.903122609712229, 62.787018131864222 ], [ 9.902866349090283, 62.787293106479773 ], [ 9.902943530206127, 62.787395319327111 ], [ 9.904085592184323, 62.786736888298165 ] ] ] ] } },
{ "type": "Feature", "properties": { "fid": 25038, "navn": null, "hoyde_moh": 717, "arealInnsjo_km2": 0.014, "magasinKategori": null, "fid_2": 464, "id": 464, "left": 9.486919847, "top": 62.946110046000001, "right": 9.986919847, "bottom": 62.446110046000001, "row_index": 23, "col_index": 11, "tile_id": 464 }, "geometry": { "type": "MultiPolygon", "coordinates": [ [ [ [ 9.910485008460922, 62.784733585469176 ], [ 9.910912286855853, 62.784545948577133 ], [ 9.910808278384172, 62.784379523984363 ], [ 9.910217653411063, 62.784298634597256 ], [ 9.910549355656853, 62.783490299313883 ], [ 9.910209685884775, 62.783651875114998 ], [ 9.909819019134037, 62.784210493891763 ], [ 9.908590631861239, 62.784844691937614 ], [ 9.908654584484488, 62.785003007750667 ], [ 9.909059152200015, 62.785077332694286 ], [ 9.908589016031877, 62.78564314150789 ], [ 9.90879395993276, 62.785926673248959 ], [ 9.909229307464347, 62.786113847684355 ], [ 9.910485008460922, 62.784733585469176 ] ] ] ] } },
{ "type": "Feature", "properties": { "fid": 25039, "navn": null, "hoyde_moh": 751, "arealInnsjo_km2": 0.0043, "magasinKategori": null, "fid_2": 464, "id": 464, "left": 9.486919847, "top": 62.946110046000001, "right": 9.986919847, "bottom": 62.446110046000001, "row_index": 23, "col_index": 11, "tile_id": 464 }, "geometry": { "type": "MultiPolygon", "coordinates": [ [ [ [ 9.925177852778416, 62.786809506472053 ], [ 9.925455987590025, 62.786556788568774 ], [ 9.925330384575867, 62.786291808297847 ], [ 9.924657385532521, 62.786164191510835 ], [ 9.92415294954229, 62.786978357079434 ], [ 9.924267730870444, 62.78717619584566 ], [ 9.925177852778416, 62.786809506472053 ] ] ] ] } },
{ "type": "Feature", "properties": { "fid": 25059, "navn": null, "hoyde_moh": 784, "arealInnsjo_km2": 0.0038, "magasinKategori": null, "fid_2": 464, "id": 464, "left": 9.486919847, "top": 62.946110046000001, "right": 9.986919847, "bottom": 62.446110046000001, "row_index": 23, "col_index": 11, "tile_id": 464 }, "geometry": { "type": "MultiPolygon", "coordinates": [ [ [ [ 9.932198249427012, 62.788064944329832 ], [ 9.932041054863646, 62.787742335609231 ], [ 9.931625931556782, 62.787452782046209 ], [ 9.930829728830213, 62.787490412238078 ], [ 9.931045708854887, 62.787951796684041 ], [ 9.932198249427012, 62.788064944329832 ] ] ] ] } },
{ "type": "Feature", "properties": { "fid": 25060, "navn": null, "hoyde_moh": 747, "arealInnsjo_km2": 0.0039, "magasinKategori": null, "fid_2": 464, "id": 464, "left": 9.486919847, "top": 62.946110046000001, "right": 9.986919847, "bottom": 62.446110046000001, "row_index": 23, "col_index": 11, "tile_id": 464 }, "geometry": { "type": "MultiPolygon", "coordinates": [ [ [ [ 9.92155695883754, 62.788192647269312 ], [ 9.921998997742271, 62.787659789249659 ], [ 9.919896351412673, 62.788742118437483 ], [ 9.919990886554213, 62.788986548153829 ], [ 9.920355290677193, 62.788981027684819 ], [ 9.92155695883754, 62.788192647269312 ] ] ] ] } },
{ "type": "Feature", "properties": { "fid": 25062, "navn": null, "hoyde_moh": 738, "arealInnsjo_km2": 0.0034, "magasinKategori": null, "fid_2": 464, "id": 464, "left": 9.486919847, "top": 62.946110046000001, "right": 9.986919847, "bottom": 62.446110046000001, "row_index": 23, "col_index": 11, "tile_id": 464 }, "geometry": { "type": "MultiPolygon", "coordinates": [ [ [ [ 9.8891361513791, 62.788794560446775 ], [ 9.889113161989746, 62.788465443725286 ], [ 9.889275094441359, 62.788365633827311 ], [ 9.888910570742031, 62.7881580338492 ], [ 9.888494488990894, 62.788371656519772 ], [ 9.888121448435424, 62.788793224198251 ], [ 9.888481842865904, 62.789032523089759 ], [ 9.8891361513791, 62.788794560446775 ] ] ] ] } },
{ "type": "Feature", "properties": { "fid": 25182, "navn": null, "hoyde_moh": 945, "arealInnsjo_km2": 0.0041, "magasinKategori": null, "fid_2": 464, "id": 464, "left": 9.486919847, "top": 62.946110046000001, "right": 9.986919847, "bottom": 62.446110046000001, "row_index": 23, "col_index": 11, "tile_id": 464 }, "geometry": { "type": "MultiPolygon", "coordinates": [ [ [ [ 9.741577617767684, 62.768857612005291 ], [ 9.740570227141804, 62.76856231910962 ], [ 9.739873600365332, 62.768925878268448 ], [ 9.740261358122403, 62.769025090997388 ], [ 9.740464560772212, 62.769262692879593 ], [ 9.740801072960876, 62.769283861687363 ], [ 9.741577617767684, 62.768857612005291 ] ] ] ] } },
{ "type": "Feature", "properties": { "fid": 25183, "navn": null, "hoyde_moh": 704, "arealInnsjo_km2": 0.0045, "magasinKategori": null, "fid_2": 464, "id": 464, "left": 9.486919847, "top": 62.946110046000001, "right": 9.986919847, "bottom": 62.446110046000001, "row_index": 23, "col_index": 11, "tile_id": 464 }, "geometry": { "type": "MultiPolygon", "coordinates": [ [ [ [ 9.913585712815776, 62.777285599455247 ], [ 9.914493932794521, 62.776692480207295 ], [ 9.914209263092157, 62.776553334165648 ], [ 9.913097137234427, 62.776877447473375 ], [ 9.912894893579701, 62.777089801472023 ], [ 9.912928943906188, 62.777313243093836 ], [ 9.913157246087101, 62.777366053116246 ], [ 9.912995518802886, 62.777462115866783 ], [ 9.913447227725722, 62.777611999077685 ], [ 9.913585712815776, 62.777285599455247 ] ] ] ] } },
{ "type": "Feature", "properties": { "fid": 25188, "navn": null, "hoyde_moh": 743, "arealInnsjo_km2": 0.0041, "magasinKategori": null, "fid_2": 464, "id": 464, "left": 9.486919847, "top": 62.946110046000001, "right": 9.986919847, "bottom": 62.446110046000001, "row_index": 23, "col_index": 11, "tile_id": 464 }, "geometry": { "type": "MultiPolygon", "coordinates": [ [ [ [ 9.904195561394626, 62.773521540090108 ], [ 9.904360782442613, 62.773059284885001 ], [ 9.9048154773881, 62.772771457653832 ], [ 9.90495658874689, 62.772382635707125 ], [ 9.904851487833765, 62.772294432676311 ], [ 9.904505941533346, 62.772269285355883 ], [ 9.904224389454008, 62.772516531042193 ], [ 9.904242948373629, 62.772755337364046 ], [ 9.903865561304809, 62.773078628210904 ], [ 9.903646768689827, 62.773551981291227 ], [ 9.903880297207008, 62.773653757505372 ], [ 9.904195561394626, 62.773521540090108 ] ] ] ] } },
{ "type": "Feature", "properties": { "fid": 25194, "navn": null, "hoyde_moh": 930, "arealInnsjo_km2": 0.0027, "magasinKategori": null, "fid_2": 464, "id": 464, "left": 9.486919847, "top": 62.946110046000001, "right": 9.986919847, "bottom": 62.446110046000001, "row_index": 23, "col_index": 11, "tile_id": 464 }, "geometry": { "type": "MultiPolygon", "coordinates": [ [ [ [ 9.535550697642412, 62.762620192665644 ], [ 9.536177667506985, 62.762155603954241 ], [ 9.535894592665125, 62.762053675489781 ], [ 9.535631393136729, 62.762225563782877 ], [ 9.535157199572422, 62.762214997013672 ], [ 9.534990541498972, 62.762671790255361 ], [ 9.53542273134182, 62.762776473823052 ], [ 9.535550697642412, 62.762620192665644 ] ] ] ] } },
{ "type": "Feature", "properties": { "fid": 25337, "navn": null, "hoyde_moh": 612, "arealInnsjo_km2": 0.0032, "magasinKategori": null, "fid_2": 464, "id": 464, "left": 9.486919847, "top": 62.946110046000001, "right": 9.986919847, "bottom": 62.446110046000001, "row_index": 23, "col_index": 11, "tile_id": 464 }, "geometry": { "type": "MultiPolygon", "coordinates": [ [ [ [ 9.728091548104326, 62.946056681440737 ], [ 9.727524032998, 62.946016993807639 ], [ 9.727318611605247, 62.946110046 ], [ 9.728073457098418, 62.946110046 ], [ 9.728091548104326, 62.946056681440737 ] ] ] ] } },
{ "type": "Feature", "properties": { "fid": 25338, "navn": null, "hoyde_moh": 602, "arealInnsjo_km2": 0.0031, "magasinKategori": null, "fid_2": 464, "id": 464, "left": 9.486919847, "top": 62.946110046000001, "right": 9.986919847, "bottom": 62.446110046000001, "row_index": 23, "col_index": 11, "tile_id": 464 }, "geometry": { "type": "MultiPolygon", "coordinates": [ [ [ [ 9.726434962144078, 62.945570244822058 ], [ 9.726463266983611, 62.945293004349018 ], [ 9.726241403846078, 62.945084047740806 ], [ 9.725758005441904, 62.945033735348545 ], [ 9.725477320884114, 62.945287488561114 ], [ 9.725484905172681, 62.945555185772896 ], [ 9.726072772150891, 62.945677973379887 ], [ 9.726434962144078, 62.945570244822058 ] ] ] ] } },
{ "type": "Feature", "properties": { "fid": 25341, "navn": null, "hoyde_moh": 671, "arealInnsjo_km2": 0.004, "magasinKategori": null, "fid_2": 464, "id": 464, "left": 9.486919847, "top": 62.946110046000001, "right": 9.986919847, "bottom": 62.446110046000001, "row_index": 23, "col_index": 11, "tile_id": 464 }, "geometry": { "type": "MultiPolygon", "coordinates": [ [ [ [ 9.489605727661152, 62.938380154081926 ], [ 9.489978584692244, 62.938483395072979 ], [ 9.489999992772514, 62.938268237497489 ], [ 9.489786987064992, 62.938072614949824 ], [ 9.48938954190039, 62.938067318829823 ], [ 9.48945342433732, 62.937952731671935 ], [ 9.4892925810589, 62.937858687840489 ], [ 9.488959975261434, 62.937888777690155 ], [ 9.488310907290389, 62.938558785179708 ], [ 9.489605727661152, 62.938380154081926 ] ] ] ] } },
{ "type": "Feature", "properties": { "fid": 25342, "navn": null, "hoyde_moh": 632, "arealInnsjo_km2": 0.0031, "magasinKategori": null, "fid_2": 464, "id": 464, "left": 9.486919847, "top": 62.946110046000001, "right": 9.986919847, "bottom": 62.446110046000001, "row_index": 23, "col_index": 11, "tile_id": 464 }, "geometry": { "type": "MultiPolygon", "coordinates": [ [ [ [ 9.498711073843971, 62.940857829889111 ], [ 9.498481511270608, 62.94079801178664 ], [ 9.498373598593339, 62.94052335321431 ], [ 9.498953379935026, 62.940360972270746 ], [ 9.499513332447636, 62.940544213848199 ], [ 9.499571367325437, 62.940218081144856 ], [ 9.498440862184104, 62.940207030940925 ], [ 9.498010109856537, 62.940381623308916 ], [ 9.497953169350751, 62.940689259186549 ], [ 9.498711073843971, 62.940857829889111 ] ] ] ] } },
{ "type": "Feature", "properties": { "fid": 25393, "navn": null, "hoyde_moh": 916, "arealInnsjo_km2": 0.0059, "magasinKategori": null, "fid_2": 464, "id": 464, "left": 9.486919847, "top": 62.946110046000001, "right": 9.986919847, "bottom": 62.446110046000001, "row_index": 23, "col_index": 11, "tile_id": 464 }, "geometry": { "type": "MultiPolygon", "coordinates": [ [ [ [ 9.865778358165581, 62.76513856750362 ], [ 9.865826690982292, 62.76486468067403 ], [ 9.866498999456367, 62.764716288621734 ], [ 9.866459407954768, 62.764355514561466 ], [ 9.866820791209241, 62.764052602639232 ], [ 9.866866538690301, 62.763671831354422 ], [ 9.866041984532034, 62.763712898928667 ], [ 9.865740326828631, 62.764254246921794 ], [ 9.865764985866958, 62.764625180689748 ], [ 9.865290159573368, 62.765205980741186 ], [ 9.865778358165581, 62.76513856750362 ] ] ] ] } },
{ "type": "Feature", "properties": { "fid": 25426, "navn": null, "hoyde_moh": 1074, "arealInnsjo_km2": 0.0028, "magasinKategori": null, "fid_2": 464, "id": 464, "left": 9.486919847, "top": 62.946110046000001, "right": 9.986919847, "bottom": 62.446110046000001, "row_index": 23, "col_index": 11, "tile_id": 464 }, "geometry": { "type": "MultiPolygon", "coordinates": [ [ [ [ 9.746292337226798, 62.787731454781138 ], [ 9.746403613490477, 62.787680466419168 ], [ 9.74526798565214, 62.787412905769983 ], [ 9.744670713583492, 62.78757552468803 ], [ 9.744502285733928, 62.78785623960507 ], [ 9.746292337226798, 62.787731454781138 ] ] ] ] } },
{ "type": "Feature", "properties": { "fid": 25427, "navn": null, "hoyde_moh": 795, "arealInnsjo_km2": 0.0044, "magasinKategori": null, "fid_2": 464, "id": 464, "left": 9.486919847, "top": 62.946110046000001, "right": 9.986919847, "bottom": 62.446110046000001, "row_index": 23, "col_index": 11, "tile_id": 464 }, "geometry": { "type": "MultiPolygon", "coordinates": [ [ [ [ 9.855433361683495, 62.794083365878073 ], [ 9.855015372602015, 62.793870024621739 ], [ 9.855388450574873, 62.793550284582246 ], [ 9.854744579323105, 62.793388129362519 ], [ 9.854260404595767, 62.793713870456138 ], [ 9.854209042680235, 62.794084990541315 ], [ 9.854863588731574, 62.794236743218399 ], [ 9.855433361683495, 62.794083365878073 ] ] ] ] } },
{ "type": "Feature", "properties": { "fid": 25428, "navn": null, "hoyde_moh": 696, "arealInnsjo_km2": 0.0031, "magasinKategori": null, "fid_2": 464, "id": 464, "left": 9.486919847, "top": 62.946110046000001, "right": 9.986919847, "bottom": 62.446110046000001, "row_index": 23, "col_index": 11, "tile_id": 464 }, "geometry": { "type": "MultiPolygon", "coordinates": [ [ [ [ 9.905869826569617, 62.796509834159878 ], [ 9.905751990145987, 62.79602605529309 ], [ 9.905227836886063, 62.796261264032253 ], [ 9.905047374336529, 62.797060330539338 ], [ 9.905869826569617, 62.796509834159878 ] ] ] ] } },
{ "type": "Feature", "properties": { "fid": 25430, "navn": null, "hoyde_moh": 793, "arealInnsjo_km2": 0.0028, "magasinKategori": null, "fid_2": 464, "id": 464, "left": 9.486919847, "top": 62.946110046000001, "right": 9.986919847, "bottom": 62.446110046000001, "row_index": 23, "col_index": 11, "tile_id": 464 }, "geometry": { "type": "MultiPolygon", "coordinates": [ [ [ [ 9.859084102444653, 62.796378961023493 ], [ 9.858619719941213, 62.79634413594048 ], [ 9.85884956774688, 62.796180449882307 ], [ 9.858456122273784, 62.796071481192193 ], [ 9.858251082385129, 62.795702033064615 ], [ 9.857968491516464, 62.79573126463351 ], [ 9.858144095424811, 62.795891361798382 ], [ 9.857983948265025, 62.796065517628058 ], [ 9.85818392525295, 62.796203116344842 ], [ 9.857882137001036, 62.796251077338326 ], [ 9.857893153453006, 62.796415130503803 ], [ 9.858519984930613, 62.796610022389252 ], [ 9.859084102444653, 62.796378961023493 ] ] ] ] } },
{ "type": "Feature", "properties": { "fid": 25433, "navn": null, "hoyde_moh": 1034, "arealInnsjo_km2": 0.0058, "magasinKategori": null, "fid_2": 464, "id": 464, "left": 9.486919847, "top": 62.946110046000001, "right": 9.986919847, "bottom": 62.446110046000001, "row_index": 23, "col_index": 11, "tile_id": 464 }, "geometry": { "type": "MultiPolygon", "coordinates": [ [ [ [ 9.788395227300317, 62.795419312513545 ], [ 9.78895061871077, 62.794806981402573 ], [ 9.788013515891405, 62.794753104580394 ], [ 9.787495831318944, 62.795222427077796 ], [ 9.7875245034052, 62.795418822634488 ], [ 9.786610065615871, 62.795637226368932 ], [ 9.78681335175046, 62.795820855044212 ], [ 9.788395227300317, 62.795419312513545 ] ] ] ] } },
{ "type": "Feature", "properties": { "fid": 25434, "navn": null, "hoyde_moh": 694, "arealInnsjo_km2": 0.0038, "magasinKategori": null, "fid_2": 464, "id": 464, "left": 9.486919847, "top": 62.946110046000001, "right": 9.986919847, "bottom": 62.446110046000001, "row_index": 23, "col_index": 11, "tile_id": 464 }, "geometry": { "type": "MultiPolygon", "coordinates": [ [ [ [ 9.933601800005105, 62.803888769424475 ], [ 9.933655417743621, 62.803667692379342 ], [ 9.934239509635104, 62.803460451619365 ], [ 9.933758885961526, 62.803241685179572 ], [ 9.932891222988774, 62.803199932984143 ], [ 9.932863318162395, 62.803420048843456 ], [ 9.933274446393655, 62.803628033781351 ], [ 9.932849545603284, 62.804062320103021 ], [ 9.933134708570154, 62.804113904919475 ], [ 9.933601800005105, 62.803888769424475 ] ] ] ] } },
{ "type": "Feature", "properties": { "fid": 25435, "navn": null, "hoyde_moh": 833, "arealInnsjo_km2": 0.003, "magasinKategori": null, "fid_2": 464, "id": 464, "left": 9.486919847, "top": 62.946110046000001, "right": 9.986919847, "bottom": 62.446110046000001, "row_index": 23, "col_index": 11, "tile_id": 464 }, "geometry": { "type": "MultiPolygon", "coordinates": [ [ [ [ 9.857195724378142, 62.803008972549279 ], [ 9.85669774464327, 62.802812771946599 ], [ 9.857078548228598, 62.802553945637165 ], [ 9.856945990459092, 62.802186882268764 ], [ 9.855985203789446, 62.802449824853717 ], [ 9.85599415354724, 62.802576196460912 ], [ 9.856337793224757, 62.802681545466378 ], [ 9.856258842504408, 62.802998034678318 ], [ 9.857195724378142, 62.803008972549279 ] ] ] ] } },
{ "type": "Feature", "properties": { "fid": 25479, "navn": null, "hoyde_moh": 711, "arealInnsjo_km2": 0.0042, "magasinKategori": null, "fid_2": 464, "id": 464, "left": 9.486919847, "top": 62.946110046000001, "right": 9.986919847, "bottom": 62.446110046000001, "row_index": 23, "col_index": 11, "tile_id": 464 }, "geometry": { "type": "MultiPolygon", "coordinates": [ [ [ [ 9.9110206433489, 62.779416262638058 ], [ 9.911363481980313, 62.779130383205576 ], [ 9.911366741268937, 62.778558250538559 ], [ 9.909904148518946, 62.779456993896211 ], [ 9.910254531617475, 62.779645492978212 ], [ 9.9110206433489, 62.779416262638058 ] ] ] ] } },
{ "type": "Feature", "properties": { "fid": 25767, "navn": null, "hoyde_moh": 682, "arealInnsjo_km2": 0.0046, "magasinKategori": null, "fid_2": 464, "id": 464, "left": 9.486919847, "top": 62.946110046000001, "right": 9.986919847, "bottom": 62.446110046000001, "row_index": 23, "col_index": 11, "tile_id": 464 }, "geometry": { "type": "MultiPolygon", "coordinates": [ [ [ [ 9.93981530026611, 62.795746956695808 ], [ 9.940078022680693, 62.795162062637353 ], [ 9.939195241899572, 62.795121597497953 ], [ 9.938735329476163, 62.795760642421335 ], [ 9.939000056523801, 62.796005974007024 ], [ 9.93981530026611, 62.795746956695808 ] ] ] ] } },
{ "type": "Feature", "properties": { "fid": 25874, "navn": null, "hoyde_moh": 809, "arealInnsjo_km2": 0.0036, "magasinKategori": null, "fid_2": 464, "id": 464, "left": 9.486919847, "top": 62.946110046000001, "right": 9.986919847, "bottom": 62.446110046000001, "row_index": 23, "col_index": 11, "tile_id": 464 }, "geometry": { "type": "MultiPolygon", "coordinates": [ [ [ [ 9.565803093588681, 62.796379570702278 ], [ 9.566767234519608, 62.796162865681353 ], [ 9.565511308069457, 62.796008752166074 ], [ 9.564587167568027, 62.796328059031126 ], [ 9.565117768317934, 62.796373542235614 ], [ 9.5651364549487, 62.796514923037442 ], [ 9.565803093588681, 62.796379570702278 ] ] ] ] } },
{ "type": "Feature", "properties": { "fid": 26024, "navn": null, "hoyde_moh": 790, "arealInnsjo_km2": 0.0063, "magasinKategori": null, "fid_2": 464, "id": 464, "left": 9.486919847, "top": 62.946110046000001, "right": 9.986919847, "bottom": 62.446110046000001, "row_index": 23, "col_index": 11, "tile_id": 464 }, "geometry": { "type": "MultiPolygon", "coordinates": [ [ [ [ 9.862053345119953, 62.793043152224854 ], [ 9.862642331441627, 62.792953787010745 ], [ 9.862934249373643, 62.792557015911342 ], [ 9.861872753078741, 62.792048708638163 ], [ 9.861497324142103, 62.792741288437533 ], [ 9.861184367884752, 62.792936661439228 ], [ 9.86184293538397, 62.793254426632927 ], [ 9.862053345119953, 62.793043152224854 ] ] ] ] } },
{ "type": "Feature", "properties": { "fid": 26244, "navn": "Skriktjønnin", "hoyde_moh": 897, "arealInnsjo_km2": 0.0092, "magasinKategori": null, "fid_2": 464, "id": 464, "left": 9.486919847, "top": 62.946110046000001, "right": 9.986919847, "bottom": 62.446110046000001, "row_index": 23, "col_index": 11, "tile_id": 464 }, "geometry": { "type": "MultiPolygon", "coordinates": [ [ [ [ 9.518948150868711, 62.810779704364187 ], [ 9.518687786689824, 62.810414682561415 ], [ 9.518873499787274, 62.809948378666633 ], [ 9.519207573671668, 62.809705208414982 ], [ 9.519150013354487, 62.809589925888133 ], [ 9.517911454283132, 62.810111311771088 ], [ 9.516830165954484, 62.810192273281537 ], [ 9.516582364019493, 62.810407220922912 ], [ 9.516626977711734, 62.810639263516023 ], [ 9.51692148622957, 62.810761105118544 ], [ 9.517757063819573, 62.810545630007191 ], [ 9.518107745870502, 62.810857664449948 ], [ 9.518591283213798, 62.810999485219014 ], [ 9.518948150868711, 62.810779704364187 ] ] ] ] } },
{ "type": "Feature", "properties": { "fid": 26252, "navn": null, "hoyde_moh": 811, "arealInnsjo_km2": 0.0106, "magasinKategori": null, "fid_2": 464, "id": 464, "left": 9.486919847, "top": 62.946110046000001, "right": 9.986919847, "bottom": 62.446110046000001, "row_index": 23, "col_index": 11, "tile_id": 464 }, "geometry": { "type": "MultiPolygon", "coordinates": [ [ [ [ 9.750557356503659, 62.819597458712579 ], [ 9.750566062144966, 62.819315350594245 ], [ 9.751177727333129, 62.818724404114803 ], [ 9.750725630970692, 62.818574158563941 ], [ 9.749025863956385, 62.818905323128511 ], [ 9.748577097816419, 62.819165664706162 ], [ 9.749309487592033, 62.819723102580198 ], [ 9.749797463481928, 62.819803613200044 ], [ 9.750557356503659, 62.819597458712579 ] ] ] ] } },
{ "type": "Feature", "properties": { "fid": 26279, "navn": null, "hoyde_moh": 666, "arealInnsjo_km2": 0.0062, "magasinKategori": null, "fid_2": 464, "id": 464, "left": 9.486919847, "top": 62.946110046000001, "right": 9.986919847, "bottom": 62.446110046000001, "row_index": 23, "col_index": 11, "tile_id": 464 }, "geometry": { "type": "MultiPolygon", "coordinates": [ [ [ [ 9.885158559875013, 62.814041746740436 ], [ 9.885134540989418, 62.813802375983059 ], [ 9.884080527441704, 62.813407356188115 ], [ 9.883530397832988, 62.813738082206548 ], [ 9.883489132771182, 62.814248477048665 ], [ 9.884309876192763, 62.814328762698182 ], [ 9.885158559875013, 62.814041746740436 ] ] ] ] } },
{ "type": "Feature", "properties": { "fid": 26287, "navn": null, "hoyde_moh": 829, "arealInnsjo_km2": 0.0036, "magasinKategori": null, "fid_2": 464, "id": 464, "left": 9.486919847, "top": 62.946110046000001, "right": 9.986919847, "bottom": 62.446110046000001, "row_index": 23, "col_index": 11, "tile_id": 464 }, "geometry": { "type": "MultiPolygon", "coordinates": [ [ [ [ 9.840599201471951, 62.81783916104402 ], [ 9.841157048277582, 62.817560783396885 ], [ 9.840549332928434, 62.817278626561176 ], [ 9.839484103544407, 62.817648746354074 ], [ 9.839422393222771, 62.817807521487602 ], [ 9.840599201471951, 62.81783916104402 ] ] ] ] } },
{ "type": "Feature", "properties": { "fid": 26293, "navn": null, "hoyde_moh": 887, "arealInnsjo_km2": 0.0102, "magasinKategori": null, "fid_2": 464, "id": 464, "left": 9.486919847, "top": 62.946110046000001, "right": 9.986919847, "bottom": 62.446110046000001, "row_index": 23, "col_index": 11, "tile_id": 464 }, "geometry": { "type": "MultiPolygon", "coordinates": [ [ [ [ 9.517121912381732, 62.800470982356629 ], [ 9.515016343120822, 62.79972838340629 ], [ 9.513606902956351, 62.799732402840512 ], [ 9.513253586688329, 62.799944206645577 ], [ 9.513518175528045, 62.800058229133377 ], [ 9.513463302187162, 62.800176318196783 ], [ 9.514019443190888, 62.800322079539271 ], [ 9.516909875476237, 62.800561061619227 ], [ 9.517121912381732, 62.800470982356629 ] ] ] ] } },
{ "type": "Feature", "properties": { "fid": 26362, "navn": null, "hoyde_moh": 1099, "arealInnsjo_km2": 0.016, "magasinKategori": null, "fid_2": 464, "id": 464, "left": 9.486919847, "top": 62.946110046000001, "right": 9.986919847, "bottom": 62.446110046000001, "row_index": 23, "col_index": 11, "tile_id": 464 }, "geometry": { "type": "MultiPolygon", "coordinates": [ [ [ [ 9.751843203362226, 62.784603093759692 ], [ 9.752222832453498, 62.784298691829505 ], [ 9.753286637466923, 62.784249227106216 ], [ 9.753508539360931, 62.784049232946899 ], [ 9.752416850254903, 62.783681159122473 ], [ 9.751845280194257, 62.783300504298772 ], [ 9.750897384578854, 62.783590210735177 ], [ 9.750896067170993, 62.784154848990575 ], [ 9.750229385976105, 62.784070607571003 ], [ 9.750354728556122, 62.784284221876632 ], [ 9.750172810184118, 62.784374497930614 ], [ 9.749357068857876, 62.784473803304209 ], [ 9.750001163442388, 62.78459328370014 ], [ 9.750046179063254, 62.784742888532477 ], [ 9.75064254270816, 62.784969180188973 ], [ 9.751843203362226, 62.784603093759692 ] ] ] ] } },
{ "type": "Feature", "properties": { "fid": 26434, "navn": null, "hoyde_moh": 795, "arealInnsjo_km2": 0.007, "magasinKategori": null, "fid_2": 464, "id": 464, "left": 9.486919847, "top": 62.946110046000001, "right": 9.986919847, "bottom": 62.446110046000001, "row_index": 23, "col_index": 11, "tile_id": 464 }, "geometry": { "type": "MultiPolygon", "coordinates": [ [ [ [ 9.552633231543618, 62.786275969045462 ], [ 9.552822487530269, 62.785864133053451 ], [ 9.552666350125101, 62.785253497930462 ], [ 9.552336194238496, 62.7850573595924 ], [ 9.551365523232993, 62.785067710711438 ], [ 9.551627905214195, 62.785413306685982 ], [ 9.552035609012378, 62.785497358105339 ], [ 9.551730653232154, 62.785585314542452 ], [ 9.552180265397052, 62.785840989726914 ], [ 9.551591228486004, 62.786156662607297 ], [ 9.552391188364121, 62.786423155879064 ], [ 9.552633231543618, 62.786275969045462 ] ] ] ] } },
{ "type": "Feature", "properties": { "fid": 26618, "navn": null, "hoyde_moh": 751, "arealInnsjo_km2": 0.0032, "magasinKategori": null, "fid_2": 464, "id": 464, "left": 9.486919847, "top": 62.946110046000001, "right": 9.986919847, "bottom": 62.446110046000001, "row_index": 23, "col_index": 11, "tile_id": 464 }, "geometry": { "type": "MultiPolygon", "coordinates": [ [ [ [ 9.650877685082399, 62.865011380161626 ], [ 9.650960150636363, 62.864713791808839 ], [ 9.650120549265443, 62.864583753638705 ], [ 9.649892260535118, 62.864876061036881 ], [ 9.649375208512188, 62.865034097437288 ], [ 9.650571786870282, 62.865125445881226 ], [ 9.650877685082399, 62.865011380161626 ] ] ] ] } },
{ "type": "Feature", "properties": { "fid": 26619, "navn": null, "hoyde_moh": 775, "arealInnsjo_km2": 0.0029, "magasinKategori": null, "fid_2": 464, "id": 464, "left": 9.486919847, "top": 62.946110046000001, "right": 9.986919847, "bottom": 62.446110046000001, "row_index": 23, "col_index": 11, "tile_id": 464 }, "geometry": { "type": "MultiPolygon", "coordinates": [ [ [ [ 9.936488571133665, 62.876430395665388 ], [ 9.936226927388716, 62.87618725879809 ], [ 9.936253425182619, 62.875842226336239 ], [ 9.935796182049401, 62.875729954346667 ], [ 9.935412718416908, 62.875847577179428 ], [ 9.935649781442574, 62.876055016085253 ], [ 9.935513508352919, 62.876176592735852 ], [ 9.935600365173501, 62.876303415756183 ], [ 9.936488571133665, 62.876430395665388 ] ] ] ] } },
{ "type": "Feature", "properties": { "fid": 26620, "navn": null, "hoyde_moh": 732, "arealInnsjo_km2": 0.0027, "magasinKategori": null, "fid_2": 464, "id": 464, "left": 9.486919847, "top": 62.946110046000001, "right": 9.986919847, "bottom": 62.446110046000001, "row_index": 23, "col_index": 11, "tile_id": 464 }, "geometry": { "type": "MultiPolygon", "coordinates": [ [ [ [ 9.502018262625938, 62.86077847889414 ], [ 9.502440373718954, 62.86076430530656 ], [ 9.501739365645186, 62.860434486759523 ], [ 9.501020726477424, 62.860404654887752 ], [ 9.501144236311957, 62.860788196507649 ], [ 9.501590055211098, 62.86089869929932 ], [ 9.502018262625938, 62.86077847889414 ] ] ] ] } },
{ "type": "Feature", "properties": { "fid": 26621, "navn": null, "hoyde_moh": 726, "arealInnsjo_km2": 0.0028, "magasinKategori": null, "fid_2": 464, "id": 464, "left": 9.486919847, "top": 62.946110046000001, "right": 9.986919847, "bottom": 62.446110046000001, "row_index": 23, "col_index": 11, "tile_id": 464 }, "geometry": { "type": "MultiPolygon", "coordinates": [ [ [ [ 9.514404626708638, 62.862081894884206 ], [ 9.514250318112015, 62.861797783306741 ], [ 9.513204826401978, 62.861967735653607 ], [ 9.513336797959285, 62.862225867590844 ], [ 9.513894682264882, 62.862291657019632 ], [ 9.514404626708638, 62.862081894884206 ] ] ] ] } },
{ "type": "Feature", "properties": { "fid": 26629, "navn": null, "hoyde_moh": 1082, "arealInnsjo_km2": 0.0067, "magasinKategori": null, "fid_2": 464, "id": 464, "left": 9.486919847, "top": 62.946110046000001, "right": 9.986919847, "bottom": 62.446110046000001, "row_index": 23, "col_index": 11, "tile_id": 464 }, "geometry": { "type": "MultiPolygon", "coordinates": [ [ [ [ 9.745907581382626, 62.775647467465156 ], [ 9.745930619277054, 62.775475486323991 ], [ 9.746367597358535, 62.775322610476252 ], [ 9.746162379779886, 62.775154135818894 ], [ 9.745922625013636, 62.775274899943078 ], [ 9.744362816872959, 62.775102187999721 ], [ 9.743187017578816, 62.77518552860851 ], [ 9.743710281951639, 62.775432690530437 ], [ 9.744498153961178, 62.775523399682541 ], [ 9.744708094139799, 62.775623581998516 ], [ 9.744601139009703, 62.775762816525507 ], [ 9.745257566487796, 62.775821962744018 ], [ 9.745907581382626, 62.775647467465156 ] ] ] ] } },
{ "type": "Feature", "properties": { "fid": 26710, "navn": null, "hoyde_moh": 669, "arealInnsjo_km2": 0.0041, "magasinKategori": null, "fid_2": 464, "id": 464, "left": 9.486919847, "top": 62.946110046000001, "right": 9.986919847, "bottom": 62.446110046000001, "row_index": 23, "col_index": 11, "tile_id": 464 }, "geometry": { "type": "MultiPolygon", "coordinates": [ [ [ [ 9.672764309895651, 62.854520958107273 ], [ 9.673085390015835, 62.854251665911207 ], [ 9.67263986318191, 62.854013329505015 ], [ 9.672741404622094, 62.853654820753739 ], [ 9.672338852179394, 62.853372941213593 ], [ 9.67205573021748, 62.853505908024943 ], [ 9.671973863736554, 62.853747375715109 ], [ 9.67227594212387, 62.854189934388465 ], [ 9.672084439756732, 62.854509129172882 ], [ 9.672764309895651, 62.854520958107273 ] ] ] ] } },
{ "type": "Feature", "properties": { "fid": 26711, "navn": null, "hoyde_moh": 698, "arealInnsjo_km2": 0.0026, "magasinKategori": null, "fid_2": 464, "id": 464, "left": 9.486919847, "top": 62.946110046000001, "right": 9.986919847, "bottom": 62.446110046000001, "row_index": 23, "col_index": 11, "tile_id": 464 }, "geometry": { "type": "MultiPolygon", "coordinates": [ [ [ [ 9.935365914543027, 62.86689728201732 ], [ 9.934551004081801, 62.866208517071094 ], [ 9.934331929200642, 62.866181372710862 ], [ 9.934287751053901, 62.86663327082853 ], [ 9.935095446545512, 62.86710380362728 ], [ 9.935365914543027, 62.86689728201732 ] ] ] ] } },
{ "type": "Feature", "properties": { "fid": 26712, "navn": null, "hoyde_moh": 676, "arealInnsjo_km2": 0.0061, "magasinKategori": null, "fid_2": 464, "id": 464, "left": 9.486919847, "top": 62.946110046000001, "right": 9.986919847, "bottom": 62.446110046000001, "row_index": 23, "col_index": 11, "tile_id": 464 }, "geometry": { "type": "MultiPolygon", "coordinates": [ [ [ [ 9.756210462529403, 62.85844087277318 ], [ 9.756332940199524, 62.858188743443236 ], [ 9.757005009695151, 62.857788414397717 ], [ 9.755416515065924, 62.8577657664311 ], [ 9.755278791420398, 62.857840974848614 ], [ 9.755306746347459, 62.858072354497736 ], [ 9.754859377796183, 62.858232550647649 ], [ 9.754909229860909, 62.8584383849118 ], [ 9.756210462529403, 62.85844087277318 ] ] ] ] } },
{ "type": "Feature", "properties": { "fid": 26713, "navn": null, "hoyde_moh": 623, "arealInnsjo_km2": 0.0029, "magasinKategori": null, "fid_2": 464, "id": 464, "left": 9.486919847, "top": 62.946110046000001, "right": 9.986919847, "bottom": 62.446110046000001, "row_index": 23, "col_index": 11, "tile_id": 464 }, "geometry": { "type": "MultiPolygon", "coordinates": [ [ [ [ 9.728063818846659, 62.857300143227675 ], [ 9.727215470463678, 62.857038694204903 ], [ 9.726750369442781, 62.857400768869702 ], [ 9.727553912629144, 62.857644163716486 ], [ 9.728063818846659, 62.857300143227675 ] ] ] ] } },
{ "type": "Feature", "properties": { "fid": 26714, "navn": null, "hoyde_moh": 714, "arealInnsjo_km2": 0.0028, "magasinKategori": null, "fid_2": 464, "id": 464, "left": 9.486919847, "top": 62.946110046000001, "right": 9.986919847, "bottom": 62.446110046000001, "row_index": 23, "col_index": 11, "tile_id": 464 }, "geometry": { "type": "MultiPolygon", "coordinates": [ [ [ [ 9.944172347154813, 62.865069674969213 ], [ 9.944166866392095, 62.864782687035721 ], [ 9.944345942876977, 62.864595083905932 ], [ 9.944140057749509, 62.864458318627193 ], [ 9.943952096282542, 62.864424391564214 ], [ 9.943600646479542, 62.864698993165966 ], [ 9.943564284474244, 62.865567953992311 ], [ 9.944172347154813, 62.865069674969213 ] ] ] ] } },
{ "type": "Feature", "properties": { "fid": 26715, "navn": null, "hoyde_moh": 897, "arealInnsjo_km2": 0.0043, "magasinKategori": null, "fid_2": 464, "id": 464, "left": 9.486919847, "top": 62.946110046000001, "right": 9.986919847, "bottom": 62.446110046000001, "row_index": 23, "col_index": 11, "tile_id": 464 }, "geometry": { "type": "MultiPolygon", "coordinates": [ [ [ [ 9.563532259169426, 62.853151070547462 ], [ 9.564255698076, 62.852875699827983 ], [ 9.56481291248738, 62.852422731380294 ], [ 9.564812988622306, 62.852041799966649 ], [ 9.563245193232941, 62.853027292814517 ], [ 9.563055555239597, 62.853356523449271 ], [ 9.563082064586705, 62.85356309040354 ], [ 9.563532259169426, 62.853151070547462 ] ] ] ] } },
{ "type": "Feature", "properties": { "fid": 26744, "navn": null, "hoyde_moh": 743, "arealInnsjo_km2": 0.0174, "magasinKategori": null, "fid_2": 464, "id": 464, "left": 9.486919847, "top": 62.946110046000001, "right": 9.986919847, "bottom": 62.446110046000001, "row_index": 23, "col_index": 11, "tile_id": 464 }, "geometry": { "type": "MultiPolygon", "coordinates": [ [ [ [ 9.764473780355786, 62.831577914026937 ], [ 9.764883257186202, 62.831380387622296 ], [ 9.766149790315469, 62.831512255674625 ], [ 9.766649521154797, 62.83136028561772 ], [ 9.766658791383596, 62.831129397141517 ], [ 9.765872668820492, 62.830756401277448 ], [ 9.764537377912017, 62.83087353533459 ], [ 9.763053746705806, 62.830712412958803 ], [ 9.761988404655591, 62.831397701238096 ], [ 9.762315716695824, 62.831551707698289 ], [ 9.764473780355786, 62.831577914026937 ] ] ] ] } },
{ "type": "Feature", "properties": { "fid": 26772, "navn": null, "hoyde_moh": 835, "arealInnsjo_km2": 0.015, "magasinKategori": null, "fid_2": 464, "id": 464, "left": 9.486919847, "top": 62.946110046000001, "right": 9.986919847, "bottom": 62.446110046000001, "row_index": 23, "col_index": 11, "tile_id": 464 }, "geometry": { "type": "MultiPolygon", "coordinates": [ [ [ [ 9.647890827890253, 62.850310672794706 ], [ 9.647872229072449, 62.850119017489725 ], [ 9.64815284282013, 62.849814581568133 ], [ 9.648506884930237, 62.849841654790055 ], [ 9.648561536029627, 62.850035402956678 ], [ 9.649188944659628, 62.849942409050811 ], [ 9.649621410525205, 62.849496269608956 ], [ 9.649088030966979, 62.849403069481518 ], [ 9.647963671614756, 62.849549750387709 ], [ 9.647580214935733, 62.849347165360967 ], [ 9.647029753104096, 62.84975775913631 ], [ 9.646214427252316, 62.849977299902342 ], [ 9.646326505934161, 62.850341868578845 ], [ 9.646032114544676, 62.850509090023905 ], [ 9.646133743111283, 62.850766898953651 ], [ 9.646003057537476, 62.850887357520968 ], [ 9.646582757858203, 62.851093734569645 ], [ 9.647890827890253, 62.850310672794706 ] ] ] ] } },
{ "type": "Feature", "properties": { "fid": 26773, "navn": null, "hoyde_moh": 686, "arealInnsjo_km2": 0.0027, "magasinKategori": null, "fid_2": 464, "id": 464, "left": 9.486919847, "top": 62.946110046000001, "right": 9.986919847, "bottom": 62.446110046000001, "row_index": 23, "col_index": 11, "tile_id": 464 }, "geometry": { "type": "MultiPolygon", "coordinates": [ [ [ [ 9.752077739046275, 62.857264138170549 ], [ 9.751958568917502, 62.856947203443696 ], [ 9.751417830469309, 62.856914863499675 ], [ 9.750981432747565, 62.857237143163559 ], [ 9.75121696019246, 62.857418872542887 ], [ 9.751789575138471, 62.857478946130577 ], [ 9.752077739046275, 62.857264138170549 ] ] ] ] } },
{ "type": "Feature", "properties": { "fid": 26777, "navn": null, "hoyde_moh": 670, "arealInnsjo_km2": 0.0028, "magasinKategori": null, "fid_2": 464, "id": 464, "left": 9.486919847, "top": 62.946110046000001, "right": 9.986919847, "bottom": 62.446110046000001, "row_index": 23, "col_index": 11, "tile_id": 464 }, "geometry": { "type": "MultiPolygon", "coordinates": [ [ [ [ 9.764036078383274, 62.853152411928171 ], [ 9.764332242751037, 62.852941659456711 ], [ 9.763595361663961, 62.852868946271201 ], [ 9.762621922947892, 62.853127516805095 ], [ 9.762809957057026, 62.853231337174215 ], [ 9.762752309432321, 62.853363430804848 ], [ 9.764036078383274, 62.853152411928171 ] ] ] ] } },
{ "type": "Feature", "properties": { "fid": 26778, "navn": null, "hoyde_moh": 818, "arealInnsjo_km2": 0.0044, "magasinKategori": null, "fid_2": 464, "id": 464, "left": 9.486919847, "top": 62.946110046000001, "right": 9.986919847, "bottom": 62.446110046000001, "row_index": 23, "col_index": 11, "tile_id": 464 }, "geometry": { "type": "MultiPolygon", "coordinates": [ [ [ [ 9.587139698439845, 62.848669549009358 ], [ 9.587534525973988, 62.848437919519313 ], [ 9.586632284593016, 62.848100430673234 ], [ 9.585889640542399, 62.84838677591307 ], [ 9.585815103895182, 62.848672230495637 ], [ 9.586421031515423, 62.848789620292465 ], [ 9.587139698439845, 62.848669549009358 ] ] ] ] } },
{ "type": "Feature", "properties": { "fid": 26779, "navn": null, "hoyde_moh": 685, "arealInnsjo_km2": 0.0031, "magasinKategori": null, "fid_2": 464, "id": 464, "left": 9.486919847, "top": 62.946110046000001, "right": 9.986919847, "bottom": 62.446110046000001, "row_index": 23, "col_index": 11, "tile_id": 464 }, "geometry": { "type": "MultiPolygon", "coordinates": [ [ [ [ 9.961716087553375, 62.869329332880262 ], [ 9.961387397111254, 62.869128193661936 ], [ 9.961511781625632, 62.868813569398569 ], [ 9.961096690333392, 62.868692274695675 ], [ 9.960667677490896, 62.868929412706862 ], [ 9.960723392444462, 62.869343417649617 ], [ 9.961394424645416, 62.869448426348583 ], [ 9.961716087553375, 62.869329332880262 ] ] ] ] } },
{ "type": "Feature", "properties": { "fid": 26780, "navn": null, "hoyde_moh": 710, "arealInnsjo_km2": 0.0028, "magasinKategori": null, "fid_2": 464, "id": 464, "left": 9.486919847, "top": 62.946110046000001, "right": 9.986919847, "bottom": 62.446110046000001, "row_index": 23, "col_index": 11, "tile_id": 464 }, "geometry": { "type": "MultiPolygon", "coordinates": [ [ [ [ 9.932491828384171, 62.868850850382479 ], [ 9.932821003632629, 62.868541914566642 ], [ 9.932863507891039, 62.868082759104965 ], [ 9.932581370600055, 62.8680944516205 ], [ 9.931853488889562, 62.868723669139072 ], [ 9.932491828384171, 62.868850850382479 ] ] ] ] } },
{ "type": "Feature", "properties": { "fid": 26781, "navn": null, "hoyde_moh": 780, "arealInnsjo_km2": 0.0039, "magasinKategori": null, "fid_2": 464, "id": 464, "left": 9.486919847, "top": 62.946110046000001, "right": 9.986919847, "bottom": 62.446110046000001, "row_index": 23, "col_index": 11, "tile_id": 464 }, "geometry": { "type": "MultiPolygon", "coordinates": [ [ [ [ 9.65157137096911, 62.858405775889963 ], [ 9.651555117802699, 62.858057459013551 ], [ 9.651180495261906, 62.85791263373217 ], [ 9.650604612835142, 62.858060243260802 ], [ 9.650583116404508, 62.858366000852968 ], [ 9.65024726100669, 62.858652233073343 ], [ 9.650721586071148, 62.858670558901089 ], [ 9.65157137096911, 62.858405775889963 ] ] ] ] } },
{ "type": "Feature", "properties": { "fid": 26912, "navn": null, "hoyde_moh": 765, "arealInnsjo_km2": 0.0178, "magasinKategori": null, "fid_2": 464, "id": 464, "left": 9.486919847, "top": 62.946110046000001, "right": 9.986919847, "bottom": 62.446110046000001, "row_index": 23, "col_index": 11, "tile_id": 464 }, "geometry": { "type": "MultiPolygon", "coordinates": [ [ [ [ 9.897999712099686, 62.904981766210319 ], [ 9.898235983739047, 62.904609517656581 ], [ 9.898498775033875, 62.904749490592422 ], [ 9.899070289111586, 62.904656043578619 ], [ 9.899363509347976, 62.904868188499115 ], [ 9.900655164967938, 62.904821075389727 ], [ 9.899932978033837, 62.904571347487888 ], [ 9.900077221390459, 62.904387562525407 ], [ 9.899968616657087, 62.904327130007694 ], [ 9.898972399306974, 62.904145823401635 ], [ 9.896211485216172, 62.904114093295938 ], [ 9.895642434179482, 62.904454747315391 ], [ 9.894991197063089, 62.904538181542598 ], [ 9.895237773620781, 62.904752962130161 ], [ 9.896465836881687, 62.904804789437406 ], [ 9.897713366791601, 62.905070884261278 ], [ 9.897999712099686, 62.904981766210319 ] ] ] ] } },
{ "type": "Feature", "properties": { "fid": 26913, "navn": null, "hoyde_moh": 628, "arealInnsjo_km2": 0.0032, "magasinKategori": null, "fid_2": 464, "id": 464, "left": 9.486919847, "top": 62.946110046000001, "right": 9.986919847, "bottom": 62.446110046000001, "row_index": 23, "col_index": 11, "tile_id": 464 }, "geometry": { "type": "MultiPolygon", "coordinates": [ [ [ [ 9.640028812089785, 62.895540673532878 ], [ 9.639975913395405, 62.895378214577974 ], [ 9.64015318611867, 62.895253411683107 ], [ 9.63955832189473, 62.895020897955213 ], [ 9.638468785034751, 62.89545107366196 ], [ 9.639030713453206, 62.895529542111028 ], [ 9.639391551326471, 62.895394279057577 ], [ 9.639746420778108, 62.895632045452658 ], [ 9.640028812089785, 62.895540673532878 ] ] ] ] } },
{ "type": "Feature", "properties": { "fid": 26914, "navn": null, "hoyde_moh": 472, "arealInnsjo_km2": 0.003, "magasinKategori": null, "fid_2": 464, "id": 464, "left": 9.486919847, "top": 62.946110046000001, "right": 9.986919847, "bottom": 62.446110046000001, "row_index": 23, "col_index": 11, "tile_id": 464 }, "geometry": { "type": "MultiPolygon", "coordinates": [ [ [ [ 9.71565733054862, 62.898430261323398 ], [ 9.715650394618368, 62.898025007752366 ], [ 9.71518390618222, 62.897901759640561 ], [ 9.714656767871384, 62.898154950953149 ], [ 9.714945515694152, 62.898563593864004 ], [ 9.715176324664922, 62.898633269961827 ], [ 9.71565733054862, 62.898430261323398 ] ] ] ] } },
{ "type": "Feature", "properties": { "fid": 26915, "navn": null, "hoyde_moh": 778, "arealInnsjo_km2": 0.016, "magasinKategori": null, "fid_2": 464, "id": 464, "left": 9.486919847, "top": 62.946110046000001, "right": 9.986919847, "bottom": 62.446110046000001, "row_index": 23, "col_index": 11, "tile_id": 464 }, "geometry": { "type": "MultiPolygon", "coordinates": [ [ [ [ 9.943241655235347, 62.907697428524742 ], [ 9.943263295275477, 62.907235274735704 ], [ 9.943521752282273, 62.907129862038367 ], [ 9.943307334692408, 62.906708525210178 ], [ 9.940709268862438, 62.906404562177919 ], [ 9.94063363249246, 62.906507815743126 ], [ 9.940913120284517, 62.906620866063065 ], [ 9.94062575168137, 62.90671434969498 ], [ 9.940557042546839, 62.906892788656819 ], [ 9.939496679883854, 62.90697242458095 ], [ 9.940294046340139, 62.90737478409406 ], [ 9.941730948539028, 62.907273590452085 ], [ 9.942545408448094, 62.907509855530101 ], [ 9.942518969076017, 62.907821604700594 ], [ 9.943241655235347, 62.907697428524742 ] ] ] ] } },
{ "type": "Feature", "properties": { "fid": 26916, "navn": null, "hoyde_moh": 626, "arealInnsjo_km2": 0.0032, "magasinKategori": null, "fid_2": 464, "id": 464, "left": 9.486919847, "top": 62.946110046000001, "right": 9.986919847, "bottom": 62.446110046000001, "row_index": 23, "col_index": 11, "tile_id": 464 }, "geometry": { "type": "MultiPolygon", "coordinates": [ [ [ [ 9.635668520361884, 62.896805579528426 ], [ 9.635824543837003, 62.896457797207475 ], [ 9.636818293585666, 62.896191360232137 ], [ 9.635728899831912, 62.896182124126717 ], [ 9.634911912797753, 62.896392306001445 ], [ 9.635294942676197, 62.896492400947032 ], [ 9.635289256931845, 62.896703199794985 ], [ 9.634994976658648, 62.89684531116238 ], [ 9.635668520361884, 62.896805579528426 ] ] ] ] } },
{ "type": "Feature", "properties": { "fid": 26917, "navn": null, "hoyde_moh": 626, "arealInnsjo_km2": 0.0028, "magasinKategori": null, "fid_2": 464, "id": 464, "left": 9.486919847, "top": 62.946110046000001, "right": 9.986919847, "bottom": 62.446110046000001, "row_index": 23, "col_index": 11, "tile_id": 464 }, "geometry": { "type": "MultiPolygon", "coordinates": [ [ [ [ 9.638308153550465, 62.896627715061946 ], [ 9.63825256145873, 62.896377687051761 ], [ 9.637574544790338, 62.896244848578412 ], [ 9.637605124984253, 62.896427874405013 ], [ 9.637405415119803, 62.896635235475934 ], [ 9.637684469609573, 62.896928337166031 ], [ 9.638034319656404, 62.897020140483804 ], [ 9.638308153550465, 62.896627715061946 ] ] ] ] } },
{ "type": "Feature", "properties": { "fid": 26918, "navn": null, "hoyde_moh": 833, "arealInnsjo_km2": 0.0031, "magasinKategori": null, "fid_2": 464, "id": 464, "left": 9.486919847, "top": 62.946110046000001, "right": 9.986919847, "bottom": 62.446110046000001, "row_index": 23, "col_index": 11, "tile_id": 464 }, "geometry": { "type": "MultiPolygon", "coordinates": [ [ [ [ 9.508014605669787, 62.89218741671764 ], [ 9.508171806184757, 62.891738353423371 ], [ 9.508460182118597, 62.891527863609042 ], [ 9.507873633989986, 62.891430080046554 ], [ 9.507319263279275, 62.891714866342866 ], [ 9.50758235189325, 62.892065059090577 ], [ 9.507375482517707, 62.892192154208985 ], [ 9.508014605669787, 62.89218741671764 ] ] ] ] } },
{ "type": "Feature", "properties": { "fid": 26919, "navn": null, "hoyde_moh": 522, "arealInnsjo_km2": 0.0031, "magasinKategori": null, "fid_2": 464, "id": 464, "left": 9.486919847, "top": 62.946110046000001, "right": 9.986919847, "bottom": 62.446110046000001, "row_index": 23, "col_index": 11, "tile_id": 464 }, "geometry": { "type": "MultiPolygon", "coordinates": [ [ [ [ 9.701979035663845, 62.899280341648996 ], [ 9.701778203966704, 62.899207543082106 ], [ 9.701433221592842, 62.899469168295212 ], [ 9.701220083186955, 62.899193001220908 ], [ 9.701956794561806, 62.898863708207941 ], [ 9.700913070284992, 62.898976733445174 ], [ 9.700963843201741, 62.89943943201208 ], [ 9.700781323390993, 62.899540082799554 ], [ 9.701639807924154, 62.899700908163943 ], [ 9.701979035663845, 62.899280341648996 ] ] ] ] } },
{ "type": "Feature", "properties": { "fid": 26920, "navn": null, "hoyde_moh": 662, "arealInnsjo_km2": 0.0028, "magasinKategori": null, "fid_2": 464, "id": 464, "left": 9.486919847, "top": 62.946110046000001, "right": 9.986919847, "bottom": 62.446110046000001, "row_index": 23, "col_index": 11, "tile_id": 464 }, "geometry": { "type": "MultiPolygon", "coordinates": [ [ [ [ 9.601506026700545, 62.896912917656657 ], [ 9.601530874640767, 62.896853039223913 ], [ 9.600268547407017, 62.896721346258708 ], [ 9.600112689453102, 62.896977139275826 ], [ 9.60040745007565, 62.897315742611653 ], [ 9.601506026700545, 62.896912917656657 ] ] ] ] } },
{ "type": "Feature", "properties": { "fid": 26923, "navn": null, "hoyde_moh": 832, "arealInnsjo_km2": 0.0035, "magasinKategori": null, "fid_2": 464, "id": 464, "left": 9.486919847, "top": 62.946110046000001, "right": 9.986919847, "bottom": 62.446110046000001, "row_index": 23, "col_index": 11, "tile_id": 464 }, "geometry": { "type": "MultiPolygon", "coordinates": [ [ [ [ 9.487128567745, 62.895484093971014 ], [ 9.486972507866639, 62.895274760009386 ], [ 9.487068763687391, 62.895185744942076 ], [ 9.486919847, 62.895174124164619 ], [ 9.486919847, 62.895507546824135 ], [ 9.487128567745, 62.895484093971014 ] ] ] ] } },
{ "type": "Feature", "properties": { "fid": 26924, "navn": null, "hoyde_moh": 641, "arealInnsjo_km2": 0.0193, "magasinKategori": null, "fid_2": 464, "id": 464, "left": 9.486919847, "top": 62.946110046000001, "right": 9.986919847, "bottom": 62.446110046000001, "row_index": 23, "col_index": 11, "tile_id": 464 }, "geometry": { "type": "MultiPolygon", "coordinates": [ [ [ [ 9.60318760451436, 62.900731392406819 ], [ 9.604503650460737, 62.900880862154914 ], [ 9.605958440987537, 62.900707813346735 ], [ 9.607625325098693, 62.900800065294 ], [ 9.609529163689688, 62.900383318553359 ], [ 9.610003208274065, 62.900112172768459 ], [ 9.60967573847735, 62.899979401589569 ], [ 9.608575381616921, 62.900092011931797 ], [ 9.607229061509535, 62.899882117332233 ], [ 9.606575581542032, 62.900001764349511 ], [ 9.60640984437828, 62.900282471085298 ], [ 9.606050349395469, 62.900416717093563 ], [ 9.603723684538675, 62.900467595266235 ], [ 9.602644438015778, 62.900806750553322 ], [ 9.6028802415806, 62.90094655050865 ], [ 9.60318760451436, 62.900731392406819 ] ] ] ] } },
{ "type": "Feature", "properties": { "fid": 26958, "navn": null, "hoyde_moh": 678, "arealInnsjo_km2": 0.0027, "magasinKategori": null, "fid_2": 464, "id": 464, "left": 9.486919847, "top": 62.946110046000001, "right": 9.986919847, "bottom": 62.446110046000001, "row_index": 23, "col_index": 11, "tile_id": 464 }, "geometry": { "type": "MultiPolygon", "coordinates": [ [ [ [ 9.849417509269442, 62.910891724049435 ], [ 9.849340528100175, 62.910739471455592 ], [ 9.849506250499383, 62.910628488781583 ], [ 9.849202753338272, 62.910447254221282 ], [ 9.848591397129436, 62.910561359527634 ], [ 9.848421340342426, 62.910840421304037 ], [ 9.848849316668611, 62.911065439104874 ], [ 9.849417509269442, 62.910891724049435 ] ] ] ] } },
{ "type": "Feature", "properties": { "fid": 26976, "navn": null, "hoyde_moh": 1035, "arealInnsjo_km2": 0.0072, "magasinKategori": null, "fid_2": 464, "id": 464, "left": 9.486919847, "top": 62.946110046000001, "right": 9.986919847, "bottom": 62.446110046000001, "row_index": 23, "col_index": 11, "tile_id": 464 }, "geometry": { "type": "MultiPolygon", "coordinates": [ [ [ [ 9.78603412807613, 62.795352928099803 ], [ 9.786409238816528, 62.794889829786733 ], [ 9.785310199983098, 62.794651952092437 ], [ 9.784206801400456, 62.794958509125038 ], [ 9.784554793045567, 62.795266914058011 ], [ 9.785524587962588, 62.7954701237215 ], [ 9.78603412807613, 62.795352928099803 ] ] ] ] } },
{ "type": "Feature", "properties": { "fid": 27000, "navn": null, "hoyde_moh": 613, "arealInnsjo_km2": 0.0031, "magasinKategori": null, "fid_2": 464, "id": 464, "left": 9.486919847, "top": 62.946110046000001, "right": 9.986919847, "bottom": 62.446110046000001, "row_index": 23, "col_index": 11, "tile_id": 464 }, "geometry": { "type": "MultiPolygon", "coordinates": [ [ [ [ 9.754802292629201, 62.87794965413029 ], [ 9.754809809553711, 62.877745780854582 ], [ 9.754106240122088, 62.877693891635786 ], [ 9.753687058240898, 62.877867740498402 ], [ 9.753619627928632, 62.878210279845149 ], [ 9.753942189340652, 62.878314178966178 ], [ 9.754802292629201, 62.87794965413029 ] ] ] ] } },
{ "type": "Feature", "properties": { "fid": 27001, "navn": null, "hoyde_moh": 837, "arealInnsjo_km2": 0.0034, "magasinKategori": null, "fid_2": 464, "id": 464, "left": 9.486919847, "top": 62.946110046000001, "right": 9.986919847, "bottom": 62.446110046000001, "row_index": 23, "col_index": 11, "tile_id": 464 }, "geometry": { "type": "MultiPolygon", "coordinates": [ [ [ [ 9.928238698387604, 62.880940443594476 ], [ 9.928268880813022, 62.880679476309076 ], [ 9.927284963108496, 62.88090110167056 ], [ 9.927394470901456, 62.881218024784737 ], [ 9.927030307772814, 62.881475133176679 ], [ 9.927593521787266, 62.881593772750946 ], [ 9.928238698387604, 62.880940443594476 ] ] ] ] } },
{ "type": "Feature", "properties": { "fid": 27002, "navn": null, "hoyde_moh": 803, "arealInnsjo_km2": 0.0031, "magasinKategori": null, "fid_2": 464, "id": 464, "left": 9.486919847, "top": 62.946110046000001, "right": 9.986919847, "bottom": 62.446110046000001, "row_index": 23, "col_index": 11, "tile_id": 464 }, "geometry": { "type": "MultiPolygon", "coordinates": [ [ [ [ 9.901044632086183, 62.880655668225508 ], [ 9.900942993112142, 62.880188674050942 ], [ 9.900551896080785, 62.87984379029696 ], [ 9.900620183911382, 62.87963593274398 ], [ 9.900257581629822, 62.879654002332337 ], [ 9.900223610288618, 62.880262629971675 ], [ 9.900864531666491, 62.88072119915357 ], [ 9.901044632086183, 62.880655668225508 ] ] ] ] } },
{ "type": "Feature", "properties": { "fid": 27004, "navn": null, "hoyde_moh": 912, "arealInnsjo_km2": 0.0032, "magasinKategori": null, "fid_2": 464, "id": 464, "left": 9.486919847, "top": 62.946110046000001, "right": 9.986919847, "bottom": 62.446110046000001, "row_index": 23, "col_index": 11, "tile_id": 464 }, "geometry": { "type": "MultiPolygon", "coordinates": [ [ [ [ 9.598999626776346, 62.873584717094772 ], [ 9.599213160530917, 62.873004575914294 ], [ 9.598619573879413, 62.872911398223479 ], [ 9.598111547596185, 62.873345239708776 ], [ 9.598159836531263, 62.873574046642482 ], [ 9.598999626776346, 62.873584717094772 ] ] ] ] } },
{ "type": "Feature", "properties": { "fid": 27005, "navn": null, "hoyde_moh": 601, "arealInnsjo_km2": 0.0028, "magasinKategori": null, "fid_2": 464, "id": 464, "left": 9.486919847, "top": 62.946110046000001, "right": 9.986919847, "bottom": 62.446110046000001, "row_index": 23, "col_index": 11, "tile_id": 464 }, "geometry": { "type": "MultiPolygon", "coordinates": [ [ [ [ 9.749288865543907, 62.882086288379647 ], [ 9.74891774815279, 62.881734032881127 ], [ 9.748318112398119, 62.881813313562006 ], [ 9.74861793206029, 62.881990335057502 ], [ 9.74789314258431, 62.882026610855362 ], [ 9.748911487822127, 62.882279321572156 ], [ 9.749288865543907, 62.882086288379647 ] ] ] ] } },
{ "type": "Feature", "properties": { "fid": 27006, "navn": null, "hoyde_moh": 660, "arealInnsjo_km2": 0.0033, "magasinKategori": null, "fid_2": 464, "id": 464, "left": 9.486919847, "top": 62.946110046000001, "right": 9.986919847, "bottom": 62.446110046000001, "row_index": 23, "col_index": 11, "tile_id": 464 }, "geometry": { "type": "MultiPolygon", "coordinates": [ [ [ [ 9.777212989473007, 62.885334582775151 ], [ 9.776076182187643, 62.885549867003 ], [ 9.775836719771419, 62.885744132451613 ], [ 9.77596008977803, 62.885946656275223 ], [ 9.776733875516907, 62.886022810772232 ], [ 9.777212989473007, 62.885334582775151 ] ] ] ] } },
{ "type": "Feature", "properties": { "fid": 27015, "navn": null, "hoyde_moh": 696, "arealInnsjo_km2": 0.0039, "magasinKategori": null, "fid_2": 464, "id": 464, "left": 9.486919847, "top": 62.946110046000001, "right": 9.986919847, "bottom": 62.446110046000001, "row_index": 23, "col_index": 11, "tile_id": 464 }, "geometry": { "type": "MultiPolygon", "coordinates": [ [ [ [ 9.936064392360253, 62.805024852321779 ], [ 9.936087387778761, 62.804827409263204 ], [ 9.935834518225711, 62.804781133899226 ], [ 9.935832435814094, 62.804648277313419 ], [ 9.93622919019411, 62.804186609258799 ], [ 9.93573048900533, 62.80409206316785 ], [ 9.935270319396871, 62.804579509741814 ], [ 9.935655751331065, 62.805074972640504 ], [ 9.935418911859932, 62.80523690339421 ], [ 9.935360216828988, 62.805466973612653 ], [ 9.935544123064229, 62.805498257349129 ], [ 9.936064392360253, 62.805024852321779 ] ] ] ] } },
{ "type": "Feature", "properties": { "fid": 27039, "navn": null, "hoyde_moh": 596, "arealInnsjo_km2": 0.0027, "magasinKategori": null, "fid_2": 464, "id": 464, "left": 9.486919847, "top": 62.946110046000001, "right": 9.986919847, "bottom": 62.446110046000001, "row_index": 23, "col_index": 11, "tile_id": 464 }, "geometry": { "type": "MultiPolygon", "coordinates": [ [ [ [ 9.668297648468892, 62.884025643047224 ], [ 9.668577111722501, 62.883817041116615 ], [ 9.668424431788752, 62.883567309846178 ], [ 9.668151905387736, 62.883522243681618 ], [ 9.667080816512897, 62.884011895652598 ], [ 9.668297648468892, 62.884025643047224 ] ] ] ] } },
{ "type": "Feature", "properties": { "fid": 27042, "navn": null, "hoyde_moh": 555, "arealInnsjo_km2": 0.0031, "magasinKategori": null, "fid_2": 464, "id": 464, "left": 9.486919847, "top": 62.946110046000001, "right": 9.986919847, "bottom": 62.446110046000001, "row_index": 23, "col_index": 11, "tile_id": 464 }, "geometry": { "type": "MultiPolygon", "coordinates": [ [ [ [ 9.693816318945894, 62.891509011558547 ], [ 9.693321012635487, 62.890961420533664 ], [ 9.692897970484168, 62.890878063546097 ], [ 9.692957734061711, 62.89164407228602 ], [ 9.693445089105721, 62.891762158111824 ], [ 9.693816318945894, 62.891509011558547 ] ] ] ] } },
{ "type": "Feature", "properties": { "fid": 27043, "navn": null, "hoyde_moh": 624, "arealInnsjo_km2": 0.0028, "magasinKategori": null, "fid_2": 464, "id": 464, "left": 9.486919847, "top": 62.946110046000001, "right": 9.986919847, "bottom": 62.446110046000001, "row_index": 23, "col_index": 11, "tile_id": 464 }, "geometry": { "type": "MultiPolygon", "coordinates": [ [ [ [ 9.742600098752224, 62.894821570175786 ], [ 9.740943748474566, 62.89465051604811 ], [ 9.741199197110712, 62.894873039677734 ], [ 9.742311173473206, 62.89509959542238 ], [ 9.742600098752224, 62.894821570175786 ] ] ] ] } },
{ "type": "Feature", "properties": { "fid": 27050, "navn": null, "hoyde_moh": 694, "arealInnsjo_km2": 0.0037, "magasinKategori": null, "fid_2": 464, "id": 464, "left": 9.486919847, "top": 62.946110046000001, "right": 9.986919847, "bottom": 62.446110046000001, "row_index": 23, "col_index": 11, "tile_id": 464 }, "geometry": { "type": "MultiPolygon", "coordinates": [ [ [ [ 9.568182421559138, 62.891536535375614 ], [ 9.568131795631626, 62.891308702014499 ], [ 9.568380745350355, 62.8909755407334 ], [ 9.567580788187579, 62.890923853944749 ], [ 9.567029929313723, 62.891187756549016 ], [ 9.567412093526469, 62.891203869718815 ], [ 9.567345199920895, 62.891351841093552 ], [ 9.567649937957009, 62.891456843671861 ], [ 9.567650614095593, 62.891790197476503 ], [ 9.567889231519086, 62.891809403405638 ], [ 9.568182421559138, 62.891536535375614 ] ] ] ] } },
{ "type": "Feature", "properties": { "fid": 27051, "navn": null, "hoyde_moh": 614, "arealInnsjo_km2": 0.0058, "magasinKategori": null, "fid_2": 464, "id": 464, "left": 9.486919847, "top": 62.946110046000001, "right": 9.986919847, "bottom": 62.446110046000001, "row_index": 23, "col_index": 11, "tile_id": 464 }, "geometry": { "type": "MultiPolygon", "coordinates": [ [ [ [ 9.742034770323222, 62.898567655125881 ], [ 9.743061892932552, 62.898463516465981 ], [ 9.743633707681616, 62.898101763812548 ], [ 9.743052587790528, 62.89801661725042 ], [ 9.742697087510932, 62.898286307871494 ], [ 9.741605618978712, 62.898245786246093 ], [ 9.740768869260522, 62.898516559033311 ], [ 9.740844777111761, 62.898748386372617 ], [ 9.741401011507946, 62.898801929762932 ], [ 9.742034770323222, 62.898567655125881 ] ] ] ] } },
{ "type": "Feature", "properties": { "fid": 27058, "navn": null, "hoyde_moh": 907, "arealInnsjo_km2": 0.0092, "magasinKategori": null, "fid_2": 464, "id": 464, "left": 9.486919847, "top": 62.946110046000001, "right": 9.986919847, "bottom": 62.446110046000001, "row_index": 23, "col_index": 11, "tile_id": 464 }, "geometry": { "type": "MultiPolygon", "coordinates": [ [ [ [ 9.514066292256926, 62.805888640569712 ], [ 9.513843853240809, 62.80553588897876 ], [ 9.512952527698861, 62.804845595742023 ], [ 9.512593306434166, 62.804733722405302 ], [ 9.512184057112014, 62.804837142493213 ], [ 9.512015223512217, 62.805121047407013 ], [ 9.512548983338649, 62.805538805338763 ], [ 9.512495677148358, 62.805974912427239 ], [ 9.512863004081362, 62.806149829901983 ], [ 9.514066292256926, 62.805888640569712 ] ] ] ] } },
{ "type": "Feature", "properties": { "fid": 27244, "navn": null, "hoyde_moh": 810, "arealInnsjo_km2": 0.0047, "magasinKategori": null, "fid_2": 464, "id": 464, "left": 9.486919847, "top": 62.946110046000001, "right": 9.986919847, "bottom": 62.446110046000001, "row_index": 23, "col_index": 11, "tile_id": 464 }, "geometry": { "type": "MultiPolygon", "coordinates": [ [ [ [ 9.933134364232583, 62.878929954789065 ], [ 9.932919059650748, 62.878537347636914 ], [ 9.932991769121736, 62.878250114901142 ], [ 9.932624915844785, 62.878234918463946 ], [ 9.932028035086448, 62.878603030118931 ], [ 9.931593364761147, 62.878185692960898 ], [ 9.931067175167613, 62.878339813389729 ], [ 9.931665551522162, 62.878487322977364 ], [ 9.931808725726816, 62.878763623260326 ], [ 9.932974476752822, 62.879026119692142 ], [ 9.933134364232583, 62.878929954789065 ] ] ] ] } },
{ "type": "Feature", "properties": { "fid": 27245, "navn": null, "hoyde_moh": 732, "arealInnsjo_km2": 0.0026, "magasinKategori": null, "fid_2": 464, "id": 464, "left": 9.486919847, "top": 62.946110046000001, "right": 9.986919847, "bottom": 62.446110046000001, "row_index": 23, "col_index": 11, "tile_id": 464 }, "geometry": { "type": "MultiPolygon", "coordinates": [ [ [ [ 9.492918747230297, 62.863200197196086 ], [ 9.49319375426974, 62.863132316307293 ], [ 9.491678138127641, 62.862859708561693 ], [ 9.491204920010944, 62.863056523322044 ], [ 9.492918747230297, 62.863200197196086 ] ] ] ] } },
{ "type": "Feature", "properties": { "fid": 27246, "navn": null, "hoyde_moh": 787, "arealInnsjo_km2": 0.0046, "magasinKategori": null, "fid_2": 464, "id": 464, "left": 9.486919847, "top": 62.946110046000001, "right": 9.986919847, "bottom": 62.446110046000001, "row_index": 23, "col_index": 11, "tile_id": 464 }, "geometry": { "type": "MultiPolygon", "coordinates": [ [ [ [ 9.937642925985347, 62.880646995180605 ], [ 9.937510078313608, 62.879987664791621 ], [ 9.936809063300146, 62.879703885750871 ], [ 9.936336350067871, 62.879921483665804 ], [ 9.936571259701259, 62.880262523066641 ], [ 9.937441677801845, 62.88069741603784 ], [ 9.937642925985347, 62.880646995180605 ] ] ] ] } },
{ "type": "Feature", "properties": { "fid": 27247, "navn": null, "hoyde_moh": 598, "arealInnsjo_km2": 0.0031, "magasinKategori": null, "fid_2": 464, "id": 464, "left": 9.486919847, "top": 62.946110046000001, "right": 9.986919847, "bottom": 62.446110046000001, "row_index": 23, "col_index": 11, "tile_id": 464 }, "geometry": { "type": "MultiPolygon", "coordinates": [ [ [ [ 9.673314873573922, 62.870536966650427 ], [ 9.673019959976623, 62.870414033710958 ], [ 9.671992580527274, 62.87052869816101 ], [ 9.67202129910846, 62.870887825988575 ], [ 9.672734415447788, 62.871015901715523 ], [ 9.673314873573922, 62.870536966650427 ] ] ] ] } },
{ "type": "Feature", "properties": { "fid": 27266, "navn": null, "hoyde_moh": 784, "arealInnsjo_km2": 0.0031, "magasinKategori": null, "fid_2": 464, "id": 464, "left": 9.486919847, "top": 62.946110046000001, "right": 9.986919847, "bottom": 62.446110046000001, "row_index": 23, "col_index": 11, "tile_id": 464 }, "geometry": { "type": "MultiPolygon", "coordinates": [ [ [ [ 9.516759422002924, 62.911037722292058 ], [ 9.516948580275326, 62.910471731332606 ], [ 9.516183983274031, 62.910547856830064 ], [ 9.515831120702947, 62.910742623236835 ], [ 9.515748642007511, 62.910944688748422 ], [ 9.51614615353745, 62.91112136547023 ], [ 9.516759422002924, 62.911037722292058 ] ] ] ] } },
{ "type": "Feature", "properties": { "fid": 27283, "navn": null, "hoyde_moh": 712, "arealInnsjo_km2": 0.0026, "magasinKategori": null, "fid_2": 464, "id": 464, "left": 9.486919847, "top": 62.946110046000001, "right": 9.986919847, "bottom": 62.446110046000001, "row_index": 23, "col_index": 11, "tile_id": 464 }, "geometry": { "type": "MultiPolygon", "coordinates": [ [ [ [ 9.664096760545252, 62.9058809769666 ], [ 9.66412530448731, 62.905480915854859 ], [ 9.66441664522355, 62.905299401078217 ], [ 9.663958379428255, 62.905213724927016 ], [ 9.663118441080529, 62.90569135082773 ], [ 9.664096760545252, 62.9058809769666 ] ] ] ] } },
{ "type": "Feature", "properties": { "fid": 27284, "navn": null, "hoyde_moh": 663, "arealInnsjo_km2": 0.0032, "magasinKategori": null, "fid_2": 464, "id": 464, "left": 9.486919847, "top": 62.946110046000001, "right": 9.986919847, "bottom": 62.446110046000001, "row_index": 23, "col_index": 11, "tile_id": 464 }, "geometry": { "type": "MultiPolygon", "coordinates": [ [ [ [ 9.856340256950636, 62.913236701512915 ], [ 9.856179551439222, 62.912742220169754 ], [ 9.855258959305907, 62.912702816431938 ], [ 9.85560187184249, 62.913338099020436 ], [ 9.856074340666172, 62.913394681578445 ], [ 9.856340256950636, 62.913236701512915 ] ] ] ] } },
{ "type": "Feature", "properties": { "fid": 27286, "navn": null, "hoyde_moh": 634, "arealInnsjo_km2": 0.0054, "magasinKategori": null, "fid_2": 464, "id": 464, "left": 9.486919847, "top": 62.946110046000001, "right": 9.986919847, "bottom": 62.446110046000001, "row_index": 23, "col_index": 11, "tile_id": 464 }, "geometry": { "type": "MultiPolygon", "coordinates": [ [ [ [ 9.56775377747636, 62.904018324900534 ], [ 9.56788079350358, 62.903803830856852 ], [ 9.56630368618768, 62.903558981507622 ], [ 9.565859648640684, 62.903714793231096 ], [ 9.566164630015477, 62.904061431767097 ], [ 9.566790965494622, 62.904259576298784 ], [ 9.56775377747636, 62.904018324900534 ] ] ] ] } },
{ "type": "Feature", "properties": { "fid": 27287, "navn": null, "hoyde_moh": 928, "arealInnsjo_km2": 0.0045, "magasinKategori": null, "fid_2": 464, "id": 464, "left": 9.486919847, "top": 62.946110046000001, "right": 9.986919847, "bottom": 62.446110046000001, "row_index": 23, "col_index": 11, "tile_id": 464 }, "geometry": { "type": "MultiPolygon", "coordinates": [ [ [ [ 9.889683499071797, 62.916236152047468 ], [ 9.889064773899928, 62.916182652020765 ], [ 9.889018712523075, 62.915848743122403 ], [ 9.888740649011263, 62.915780080600953 ], [ 9.888358092220333, 62.91600576358227 ], [ 9.888675068219539, 62.916277538776143 ], [ 9.88863964874675, 62.916694944677801 ], [ 9.888796061045511, 62.916952882532321 ], [ 9.889093857996683, 62.917008046788524 ], [ 9.889683499071797, 62.916236152047468 ] ] ] ] } },
{ "type": "Feature", "properties": { "fid": 27288, "navn": null, "hoyde_moh": 813, "arealInnsjo_km2": 0.0084, "magasinKategori": null, "fid_2": 464, "id": 464, "left": 9.486919847, "top": 62.946110046000001, "right": 9.986919847, "bottom": 62.446110046000001, "row_index": 23, "col_index": 11, "tile_id": 464 }, "geometry": { "type": "MultiPolygon", "coordinates": [ [ [ [ 9.506995554476674, 62.903737650437677 ], [ 9.507759805803321, 62.903133736109105 ], [ 9.50669231455878, 62.902907109360498 ], [ 9.506091016359832, 62.90296660296255 ], [ 9.505321876757998, 62.903562758416541 ], [ 9.505419364729315, 62.903766539188354 ], [ 9.506359493686688, 62.90374889994029 ], [ 9.506630983290799, 62.903891887444658 ], [ 9.506995554476674, 62.903737650437677 ] ] ] ] } },
{ "type": "Feature", "properties": { "fid": 27289, "navn": null, "hoyde_moh": 630, "arealInnsjo_km2": 0.0039, "magasinKategori": null, "fid_2": 464, "id": 464, "left": 9.486919847, "top": 62.946110046000001, "right": 9.986919847, "bottom": 62.446110046000001, "row_index": 23, "col_index": 11, "tile_id": 464 }, "geometry": { "type": "MultiPolygon", "coordinates": [ [ [ [ 9.571089858541949, 62.906138245718587 ], [ 9.571195342616326, 62.905875942956847 ], [ 9.569952933231695, 62.905909707156546 ], [ 9.569342654388363, 62.906247825218941 ], [ 9.569395551336237, 62.906393402887751 ], [ 9.571089858541949, 62.906138245718587 ] ] ] ] } },
{ "type": "Feature", "properties": { "fid": 27290, "navn": null, "hoyde_moh": 632, "arealInnsjo_km2": 0.0041, "magasinKategori": null, "fid_2": 464, "id": 464, "left": 9.486919847, "top": 62.946110046000001, "right": 9.986919847, "bottom": 62.446110046000001, "row_index": 23, "col_index": 11, "tile_id": 464 }, "geometry": { "type": "MultiPolygon", "coordinates": [ [ [ [ 9.573738978646016, 62.906369042879994 ], [ 9.574557116057985, 62.906291976796147 ], [ 9.574395087509343, 62.906019715897393 ], [ 9.573939267022972, 62.905851761962822 ], [ 9.573514629954005, 62.906159440388969 ], [ 9.572945585462168, 62.906182845873168 ], [ 9.572511589654384, 62.906396210264745 ], [ 9.572624085242676, 62.906606719052341 ], [ 9.573738978646016, 62.906369042879994 ] ] ] ] } },
{ "type": "Feature", "properties": { "fid": 27293, "navn": null, "hoyde_moh": 898, "arealInnsjo_km2": 0.0028, "magasinKategori": null, "fid_2": 464, "id": 464, "left": 9.486919847, "top": 62.946110046000001, "right": 9.986919847, "bottom": 62.446110046000001, "row_index": 23, "col_index": 11, "tile_id": 464 }, "geometry": { "type": "MultiPolygon", "coordinates": [ [ [ [ 9.881684941651836, 62.918956937423161 ], [ 9.880722066810339, 62.91855685085801 ], [ 9.880093175703692, 62.918723625732305 ], [ 9.880529255414936, 62.91896745478941 ], [ 9.881190615805469, 62.919071931937772 ], [ 9.881684941651836, 62.918956937423161 ] ] ] ] } },
{ "type": "Feature", "properties": { "fid": 27294, "navn": null, "hoyde_moh": 914, "arealInnsjo_km2": 0.003, "magasinKategori": null, "fid_2": 464, "id": 464, "left": 9.486919847, "top": 62.946110046000001, "right": 9.986919847, "bottom": 62.446110046000001, "row_index": 23, "col_index": 11, "tile_id": 464 }, "geometry": { "type": "MultiPolygon", "coordinates": [ [ [ [ 9.930268136404244, 62.921129791828236 ], [ 9.930365524097191, 62.920988012399079 ], [ 9.929707858048427, 62.920787107797544 ], [ 9.929038191895144, 62.920811478718164 ], [ 9.928444741033756, 62.921082655005904 ], [ 9.930268136404244, 62.921129791828236 ] ] ] ] } },
{ "type": "Feature", "properties": { "fid": 27295, "navn": null, "hoyde_moh": 738, "arealInnsjo_km2": 0.0037, "magasinKategori": null, "fid_2": 464, "id": 464, "left": 9.486919847, "top": 62.946110046000001, "right": 9.986919847, "bottom": 62.446110046000001, "row_index": 23, "col_index": 11, "tile_id": 464 }, "geometry": { "type": "MultiPolygon", "coordinates": [ [ [ [ 9.530018775248228, 62.906354220801589 ], [ 9.529961026577666, 62.905896782835825 ], [ 9.528915652869548, 62.905981134356061 ], [ 9.528711242468344, 62.906126715564653 ], [ 9.528847948910721, 62.906432974422245 ], [ 9.529519061960128, 62.90650146006773 ], [ 9.530018775248228, 62.906354220801589 ] ] ] ] } },
{ "type": "Feature", "properties": { "fid": 27309, "navn": null, "hoyde_moh": 668, "arealInnsjo_km2": 0.0257, "magasinKategori": null, "fid_2": 464, "id": 464, "left": 9.486919847, "top": 62.946110046000001, "right": 9.986919847, "bottom": 62.446110046000001, "row_index": 23, "col_index": 11, "tile_id": 464 }, "geometry": { "type": "MultiPolygon", "coordinates": [ [ [ [ 9.586025117878622, 62.915219144335424 ], [ 9.586057056008807, 62.914900459951859 ], [ 9.586399201313796, 62.914664171709148 ], [ 9.586543370398285, 62.914315968860038 ], [ 9.586313307963053, 62.914082054141936 ], [ 9.588084251009727, 62.913254059508354 ], [ 9.58821636643531, 62.912856707825767 ], [ 9.588487289482542, 62.912706496020078 ], [ 9.587786456116241, 62.912748293752792 ], [ 9.587407826974546, 62.91256751950187 ], [ 9.586601232291939, 62.912516423345558 ], [ 9.585790100370604, 62.912708479932455 ], [ 9.586131112935886, 62.913462575240075 ], [ 9.584828909681429, 62.914060934435597 ], [ 9.584650566854487, 62.914775969032064 ], [ 9.584814539660174, 62.915066196750345 ], [ 9.585563901375654, 62.91532558498448 ], [ 9.586025117878622, 62.915219144335424 ] ] ] ] } },
{ "type": "Feature", "properties": { "fid": 27312, "navn": null, "hoyde_moh": 1082, "arealInnsjo_km2": 0.0026, "magasinKategori": null, "fid_2": 464, "id": 464, "left": 9.486919847, "top": 62.946110046000001, "right": 9.986919847, "bottom": 62.446110046000001, "row_index": 23, "col_index": 11, "tile_id": 464 }, "geometry": { "type": "MultiPolygon", "coordinates": [ [ [ [ 9.962202326540936, 62.931099354895828 ], [ 9.962759083542215, 62.930936205437881 ], [ 9.962269361435164, 62.930689566059812 ], [ 9.961273157478134, 62.93081504203758 ], [ 9.961248633086086, 62.930988323102021 ], [ 9.962202326540936, 62.931099354895828 ] ] ] ] } },
{ "type": "Feature", "properties": { "fid": 27313, "navn": null, "hoyde_moh": 807, "arealInnsjo_km2": 0.0027, "magasinKategori": null, "fid_2": 464, "id": 464, "left": 9.486919847, "top": 62.946110046000001, "right": 9.986919847, "bottom": 62.446110046000001, "row_index": 23, "col_index": 11, "tile_id": 464 }, "geometry": { "type": "MultiPolygon", "coordinates": [ [ [ [ 9.504558112617639, 62.914330381677736 ], [ 9.504732596790021, 62.914127593708685 ], [ 9.504119434153658, 62.914068276408159 ], [ 9.503155709663744, 62.914346249624572 ], [ 9.502980659697506, 62.914558283572404 ], [ 9.503256521612268, 62.914670037037197 ], [ 9.504558112617639, 62.914330381677736 ] ] ] ] } },
{ "type": "Feature", "properties": { "fid": 27314, "navn": null, "hoyde_moh": 997, "arealInnsjo_km2": 0.0039, "magasinKategori": null, "fid_2": 464, "id": 464, "left": 9.486919847, "top": 62.946110046000001, "right": 9.986919847, "bottom": 62.446110046000001, "row_index": 23, "col_index": 11, "tile_id": 464 }, "geometry": { "type": "MultiPolygon", "coordinates": [ [ [ [ 9.924789042252373, 62.930361284450257 ], [ 9.924387449888425, 62.929971494076248 ], [ 9.923778046368115, 62.929538227146153 ], [ 9.923214551529682, 62.929458089835947 ], [ 9.923352894485046, 62.929905235455834 ], [ 9.924466902024859, 62.930498739795681 ], [ 9.924789042252373, 62.930361284450257 ] ] ] ] } },
{ "type": "Feature", "properties": { "fid": 27315, "navn": null, "hoyde_moh": 809, "arealInnsjo_km2": 0.0152, "magasinKategori": null, "fid_2": 464, "id": 464, "left": 9.486919847, "top": 62.946110046000001, "right": 9.986919847, "bottom": 62.446110046000001, "row_index": 23, "col_index": 11, "tile_id": 464 }, "geometry": { "type": "MultiPolygon", "coordinates": [ [ [ [ 9.891753335013478, 62.929608619181167 ], [ 9.892115877362007, 62.929420431529415 ], [ 9.892027707496219, 62.929171362870342 ], [ 9.89243750530885, 62.92925963738 ], [ 9.893019126340803, 62.929117987960026 ], [ 9.893054092668148, 62.928873655720544 ], [ 9.893369426603664, 62.928731883657804 ], [ 9.892623998939818, 62.928541025537193 ], [ 9.892190996368498, 62.928587934522497 ], [ 9.89199770427709, 62.928834530447169 ], [ 9.891554785870611, 62.928862455459928 ], [ 9.890830837409354, 62.928479754582099 ], [ 9.889953860802478, 62.928383248701394 ], [ 9.889820772506114, 62.928680607259579 ], [ 9.889485320918887, 62.928852679215126 ], [ 9.890184982597034, 62.928937085847878 ], [ 9.890479552442569, 62.929284868611731 ], [ 9.890161276253011, 62.929594760150088 ], [ 9.890763239101426, 62.929811373395218 ], [ 9.891753335013478, 62.929608619181167 ] ] ] ] } },
{ "type": "Feature", "properties": { "fid": 27316, "navn": null, "hoyde_moh": 813, "arealInnsjo_km2": 0.0067, "magasinKategori": null, "fid_2": 464, "id": 464, "left": 9.486919847, "top": 62.946110046000001, "right": 9.986919847, "bottom": 62.446110046000001, "row_index": 23, "col_index": 11, "tile_id": 464 }, "geometry": { "type": "MultiPolygon", "coordinates": [ [ [ [ 9.49307306265456, 62.914730204285661 ], [ 9.493121882216935, 62.914388053248807 ], [ 9.492532881781605, 62.914283281642462 ], [ 9.492907549574065, 62.914088071489431 ], [ 9.492301987799918, 62.913898322466537 ], [ 9.491629140210119, 62.913897182116251 ], [ 9.491205927367933, 62.914066098954066 ], [ 9.491578708218743, 62.914223700343939 ], [ 9.491399598117116, 62.91482264468155 ], [ 9.491709642821174, 62.914819752879161 ], [ 9.492160561952026, 62.914528891690054 ], [ 9.492210793996678, 62.914872220098196 ], [ 9.49307306265456, 62.914730204285661 ] ] ] ] } },
{ "type": "Feature", "properties": { "fid": 27317, "navn": null, "hoyde_moh": 815, "arealInnsjo_km2": 0.0028, "magasinKategori": null, "fid_2": 464, "id": 464, "left": 9.486919847, "top": 62.946110046000001, "right": 9.986919847, "bottom": 62.446110046000001, "row_index": 23, "col_index": 11, "tile_id": 464 }, "geometry": { "type": "MultiPolygon", "coordinates": [ [ [ [ 9.494110588416371, 62.915123058253521 ], [ 9.494179526138884, 62.914887891750539 ], [ 9.493397731986125, 62.91480374932619 ], [ 9.492612173617349, 62.915214533431332 ], [ 9.493016857811691, 62.915318120399277 ], [ 9.494110588416371, 62.915123058253521 ] ] ] ] } },
{ "type": "Feature", "properties": { "fid": 27320, "navn": null, "hoyde_moh": 759, "arealInnsjo_km2": 0.003, "magasinKategori": null, "fid_2": 464, "id": 464, "left": 9.486919847, "top": 62.946110046000001, "right": 9.986919847, "bottom": 62.446110046000001, "row_index": 23, "col_index": 11, "tile_id": 464 }, "geometry": { "type": "MultiPolygon", "coordinates": [ [ [ [ 9.520105192624669, 62.906758567373068 ], [ 9.520115341500077, 62.906358752942154 ], [ 9.520698143451417, 62.905992493413066 ], [ 9.520727718916049, 62.905671191848782 ], [ 9.520060383281388, 62.905841928157187 ], [ 9.519851426880331, 62.906474106143719 ], [ 9.519460842149185, 62.906693688789083 ], [ 9.520105192624669, 62.906758567373068 ] ] ] ] } },
{ "type": "Feature", "properties": { "fid": 27335, "navn": null, "hoyde_moh": 886, "arealInnsjo_km2": 0.0037, "magasinKategori": null, "fid_2": 464, "id": 464, "left": 9.486919847, "top": 62.946110046000001, "right": 9.986919847, "bottom": 62.446110046000001, "row_index": 23, "col_index": 11, "tile_id": 464 }, "geometry": { "type": "MultiPolygon", "coordinates": [ [ [ [ 9.890918761404869, 62.920341680994802 ], [ 9.890187068828437, 62.920273472975033 ], [ 9.88900792638462, 62.919881431382045 ], [ 9.888218466829313, 62.920102148802769 ], [ 9.889582989413757, 62.920423737356892 ], [ 9.890918761404869, 62.920341680994802 ] ] ] ] } },
{ "type": "Feature", "properties": { "fid": 27354, "navn": null, "hoyde_moh": 801, "arealInnsjo_km2": 0.003, "magasinKategori": null, "fid_2": 464, "id": 464, "left": 9.486919847, "top": 62.946110046000001, "right": 9.986919847, "bottom": 62.446110046000001, "row_index": 23, "col_index": 11, "tile_id": 464 }, "geometry": { "type": "MultiPolygon", "coordinates": [ [ [ [ 9.98459579817454, 62.923968970577334 ], [ 9.985341801624132, 62.923599373332486 ], [ 9.985045379665083, 62.923492293890156 ], [ 9.983869893531173, 62.923600830826189 ], [ 9.984170726109527, 62.924123037247433 ], [ 9.984445270602068, 62.924144780531464 ], [ 9.98459579817454, 62.923968970577334 ] ] ] ] } },
{ "type": "Feature", "properties": { "fid": 27942, "navn": null, "hoyde_moh": 1038, "arealInnsjo_km2": 0.0044, "magasinKategori": null, "fid_2": 464, "id": 464, "left": 9.486919847, "top": 62.946110046000001, "right": 9.986919847, "bottom": 62.446110046000001, "row_index": 23, "col_index": 11, "tile_id": 464 }, "geometry": { "type": "MultiPolygon", "coordinates": [ [ [ [ 9.783686416097549, 62.795634386751061 ], [ 9.783357990890767, 62.795039513239573 ], [ 9.782663282128912, 62.794920923502808 ], [ 9.782038478820773, 62.795100671073236 ], [ 9.782891068393067, 62.795591143814242 ], [ 9.783686416097549, 62.795634386751061 ] ] ] ] } },
{ "type": "Feature", "properties": { "fid": 27948, "navn": null, "hoyde_moh": 892, "arealInnsjo_km2": 0.0038, "magasinKategori": null, "fid_2": 464, "id": 464, "left": 9.486919847, "top": 62.946110046000001, "right": 9.986919847, "bottom": 62.446110046000001, "row_index": 23, "col_index": 11, "tile_id": 464 }, "geometry": { "type": "MultiPolygon", "coordinates": [ [ [ [ 9.498820268681797, 62.795479787938106 ], [ 9.497929834316786, 62.795268201982161 ], [ 9.497041572758611, 62.794750973319424 ], [ 9.49654090314716, 62.794695243104897 ], [ 9.496814958926956, 62.795105763997526 ], [ 9.497453390636686, 62.795273093894693 ], [ 9.497728917490951, 62.79553508420684 ], [ 9.498355118315775, 62.79564073155349 ], [ 9.498820268681797, 62.795479787938106 ] ] ] ] } },
{ "type": "Feature", "properties": { "fid": 28183, "navn": null, "hoyde_moh": 940, "arealInnsjo_km2": 0.0034, "magasinKategori": null, "fid_2": 464, "id": 464, "left": 9.486919847, "top": 62.946110046000001, "right": 9.986919847, "bottom": 62.446110046000001, "row_index": 23, "col_index": 11, "tile_id": 464 }, "geometry": { "type": "MultiPolygon", "coordinates": [ [ [ [ 9.854074174059756, 62.76846479020341 ], [ 9.854659939082664, 62.767840588484177 ], [ 9.854076101816956, 62.767686375263999 ], [ 9.853375616349187, 62.768236730230441 ], [ 9.853571767767601, 62.76850627275789 ], [ 9.854074174059756, 62.76846479020341 ] ] ] ] } },
{ "type": "Feature", "properties": { "fid": 28185, "navn": null, "hoyde_moh": 1174, "arealInnsjo_km2": 0.0117, "magasinKategori": null, "fid_2": 464, "id": 464, "left": 9.486919847, "top": 62.946110046000001, "right": 9.986919847, "bottom": 62.446110046000001, "row_index": 23, "col_index": 11, "tile_id": 464 }, "geometry": { "type": "MultiPolygon", "coordinates": [ [ [ [ 9.793084119871001, 62.77201490586426 ], [ 9.79358443718777, 62.771519829087694 ], [ 9.793371168613263, 62.771351131347707 ], [ 9.792609789221286, 62.771234959937779 ], [ 9.790085237807856, 62.771496229452367 ], [ 9.791407141419976, 62.771534173634556 ], [ 9.791039385129938, 62.771783684140466 ], [ 9.791289434141326, 62.771920911818597 ], [ 9.791128789362897, 62.772085263102113 ], [ 9.791608868090195, 62.772329733005208 ], [ 9.792245833572631, 62.772358964833948 ], [ 9.793084119871001, 62.77201490586426 ] ] ] ] } },
{ "type": "Feature", "properties": { "fid": 28280, "navn": null, "hoyde_moh": 661, "arealInnsjo_km2": 0.0097, "magasinKategori": null, "fid_2": 464, "id": 464, "left": 9.486919847, "top": 62.946110046000001, "right": 9.986919847, "bottom": 62.446110046000001, "row_index": 23, "col_index": 11, "tile_id": 464 }, "geometry": { "type": "MultiPolygon", "coordinates": [ [ [ [ 9.896464936262316, 62.799576516340437 ], [ 9.896505785213874, 62.798797477701733 ], [ 9.896223273830328, 62.798504719347427 ], [ 9.89560758604661, 62.798528300999379 ], [ 9.895316125174309, 62.7990469572065 ], [ 9.895178488405143, 62.80007770320028 ], [ 9.895467997576857, 62.800319978508078 ], [ 9.896464936262316, 62.799576516340437 ] ] ] ] } },
{ "type": "Feature", "properties": { "fid": 28286, "navn": null, "hoyde_moh": 748, "arealInnsjo_km2": 0.0075, "magasinKategori": null, "fid_2": 464, "id": 464, "left": 9.486919847, "top": 62.946110046000001, "right": 9.986919847, "bottom": 62.446110046000001, "row_index": 23, "col_index": 11, "tile_id": 464 }, "geometry": { "type": "MultiPolygon", "coordinates": [ [ [ [ 9.61243775772734, 62.811033119318303 ], [ 9.612531170858102, 62.810657677643221 ], [ 9.612297676497272, 62.810470269675285 ], [ 9.611061416373843, 62.810257141534898 ], [ 9.610639070254591, 62.810662066958216 ], [ 9.610743388225805, 62.810896440875922 ], [ 9.61108908506298, 62.811062873084055 ], [ 9.612006313181528, 62.81124422620762 ], [ 9.61243775772734, 62.811033119318303 ] ] ] ] } },
{ "type": "Feature", "properties": { "fid": 28292, "navn": null, "hoyde_moh": 892, "arealInnsjo_km2": 0.0024, "magasinKategori": null, "fid_2": 464, "id": 464, "left": 9.486919847, "top": 62.946110046000001, "right": 9.986919847, "bottom": 62.446110046000001, "row_index": 23, "col_index": 11, "tile_id": 464 }, "geometry": { "type": "MultiPolygon", "coordinates": [ [ [ [ 9.500886206296386, 62.796315054419324 ], [ 9.501164943668115, 62.796128076362578 ], [ 9.50067128188388, 62.795850793153647 ], [ 9.499952742729613, 62.795937100593704 ], [ 9.500126949538366, 62.796152364273034 ], [ 9.500011397837335, 62.796262490714525 ], [ 9.500886206296386, 62.796315054419324 ] ] ] ] } },
{ "type": "Feature", "properties": { "fid": 28293, "navn": null, "hoyde_moh": 820, "arealInnsjo_km2": 0.0035, "magasinKategori": null, "fid_2": 464, "id": 464, "left": 9.486919847, "top": 62.946110046000001, "right": 9.986919847, "bottom": 62.446110046000001, "row_index": 23, "col_index": 11, "tile_id": 464 }, "geometry": { "type": "MultiPolygon", "coordinates": [ [ [ [ 9.897634200767094, 62.769662075167396 ], [ 9.897514733922403, 62.769008821761716 ], [ 9.897234741608232, 62.769053153051331 ], [ 9.896665525130635, 62.770221491564776 ], [ 9.896776546963437, 62.770338795350334 ], [ 9.897634200767094, 62.769662075167396 ] ] ] ] } },
{ "type": "Feature", "properties": { "fid": 28317, "navn": null, "hoyde_moh": 621, "arealInnsjo_km2": 0.0042, "magasinKategori": null, "fid_2": 464, "id": 464, "left": 9.486919847, "top": 62.946110046000001, "right": 9.986919847, "bottom": 62.446110046000001, "row_index": 23, "col_index": 11, "tile_id": 464 }, "geometry": { "type": "MultiPolygon", "coordinates": [ [ [ [ 9.945075236759244, 62.817717241269705 ], [ 9.945319216681209, 62.817407746527365 ], [ 9.945306882752011, 62.817165041544072 ], [ 9.945015901604606, 62.817090426253529 ], [ 9.944345927207939, 62.817381975861004 ], [ 9.943904075860287, 62.817992276948104 ], [ 9.945075236759244, 62.817717241269705 ] ] ] ] } },
{ "type": "Feature", "properties": { "fid": 28340, "navn": "Skrepptjønna", "hoyde_moh": 951, "arealInnsjo_km2": 0.01, "magasinKategori": null, "fid_2": 464, "id": 464, "left": 9.486919847, "top": 62.946110046000001, "right": 9.986919847, "bottom": 62.446110046000001, "row_index": 23, "col_index": 11, "tile_id": 464 }, "geometry": { "type": "MultiPolygon", "coordinates": [ [ [ [ 9.569500547553034, 62.821034367359154 ], [ 9.56896881811395, 62.820449912330439 ], [ 9.567821661329452, 62.819799885493488 ], [ 9.567631491408573, 62.819809084960397 ], [ 9.567494832411899, 62.820037414201003 ], [ 9.566841239346608, 62.82012487912467 ], [ 9.566973357738627, 62.820457201263167 ], [ 9.56814876442337, 62.820266189003348 ], [ 9.56815944033351, 62.82047655186571 ], [ 9.567684646758636, 62.820550331066251 ], [ 9.567208794832016, 62.820882973069779 ], [ 9.569500547553034, 62.821034367359154 ] ] ] ] } },
{ "type": "Feature", "properties": { "fid": 28341, "navn": null, "hoyde_moh": 806, "arealInnsjo_km2": 0.0201, "magasinKategori": null, "fid_2": 464, "id": 464, "left": 9.486919847, "top": 62.946110046000001, "right": 9.986919847, "bottom": 62.446110046000001, "row_index": 23, "col_index": 11, "tile_id": 464 }, "geometry": { "type": "MultiPolygon", "coordinates": [ [ [ [ 9.570629042523169, 62.78773458931893 ], [ 9.572026930058923, 62.787808758338208 ], [ 9.572486192689118, 62.787610641218045 ], [ 9.572568492589358, 62.787081528962297 ], [ 9.571777173066934, 62.786617060672143 ], [ 9.571190763175506, 62.786546940128332 ], [ 9.570391539578793, 62.786937793243354 ], [ 9.56918456210138, 62.787127293636139 ], [ 9.568419351716559, 62.787590186823785 ], [ 9.570100099602234, 62.787864039859485 ], [ 9.570629042523169, 62.78773458931893 ] ] ] ] } },
{ "type": "Feature", "properties": { "fid": 28376, "navn": null, "hoyde_moh": 998, "arealInnsjo_km2": 0.0101, "magasinKategori": null, "fid_2": 464, "id": 464, "left": 9.486919847, "top": 62.946110046000001, "right": 9.986919847, "bottom": 62.446110046000001, "row_index": 23, "col_index": 11, "tile_id": 464 }, "geometry": { "type": "MultiPolygon", "coordinates": [ [ [ [ 9.537852200109489, 62.812728035876795 ], [ 9.538105113029431, 62.812520812963541 ], [ 9.538150920860359, 62.812173868971165 ], [ 9.537058072495874, 62.811488687614769 ], [ 9.536586851860092, 62.811454685761568 ], [ 9.536398578806683, 62.811709869409505 ], [ 9.536422537554781, 62.812048550054605 ], [ 9.536662178599789, 62.81219727960935 ], [ 9.536833880144787, 62.812887018420604 ], [ 9.537852200109489, 62.812728035876795 ] ] ] ] } },
{ "type": "Feature", "properties": { "fid": 28389, "navn": null, "hoyde_moh": 804, "arealInnsjo_km2": 0.0036, "magasinKategori": null, "fid_2": 464, "id": 464, "left": 9.486919847, "top": 62.946110046000001, "right": 9.986919847, "bottom": 62.446110046000001, "row_index": 23, "col_index": 11, "tile_id": 464 }, "geometry": { "type": "MultiPolygon", "coordinates": [ [ [ [ 9.859533507756082, 62.799135175854218 ], [ 9.859449039385462, 62.798921290349483 ], [ 9.859893881757253, 62.798808390547705 ], [ 9.860062641999912, 62.798551238841064 ], [ 9.859709146951836, 62.798444007622749 ], [ 9.859079692730978, 62.798614650723792 ], [ 9.858576926715825, 62.799037520508413 ], [ 9.85922991651756, 62.799228147745389 ], [ 9.859533507756082, 62.799135175854218 ] ] ] ] } },
{ "type": "Feature", "properties": { "fid": 28555, "navn": null, "hoyde_moh": 649, "arealInnsjo_km2": 0.0039, "magasinKategori": null, "fid_2": 464, "id": 464, "left": 9.486919847, "top": 62.946110046000001, "right": 9.986919847, "bottom": 62.446110046000001, "row_index": 23, "col_index": 11, "tile_id": 464 }, "geometry": { "type": "MultiPolygon", "coordinates": [ [ [ [ 9.587100428962158, 62.900385688047706 ], [ 9.587550598438121, 62.900418757843887 ], [ 9.588048253919419, 62.900132030705741 ], [ 9.587848570082921, 62.899889025575526 ], [ 9.586353769082079, 62.899898187730948 ], [ 9.586810266820541, 62.900310899774084 ], [ 9.586664093945336, 62.900561565078881 ], [ 9.58700589331638, 62.900599285135172 ], [ 9.587100428962158, 62.900385688047706 ] ], [ [ 9.587216971676851, 62.900015726003183 ], [ 9.587361172216253, 62.900018934916723 ], [ 9.587491264339828, 62.900187001578786 ], [ 9.587216971676851, 62.900015726003183 ] ] ] ] } },
{ "type": "Feature", "properties": { "fid": 29097, "navn": null, "hoyde_moh": 903, "arealInnsjo_km2": 0.0037, "magasinKategori": null, "fid_2": 464, "id": 464, "left": 9.486919847, "top": 62.946110046000001, "right": 9.986919847, "bottom": 62.446110046000001, "row_index": 23, "col_index": 11, "tile_id": 464 }, "geometry": { "type": "MultiPolygon", "coordinates": [ [ [ [ 9.511484274786531, 62.802834983092161 ], [ 9.51165340561499, 62.8026010386235 ], [ 9.511377059720012, 62.802049710910673 ], [ 9.510921413116501, 62.801830024297814 ], [ 9.510710385218221, 62.802393605563203 ], [ 9.510927298720114, 62.802777736479264 ], [ 9.511484274786531, 62.802834983092161 ] ] ] ] } },
{ "type": "Feature", "properties": { "fid": 29120, "navn": null, "hoyde_moh": 665, "arealInnsjo_km2": 0.0065, "magasinKategori": null, "fid_2": 464, "id": 464, "left": 9.486919847, "top": 62.946110046000001, "right": 9.986919847, "bottom": 62.446110046000001, "row_index": 23, "col_index": 11, "tile_id": 464 }, "geometry": { "type": "MultiPolygon", "coordinates": [ [ [ [ 9.883624282376147, 62.816760264911615 ], [ 9.883979253338111, 62.816231521906204 ], [ 9.883972215917868, 62.815847206828472 ], [ 9.883594306596711, 62.815425627679389 ], [ 9.882700261735113, 62.815802296622778 ], [ 9.88308680891393, 62.816236338387114 ], [ 9.883200956937868, 62.816818610629831 ], [ 9.883624282376147, 62.816760264911615 ] ] ] ] } },
{ "type": "Feature", "properties": { "fid": 29141, "navn": null, "hoyde_moh": 799, "arealInnsjo_km2": 0.015, "magasinKategori": null, "fid_2": 464, "id": 464, "left": 9.486919847, "top": 62.946110046000001, "right": 9.986919847, "bottom": 62.446110046000001, "row_index": 23, "col_index": 11, "tile_id": 464 }, "geometry": { "type": "MultiPolygon", "coordinates": [ [ [ [ 9.880024930797751, 62.7874202508183 ], [ 9.881014316285357, 62.786700734421579 ], [ 9.882276795991674, 62.785696089140707 ], [ 9.8830144150634, 62.784881731694213 ], [ 9.882583689682756, 62.784803406871234 ], [ 9.8819174222462, 62.785241343352617 ], [ 9.881148747278848, 62.785379106869712 ], [ 9.880324353935698, 62.786359873881565 ], [ 9.880283209306896, 62.786589582462632 ], [ 9.879117379071925, 62.787654597852388 ], [ 9.880024930797751, 62.7874202508183 ] ] ] ] } },
{ "type": "Feature", "properties": { "fid": 29166, "navn": null, "hoyde_moh": 1083, "arealInnsjo_km2": 0.0097, "magasinKategori": null, "fid_2": 464, "id": 464, "left": 9.486919847, "top": 62.946110046000001, "right": 9.986919847, "bottom": 62.446110046000001, "row_index": 23, "col_index": 11, "tile_id": 464 }, "geometry": { "type": "MultiPolygon", "coordinates": [ [ [ [ 9.918051744059204, 62.523326647681067 ], [ 9.917660256751454, 62.523160968297994 ], [ 9.91763629986726, 62.522893085795367 ], [ 9.916993328248846, 62.52271679589883 ], [ 9.916802833893055, 62.522485842596154 ], [ 9.917086289956723, 62.521858972887451 ], [ 9.915179747857648, 62.522031620584528 ], [ 9.916051890266823, 62.522778724868829 ], [ 9.917980981477191, 62.523443448370038 ], [ 9.918051744059204, 62.523326647681067 ] ] ] ] } },
{ "type": "Feature", "properties": { "fid": 29167, "navn": null, "hoyde_moh": 1009, "arealInnsjo_km2": 0.0284, "magasinKategori": null, "fid_2": 464, "id": 464, "left": 9.486919847, "top": 62.946110046000001, "right": 9.986919847, "bottom": 62.446110046000001, "row_index": 23, "col_index": 11, "tile_id": 464 }, "geometry": { "type": "MultiPolygon", "coordinates": [ [ [ [ 9.954732253803437, 62.567226133774675 ], [ 9.955089040506113, 62.567008195658708 ], [ 9.955026511119691, 62.56665536310075 ], [ 9.954607397873646, 62.56654458456029 ], [ 9.954703583666324, 62.566459271889137 ], [ 9.955103308990926, 62.566324839403897 ], [ 9.956726652880013, 62.566374517319673 ], [ 9.957302984511189, 62.565993315382755 ], [ 9.957704501213419, 62.565991810509935 ], [ 9.957703017433113, 62.565635248252171 ], [ 9.957198464958632, 62.565322580175682 ], [ 9.955719066638951, 62.565083437169655 ], [ 9.954000417812862, 62.56583750686989 ], [ 9.954276562702402, 62.566082825667316 ], [ 9.953145261162827, 62.566479031785235 ], [ 9.953152196903105, 62.566810064228953 ], [ 9.9533914052946, 62.567058187117397 ], [ 9.954659560141224, 62.567456680852743 ], [ 9.954732253803437, 62.567226133774675 ] ] ] ] } },
{ "type": "Feature", "properties": { "fid": 29181, "navn": null, "hoyde_moh": 1020, "arealInnsjo_km2": 0.0036, "magasinKategori": null, "fid_2": 464, "id": 464, "left": 9.486919847, "top": 62.946110046000001, "right": 9.986919847, "bottom": 62.446110046000001, "row_index": 23, "col_index": 11, "tile_id": 464 }, "geometry": { "type": "MultiPolygon", "coordinates": [ [ [ [ 9.546549773261352, 62.814399232649151 ], [ 9.546591901380701, 62.814076893850796 ], [ 9.545001002065794, 62.813922289183523 ], [ 9.545109405979151, 62.814041873778415 ], [ 9.544975251155604, 62.814131962847647 ], [ 9.545681259958005, 62.814246063832861 ], [ 9.546114560390215, 62.814703958276198 ], [ 9.546549773261352, 62.814399232649151 ] ] ] ] } },
{ "type": "Feature", "properties": { "fid": 29227, "navn": null, "hoyde_moh": 1040, "arealInnsjo_km2": 0.0109, "magasinKategori": null, "fid_2": 464, "id": 464, "left": 9.486919847, "top": 62.946110046000001, "right": 9.986919847, "bottom": 62.446110046000001, "row_index": 23, "col_index": 11, "tile_id": 464 }, "geometry": { "type": "MultiPolygon", "coordinates": [ [ [ [ 9.78472780331526, 62.793139638111029 ], [ 9.784747908491584, 62.792851122663308 ], [ 9.785916255980659, 62.792049067939622 ], [ 9.785546411937277, 62.791737694275177 ], [ 9.783637333236271, 62.792298705083098 ], [ 9.783353375364758, 62.792837253481579 ], [ 9.784022124133237, 62.792895853863534 ], [ 9.783828933170904, 62.793014544499492 ], [ 9.783903253716234, 62.7932038210906 ], [ 9.78472780331526, 62.793139638111029 ] ] ] ] } },
{ "type": "Feature", "properties": { "fid": 29233, "navn": null, "hoyde_moh": 896, "arealInnsjo_km2": 0.0195, "magasinKategori": null, "fid_2": 464, "id": 464, "left": 9.486919847, "top": 62.946110046000001, "right": 9.986919847, "bottom": 62.446110046000001, "row_index": 23, "col_index": 11, "tile_id": 464 }, "geometry": { "type": "MultiPolygon", "coordinates": [ [ [ [ 9.518254624837134, 62.81318673127452 ], [ 9.519054496618489, 62.813207260669977 ], [ 9.519316616575722, 62.812972528620534 ], [ 9.519612903072941, 62.813105052484147 ], [ 9.520096918274586, 62.812993547936344 ], [ 9.521614559742837, 62.811921013014306 ], [ 9.521532951175459, 62.811592853886232 ], [ 9.521791192262461, 62.811465241309534 ], [ 9.520790979497836, 62.811560558610445 ], [ 9.520046810434744, 62.811989310851445 ], [ 9.519119619748508, 62.812121126482083 ], [ 9.517529891157345, 62.812988060895286 ], [ 9.517072568459847, 62.813419184873943 ], [ 9.517369223012082, 62.813467491946433 ], [ 9.518254624837134, 62.81318673127452 ] ] ] ] } },
{ "type": "Feature", "properties": { "fid": 29237, "navn": "Stortjønna", "hoyde_moh": 552, "arealInnsjo_km2": 0.0153, "magasinKategori": null, "fid_2": 464, "id": 464, "left": 9.486919847, "top": 62.946110046000001, "right": 9.986919847, "bottom": 62.446110046000001, "row_index": 23, "col_index": 11, "tile_id": 464 }, "geometry": { "type": "MultiPolygon", "coordinates": [ [ [ [ 9.773294626712964, 62.620479520768335 ], [ 9.773338466047198, 62.620343950126063 ], [ 9.773037234995448, 62.619852038676854 ], [ 9.772719201508101, 62.61974782648533 ], [ 9.772785676307876, 62.619457357453356 ], [ 9.771837225084607, 62.619090673263564 ], [ 9.771736161087858, 62.619487456991479 ], [ 9.771246316863564, 62.619812287588395 ], [ 9.771207164303652, 62.620227943485709 ], [ 9.770929694105075, 62.620538227686836 ], [ 9.771185982706317, 62.620735505965939 ], [ 9.772080449354014, 62.620818193932465 ], [ 9.773294626712964, 62.620479520768335 ] ] ] ] } },
{ "type": "Feature", "properties": { "fid": 29238, "navn": "Liatjønna", "hoyde_moh": 1232, "arealInnsjo_km2": 0.0223, "magasinKategori": null, "fid_2": 464, "id": 464, "left": 9.486919847, "top": 62.946110046000001, "right": 9.986919847, "bottom": 62.446110046000001, "row_index": 23, "col_index": 11, "tile_id": 464 }, "geometry": { "type": "MultiPolygon", "coordinates": [ [ [ [ 9.734547368704922, 62.637370161267341 ], [ 9.734537278611151, 62.637089411571203 ], [ 9.733676439056765, 62.636987875813226 ], [ 9.733591932726641, 62.636891474983472 ], [ 9.733758794062277, 62.636712768541713 ], [ 9.735407723468807, 62.637007210049966 ], [ 9.737659550161212, 62.636673617091581 ], [ 9.73691991283315, 62.636335615699302 ], [ 9.735748550993934, 62.636223748412846 ], [ 9.735470987586528, 62.636322616138877 ], [ 9.736119743113649, 62.636502082101849 ], [ 9.734033463614107, 62.636429071238481 ], [ 9.733793513129511, 62.636599985291653 ], [ 9.732794911606096, 62.636680676076892 ], [ 9.73187654219789, 62.636476275686569 ], [ 9.730957149691802, 62.636701743792116 ], [ 9.731193215467117, 62.636932887926811 ], [ 9.732826904214754, 62.637083271563938 ], [ 9.731689807247578, 62.637463219993322 ], [ 9.733082213193137, 62.637612962789603 ], [ 9.734547368704922, 62.637370161267341 ] ] ] ] } },
{ "type": "Feature", "properties": { "fid": 29243, "navn": null, "hoyde_moh": 812, "arealInnsjo_km2": 0.0083, "magasinKategori": null, "fid_2": 464, "id": 464, "left": 9.486919847, "top": 62.946110046000001, "right": 9.986919847, "bottom": 62.446110046000001, "row_index": 23, "col_index": 11, "tile_id": 464 }, "geometry": { "type": "MultiPolygon", "coordinates": [ [ [ [ 9.877172766971432, 62.787191186112523 ], [ 9.877497726094713, 62.786745307262969 ], [ 9.879651091615647, 62.78531573288258 ], [ 9.878892561784447, 62.785654746563004 ], [ 9.878090329842045, 62.785660100040531 ], [ 9.877965183312563, 62.785924257359063 ], [ 9.878220591737406, 62.785982791859155 ], [ 9.877600687409798, 62.786195600516095 ], [ 9.876872277393435, 62.786779959660151 ], [ 9.876116833629123, 62.787555494413191 ], [ 9.876362892606348, 62.787688091861014 ], [ 9.877172766971432, 62.787191186112523 ] ] ] ] } },
{ "type": "Feature", "properties": { "fid": 29258, "navn": null, "hoyde_moh": 696, "arealInnsjo_km2": 0.0067, "magasinKategori": null, "fid_2": 464, "id": 464, "left": 9.486919847, "top": 62.946110046000001, "right": 9.986919847, "bottom": 62.446110046000001, "row_index": 23, "col_index": 11, "tile_id": 464 }, "geometry": { "type": "MultiPolygon", "coordinates": [ [ [ [ 9.926847110252957, 62.797989150634109 ], [ 9.927379843541548, 62.797165469879332 ], [ 9.927271008211056, 62.796931685874007 ], [ 9.925577817750298, 62.797936609923489 ], [ 9.925840426975956, 62.798289395764691 ], [ 9.926190682236699, 62.798315281799809 ], [ 9.926847110252957, 62.797989150634109 ] ] ] ] } },
{ "type": "Feature", "properties": { "fid": 29272, "navn": null, "hoyde_moh": 676, "arealInnsjo_km2": 0.0067, "magasinKategori": null, "fid_2": 464, "id": 464, "left": 9.486919847, "top": 62.946110046000001, "right": 9.986919847, "bottom": 62.446110046000001, "row_index": 23, "col_index": 11, "tile_id": 464 }, "geometry": { "type": "MultiPolygon", "coordinates": [ [ [ [ 9.937186919129758, 62.797613482927254 ], [ 9.937792037193113, 62.796904112076803 ], [ 9.936815564680337, 62.796913330621372 ], [ 9.936110324426041, 62.797754386032238 ], [ 9.935902352875004, 62.798267213327492 ], [ 9.93610257543363, 62.798284512625372 ], [ 9.937186919129758, 62.797613482927254 ] ] ] ] } },
{ "type": "Feature", "properties": { "fid": 29275, "navn": null, "hoyde_moh": 1051, "arealInnsjo_km2": 0.0144, "magasinKategori": null, "fid_2": 464, "id": 464, "left": 9.486919847, "top": 62.946110046000001, "right": 9.986919847, "bottom": 62.446110046000001, "row_index": 23, "col_index": 11, "tile_id": 464 }, "geometry": { "type": "MultiPolygon", "coordinates": [ [ [ [ 9.790464815478471, 62.792373757756266 ], [ 9.790191785130677, 62.792063562879719 ], [ 9.789773859136902, 62.79194907547722 ], [ 9.789925959461295, 62.791849185532321 ], [ 9.789571175042964, 62.791542431516632 ], [ 9.787959677491267, 62.79135275076019 ], [ 9.788096568847298, 62.791777917506863 ], [ 9.787790134258424, 62.792081169082223 ], [ 9.789227773568102, 62.792203123255156 ], [ 9.789048818652329, 62.792293737796918 ], [ 9.789090607576476, 62.792631336918859 ], [ 9.788086874396212, 62.79292506752688 ], [ 9.788800040354015, 62.793300918138499 ], [ 9.790464815478471, 62.792373757756266 ] ] ] ] } },
{ "type": "Feature", "properties": { "fid": 29379, "navn": null, "hoyde_moh": 754, "arealInnsjo_km2": 0.0046, "magasinKategori": null, "fid_2": 464, "id": 464, "left": 9.486919847, "top": 62.946110046000001, "right": 9.986919847, "bottom": 62.446110046000001, "row_index": 23, "col_index": 11, "tile_id": 464 }, "geometry": { "type": "MultiPolygon", "coordinates": [ [ [ [ 9.869833220811321, 62.811219628180361 ], [ 9.869856323184722, 62.810668172752166 ], [ 9.870157584195255, 62.810248784863063 ], [ 9.869763779862872, 62.810226208134722 ], [ 9.869517771047144, 62.810410104840336 ], [ 9.868926988158865, 62.811363923491918 ], [ 9.868949370995448, 62.811509406523029 ], [ 9.86931945723644, 62.811529408988484 ], [ 9.869833220811321, 62.811219628180361 ] ] ] ] } },
{ "type": "Feature", "properties": { "fid": 29400, "navn": null, "hoyde_moh": 1084, "arealInnsjo_km2": 0.0094, "magasinKategori": null, "fid_2": 464, "id": 464, "left": 9.486919847, "top": 62.946110046000001, "right": 9.986919847, "bottom": 62.446110046000001, "row_index": 23, "col_index": 11, "tile_id": 464 }, "geometry": { "type": "MultiPolygon", "coordinates": [ [ [ [ 9.8026062111161, 62.780327512646799 ], [ 9.802357529548063, 62.780134037148883 ], [ 9.80252536870287, 62.779768674109413 ], [ 9.802833004703603, 62.779696128973889 ], [ 9.803123874563266, 62.779953246845807 ], [ 9.803480716781127, 62.779759982309635 ], [ 9.803700848552326, 62.779270775619736 ], [ 9.803464066437931, 62.779101135377402 ], [ 9.803438027214376, 62.778626741669783 ], [ 9.803295836385098, 62.778608877955037 ], [ 9.802926650547315, 62.779059002433662 ], [ 9.802190219287747, 62.779327452015451 ], [ 9.801897996878429, 62.779815425177013 ], [ 9.801453429966511, 62.780132744636866 ], [ 9.802141944631469, 62.780566189159153 ], [ 9.8026062111161, 62.780327512646799 ] ] ] ] } },
{ "type": "Feature", "properties": { "fid": 29413, "navn": null, "hoyde_moh": 705, "arealInnsjo_km2": 0.0126, "magasinKategori": null, "fid_2": 464, "id": 464, "left": 9.486919847, "top": 62.946110046000001, "right": 9.986919847, "bottom": 62.446110046000001, "row_index": 23, "col_index": 11, "tile_id": 464 }, "geometry": { "type": "MultiPolygon", "coordinates": [ [ [ [ 9.876458358796285, 62.815844840228138 ], [ 9.87676536458425, 62.814824861693381 ], [ 9.877328204194647, 62.81394682581432 ], [ 9.87710871249387, 62.813775620876243 ], [ 9.876906158742322, 62.813287276679716 ], [ 9.876949911703345, 62.812962929441589 ], [ 9.876780519526024, 62.812781856291785 ], [ 9.876296622647864, 62.813419144917759 ], [ 9.876456271875487, 62.813930215227124 ], [ 9.876199967711145, 62.814558985407075 ], [ 9.876124187979279, 62.815350072963611 ], [ 9.875844684245708, 62.815552370948211 ], [ 9.875624173480023, 62.816072689392769 ], [ 9.87573302139405, 62.816231132020874 ], [ 9.876076229783182, 62.816265788006007 ], [ 9.876458358796285, 62.815844840228138 ] ] ] ] } },
{ "type": "Feature", "properties": { "fid": 29433, "navn": null, "hoyde_moh": 786, "arealInnsjo_km2": 0.0087, "magasinKategori": null, "fid_2": 464, "id": 464, "left": 9.486919847, "top": 62.946110046000001, "right": 9.986919847, "bottom": 62.446110046000001, "row_index": 23, "col_index": 11, "tile_id": 464 }, "geometry": { "type": "MultiPolygon", "coordinates": [ [ [ [ 9.867073666439802, 62.790995713679642 ], [ 9.866188522074568, 62.790947229296521 ], [ 9.864570274551179, 62.791235465298037 ], [ 9.863970784795315, 62.791545050373891 ], [ 9.864236407766306, 62.79168252415883 ], [ 9.86477289598246, 62.791499733911245 ], [ 9.865241029190882, 62.791834624908169 ], [ 9.865675134685029, 62.791911955572274 ], [ 9.867073666439802, 62.790995713679642 ] ] ] ] } },
{ "type": "Feature", "properties": { "fid": 29441, "navn": null, "hoyde_moh": 901, "arealInnsjo_km2": 0.0028, "magasinKategori": null, "fid_2": 464, "id": 464, "left": 9.486919847, "top": 62.946110046000001, "right": 9.986919847, "bottom": 62.446110046000001, "row_index": 23, "col_index": 11, "tile_id": 464 }, "geometry": { "type": "MultiPolygon", "coordinates": [ [ [ [ 9.546165854066126, 62.771043274429836 ], [ 9.545658071625148, 62.770935507888588 ], [ 9.545182567949059, 62.771104015103006 ], [ 9.545311976914221, 62.771335203203904 ], [ 9.546673063876986, 62.771476432448722 ], [ 9.546165854066126, 62.771043274429836 ] ] ] ] } },
{ "type": "Feature", "properties": { "fid": 29553, "navn": null, "hoyde_moh": 814, "arealInnsjo_km2": 0.0065, "magasinKategori": null, "fid_2": 464, "id": 464, "left": 9.486919847, "top": 62.946110046000001, "right": 9.986919847, "bottom": 62.446110046000001, "row_index": 23, "col_index": 11, "tile_id": 464 }, "geometry": { "type": "MultiPolygon", "coordinates": [ [ [ [ 9.881496572220696, 62.783391787839079 ], [ 9.88134036746307, 62.783326532268504 ], [ 9.881390862088034, 62.783163828776601 ], [ 9.881843536087306, 62.783023174645372 ], [ 9.88184639814323, 62.783389615781203 ], [ 9.882064936704545, 62.783247796519284 ], [ 9.88216994233608, 62.783395120776092 ], [ 9.882368156276158, 62.783363396281572 ], [ 9.882371315959446, 62.783189339737085 ], [ 9.881981476300737, 62.782931404561481 ], [ 9.882029028457467, 62.78276526491338 ], [ 9.882590124060165, 62.782550024499969 ], [ 9.881782919153256, 62.782526876502779 ], [ 9.881339699357454, 62.782730670644618 ], [ 9.88049169839136, 62.783639862833674 ], [ 9.880356748759846, 62.783931193054094 ], [ 9.880453039684129, 62.784206490743216 ], [ 9.881496572220696, 62.783391787839079 ] ] ] ] } },
{ "type": "Feature", "properties": { "fid": 29618, "navn": null, "hoyde_moh": 916, "arealInnsjo_km2": 0.0036, "magasinKategori": null, "fid_2": 464, "id": 464, "left": 9.486919847, "top": 62.946110046000001, "right": 9.986919847, "bottom": 62.446110046000001, "row_index": 23, "col_index": 11, "tile_id": 464 }, "geometry": { "type": "MultiPolygon", "coordinates": [ [ [ [ 9.510515910010813, 62.81988444902067 ], [ 9.51028765026345, 62.819716228698518 ], [ 9.510490905909917, 62.81947083768879 ], [ 9.50903554473399, 62.819914295632785 ], [ 9.509332226239088, 62.820198500081773 ], [ 9.509783058762832, 62.820255912016648 ], [ 9.510515910010813, 62.81988444902067 ] ] ] ] } },
{ "type": "Feature", "properties": { "fid": 29634, "navn": null, "hoyde_moh": 898, "arealInnsjo_km2": 0.0042, "magasinKategori": null, "fid_2": 464, "id": 464, "left": 9.486919847, "top": 62.946110046000001, "right": 9.986919847, "bottom": 62.446110046000001, "row_index": 23, "col_index": 11, "tile_id": 464 }, "geometry": { "type": "MultiPolygon", "coordinates": [ [ [ [ 9.518777619981542, 62.803587698645742 ], [ 9.518401085252556, 62.803211206600778 ], [ 9.517861389182542, 62.803126584515908 ], [ 9.517304279311942, 62.803418902290034 ], [ 9.517512352376123, 62.803737067943345 ], [ 9.518201309267392, 62.803810063200991 ], [ 9.518777619981542, 62.803587698645742 ] ] ] ] } },
{ "type": "Feature", "properties": { "fid": 29635, "navn": null, "hoyde_moh": 972, "arealInnsjo_km2": 0.0032, "magasinKategori": null, "fid_2": 464, "id": 464, "left": 9.486919847, "top": 62.946110046000001, "right": 9.986919847, "bottom": 62.446110046000001, "row_index": 23, "col_index": 11, "tile_id": 464 }, "geometry": { "type": "MultiPolygon", "coordinates": [ [ [ [ 9.558243700328251, 62.821199792712704 ], [ 9.558297494008444, 62.820969968037922 ], [ 9.557519143126799, 62.820890568777799 ], [ 9.557236975185029, 62.82103306603441 ], [ 9.557349629923143, 62.821581347008099 ], [ 9.557559912308761, 62.821659063369182 ], [ 9.558243700328251, 62.821199792712704 ] ] ] ] } },
{ "type": "Feature", "properties": { "fid": 29644, "navn": null, "hoyde_moh": 878, "arealInnsjo_km2": 0.0058, "magasinKategori": null, "fid_2": 464, "id": 464, "left": 9.486919847, "top": 62.946110046000001, "right": 9.986919847, "bottom": 62.446110046000001, "row_index": 23, "col_index": 11, "tile_id": 464 }, "geometry": { "type": "MultiPolygon", "coordinates": [ [ [ [ 9.769516841056531, 62.813005857765148 ], [ 9.770370612726298, 62.812638269857111 ], [ 9.769155385206794, 62.812540810334625 ], [ 9.767044523939049, 62.812871435703272 ], [ 9.768479115922236, 62.813110879672081 ], [ 9.769516841056531, 62.813005857765148 ] ] ] ] } },
{ "type": "Feature", "properties": { "fid": 29646, "navn": "Langvatnet", "hoyde_moh": 788, "arealInnsjo_km2": 0.0721, "magasinKategori": null, "fid_2": 464, "id": 464, "left": 9.486919847, "top": 62.946110046000001, "right": 9.986919847, "bottom": 62.446110046000001, "row_index": 23, "col_index": 11, "tile_id": 464 }, "geometry": { "type": "MultiPolygon", "coordinates": [ [ [ [ 9.784993001565008, 62.824247598860097 ], [ 9.786652267976891, 62.823774680305654 ], [ 9.789142512709748, 62.823906605313304 ], [ 9.791464808596793, 62.823533540445545 ], [ 9.792403113363729, 62.823598030182424 ], [ 9.792978465535386, 62.823875695600861 ], [ 9.793374815235374, 62.82471606487865 ], [ 9.794297729287942, 62.824718879210245 ], [ 9.794807377358962, 62.824275134768619 ], [ 9.794380104079572, 62.823966528120373 ], [ 9.794527609638637, 62.823497123970533 ], [ 9.793175799785081, 62.822853372118608 ], [ 9.793138664921759, 62.822715507564041 ], [ 9.79133135114825, 62.822554371156976 ], [ 9.790566260027637, 62.822917639455191 ], [ 9.789665401929941, 62.822921645536731 ], [ 9.78767663123862, 62.823273230364293 ], [ 9.7799735044506, 62.823633011423546 ], [ 9.779355474881688, 62.824046676353021 ], [ 9.78251942709308, 62.824394956094856 ], [ 9.784993001565008, 62.824247598860097 ] ] ] ] } },
{ "type": "Feature", "properties": { "fid": 29670, "navn": null, "hoyde_moh": 820, "arealInnsjo_km2": 0.0052, "magasinKategori": null, "fid_2": 464, "id": 464, "left": 9.486919847, "top": 62.946110046000001, "right": 9.986919847, "bottom": 62.446110046000001, "row_index": 23, "col_index": 11, "tile_id": 464 }, "geometry": { "type": "MultiPolygon", "coordinates": [ [ [ [ 9.592540605437671, 62.790593779573825 ], [ 9.592813865880636, 62.79013258917783 ], [ 9.592040887915216, 62.78992434335521 ], [ 9.591374447433946, 62.790154219340707 ], [ 9.591605342018701, 62.790627826407054 ], [ 9.592202307097937, 62.790760897275312 ], [ 9.592540605437671, 62.790593779573825 ] ] ] ] } },
{ "type": "Feature", "properties": { "fid": 29671, "navn": null, "hoyde_moh": 1039, "arealInnsjo_km2": 0.0036, "magasinKategori": null, "fid_2": 464, "id": 464, "left": 9.486919847, "top": 62.946110046000001, "right": 9.986919847, "bottom": 62.446110046000001, "row_index": 23, "col_index": 11, "tile_id": 464 }, "geometry": { "type": "MultiPolygon", "coordinates": [ [ [ [ 9.786283286119222, 62.79752386976525 ], [ 9.785711609032026, 62.797194293153922 ], [ 9.785384666116807, 62.797291281809841 ], [ 9.785327358447454, 62.797791830288496 ], [ 9.78618999503953, 62.79812879928884 ], [ 9.786283286119222, 62.79752386976525 ] ] ] ] } },
{ "type": "Feature", "properties": { "fid": 29716, "navn": null, "hoyde_moh": 705, "arealInnsjo_km2": 0.0057, "magasinKategori": null, "fid_2": 464, "id": 464, "left": 9.486919847, "top": 62.946110046000001, "right": 9.986919847, "bottom": 62.446110046000001, "row_index": 23, "col_index": 11, "tile_id": 464 }, "geometry": { "type": "MultiPolygon", "coordinates": [ [ [ [ 9.916193704561136, 62.794180538796589 ], [ 9.916332759933091, 62.793645354306321 ], [ 9.915732590587133, 62.79348893956729 ], [ 9.915263421858315, 62.79356253348292 ], [ 9.91506958966345, 62.793772229159607 ], [ 9.915163908995579, 62.794265579921394 ], [ 9.915468936643979, 62.79451871900239 ], [ 9.915851185495066, 62.794525190094838 ], [ 9.916193704561136, 62.794180538796589 ] ] ] ] } },
{ "type": "Feature", "properties": { "fid": 29726, "navn": null, "hoyde_moh": 845, "arealInnsjo_km2": 0.0055, "magasinKategori": null, "fid_2": 464, "id": 464, "left": 9.486919847, "top": 62.946110046000001, "right": 9.986919847, "bottom": 62.446110046000001, "row_index": 23, "col_index": 11, "tile_id": 464 }, "geometry": { "type": "MultiPolygon", "coordinates": [ [ [ [ 9.494119384984167, 62.778006951381414 ], [ 9.493988602293644, 62.777925767853404 ], [ 9.494020216798353, 62.777596176936314 ], [ 9.493333410817579, 62.777570826725203 ], [ 9.49304247833626, 62.777796365789918 ], [ 9.492920586205216, 62.778353166163754 ], [ 9.493752667452306, 62.778640626673862 ], [ 9.494119384984167, 62.778006951381414 ] ] ] ] } },
{ "type": "Feature", "properties": { "fid": 29738, "navn": null, "hoyde_moh": 709, "arealInnsjo_km2": 0.011, "magasinKategori": null, "fid_2": 464, "id": 464, "left": 9.486919847, "top": 62.946110046000001, "right": 9.986919847, "bottom": 62.446110046000001, "row_index": 23, "col_index": 11, "tile_id": 464 }, "geometry": { "type": "MultiPolygon", "coordinates": [ [ [ [ 9.911459929615233, 62.7746039144767 ], [ 9.911457379114829, 62.774468698408391 ], [ 9.910330174350175, 62.773520621446927 ], [ 9.910286135640888, 62.77332101600711 ], [ 9.910022580211967, 62.773306504599724 ], [ 9.909275538070821, 62.774698284472805 ], [ 9.909555671068471, 62.774751002905838 ], [ 9.910016000834259, 62.774548558483296 ], [ 9.910189633374237, 62.774764111662158 ], [ 9.910916359010669, 62.774931270098179 ], [ 9.911459929615233, 62.7746039144767 ] ] ] ] } },
{ "type": "Feature", "properties": { "fid": 29760, "navn": null, "hoyde_moh": 1030, "arealInnsjo_km2": 0.0065, "magasinKategori": null, "fid_2": 464, "id": 464, "left": 9.486919847, "top": 62.946110046000001, "right": 9.986919847, "bottom": 62.446110046000001, "row_index": 23, "col_index": 11, "tile_id": 464 }, "geometry": { "type": "MultiPolygon", "coordinates": [ [ [ [ 9.800633983309659, 62.794839440715769 ], [ 9.800585408688807, 62.794461649982622 ], [ 9.80002097861626, 62.794222824374252 ], [ 9.799293677184483, 62.794197220877876 ], [ 9.798870501594346, 62.79454772131362 ], [ 9.799044018865578, 62.794850069246579 ], [ 9.799539495544792, 62.794853136947751 ], [ 9.799999992596932, 62.79509630040311 ], [ 9.800633983309659, 62.794839440715769 ] ] ] ] } },
{ "type": "Feature", "properties": { "fid": 29771, "navn": null, "hoyde_moh": 748, "arealInnsjo_km2": 0.0111, "magasinKategori": null, "fid_2": 464, "id": 464, "left": 9.486919847, "top": 62.946110046000001, "right": 9.986919847, "bottom": 62.446110046000001, "row_index": 23, "col_index": 11, "tile_id": 464 }, "geometry": { "type": "MultiPolygon", "coordinates": [ [ [ [ 9.851515594950417, 62.826844307000783 ], [ 9.85173034931772, 62.826677462900498 ], [ 9.851356348114015, 62.826344279421953 ], [ 9.851341857832596, 62.826033001453119 ], [ 9.850739425620734, 62.825999759409505 ], [ 9.849773340827566, 62.826518084799908 ], [ 9.849810599761938, 62.826846392410644 ], [ 9.850198079998602, 62.827192400055829 ], [ 9.851301853311593, 62.827531738285863 ], [ 9.851515594950417, 62.826844307000783 ] ] ] ] } },
{ "type": "Feature", "properties": { "fid": 29794, "navn": "Ettre Brattskarvtjønna", "hoyde_moh": 1078, "arealInnsjo_km2": 0.133, "magasinKategori": null, "fid_2": 464, "id": 464, "left": 9.486919847, "top": 62.946110046000001, "right": 9.986919847, "bottom": 62.446110046000001, "row_index": 23, "col_index": 11, "tile_id": 464 }, "geometry": { "type": "MultiPolygon", "coordinates": [ [ [ [ 9.771614677939571, 62.787263283537406 ], [ 9.770976449868915, 62.786712069911481 ], [ 9.770981840440562, 62.786324662775236 ], [ 9.770726750595298, 62.785899474820837 ], [ 9.770134979369793, 62.78557348336269 ], [ 9.770056685948003, 62.785074447514056 ], [ 9.769796214379648, 62.784842141012994 ], [ 9.768409954852718, 62.784441261915603 ], [ 9.767102776658051, 62.784338253869038 ], [ 9.766116570994281, 62.783619187304936 ], [ 9.766002488868537, 62.783302989558564 ], [ 9.764749784626511, 62.782865395615119 ], [ 9.762669391470007, 62.782865478398485 ], [ 9.762475348000972, 62.783164327764958 ], [ 9.762848520500965, 62.783439636469723 ], [ 9.761757322420854, 62.783891596616506 ], [ 9.760940826732385, 62.7835243301407 ], [ 9.760564742759694, 62.783067967637898 ], [ 9.759742015408467, 62.783210258540642 ], [ 9.757782578543887, 62.783976877140361 ], [ 9.758100823588515, 62.784274710043277 ], [ 9.757832498992297, 62.784385880029532 ], [ 9.758548938891172, 62.784633178936438 ], [ 9.758294727513229, 62.784740108474296 ], [ 9.759458385679579, 62.784708003863585 ], [ 9.760760870907978, 62.784921217405724 ], [ 9.761184993281461, 62.78493246750056 ], [ 9.76131436141576, 62.784792888882635 ], [ 9.761214781298364, 62.784655917531666 ], [ 9.762860189220319, 62.784204137266308 ], [ 9.763904647672881, 62.784355953287722 ], [ 9.764197545562777, 62.784552592775938 ], [ 9.764170650026312, 62.78475232228471 ], [ 9.764837146043737, 62.785043250447018 ], [ 9.764901777680812, 62.785166947960768 ], [ 9.764733775886242, 62.785275306181823 ], [ 9.765177461995005, 62.785382017238867 ], [ 9.76513018880877, 62.785527361582758 ], [ 9.765430265333015, 62.785450743384324 ], [ 9.767385329969079, 62.78584596591768 ], [ 9.767409418843627, 62.785990013519871 ], [ 9.766992937255749, 62.786229556337545 ], [ 9.768232826718895, 62.786802058706627 ], [ 9.768236017793924, 62.786976367840715 ], [ 9.767896971152158, 62.787105253590056 ], [ 9.768148282724109, 62.787331643477579 ], [ 9.769531652042728, 62.787729624543275 ], [ 9.770600245240432, 62.787854843960666 ], [ 9.771614677939571, 62.787263283537406 ] ], [ [ 9.76227600238799, 62.783939935161065 ], [ 9.762393641832812, 62.783793349739881 ], [ 9.763432395186921, 62.78372874765148 ], [ 9.76293009024563, 62.783848917432792 ], [ 9.762558849417434, 62.784139982164461 ], [ 9.76227600238799, 62.783939935161065 ] ] ] ] } },
{ "type": "Feature", "properties": { "fid": 29814, "navn": null, "hoyde_moh": 1164, "arealInnsjo_km2": 0.0062, "magasinKategori": null, "fid_2": 464, "id": 464, "left": 9.486919847, "top": 62.946110046000001, "right": 9.986919847, "bottom": 62.446110046000001, "row_index": 23, "col_index": 11, "tile_id": 464 }, "geometry": { "type": "MultiPolygon", "coordinates": [ [ [ [ 9.767631470526768, 62.775256172736889 ], [ 9.767479624731253, 62.775165752039463 ], [ 9.767910825688453, 62.774901028570987 ], [ 9.767457958978518, 62.774929660858078 ], [ 9.767497257015368, 62.774643389058809 ], [ 9.766995348887129, 62.774517053733597 ], [ 9.76626264828829, 62.774713480086952 ], [ 9.766217193246892, 62.774975768861594 ], [ 9.765810325493142, 62.775191909707189 ], [ 9.767473455295438, 62.775365084945584 ], [ 9.767631470526768, 62.775256172736889 ] ] ] ] } },
{ "type": "Feature", "properties": { "fid": 29815, "navn": null, "hoyde_moh": 726, "arealInnsjo_km2": 0.0125, "magasinKategori": null, "fid_2": 464, "id": 464, "left": 9.486919847, "top": 62.946110046000001, "right": 9.986919847, "bottom": 62.446110046000001, "row_index": 23, "col_index": 11, "tile_id": 464 }, "geometry": { "type": "MultiPolygon", "coordinates": [ [ [ [ 9.923200413248617, 62.780939691303544 ], [ 9.923199177130007, 62.780750997435014 ], [ 9.923955499194962, 62.780499483476653 ], [ 9.924830083436955, 62.779936749644094 ], [ 9.925127886611982, 62.779497805944423 ], [ 9.925075859608013, 62.779331384737709 ], [ 9.924161067404262, 62.7794417784323 ], [ 9.922028978761793, 62.780688496165091 ], [ 9.922071584243065, 62.78096181203199 ], [ 9.922811183373639, 62.78112388118393 ], [ 9.923200413248617, 62.780939691303544 ] ] ] ] } },
{ "type": "Feature", "properties": { "fid": 29817, "navn": null, "hoyde_moh": 691, "arealInnsjo_km2": 0.0046, "magasinKategori": null, "fid_2": 464, "id": 464, "left": 9.486919847, "top": 62.946110046000001, "right": 9.986919847, "bottom": 62.446110046000001, "row_index": 23, "col_index": 11, "tile_id": 464 }, "geometry": { "type": "MultiPolygon", "coordinates": [ [ [ [ 9.886107303192878, 62.798086751300147 ], [ 9.885982664963239, 62.797791984646068 ], [ 9.886164986677473, 62.797472416836285 ], [ 9.885825844193521, 62.79728786739026 ], [ 9.884961343859434, 62.797913913997391 ], [ 9.885192483756468, 62.798175947497896 ], [ 9.88579915111653, 62.798326343989046 ], [ 9.886107303192878, 62.798086751300147 ] ] ] ] } },
{ "type": "Feature", "properties": { "fid": 29819, "navn": null, "hoyde_moh": 660, "arealInnsjo_km2": 0.0039, "magasinKategori": null, "fid_2": 464, "id": 464, "left": 9.486919847, "top": 62.946110046000001, "right": 9.986919847, "bottom": 62.446110046000001, "row_index": 23, "col_index": 11, "tile_id": 464 }, "geometry": { "type": "MultiPolygon", "coordinates": [ [ [ [ 9.960028034729742, 62.809857695985592 ], [ 9.960302672474407, 62.809718942945068 ], [ 9.959923188925531, 62.809144790539293 ], [ 9.959610238769351, 62.809057541227929 ], [ 9.959151270320309, 62.809206227300884 ], [ 9.959083773125705, 62.80940153259337 ], [ 9.959423292281818, 62.80974431918083 ], [ 9.960019266971646, 62.810036128526875 ], [ 9.960028034729742, 62.809857695985592 ] ] ] ] } },
{ "type": "Feature", "properties": { "fid": 29823, "navn": null, "hoyde_moh": 895, "arealInnsjo_km2": 0.0034, "magasinKategori": null, "fid_2": 464, "id": 464, "left": 9.486919847, "top": 62.946110046000001, "right": 9.986919847, "bottom": 62.446110046000001, "row_index": 23, "col_index": 11, "tile_id": 464 }, "geometry": { "type": "MultiPolygon", "coordinates": [ [ [ [ 9.519655965728779, 62.809173836142648 ], [ 9.519688791565256, 62.808889202011358 ], [ 9.519170784906539, 62.808464171589939 ], [ 9.518721477903238, 62.808755848002669 ], [ 9.518704429671264, 62.808954792558986 ], [ 9.519426864953367, 62.809376198923921 ], [ 9.519655965728779, 62.809173836142648 ] ] ] ] } },
{ "type": "Feature", "properties": { "fid": 29832, "navn": null, "hoyde_moh": 1031, "arealInnsjo_km2": 0.0138, "magasinKategori": null, "fid_2": 464, "id": 464, "left": 9.486919847, "top": 62.946110046000001, "right": 9.986919847, "bottom": 62.446110046000001, "row_index": 23, "col_index": 11, "tile_id": 464 }, "geometry": { "type": "MultiPolygon", "coordinates": [ [ [ [ 9.792712299044888, 62.794806714384613 ], [ 9.792863897212348, 62.794124682607297 ], [ 9.792574091681873, 62.793960075828736 ], [ 9.792683776668502, 62.793710154735535 ], [ 9.791378702372409, 62.793442815444699 ], [ 9.790736916474083, 62.793878750147904 ], [ 9.790950881070927, 62.79421410232446 ], [ 9.790797831725632, 62.794438030234105 ], [ 9.792174402563782, 62.794992159537109 ], [ 9.792712299044888, 62.794806714384613 ] ] ] ] } },
{ "type": "Feature", "properties": { "fid": 29836, "navn": null, "hoyde_moh": 536, "arealInnsjo_km2": 0.0013, "magasinKategori": 1, "fid_2": 464, "id": 464, "left": 9.486919847, "top": 62.946110046000001, "right": 9.986919847, "bottom": 62.446110046000001, "row_index": 23, "col_index": 11, "tile_id": 464 }, "geometry": { "type": "MultiPolygon", "coordinates": [ [ [ [ 9.896805082445798, 62.817998838168705 ], [ 9.896065020299977, 62.818139453520629 ], [ 9.896094569070872, 62.818259189433363 ], [ 9.896659826181702, 62.81835512261447 ], [ 9.896805082445798, 62.817998838168705 ] ] ] ] } },
{ "type": "Feature", "properties": { "fid": 29847, "navn": null, "hoyde_moh": 897, "arealInnsjo_km2": 0.0045, "magasinKategori": null, "fid_2": 464, "id": 464, "left": 9.486919847, "top": 62.946110046000001, "right": 9.986919847, "bottom": 62.446110046000001, "row_index": 23, "col_index": 11, "tile_id": 464 }, "geometry": { "type": "MultiPolygon", "coordinates": [ [ [ [ 9.514025564930883, 62.793903525892773 ], [ 9.513642222197332, 62.793295819315404 ], [ 9.512977906233921, 62.793529295196628 ], [ 9.513106932050553, 62.793658446724905 ], [ 9.512942522782369, 62.793809509333414 ], [ 9.512982169323013, 62.794028940925458 ], [ 9.513182834281837, 62.794317757775254 ], [ 9.513498061484812, 62.794362395400356 ], [ 9.514025564930883, 62.793903525892773 ] ] ] ] } },
{ "type": "Feature", "properties": { "fid": 29855, "navn": null, "hoyde_moh": 706, "arealInnsjo_km2": 0.0027, "magasinKategori": null, "fid_2": 464, "id": 464, "left": 9.486919847, "top": 62.946110046000001, "right": 9.986919847, "bottom": 62.446110046000001, "row_index": 23, "col_index": 11, "tile_id": 464 }, "geometry": { "type": "MultiPolygon", "coordinates": [ [ [ [ 9.881362182781174, 62.808712161721694 ], [ 9.881337203457385, 62.808415266810194 ], [ 9.881596868392792, 62.807827188168439 ], [ 9.88119929292888, 62.807956276027738 ], [ 9.880816411574266, 62.808404014319429 ], [ 9.880765247377582, 62.80876218790273 ], [ 9.881362182781174, 62.808712161721694 ] ] ] ] } },
{ "type": "Feature", "properties": { "fid": 29876, "navn": null, "hoyde_moh": 706, "arealInnsjo_km2": 0.0033, "magasinKategori": null, "fid_2": 464, "id": 464, "left": 9.486919847, "top": 62.946110046000001, "right": 9.986919847, "bottom": 62.446110046000001, "row_index": 23, "col_index": 11, "tile_id": 464 }, "geometry": { "type": "MultiPolygon", "coordinates": [ [ [ [ 9.880491889629493, 62.81403693500252 ], [ 9.880475826589036, 62.813211371679998 ], [ 9.880177248231217, 62.813209660838567 ], [ 9.879933813357825, 62.813700718739049 ], [ 9.879750045141158, 62.814245412223158 ], [ 9.879938108068364, 62.814311557016339 ], [ 9.880491889629493, 62.81403693500252 ] ] ] ] } },
{ "type": "Feature", "properties": { "fid": 29877, "navn": null, "hoyde_moh": 889, "arealInnsjo_km2": 0.0036, "magasinKategori": null, "fid_2": 464, "id": 464, "left": 9.486919847, "top": 62.946110046000001, "right": 9.986919847, "bottom": 62.446110046000001, "row_index": 23, "col_index": 11, "tile_id": 464 }, "geometry": { "type": "MultiPolygon", "coordinates": [ [ [ [ 9.783441244419206, 62.811646212697447 ], [ 9.78364807730234, 62.811436973588755 ], [ 9.781709980123104, 62.811489377647483 ], [ 9.781655565962254, 62.811724973834927 ], [ 9.782109472282144, 62.811880763894059 ], [ 9.783441244419206, 62.811646212697447 ] ] ] ] } },
{ "type": "Feature", "properties": { "fid": 29890, "navn": null, "hoyde_moh": 852, "arealInnsjo_km2": 0.0027, "magasinKategori": null, "fid_2": 464, "id": 464, "left": 9.486919847, "top": 62.946110046000001, "right": 9.986919847, "bottom": 62.446110046000001, "row_index": 23, "col_index": 11, "tile_id": 464 }, "geometry": { "type": "MultiPolygon", "coordinates": [ [ [ [ 9.759975998929331, 62.814360395505915 ], [ 9.759833782915756, 62.814108016246358 ], [ 9.759232607226522, 62.813913903428947 ], [ 9.758934894376601, 62.81401300875347 ], [ 9.758866238367778, 62.81429431668613 ], [ 9.758997661041839, 62.814431846051576 ], [ 9.759671546062847, 62.814498389963497 ], [ 9.759975998929331, 62.814360395505915 ] ] ] ] } },
{ "type": "Feature", "properties": { "fid": 29891, "navn": null, "hoyde_moh": 730, "arealInnsjo_km2": 0.0032, "magasinKategori": null, "fid_2": 464, "id": 464, "left": 9.486919847, "top": 62.946110046000001, "right": 9.986919847, "bottom": 62.446110046000001, "row_index": 23, "col_index": 11, "tile_id": 464 }, "geometry": { "type": "MultiPolygon", "coordinates": [ [ [ [ 9.63007974504638, 62.810477813520556 ], [ 9.629415744959916, 62.810284584122442 ], [ 9.628300683216965, 62.810396599299359 ], [ 9.62877844050649, 62.810649026824223 ], [ 9.629504983261603, 62.810720651454439 ], [ 9.63007974504638, 62.810477813520556 ] ] ] ] } },
{ "type": "Feature", "properties": { "fid": 29892, "navn": null, "hoyde_moh": 748, "arealInnsjo_km2": 0.0035, "magasinKategori": null, "fid_2": 464, "id": 464, "left": 9.486919847, "top": 62.946110046000001, "right": 9.986919847, "bottom": 62.446110046000001, "row_index": 23, "col_index": 11, "tile_id": 464 }, "geometry": { "type": "MultiPolygon", "coordinates": [ [ [ [ 9.610050590271328, 62.810956225961171 ], [ 9.610338800126426, 62.810370225256513 ], [ 9.609707315590402, 62.810345614593352 ], [ 9.609087788786885, 62.810596732976002 ], [ 9.609094199509766, 62.810795492254051 ], [ 9.609681894142822, 62.811061030609565 ], [ 9.610050590271328, 62.810956225961171 ] ] ] ] } },
{ "type": "Feature", "properties": { "fid": 29894, "navn": null, "hoyde_moh": 792, "arealInnsjo_km2": 0.0047, "magasinKategori": null, "fid_2": 464, "id": 464, "left": 9.486919847, "top": 62.946110046000001, "right": 9.986919847, "bottom": 62.446110046000001, "row_index": 23, "col_index": 11, "tile_id": 464 }, "geometry": { "type": "MultiPolygon", "coordinates": [ [ [ [ 9.854992820340639, 62.821711903547055 ], [ 9.855555169191732, 62.821297335512739 ], [ 9.855941450800403, 62.821215401261988 ], [ 9.856289613408832, 62.820757987726267 ], [ 9.855974583409035, 62.820634079596957 ], [ 9.85546765588183, 62.820765933951812 ], [ 9.8556465089654, 62.820922820714429 ], [ 9.8551200924759, 62.821062596867243 ], [ 9.854302062733471, 62.821746602362495 ], [ 9.854992820340639, 62.821711903547055 ] ] ] ] } },
{ "type": "Feature", "properties": { "fid": 29909, "navn": null, "hoyde_moh": 890, "arealInnsjo_km2": 0.0036, "magasinKategori": null, "fid_2": 464, "id": 464, "left": 9.486919847, "top": 62.946110046000001, "right": 9.986919847, "bottom": 62.446110046000001, "row_index": 23, "col_index": 11, "tile_id": 464 }, "geometry": { "type": "MultiPolygon", "coordinates": [ [ [ [ 9.790994698836204, 62.812830637262394 ], [ 9.790783946827984, 62.812599596154854 ], [ 9.790988311446185, 62.812394034725742 ], [ 9.790586550670525, 62.812373098990115 ], [ 9.789807419359542, 62.812791528159082 ], [ 9.790039429391099, 62.812990249973652 ], [ 9.789960272298206, 62.813151691901211 ], [ 9.790262085229781, 62.813209587750734 ], [ 9.790994698836204, 62.812830637262394 ] ] ] ] } },
{ "type": "Feature", "properties": { "fid": 29910, "navn": null, "hoyde_moh": 884, "arealInnsjo_km2": 0.006, "magasinKategori": null, "fid_2": 464, "id": 464, "left": 9.486919847, "top": 62.946110046000001, "right": 9.986919847, "bottom": 62.446110046000001, "row_index": 23, "col_index": 11, "tile_id": 464 }, "geometry": { "type": "MultiPolygon", "coordinates": [ [ [ [ 9.772697044049819, 62.813414832947082 ], [ 9.773711466096483, 62.813163244996957 ], [ 9.772563911146008, 62.813087589553561 ], [ 9.772958314337458, 62.812642418767922 ], [ 9.772811913768185, 62.81261753340182 ], [ 9.771828448336281, 62.812807915502376 ], [ 9.771613405887337, 62.813010805755013 ], [ 9.771868969399776, 62.813115155786072 ], [ 9.771797324623243, 62.813209479530919 ], [ 9.77111317987187, 62.813278022455691 ], [ 9.772066825494877, 62.813422316807667 ], [ 9.772278860652543, 62.813613309345023 ], [ 9.772697044049819, 62.813414832947082 ] ] ] ] } },
{ "type": "Feature", "properties": { "fid": 29921, "navn": null, "hoyde_moh": 899, "arealInnsjo_km2": 0.0046, "magasinKategori": null, "fid_2": 464, "id": 464, "left": 9.486919847, "top": 62.946110046000001, "right": 9.986919847, "bottom": 62.446110046000001, "row_index": 23, "col_index": 11, "tile_id": 464 }, "geometry": { "type": "MultiPolygon", "coordinates": [ [ [ [ 9.511156732387462, 62.793071153873051 ], [ 9.511859118980331, 62.793158212894198 ], [ 9.512124354101294, 62.792971407630183 ], [ 9.511586622828395, 62.792684610537663 ], [ 9.510606193141872, 62.792608718600867 ], [ 9.510355642998384, 62.792903191635034 ], [ 9.510371277540957, 62.793525948894235 ], [ 9.511156732387462, 62.793071153873051 ] ] ] ] } },
{ "type": "Feature", "properties": { "fid": 29944, "navn": null, "hoyde_moh": 611, "arealInnsjo_km2": 0.0047, "magasinKategori": null, "fid_2": 464, "id": 464, "left": 9.486919847, "top": 62.946110046000001, "right": 9.986919847, "bottom": 62.446110046000001, "row_index": 23, "col_index": 11, "tile_id": 464 }, "geometry": { "type": "MultiPolygon", "coordinates": [ [ [ [ 9.956449998770044, 62.810130698051374 ], [ 9.956526673610925, 62.80964479692836 ], [ 9.955852016413647, 62.809463492824733 ], [ 9.955309273764708, 62.809813813434225 ], [ 9.955669507050153, 62.810366778276638 ], [ 9.956449998770044, 62.810130698051374 ] ] ] ] } },
{ "type": "Feature", "properties": { "fid": 29954, "navn": null, "hoyde_moh": 764, "arealInnsjo_km2": 0.0167, "magasinKategori": null, "fid_2": 464, "id": 464, "left": 9.486919847, "top": 62.946110046000001, "right": 9.986919847, "bottom": 62.446110046000001, "row_index": 23, "col_index": 11, "tile_id": 464 }, "geometry": { "type": "MultiPolygon", "coordinates": [ [ [ [ 9.885250553313963, 62.788981711810429 ], [ 9.885630568522847, 62.789126101524559 ], [ 9.88574066835252, 62.788162636341283 ], [ 9.886111040526684, 62.787845875588502 ], [ 9.886093162231122, 62.787527109695233 ], [ 9.885746517937541, 62.787606779081358 ], [ 9.885491960063788, 62.787394000951672 ], [ 9.884954230283439, 62.787752430549006 ], [ 9.884322505298572, 62.7877688948018 ], [ 9.883522561987169, 62.788891725441665 ], [ 9.884097017429042, 62.788894047951302 ], [ 9.883892973437227, 62.789068696998172 ], [ 9.883908377892707, 62.789313422651269 ], [ 9.885250553313963, 62.788981711810429 ] ] ] ] } },
{ "type": "Feature", "properties": { "fid": 29992, "navn": null, "hoyde_moh": 851, "arealInnsjo_km2": 0.0046, "magasinKategori": null, "fid_2": 464, "id": 464, "left": 9.486919847, "top": 62.946110046000001, "right": 9.986919847, "bottom": 62.446110046000001, "row_index": 23, "col_index": 11, "tile_id": 464 }, "geometry": { "type": "MultiPolygon", "coordinates": [ [ [ [ 9.788222384882733, 62.820566240442069 ], [ 9.788584754367907, 62.82034081293552 ], [ 9.788211493412268, 62.819786044606495 ], [ 9.788017126299255, 62.819733034102235 ], [ 9.787579537771624, 62.819936773598258 ], [ 9.787463236672696, 62.820189867747573 ], [ 9.786948446199339, 62.820361948421557 ], [ 9.787033141900915, 62.820607388966387 ], [ 9.788222384882733, 62.820566240442069 ] ] ] ] } },
{ "type": "Feature", "properties": { "fid": 29994, "navn": null, "hoyde_moh": 903, "arealInnsjo_km2": 0.0033, "magasinKategori": null, "fid_2": 464, "id": 464, "left": 9.486919847, "top": 62.946110046000001, "right": 9.986919847, "bottom": 62.446110046000001, "row_index": 23, "col_index": 11, "tile_id": 464 }, "geometry": { "type": "MultiPolygon", "coordinates": [ [ [ [ 9.516475566880988, 62.809165694629613 ], [ 9.516916185202163, 62.808876474983279 ], [ 9.516181851537969, 62.808593903007292 ], [ 9.516004350376873, 62.808792607358029 ], [ 9.515390816791076, 62.808876535406633 ], [ 9.515855368989433, 62.80922101577093 ], [ 9.516475566880988, 62.809165694629613 ] ] ] ] } },
{ "type": "Feature", "properties": { "fid": 29995, "navn": null, "hoyde_moh": 787, "arealInnsjo_km2": 0.0051, "magasinKategori": null, "fid_2": 464, "id": 464, "left": 9.486919847, "top": 62.946110046000001, "right": 9.986919847, "bottom": 62.446110046000001, "row_index": 23, "col_index": 11, "tile_id": 464 }, "geometry": { "type": "MultiPolygon", "coordinates": [ [ [ [ 9.858927285355648, 62.822011637999928 ], [ 9.858920417552991, 62.821768746653483 ], [ 9.858727694390176, 62.821642665270375 ], [ 9.858282770865976, 62.821766363775431 ], [ 9.857803289232171, 62.822159415376518 ], [ 9.857794228110663, 62.822686558310366 ], [ 9.858398990993845, 62.822830875861762 ], [ 9.858927285355648, 62.822011637999928 ] ] ] ] } },
{ "type": "Feature", "properties": { "fid": 29996, "navn": null, "hoyde_moh": 790, "arealInnsjo_km2": 0.0028, "magasinKategori": null, "fid_2": 464, "id": 464, "left": 9.486919847, "top": 62.946110046000001, "right": 9.986919847, "bottom": 62.446110046000001, "row_index": 23, "col_index": 11, "tile_id": 464 }, "geometry": { "type": "MultiPolygon", "coordinates": [ [ [ [ 9.858131162687135, 62.824227428791509 ], [ 9.858167344907516, 62.823658814725313 ], [ 9.857682449380448, 62.8236274755672 ], [ 9.857528147681155, 62.823783045885399 ], [ 9.857465805782734, 62.824256057249201 ], [ 9.857540958347958, 62.824465012801724 ], [ 9.858131162687135, 62.824227428791509 ] ] ] ] } },
{ "type": "Feature", "properties": { "fid": 29997, "navn": null, "hoyde_moh": 723, "arealInnsjo_km2": 0.003, "magasinKategori": null, "fid_2": 464, "id": 464, "left": 9.486919847, "top": 62.946110046000001, "right": 9.986919847, "bottom": 62.446110046000001, "row_index": 23, "col_index": 11, "tile_id": 464 }, "geometry": { "type": "MultiPolygon", "coordinates": [ [ [ [ 9.816901671828729, 62.823205648262103 ], [ 9.8169366230271, 62.822917234587429 ], [ 9.816493395428273, 62.822450394577046 ], [ 9.816130512894631, 62.82246803901463 ], [ 9.816022088908985, 62.822950955034578 ], [ 9.816724025621038, 62.823299408143093 ], [ 9.816901671828729, 62.823205648262103 ] ] ] ] } },
{ "type": "Feature", "properties": { "fid": 30008, "navn": null, "hoyde_moh": 809, "arealInnsjo_km2": 0.0033, "magasinKategori": null, "fid_2": 464, "id": 464, "left": 9.486919847, "top": 62.946110046000001, "right": 9.986919847, "bottom": 62.446110046000001, "row_index": 23, "col_index": 11, "tile_id": 464 }, "geometry": { "type": "MultiPolygon", "coordinates": [ [ [ [ 9.563716498016275, 62.796209192614754 ], [ 9.563800596363029, 62.795915928455962 ], [ 9.563051498754426, 62.795706286795976 ], [ 9.562729098422059, 62.796003004206675 ], [ 9.562179949312867, 62.796137586443031 ], [ 9.562857352189837, 62.796311877112856 ], [ 9.563716498016275, 62.796209192614754 ] ] ] ] } },
{ "type": "Feature", "properties": { "fid": 30018, "navn": null, "hoyde_moh": 914, "arealInnsjo_km2": 0.0042, "magasinKategori": null, "fid_2": 464, "id": 464, "left": 9.486919847, "top": 62.946110046000001, "right": 9.986919847, "bottom": 62.446110046000001, "row_index": 23, "col_index": 11, "tile_id": 464 }, "geometry": { "type": "MultiPolygon", "coordinates": [ [ [ [ 9.511205746721004, 62.820372655734381 ], [ 9.511453599025295, 62.819999142523933 ], [ 9.510439422665165, 62.820226324064947 ], [ 9.509986979431881, 62.820632242967484 ], [ 9.509865892445477, 62.821102148547901 ], [ 9.511205746721004, 62.820372655734381 ] ] ] ] } },
{ "type": "Feature", "properties": { "fid": 30039, "navn": null, "hoyde_moh": 760, "arealInnsjo_km2": 0.0033, "magasinKategori": null, "fid_2": 464, "id": 464, "left": 9.486919847, "top": 62.946110046000001, "right": 9.986919847, "bottom": 62.446110046000001, "row_index": 23, "col_index": 11, "tile_id": 464 }, "geometry": { "type": "MultiPolygon", "coordinates": [ [ [ [ 9.928595769916591, 62.791495539282543 ], [ 9.929180493594192, 62.791284569463826 ], [ 9.929037387579681, 62.79107752609805 ], [ 9.929293840092562, 62.790856043016049 ], [ 9.928868798427592, 62.790796063570632 ], [ 9.928235602422074, 62.791142380639613 ], [ 9.928040543740359, 62.791392889344394 ], [ 9.928217194193872, 62.791495352047079 ], [ 9.928158528417741, 62.791933680904513 ], [ 9.928595769916591, 62.791495539282543 ] ], [ [ 9.928561504786931, 62.791229275988904 ], [ 9.92868011386807, 62.791244447536343 ], [ 9.928530353877404, 62.791400875319361 ], [ 9.928394119402896, 62.791379669032978 ], [ 9.928561504786931, 62.791229275988904 ] ] ] ] } },
{ "type": "Feature", "properties": { "fid": 30145, "navn": null, "hoyde_moh": 315, "arealInnsjo_km2": 0.0053, "magasinKategori": null, "fid_2": 464, "id": 464, "left": 9.486919847, "top": 62.946110046000001, "right": 9.986919847, "bottom": 62.446110046000001, "row_index": 23, "col_index": 11, "tile_id": 464 }, "geometry": { "type": "MultiPolygon", "coordinates": [ [ [ [ 9.950851815435703, 62.831718837967301 ], [ 9.950976972596262, 62.831587048375766 ], [ 9.95053007544716, 62.831157353825198 ], [ 9.949850859674191, 62.831123492176317 ], [ 9.949352178483419, 62.831777648763833 ], [ 9.949999991383423, 62.831899263173256 ], [ 9.950851815435703, 62.831718837967301 ] ] ] ] } },
{ "type": "Feature", "properties": { "fid": 30181, "navn": null, "hoyde_moh": 1006, "arealInnsjo_km2": 0.0028, "magasinKategori": null, "fid_2": 464, "id": 464, "left": 9.486919847, "top": 62.946110046000001, "right": 9.986919847, "bottom": 62.446110046000001, "row_index": 23, "col_index": 11, "tile_id": 464 }, "geometry": { "type": "MultiPolygon", "coordinates": [ [ [ [ 9.541501060847486, 62.819844232913866 ], [ 9.54141969340828, 62.819589716611475 ], [ 9.540605407339109, 62.819402361176486 ], [ 9.540806072110245, 62.819551635319321 ], [ 9.540398624881686, 62.819607784167879 ], [ 9.540371039761419, 62.819938248348173 ], [ 9.540896893244474, 62.820019894893441 ], [ 9.541501060847486, 62.819844232913866 ] ] ] ] } },
{ "type": "Feature", "properties": { "fid": 30182, "navn": null, "hoyde_moh": 757, "arealInnsjo_km2": 0.0028, "magasinKategori": null, "fid_2": 464, "id": 464, "left": 9.486919847, "top": 62.946110046000001, "right": 9.986919847, "bottom": 62.446110046000001, "row_index": 23, "col_index": 11, "tile_id": 464 }, "geometry": { "type": "MultiPolygon", "coordinates": [ [ [ [ 9.757338213382697, 62.828837610124488 ], [ 9.758021095171253, 62.8284289708618 ], [ 9.757847121100598, 62.828289224105937 ], [ 9.757224955299737, 62.828314765827173 ], [ 9.756717077123199, 62.828645718492439 ], [ 9.757008498742895, 62.828842846695053 ], [ 9.757338213382697, 62.828837610124488 ] ] ] ] } },
{ "type": "Feature", "properties": { "fid": 30183, "navn": null, "hoyde_moh": 955, "arealInnsjo_km2": 0.0104, "magasinKategori": null, "fid_2": 464, "id": 464, "left": 9.486919847, "top": 62.946110046000001, "right": 9.986919847, "bottom": 62.446110046000001, "row_index": 23, "col_index": 11, "tile_id": 464 }, "geometry": { "type": "MultiPolygon", "coordinates": [ [ [ [ 9.554890533908599, 62.823276028381784 ], [ 9.555969663063848, 62.822711779742235 ], [ 9.556011902073687, 62.822445690317686 ], [ 9.555478234244577, 62.821857052400212 ], [ 9.554778078822398, 62.821916109699842 ], [ 9.554429601341099, 62.822249513928803 ], [ 9.554545298037302, 62.822365142472101 ], [ 9.555208987208299, 62.822247076538105 ], [ 9.554935321161551, 62.8225908528145 ], [ 9.553726396504835, 62.822751481555208 ], [ 9.554081423478326, 62.822933540158033 ], [ 9.553847737708923, 62.823151796218404 ], [ 9.554438114221719, 62.823187296324839 ], [ 9.554728819699857, 62.823370367774167 ], [ 9.554755821712321, 62.823725625565331 ], [ 9.555022140913275, 62.823940507618723 ], [ 9.554890533908599, 62.823276028381784 ] ] ] ] } },
{ "type": "Feature", "properties": { "fid": 30185, "navn": null, "hoyde_moh": 730, "arealInnsjo_km2": 0.0027, "magasinKategori": null, "fid_2": 464, "id": 464, "left": 9.486919847, "top": 62.946110046000001, "right": 9.986919847, "bottom": 62.446110046000001, "row_index": 23, "col_index": 11, "tile_id": 464 }, "geometry": { "type": "MultiPolygon", "coordinates": [ [ [ [ 9.788851869708461, 62.833265997708104 ], [ 9.788805871161067, 62.833063922592579 ], [ 9.788454169109897, 62.832811457140942 ], [ 9.788090420140694, 62.832868588766928 ], [ 9.787834198637581, 62.833286630500197 ], [ 9.788478448463144, 62.833492909511101 ], [ 9.788851869708461, 62.833265997708104 ] ] ] ] } },
{ "type": "Feature", "properties": { "fid": 30203, "navn": null, "hoyde_moh": 797, "arealInnsjo_km2": 0.003, "magasinKategori": null, "fid_2": 464, "id": 464, "left": 9.486919847, "top": 62.946110046000001, "right": 9.986919847, "bottom": 62.446110046000001, "row_index": 23, "col_index": 11, "tile_id": 464 }, "geometry": { "type": "MultiPolygon", "coordinates": [ [ [ [ 9.618482771579757, 62.827186955880727 ], [ 9.618336195156326, 62.826907687804969 ], [ 9.617313992773079, 62.826823872330188 ], [ 9.617118241876053, 62.826980414574059 ], [ 9.617636833458103, 62.827301930725078 ], [ 9.618380100429981, 62.82733059948157 ], [ 9.618482771579757, 62.827186955880727 ] ] ] ] } },
{ "type": "Feature", "properties": { "fid": 30205, "navn": null, "hoyde_moh": 840, "arealInnsjo_km2": 0.0032, "magasinKategori": null, "fid_2": 464, "id": 464, "left": 9.486919847, "top": 62.946110046000001, "right": 9.986919847, "bottom": 62.446110046000001, "row_index": 23, "col_index": 11, "tile_id": 464 }, "geometry": { "type": "MultiPolygon", "coordinates": [ [ [ [ 9.65416139990001, 62.834484582451815 ], [ 9.654998856482429, 62.834340717971649 ], [ 9.654319121744784, 62.834148017314149 ], [ 9.654041349750091, 62.834350526121739 ], [ 9.653543679999469, 62.83431772426524 ], [ 9.652654209092008, 62.83472010347171 ], [ 9.653062170657599, 62.834884558972632 ], [ 9.65416139990001, 62.834484582451815 ] ] ] ] } },
{ "type": "Feature", "properties": { "fid": 30207, "navn": null, "hoyde_moh": 842, "arealInnsjo_km2": 0.0031, "magasinKategori": null, "fid_2": 464, "id": 464, "left": 9.486919847, "top": 62.946110046000001, "right": 9.986919847, "bottom": 62.446110046000001, "row_index": 23, "col_index": 11, "tile_id": 464 }, "geometry": { "type": "MultiPolygon", "coordinates": [ [ [ [ 9.647131470458051, 62.835573337916706 ], [ 9.647178905486552, 62.835277567209545 ], [ 9.646020257547557, 62.835251490249561 ], [ 9.645726837679181, 62.83553185453858 ], [ 9.645854251720669, 62.835792627942929 ], [ 9.647131470458051, 62.835573337916706 ] ] ] ] } },
{ "type": "Feature", "properties": { "fid": 30234, "navn": null, "hoyde_moh": 700, "arealInnsjo_km2": 0.0047, "magasinKategori": null, "fid_2": 464, "id": 464, "left": 9.486919847, "top": 62.946110046000001, "right": 9.986919847, "bottom": 62.446110046000001, "row_index": 23, "col_index": 11, "tile_id": 464 }, "geometry": { "type": "MultiPolygon", "coordinates": [ [ [ [ 9.759900872816621, 62.84004136377137 ], [ 9.758478888427067, 62.83995691388791 ], [ 9.75804631185339, 62.840362216086199 ], [ 9.7591096941802, 62.840538112963849 ], [ 9.759900872816621, 62.84004136377137 ] ] ] ] } },
{ "type": "Feature", "properties": { "fid": 30235, "navn": null, "hoyde_moh": 908, "arealInnsjo_km2": 0.0029, "magasinKategori": null, "fid_2": 464, "id": 464, "left": 9.486919847, "top": 62.946110046000001, "right": 9.986919847, "bottom": 62.446110046000001, "row_index": 23, "col_index": 11, "tile_id": 464 }, "geometry": { "type": "MultiPolygon", "coordinates": [ [ [ [ 9.572529325862639, 62.833289743873152 ], [ 9.572498143554334, 62.832961241670326 ], [ 9.572678507337656, 62.832784091139636 ], [ 9.571186239609265, 62.833293892641947 ], [ 9.571265585913849, 62.833517258121383 ], [ 9.572529325862639, 62.833289743873152 ] ] ] ] } },
{ "type": "Feature", "properties": { "fid": 30535, "navn": "Svatjønna", "hoyde_moh": 1011, "arealInnsjo_km2": 0.0246, "magasinKategori": null, "fid_2": 464, "id": 464, "left": 9.486919847, "top": 62.946110046000001, "right": 9.986919847, "bottom": 62.446110046000001, "row_index": 23, "col_index": 11, "tile_id": 464 }, "geometry": { "type": "MultiPolygon", "coordinates": [ [ [ [ 9.487759763514028, 62.710657723887039 ], [ 9.488238912961364, 62.710327756490237 ], [ 9.488227450580641, 62.710128858496134 ], [ 9.487224612590838, 62.709379819924798 ], [ 9.487325252264208, 62.708935500427373 ], [ 9.487016087034522, 62.708594829635032 ], [ 9.486919847, 62.708598043392691 ], [ 9.486919847, 62.710607492566417 ], [ 9.487759763514028, 62.710657723887039 ] ] ] ] } },
{ "type": "Feature", "properties": { "fid": 30536, "navn": null, "hoyde_moh": 1107, "arealInnsjo_km2": 0.0342, "magasinKategori": null, "fid_2": 464, "id": 464, "left": 9.486919847, "top": 62.946110046000001, "right": 9.986919847, "bottom": 62.446110046000001, "row_index": 23, "col_index": 11, "tile_id": 464 }, "geometry": { "type": "MultiPolygon", "coordinates": [ [ [ [ 9.53506013281463, 62.718814233802966 ], [ 9.534791573997865, 62.718406516643967 ], [ 9.534794349332632, 62.717647522304759 ], [ 9.534157393902055, 62.717101321136461 ], [ 9.533332334987632, 62.716806506450837 ], [ 9.532499134414685, 62.716865677198228 ], [ 9.53201218911204, 62.71741443744795 ], [ 9.531272742820075, 62.717583276527222 ], [ 9.531511477274782, 62.717909382010255 ], [ 9.531205050866097, 62.718136709884384 ], [ 9.531397130776389, 62.718377118194816 ], [ 9.531370066109114, 62.718686002856266 ], [ 9.531678614550692, 62.718722261734655 ], [ 9.531934999008762, 62.718592512590824 ], [ 9.531967977544523, 62.718378623291983 ], [ 9.532159237740794, 62.718386542220969 ], [ 9.532457030246627, 62.718711442049681 ], [ 9.532953295422622, 62.718771586920163 ], [ 9.533740543241246, 62.719182909040406 ], [ 9.53506013281463, 62.718814233802966 ] ] ] ] } },
{ "type": "Feature", "properties": { "fid": 30672, "navn": null, "hoyde_moh": 1165, "arealInnsjo_km2": 0.0071, "magasinKategori": null, "fid_2": 464, "id": 464, "left": 9.486919847, "top": 62.946110046000001, "right": 9.986919847, "bottom": 62.446110046000001, "row_index": 23, "col_index": 11, "tile_id": 464 }, "geometry": { "type": "MultiPolygon", "coordinates": [ [ [ [ 9.604318889961444, 62.68318145886748 ], [ 9.604713133143523, 62.683384828334169 ], [ 9.604774362185045, 62.683132072500122 ], [ 9.60506994890472, 62.683026395994311 ], [ 9.606768664364754, 62.682977874194314 ], [ 9.60756480594495, 62.682370726220718 ], [ 9.60524556704892, 62.682728377412957 ], [ 9.603623853533652, 62.683378183705102 ], [ 9.603846072806054, 62.6835252468967 ], [ 9.604318889961444, 62.68318145886748 ] ] ] ] } },
{ "type": "Feature", "properties": { "fid": 30688, "navn": null, "hoyde_moh": 1305, "arealInnsjo_km2": 0.01, "magasinKategori": null, "fid_2": 464, "id": 464, "left": 9.486919847, "top": 62.946110046000001, "right": 9.986919847, "bottom": 62.446110046000001, "row_index": 23, "col_index": 11, "tile_id": 464 }, "geometry": { "type": "MultiPolygon", "coordinates": [ [ [ [ 9.80973542724232, 62.484597295557144 ], [ 9.810295301662421, 62.484079052978451 ], [ 9.8100549632611, 62.483479163115149 ], [ 9.809379864232394, 62.483110218940787 ], [ 9.809050690108709, 62.48322273889962 ], [ 9.809439137591863, 62.483509112859437 ], [ 9.809317881859782, 62.483826871058326 ], [ 9.809553164907834, 62.483976626525042 ], [ 9.809021815232821, 62.484349995866722 ], [ 9.808815437998593, 62.484756711638568 ], [ 9.809327413936044, 62.48524508780347 ], [ 9.809380796299658, 62.485494679224423 ], [ 9.809752274679182, 62.485656438181628 ], [ 9.80973542724232, 62.484597295557144 ] ] ] ] } },
{ "type": "Feature", "properties": { "fid": 30799, "navn": "Kvolvtjønnin", "hoyde_moh": 1123, "arealInnsjo_km2": 0.1184, "magasinKategori": null, "fid_2": 464, "id": 464, "left": 9.486919847, "top": 62.946110046000001, "right": 9.986919847, "bottom": 62.446110046000001, "row_index": 23, "col_index": 11, "tile_id": 464 }, "geometry": { "type": "MultiPolygon", "coordinates": [ [ [ [ 9.645554681720006, 62.725288114388313 ], [ 9.645303197690856, 62.724941956926898 ], [ 9.645312256064924, 62.724698714384353 ], [ 9.645134491251714, 62.724507089210668 ], [ 9.644793105375323, 62.72466158832421 ], [ 9.644875482317129, 62.72482887036405 ], [ 9.644254308983792, 62.724876296656959 ], [ 9.644234346753482, 62.724734616973976 ], [ 9.643926624476796, 62.724669128527083 ], [ 9.643797647324451, 62.724076054651775 ], [ 9.643399000443379, 62.723603235011311 ], [ 9.640929254916118, 62.723621505418123 ], [ 9.637803567880113, 62.722999389578987 ], [ 9.635727091882, 62.723074196880695 ], [ 9.633761648694959, 62.723573281751456 ], [ 9.634069920392944, 62.723787561032957 ], [ 9.633985663857539, 62.724201146974295 ], [ 9.634255935343088, 62.724680417504146 ], [ 9.63500493142927, 62.725105407297406 ], [ 9.635770543861627, 62.725314073539344 ], [ 9.638210409992217, 62.725459959460842 ], [ 9.639702889236768, 62.725320468588919 ], [ 9.640283898228088, 62.724998869801958 ], [ 9.640942142677901, 62.724960078143454 ], [ 9.641817907315323, 62.725056934096742 ], [ 9.642082261932309, 62.72551661255455 ], [ 9.642422505962299, 62.725657856554015 ], [ 9.644026253523085, 62.725664662175767 ], [ 9.644841215389178, 62.725885961873487 ], [ 9.645554681720006, 62.725288114388313 ] ] ] ] } },
{ "type": "Feature", "properties": { "fid": 30800, "navn": null, "hoyde_moh": 1087, "arealInnsjo_km2": 0.0182, "magasinKategori": null, "fid_2": 464, "id": 464, "left": 9.486919847, "top": 62.946110046000001, "right": 9.986919847, "bottom": 62.446110046000001, "row_index": 23, "col_index": 11, "tile_id": 464 }, "geometry": { "type": "MultiPolygon", "coordinates": [ [ [ [ 9.644711665371419, 62.743652383763582 ], [ 9.644925206982549, 62.743338849041628 ], [ 9.644820860370656, 62.742882957498288 ], [ 9.644435645192763, 62.742427669064874 ], [ 9.644442580477536, 62.742013733893003 ], [ 9.643616365249899, 62.741888658007582 ], [ 9.642410763547772, 62.742034233792147 ], [ 9.642488753250744, 62.74221502616826 ], [ 9.642311810009485, 62.742314172969927 ], [ 9.642931607864098, 62.742717876971312 ], [ 9.643730079348849, 62.7438227312675 ], [ 9.644095901393339, 62.744005795826396 ], [ 9.644711665371419, 62.743652383763582 ] ] ] ] } },
{ "type": "Feature", "properties": { "fid": 31549, "navn": "Store Ristjønna", "hoyde_moh": 1255, "arealInnsjo_km2": 0.6383, "magasinKategori": null, "fid_2": 464, "id": 464, "left": 9.486919847, "top": 62.946110046000001, "right": 9.986919847, "bottom": 62.446110046000001, "row_index": 23, "col_index": 11, "tile_id": 464 }, "geometry": { "type": "MultiPolygon", "coordinates": [ [ [ [ 9.62047214890252, 62.465043290057046 ], [ 9.621173332064409, 62.464683988649213 ], [ 9.621586505493804, 62.463908250258449 ], [ 9.62190124496942, 62.463663231143528 ], [ 9.623048978948306, 62.463788302782646 ], [ 9.624456172443624, 62.463595385022323 ], [ 9.625487311252609, 62.46296310148653 ], [ 9.626210897050592, 62.462054823173339 ], [ 9.626216621917282, 62.461765196521768 ], [ 9.625880631158219, 62.460584730363927 ], [ 9.624523736511769, 62.460117566900806 ], [ 9.623694817661367, 62.460165269612261 ], [ 9.623268237647219, 62.459911850362197 ], [ 9.623314625525254, 62.459520759065043 ], [ 9.623808536265262, 62.459121223937871 ], [ 9.624304228720151, 62.458967330914405 ], [ 9.624986715895915, 62.459061277586976 ], [ 9.625690108180709, 62.458828835779315 ], [ 9.625733583648216, 62.458435382441756 ], [ 9.625564498144465, 62.4582208015144 ], [ 9.625083594191167, 62.457847226176078 ], [ 9.623635413009582, 62.45749593650406 ], [ 9.621824199446445, 62.457371404144958 ], [ 9.620378696321362, 62.457542289129691 ], [ 9.619840672273645, 62.457412600543613 ], [ 9.619887279993435, 62.457143360690075 ], [ 9.619349670304448, 62.456670923683838 ], [ 9.61891701855869, 62.455644621043923 ], [ 9.6190843213839, 62.454334394731845 ], [ 9.617518812624613, 62.453563023591265 ], [ 9.617245830614584, 62.453801007680376 ], [ 9.617786015029273, 62.455302563149388 ], [ 9.617557987117689, 62.455853554505239 ], [ 9.615352123492178, 62.457015249514171 ], [ 9.612147019252872, 62.459640394384451 ], [ 9.608969157173883, 62.460738264507484 ], [ 9.607679201001654, 62.461455701270154 ], [ 9.606540848559527, 62.461833088162521 ], [ 9.606092564756336, 62.46223667811055 ], [ 9.606197896883801, 62.462454933983636 ], [ 9.607716061058687, 62.463269857113808 ], [ 9.608914550378957, 62.463321334147999 ], [ 9.609810326386929, 62.463683053211419 ], [ 9.611664654286779, 62.463580562381587 ], [ 9.612807298113797, 62.463871370677623 ], [ 9.614155537060716, 62.463824572875403 ], [ 9.615639106066004, 62.464659299526375 ], [ 9.616898647193349, 62.465118102499048 ], [ 9.62047214890252, 62.465043290057046 ] ] ] ] } },
{ "type": "Feature", "properties": { "fid": 32520, "navn": "Skrutjønna", "hoyde_moh": 776, "arealInnsjo_km2": 0.0282, "magasinKategori": null, "fid_2": 464, "id": 464, "left": 9.486919847, "top": 62.946110046000001, "right": 9.986919847, "bottom": 62.446110046000001, "row_index": 23, "col_index": 11, "tile_id": 464 }, "geometry": { "type": "MultiPolygon", "coordinates": [ [ [ [ 9.902590689048624, 62.886773225871167 ], [ 9.901877627616638, 62.886218582950711 ], [ 9.90180022767551, 62.885900997582759 ], [ 9.900497391164555, 62.885797455289726 ], [ 9.900637497667228, 62.885524728771884 ], [ 9.900999699484304, 62.885485590417844 ], [ 9.900909656029498, 62.885291694817191 ], [ 9.900041493313351, 62.885134812363439 ], [ 9.899381364849893, 62.884504165547135 ], [ 9.898683347325585, 62.884406072045429 ], [ 9.898182745200659, 62.884795269084414 ], [ 9.898669928890765, 62.88532662817606 ], [ 9.898111628948197, 62.88552409046946 ], [ 9.898347797156225, 62.885962050393054 ], [ 9.899574305109759, 62.886396518070541 ], [ 9.899900319531923, 62.886368305075415 ], [ 9.900192357580496, 62.886586257864927 ], [ 9.902238941510934, 62.886855299981725 ], [ 9.902590689048624, 62.886773225871167 ] ], [ [ 9.898973256417086, 62.885065220089011 ], [ 9.899292415027963, 62.885179351779463 ], [ 9.898950728606449, 62.88526709006203 ], [ 9.898749968812643, 62.885241636918252 ], [ 9.898973256417086, 62.885065220089011 ] ] ] ] } },
{ "type": "Feature", "properties": { "fid": 39608, "navn": null, "hoyde_moh": 1173, "arealInnsjo_km2": 0.0058, "magasinKategori": null, "fid_2": 464, "id": 464, "left": 9.486919847, "top": 62.946110046000001, "right": 9.986919847, "bottom": 62.446110046000001, "row_index": 23, "col_index": 11, "tile_id": 464 }, "geometry": { "type": "MultiPolygon", "coordinates": [ [ [ [ 9.927036776747901, 62.454128596887934 ], [ 9.927052313901555, 62.453635991181805 ], [ 9.926598494939263, 62.453604333972955 ], [ 9.925835513174039, 62.453918462959358 ], [ 9.925705842903819, 62.454120198185464 ], [ 9.925781456913784, 62.454595256580802 ], [ 9.92605175516651, 62.454623283962 ], [ 9.927036776747901, 62.454128596887934 ] ] ] ] } },
{ "type": "Feature", "properties": { "fid": 39934, "navn": null, "hoyde_moh": 1306, "arealInnsjo_km2": 0.005, "magasinKategori": null, "fid_2": 464, "id": 464, "left": 9.486919847, "top": 62.946110046000001, "right": 9.986919847, "bottom": 62.446110046000001, "row_index": 23, "col_index": 11, "tile_id": 464 }, "geometry": { "type": "MultiPolygon", "coordinates": [ [ [ [ 9.625213524863767, 62.693548847484969 ], [ 9.624466976690432, 62.693199371292074 ], [ 9.6230091572347, 62.693098823109132 ], [ 9.623120059919222, 62.693434325443548 ], [ 9.624803565443402, 62.693716674747236 ], [ 9.625213524863767, 62.693548847484969 ] ] ] ] } },
{ "type": "Feature", "properties": { "fid": 40074, "navn": null, "hoyde_moh": 1367, "arealInnsjo_km2": 0.0076, "magasinKategori": null, "fid_2": 464, "id": 464, "left": 9.486919847, "top": 62.946110046000001, "right": 9.986919847, "bottom": 62.446110046000001, "row_index": 23, "col_index": 11, "tile_id": 464 }, "geometry": { "type": "MultiPolygon", "coordinates": [ [ [ [ 9.795205215882223, 62.489649734457267 ], [ 9.795192438336175, 62.489367642425137 ], [ 9.794438024648635, 62.489034348488062 ], [ 9.793681321904348, 62.489015959239545 ], [ 9.793578670052053, 62.489481060034805 ], [ 9.793722259913073, 62.489661155113183 ], [ 9.794765098974343, 62.490206231950147 ], [ 9.795205215882223, 62.489649734457267 ] ] ] ] } },
{ "type": "Feature", "properties": { "fid": 40075, "navn": null, "hoyde_moh": 1355, "arealInnsjo_km2": 0.0038, "magasinKategori": null, "fid_2": 464, "id": 464, "left": 9.486919847, "top": 62.946110046000001, "right": 9.986919847, "bottom": 62.446110046000001, "row_index": 23, "col_index": 11, "tile_id": 464 }, "geometry": { "type": "MultiPolygon", "coordinates": [ [ [ [ 9.782670876050716, 62.498698059028257 ], [ 9.783508261069972, 62.498490450177428 ], [ 9.783122888128869, 62.498133488302777 ], [ 9.782658617759282, 62.498043761029834 ], [ 9.782355404339201, 62.498160886327369 ], [ 9.78207333670956, 62.49862601182172 ], [ 9.782147726092868, 62.498790031271177 ], [ 9.782670876050716, 62.498698059028257 ] ] ] ] } },
{ "type": "Feature", "properties": { "fid": 40131, "navn": null, "hoyde_moh": 1053, "arealInnsjo_km2": 0.005, "magasinKategori": null, "fid_2": 464, "id": 464, "left": 9.486919847, "top": 62.946110046000001, "right": 9.986919847, "bottom": 62.446110046000001, "row_index": 23, "col_index": 11, "tile_id": 464 }, "geometry": { "type": "MultiPolygon", "coordinates": [ [ [ [ 9.908746920797185, 62.490707811441787 ], [ 9.907992278306448, 62.490056779019639 ], [ 9.908038047858847, 62.489731974714232 ], [ 9.907382595873401, 62.489531862840032 ], [ 9.906779349854686, 62.489597609858642 ], [ 9.908260014220295, 62.490408967514803 ], [ 9.907459118885932, 62.490652457672439 ], [ 9.908682596219117, 62.490841844840645 ], [ 9.908746920797185, 62.490707811441787 ] ] ] ] } },
{ "type": "Feature", "properties": { "fid": 40133, "navn": null, "hoyde_moh": 1370, "arealInnsjo_km2": 0.0077, "magasinKategori": null, "fid_2": 464, "id": 464, "left": 9.486919847, "top": 62.946110046000001, "right": 9.986919847, "bottom": 62.446110046000001, "row_index": 23, "col_index": 11, "tile_id": 464 }, "geometry": { "type": "MultiPolygon", "coordinates": [ [ [ [ 9.791621053174509, 62.486570474584219 ], [ 9.791620776933842, 62.486045651813463 ], [ 9.791053173324617, 62.485533258742969 ], [ 9.790701949706618, 62.485509863550831 ], [ 9.789990079855338, 62.486030988177689 ], [ 9.790118052554439, 62.486309114283628 ], [ 9.790477372425757, 62.48651878794012 ], [ 9.791445664736239, 62.486689337170759 ], [ 9.791621053174509, 62.486570474584219 ] ] ] ] } },
{ "type": "Feature", "properties": { "fid": 40216, "navn": null, "hoyde_moh": 1224, "arealInnsjo_km2": 0.0039, "magasinKategori": null, "fid_2": 464, "id": 464, "left": 9.486919847, "top": 62.946110046000001, "right": 9.986919847, "bottom": 62.446110046000001, "row_index": 23, "col_index": 11, "tile_id": 464 }, "geometry": { "type": "MultiPolygon", "coordinates": [ [ [ [ 9.612676593123497, 62.71921962618984 ], [ 9.612977168915828, 62.719042305453719 ], [ 9.613055090017875, 62.718793787701642 ], [ 9.612380542501493, 62.718778455429089 ], [ 9.611372180094433, 62.719052633487429 ], [ 9.611112618434891, 62.719281202625339 ], [ 9.612676593123497, 62.71921962618984 ] ] ] ] } },
{ "type": "Feature", "properties": { "fid": 40286, "navn": null, "hoyde_moh": 1202, "arealInnsjo_km2": 0.007, "magasinKategori": null, "fid_2": 464, "id": 464, "left": 9.486919847, "top": 62.946110046000001, "right": 9.986919847, "bottom": 62.446110046000001, "row_index": 23, "col_index": 11, "tile_id": 464 }, "geometry": { "type": "MultiPolygon", "coordinates": [ [ [ [ 9.622305150942932, 62.719586745225008 ], [ 9.6223264757413, 62.719035225240809 ], [ 9.622003307964862, 62.718942096345877 ], [ 9.622009120958923, 62.71880158021402 ], [ 9.621176777613533, 62.718669996352084 ], [ 9.620774283785758, 62.719018442771109 ], [ 9.620808659512941, 62.719297642853313 ], [ 9.621881982034578, 62.719764685696852 ], [ 9.622305150942932, 62.719586745225008 ] ] ] ] } },
{ "type": "Feature", "properties": { "fid": 40730, "navn": null, "hoyde_moh": 1099, "arealInnsjo_km2": 0.0141, "magasinKategori": null, "fid_2": 464, "id": 464, "left": 9.486919847, "top": 62.946110046000001, "right": 9.986919847, "bottom": 62.446110046000001, "row_index": 23, "col_index": 11, "tile_id": 464 }, "geometry": { "type": "MultiPolygon", "coordinates": [ [ [ [ 9.663227652606526, 62.726715773602884 ], [ 9.663512846737568, 62.726483414819761 ], [ 9.66334293590066, 62.72624118510948 ], [ 9.662084225327542, 62.725949816620826 ], [ 9.659758140130402, 62.72608358928008 ], [ 9.660618264713547, 62.726724398670505 ], [ 9.6616783628187, 62.726872695458901 ], [ 9.663227652606526, 62.726715773602884 ] ] ] ] } },
{ "type": "Feature", "properties": { "fid": 40731, "navn": null, "hoyde_moh": 1136, "arealInnsjo_km2": 0.0029, "magasinKategori": null, "fid_2": 464, "id": 464, "left": 9.486919847, "top": 62.946110046000001, "right": 9.986919847, "bottom": 62.446110046000001, "row_index": 23, "col_index": 11, "tile_id": 464 }, "geometry": { "type": "MultiPolygon", "coordinates": [ [ [ [ 9.642246164571999, 62.728479971467969 ], [ 9.641680956468083, 62.728457451209451 ], [ 9.641628047804408, 62.728878177273884 ], [ 9.642859460123075, 62.728992407231402 ], [ 9.642246164571999, 62.728479971467969 ] ] ] ] } },
{ "type": "Feature", "properties": { "fid": 40833, "navn": null, "hoyde_moh": 1101, "arealInnsjo_km2": 0.0143, "magasinKategori": null, "fid_2": 464, "id": 464, "left": 9.486919847, "top": 62.946110046000001, "right": 9.986919847, "bottom": 62.446110046000001, "row_index": 23, "col_index": 11, "tile_id": 464 }, "geometry": { "type": "MultiPolygon", "coordinates": [ [ [ [ 9.657908334019901, 62.724174322723968 ], [ 9.658145136943553, 62.724270998716754 ], [ 9.657993261035033, 62.724463260258013 ], [ 9.658265120019749, 62.724432416385774 ], [ 9.658436935312842, 62.724268630023097 ], [ 9.658306443053897, 62.724087285239428 ], [ 9.659236943447857, 62.723469309426093 ], [ 9.657568304592033, 62.723337641724036 ], [ 9.656213992396411, 62.723586880998909 ], [ 9.655749915456909, 62.723897344944369 ], [ 9.656161487733209, 62.724254447706215 ], [ 9.65677443475429, 62.724423246693348 ], [ 9.657908334019901, 62.724174322723968 ] ] ] ] } },
{ "type": "Feature", "properties": { "fid": 40859, "navn": null, "hoyde_moh": 1119, "arealInnsjo_km2": 0.0023, "magasinKategori": null, "fid_2": 464, "id": 464, "left": 9.486919847, "top": 62.946110046000001, "right": 9.986919847, "bottom": 62.446110046000001, "row_index": 23, "col_index": 11, "tile_id": 464 }, "geometry": { "type": "MultiPolygon", "coordinates": [ [ [ [ 9.661524627456558, 62.744165603771663 ], [ 9.661652760616484, 62.744075642696394 ], [ 9.660978977547321, 62.743968447712518 ], [ 9.660002699314514, 62.744078640256426 ], [ 9.660314726609929, 62.744342574288545 ], [ 9.661524627456558, 62.744165603771663 ] ] ] ] } },
{ "type": "Feature", "properties": { "fid": 40860, "navn": null, "hoyde_moh": 1156, "arealInnsjo_km2": 0.0052, "magasinKategori": null, "fid_2": 464, "id": 464, "left": 9.486919847, "top": 62.946110046000001, "right": 9.986919847, "bottom": 62.446110046000001, "row_index": 23, "col_index": 11, "tile_id": 464 }, "geometry": { "type": "MultiPolygon", "coordinates": [ [ [ [ 9.62354690985436, 62.730728522201474 ], [ 9.623718009402664, 62.7304042983573 ], [ 9.624233005598706, 62.730061237631865 ], [ 9.62422496352673, 62.729879426011159 ], [ 9.623981889762666, 62.729750774809361 ], [ 9.623470625755887, 62.729842105106762 ], [ 9.623661374230039, 62.730131894695326 ], [ 9.622879123959725, 62.730444447634497 ], [ 9.62257522857465, 62.730773021472224 ], [ 9.622525775787695, 62.731081847260562 ], [ 9.622776169697937, 62.731126284320752 ], [ 9.62354690985436, 62.730728522201474 ] ] ] ] } },
{ "type": "Feature", "properties": { "fid": 40919, "navn": null, "hoyde_moh": 1160, "arealInnsjo_km2": 0.0017, "magasinKategori": null, "fid_2": 464, "id": 464, "left": 9.486919847, "top": 62.946110046000001, "right": 9.986919847, "bottom": 62.446110046000001, "row_index": 23, "col_index": 11, "tile_id": 464 }, "geometry": { "type": "MultiPolygon", "coordinates": [ [ [ [ 9.62421456760589, 62.735856656978711 ], [ 9.624306615619016, 62.735490614141149 ], [ 9.623586574088215, 62.735695778164462 ], [ 9.623619800767804, 62.735885755306299 ], [ 9.623050958588445, 62.736071703109602 ], [ 9.62421456760589, 62.735856656978711 ] ] ] ] } },
{ "type": "Feature", "properties": { "fid": 41081, "navn": null, "hoyde_moh": 1158, "arealInnsjo_km2": 0.0048, "magasinKategori": null, "fid_2": 464, "id": 464, "left": 9.486919847, "top": 62.946110046000001, "right": 9.986919847, "bottom": 62.446110046000001, "row_index": 23, "col_index": 11, "tile_id": 464 }, "geometry": { "type": "MultiPolygon", "coordinates": [ [ [ [ 9.617529122838388, 62.731194006314752 ], [ 9.617662615365417, 62.730928994216811 ], [ 9.616584422266497, 62.730964860293909 ], [ 9.615735322669755, 62.731323939981721 ], [ 9.615520403374495, 62.731564313860765 ], [ 9.615943654083564, 62.731708274569705 ], [ 9.617529122838388, 62.731194006314752 ] ] ] ] } },
{ "type": "Feature", "properties": { "fid": 41396, "navn": null, "hoyde_moh": 1025, "arealInnsjo_km2": 0.0019, "magasinKategori": null, "fid_2": 464, "id": 464, "left": 9.486919847, "top": 62.946110046000001, "right": 9.986919847, "bottom": 62.446110046000001, "row_index": 23, "col_index": 11, "tile_id": 464 }, "geometry": { "type": "MultiPolygon", "coordinates": [ [ [ [ 9.494518665451112, 62.692607863837679 ], [ 9.493891913345575, 62.692309878061764 ], [ 9.492969649434624, 62.692533587345736 ], [ 9.494518665451112, 62.692607863837679 ] ] ] ] } },
{ "type": "Feature", "properties": { "fid": 41566, "navn": null, "hoyde_moh": 1211, "arealInnsjo_km2": 0.0059, "magasinKategori": null, "fid_2": 464, "id": 464, "left": 9.486919847, "top": 62.946110046000001, "right": 9.986919847, "bottom": 62.446110046000001, "row_index": 23, "col_index": 11, "tile_id": 464 }, "geometry": { "type": "MultiPolygon", "coordinates": [ [ [ [ 9.617488994674835, 62.72424896287486 ], [ 9.617267714062944, 62.724004511982677 ], [ 9.616750378381044, 62.724062916782238 ], [ 9.61677054050125, 62.723911613295655 ], [ 9.616576221244005, 62.723861130113583 ], [ 9.615369507241082, 62.723780724926272 ], [ 9.615083539409534, 62.723917579158176 ], [ 9.615432155783928, 62.724055165425987 ], [ 9.615511917473189, 62.724388395635152 ], [ 9.616880212174749, 62.724489317475211 ], [ 9.617488994674835, 62.72424896287486 ] ] ] ] } },
{ "type": "Feature", "properties": { "fid": 41766, "navn": null, "hoyde_moh": 1086, "arealInnsjo_km2": 0.0141, "magasinKategori": null, "fid_2": 464, "id": 464, "left": 9.486919847, "top": 62.946110046000001, "right": 9.986919847, "bottom": 62.446110046000001, "row_index": 23, "col_index": 11, "tile_id": 464 }, "geometry": { "type": "MultiPolygon", "coordinates": [ [ [ [ 9.637038743816442, 62.744553755675774 ], [ 9.638355425136726, 62.744277224763167 ], [ 9.638670112346746, 62.744083288818892 ], [ 9.638692236127643, 62.743725453738818 ], [ 9.638321700532877, 62.743360333228438 ], [ 9.637705472353977, 62.743599419926213 ], [ 9.636521403468295, 62.74374145250129 ], [ 9.634933833459142, 62.744648112452872 ], [ 9.637038743816442, 62.744553755675774 ] ] ] ] } },
{ "type": "Feature", "properties": { "fid": 41843, "navn": null, "hoyde_moh": 900, "arealInnsjo_km2": 0.0047, "magasinKategori": null, "fid_2": 464, "id": 464, "left": 9.486919847, "top": 62.946110046000001, "right": 9.986919847, "bottom": 62.446110046000001, "row_index": 23, "col_index": 11, "tile_id": 464 }, "geometry": { "type": "MultiPolygon", "coordinates": [ [ [ [ 9.509053732703455, 62.744538917767251 ], [ 9.508066640246554, 62.744592655694696 ], [ 9.506312333781088, 62.744088024381838 ], [ 9.506203916708314, 62.744299045688088 ], [ 9.506967265389415, 62.7446349649274 ], [ 9.50874583673045, 62.744675795109629 ], [ 9.509100631291064, 62.744965449774782 ], [ 9.509392678160008, 62.74498841442697 ], [ 9.509053732703455, 62.744538917767251 ] ] ] ] } },
{ "type": "Feature", "properties": { "fid": 42878, "navn": null, "hoyde_moh": 1090, "arealInnsjo_km2": 0.003, "magasinKategori": null, "fid_2": 464, "id": 464, "left": 9.486919847, "top": 62.946110046000001, "right": 9.986919847, "bottom": 62.446110046000001, "row_index": 23, "col_index": 11, "tile_id": 464 }, "geometry": { "type": "MultiPolygon", "coordinates": [ [ [ [ 9.973044945001547, 62.578905553075657 ], [ 9.973053260810177, 62.578722787954192 ], [ 9.972508441232076, 62.578020206641931 ], [ 9.972143167804207, 62.577915024094381 ], [ 9.972232121552224, 62.578528953327762 ], [ 9.972864758512838, 62.578970941039259 ], [ 9.973044945001547, 62.578905553075657 ] ] ] ] } },
{ "type": "Feature", "properties": { "fid": 42885, "navn": null, "hoyde_moh": 1146, "arealInnsjo_km2": 0.0027, "magasinKategori": null, "fid_2": 464, "id": 464, "left": 9.486919847, "top": 62.946110046000001, "right": 9.986919847, "bottom": 62.446110046000001, "row_index": 23, "col_index": 11, "tile_id": 464 }, "geometry": { "type": "MultiPolygon", "coordinates": [ [ [ [ 9.969733852480839, 62.597605460304933 ], [ 9.969060705500347, 62.597269148999523 ], [ 9.968948354616042, 62.597404537240408 ], [ 9.969056035370526, 62.597717962552487 ], [ 9.968651322581128, 62.597855503197771 ], [ 9.96924129724623, 62.59803085372932 ], [ 9.969778794921382, 62.597784746455574 ], [ 9.969733852480839, 62.597605460304933 ] ] ] ] } },
{ "type": "Feature", "properties": { "fid": 42899, "navn": null, "hoyde_moh": 575, "arealInnsjo_km2": 0.0048, "magasinKategori": null, "fid_2": 464, "id": 464, "left": 9.486919847, "top": 62.946110046000001, "right": 9.986919847, "bottom": 62.446110046000001, "row_index": 23, "col_index": 11, "tile_id": 464 }, "geometry": { "type": "MultiPolygon", "coordinates": [ [ [ [ 9.917068529229592, 62.702071043633111 ], [ 9.916516399881187, 62.701897703897245 ], [ 9.916333560894603, 62.701680824007525 ], [ 9.917057046883476, 62.701580063125654 ], [ 9.917683873717854, 62.701865685988025 ], [ 9.918215292602367, 62.701575414452407 ], [ 9.916928049513841, 62.70134282799583 ], [ 9.916058392586219, 62.70159409541165 ], [ 9.916119938338358, 62.702001250108992 ], [ 9.916825262527386, 62.702237098995255 ], [ 9.917068529229592, 62.702071043633111 ] ] ] ] } },
{ "type": "Feature", "properties": { "fid": 42934, "navn": null, "hoyde_moh": 553, "arealInnsjo_km2": 0.0024, "magasinKategori": null, "fid_2": 464, "id": 464, "left": 9.486919847, "top": 62.946110046000001, "right": 9.986919847, "bottom": 62.446110046000001, "row_index": 23, "col_index": 11, "tile_id": 464 }, "geometry": { "type": "MultiPolygon", "coordinates": [ [ [ [ 9.742722823805803, 62.603760095734167 ], [ 9.742684573548059, 62.603605785231146 ], [ 9.742123879685748, 62.60336846213562 ], [ 9.741789400580918, 62.603447735036951 ], [ 9.741870930382932, 62.603856780357084 ], [ 9.742369556128709, 62.603961841062457 ], [ 9.742722823805803, 62.603760095734167 ] ] ] ] } },
{ "type": "Feature", "properties": { "fid": 43067, "navn": "Hallsettjønna", "hoyde_moh": 560, "arealInnsjo_km2": 0.0053, "magasinKategori": null, "fid_2": 464, "id": 464, "left": 9.486919847, "top": 62.946110046000001, "right": 9.986919847, "bottom": 62.446110046000001, "row_index": 23, "col_index": 11, "tile_id": 464 }, "geometry": { "type": "MultiPolygon", "coordinates": [ [ [ [ 9.754982381424114, 62.611674835631113 ], [ 9.755483391926365, 62.611486973228331 ], [ 9.754154986743266, 62.611015103906283 ], [ 9.753889625247208, 62.611339217993027 ], [ 9.753351205879779, 62.611437133496793 ], [ 9.754121690410827, 62.611766141210467 ], [ 9.754982381424114, 62.611674835631113 ] ] ] ] } },
{ "type": "Feature", "properties": { "fid": 43083, "navn": null, "hoyde_moh": 1059, "arealInnsjo_km2": 0.0086, "magasinKategori": null, "fid_2": 464, "id": 464, "left": 9.486919847, "top": 62.946110046000001, "right": 9.986919847, "bottom": 62.446110046000001, "row_index": 23, "col_index": 11, "tile_id": 464 }, "geometry": { "type": "MultiPolygon", "coordinates": [ [ [ [ 9.86991159153308, 62.50397547232911 ], [ 9.870493250649506, 62.503182061167479 ], [ 9.870202015393124, 62.503125275783994 ], [ 9.870242842502456, 62.503241846142636 ], [ 9.870043149097269, 62.503316723074377 ], [ 9.868828419727532, 62.503272441860382 ], [ 9.868371326354373, 62.503640754434691 ], [ 9.868553704156495, 62.504209673108008 ], [ 9.869168484930048, 62.504318771656408 ], [ 9.86991159153308, 62.50397547232911 ] ] ] ] } },
{ "type": "Feature", "properties": { "fid": 43099, "navn": null, "hoyde_moh": 1042, "arealInnsjo_km2": 0.0034, "magasinKategori": null, "fid_2": 464, "id": 464, "left": 9.486919847, "top": 62.946110046000001, "right": 9.986919847, "bottom": 62.446110046000001, "row_index": 23, "col_index": 11, "tile_id": 464 }, "geometry": { "type": "MultiPolygon", "coordinates": [ [ [ [ 9.957241873777489, 62.545340308082338 ], [ 9.957013165961662, 62.544967883762702 ], [ 9.956269505600977, 62.544989482902039 ], [ 9.956262734031446, 62.545294740374857 ], [ 9.956814866309584, 62.545694782954598 ], [ 9.9570396046686, 62.545685096392603 ], [ 9.957241873777489, 62.545340308082338 ] ] ] ] } },
{ "type": "Feature", "properties": { "fid": 43118, "navn": null, "hoyde_moh": 1053, "arealInnsjo_km2": 0.0041, "magasinKategori": null, "fid_2": 464, "id": 464, "left": 9.486919847, "top": 62.946110046000001, "right": 9.986919847, "bottom": 62.446110046000001, "row_index": 23, "col_index": 11, "tile_id": 464 }, "geometry": { "type": "MultiPolygon", "coordinates": [ [ [ [ 9.931295364964889, 62.535603034462703 ], [ 9.931434676821224, 62.535329577447719 ], [ 9.930939549436911, 62.535166111928909 ], [ 9.930092601615515, 62.535233829334949 ], [ 9.929982483667239, 62.53560334621416 ], [ 9.930741305842581, 62.535760208222612 ], [ 9.931295364964889, 62.535603034462703 ] ] ] ] } },
{ "type": "Feature", "properties": { "fid": 43345, "navn": null, "hoyde_moh": 1236, "arealInnsjo_km2": 0.0022, "magasinKategori": null, "fid_2": 464, "id": 464, "left": 9.486919847, "top": 62.946110046000001, "right": 9.986919847, "bottom": 62.446110046000001, "row_index": 23, "col_index": 11, "tile_id": 464 }, "geometry": { "type": "MultiPolygon", "coordinates": [ [ [ [ 9.607883535989147, 62.449310319606383 ], [ 9.607645097514213, 62.448942922602981 ], [ 9.607307801168336, 62.448997968097324 ], [ 9.607425986034057, 62.449206193773882 ], [ 9.607347450958185, 62.44972148300112 ], [ 9.607561127907212, 62.449925941288853 ], [ 9.607883535989147, 62.449310319606383 ] ] ] ] } },
{ "type": "Feature", "properties": { "fid": 43378, "navn": null, "hoyde_moh": 1035, "arealInnsjo_km2": 0.005, "magasinKategori": null, "fid_2": 464, "id": 464, "left": 9.486919847, "top": 62.946110046000001, "right": 9.986919847, "bottom": 62.446110046000001, "row_index": 23, "col_index": 11, "tile_id": 464 }, "geometry": { "type": "MultiPolygon", "coordinates": [ [ [ [ 9.947877742519262, 62.553417848575982 ], [ 9.948971719629736, 62.552827020883235 ], [ 9.948103062882144, 62.55266548535694 ], [ 9.946824387549848, 62.552874122853318 ], [ 9.947361570121364, 62.553164989055048 ], [ 9.947388321331081, 62.553429541142279 ], [ 9.947877742519262, 62.553417848575982 ] ] ] ] } },
{ "type": "Feature", "properties": { "fid": 43380, "navn": null, "hoyde_moh": 943, "arealInnsjo_km2": 0.0062, "magasinKategori": null, "fid_2": 464, "id": 464, "left": 9.486919847, "top": 62.946110046000001, "right": 9.986919847, "bottom": 62.446110046000001, "row_index": 23, "col_index": 11, "tile_id": 464 }, "geometry": { "type": "MultiPolygon", "coordinates": [ [ [ [ 9.985979614685268, 62.661301443738878 ], [ 9.986813957799699, 62.660963693675896 ], [ 9.986654731785535, 62.660770967424646 ], [ 9.986179141110618, 62.660770384187558 ], [ 9.984767616208192, 62.661356049754424 ], [ 9.984543413859553, 62.661792488321574 ], [ 9.985165602775401, 62.661871107125023 ], [ 9.985979614685268, 62.661301443738878 ] ] ] ] } },
{ "type": "Feature", "properties": { "fid": 56634, "navn": "Svarttjønna", "hoyde_moh": 1356, "arealInnsjo_km2": 0.0049, "magasinKategori": null, "fid_2": 464, "id": 464, "left": 9.486919847, "top": 62.946110046000001, "right": 9.986919847, "bottom": 62.446110046000001, "row_index": 23, "col_index": 11, "tile_id": 464 }, "geometry": { "type": "MultiPolygon", "coordinates": [ [ [ [ 9.696204012968858, 62.458059881788991 ], [ 9.697165375737308, 62.457039336596097 ], [ 9.697062731457386, 62.456651476193429 ], [ 9.696561526449623, 62.456719745072512 ], [ 9.69636886005806, 62.457282250900455 ], [ 9.696059746410311, 62.457593590121384 ], [ 9.696066093373767, 62.457996227048497 ], [ 9.695907579506846, 62.458209108583944 ], [ 9.696172526324434, 62.458289482844073 ], [ 9.696204012968858, 62.458059881788991 ] ] ] ] } },
{ "type": "Feature", "properties": { "fid": 56685, "navn": null, "hoyde_moh": 1287, "arealInnsjo_km2": 0.0058, "magasinKategori": null, "fid_2": 464, "id": 464, "left": 9.486919847, "top": 62.946110046000001, "right": 9.986919847, "bottom": 62.446110046000001, "row_index": 23, "col_index": 11, "tile_id": 464 }, "geometry": { "type": "MultiPolygon", "coordinates": [ [ [ [ 9.505394393852756, 62.486379297596322 ], [ 9.505448775322876, 62.486158250817731 ], [ 9.505254175374143, 62.485940246544523 ], [ 9.504342228900027, 62.485839900804152 ], [ 9.503745084923938, 62.48623391401528 ], [ 9.50373717284589, 62.486523573197616 ], [ 9.504344884506725, 62.486647101666641 ], [ 9.505394393852756, 62.486379297596322 ] ] ] ] } },
{ "type": "Feature", "properties": { "fid": 56806, "navn": null, "hoyde_moh": 1124, "arealInnsjo_km2": 0.0088, "magasinKategori": null, "fid_2": 464, "id": 464, "left": 9.486919847, "top": 62.946110046000001, "right": 9.986919847, "bottom": 62.446110046000001, "row_index": 23, "col_index": 11, "tile_id": 464 }, "geometry": { "type": "MultiPolygon", "coordinates": [ [ [ [ 9.665044495901281, 62.746775178892953 ], [ 9.665159777144568, 62.746251096954552 ], [ 9.665740309382029, 62.745732307915446 ], [ 9.664433202321247, 62.745584375169194 ], [ 9.663979777114863, 62.745786849382604 ], [ 9.663848982645018, 62.746559053676229 ], [ 9.664743322339126, 62.746835699675991 ], [ 9.665044495901281, 62.746775178892953 ] ] ] ] } },
{ "type": "Feature", "properties": { "fid": 56950, "navn": null, "hoyde_moh": 1219, "arealInnsjo_km2": 0.0041, "magasinKategori": null, "fid_2": 464, "id": 464, "left": 9.486919847, "top": 62.946110046000001, "right": 9.986919847, "bottom": 62.446110046000001, "row_index": 23, "col_index": 11, "tile_id": 464 }, "geometry": { "type": "MultiPolygon", "coordinates": [ [ [ [ 9.610868592927897, 62.726336391441237 ], [ 9.610820405803889, 62.725905745603406 ], [ 9.610288606002047, 62.72572861308327 ], [ 9.609587739596128, 62.725884315798851 ], [ 9.60959325349441, 62.726153501766071 ], [ 9.610617337500546, 62.726490141355981 ], [ 9.610868592927897, 62.726336391441237 ] ] ] ] } },
{ "type": "Feature", "properties": { "fid": 56951, "navn": null, "hoyde_moh": 1088, "arealInnsjo_km2": 0.0019, "magasinKategori": null, "fid_2": 464, "id": 464, "left": 9.486919847, "top": 62.946110046000001, "right": 9.986919847, "bottom": 62.446110046000001, "row_index": 23, "col_index": 11, "tile_id": 464 }, "geometry": { "type": "MultiPolygon", "coordinates": [ [ [ [ 9.523444803876545, 62.721331425512872 ], [ 9.522820305489349, 62.721216194369667 ], [ 9.522692322152746, 62.721113453197084 ], [ 9.522769047555313, 62.720963192131542 ], [ 9.522381425102548, 62.720859563973349 ], [ 9.522058342304199, 62.721013416779009 ], [ 9.522461656650519, 62.721282801315546 ], [ 9.52320615942808, 62.721448715369931 ], [ 9.523444803876545, 62.721331425512872 ] ] ] ] } },
{ "type": "Feature", "properties": { "fid": 56961, "navn": null, "hoyde_moh": 1067, "arealInnsjo_km2": 0.0025, "magasinKategori": null, "fid_2": 464, "id": 464, "left": 9.486919847, "top": 62.946110046000001, "right": 9.986919847, "bottom": 62.446110046000001, "row_index": 23, "col_index": 11, "tile_id": 464 }, "geometry": { "type": "MultiPolygon", "coordinates": [ [ [ [ 9.512352900544613, 62.71288695722253 ], [ 9.512501346730218, 62.712652665717087 ], [ 9.511978524979288, 62.712538935183929 ], [ 9.511627862711221, 62.712641013718304 ], [ 9.511492364612407, 62.712850973101595 ], [ 9.511643108341827, 62.713023826222127 ], [ 9.511553418747654, 62.713185633516538 ], [ 9.512352900544613, 62.71288695722253 ] ] ] ] } },
{ "type": "Feature", "properties": { "fid": 56966, "navn": null, "hoyde_moh": 1336, "arealInnsjo_km2": 0.0039, "magasinKategori": null, "fid_2": 464, "id": 464, "left": 9.486919847, "top": 62.946110046000001, "right": 9.986919847, "bottom": 62.446110046000001, "row_index": 23, "col_index": 11, "tile_id": 464 }, "geometry": { "type": "MultiPolygon", "coordinates": [ [ [ [ 9.651304531990471, 62.688365790561093 ], [ 9.651201292756431, 62.688115017284048 ], [ 9.650279003426931, 62.687921927730933 ], [ 9.649833100016306, 62.688076480074166 ], [ 9.65017494054673, 62.688523634588385 ], [ 9.651304531990471, 62.688365790561093 ] ] ] ] } },
{ "type": "Feature", "properties": { "fid": 56967, "navn": null, "hoyde_moh": 1269, "arealInnsjo_km2": 0.0155, "magasinKategori": null, "fid_2": 464, "id": 464, "left": 9.486919847, "top": 62.946110046000001, "right": 9.986919847, "bottom": 62.446110046000001, "row_index": 23, "col_index": 11, "tile_id": 464 }, "geometry": { "type": "MultiPolygon", "coordinates": [ [ [ [ 9.608536281888334, 62.700625611370718 ], [ 9.60956580745246, 62.700308371660959 ], [ 9.609990632479521, 62.700009684220376 ], [ 9.60818214213089, 62.69982466451593 ], [ 9.606844189280679, 62.699976940306257 ], [ 9.605623806623305, 62.700647027943646 ], [ 9.60614803383641, 62.700914518172617 ], [ 9.608536281888334, 62.700625611370718 ] ] ] ] } },
{ "type": "Feature", "properties": { "fid": 56968, "navn": null, "hoyde_moh": 1074, "arealInnsjo_km2": 0.0142, "magasinKategori": null, "fid_2": 464, "id": 464, "left": 9.486919847, "top": 62.946110046000001, "right": 9.986919847, "bottom": 62.446110046000001, "row_index": 23, "col_index": 11, "tile_id": 464 }, "geometry": { "type": "MultiPolygon", "coordinates": [ [ [ [ 9.52466313964176, 62.720105636565158 ], [ 9.525006784618995, 62.719616900152509 ], [ 9.525335907776707, 62.718407633704672 ], [ 9.525140293693235, 62.718126309627884 ], [ 9.52458175862508, 62.718098619371879 ], [ 9.524059486787017, 62.718274834572725 ], [ 9.523675991594654, 62.71876911971966 ], [ 9.523789979974515, 62.719113040357989 ], [ 9.523548420706929, 62.719497502503756 ], [ 9.524243698881969, 62.720152321343292 ], [ 9.52466313964176, 62.720105636565158 ] ] ] ] } },
{ "type": "Feature", "properties": { "fid": 56986, "navn": null, "hoyde_moh": 641, "arealInnsjo_km2": 0.0039, "magasinKategori": null, "fid_2": 464, "id": 464, "left": 9.486919847, "top": 62.946110046000001, "right": 9.986919847, "bottom": 62.446110046000001, "row_index": 23, "col_index": 11, "tile_id": 464 }, "geometry": { "type": "MultiPolygon", "coordinates": [ [ [ [ 9.489032160202408, 62.634728601316851 ], [ 9.489339847707962, 62.634055578534728 ], [ 9.488752564247168, 62.634057523894015 ], [ 9.488458419356432, 62.63428279719151 ], [ 9.488260869601037, 62.634957463453027 ], [ 9.488660273322322, 62.635043777314635 ], [ 9.489032160202408, 62.634728601316851 ] ] ] ] } },
{ "type": "Feature", "properties": { "fid": 61585, "navn": null, "hoyde_moh": 1031, "arealInnsjo_km2": 0.0037, "magasinKategori": null, "fid_2": 464, "id": 464, "left": 9.486919847, "top": 62.946110046000001, "right": 9.986919847, "bottom": 62.446110046000001, "row_index": 23, "col_index": 11, "tile_id": 464 }, "geometry": { "type": "MultiPolygon", "coordinates": [ [ [ [ 9.9484286739744, 62.543073677559015 ], [ 9.948233818154138, 62.542769931584587 ], [ 9.947795356760217, 62.542495324349332 ], [ 9.947328481721039, 62.542654013951072 ], [ 9.947330101680572, 62.543038922306323 ], [ 9.948122220597201, 62.543336236618558 ], [ 9.9484286739744, 62.543073677559015 ] ] ] ] } },
{ "type": "Feature", "properties": { "fid": 61707, "navn": null, "hoyde_moh": 891, "arealInnsjo_km2": 0.0041, "magasinKategori": null, "fid_2": 464, "id": 464, "left": 9.486919847, "top": 62.946110046000001, "right": 9.986919847, "bottom": 62.446110046000001, "row_index": 23, "col_index": 11, "tile_id": 464 }, "geometry": { "type": "MultiPolygon", "coordinates": [ [ [ [ 9.950676036385456, 62.621153439852662 ], [ 9.950083606006343, 62.620676296536878 ], [ 9.950049109048306, 62.620397254244153 ], [ 9.949166678999347, 62.620388661953022 ], [ 9.948899160018692, 62.62055432415503 ], [ 9.950406922283415, 62.621282613582423 ], [ 9.950676036385456, 62.621153439852662 ] ] ] ] } },
{ "type": "Feature", "properties": { "fid": 61741, "navn": null, "hoyde_moh": 1014, "arealInnsjo_km2": 0.0019, "magasinKategori": null, "fid_2": 464, "id": 464, "left": 9.486919847, "top": 62.946110046000001, "right": 9.986919847, "bottom": 62.446110046000001, "row_index": 23, "col_index": 11, "tile_id": 464 }, "geometry": { "type": "MultiPolygon", "coordinates": [ [ [ [ 9.9029256116249, 62.612421769813203 ], [ 9.902496134231138, 62.612143676282692 ], [ 9.902017129305822, 62.612196819300252 ], [ 9.902009103374798, 62.612352523376579 ], [ 9.902473534841345, 62.612436402917844 ], [ 9.90206131865148, 62.612757555775893 ], [ 9.902401687713946, 62.612778162078449 ], [ 9.9029256116249, 62.612421769813203 ] ] ] ] } },
{ "type": "Feature", "properties": { "fid": 61751, "navn": null, "hoyde_moh": 1146, "arealInnsjo_km2": 0.0051, "magasinKategori": null, "fid_2": 464, "id": 464, "left": 9.486919847, "top": 62.946110046000001, "right": 9.986919847, "bottom": 62.446110046000001, "row_index": 23, "col_index": 11, "tile_id": 464 }, "geometry": { "type": "MultiPolygon", "coordinates": [ [ [ [ 9.970282867676078, 62.596899899985068 ], [ 9.970075982714581, 62.596812386448491 ], [ 9.970258004235587, 62.596603312011524 ], [ 9.969901515822746, 62.59624125532121 ], [ 9.969252799898674, 62.596281309902928 ], [ 9.968762834869711, 62.59661440738023 ], [ 9.968902798108191, 62.59685253133874 ], [ 9.969892571898695, 62.597060722417552 ], [ 9.970282867676078, 62.596899899985068 ] ] ] ] } },
{ "type": "Feature", "properties": { "fid": 65354, "navn": "Tverrbekktjønna", "hoyde_moh": 951, "arealInnsjo_km2": 0.012, "magasinKategori": null, "fid_2": 464, "id": 464, "left": 9.486919847, "top": 62.946110046000001, "right": 9.986919847, "bottom": 62.446110046000001, "row_index": 23, "col_index": 11, "tile_id": 464 }, "geometry": { "type": "MultiPolygon", "coordinates": [ [ [ [ 9.568437865143544, 62.81853145355047 ], [ 9.568697298412472, 62.818207173879586 ], [ 9.569300056728395, 62.81824012312363 ], [ 9.56938570201098, 62.817910918862431 ], [ 9.56896980763625, 62.817443972448324 ], [ 9.5684531722519, 62.817304924324567 ], [ 9.567194741489679, 62.817600892158509 ], [ 9.566842406224824, 62.817939211971506 ], [ 9.567540293510834, 62.818516159207427 ], [ 9.568437865143544, 62.81853145355047 ] ] ] ] } },
{ "type": "Feature", "properties": { "fid": 65355, "navn": null, "hoyde_moh": 1005, "arealInnsjo_km2": 0.0101, "magasinKategori": null, "fid_2": 464, "id": 464, "left": 9.486919847, "top": 62.946110046000001, "right": 9.986919847, "bottom": 62.446110046000001, "row_index": 23, "col_index": 11, "tile_id": 464 }, "geometry": { "type": "MultiPolygon", "coordinates": [ [ [ [ 9.544988157564594, 62.818082813333042 ], [ 9.544995022464017, 62.817764053633503 ], [ 9.545282801897638, 62.81752793520188 ], [ 9.543955877857748, 62.817122510645859 ], [ 9.543119127852579, 62.817068025514452 ], [ 9.542748227666594, 62.817197685705587 ], [ 9.543304263409633, 62.81796066884997 ], [ 9.544988157564594, 62.818082813333042 ] ] ] ] } },
{ "type": "Feature", "properties": { "fid": 66334, "navn": null, "hoyde_moh": 1060, "arealInnsjo_km2": 0.0033, "magasinKategori": null, "fid_2": 464, "id": 464, "left": 9.486919847, "top": 62.946110046000001, "right": 9.986919847, "bottom": 62.446110046000001, "row_index": 23, "col_index": 11, "tile_id": 464 }, "geometry": { "type": "MultiPolygon", "coordinates": [ [ [ [ 9.885114968889047, 62.495350400901174 ], [ 9.884992987248342, 62.494979942934208 ], [ 9.884464499470257, 62.494931027673715 ], [ 9.88400906562091, 62.495316537430064 ], [ 9.884633188699858, 62.495648038719608 ], [ 9.885114968889047, 62.495350400901174 ] ] ] ] } },
{ "type": "Feature", "properties": { "fid": 66347, "navn": null, "hoyde_moh": 1237, "arealInnsjo_km2": 0.0025, "magasinKategori": null, "fid_2": 464, "id": 464, "left": 9.486919847, "top": 62.946110046000001, "right": 9.986919847, "bottom": 62.446110046000001, "row_index": 23, "col_index": 11, "tile_id": 464 }, "geometry": { "type": "MultiPolygon", "coordinates": [ [ [ [ 9.912998788580024, 62.469344249072783 ], [ 9.91275501707111, 62.468986734161511 ], [ 9.911971714286713, 62.469368880598239 ], [ 9.912019386898933, 62.469664802664312 ], [ 9.9121765594723, 62.469726683767611 ], [ 9.912998788580024, 62.469344249072783 ] ] ] ] } },
{ "type": "Feature", "properties": { "fid": 66734, "navn": null, "hoyde_moh": 1069, "arealInnsjo_km2": 0.0094, "magasinKategori": null, "fid_2": 464, "id": 464, "left": 9.486919847, "top": 62.946110046000001, "right": 9.986919847, "bottom": 62.446110046000001, "row_index": 23, "col_index": 11, "tile_id": 464 }, "geometry": { "type": "MultiPolygon", "coordinates": [ [ [ [ 9.925490518524484, 62.942111604803287 ], [ 9.926476071771676, 62.941997319266555 ], [ 9.926621394086341, 62.941789256304986 ], [ 9.924230951496494, 62.941375685975601 ], [ 9.923531049043376, 62.941434938248413 ], [ 9.923486506342947, 62.941615234086527 ], [ 9.923119125653415, 62.941653091889584 ], [ 9.92349845067273, 62.941808001054611 ], [ 9.923913570750846, 62.941739746447581 ], [ 9.925141455410072, 62.942365853875494 ], [ 9.925490518524484, 62.942111604803287 ] ] ] ] } },
{ "type": "Feature", "properties": { "fid": 66745, "navn": "Svarttjønna", "hoyde_moh": 700, "arealInnsjo_km2": 0.0111, "magasinKategori": null, "fid_2": 464, "id": 464, "left": 9.486919847, "top": 62.946110046000001, "right": 9.986919847, "bottom": 62.446110046000001, "row_index": 23, "col_index": 11, "tile_id": 464 }, "geometry": { "type": "MultiPolygon", "coordinates": [ [ [ [ 9.865879277684062, 62.920916092191966 ], [ 9.866144700088531, 62.920579943026134 ], [ 9.866004237719288, 62.920457055627985 ], [ 9.86605998511647, 62.919736753548648 ], [ 9.865355449704369, 62.919529867803234 ], [ 9.864301185787667, 62.919645883135352 ], [ 9.86434834970281, 62.920137198091574 ], [ 9.86545264756818, 62.921006872792653 ], [ 9.865879277684062, 62.920916092191966 ] ] ] ] } },
{ "type": "Feature", "properties": { "fid": 71026, "navn": null, "hoyde_moh": 1109, "arealInnsjo_km2": 0.0016, "magasinKategori": null, "fid_2": 464, "id": 464, "left": 9.486919847, "top": 62.946110046000001, "right": 9.986919847, "bottom": 62.446110046000001, "row_index": 23, "col_index": 11, "tile_id": 464 }, "geometry": { "type": "MultiPolygon", "coordinates": [ [ [ [ 9.519253697033262, 62.712236627997207 ], [ 9.51906051270092, 62.71199444584088 ], [ 9.518373149549937, 62.711902196235982 ], [ 9.518634763055536, 62.712266663239227 ], [ 9.519253697033262, 62.712236627997207 ] ] ] ] } },
{ "type": "Feature", "properties": { "fid": 71081, "navn": null, "hoyde_moh": 1321, "arealInnsjo_km2": 0.0023, "magasinKategori": null, "fid_2": 464, "id": 464, "left": 9.486919847, "top": 62.946110046000001, "right": 9.986919847, "bottom": 62.446110046000001, "row_index": 23, "col_index": 11, "tile_id": 464 }, "geometry": { "type": "MultiPolygon", "coordinates": [ [ [ [ 9.63001854469848, 62.694367977223919 ], [ 9.629705543349347, 62.694111474366345 ], [ 9.628916449977231, 62.694097929688837 ], [ 9.629020433044113, 62.694440628634183 ], [ 9.629718104313072, 62.694498087116862 ], [ 9.63001854469848, 62.694367977223919 ] ] ] ] } },
{ "type": "Feature", "properties": { "fid": 71185, "navn": null, "hoyde_moh": 680, "arealInnsjo_km2": 0.0017, "magasinKategori": 2, "fid_2": 464, "id": 464, "left": 9.486919847, "top": 62.946110046000001, "right": 9.986919847, "bottom": 62.446110046000001, "row_index": 23, "col_index": 11, "tile_id": 464 }, "geometry": { "type": "MultiPolygon", "coordinates": [ [ [ [ 9.551388275235382, 62.639408172548393 ], [ 9.5523411604999, 62.639315461383298 ], [ 9.551449780120993, 62.639298169238707 ], [ 9.550890394396797, 62.639078103681186 ], [ 9.55059012742073, 62.639190315616261 ], [ 9.551408382475792, 62.639534766778716 ], [ 9.551388275235382, 62.639408172548393 ] ] ] ] } },
{ "type": "Feature", "properties": { "fid": 71193, "navn": null, "hoyde_moh": 1110, "arealInnsjo_km2": 0.004, "magasinKategori": null, "fid_2": 464, "id": 464, "left": 9.486919847, "top": 62.946110046000001, "right": 9.986919847, "bottom": 62.446110046000001, "row_index": 23, "col_index": 11, "tile_id": 464 }, "geometry": { "type": "MultiPolygon", "coordinates": [ [ [ [ 9.654901095748395, 62.748962109643827 ], [ 9.65504645216593, 62.74872766628939 ], [ 9.654210117352632, 62.748517598587007 ], [ 9.653559972842761, 62.748739353555699 ], [ 9.654103115174786, 62.749165810995869 ], [ 9.654901095748395, 62.748962109643827 ] ] ] ] } },
{ "type": "Feature", "properties": { "fid": 71197, "navn": null, "hoyde_moh": 1160, "arealInnsjo_km2": 0.0045, "magasinKategori": null, "fid_2": 464, "id": 464, "left": 9.486919847, "top": 62.946110046000001, "right": 9.986919847, "bottom": 62.446110046000001, "row_index": 23, "col_index": 11, "tile_id": 464 }, "geometry": { "type": "MultiPolygon", "coordinates": [ [ [ [ 9.61978515554717, 62.736434500331107 ], [ 9.619865529758172, 62.736276780263147 ], [ 9.617891114575389, 62.736485391437974 ], [ 9.617541048971548, 62.736860956956683 ], [ 9.61794741222136, 62.736922732015799 ], [ 9.61978515554717, 62.736434500331107 ] ] ] ] } },
{ "type": "Feature", "properties": { "fid": 75618, "navn": null, "hoyde_moh": 1303, "arealInnsjo_km2": 0.0042, "magasinKategori": null, "fid_2": 464, "id": 464, "left": 9.486919847, "top": 62.946110046000001, "right": 9.986919847, "bottom": 62.446110046000001, "row_index": 23, "col_index": 11, "tile_id": 464 }, "geometry": { "type": "MultiPolygon", "coordinates": [ [ [ [ 9.519643807319502, 62.449919393224128 ], [ 9.51990572030482, 62.449802998172721 ], [ 9.519720111238417, 62.449589594304975 ], [ 9.51918908351792, 62.449455365398691 ], [ 9.517944374530055, 62.449989847820632 ], [ 9.518705242716988, 62.450087150964272 ], [ 9.519643807319502, 62.449919393224128 ] ] ] ] } },
{ "type": "Feature", "properties": { "fid": 75619, "navn": null, "hoyde_moh": 1320, "arealInnsjo_km2": 0.0038, "magasinKategori": null, "fid_2": 464, "id": 464, "left": 9.486919847, "top": 62.946110046000001, "right": 9.986919847, "bottom": 62.446110046000001, "row_index": 23, "col_index": 11, "tile_id": 464 }, "geometry": { "type": "MultiPolygon", "coordinates": [ [ [ [ 9.621165230939239, 62.482994289096887 ], [ 9.620672860269202, 62.482494913026258 ], [ 9.619644106052776, 62.482912384794247 ], [ 9.620069479887503, 62.483119146579 ], [ 9.620894199602246, 62.483153263529317 ], [ 9.621165230939239, 62.482994289096887 ] ] ] ] } },
{ "type": "Feature", "properties": { "fid": 75629, "navn": null, "hoyde_moh": 1306, "arealInnsjo_km2": 0.0028, "magasinKategori": null, "fid_2": 464, "id": 464, "left": 9.486919847, "top": 62.946110046000001, "right": 9.986919847, "bottom": 62.446110046000001, "row_index": 23, "col_index": 11, "tile_id": 464 }, "geometry": { "type": "MultiPolygon", "coordinates": [ [ [ [ 9.512649666254287, 62.450934012247096 ], [ 9.513565238477691, 62.451027996733963 ], [ 9.513674050647484, 62.450872634757225 ], [ 9.51277695478589, 62.450644384794217 ], [ 9.511329724200676, 62.45109054608772 ], [ 9.512649666254287, 62.450934012247096 ] ] ] ] } },
{ "type": "Feature", "properties": { "fid": 75663, "navn": null, "hoyde_moh": 1358, "arealInnsjo_km2": 0.003, "magasinKategori": null, "fid_2": 464, "id": 464, "left": 9.486919847, "top": 62.946110046000001, "right": 9.986919847, "bottom": 62.446110046000001, "row_index": 23, "col_index": 11, "tile_id": 464 }, "geometry": { "type": "MultiPolygon", "coordinates": [ [ [ [ 9.696300179176209, 62.454331136427697 ], [ 9.696604291396595, 62.453257288371056 ], [ 9.695996665158731, 62.453680881193961 ], [ 9.695786778188799, 62.454630007843726 ], [ 9.696300179176209, 62.454331136427697 ] ] ] ] } },
{ "type": "Feature", "properties": { "fid": 75972, "navn": null, "hoyde_moh": 898, "arealInnsjo_km2": 0.0054, "magasinKategori": null, "fid_2": 464, "id": 464, "left": 9.486919847, "top": 62.946110046000001, "right": 9.986919847, "bottom": 62.446110046000001, "row_index": 23, "col_index": 11, "tile_id": 464 }, "geometry": { "type": "MultiPolygon", "coordinates": [ [ [ [ 9.515299974002753, 62.744110042993256 ], [ 9.514390350713287, 62.743599161699791 ], [ 9.513454477423648, 62.743733238554292 ], [ 9.512624779453212, 62.743607958730351 ], [ 9.513255297916009, 62.743991467405394 ], [ 9.514417238330314, 62.744191579112787 ], [ 9.515299974002753, 62.744110042993256 ] ] ] ] } },
{ "type": "Feature", "properties": { "fid": 76000, "navn": null, "hoyde_moh": 1096, "arealInnsjo_km2": 0.0014, "magasinKategori": null, "fid_2": 464, "id": 464, "left": 9.486919847, "top": 62.946110046000001, "right": 9.986919847, "bottom": 62.446110046000001, "row_index": 23, "col_index": 11, "tile_id": 464 }, "geometry": { "type": "MultiPolygon", "coordinates": [ [ [ [ 9.502537148696275, 62.697223107793732 ], [ 9.502391286110266, 62.69709102147857 ], [ 9.501444604718969, 62.6970382580012 ], [ 9.501611080846496, 62.697303721420042 ], [ 9.502537148696275, 62.697223107793732 ] ] ] ] } },
{ "type": "Feature", "properties": { "fid": 76001, "navn": null, "hoyde_moh": 1051, "arealInnsjo_km2": 0.0087, "magasinKategori": null, "fid_2": 464, "id": 464, "left": 9.486919847, "top": 62.946110046000001, "right": 9.986919847, "bottom": 62.446110046000001, "row_index": 23, "col_index": 11, "tile_id": 464 }, "geometry": { "type": "MultiPolygon", "coordinates": [ [ [ [ 9.507318461736665, 62.71447938073441 ], [ 9.507282131731275, 62.713974243267032 ], [ 9.507463086528521, 62.713382324021254 ], [ 9.507063721099389, 62.713097204660649 ], [ 9.50661107542728, 62.713086733618184 ], [ 9.506176686213649, 62.713504642827601 ], [ 9.5060004941685, 62.714078208712536 ], [ 9.507155719714842, 62.714622750500538 ], [ 9.507318461736665, 62.71447938073441 ] ] ] ] } },
{ "type": "Feature", "properties": { "fid": 76002, "navn": null, "hoyde_moh": 1098, "arealInnsjo_km2": 0.003, "magasinKategori": null, "fid_2": 464, "id": 464, "left": 9.486919847, "top": 62.946110046000001, "right": 9.986919847, "bottom": 62.446110046000001, "row_index": 23, "col_index": 11, "tile_id": 464 }, "geometry": { "type": "MultiPolygon", "coordinates": [ [ [ [ 9.532733585343893, 62.72013695532651 ], [ 9.532711713310626, 62.719700617620767 ], [ 9.532111022975661, 62.719543700134999 ], [ 9.531670746607489, 62.719656369020299 ], [ 9.531831662008374, 62.720075548567145 ], [ 9.532047181345607, 62.719986500529359 ], [ 9.532204464020053, 62.720295204189817 ], [ 9.532733585343893, 62.72013695532651 ] ] ] ] } },
{ "type": "Feature", "properties": { "fid": 76003, "navn": null, "hoyde_moh": 1063, "arealInnsjo_km2": 0.0064, "magasinKategori": null, "fid_2": 464, "id": 464, "left": 9.486919847, "top": 62.946110046000001, "right": 9.986919847, "bottom": 62.446110046000001, "row_index": 23, "col_index": 11, "tile_id": 464 }, "geometry": { "type": "MultiPolygon", "coordinates": [ [ [ [ 9.514944004394586, 62.719568386950598 ], [ 9.515456366758709, 62.719143246223787 ], [ 9.515444927230833, 62.718986474940564 ], [ 9.514998611501536, 62.718644105979806 ], [ 9.51413822089911, 62.718795160862911 ], [ 9.514046691274924, 62.71931265276865 ], [ 9.514231595353072, 62.719601495235715 ], [ 9.515163841815113, 62.719743221309336 ], [ 9.514944004394586, 62.719568386950598 ] ] ] ] } },
{ "type": "Feature", "properties": { "fid": 83135, "navn": null, "hoyde_moh": 1093, "arealInnsjo_km2": 0.0028, "magasinKategori": null, "fid_2": 464, "id": 464, "left": 9.486919847, "top": 62.946110046000001, "right": 9.986919847, "bottom": 62.446110046000001, "row_index": 23, "col_index": 11, "tile_id": 464 }, "geometry": { "type": "MultiPolygon", "coordinates": [ [ [ [ 9.9748813381412, 62.579944472505744 ], [ 9.97452412569764, 62.579786871873274 ], [ 9.974592259839964, 62.579499570166007 ], [ 9.973548000760509, 62.579246615982598 ], [ 9.973794203985786, 62.57963933100438 ], [ 9.97490075263447, 62.580149015858936 ], [ 9.9748813381412, 62.579944472505744 ] ] ] ] } },
{ "type": "Feature", "properties": { "fid": 83252, "navn": null, "hoyde_moh": 847, "arealInnsjo_km2": 0.0046, "magasinKategori": null, "fid_2": 464, "id": 464, "left": 9.486919847, "top": 62.946110046000001, "right": 9.986919847, "bottom": 62.446110046000001, "row_index": 23, "col_index": 11, "tile_id": 464 }, "geometry": { "type": "MultiPolygon", "coordinates": [ [ [ [ 9.818742887908062, 62.689813662153462 ], [ 9.818935641015917, 62.689722819887422 ], [ 9.818791988165135, 62.689472243246229 ], [ 9.818121029147662, 62.689224907058396 ], [ 9.817429898852248, 62.689668692564261 ], [ 9.817559077936281, 62.690098855624726 ], [ 9.818742887908062, 62.689813662153462 ] ] ] ] } },
{ "type": "Feature", "properties": { "fid": 83288, "navn": null, "hoyde_moh": 1062, "arealInnsjo_km2": 0.0048, "magasinKategori": null, "fid_2": 464, "id": 464, "left": 9.486919847, "top": 62.946110046000001, "right": 9.986919847, "bottom": 62.446110046000001, "row_index": 23, "col_index": 11, "tile_id": 464 }, "geometry": { "type": "MultiPolygon", "coordinates": [ [ [ [ 9.914999500755799, 62.485928873868538 ], [ 9.914665462622093, 62.485796397014909 ], [ 9.913633266966666, 62.486305859688031 ], [ 9.914026810471858, 62.486482794591566 ], [ 9.915192719777037, 62.486538050170878 ], [ 9.915285194686568, 62.486393797128343 ], [ 9.914999500755799, 62.485928873868538 ] ] ] ] } },
{ "type": "Feature", "properties": { "fid": 83303, "navn": null, "hoyde_moh": 1150, "arealInnsjo_km2": 0.0024, "magasinKategori": null, "fid_2": 464, "id": 464, "left": 9.486919847, "top": 62.946110046000001, "right": 9.986919847, "bottom": 62.446110046000001, "row_index": 23, "col_index": 11, "tile_id": 464 }, "geometry": { "type": "MultiPolygon", "coordinates": [ [ [ [ 9.969307760460431, 62.603185786438118 ], [ 9.96941340718482, 62.603019840031884 ], [ 9.968756304025582, 62.60292546635894 ], [ 9.968418130090136, 62.603176683275343 ], [ 9.967721773557594, 62.603344738684626 ], [ 9.968464217798646, 62.603384887673442 ], [ 9.969307760460431, 62.603185786438118 ] ] ] ] } },
{ "type": "Feature", "properties": { "fid": 83372, "navn": null, "hoyde_moh": 1041, "arealInnsjo_km2": 0.0113, "magasinKategori": null, "fid_2": 464, "id": 464, "left": 9.486919847, "top": 62.946110046000001, "right": 9.986919847, "bottom": 62.446110046000001, "row_index": 23, "col_index": 11, "tile_id": 464 }, "geometry": { "type": "MultiPolygon", "coordinates": [ [ [ [ 9.979830618901545, 62.531455769812197 ], [ 9.979413867961135, 62.530870613467989 ], [ 9.979314323769367, 62.530296067920887 ], [ 9.978408061096161, 62.53031884689257 ], [ 9.977479280337084, 62.530927243887675 ], [ 9.977555401899927, 62.5311708028079 ], [ 9.977814115618783, 62.531304083042841 ], [ 9.97860988858544, 62.531307284203812 ], [ 9.978943437559268, 62.531540681264211 ], [ 9.979830618901545, 62.531455769812197 ] ] ] ] } },
{ "type": "Feature", "properties": { "fid": 83373, "navn": null, "hoyde_moh": 1061, "arealInnsjo_km2": 0.0101, "magasinKategori": null, "fid_2": 464, "id": 464, "left": 9.486919847, "top": 62.946110046000001, "right": 9.986919847, "bottom": 62.446110046000001, "row_index": 23, "col_index": 11, "tile_id": 464 }, "geometry": { "type": "MultiPolygon", "coordinates": [ [ [ [ 9.897988609611094, 62.532202861202194 ], [ 9.897907307258277, 62.531879703608887 ], [ 9.895016124157584, 62.530990556765317 ], [ 9.894394779812217, 62.531330272122375 ], [ 9.895874880070952, 62.532027708483213 ], [ 9.897988609611094, 62.532202861202194 ] ] ] ] } },
{ "type": "Feature", "properties": { "fid": 83380, "navn": null, "hoyde_moh": 883, "arealInnsjo_km2": 0.0029, "magasinKategori": null, "fid_2": 464, "id": 464, "left": 9.486919847, "top": 62.946110046000001, "right": 9.986919847, "bottom": 62.446110046000001, "row_index": 23, "col_index": 11, "tile_id": 464 }, "geometry": { "type": "MultiPolygon", "coordinates": [ [ [ [ 9.944926063354666, 62.619944662335648 ], [ 9.945029079207016, 62.619802203671455 ], [ 9.944183288719959, 62.619726624994229 ], [ 9.943777382108339, 62.619944215805688 ], [ 9.944029583057505, 62.620277287793847 ], [ 9.944311828376227, 62.6203174562242 ], [ 9.944926063354666, 62.619944662335648 ] ] ] ] } },
{ "type": "Feature", "properties": { "fid": 83402, "navn": null, "hoyde_moh": 586, "arealInnsjo_km2": 0.0189, "magasinKategori": null, "fid_2": 464, "id": 464, "left": 9.486919847, "top": 62.946110046000001, "right": 9.986919847, "bottom": 62.446110046000001, "row_index": 23, "col_index": 11, "tile_id": 464 }, "geometry": { "type": "MultiPolygon", "coordinates": [ [ [ [ 9.915837306040055, 62.724103434601112 ], [ 9.915895842724698, 62.723657907011145 ], [ 9.914749710446985, 62.723050356105766 ], [ 9.913819100772214, 62.723094120344911 ], [ 9.912525899793279, 62.723397927510035 ], [ 9.912635362823741, 62.723829494160483 ], [ 9.912865959380451, 62.723903000537533 ], [ 9.912977821286685, 62.724162645665942 ], [ 9.915619190970212, 62.724343095004095 ], [ 9.915837306040055, 62.724103434601112 ] ] ] ] } },
{ "type": "Feature", "properties": { "fid": 83403, "navn": null, "hoyde_moh": 587, "arealInnsjo_km2": 0.0019, "magasinKategori": null, "fid_2": 464, "id": 464, "left": 9.486919847, "top": 62.946110046000001, "right": 9.986919847, "bottom": 62.446110046000001, "row_index": 23, "col_index": 11, "tile_id": 464 }, "geometry": { "type": "MultiPolygon", "coordinates": [ [ [ [ 9.895467178125692, 62.724040219982797 ], [ 9.895800349081794, 62.72374720183155 ], [ 9.895793390151443, 62.72331602151494 ], [ 9.895454978244361, 62.722965157114707 ], [ 9.895323071680199, 62.723027373789101 ], [ 9.895615991825549, 62.723334118062333 ], [ 9.895596358689712, 62.723619847611296 ], [ 9.895194788053123, 62.723934303319069 ], [ 9.894648945326013, 62.724074188478838 ], [ 9.895467178125692, 62.724040219982797 ] ] ] ] } },
{ "type": "Feature", "properties": { "fid": 83418, "navn": null, "hoyde_moh": 553, "arealInnsjo_km2": 0.0037, "magasinKategori": null, "fid_2": 464, "id": 464, "left": 9.486919847, "top": 62.946110046000001, "right": 9.986919847, "bottom": 62.446110046000001, "row_index": 23, "col_index": 11, "tile_id": 464 }, "geometry": { "type": "MultiPolygon", "coordinates": [ [ [ [ 9.744439571284181, 62.603764517866431 ], [ 9.744415117545293, 62.603584094200201 ], [ 9.743873853899823, 62.603224961478652 ], [ 9.743289981516794, 62.603151428176069 ], [ 9.742902967801585, 62.603377277747171 ], [ 9.743012307587748, 62.603520497782618 ], [ 9.743553418936875, 62.603552202984687 ], [ 9.743497779604098, 62.603681024873232 ], [ 9.743671039689611, 62.603773204030645 ], [ 9.744439571284181, 62.603764517866431 ] ] ] ] } },
{ "type": "Feature", "properties": { "fid": 83575, "navn": null, "hoyde_moh": 1060, "arealInnsjo_km2": 0.0018, "magasinKategori": null, "fid_2": 464, "id": 464, "left": 9.486919847, "top": 62.946110046000001, "right": 9.986919847, "bottom": 62.446110046000001, "row_index": 23, "col_index": 11, "tile_id": 464 }, "geometry": { "type": "MultiPolygon", "coordinates": [ [ [ [ 9.938313852126353, 62.556197408236763 ], [ 9.938645406073428, 62.555826563167102 ], [ 9.938318402120007, 62.555743810687943 ], [ 9.937722960539045, 62.55599775703854 ], [ 9.93770796359785, 62.556133863520344 ], [ 9.938045639464844, 62.556286724245425 ], [ 9.938313852126353, 62.556197408236763 ] ] ] ] } },
{ "type": "Feature", "properties": { "fid": 83588, "navn": null, "hoyde_moh": 1035, "arealInnsjo_km2": 0.0064, "magasinKategori": null, "fid_2": 464, "id": 464, "left": 9.486919847, "top": 62.946110046000001, "right": 9.986919847, "bottom": 62.446110046000001, "row_index": 23, "col_index": 11, "tile_id": 464 }, "geometry": { "type": "MultiPolygon", "coordinates": [ [ [ [ 9.94533921435923, 62.55354971814041 ], [ 9.945426182934904, 62.553241156649449 ], [ 9.945819651407701, 62.552838985762428 ], [ 9.944546313677641, 62.552970250512814 ], [ 9.944047218488665, 62.553276021071099 ], [ 9.944156900156345, 62.553662417690724 ], [ 9.944986096636839, 62.553746621282315 ], [ 9.94533921435923, 62.55354971814041 ] ] ] ] } },
{ "type": "Feature", "properties": { "fid": 83597, "navn": null, "hoyde_moh": 1076, "arealInnsjo_km2": 0.0057, "magasinKategori": null, "fid_2": 464, "id": 464, "left": 9.486919847, "top": 62.946110046000001, "right": 9.986919847, "bottom": 62.446110046000001, "row_index": 23, "col_index": 11, "tile_id": 464 }, "geometry": { "type": "MultiPolygon", "coordinates": [ [ [ [ 9.902250841686932, 62.497540213791972 ], [ 9.902268910942025, 62.49738685672412 ], [ 9.901537625352592, 62.49698683475625 ], [ 9.900680464823099, 62.497075743766494 ], [ 9.900675736780652, 62.497451170680712 ], [ 9.90091594016946, 62.497493519397167 ], [ 9.900963566179303, 62.497764255081179 ], [ 9.901585870378931, 62.497859901688216 ], [ 9.902250841686932, 62.497540213791972 ] ] ] ] } },
{ "type": "Feature", "properties": { "fid": 83602, "navn": "Elgsmotjønna", "hoyde_moh": 565, "arealInnsjo_km2": 0.0035, "magasinKategori": null, "fid_2": 464, "id": 464, "left": 9.486919847, "top": 62.946110046000001, "right": 9.986919847, "bottom": 62.446110046000001, "row_index": 23, "col_index": 11, "tile_id": 464 }, "geometry": { "type": "MultiPolygon", "coordinates": [ [ [ [ 9.872321021836951, 62.640224712027539 ], [ 9.87271836094803, 62.63998918010671 ], [ 9.871246704579001, 62.639714330663374 ], [ 9.870911248577645, 62.639793428888133 ], [ 9.871089901716251, 62.640135466977902 ], [ 9.872321021836951, 62.640224712027539 ] ] ] ] } },
{ "type": "Feature", "properties": { "fid": 84231, "navn": null, "hoyde_moh": 1125, "arealInnsjo_km2": 0.0024, "magasinKategori": null, "fid_2": 464, "id": 464, "left": 9.486919847, "top": 62.946110046000001, "right": 9.986919847, "bottom": 62.446110046000001, "row_index": 23, "col_index": 11, "tile_id": 464 }, "geometry": { "type": "MultiPolygon", "coordinates": [ [ [ [ 9.716117898686509, 62.559015457055359 ], [ 9.715526630418886, 62.558765052233156 ], [ 9.714664252290937, 62.558830907304184 ], [ 9.714809704074309, 62.559033652720615 ], [ 9.715713889013529, 62.559155907065701 ], [ 9.716117898686509, 62.559015457055359 ] ] ] ] } },
{ "type": "Feature", "properties": { "fid": 84242, "navn": null, "hoyde_moh": 866, "arealInnsjo_km2": 0.0252, "magasinKategori": null, "fid_2": 464, "id": 464, "left": 9.486919847, "top": 62.946110046000001, "right": 9.986919847, "bottom": 62.446110046000001, "row_index": 23, "col_index": 11, "tile_id": 464 }, "geometry": { "type": "MultiPolygon", "coordinates": [ [ [ [ 9.549731723207127, 62.681738632851918 ], [ 9.550136298345038, 62.681458227175973 ], [ 9.549633488824178, 62.680580103635329 ], [ 9.548903620798482, 62.680026554460937 ], [ 9.548966377459704, 62.679823275460443 ], [ 9.549559257273694, 62.679530321134834 ], [ 9.54951328129164, 62.679278528774226 ], [ 9.548228154628678, 62.679775788393535 ], [ 9.547044890456664, 62.680909211531628 ], [ 9.546503182146212, 62.681235469258709 ], [ 9.546565457675845, 62.68143489253643 ], [ 9.54827105050015, 62.681467443574498 ], [ 9.549130630291984, 62.681825364701197 ], [ 9.549731723207127, 62.681738632851918 ] ] ] ] } },
{ "type": "Feature", "properties": { "fid": 84268, "navn": null, "hoyde_moh": 1071, "arealInnsjo_km2": 0.0045, "magasinKategori": null, "fid_2": 464, "id": 464, "left": 9.486919847, "top": 62.946110046000001, "right": 9.986919847, "bottom": 62.446110046000001, "row_index": 23, "col_index": 11, "tile_id": 464 }, "geometry": { "type": "MultiPolygon", "coordinates": [ [ [ [ 9.512079244844971, 62.707655809513881 ], [ 9.511803233904585, 62.707514853309206 ], [ 9.511848654346979, 62.707003924552879 ], [ 9.511451316134346, 62.70674607483965 ], [ 9.511193479361541, 62.707194586642373 ], [ 9.5107937993204, 62.707479412073972 ], [ 9.510993668315688, 62.70773573005291 ], [ 9.51189701012945, 62.707794728987416 ], [ 9.512079244844971, 62.707655809513881 ] ] ] ] } },
{ "type": "Feature", "properties": { "fid": 84336, "navn": null, "hoyde_moh": 1047, "arealInnsjo_km2": 0.0018, "magasinKategori": null, "fid_2": 464, "id": 464, "left": 9.486919847, "top": 62.946110046000001, "right": 9.986919847, "bottom": 62.446110046000001, "row_index": 23, "col_index": 11, "tile_id": 464 }, "geometry": { "type": "MultiPolygon", "coordinates": [ [ [ [ 9.693332066468463, 62.735153079252115 ], [ 9.692952918820218, 62.734780414571318 ], [ 9.693074202492756, 62.734538101692671 ], [ 9.692731826423262, 62.734546367728676 ], [ 9.692623451667723, 62.734980648431666 ], [ 9.69321093183247, 62.735270324845764 ], [ 9.693332066468463, 62.735153079252115 ] ] ] ] } },
{ "type": "Feature", "properties": { "fid": 84764, "navn": null, "hoyde_moh": 1319, "arealInnsjo_km2": 0.0047, "magasinKategori": null, "fid_2": 464, "id": 464, "left": 9.486919847, "top": 62.946110046000001, "right": 9.986919847, "bottom": 62.446110046000001, "row_index": 23, "col_index": 11, "tile_id": 464 }, "geometry": { "type": "MultiPolygon", "coordinates": [ [ [ [ 9.492373808181052, 62.538206552061617 ], [ 9.492606377705977, 62.537862137964787 ], [ 9.492090274790911, 62.537717367495681 ], [ 9.490884740326374, 62.537725974584255 ], [ 9.490594799887788, 62.537989730087688 ], [ 9.490631373432572, 62.538125723376979 ], [ 9.492373808181052, 62.538206552061617 ] ] ] ] } },
{ "type": "Feature", "properties": { "fid": 84845, "navn": null, "hoyde_moh": 1279, "arealInnsjo_km2": 0.003, "magasinKategori": null, "fid_2": 464, "id": 464, "left": 9.486919847, "top": 62.946110046000001, "right": 9.986919847, "bottom": 62.446110046000001, "row_index": 23, "col_index": 11, "tile_id": 464 }, "geometry": { "type": "MultiPolygon", "coordinates": [ [ [ [ 9.623653910130198, 62.449389172498819 ], [ 9.623755099994584, 62.4491865629439 ], [ 9.622848926647182, 62.449232346148406 ], [ 9.622413392500109, 62.449506078595505 ], [ 9.62231070997675, 62.449779449706753 ], [ 9.622689335580203, 62.449808664193071 ], [ 9.623653910130198, 62.449389172498819 ] ] ] ] } },
{ "type": "Feature", "properties": { "fid": 84846, "navn": null, "hoyde_moh": 1398, "arealInnsjo_km2": 0.0054, "magasinKategori": null, "fid_2": 464, "id": 464, "left": 9.486919847, "top": 62.946110046000001, "right": 9.986919847, "bottom": 62.446110046000001, "row_index": 23, "col_index": 11, "tile_id": 464 }, "geometry": { "type": "MultiPolygon", "coordinates": [ [ [ [ 9.706369995473304, 62.455114853642478 ], [ 9.706665060948415, 62.454567572766869 ], [ 9.706658199370613, 62.454107873274999 ], [ 9.706194686372143, 62.454131629203289 ], [ 9.705486595999989, 62.455412368391315 ], [ 9.705197416359924, 62.455584654000859 ], [ 9.705240025775076, 62.455814285339372 ], [ 9.706369995473304, 62.455114853642478 ] ] ] ] } },
{ "type": "Feature", "properties": { "fid": 91294, "navn": "Vidalstjønnin", "hoyde_moh": 1040, "arealInnsjo_km2": 0.0459, "magasinKategori": null, "fid_2": 464, "id": 464, "left": 9.486919847, "top": 62.946110046000001, "right": 9.986919847, "bottom": 62.446110046000001, "row_index": 23, "col_index": 11, "tile_id": 464 }, "geometry": { "type": "MultiPolygon", "coordinates": [ [ [ [ 9.781575616223149, 62.794541551001132 ], [ 9.78247895700151, 62.794530875012335 ], [ 9.782526137674109, 62.794228340488061 ], [ 9.78231961044059, 62.79379841778735 ], [ 9.781180794238171, 62.793285598235961 ], [ 9.780008925788115, 62.793012397131719 ], [ 9.780128114955957, 62.792517929455215 ], [ 9.7798045081243, 62.792099121622478 ], [ 9.77885295211933, 62.791660007014507 ], [ 9.778160018699335, 62.791530841471939 ], [ 9.7769247138722, 62.791426200698268 ], [ 9.776295393199177, 62.791734505623587 ], [ 9.776684251542274, 62.792522574126323 ], [ 9.777415258614187, 62.792757262889353 ], [ 9.778680325017953, 62.793477253284536 ], [ 9.779758728927876, 62.793713518227264 ], [ 9.780342129161584, 62.794057144844636 ], [ 9.780845890532103, 62.794666916367724 ], [ 9.781324727672292, 62.794700650358365 ], [ 9.781575616223149, 62.794541551001132 ] ] ] ] } },
{ "type": "Feature", "properties": { "fid": 91296, "navn": null, "hoyde_moh": 937, "arealInnsjo_km2": 0.0194, "magasinKategori": null, "fid_2": 464, "id": 464, "left": 9.486919847, "top": 62.946110046000001, "right": 9.986919847, "bottom": 62.446110046000001, "row_index": 23, "col_index": 11, "tile_id": 464 }, "geometry": { "type": "MultiPolygon", "coordinates": [ [ [ [ 9.585352555424095, 62.866707882423093 ], [ 9.585623608848559, 62.866491730294307 ], [ 9.586242737551828, 62.865459820702981 ], [ 9.585979476575728, 62.865215616481166 ], [ 9.585922500390458, 62.864899987464106 ], [ 9.5856219996198, 62.864873472786691 ], [ 9.585471406512708, 62.865051970164927 ], [ 9.584867924571739, 62.865210768713204 ], [ 9.5845863997425, 62.865053777847244 ], [ 9.583594088199527, 62.865551068597505 ], [ 9.583354256409743, 62.866086624700941 ], [ 9.584117556580674, 62.866179572873541 ], [ 9.584208283912265, 62.866350810056289 ], [ 9.583961120613662, 62.866605046143469 ], [ 9.585352555424095, 62.866707882423093 ] ] ] ] } },
{ "type": "Feature", "properties": { "fid": 91298, "navn": "Jønnsjøen", "hoyde_moh": 612, "arealInnsjo_km2": 0.0731, "magasinKategori": null, "fid_2": 464, "id": 464, "left": 9.486919847, "top": 62.946110046000001, "right": 9.986919847, "bottom": 62.446110046000001, "row_index": 23, "col_index": 11, "tile_id": 464 }, "geometry": { "type": "MultiPolygon", "coordinates": [ [ [ [ 9.964936511140198, 62.886066449873844 ], [ 9.965033655852912, 62.884648774634485 ], [ 9.965357242520227, 62.883934307663438 ], [ 9.965990051831133, 62.883476761188717 ], [ 9.965839695736113, 62.88261615272723 ], [ 9.965380049358544, 62.882409980945255 ], [ 9.965408378948618, 62.882145259850368 ], [ 9.965130481707234, 62.881746155825475 ], [ 9.964458452170469, 62.881524821682007 ], [ 9.960811541817993, 62.881657073181287 ], [ 9.960085174547286, 62.881785147015037 ], [ 9.959822105073533, 62.882053151777434 ], [ 9.959208821021294, 62.881987725200183 ], [ 9.958529270958159, 62.882315557268079 ], [ 9.95943945417352, 62.882685249843561 ], [ 9.961168531119812, 62.882746659998134 ], [ 9.962211673912419, 62.882904927169363 ], [ 9.962830639540037, 62.883172498938094 ], [ 9.963184813321464, 62.883531339342397 ], [ 9.963844853676171, 62.885099097988324 ], [ 9.964188480816528, 62.885334854883077 ], [ 9.964532449885278, 62.886024010189402 ], [ 9.964936511140198, 62.886066449873844 ] ] ] ] } },
{ "type": "Feature", "properties": { "fid": 91400, "navn": null, "hoyde_moh": 641, "arealInnsjo_km2": 0.0206, "magasinKategori": null, "fid_2": 464, "id": 464, "left": 9.486919847, "top": 62.946110046000001, "right": 9.986919847, "bottom": 62.446110046000001, "row_index": 23, "col_index": 11, "tile_id": 464 }, "geometry": { "type": "MultiPolygon", "coordinates": [ [ [ [ 9.552658626205053, 62.91193972280545 ], [ 9.553254981751781, 62.911758706201297 ], [ 9.553908464290801, 62.911254845697364 ], [ 9.555080172840523, 62.910736031293681 ], [ 9.554729440528833, 62.910197622438972 ], [ 9.555119679107399, 62.909772932103628 ], [ 9.554829837281169, 62.909678292228605 ], [ 9.554226990782819, 62.910193474662421 ], [ 9.552419844502445, 62.910659242952292 ], [ 9.55174810120892, 62.911317267150686 ], [ 9.551059588693791, 62.911527915795162 ], [ 9.551892578088925, 62.911610747912903 ], [ 9.55235804441266, 62.912092412036365 ], [ 9.552710729172466, 62.9122004685577 ], [ 9.552658626205053, 62.91193972280545 ] ] ] ] } },
{ "type": "Feature", "properties": { "fid": 91401, "navn": "Iltjørnin", "hoyde_moh": 809, "arealInnsjo_km2": 0.0428, "magasinKategori": null, "fid_2": 464, "id": 464, "left": 9.486919847, "top": 62.946110046000001, "right": 9.986919847, "bottom": 62.446110046000001, "row_index": 23, "col_index": 11, "tile_id": 464 }, "geometry": { "type": "MultiPolygon", "coordinates": [ [ [ [ 9.892699038517613, 62.926915317357697 ], [ 9.893117054861674, 62.926699722197256 ], [ 9.894413147158533, 62.926616995809297 ], [ 9.894638482063682, 62.926392430790479 ], [ 9.894429689735398, 62.926038231391779 ], [ 9.894583693203538, 62.925664799660076 ], [ 9.895072096424952, 62.925472083376114 ], [ 9.894070871653126, 62.924935583444388 ], [ 9.892575621885545, 62.92451457188703 ], [ 9.890526909251394, 62.924918848795976 ], [ 9.89050507631856, 62.925218985150252 ], [ 9.890969277185889, 62.925704000344695 ], [ 9.890950268688462, 62.925963125735919 ], [ 9.891476437028103, 62.926321739137741 ], [ 9.891262425338251, 62.92648472559857 ], [ 9.891842091815759, 62.926773307358594 ], [ 9.891787282076631, 62.926907433942986 ], [ 9.892227872625602, 62.927196726067081 ], [ 9.892565128743987, 62.92724584434756 ], [ 9.892699038517613, 62.926915317357697 ] ] ] ] } },
{ "type": "Feature", "properties": { "fid": 91992, "navn": "Gravurtjønna", "hoyde_moh": 692, "arealInnsjo_km2": 0.0524, "magasinKategori": null, "fid_2": 464, "id": 464, "left": 9.486919847, "top": 62.946110046000001, "right": 9.986919847, "bottom": 62.446110046000001, "row_index": 23, "col_index": 11, "tile_id": 464 }, "geometry": { "type": "MultiPolygon", "coordinates": [ [ [ [ 9.562264031231765, 62.937961146156013 ], [ 9.562785366957636, 62.938106277822349 ], [ 9.563057047934366, 62.937799008573556 ], [ 9.564430659620617, 62.937365639797633 ], [ 9.564897360628379, 62.937455109511589 ], [ 9.56505670104127, 62.93772097560565 ], [ 9.565760882596916, 62.937714589011691 ], [ 9.566294147399734, 62.938121772513668 ], [ 9.566791656424227, 62.938070058143111 ], [ 9.567037666717644, 62.937790139077748 ], [ 9.566673414328578, 62.937472542701833 ], [ 9.566885110302671, 62.936720555441724 ], [ 9.566246357694689, 62.936182864724607 ], [ 9.565112760401719, 62.935960117310493 ], [ 9.564029146135358, 62.936647484667773 ], [ 9.562717126326273, 62.937067388781635 ], [ 9.562531838118117, 62.936786118564477 ], [ 9.562707383315441, 62.936259787443824 ], [ 9.563014320248747, 62.935920043442266 ], [ 9.561279662590097, 62.935914149506758 ], [ 9.560814841549398, 62.93609813453407 ], [ 9.560624996809162, 62.936505842517469 ], [ 9.561188309668317, 62.936834926145607 ], [ 9.561558649725404, 62.937418789407182 ], [ 9.560765239645235, 62.937679624314704 ], [ 9.560301346539791, 62.938064326226169 ], [ 9.561348307840031, 62.938162725750928 ], [ 9.562264031231765, 62.937961146156013 ] ] ] ] } },
{ "type": "Feature", "properties": { "fid": 92185, "navn": null, "hoyde_moh": 641, "arealInnsjo_km2": 0.0287, "magasinKategori": null, "fid_2": 464, "id": 464, "left": 9.486919847, "top": 62.946110046000001, "right": 9.986919847, "bottom": 62.446110046000001, "row_index": 23, "col_index": 11, "tile_id": 464 }, "geometry": { "type": "MultiPolygon", "coordinates": [ [ [ [ 9.543436159105795, 62.932359950894025 ], [ 9.544287211542843, 62.932050691119407 ], [ 9.544552131039781, 62.931751830932917 ], [ 9.544466355535087, 62.931619906461592 ], [ 9.545232259182589, 62.931348738868436 ], [ 9.545592806171934, 62.930793412377575 ], [ 9.545042918185958, 62.930500775422978 ], [ 9.544673303885579, 62.930500401001019 ], [ 9.540945486935431, 62.93142446869394 ], [ 9.540889923547528, 62.931675465911326 ], [ 9.541459355992552, 62.931962757933086 ], [ 9.541527568710535, 62.932363174233302 ], [ 9.543436159105795, 62.932359950894025 ] ], [ [ 9.543639478145245, 62.931318329228702 ], [ 9.543897509245289, 62.931121975638959 ], [ 9.544206482555426, 62.931141510064649 ], [ 9.543901975000177, 62.931465203232797 ], [ 9.543639478145245, 62.931318329228702 ] ] ] ] } },
{ "type": "Feature", "properties": { "fid": 92409, "navn": "Furusjøen", "hoyde_moh": 589, "arealInnsjo_km2": 0.3727, "magasinKategori": null, "fid_2": 464, "id": 464, "left": 9.486919847, "top": 62.946110046000001, "right": 9.986919847, "bottom": 62.446110046000001, "row_index": 23, "col_index": 11, "tile_id": 464 }, "geometry": { "type": "MultiPolygon", "coordinates": [ [ [ [ 9.770889207031406, 62.866852377354114 ], [ 9.770828862068965, 62.866635095187661 ], [ 9.771089463867503, 62.866441987755039 ], [ 9.771258874697446, 62.866466373811868 ], [ 9.771166482058996, 62.866660789674306 ], [ 9.771416399101186, 62.866783902055687 ], [ 9.772109029876415, 62.866690266510325 ], [ 9.772781850904703, 62.86627342539277 ], [ 9.772887209822656, 62.865973052070466 ], [ 9.773942355651148, 62.865697824603316 ], [ 9.774134328178313, 62.865361262279961 ], [ 9.775644113925141, 62.865281700938006 ], [ 9.776366569593554, 62.865085594807617 ], [ 9.776955048548992, 62.864133050008689 ], [ 9.777297929483908, 62.863947668555845 ], [ 9.777406600859264, 62.863528831589022 ], [ 9.7784821886199, 62.862871407096925 ], [ 9.779171822489875, 62.862165451214729 ], [ 9.779190645331942, 62.861977836528872 ], [ 9.778812965970753, 62.861688400201594 ], [ 9.77742328615968, 62.861568033564239 ], [ 9.776962795674331, 62.861438456431792 ], [ 9.77658285730671, 62.861083338778336 ], [ 9.776585275016986, 62.860538909761459 ], [ 9.777607244453085, 62.859482989505032 ], [ 9.777507143759696, 62.85927197164326 ], [ 9.776911701251709, 62.85916823973109 ], [ 9.774034298875399, 62.859327783810492 ], [ 9.770098092577824, 62.860225790530627 ], [ 9.768239554493801, 62.860913575632374 ], [ 9.766085257204649, 62.862447960428895 ], [ 9.766000808967876, 62.86292995713999 ], [ 9.765287861875718, 62.863684025361621 ], [ 9.765181202574274, 62.864294757919417 ], [ 9.765530947878512, 62.864181728139293 ], [ 9.765662847808704, 62.863959274740601 ], [ 9.766148857389576, 62.8642041066581 ], [ 9.765909545119332, 62.864543846287788 ], [ 9.766025599968005, 62.864616547969973 ], [ 9.766822853689128, 62.864669444009081 ], [ 9.767150676457252, 62.864903344237177 ], [ 9.768210258284483, 62.864698324357633 ], [ 9.768184834673491, 62.864827570614942 ], [ 9.76836749320219, 62.864852723461624 ], [ 9.768237911242704, 62.865079943862717 ], [ 9.768405237598008, 62.865399730856183 ], [ 9.768343881315538, 62.865704978720636 ], [ 9.768791896831642, 62.865880365714069 ], [ 9.768469182780564, 62.866107957044633 ], [ 9.767036942322605, 62.866516486001032 ], [ 9.766997360853974, 62.86667534654412 ], [ 9.767474028042246, 62.866767498346491 ], [ 9.768375969572505, 62.866451517994264 ], [ 9.770274181366696, 62.866936117849988 ], [ 9.770889207031406, 62.866852377354114 ] ], [ [ 9.765870926446386, 62.863833141148675 ], [ 9.765632375667233, 62.863868435670454 ], [ 9.765742396597162, 62.863543406615399 ], [ 9.76594146325882, 62.863671924495335 ], [ 9.765870926446386, 62.863833141148675 ] ], [ [ 9.766813316383423, 62.863757020583598 ], [ 9.766918632984744, 62.86379054290461 ], [ 9.766877667556349, 62.863883220792303 ], [ 9.766552134389574, 62.863973221986008 ], [ 9.766813316383423, 62.863757020583598 ] ] ] ] } },
{ "type": "Feature", "properties": { "fid": 92455, "navn": "Langtjønna", "hoyde_moh": 809, "arealInnsjo_km2": 0.2798, "magasinKategori": null, "fid_2": 464, "id": 464, "left": 9.486919847, "top": 62.946110046000001, "right": 9.986919847, "bottom": 62.446110046000001, "row_index": 23, "col_index": 11, "tile_id": 464 }, "geometry": { "type": "MultiPolygon", "coordinates": [ [ [ [ 9.487150631114744, 62.906403022629014 ], [ 9.490511102189959, 62.905796419868302 ], [ 9.491965750494209, 62.906371051962154 ], [ 9.494164143396423, 62.906319864254954 ], [ 9.495546202780377, 62.905951770229684 ], [ 9.497407788995915, 62.90491484098991 ], [ 9.497780090708162, 62.904544574679448 ], [ 9.497956255166221, 62.904673861619052 ], [ 9.497407002040894, 62.905267420274583 ], [ 9.497634416955165, 62.905397002300646 ], [ 9.497550546111313, 62.905622675219341 ], [ 9.497096939799036, 62.905760987337004 ], [ 9.496714262562238, 62.905676359130773 ], [ 9.496110030411421, 62.905913622701746 ], [ 9.496263894277259, 62.906030339542617 ], [ 9.496764047165561, 62.905875401311732 ], [ 9.497160339467806, 62.90604713947107 ], [ 9.496252656458859, 62.906601024432234 ], [ 9.496795370045733, 62.906633235804378 ], [ 9.496443812097979, 62.9068258470164 ], [ 9.496782647873832, 62.906941159616906 ], [ 9.497899128706376, 62.9065351138116 ], [ 9.498375244635483, 62.906595133429654 ], [ 9.49881885917306, 62.906034518739588 ], [ 9.500617920188482, 62.905237287448024 ], [ 9.50168013948727, 62.905435494082525 ], [ 9.501222196039221, 62.90515597268594 ], [ 9.501468346823509, 62.904922332123967 ], [ 9.501289082597795, 62.904830457710247 ], [ 9.501398000250806, 62.904442957727838 ], [ 9.501147234168647, 62.904359897738189 ], [ 9.499888514079405, 62.904700376134393 ], [ 9.49862890999243, 62.905374969716739 ], [ 9.498300798783132, 62.905376897293891 ], [ 9.498300418076262, 62.905154318870636 ], [ 9.498756744734141, 62.904656120308481 ], [ 9.498161433075735, 62.904449423310609 ], [ 9.498207400671181, 62.904099961344805 ], [ 9.498705349081224, 62.903865193580586 ], [ 9.499391309268342, 62.903881399040721 ], [ 9.50287433152409, 62.90300472781761 ], [ 9.503150818513491, 62.902574727412656 ], [ 9.502935591643489, 62.90216700004369 ], [ 9.502190897259599, 62.902288280557016 ], [ 9.502183654329379, 62.902083164195332 ], [ 9.501702937579738, 62.901822192236551 ], [ 9.500388614625557, 62.901945764996753 ], [ 9.499538848079853, 62.901584677888501 ], [ 9.498690733176945, 62.901588588906634 ], [ 9.496978884943458, 62.902236656814772 ], [ 9.493951688420378, 62.902826205170122 ], [ 9.492119796884531, 62.903720074383386 ], [ 9.490654510472586, 62.904161641648699 ], [ 9.489746237365132, 62.904678474130364 ], [ 9.489188964076895, 62.904583385129037 ], [ 9.489691253624073, 62.904248469095009 ], [ 9.48966626419727, 62.904085673510785 ], [ 9.48842394310649, 62.904097391505708 ], [ 9.488193094735436, 62.904231443545605 ], [ 9.488148022282386, 62.904536751617833 ], [ 9.487155564256138, 62.904949202171046 ], [ 9.487218957279739, 62.905242201273076 ], [ 9.486919847, 62.905367327997538 ], [ 9.486919847, 62.906506779215341 ], [ 9.487150631114744, 62.906403022629014 ] ], [ [ 9.500220925258617, 62.902336276253074 ], [ 9.501301371992382, 62.902074596279924 ], [ 9.501696780265741, 62.902143781136282 ], [ 9.501269356032219, 62.902382574840445 ], [ 9.501507998438173, 62.902670804563407 ], [ 9.500788168951242, 62.903012463231853 ], [ 9.498611439102913, 62.903109412941802 ], [ 9.500220925258617, 62.902336276253074 ] ] ] ] } },
{ "type": "Feature", "properties": { "fid": 94236, "navn": null, "hoyde_moh": 593, "arealInnsjo_km2": 0.0468, "magasinKategori": null, "fid_2": 464, "id": 464, "left": 9.486919847, "top": 62.946110046000001, "right": 9.986919847, "bottom": 62.446110046000001, "row_index": 23, "col_index": 11, "tile_id": 464 }, "geometry": { "type": "MultiPolygon", "coordinates": [ [ [ [ 9.747003529098093, 62.888527967136767 ], [ 9.747006506023187, 62.88835964359756 ], [ 9.746630847916871, 62.888277591374425 ], [ 9.746507665328847, 62.88804760087271 ], [ 9.746006277787034, 62.887792685614414 ], [ 9.745891510541494, 62.887406990513036 ], [ 9.745233197745703, 62.887168613734545 ], [ 9.745355330529637, 62.88697792892674 ], [ 9.745172358677918, 62.886482343348561 ], [ 9.746949358058398, 62.885832967686959 ], [ 9.747064773004389, 62.885638971755903 ], [ 9.746688340775769, 62.885267887393439 ], [ 9.746787041909705, 62.884761411132523 ], [ 9.746365035333101, 62.884480758435437 ], [ 9.74531839567198, 62.884523984260852 ], [ 9.743547228605106, 62.885109223192657 ], [ 9.743291292343381, 62.885674244792867 ], [ 9.743331943730146, 62.886092623613031 ], [ 9.743770158450562, 62.886408172202238 ], [ 9.744414291605832, 62.886568287480856 ], [ 9.744359734649899, 62.887462500118112 ], [ 9.744543487038753, 62.887970172905405 ], [ 9.744234609701699, 62.888108261309839 ], [ 9.744206813567903, 62.888369772740624 ], [ 9.745944121306428, 62.88880646158551 ], [ 9.746542918028705, 62.888799766092639 ], [ 9.747003529098093, 62.888527967136767 ] ], [ [ 9.744711009459046, 62.885978065220307 ], [ 9.745209064153391, 62.885601770302323 ], [ 9.745076681321114, 62.885406704745343 ], [ 9.745258292128696, 62.88503055267384 ], [ 9.745964846526517, 62.884709463177423 ], [ 9.745864912636266, 62.884832505815837 ], [ 9.745969646134171, 62.884978400520289 ], [ 9.745452984835476, 62.885321161182397 ], [ 9.745537436333416, 62.885619707429477 ], [ 9.746172833111114, 62.886002178789916 ], [ 9.744797747559566, 62.886186901452987 ], [ 9.744711009459046, 62.885978065220307 ] ] ] ] } },
{ "type": "Feature", "properties": { "fid": 98643, "navn": null, "hoyde_moh": 1036, "arealInnsjo_km2": 0.0112, "magasinKategori": null, "fid_2": 464, "id": 464, "left": 9.486919847, "top": 62.946110046000001, "right": 9.986919847, "bottom": 62.446110046000001, "row_index": 23, "col_index": 11, "tile_id": 464 }, "geometry": { "type": "MultiPolygon", "coordinates": [ [ [ [ 9.948490144249618, 62.555865977121499 ], [ 9.948587809485334, 62.555478276980992 ], [ 9.949941544997113, 62.554956938098691 ], [ 9.949435192718303, 62.554787116123677 ], [ 9.9474271748575, 62.555262446827776 ], [ 9.946779174377973, 62.555884532392625 ], [ 9.947581639477965, 62.556136695633413 ], [ 9.948490144249618, 62.555865977121499 ] ] ] ] } },
{ "type": "Feature", "properties": { "fid": 99474, "navn": null, "hoyde_moh": 991, "arealInnsjo_km2": 0.012, "magasinKategori": null, "fid_2": 464, "id": 464, "left": 9.486919847, "top": 62.946110046000001, "right": 9.986919847, "bottom": 62.446110046000001, "row_index": 23, "col_index": 11, "tile_id": 464 }, "geometry": { "type": "MultiPolygon", "coordinates": [ [ [ [ 9.895797844916123, 62.614687010169362 ], [ 9.895260367640638, 62.614483936383628 ], [ 9.895320138659107, 62.614227563200821 ], [ 9.89513971450258, 62.614117332163843 ], [ 9.896669768236436, 62.613944630843235 ], [ 9.896567895744784, 62.613631073369113 ], [ 9.894949899401471, 62.613453747731228 ], [ 9.894242390564322, 62.613643897436198 ], [ 9.89429320410707, 62.6138591496522 ], [ 9.894017093003601, 62.614309046325175 ], [ 9.894630719334641, 62.614628982498914 ], [ 9.894400338618116, 62.614836028185906 ], [ 9.895578838796316, 62.614942603964458 ], [ 9.895797844916123, 62.614687010169362 ] ] ] ] } },
{ "type": "Feature", "properties": { "fid": 99734, "navn": null, "hoyde_moh": 1068, "arealInnsjo_km2": 0.0059, "magasinKategori": null, "fid_2": 464, "id": 464, "left": 9.486919847, "top": 62.946110046000001, "right": 9.986919847, "bottom": 62.446110046000001, "row_index": 23, "col_index": 11, "tile_id": 464 }, "geometry": { "type": "MultiPolygon", "coordinates": [ [ [ [ 9.90649481820706, 62.509622096925469 ], [ 9.906388163658233, 62.509372957878014 ], [ 9.905231000451396, 62.508955418182545 ], [ 9.90515251088104, 62.508782877053036 ], [ 9.905327862504768, 62.508591727817453 ], [ 9.904747167159094, 62.508549534745924 ], [ 9.904940198882423, 62.509014867734969 ], [ 9.90455368015439, 62.509279982468421 ], [ 9.904618154750947, 62.509470723993395 ], [ 9.90649481820706, 62.509622096925469 ] ] ] ] } },
{ "type": "Feature", "properties": { "fid": 99735, "navn": null, "hoyde_moh": 1068, "arealInnsjo_km2": 0.0048, "magasinKategori": null, "fid_2": 464, "id": 464, "left": 9.486919847, "top": 62.946110046000001, "right": 9.986919847, "bottom": 62.446110046000001, "row_index": 23, "col_index": 11, "tile_id": 464 }, "geometry": { "type": "MultiPolygon", "coordinates": [ [ [ [ 9.903941517316863, 62.509608096153514 ], [ 9.903560569028818, 62.509256080679641 ], [ 9.902774337385578, 62.509193497728951 ], [ 9.902330747340432, 62.509483778374047 ], [ 9.902720320944452, 62.50979670884233 ], [ 9.903700178871755, 62.509924309546541 ], [ 9.903941517316863, 62.509608096153514 ] ] ] ] } },
{ "type": "Feature", "properties": { "fid": 99736, "navn": null, "hoyde_moh": 1069, "arealInnsjo_km2": 0.0166, "magasinKategori": null, "fid_2": 464, "id": 464, "left": 9.486919847, "top": 62.946110046000001, "right": 9.986919847, "bottom": 62.446110046000001, "row_index": 23, "col_index": 11, "tile_id": 464 }, "geometry": { "type": "MultiPolygon", "coordinates": [ [ [ [ 9.907018899698807, 62.510966054306259 ], [ 9.907594970931447, 62.510524603891739 ], [ 9.907489978362426, 62.510410202090227 ], [ 9.907615486947245, 62.510304493267881 ], [ 9.906180910070782, 62.509924685859644 ], [ 9.905010281873594, 62.510061188780071 ], [ 9.904147358422062, 62.510386342908298 ], [ 9.904272519654217, 62.510664859215815 ], [ 9.90606558322774, 62.511217745331571 ], [ 9.907018899698807, 62.510966054306259 ] ] ] ] } },
{ "type": "Feature", "properties": { "fid": 99949, "navn": null, "hoyde_moh": 1057, "arealInnsjo_km2": 0.0045, "magasinKategori": null, "fid_2": 464, "id": 464, "left": 9.486919847, "top": 62.946110046000001, "right": 9.986919847, "bottom": 62.446110046000001, "row_index": 23, "col_index": 11, "tile_id": 464 }, "geometry": { "type": "MultiPolygon", "coordinates": [ [ [ [ 9.888688058923062, 62.525368823393265 ], [ 9.889121573069527, 62.52534918139596 ], [ 9.888700264548369, 62.525127715001574 ], [ 9.887513862952872, 62.524900861466726 ], [ 9.887135800441991, 62.525153112619734 ], [ 9.887721835450204, 62.525579717626201 ], [ 9.888236081179125, 62.525669377461732 ], [ 9.888688058923062, 62.525368823393265 ] ] ] ] } },
{ "type": "Feature", "properties": { "fid": 100325, "navn": null, "hoyde_moh": 1027, "arealInnsjo_km2": 0.0025, "magasinKategori": null, "fid_2": 464, "id": 464, "left": 9.486919847, "top": 62.946110046000001, "right": 9.986919847, "bottom": 62.446110046000001, "row_index": 23, "col_index": 11, "tile_id": 464 }, "geometry": { "type": "MultiPolygon", "coordinates": [ [ [ [ 9.919902994100857, 62.539784826017367 ], [ 9.919602881224677, 62.539751222932303 ], [ 9.919255606616161, 62.539936668853912 ], [ 9.919249062258695, 62.540215583910182 ], [ 9.919461763938388, 62.540441581619866 ], [ 9.919857570113718, 62.540567373581673 ], [ 9.919902994100857, 62.539784826017367 ] ] ] ] } },
{ "type": "Feature", "properties": { "fid": 105103, "navn": null, "hoyde_moh": 1092, "arealInnsjo_km2": 0.0065, "magasinKategori": null, "fid_2": 464, "id": 464, "left": 9.486919847, "top": 62.946110046000001, "right": 9.986919847, "bottom": 62.446110046000001, "row_index": 23, "col_index": 11, "tile_id": 464 }, "geometry": { "type": "MultiPolygon", "coordinates": [ [ [ [ 9.897700853283219, 62.595512139316803 ], [ 9.897806607841504, 62.595264913618557 ], [ 9.897699530712076, 62.594841139218573 ], [ 9.897275480286828, 62.594728393677947 ], [ 9.89655464868386, 62.595012338443254 ], [ 9.896416907554235, 62.595528286878142 ], [ 9.897023575117537, 62.595885483136918 ], [ 9.897700853283219, 62.595512139316803 ] ] ] ] } },
{ "type": "Feature", "properties": { "fid": 105110, "navn": null, "hoyde_moh": 1059, "arealInnsjo_km2": 0.0044, "magasinKategori": null, "fid_2": 464, "id": 464, "left": 9.486919847, "top": 62.946110046000001, "right": 9.986919847, "bottom": 62.446110046000001, "row_index": 23, "col_index": 11, "tile_id": 464 }, "geometry": { "type": "MultiPolygon", "coordinates": [ [ [ [ 9.869583983559608, 62.502735815660046 ], [ 9.868681199099258, 62.501912122261508 ], [ 9.86839658620784, 62.501847479578032 ], [ 9.868117014151311, 62.502003170448496 ], [ 9.868578614675076, 62.502332536745243 ], [ 9.868438652770244, 62.502536194370826 ], [ 9.868569071622717, 62.502751609796277 ], [ 9.86901156857744, 62.502873437364897 ], [ 9.869583983559608, 62.502735815660046 ] ] ] ] } },
{ "type": "Feature", "properties": { "fid": 105115, "navn": null, "hoyde_moh": 1025, "arealInnsjo_km2": 0.0026, "magasinKategori": null, "fid_2": 464, "id": 464, "left": 9.486919847, "top": 62.946110046000001, "right": 9.986919847, "bottom": 62.446110046000001, "row_index": 23, "col_index": 11, "tile_id": 464 }, "geometry": { "type": "MultiPolygon", "coordinates": [ [ [ [ 9.949651227877505, 62.576628661510817 ], [ 9.949777050979682, 62.576461120438395 ], [ 9.949444696462768, 62.576281050659581 ], [ 9.948592819970349, 62.576232413733422 ], [ 9.948924356991593, 62.576604160779524 ], [ 9.948907672837651, 62.576923544629402 ], [ 9.949651227877505, 62.576628661510817 ] ] ] ] } },
{ "type": "Feature", "properties": { "fid": 105133, "navn": null, "hoyde_moh": 1339, "arealInnsjo_km2": 0.0097, "magasinKategori": null, "fid_2": 464, "id": 464, "left": 9.486919847, "top": 62.946110046000001, "right": 9.986919847, "bottom": 62.446110046000001, "row_index": 23, "col_index": 11, "tile_id": 464 }, "geometry": { "type": "MultiPolygon", "coordinates": [ [ [ [ 9.813879584798167, 62.552449712101364 ], [ 9.814319265198288, 62.55166909587269 ], [ 9.814662688821878, 62.551389817384354 ], [ 9.814495707946827, 62.550449981200018 ], [ 9.814218408872341, 62.550514527560985 ], [ 9.813920885112115, 62.551066953909768 ], [ 9.813036876096641, 62.552053814997571 ], [ 9.813036647295018, 62.552353320169324 ], [ 9.813417212796931, 62.552515833589752 ], [ 9.813879584798167, 62.552449712101364 ] ] ] ] } },
{ "type": "Feature", "properties": { "fid": 105138, "navn": null, "hoyde_moh": 953, "arealInnsjo_km2": 0.0046, "magasinKategori": null, "fid_2": 464, "id": 464, "left": 9.486919847, "top": 62.946110046000001, "right": 9.986919847, "bottom": 62.446110046000001, "row_index": 23, "col_index": 11, "tile_id": 464 }, "geometry": { "type": "MultiPolygon", "coordinates": [ [ [ [ 9.736733076745157, 62.748903065531273 ], [ 9.736697149625019, 62.748725181535193 ], [ 9.737501071522987, 62.748465913100624 ], [ 9.736132282945963, 62.748085465877239 ], [ 9.735957990696336, 62.748313130019497 ], [ 9.736125035627824, 62.748630274537739 ], [ 9.735972270525654, 62.748835173292051 ], [ 9.736733076745157, 62.748903065531273 ] ] ] ] } },
{ "type": "Feature", "properties": { "fid": 105206, "navn": null, "hoyde_moh": 1042, "arealInnsjo_km2": 0.0051, "magasinKategori": null, "fid_2": 464, "id": 464, "left": 9.486919847, "top": 62.946110046000001, "right": 9.986919847, "bottom": 62.446110046000001, "row_index": 23, "col_index": 11, "tile_id": 464 }, "geometry": { "type": "MultiPolygon", "coordinates": [ [ [ [ 9.98311880228087, 62.529032098218252 ], [ 9.982837069374458, 62.528953323425107 ], [ 9.983004874912883, 62.528797708064467 ], [ 9.982686347003751, 62.528721207231413 ], [ 9.983121468921262, 62.528457276606261 ], [ 9.983095270719433, 62.528310063264009 ], [ 9.982548701031877, 62.528232553029397 ], [ 9.982431374452299, 62.528465278757579 ], [ 9.981887791137268, 62.528643712474306 ], [ 9.981890367228747, 62.529157282419597 ], [ 9.982484883091939, 62.529227704372687 ], [ 9.98311880228087, 62.529032098218252 ] ] ] ] } },
{ "type": "Feature", "properties": { "fid": 105218, "navn": "Tritjønnin", "hoyde_moh": 563, "arealInnsjo_km2": 0.0045, "magasinKategori": null, "fid_2": 464, "id": 464, "left": 9.486919847, "top": 62.946110046000001, "right": 9.986919847, "bottom": 62.446110046000001, "row_index": 23, "col_index": 11, "tile_id": 464 }, "geometry": { "type": "MultiPolygon", "coordinates": [ [ [ [ 9.775409666196142, 62.616375104968611 ], [ 9.775470723318866, 62.616284715129716 ], [ 9.774510844381492, 62.615809291004354 ], [ 9.773837879530516, 62.615846019286728 ], [ 9.774202327456688, 62.616604098713189 ], [ 9.775409666196142, 62.616375104968611 ] ] ] ] } },
{ "type": "Feature", "properties": { "fid": 105510, "navn": null, "hoyde_moh": 937, "arealInnsjo_km2": 0.0052, "magasinKategori": null, "fid_2": 464, "id": 464, "left": 9.486919847, "top": 62.946110046000001, "right": 9.986919847, "bottom": 62.446110046000001, "row_index": 23, "col_index": 11, "tile_id": 464 }, "geometry": { "type": "MultiPolygon", "coordinates": [ [ [ [ 9.858980246279309, 62.766658255338676 ], [ 9.8583966843343, 62.766287700055393 ], [ 9.858393824128941, 62.765983597405224 ], [ 9.858249731138301, 62.765946466045179 ], [ 9.857814478227914, 62.7661961788234 ], [ 9.857896909575981, 62.766386332402945 ], [ 9.857700943310599, 62.766530470951643 ], [ 9.857663018112241, 62.766825251151737 ], [ 9.858150404011793, 62.766639077307609 ], [ 9.857893758225021, 62.767152104473702 ], [ 9.858249919315574, 62.767275642460646 ], [ 9.858980246279309, 62.766658255338676 ] ] ] ] } },
{ "type": "Feature", "properties": { "fid": 109562, "navn": null, "hoyde_moh": 1066, "arealInnsjo_km2": 0.0074, "magasinKategori": null, "fid_2": 464, "id": 464, "left": 9.486919847, "top": 62.946110046000001, "right": 9.986919847, "bottom": 62.446110046000001, "row_index": 23, "col_index": 11, "tile_id": 464 }, "geometry": { "type": "MultiPolygon", "coordinates": [ [ [ [ 9.839171604572451, 62.482572423427968 ], [ 9.839568216313159, 62.482035881259989 ], [ 9.839024475338846, 62.481560036289956 ], [ 9.83817876869297, 62.481423425256622 ], [ 9.838037884890333, 62.481785636900668 ], [ 9.838332780359382, 62.482012944209472 ], [ 9.838475800733084, 62.482792879988899 ], [ 9.838644803188368, 62.482883715109296 ], [ 9.839171604572451, 62.482572423427968 ] ] ] ] } },
{ "type": "Feature", "properties": { "fid": 109570, "navn": null, "hoyde_moh": 1513, "arealInnsjo_km2": 0.0028, "magasinKategori": null, "fid_2": 464, "id": 464, "left": 9.486919847, "top": 62.946110046000001, "right": 9.986919847, "bottom": 62.446110046000001, "row_index": 23, "col_index": 11, "tile_id": 464 }, "geometry": { "type": "MultiPolygon", "coordinates": [ [ [ [ 9.753669095087467, 62.470044129794815 ], [ 9.753122390760304, 62.469894407509571 ], [ 9.752494742487258, 62.470382622329609 ], [ 9.752537353881539, 62.470534848951004 ], [ 9.752790542905252, 62.470578494386615 ], [ 9.753271017886156, 62.470405316122182 ], [ 9.753669095087467, 62.470044129794815 ] ] ] ] } },
{ "type": "Feature", "properties": { "fid": 109571, "navn": null, "hoyde_moh": 1068, "arealInnsjo_km2": 0.0076, "magasinKategori": null, "fid_2": 464, "id": 464, "left": 9.486919847, "top": 62.946110046000001, "right": 9.986919847, "bottom": 62.446110046000001, "row_index": 23, "col_index": 11, "tile_id": 464 }, "geometry": { "type": "MultiPolygon", "coordinates": [ [ [ [ 9.837104331129591, 62.478480283966995 ], [ 9.837110861479127, 62.478311203932542 ], [ 9.836580318317452, 62.477824859583578 ], [ 9.836643490019735, 62.477609386522012 ], [ 9.836378080118701, 62.477517491804804 ], [ 9.835893867735308, 62.477601198915679 ], [ 9.835796873882151, 62.477919871786547 ], [ 9.835173426380791, 62.478195625361785 ], [ 9.835156580678447, 62.47846571852017 ], [ 9.835296152753729, 62.478536573391317 ], [ 9.835834757877853, 62.478435271961175 ], [ 9.836780273471922, 62.478612488402732 ], [ 9.837104331129591, 62.478480283966995 ] ] ] ] } },
{ "type": "Feature", "properties": { "fid": 109583, "navn": null, "hoyde_moh": 1046, "arealInnsjo_km2": 0.0059, "magasinKategori": null, "fid_2": 464, "id": 464, "left": 9.486919847, "top": 62.946110046000001, "right": 9.986919847, "bottom": 62.446110046000001, "row_index": 23, "col_index": 11, "tile_id": 464 }, "geometry": { "type": "MultiPolygon", "coordinates": [ [ [ [ 9.949780626369048, 62.473623518451795 ], [ 9.949561767118777, 62.473279128932852 ], [ 9.948206298442969, 62.47370098833872 ], [ 9.948244213480454, 62.474124367807207 ], [ 9.948598902726658, 62.47410628956839 ], [ 9.948857022107909, 62.47432786982386 ], [ 9.949187941111079, 62.474354897406094 ], [ 9.949780626369048, 62.473623518451795 ] ] ] ] } },
{ "type": "Feature", "properties": { "fid": 111655, "navn": null, "hoyde_moh": 631, "arealInnsjo_km2": 0.0036, "magasinKategori": null, "fid_2": 464, "id": 464, "left": 9.486919847, "top": 62.946110046000001, "right": 9.986919847, "bottom": 62.446110046000001, "row_index": 23, "col_index": 11, "tile_id": 464 }, "geometry": { "type": "MultiPolygon", "coordinates": [ [ [ [ 9.529588211578686, 62.937583510561261 ], [ 9.529865722421569, 62.93726914250076 ], [ 9.529717665879366, 62.936951018908758 ], [ 9.529019034938104, 62.937147149152437 ], [ 9.528996757387549, 62.937407537861276 ], [ 9.529203158837094, 62.937668263065923 ], [ 9.529110313360095, 62.937830785388805 ], [ 9.529768474107133, 62.937965971713112 ], [ 9.529588211578686, 62.937583510561261 ] ] ] ] } },
{ "type": "Feature", "properties": { "fid": 112585, "navn": null, "hoyde_moh": 900, "arealInnsjo_km2": 0.009, "magasinKategori": null, "fid_2": 464, "id": 464, "left": 9.486919847, "top": 62.946110046000001, "right": 9.986919847, "bottom": 62.446110046000001, "row_index": 23, "col_index": 11, "tile_id": 464 }, "geometry": { "type": "MultiPolygon", "coordinates": [ [ [ [ 9.868308920906594, 62.690539018770778 ], [ 9.868764479626131, 62.690087445953246 ], [ 9.868283903951117, 62.689686391801395 ], [ 9.866707068354858, 62.689884705518395 ], [ 9.866686998057551, 62.69053109710805 ], [ 9.866885670091127, 62.690646522467901 ], [ 9.868308920906594, 62.690539018770778 ] ] ] ] } },
{ "type": "Feature", "properties": { "fid": 112983, "navn": null, "hoyde_moh": 600, "arealInnsjo_km2": 0.0081, "magasinKategori": null, "fid_2": 464, "id": 464, "left": 9.486919847, "top": 62.946110046000001, "right": 9.986919847, "bottom": 62.446110046000001, "row_index": 23, "col_index": 11, "tile_id": 464 }, "geometry": { "type": "MultiPolygon", "coordinates": [ [ [ [ 9.528823806198391, 62.934811491300735 ], [ 9.527740978173012, 62.934585006391799 ], [ 9.527454320593238, 62.934145488490316 ], [ 9.527065967451781, 62.934020237858995 ], [ 9.526702731532902, 62.934099440896802 ], [ 9.526675641669422, 62.934459266961234 ], [ 9.526262640439889, 62.934848456469375 ], [ 9.528250235464711, 62.935105801013634 ], [ 9.528823806198391, 62.934811491300735 ] ] ] ] } },
{ "type": "Feature", "properties": { "fid": 113490, "navn": null, "hoyde_moh": 527, "arealInnsjo_km2": 0.003, "magasinKategori": null, "fid_2": 464, "id": 464, "left": 9.486919847, "top": 62.946110046000001, "right": 9.986919847, "bottom": 62.446110046000001, "row_index": 23, "col_index": 11, "tile_id": 464 }, "geometry": { "type": "MultiPolygon", "coordinates": [ [ [ [ 9.711329331357181, 62.940395511479018 ], [ 9.711691064107489, 62.939872192314482 ], [ 9.711171778914755, 62.939895251475789 ], [ 9.710907853560741, 62.940062507735512 ], [ 9.71033073330662, 62.940623354748141 ], [ 9.710641553275842, 62.940693605085677 ], [ 9.711329331357181, 62.940395511479018 ] ] ] ] } },
{ "type": "Feature", "properties": { "fid": 114352, "navn": null, "hoyde_moh": 663, "arealInnsjo_km2": 0.0049, "magasinKategori": null, "fid_2": 464, "id": 464, "left": 9.486919847, "top": 62.946110046000001, "right": 9.986919847, "bottom": 62.446110046000001, "row_index": 23, "col_index": 11, "tile_id": 464 }, "geometry": { "type": "MultiPolygon", "coordinates": [ [ [ [ 9.499350143593928, 62.935117573842234 ], [ 9.499961475973883, 62.934941215256075 ], [ 9.499811497334063, 62.934645564660528 ], [ 9.499293306303205, 62.934708025415652 ], [ 9.498772122778872, 62.934551313933163 ], [ 9.49849431271983, 62.934778500456503 ], [ 9.498790115068099, 62.934934235598526 ], [ 9.498073954954929, 62.935045204241383 ], [ 9.498383401052662, 62.935140005261943 ], [ 9.498376701343028, 62.935318298171339 ], [ 9.498975829623285, 62.935427208044473 ], [ 9.499350143593928, 62.935117573842234 ] ] ] ] } },
{ "type": "Feature", "properties": { "fid": 115558, "navn": null, "hoyde_moh": 1067, "arealInnsjo_km2": 0.0131, "magasinKategori": null, "fid_2": 464, "id": 464, "left": 9.486919847, "top": 62.946110046000001, "right": 9.986919847, "bottom": 62.446110046000001, "row_index": 23, "col_index": 11, "tile_id": 464 }, "geometry": { "type": "MultiPolygon", "coordinates": [ [ [ [ 9.510427738832659, 62.709038646070454 ], [ 9.51058373984271, 62.708579301681652 ], [ 9.509863788208669, 62.708415171906587 ], [ 9.509184547358679, 62.707836310615114 ], [ 9.508442944329692, 62.707938253724585 ], [ 9.508374074045978, 62.70812931477662 ], [ 9.508757553232469, 62.708687038728563 ], [ 9.508755697140892, 62.708963525727256 ], [ 9.509428004756373, 62.709666131996052 ], [ 9.509828488396868, 62.709734397376664 ], [ 9.510427738832659, 62.709038646070454 ] ] ] ] } },
{ "type": "Feature", "properties": { "fid": 115603, "navn": null, "hoyde_moh": 1304, "arealInnsjo_km2": 0.0105, "magasinKategori": null, "fid_2": 464, "id": 464, "left": 9.486919847, "top": 62.946110046000001, "right": 9.986919847, "bottom": 62.446110046000001, "row_index": 23, "col_index": 11, "tile_id": 464 }, "geometry": { "type": "MultiPolygon", "coordinates": [ [ [ [ 9.4935793034469, 62.54388482653556 ], [ 9.493829673781903, 62.543640200641313 ], [ 9.493800490948628, 62.54343790207578 ], [ 9.493211187247891, 62.54319007945216 ], [ 9.492012836537491, 62.54326180531816 ], [ 9.491652091950566, 62.543563446056517 ], [ 9.491900836738546, 62.543900868337381 ], [ 9.491657438069604, 62.544114087323536 ], [ 9.492168118558412, 62.544342340449568 ], [ 9.4935793034469, 62.54388482653556 ] ] ] ] } },
{ "type": "Feature", "properties": { "fid": 115679, "navn": null, "hoyde_moh": 1369, "arealInnsjo_km2": 0.0024, "magasinKategori": null, "fid_2": 464, "id": 464, "left": 9.486919847, "top": 62.946110046000001, "right": 9.986919847, "bottom": 62.446110046000001, "row_index": 23, "col_index": 11, "tile_id": 464 }, "geometry": { "type": "MultiPolygon", "coordinates": [ [ [ [ 9.550275356337359, 62.518041584599928 ], [ 9.550294257242129, 62.517852258033955 ], [ 9.549938578109511, 62.517396658276446 ], [ 9.549576655092242, 62.517369631418212 ], [ 9.549533186150816, 62.517720704925949 ], [ 9.549931346763024, 62.518219724413676 ], [ 9.550275356337359, 62.518041584599928 ] ] ] ] } },
{ "type": "Feature", "properties": { "fid": 115801, "navn": null, "hoyde_moh": 1122, "arealInnsjo_km2": 0.0036, "magasinKategori": null, "fid_2": 464, "id": 464, "left": 9.486919847, "top": 62.946110046000001, "right": 9.986919847, "bottom": 62.446110046000001, "row_index": 23, "col_index": 11, "tile_id": 464 }, "geometry": { "type": "MultiPolygon", "coordinates": [ [ [ [ 9.635453679861026, 62.736420472791963 ], [ 9.635812360901316, 62.736329373457998 ], [ 9.635828347360643, 62.73600324785901 ], [ 9.634941140929191, 62.736123870179952 ], [ 9.634386002429455, 62.736494677694047 ], [ 9.635298030391109, 62.736789662827128 ], [ 9.635453679861026, 62.736420472791963 ] ] ] ] } },
{ "type": "Feature", "properties": { "fid": 116456, "navn": null, "hoyde_moh": 639, "arealInnsjo_km2": 0.0124, "magasinKategori": null, "fid_2": 464, "id": 464, "left": 9.486919847, "top": 62.946110046000001, "right": 9.986919847, "bottom": 62.446110046000001, "row_index": 23, "col_index": 11, "tile_id": 464 }, "geometry": { "type": "MultiPolygon", "coordinates": [ [ [ [ 9.869280438380663, 62.94605020952924 ], [ 9.870105156765934, 62.945414140259395 ], [ 9.869196026816484, 62.94503691342269 ], [ 9.869487433690232, 62.944725990385237 ], [ 9.86914219320122, 62.944288239589021 ], [ 9.869180345634568, 62.944088916335559 ], [ 9.868812892950031, 62.943882376280037 ], [ 9.86878637741326, 62.944277528366939 ], [ 9.869122610160435, 62.944538170016315 ], [ 9.868560740661621, 62.94504292240012 ], [ 9.868349679124581, 62.945672369652371 ], [ 9.868054623600713, 62.945990445196372 ], [ 9.868099395674371, 62.946110046 ], [ 9.869265944001331, 62.946110046 ], [ 9.869280438380663, 62.94605020952924 ] ] ] ] } },
{ "type": "Feature", "properties": { "fid": 122387, "navn": null, "hoyde_moh": 1307, "arealInnsjo_km2": 0.0037, "magasinKategori": null, "fid_2": 464, "id": 464, "left": 9.486919847, "top": 62.946110046000001, "right": 9.986919847, "bottom": 62.446110046000001, "row_index": 23, "col_index": 11, "tile_id": 464 }, "geometry": { "type": "MultiPolygon", "coordinates": [ [ [ [ 9.612518883027311, 62.486716532689215 ], [ 9.613130252171022, 62.486373306923099 ], [ 9.611270181726306, 62.486447018680522 ], [ 9.611176227488498, 62.48675573105016 ], [ 9.611888450145816, 62.48685636532084 ], [ 9.612518883027311, 62.486716532689215 ] ] ] ] } },
{ "type": "Feature", "properties": { "fid": 123420, "navn": null, "hoyde_moh": 667, "arealInnsjo_km2": 0.014, "magasinKategori": null, "fid_2": 464, "id": 464, "left": 9.486919847, "top": 62.946110046000001, "right": 9.986919847, "bottom": 62.446110046000001, "row_index": 23, "col_index": 11, "tile_id": 464 }, "geometry": { "type": "MultiPolygon", "coordinates": [ [ [ [ 9.785548249092949, 62.848972915041038 ], [ 9.785457367640969, 62.848787437834375 ], [ 9.785711397303713, 62.848599914503659 ], [ 9.78476002599094, 62.848237826673397 ], [ 9.783172280726586, 62.848292613583055 ], [ 9.781482214660361, 62.848059178051791 ], [ 9.781173414375173, 62.848306561557287 ], [ 9.781853141138143, 62.848596146145731 ], [ 9.785168577673716, 62.849138410759757 ], [ 9.785548249092949, 62.848972915041038 ] ] ] ] } },
{ "type": "Feature", "properties": { "fid": 123438, "navn": null, "hoyde_moh": 810, "arealInnsjo_km2": 0.0062, "magasinKategori": null, "fid_2": 464, "id": 464, "left": 9.486919847, "top": 62.946110046000001, "right": 9.986919847, "bottom": 62.446110046000001, "row_index": 23, "col_index": 11, "tile_id": 464 }, "geometry": { "type": "MultiPolygon", "coordinates": [ [ [ [ 9.933243078595035, 62.889277419249836 ], [ 9.932998454822245, 62.88907330485879 ], [ 9.93329145850468, 62.888758291514712 ], [ 9.933160063731494, 62.888411260152296 ], [ 9.932532371404147, 62.888237157813165 ], [ 9.93188381634115, 62.888363758235748 ], [ 9.931693276037665, 62.88870629998474 ], [ 9.933108250681197, 62.889361713934882 ], [ 9.933243078595035, 62.889277419249836 ] ] ] ] } },
{ "type": "Feature", "properties": { "fid": 123551, "navn": null, "hoyde_moh": 826, "arealInnsjo_km2": 0.0029, "magasinKategori": null, "fid_2": 464, "id": 464, "left": 9.486919847, "top": 62.946110046000001, "right": 9.986919847, "bottom": 62.446110046000001, "row_index": 23, "col_index": 11, "tile_id": 464 }, "geometry": { "type": "MultiPolygon", "coordinates": [ [ [ [ 9.9316201542311, 62.914055227575197 ], [ 9.931838519552104, 62.913723939071971 ], [ 9.93226710733715, 62.913517347016189 ], [ 9.93050573311417, 62.914006732319848 ], [ 9.930603125686302, 62.914221286883169 ], [ 9.9316201542311, 62.914055227575197 ] ] ] ] } },
{ "type": "Feature", "properties": { "fid": 123575, "navn": null, "hoyde_moh": 789, "arealInnsjo_km2": 0.0041, "magasinKategori": null, "fid_2": 464, "id": 464, "left": 9.486919847, "top": 62.946110046000001, "right": 9.986919847, "bottom": 62.446110046000001, "row_index": 23, "col_index": 11, "tile_id": 464 }, "geometry": { "type": "MultiPolygon", "coordinates": [ [ [ [ 9.885387633142349, 62.938324848016386 ], [ 9.885328899190302, 62.937893046631629 ], [ 9.885470054886575, 62.937634757526844 ], [ 9.885188125944348, 62.937337624060689 ], [ 9.884683563645412, 62.937225017545309 ], [ 9.88455170598378, 62.937346628257096 ], [ 9.884569038751337, 62.937581614447623 ], [ 9.88478060144881, 62.937753842506289 ], [ 9.884695467459368, 62.938209927714006 ], [ 9.884851922901499, 62.938284072440425 ], [ 9.884722232439826, 62.938388758896401 ], [ 9.885387633142349, 62.938324848016386 ] ] ] ] } },
{ "type": "Feature", "properties": { "fid": 123614, "navn": null, "hoyde_moh": 532, "arealInnsjo_km2": 0.0051, "magasinKategori": null, "fid_2": 464, "id": 464, "left": 9.486919847, "top": 62.946110046000001, "right": 9.986919847, "bottom": 62.446110046000001, "row_index": 23, "col_index": 11, "tile_id": 464 }, "geometry": { "type": "MultiPolygon", "coordinates": [ [ [ [ 9.705918009129045, 62.945473162344648 ], [ 9.706163440210254, 62.945131468404348 ], [ 9.705920577947699, 62.945002127827472 ], [ 9.70526601058137, 62.945030970349734 ], [ 9.704190542852066, 62.94554660930018 ], [ 9.704269642614662, 62.945717304868225 ], [ 9.705918009129045, 62.945473162344648 ] ] ] ] } },
{ "type": "Feature", "properties": { "fid": 125324, "navn": null, "hoyde_moh": 630, "arealInnsjo_km2": 0.0024, "magasinKategori": null, "fid_2": 464, "id": 464, "left": 9.486919847, "top": 62.946110046000001, "right": 9.986919847, "bottom": 62.446110046000001, "row_index": 23, "col_index": 11, "tile_id": 464 }, "geometry": { "type": "MultiPolygon", "coordinates": [ [ [ [ 9.528551509673177, 62.938106052909397 ], [ 9.528183105338575, 62.937927765427986 ], [ 9.52717854297004, 62.938233130447102 ], [ 9.528257364537788, 62.938402583565356 ], [ 9.528551509673177, 62.938106052909397 ] ] ] ] } },
{ "type": "Feature", "properties": { "fid": 127367, "navn": null, "hoyde_moh": 1345, "arealInnsjo_km2": 0.0073, "magasinKategori": null, "fid_2": 464, "id": 464, "left": 9.486919847, "top": 62.946110046000001, "right": 9.986919847, "bottom": 62.446110046000001, "row_index": 23, "col_index": 11, "tile_id": 464 }, "geometry": { "type": "MultiPolygon", "coordinates": [ [ [ [ 9.868847239657208, 62.451873362332257 ], [ 9.869280907897432, 62.452065957658569 ], [ 9.869718267997882, 62.451756763409776 ], [ 9.869511224515362, 62.450929353221653 ], [ 9.86807902001058, 62.451805447035021 ], [ 9.868045907416295, 62.45210651437872 ], [ 9.868760094708485, 62.452415347504186 ], [ 9.868847239657208, 62.451873362332257 ] ] ] ] } },
{ "type": "Feature", "properties": { "fid": 127466, "navn": null, "hoyde_moh": 884, "arealInnsjo_km2": 0.0077, "magasinKategori": null, "fid_2": 464, "id": 464, "left": 9.486919847, "top": 62.946110046000001, "right": 9.986919847, "bottom": 62.446110046000001, "row_index": 23, "col_index": 11, "tile_id": 464 }, "geometry": { "type": "MultiPolygon", "coordinates": [ [ [ [ 9.847652857370925, 62.689839656319435 ], [ 9.847348511773314, 62.689450317654277 ], [ 9.847360697344779, 62.688810014875664 ], [ 9.847076452226942, 62.68876023439978 ], [ 9.8461221166322, 62.689323653310282 ], [ 9.846429831951466, 62.689942807425794 ], [ 9.847413523004994, 62.690115054553587 ], [ 9.847652857370925, 62.689839656319435 ] ] ] ] } },
{ "type": "Feature", "properties": { "fid": 127552, "navn": null, "hoyde_moh": 1058, "arealInnsjo_km2": 0.0069, "magasinKategori": null, "fid_2": 464, "id": 464, "left": 9.486919847, "top": 62.946110046000001, "right": 9.986919847, "bottom": 62.446110046000001, "row_index": 23, "col_index": 11, "tile_id": 464 }, "geometry": { "type": "MultiPolygon", "coordinates": [ [ [ [ 9.936243873393412, 62.557807984380418 ], [ 9.937510695197981, 62.557384629372145 ], [ 9.936964459616021, 62.557008563001013 ], [ 9.93572410357662, 62.557138250954509 ], [ 9.935518508780918, 62.557285521298731 ], [ 9.935426190974386, 62.557790630354084 ], [ 9.936243873393412, 62.557807984380418 ] ] ] ] } },
{ "type": "Feature", "properties": { "fid": 127596, "navn": null, "hoyde_moh": 1054, "arealInnsjo_km2": 0.0081, "magasinKategori": null, "fid_2": 464, "id": 464, "left": 9.486919847, "top": 62.946110046000001, "right": 9.986919847, "bottom": 62.446110046000001, "row_index": 23, "col_index": 11, "tile_id": 464 }, "geometry": { "type": "MultiPolygon", "coordinates": [ [ [ [ 9.934641225466063, 62.561501549870378 ], [ 9.934133467386056, 62.561055081269657 ], [ 9.933549199278422, 62.561296374802275 ], [ 9.93338951591973, 62.561703498825629 ], [ 9.93297123720034, 62.56209394580943 ], [ 9.933035334632319, 62.562301115181221 ], [ 9.933698873175972, 62.562680105183198 ], [ 9.934641225466063, 62.561501549870378 ] ] ] ] } },
{ "type": "Feature", "properties": { "fid": 127630, "navn": null, "hoyde_moh": 1035, "arealInnsjo_km2": 0.0034, "magasinKategori": null, "fid_2": 464, "id": 464, "left": 9.486919847, "top": 62.946110046000001, "right": 9.986919847, "bottom": 62.446110046000001, "row_index": 23, "col_index": 11, "tile_id": 464 }, "geometry": { "type": "MultiPolygon", "coordinates": [ [ [ [ 9.946503824763278, 62.548907499858181 ], [ 9.945677131407043, 62.548821953149854 ], [ 9.945876002412302, 62.548385744503172 ], [ 9.945442527835912, 62.548369138494976 ], [ 9.945147601520446, 62.54856913855653 ], [ 9.945170503887274, 62.548797748055065 ], [ 9.945490248357762, 62.549063831957277 ], [ 9.946168067015352, 62.549198681887397 ], [ 9.946503824763278, 62.548907499858181 ] ] ] ] } },
{ "type": "Feature", "properties": { "fid": 127631, "navn": null, "hoyde_moh": 1069, "arealInnsjo_km2": 0.0104, "magasinKategori": null, "fid_2": 464, "id": 464, "left": 9.486919847, "top": 62.946110046000001, "right": 9.986919847, "bottom": 62.446110046000001, "row_index": 23, "col_index": 11, "tile_id": 464 }, "geometry": { "type": "MultiPolygon", "coordinates": [ [ [ [ 9.935624594146496, 62.549972476592245 ], [ 9.935408161199584, 62.549761576656927 ], [ 9.935360816624527, 62.549221620327252 ], [ 9.935125443786662, 62.549053303404534 ], [ 9.93633603777994, 62.548850400496434 ], [ 9.936267644191904, 62.548693634549522 ], [ 9.935337724463354, 62.548370019516447 ], [ 9.935098059037578, 62.548452268227869 ], [ 9.935029302762352, 62.548723163633753 ], [ 9.934518026156812, 62.548825775946376 ], [ 9.93461158657585, 62.549071528870336 ], [ 9.934436318621845, 62.549477996247859 ], [ 9.934610245977861, 62.549769039223008 ], [ 9.934046144345418, 62.549915072582337 ], [ 9.933970869653391, 62.550081196120843 ], [ 9.935222793647389, 62.550209060278213 ], [ 9.935624594146496, 62.549972476592245 ] ] ] ] } },
{ "type": "Feature", "properties": { "fid": 127727, "navn": null, "hoyde_moh": 978, "arealInnsjo_km2": 0.0031, "magasinKategori": null, "fid_2": 464, "id": 464, "left": 9.486919847, "top": 62.946110046000001, "right": 9.986919847, "bottom": 62.446110046000001, "row_index": 23, "col_index": 11, "tile_id": 464 }, "geometry": { "type": "MultiPolygon", "coordinates": [ [ [ [ 9.970573569664793, 62.613793351770298 ], [ 9.970881103431887, 62.613656620291138 ], [ 9.970876782446449, 62.613522067381624 ], [ 9.97024946012035, 62.613409617881999 ], [ 9.969224828372294, 62.613659155636043 ], [ 9.969465914073702, 62.61388184647673 ], [ 9.970573569664793, 62.613793351770298 ] ] ] ] } },
{ "type": "Feature", "properties": { "fid": 127798, "navn": null, "hoyde_moh": 993, "arealInnsjo_km2": 0.0069, "magasinKategori": null, "fid_2": 464, "id": 464, "left": 9.486919847, "top": 62.946110046000001, "right": 9.986919847, "bottom": 62.446110046000001, "row_index": 23, "col_index": 11, "tile_id": 464 }, "geometry": { "type": "MultiPolygon", "coordinates": [ [ [ [ 9.897898520418975, 62.615822074740542 ], [ 9.897949272925342, 62.615499967851143 ], [ 9.897016682087813, 62.615058462162338 ], [ 9.896309066688026, 62.615127707368572 ], [ 9.896325881058821, 62.61533406945901 ], [ 9.896092045279088, 62.615505635658835 ], [ 9.896370080727547, 62.61581699187888 ], [ 9.897898520418975, 62.615822074740542 ] ] ] ] } },
{ "type": "Feature", "properties": { "fid": 128117, "navn": null, "hoyde_moh": 1041, "arealInnsjo_km2": 0.0051, "magasinKategori": null, "fid_2": 464, "id": 464, "left": 9.486919847, "top": 62.946110046000001, "right": 9.986919847, "bottom": 62.446110046000001, "row_index": 23, "col_index": 11, "tile_id": 464 }, "geometry": { "type": "MultiPolygon", "coordinates": [ [ [ [ 9.982210809778694, 62.53026980379083 ], [ 9.982071001336569, 62.529981046719868 ], [ 9.982639881942218, 62.529850209869672 ], [ 9.982665022078104, 62.529719596776481 ], [ 9.981968654937015, 62.529391650452808 ], [ 9.98143590861152, 62.529569213523324 ], [ 9.981369007648794, 62.52989658979056 ], [ 9.98157340585569, 62.530184523913235 ], [ 9.981534569035061, 62.530381302485836 ], [ 9.981971798456691, 62.530446874622029 ], [ 9.982210809778694, 62.53026980379083 ] ] ] ] } },
{ "type": "Feature", "properties": { "fid": 128164, "navn": null, "hoyde_moh": 1078, "arealInnsjo_km2": 0.0042, "magasinKategori": null, "fid_2": 464, "id": 464, "left": 9.486919847, "top": 62.946110046000001, "right": 9.986919847, "bottom": 62.446110046000001, "row_index": 23, "col_index": 11, "tile_id": 464 }, "geometry": { "type": "MultiPolygon", "coordinates": [ [ [ [ 9.845499754033808, 62.499503081638601 ], [ 9.845670628380084, 62.498844986337019 ], [ 9.845945470197636, 62.498504637759012 ], [ 9.845649958644222, 62.498523663703459 ], [ 9.845020951540581, 62.499079156965387 ], [ 9.844665113375164, 62.499176920402874 ], [ 9.844775815971012, 62.499615385446262 ], [ 9.845253546784209, 62.49968011668463 ], [ 9.845499754033808, 62.499503081638601 ] ] ] ] } },
{ "type": "Feature", "properties": { "fid": 128210, "navn": null, "hoyde_moh": 637, "arealInnsjo_km2": 0.0022, "magasinKategori": null, "fid_2": 464, "id": 464, "left": 9.486919847, "top": 62.946110046000001, "right": 9.986919847, "bottom": 62.446110046000001, "row_index": 23, "col_index": 11, "tile_id": 464 }, "geometry": { "type": "MultiPolygon", "coordinates": [ [ [ [ 9.929873616065738, 62.71520487628726 ], [ 9.929844321987174, 62.715086776534044 ], [ 9.929490107688556, 62.714676685980173 ], [ 9.929147667610948, 62.71466923682015 ], [ 9.929101544381824, 62.7151841239208 ], [ 9.929638495160344, 62.71530161977801 ], [ 9.929873616065738, 62.71520487628726 ] ] ] ] } },
{ "type": "Feature", "properties": { "fid": 133017, "navn": null, "hoyde_moh": 1066, "arealInnsjo_km2": 0.0147, "magasinKategori": null, "fid_2": 464, "id": 464, "left": 9.486919847, "top": 62.946110046000001, "right": 9.986919847, "bottom": 62.446110046000001, "row_index": 23, "col_index": 11, "tile_id": 464 }, "geometry": { "type": "MultiPolygon", "coordinates": [ [ [ [ 9.510115365612533, 62.712230903321185 ], [ 9.510509579445506, 62.711590197186638 ], [ 9.510864542311513, 62.711431232552478 ], [ 9.511438230739605, 62.711466325422407 ], [ 9.511798606684955, 62.711226574059758 ], [ 9.511697767219026, 62.710891883869763 ], [ 9.510917847254611, 62.711114105096982 ], [ 9.510898569182475, 62.710945865722479 ], [ 9.510585758798616, 62.71076656633219 ], [ 9.510492226090591, 62.710285197019203 ], [ 9.509949057193289, 62.710476017950647 ], [ 9.509782636491041, 62.711072378342735 ], [ 9.509007354388986, 62.712083862061675 ], [ 9.509167288829193, 62.712386314051336 ], [ 9.509800832440115, 62.712442210063578 ], [ 9.510115365612533, 62.712230903321185 ] ] ] ] } },
{ "type": "Feature", "properties": { "fid": 133459, "navn": null, "hoyde_moh": 1319, "arealInnsjo_km2": 0.0048, "magasinKategori": null, "fid_2": 464, "id": 464, "left": 9.486919847, "top": 62.946110046000001, "right": 9.986919847, "bottom": 62.446110046000001, "row_index": 23, "col_index": 11, "tile_id": 464 }, "geometry": { "type": "MultiPolygon", "coordinates": [ [ [ [ 9.487663942372405, 62.544613409588294 ], [ 9.487790560882349, 62.544207121960106 ], [ 9.487391589498564, 62.544066157923318 ], [ 9.486919847, 62.54405641660739 ], [ 9.486919847, 62.544755617547402 ], [ 9.487663942372405, 62.544613409588294 ] ] ] ] } },
{ "type": "Feature", "properties": { "fid": 133472, "navn": null, "hoyde_moh": 1269, "arealInnsjo_km2": 0.0028, "magasinKategori": null, "fid_2": 464, "id": 464, "left": 9.486919847, "top": 62.946110046000001, "right": 9.986919847, "bottom": 62.446110046000001, "row_index": 23, "col_index": 11, "tile_id": 464 }, "geometry": { "type": "MultiPolygon", "coordinates": [ [ [ [ 9.608276281857343, 62.458736172029646 ], [ 9.607928344585499, 62.458619381784523 ], [ 9.608238858123133, 62.45843892988119 ], [ 9.607702015667616, 62.457997519044959 ], [ 9.607395038441295, 62.458059501947787 ], [ 9.607471468517836, 62.458439785938701 ], [ 9.607303807460369, 62.458828697148711 ], [ 9.608276281857343, 62.458736172029646 ] ] ] ] } },
{ "type": "Feature", "properties": { "fid": 133501, "navn": null, "hoyde_moh": 537, "arealInnsjo_km2": 0.0093, "magasinKategori": null, "fid_2": 464, "id": 464, "left": 9.486919847, "top": 62.946110046000001, "right": 9.986919847, "bottom": 62.446110046000001, "row_index": 23, "col_index": 11, "tile_id": 464 }, "geometry": { "type": "MultiPolygon", "coordinates": [ [ [ [ 9.678188414951283, 62.589244233641395 ], [ 9.678653866191528, 62.589326134825171 ], [ 9.678775813838627, 62.589097819526366 ], [ 9.677776501863288, 62.588442804159762 ], [ 9.677494522058788, 62.588518705710001 ], [ 9.677401600327332, 62.588989909326202 ], [ 9.676813900737224, 62.588635374506481 ], [ 9.675962278071317, 62.588754336513318 ], [ 9.676609595321219, 62.589196451969698 ], [ 9.67789686892074, 62.589499646045603 ], [ 9.678188414951283, 62.589244233641395 ] ] ] ] } },
{ "type": "Feature", "properties": { "fid": 133541, "navn": null, "hoyde_moh": 1160, "arealInnsjo_km2": 0.0028, "magasinKategori": null, "fid_2": 464, "id": 464, "left": 9.486919847, "top": 62.946110046000001, "right": 9.986919847, "bottom": 62.446110046000001, "row_index": 23, "col_index": 11, "tile_id": 464 }, "geometry": { "type": "MultiPolygon", "coordinates": [ [ [ [ 9.615757998222955, 62.734732541775735 ], [ 9.616490014962988, 62.734217061328799 ], [ 9.615474958721025, 62.734169680643483 ], [ 9.615135160835885, 62.734452497969521 ], [ 9.615195686943691, 62.734689241636403 ], [ 9.615757998222955, 62.734732541775735 ] ] ] ] } },
{ "type": "Feature", "properties": { "fid": 135556, "navn": null, "hoyde_moh": 771, "arealInnsjo_km2": 0.0094, "magasinKategori": null, "fid_2": 464, "id": 464, "left": 9.486919847, "top": 62.946110046000001, "right": 9.986919847, "bottom": 62.446110046000001, "row_index": 23, "col_index": 11, "tile_id": 464 }, "geometry": { "type": "MultiPolygon", "coordinates": [ [ [ [ 9.888196072689176, 62.784081094499079 ], [ 9.888381641798766, 62.783727458491732 ], [ 9.888824056055036, 62.7836411969189 ], [ 9.889169363094576, 62.783016919293281 ], [ 9.8894081241229, 62.782882843476187 ], [ 9.889408395869619, 62.782619977995182 ], [ 9.888724332974709, 62.78237635515368 ], [ 9.888226200993644, 62.782845722976582 ], [ 9.887413322161917, 62.783771075157105 ], [ 9.887978261853101, 62.784136313571921 ], [ 9.888196072689176, 62.784081094499079 ] ] ] ] } },
{ "type": "Feature", "properties": { "fid": 135557, "navn": null, "hoyde_moh": 1124, "arealInnsjo_km2": 0.0059, "magasinKategori": null, "fid_2": 464, "id": 464, "left": 9.486919847, "top": 62.946110046000001, "right": 9.986919847, "bottom": 62.446110046000001, "row_index": 23, "col_index": 11, "tile_id": 464 }, "geometry": { "type": "MultiPolygon", "coordinates": [ [ [ [ 9.804058614071296, 62.787125022927377 ], [ 9.80421871608913, 62.78640641373304 ], [ 9.804528505269795, 62.78620744333346 ], [ 9.804603854195198, 62.785926464430837 ], [ 9.80404954495358, 62.785820193959303 ], [ 9.803537224646144, 62.786061326065933 ], [ 9.803703725401551, 62.786819472868892 ], [ 9.803189957386738, 62.78720216548615 ], [ 9.803682254928676, 62.787294805658725 ], [ 9.804058614071296, 62.787125022927377 ] ] ] ] } },
{ "type": "Feature", "properties": { "fid": 136345, "navn": null, "hoyde_moh": 1348, "arealInnsjo_km2": 0.0036, "magasinKategori": null, "fid_2": 464, "id": 464, "left": 9.486919847, "top": 62.946110046000001, "right": 9.986919847, "bottom": 62.446110046000001, "row_index": 23, "col_index": 11, "tile_id": 464 }, "geometry": { "type": "MultiPolygon", "coordinates": [ [ [ [ 9.851026717583375, 62.542812231944268 ], [ 9.851001598585755, 62.542404829205303 ], [ 9.85037559527815, 62.542349596286641 ], [ 9.850027914257991, 62.542559338369387 ], [ 9.850046811706928, 62.542873215018254 ], [ 9.850538889811988, 62.543044780991707 ], [ 9.851026717583375, 62.542812231944268 ] ] ] ] } },
{ "type": "Feature", "properties": { "fid": 136868, "navn": null, "hoyde_moh": 1071, "arealInnsjo_km2": 0.0032, "magasinKategori": null, "fid_2": 464, "id": 464, "left": 9.486919847, "top": 62.946110046000001, "right": 9.986919847, "bottom": 62.446110046000001, "row_index": 23, "col_index": 11, "tile_id": 464 }, "geometry": { "type": "MultiPolygon", "coordinates": [ [ [ [ 9.841607889561258, 62.4794337093957 ], [ 9.841358020466753, 62.478824809524191 ], [ 9.840816780907234, 62.478890856536474 ], [ 9.840816743130205, 62.479582086746582 ], [ 9.841399488707191, 62.479605476747139 ], [ 9.841607889561258, 62.4794337093957 ] ] ] ] } },
{ "type": "Feature", "properties": { "fid": 136932, "navn": "Unntjønna", "hoyde_moh": 1068, "arealInnsjo_km2": 0.024, "magasinKategori": null, "fid_2": 464, "id": 464, "left": 9.486919847, "top": 62.946110046000001, "right": 9.986919847, "bottom": 62.446110046000001, "row_index": 23, "col_index": 11, "tile_id": 464 }, "geometry": { "type": "MultiPolygon", "coordinates": [ [ [ [ 9.850815211196851, 62.487132994328491 ], [ 9.850877466378357, 62.485909210353846 ], [ 9.849185777762164, 62.485029110521673 ], [ 9.848728873762713, 62.485010591022281 ], [ 9.848295721000227, 62.485428485405663 ], [ 9.84877599029268, 62.486378592547915 ], [ 9.848688173010068, 62.486674039100691 ], [ 9.849627761384788, 62.487414140975567 ], [ 9.850815211196851, 62.487132994328491 ] ] ] ] } },
{ "type": "Feature", "properties": { "fid": 136942, "navn": "Gråhåmmårtjønna", "hoyde_moh": 1070, "arealInnsjo_km2": 0.0537, "magasinKategori": null, "fid_2": 464, "id": 464, "left": 9.486919847, "top": 62.946110046000001, "right": 9.986919847, "bottom": 62.446110046000001, "row_index": 23, "col_index": 11, "tile_id": 464 }, "geometry": { "type": "MultiPolygon", "coordinates": [ [ [ [ 9.50611900109787, 62.708394244321958 ], [ 9.50662838486647, 62.707097041192931 ], [ 9.504826780170019, 62.705788866128856 ], [ 9.503682171991091, 62.705326158158201 ], [ 9.503228327000741, 62.705440631674037 ], [ 9.502688888123712, 62.705822093804606 ], [ 9.50181206585418, 62.705853622152432 ], [ 9.501221485307227, 62.705572129943789 ], [ 9.500934066512125, 62.705701054180203 ], [ 9.501704187875657, 62.706320160478853 ], [ 9.502350072377903, 62.70714344573851 ], [ 9.505604846513206, 62.708558737857722 ], [ 9.50611900109787, 62.708394244321958 ] ] ] ] } },
{ "type": "Feature", "properties": { "fid": 137390, "navn": null, "hoyde_moh": 1086, "arealInnsjo_km2": 0.0046, "magasinKategori": null, "fid_2": 464, "id": 464, "left": 9.486919847, "top": 62.946110046000001, "right": 9.986919847, "bottom": 62.446110046000001, "row_index": 23, "col_index": 11, "tile_id": 464 }, "geometry": { "type": "MultiPolygon", "coordinates": [ [ [ [ 9.891027374551092, 62.581308164076212 ], [ 9.89085946980979, 62.581086733683819 ], [ 9.890952305021433, 62.580601713406594 ], [ 9.890543712622225, 62.580627152895644 ], [ 9.889668210043013, 62.581147128686659 ], [ 9.88984936718767, 62.581427522923434 ], [ 9.891027374551092, 62.581308164076212 ] ] ] ] } },
{ "type": "Feature", "properties": { "fid": 137530, "navn": "Blakkhaugtjønna", "hoyde_moh": 1349, "arealInnsjo_km2": 0.028, "magasinKategori": null, "fid_2": 464, "id": 464, "left": 9.486919847, "top": 62.946110046000001, "right": 9.986919847, "bottom": 62.446110046000001, "row_index": 23, "col_index": 11, "tile_id": 464 }, "geometry": { "type": "MultiPolygon", "coordinates": [ [ [ [ 9.526153339488447, 62.501469704245949 ], [ 9.527154837227734, 62.501189490161046 ], [ 9.527944741842825, 62.501212249316254 ], [ 9.528448912897586, 62.500940653475041 ], [ 9.528526869563944, 62.500625493158893 ], [ 9.52797617140042, 62.500144160587617 ], [ 9.52687955194407, 62.499904427779818 ], [ 9.526052666855843, 62.499901986888375 ], [ 9.525047472374286, 62.50021624506337 ], [ 9.524486670584922, 62.500648584535604 ], [ 9.524420277370877, 62.5010625636112 ], [ 9.524787269227481, 62.501579527195908 ], [ 9.526153339488447, 62.501469704245949 ] ] ] ] } },
{ "type": "Feature", "properties": { "fid": 137531, "navn": "Elgtjønna", "hoyde_moh": 557, "arealInnsjo_km2": 0.0082, "magasinKategori": null, "fid_2": 464, "id": 464, "left": 9.486919847, "top": 62.946110046000001, "right": 9.986919847, "bottom": 62.446110046000001, "row_index": 23, "col_index": 11, "tile_id": 464 }, "geometry": { "type": "MultiPolygon", "coordinates": [ [ [ [ 9.70619070618897, 62.587715361646339 ], [ 9.706039788202849, 62.587519870662909 ], [ 9.70538510325391, 62.58733235675308 ], [ 9.703522559005531, 62.587640245327549 ], [ 9.704948729849256, 62.58819958812834 ], [ 9.70619070618897, 62.587715361646339 ] ] ] ] } },
{ "type": "Feature", "properties": { "fid": 137532, "navn": null, "hoyde_moh": 1431, "arealInnsjo_km2": 0.0285, "magasinKategori": null, "fid_2": 464, "id": 464, "left": 9.486919847, "top": 62.946110046000001, "right": 9.986919847, "bottom": 62.446110046000001, "row_index": 23, "col_index": 11, "tile_id": 464 }, "geometry": { "type": "MultiPolygon", "coordinates": [ [ [ [ 9.65304522518282, 62.658292096725127 ], [ 9.653300347700315, 62.658139430646955 ], [ 9.653645307608448, 62.657320806648663 ], [ 9.652501009532712, 62.656891375934414 ], [ 9.65170600209148, 62.65630252594427 ], [ 9.651057988295358, 62.656370151388323 ], [ 9.650286558615898, 62.657232744167679 ], [ 9.650207341856616, 62.657837378631399 ], [ 9.650705791392763, 62.658208647638482 ], [ 9.65304522518282, 62.658292096725127 ] ] ] ] } },
{ "type": "Feature", "properties": { "fid": 137535, "navn": "Fagersjøen", "hoyde_moh": 1172, "arealInnsjo_km2": 0.085, "magasinKategori": null, "fid_2": 464, "id": 464, "left": 9.486919847, "top": 62.946110046000001, "right": 9.986919847, "bottom": 62.446110046000001, "row_index": 23, "col_index": 11, "tile_id": 464 }, "geometry": { "type": "MultiPolygon", "coordinates": [ [ [ [ 9.718119647982137, 62.67963813503615 ], [ 9.718990149248439, 62.679626545328446 ], [ 9.720158317570283, 62.679321786132505 ], [ 9.721442646114216, 62.678504564358889 ], [ 9.720851088706871, 62.678250100154202 ], [ 9.72075404812864, 62.677831097865635 ], [ 9.720318577267983, 62.677342907805311 ], [ 9.71898960849092, 62.676765474663156 ], [ 9.718523500382082, 62.676751388564149 ], [ 9.7162489416387, 62.677340254437425 ], [ 9.715741147279692, 62.677587773189671 ], [ 9.714944636952492, 62.678500756048791 ], [ 9.714584924885381, 62.679452642015626 ], [ 9.714819494876366, 62.679648389440104 ], [ 9.716064081416018, 62.679940320465079 ], [ 9.716122810592784, 62.680200957687823 ], [ 9.716727632747283, 62.680262938271987 ], [ 9.718119647982137, 62.67963813503615 ] ], [ [ 9.719051591821039, 62.678976969397318 ], [ 9.719527725244543, 62.678902262359721 ], [ 9.719502883244441, 62.679091719446227 ], [ 9.718858337946187, 62.679099873951508 ], [ 9.719051591821039, 62.678976969397318 ] ] ] ] } },
{ "type": "Feature", "properties": { "fid": 137581, "navn": null, "hoyde_moh": 1058, "arealInnsjo_km2": 0.01, "magasinKategori": null, "fid_2": 464, "id": 464, "left": 9.486919847, "top": 62.946110046000001, "right": 9.986919847, "bottom": 62.446110046000001, "row_index": 23, "col_index": 11, "tile_id": 464 }, "geometry": { "type": "MultiPolygon", "coordinates": [ [ [ [ 9.88830382423747, 62.515549719093805 ], [ 9.888311652886994, 62.51512321218528 ], [ 9.887597652704892, 62.514833065407565 ], [ 9.887553106710081, 62.514527979131714 ], [ 9.886835537254953, 62.514486540501132 ], [ 9.886533338190874, 62.514618587590881 ], [ 9.886299763805152, 62.515215753037324 ], [ 9.887540411652568, 62.51582382026379 ], [ 9.88830382423747, 62.515549719093805 ] ] ] ] } },
{ "type": "Feature", "properties": { "fid": 137671, "navn": "Svarttjønna", "hoyde_moh": 1257, "arealInnsjo_km2": 0.1881, "magasinKategori": null, "fid_2": 464, "id": 464, "left": 9.486919847, "top": 62.946110046000001, "right": 9.986919847, "bottom": 62.446110046000001, "row_index": 23, "col_index": 11, "tile_id": 464 }, "geometry": { "type": "MultiPolygon", "coordinates": [ [ [ [ 9.630801239775552, 62.702268281010383 ], [ 9.631784935735215, 62.702026332969481 ], [ 9.632104040540684, 62.70208707286637 ], [ 9.632071860589365, 62.702339509289096 ], [ 9.632407164657732, 62.702504083472824 ], [ 9.633477630369985, 62.702446592429588 ], [ 9.633932144596326, 62.702164454031269 ], [ 9.633551084128788, 62.701608040779597 ], [ 9.633885826707075, 62.701150427923309 ], [ 9.633907295363649, 62.70087274483334 ], [ 9.633285363287062, 62.700354608427624 ], [ 9.632557750144052, 62.700234743252402 ], [ 9.631901765585656, 62.699919202086939 ], [ 9.63144089950714, 62.699155542109395 ], [ 9.630816312904466, 62.698947652676154 ], [ 9.631028584004444, 62.69884583233577 ], [ 9.629054485476384, 62.698907682857083 ], [ 9.628409373937616, 62.699288764628463 ], [ 9.628138023834392, 62.69929310841821 ], [ 9.625337321876525, 62.698670328044599 ], [ 9.624209201138926, 62.698589929075645 ], [ 9.623579986934729, 62.698847868994633 ], [ 9.623662168564072, 62.699106677998991 ], [ 9.624948259466303, 62.699729287498698 ], [ 9.624873911735577, 62.700013939574688 ], [ 9.625190718952526, 62.700169993794184 ], [ 9.624621660710053, 62.700328744134332 ], [ 9.624127759687594, 62.700080039733187 ], [ 9.624281000515682, 62.699969032568212 ], [ 9.623546242703011, 62.699864952432506 ], [ 9.622606644575198, 62.699379553563155 ], [ 9.62218999457793, 62.69937488401078 ], [ 9.621112947717588, 62.699693715207161 ], [ 9.621157532293335, 62.699988875900722 ], [ 9.620209087820522, 62.700443664093861 ], [ 9.620248370926577, 62.70077002699616 ], [ 9.620111702035761, 62.700854491161621 ], [ 9.620467287644335, 62.701191211057861 ], [ 9.62042725683879, 62.701338870974951 ], [ 9.620892812418454, 62.701575341053726 ], [ 9.621581278123948, 62.701381958575261 ], [ 9.622183078450792, 62.70147932023378 ], [ 9.623000882428096, 62.701301878591565 ], [ 9.62429803667394, 62.701547782692565 ], [ 9.624952673837258, 62.701488424911517 ], [ 9.625337161096734, 62.701200653922861 ], [ 9.626204092768171, 62.701038398687068 ], [ 9.625759034256014, 62.700679452697834 ], [ 9.625806844892846, 62.70051688301519 ], [ 9.626407302158682, 62.700604366512898 ], [ 9.626687843167119, 62.700868268195592 ], [ 9.626623915367995, 62.701038678070354 ], [ 9.627058285312527, 62.701033305537393 ], [ 9.627331256152134, 62.701249492241132 ], [ 9.625916073784557, 62.701445328221624 ], [ 9.626214408959235, 62.701994721128131 ], [ 9.626738324743291, 62.701911889068761 ], [ 9.627167749821623, 62.70230091637152 ], [ 9.628361219767365, 62.702419249620178 ], [ 9.630801239775552, 62.702268281010383 ] ], [ [ 9.621905404742645, 62.700412476040555 ], [ 9.621840549862302, 62.70029525085927 ], [ 9.622244416347625, 62.700163639818406 ], [ 9.622614218680503, 62.700337394019904 ], [ 9.621905404742645, 62.700412476040555 ] ], [ [ 9.62703500563487, 62.701947213784194 ], [ 9.626964889851658, 62.701891070462452 ], [ 9.62761961058616, 62.70167296740545 ], [ 9.627981909548689, 62.701777308500134 ], [ 9.627490754836137, 62.701983783939092 ], [ 9.62703500563487, 62.701947213784194 ] ] ] ] } },
{ "type": "Feature", "properties": { "fid": 137672, "navn": "Grytvatna", "hoyde_moh": 1155, "arealInnsjo_km2": 0.033, "magasinKategori": null, "fid_2": 464, "id": 464, "left": 9.486919847, "top": 62.946110046000001, "right": 9.986919847, "bottom": 62.446110046000001, "row_index": 23, "col_index": 11, "tile_id": 464 }, "geometry": { "type": "MultiPolygon", "coordinates": [ [ [ [ 9.703679373733017, 62.708459069281659 ], [ 9.703548721643976, 62.708217389901513 ], [ 9.70382693552906, 62.708042915620481 ], [ 9.703798879107458, 62.707681575014739 ], [ 9.704135289144975, 62.707324663135402 ], [ 9.703970221811446, 62.706533165244224 ], [ 9.703097154272145, 62.705842473302468 ], [ 9.701852017136421, 62.705731652714292 ], [ 9.701634395962619, 62.705340371976554 ], [ 9.701941860794999, 62.705058492998319 ], [ 9.701967946689656, 62.704787560594212 ], [ 9.701355550417947, 62.704837177825901 ], [ 9.700923034745053, 62.705317947347297 ], [ 9.701173788974859, 62.705854271654722 ], [ 9.702131001911114, 62.706538803074416 ], [ 9.702434481866844, 62.706931081872625 ], [ 9.702390885378094, 62.707155461931166 ], [ 9.70177671338042, 62.707689647543162 ], [ 9.701828142401183, 62.708430509595296 ], [ 9.703679373733017, 62.708459069281659 ] ] ] ] } },
{ "type": "Feature", "properties": { "fid": 138423, "navn": "Mjølktjønna", "hoyde_moh": 1052, "arealInnsjo_km2": 0.0451, "magasinKategori": null, "fid_2": 464, "id": 464, "left": 9.486919847, "top": 62.946110046000001, "right": 9.986919847, "bottom": 62.446110046000001, "row_index": 23, "col_index": 11, "tile_id": 464 }, "geometry": { "type": "MultiPolygon", "coordinates": [ [ [ [ 9.960215812226505, 62.580201059525088 ], [ 9.960463253098885, 62.579692547753375 ], [ 9.959986207512021, 62.579376032179781 ], [ 9.959822125099164, 62.57881317159589 ], [ 9.957688232192261, 62.577088688078156 ], [ 9.957221485754022, 62.576289271844907 ], [ 9.956268075273085, 62.576217133097792 ], [ 9.955778790824629, 62.576383150278836 ], [ 9.956381539961875, 62.57709131972598 ], [ 9.956732314743277, 62.577278064386768 ], [ 9.957140414541696, 62.577950769975267 ], [ 9.956819396605251, 62.578496021120749 ], [ 9.957012854828092, 62.578849982977324 ], [ 9.957503996609962, 62.57916252099097 ], [ 9.958181239856236, 62.580094220593068 ], [ 9.959451811099242, 62.580377503826959 ], [ 9.960215812226505, 62.580201059525088 ] ] ] ] } },
{ "type": "Feature", "properties": { "fid": 158436, "navn": null, "hoyde_moh": 646, "arealInnsjo_km2": 0.007, "magasinKategori": null, "fid_2": 464, "id": 464, "left": 9.486919847, "top": 62.946110046000001, "right": 9.986919847, "bottom": 62.446110046000001, "row_index": 23, "col_index": 11, "tile_id": 464 }, "geometry": { "type": "MultiPolygon", "coordinates": [ [ [ [ 9.73211485235432, 62.853316429271871 ], [ 9.732210840896837, 62.853073580200665 ], [ 9.731921899228107, 62.852742699601663 ], [ 9.731155306743494, 62.852648275137959 ], [ 9.73048938239139, 62.853023973697873 ], [ 9.730773891266818, 62.853519799674885 ], [ 9.731652935997642, 62.85356715454359 ], [ 9.73211485235432, 62.853316429271871 ] ] ] ] } },
{ "type": "Feature", "properties": { "fid": 158439, "navn": null, "hoyde_moh": 614, "arealInnsjo_km2": 0.0091, "magasinKategori": null, "fid_2": 464, "id": 464, "left": 9.486919847, "top": 62.946110046000001, "right": 9.986919847, "bottom": 62.446110046000001, "row_index": 23, "col_index": 11, "tile_id": 464 }, "geometry": { "type": "MultiPolygon", "coordinates": [ [ [ [ 9.768136245903099, 62.889821632839151 ], [ 9.7699388207963, 62.889147463720349 ], [ 9.769038162569689, 62.888877160170843 ], [ 9.766989160096012, 62.889492664278713 ], [ 9.766945849314954, 62.889828905775957 ], [ 9.768136245903099, 62.889821632839151 ] ] ] ] } },
{ "type": "Feature", "properties": { "fid": 158440, "navn": null, "hoyde_moh": 615, "arealInnsjo_km2": 0.0088, "magasinKategori": null, "fid_2": 464, "id": 464, "left": 9.486919847, "top": 62.946110046000001, "right": 9.986919847, "bottom": 62.446110046000001, "row_index": 23, "col_index": 11, "tile_id": 464 }, "geometry": { "type": "MultiPolygon", "coordinates": [ [ [ [ 9.773112767298993, 62.890038677634543 ], [ 9.773089184728557, 62.889632740152706 ], [ 9.772635240376786, 62.88916141394435 ], [ 9.772123471792725, 62.889085980264881 ], [ 9.771805554153792, 62.889550484542667 ], [ 9.771125389116317, 62.889845148339305 ], [ 9.771500683414047, 62.890135138410749 ], [ 9.772287778235253, 62.890300793325672 ], [ 9.773112767298993, 62.890038677634543 ] ] ] ] } },
{ "type": "Feature", "properties": { "fid": 158441, "navn": null, "hoyde_moh": 556, "arealInnsjo_km2": 0.0033, "magasinKategori": null, "fid_2": 464, "id": 464, "left": 9.486919847, "top": 62.946110046000001, "right": 9.986919847, "bottom": 62.446110046000001, "row_index": 23, "col_index": 11, "tile_id": 464 }, "geometry": { "type": "MultiPolygon", "coordinates": [ [ [ [ 9.692873176669105, 62.89150240195427 ], [ 9.692693945064661, 62.891265109231554 ], [ 9.69266586542218, 62.890546275736675 ], [ 9.692518967004403, 62.890318840770298 ], [ 9.692275646145159, 62.890272046891766 ], [ 9.692337851869134, 62.890587076474276 ], [ 9.692147005024131, 62.890984066776852 ], [ 9.692483089070379, 62.891075032337454 ], [ 9.692197758368176, 62.891290476008322 ], [ 9.692385957409847, 62.891736142685218 ], [ 9.692873176669105, 62.89150240195427 ] ] ] ] } },
{ "type": "Feature", "properties": { "fid": 158445, "navn": null, "hoyde_moh": 806, "arealInnsjo_km2": 0.0033, "magasinKategori": null, "fid_2": 464, "id": 464, "left": 9.486919847, "top": 62.946110046000001, "right": 9.986919847, "bottom": 62.446110046000001, "row_index": 23, "col_index": 11, "tile_id": 464 }, "geometry": { "type": "MultiPolygon", "coordinates": [ [ [ [ 9.885954347483374, 62.930847370533456 ], [ 9.886241634324879, 62.930620208122839 ], [ 9.885785290081767, 62.930436842439441 ], [ 9.884690943928918, 62.93052412415728 ], [ 9.884970498570141, 62.930882979717978 ], [ 9.885395212329122, 62.931015808895658 ], [ 9.885954347483374, 62.930847370533456 ] ] ] ] } },
{ "type": "Feature", "properties": { "fid": 158446, "navn": null, "hoyde_moh": 714, "arealInnsjo_km2": 0.0146, "magasinKategori": null, "fid_2": 464, "id": 464, "left": 9.486919847, "top": 62.946110046000001, "right": 9.986919847, "bottom": 62.446110046000001, "row_index": 23, "col_index": 11, "tile_id": 464 }, "geometry": { "type": "MultiPolygon", "coordinates": [ [ [ [ 9.568538490194175, 62.927626848904666 ], [ 9.568323312031087, 62.927229064149856 ], [ 9.568393052316738, 62.926906797167618 ], [ 9.567905189983605, 62.926557973163504 ], [ 9.566881105265184, 62.926562814285226 ], [ 9.566067742588098, 62.926140314710743 ], [ 9.565528560211494, 62.926584124255896 ], [ 9.565315477906825, 62.927015595480448 ], [ 9.565510036664797, 62.927301000632767 ], [ 9.565863120914917, 62.927401743631933 ], [ 9.567330701308309, 62.92701869475416 ], [ 9.567846918905845, 62.927287172940929 ], [ 9.567649535739916, 62.927695944977401 ], [ 9.568538490194175, 62.927626848904666 ] ] ] ] } },
{ "type": "Feature", "properties": { "fid": 158476, "navn": "Ondustjønna", "hoyde_moh": 781, "arealInnsjo_km2": 0.0129, "magasinKategori": null, "fid_2": 464, "id": 464, "left": 9.486919847, "top": 62.946110046000001, "right": 9.986919847, "bottom": 62.446110046000001, "row_index": 23, "col_index": 11, "tile_id": 464 }, "geometry": { "type": "MultiPolygon", "coordinates": [ [ [ [ 9.514885192504371, 62.858621140020908 ], [ 9.515238376041845, 62.858469694348976 ], [ 9.516267076265104, 62.858502556063158 ], [ 9.516895961356601, 62.85832208802919 ], [ 9.517546736210214, 62.857819026847373 ], [ 9.515844794346313, 62.857539318127714 ], [ 9.515462243705382, 62.857582433461921 ], [ 9.515145433157363, 62.857777507326382 ], [ 9.515226010589627, 62.857978643806256 ], [ 9.51460676497106, 62.858174960078308 ], [ 9.514028949903588, 62.858092913770427 ], [ 9.514529246804772, 62.858755737819628 ], [ 9.514855934701425, 62.858797559922664 ], [ 9.514885192504371, 62.858621140020908 ] ] ] ] } },
{ "type": "Feature", "properties": { "fid": 158479, "navn": null, "hoyde_moh": 705, "arealInnsjo_km2": 0.0152, "magasinKategori": null, "fid_2": 464, "id": 464, "left": 9.486919847, "top": 62.946110046000001, "right": 9.986919847, "bottom": 62.446110046000001, "row_index": 23, "col_index": 11, "tile_id": 464 }, "geometry": { "type": "MultiPolygon", "coordinates": [ [ [ [ 9.909058971921864, 62.894611979122622 ], [ 9.909857590308658, 62.89408508724847 ], [ 9.910015182642248, 62.893801110329484 ], [ 9.909930222239971, 62.893476511721218 ], [ 9.908858091103887, 62.893138235043672 ], [ 9.907910783155842, 62.893154960776357 ], [ 9.907674400425577, 62.893322731414855 ], [ 9.907743145179985, 62.893445589267984 ], [ 9.907479227496912, 62.893591401822 ], [ 9.907486711469389, 62.893837539965162 ], [ 9.908430277105207, 62.894222452816329 ], [ 9.908477566435526, 62.894364415399778 ], [ 9.908172617490981, 62.894621467353183 ], [ 9.909058971921864, 62.894611979122622 ] ] ] ] } },
{ "type": "Feature", "properties": { "fid": 158481, "navn": null, "hoyde_moh": 561, "arealInnsjo_km2": 0.002, "magasinKategori": null, "fid_2": 464, "id": 464, "left": 9.486919847, "top": 62.946110046000001, "right": 9.986919847, "bottom": 62.446110046000001, "row_index": 23, "col_index": 11, "tile_id": 464 }, "geometry": { "type": "MultiPolygon", "coordinates": [ [ [ [ 9.691176136817626, 62.891486228873383 ], [ 9.69131776114952, 62.891135701179081 ], [ 9.69089858660246, 62.890988597843311 ], [ 9.690548234170299, 62.891086228973769 ], [ 9.690731656007937, 62.891407994943833 ], [ 9.690545972226523, 62.891509862322359 ], [ 9.691176136817626, 62.891486228873383 ] ] ] ] } },
{ "type": "Feature", "properties": { "fid": 158483, "navn": null, "hoyde_moh": 792, "arealInnsjo_km2": 0.0051, "magasinKategori": null, "fid_2": 464, "id": 464, "left": 9.486919847, "top": 62.946110046000001, "right": 9.986919847, "bottom": 62.446110046000001, "row_index": 23, "col_index": 11, "tile_id": 464 }, "geometry": { "type": "MultiPolygon", "coordinates": [ [ [ [ 9.938350870542036, 62.905798448017222 ], [ 9.938535944841428, 62.90570111038577 ], [ 9.938548262414923, 62.905479262629001 ], [ 9.937527262553006, 62.905234553257067 ], [ 9.936870935604187, 62.905391492879424 ], [ 9.937241808774687, 62.9056523143852 ], [ 9.93642416716108, 62.905812445281775 ], [ 9.938350870542036, 62.905798448017222 ] ] ] ] } },
{ "type": "Feature", "properties": { "fid": 158484, "navn": null, "hoyde_moh": 809, "arealInnsjo_km2": 0.0188, "magasinKategori": null, "fid_2": 464, "id": 464, "left": 9.486919847, "top": 62.946110046000001, "right": 9.986919847, "bottom": 62.446110046000001, "row_index": 23, "col_index": 11, "tile_id": 464 }, "geometry": { "type": "MultiPolygon", "coordinates": [ [ [ [ 9.502576147190771, 62.906917664029365 ], [ 9.502273705995314, 62.906784978971551 ], [ 9.502242557638345, 62.906268078687944 ], [ 9.503218592342378, 62.905698380063029 ], [ 9.504220928557517, 62.905366665028019 ], [ 9.5045634610915, 62.905033648703956 ], [ 9.504528129540274, 62.904826715694306 ], [ 9.503653448002778, 62.904877049872461 ], [ 9.503029593426627, 62.905246499917176 ], [ 9.501811966825212, 62.905545673155885 ], [ 9.50201314230498, 62.905638583081839 ], [ 9.501930711705411, 62.905803205940714 ], [ 9.500823199749888, 62.906650258041218 ], [ 9.501142762216602, 62.906934360883753 ], [ 9.500703727019575, 62.907313276738449 ], [ 9.501338795315323, 62.907449517001893 ], [ 9.502576147190771, 62.906917664029365 ] ] ] ] } },
{ "type": "Feature", "properties": { "fid": 158486, "navn": null, "hoyde_moh": 937, "arealInnsjo_km2": 0.0089, "magasinKategori": null, "fid_2": 464, "id": 464, "left": 9.486919847, "top": 62.946110046000001, "right": 9.986919847, "bottom": 62.446110046000001, "row_index": 23, "col_index": 11, "tile_id": 464 }, "geometry": { "type": "MultiPolygon", "coordinates": [ [ [ [ 9.911719978642196, 62.936624951315409 ], [ 9.912040022938228, 62.936254084857197 ], [ 9.912865449050114, 62.936066372606554 ], [ 9.912775352929362, 62.935928265617584 ], [ 9.912998219152652, 62.935766287353118 ], [ 9.911385089757921, 62.935499573302316 ], [ 9.911237359647549, 62.935659765829513 ], [ 9.911460433474288, 62.935776859331135 ], [ 9.911159342252823, 62.935948063981577 ], [ 9.911126574424991, 62.936147675205028 ], [ 9.910389953397992, 62.936366205054412 ], [ 9.911136335314227, 62.93674843416872 ], [ 9.911719978642196, 62.936624951315409 ] ] ] ] } },
{ "type": "Feature", "properties": { "fid": 158524, "navn": null, "hoyde_moh": 590, "arealInnsjo_km2": 0.0163, "magasinKategori": null, "fid_2": 464, "id": 464, "left": 9.486919847, "top": 62.946110046000001, "right": 9.986919847, "bottom": 62.446110046000001, "row_index": 23, "col_index": 11, "tile_id": 464 }, "geometry": { "type": "MultiPolygon", "coordinates": [ [ [ [ 9.787974231565837, 62.873300588913516 ], [ 9.786179441442121, 62.872984102688676 ], [ 9.785069091990451, 62.87315570949729 ], [ 9.784524515771245, 62.873494231257588 ], [ 9.785426238018436, 62.874080108062365 ], [ 9.787073621160378, 62.874207503551247 ], [ 9.787974231565837, 62.873300588913516 ] ] ] ] } },
{ "type": "Feature", "properties": { "fid": 158526, "navn": null, "hoyde_moh": 630, "arealInnsjo_km2": 0.0094, "magasinKategori": null, "fid_2": 464, "id": 464, "left": 9.486919847, "top": 62.946110046000001, "right": 9.986919847, "bottom": 62.446110046000001, "row_index": 23, "col_index": 11, "tile_id": 464 }, "geometry": { "type": "MultiPolygon", "coordinates": [ [ [ [ 9.758836362629616, 62.889261900102191 ], [ 9.758910965976449, 62.888827312458304 ], [ 9.758607980982744, 62.888266186064655 ], [ 9.758084919200625, 62.888130715638191 ], [ 9.757448371101164, 62.888298907359712 ], [ 9.757148717960121, 62.888880403040609 ], [ 9.757374102973849, 62.889166646615536 ], [ 9.758588171579255, 62.889429182326303 ], [ 9.758836362629616, 62.889261900102191 ] ] ] ] } },
{ "type": "Feature", "properties": { "fid": 158527, "navn": null, "hoyde_moh": 615, "arealInnsjo_km2": 0.0031, "magasinKategori": null, "fid_2": 464, "id": 464, "left": 9.486919847, "top": 62.946110046000001, "right": 9.986919847, "bottom": 62.446110046000001, "row_index": 23, "col_index": 11, "tile_id": 464 }, "geometry": { "type": "MultiPolygon", "coordinates": [ [ [ [ 9.658860931992622, 62.894872978800507 ], [ 9.658823836583956, 62.894682785169074 ], [ 9.658474607518755, 62.894482538274637 ], [ 9.657792613385132, 62.894553999989313 ], [ 9.657236175361531, 62.894879841789262 ], [ 9.658259025474042, 62.894893494017786 ], [ 9.65865660570646, 62.895105475568521 ], [ 9.658860931992622, 62.894872978800507 ] ] ] ] } },
{ "type": "Feature", "properties": { "fid": 158529, "navn": null, "hoyde_moh": 926, "arealInnsjo_km2": 0.0027, "magasinKategori": null, "fid_2": 464, "id": 464, "left": 9.486919847, "top": 62.946110046000001, "right": 9.986919847, "bottom": 62.446110046000001, "row_index": 23, "col_index": 11, "tile_id": 464 }, "geometry": { "type": "MultiPolygon", "coordinates": [ [ [ [ 9.571653054706585, 62.829176851396433 ], [ 9.570240245961726, 62.828656611667917 ], [ 9.569911461624052, 62.828821269756673 ], [ 9.569987465277462, 62.828965765063934 ], [ 9.570531201003821, 62.828980671721517 ], [ 9.571123493778531, 62.829336449970214 ], [ 9.571653054706585, 62.829176851396433 ] ] ] ] } },
{ "type": "Feature", "properties": { "fid": 158530, "navn": null, "hoyde_moh": 632, "arealInnsjo_km2": 0.0035, "magasinKategori": null, "fid_2": 464, "id": 464, "left": 9.486919847, "top": 62.946110046000001, "right": 9.986919847, "bottom": 62.446110046000001, "row_index": 23, "col_index": 11, "tile_id": 464 }, "geometry": { "type": "MultiPolygon", "coordinates": [ [ [ [ 9.561976964705861, 62.913993631583025 ], [ 9.562831264806517, 62.913504602584716 ], [ 9.562159452041888, 62.913408988261814 ], [ 9.56105127752468, 62.913920597768318 ], [ 9.561976964705861, 62.913993631583025 ] ] ] ] } },
{ "type": "Feature", "properties": { "fid": 158532, "navn": null, "hoyde_moh": 983, "arealInnsjo_km2": 0.0095, "magasinKategori": null, "fid_2": 464, "id": 464, "left": 9.486919847, "top": 62.946110046000001, "right": 9.986919847, "bottom": 62.446110046000001, "row_index": 23, "col_index": 11, "tile_id": 464 }, "geometry": { "type": "MultiPolygon", "coordinates": [ [ [ [ 9.910508470984892, 62.940158968864644 ], [ 9.910713976633879, 62.939712445663481 ], [ 9.909954903133354, 62.939572835119442 ], [ 9.909579997250324, 62.939305773752928 ], [ 9.90957332306836, 62.939052649071641 ], [ 9.909948577914585, 62.938831139120296 ], [ 9.909722670801655, 62.938597530351785 ], [ 9.909407803009227, 62.938521018512233 ], [ 9.909059673473813, 62.938861177920167 ], [ 9.908622563007588, 62.938766571800343 ], [ 9.908905590976831, 62.939040660972807 ], [ 9.908597544957852, 62.939596198398469 ], [ 9.908784062749309, 62.939726008357617 ], [ 9.908732527653296, 62.939984496177807 ], [ 9.909417084236436, 62.939887518694398 ], [ 9.909375093979927, 62.939706796627526 ], [ 9.910094310786496, 62.940238644048634 ], [ 9.910508470984892, 62.940158968864644 ] ] ] ] } },
{ "type": "Feature", "properties": { "fid": 158571, "navn": null, "hoyde_moh": 535, "arealInnsjo_km2": 0.006, "magasinKategori": null, "fid_2": 464, "id": 464, "left": 9.486919847, "top": 62.946110046000001, "right": 9.986919847, "bottom": 62.446110046000001, "row_index": 23, "col_index": 11, "tile_id": 464 }, "geometry": { "type": "MultiPolygon", "coordinates": [ [ [ [ 9.715131718176437, 62.864724892564887 ], [ 9.715411591809525, 62.864449823079745 ], [ 9.714735576447451, 62.864357461670679 ], [ 9.713908773798702, 62.864497239915565 ], [ 9.713631452828215, 62.865002838257602 ], [ 9.713364981985269, 62.865166295399618 ], [ 9.713831741047542, 62.865392240176028 ], [ 9.715131718176437, 62.864724892564887 ] ] ] ] } },
{ "type": "Feature", "properties": { "fid": 158572, "navn": "Svartvatnet", "hoyde_moh": 653, "arealInnsjo_km2": 0.0213, "magasinKategori": null, "fid_2": 464, "id": 464, "left": 9.486919847, "top": 62.946110046000001, "right": 9.986919847, "bottom": 62.446110046000001, "row_index": 23, "col_index": 11, "tile_id": 464 }, "geometry": { "type": "MultiPolygon", "coordinates": [ [ [ [ 9.780157774265399, 62.884044284758438 ], [ 9.78042162037525, 62.883679699444123 ], [ 9.781674888635003, 62.883362176286546 ], [ 9.781752382860137, 62.882674689675682 ], [ 9.782374412023326, 62.88207173744734 ], [ 9.782661314397213, 62.881401377207041 ], [ 9.782298689446121, 62.881384504621728 ], [ 9.781647873436857, 62.881648899655367 ], [ 9.780071919776464, 62.882762491538465 ], [ 9.779427517459448, 62.883419848236571 ], [ 9.779418429879639, 62.883905635473603 ], [ 9.779116921632742, 62.884182806920748 ], [ 9.779417816926827, 62.884299604851826 ], [ 9.780157774265399, 62.884044284758438 ] ] ] ] } },
{ "type": "Feature", "properties": { "fid": 158573, "navn": null, "hoyde_moh": 860, "arealInnsjo_km2": 0.0087, "magasinKategori": null, "fid_2": 464, "id": 464, "left": 9.486919847, "top": 62.946110046000001, "right": 9.986919847, "bottom": 62.446110046000001, "row_index": 23, "col_index": 11, "tile_id": 464 }, "geometry": { "type": "MultiPolygon", "coordinates": [ [ [ [ 9.618551721472134, 62.878303414417942 ], [ 9.618523266455236, 62.878118122174946 ], [ 9.619210344089032, 62.877913423262783 ], [ 9.618976147790697, 62.877574388321996 ], [ 9.619987874957102, 62.877203127675635 ], [ 9.619436119869221, 62.877110023227111 ], [ 9.617443658472469, 62.877781277279901 ], [ 9.616946500998747, 62.878091595361937 ], [ 9.617220097275798, 62.878295452476785 ], [ 9.618551721472134, 62.878303414417942 ] ] ] ] } },
{ "type": "Feature", "properties": { "fid": 158574, "navn": null, "hoyde_moh": 703, "arealInnsjo_km2": 0.0032, "magasinKategori": null, "fid_2": 464, "id": 464, "left": 9.486919847, "top": 62.946110046000001, "right": 9.986919847, "bottom": 62.446110046000001, "row_index": 23, "col_index": 11, "tile_id": 464 }, "geometry": { "type": "MultiPolygon", "coordinates": [ [ [ [ 9.560360996735573, 62.890787594211616 ], [ 9.560537495213282, 62.890401156492288 ], [ 9.559466577104036, 62.890278467164727 ], [ 9.559270009872316, 62.890716592844463 ], [ 9.560360996735573, 62.890787594211616 ] ] ] ] } },
{ "type": "Feature", "properties": { "fid": 158575, "navn": null, "hoyde_moh": 829, "arealInnsjo_km2": 0.0038, "magasinKategori": null, "fid_2": 464, "id": 464, "left": 9.486919847, "top": 62.946110046000001, "right": 9.986919847, "bottom": 62.446110046000001, "row_index": 23, "col_index": 11, "tile_id": 464 }, "geometry": { "type": "MultiPolygon", "coordinates": [ [ [ [ 9.508901517676605, 62.892759689635831 ], [ 9.509430346424661, 62.892839375168229 ], [ 9.509709279136297, 62.892604575012797 ], [ 9.508968484817881, 62.892305842444379 ], [ 9.508399348669588, 62.892354895773479 ], [ 9.508116470407293, 62.892990294018311 ], [ 9.508489285827283, 62.893099438966757 ], [ 9.508901517676605, 62.892759689635831 ] ] ] ] } },
{ "type": "Feature", "properties": { "fid": 158577, "navn": null, "hoyde_moh": 682, "arealInnsjo_km2": 0.0105, "magasinKategori": null, "fid_2": 464, "id": 464, "left": 9.486919847, "top": 62.946110046000001, "right": 9.986919847, "bottom": 62.446110046000001, "row_index": 23, "col_index": 11, "tile_id": 464 }, "geometry": { "type": "MultiPolygon", "coordinates": [ [ [ [ 9.78229417517645, 62.841674261078538 ], [ 9.783001289139396, 62.841700430899998 ], [ 9.783049120160861, 62.841606295966002 ], [ 9.78191062447374, 62.840840002150571 ], [ 9.781002869245329, 62.840899584805967 ], [ 9.780808882897929, 62.841028597474448 ], [ 9.780752948217325, 62.841501487299645 ], [ 9.780381857014843, 62.841875934571085 ], [ 9.781175091338762, 62.841976841630284 ], [ 9.78229417517645, 62.841674261078538 ] ] ] ] } },
{ "type": "Feature", "properties": { "fid": 158583, "navn": null, "hoyde_moh": 667, "arealInnsjo_km2": 0.0073, "magasinKategori": null, "fid_2": 464, "id": 464, "left": 9.486919847, "top": 62.946110046000001, "right": 9.986919847, "bottom": 62.446110046000001, "row_index": 23, "col_index": 11, "tile_id": 464 }, "geometry": { "type": "MultiPolygon", "coordinates": [ [ [ [ 9.511803144299146, 62.925528611969526 ], [ 9.512479754783076, 62.925011327198412 ], [ 9.511782735004067, 62.925032477252358 ], [ 9.51163454922324, 62.925306496931142 ], [ 9.50898617449768, 62.926080033920371 ], [ 9.509111357898833, 62.926229361863385 ], [ 9.509032216592674, 62.926384758059349 ], [ 9.509295415082098, 62.926437414096497 ], [ 9.511803144299146, 62.925528611969526 ] ] ] ] } },
{ "type": "Feature", "properties": { "fid": 158594, "navn": null, "hoyde_moh": 814, "arealInnsjo_km2": 0.0065, "magasinKategori": null, "fid_2": 464, "id": 464, "left": 9.486919847, "top": 62.946110046000001, "right": 9.986919847, "bottom": 62.446110046000001, "row_index": 23, "col_index": 11, "tile_id": 464 }, "geometry": { "type": "MultiPolygon", "coordinates": [ [ [ [ 9.496016594452257, 62.902120528472395 ], [ 9.496541323086669, 62.901896446469088 ], [ 9.496228752157695, 62.901292392465407 ], [ 9.495217157544877, 62.90117738836237 ], [ 9.495052045012667, 62.901322032514841 ], [ 9.495232780962558, 62.901436293091926 ], [ 9.494763344471712, 62.901538427508655 ], [ 9.494660584995433, 62.901698741398121 ], [ 9.495044754638256, 62.901628279285667 ], [ 9.495292126962795, 62.90207534904718 ], [ 9.496016594452257, 62.902120528472395 ] ] ] ] } },
{ "type": "Feature", "properties": { "fid": 158621, "navn": null, "hoyde_moh": 615, "arealInnsjo_km2": 0.0048, "magasinKategori": null, "fid_2": 464, "id": 464, "left": 9.486919847, "top": 62.946110046000001, "right": 9.986919847, "bottom": 62.446110046000001, "row_index": 23, "col_index": 11, "tile_id": 464 }, "geometry": { "type": "MultiPolygon", "coordinates": [ [ [ [ 9.662190242042614, 62.894071993550675 ], [ 9.662164892569812, 62.893833476306597 ], [ 9.661927045562871, 62.893646373502762 ], [ 9.661186407981834, 62.893423090129509 ], [ 9.66063919594453, 62.893513717949943 ], [ 9.661408976825681, 62.894323540553934 ], [ 9.661735920942499, 62.894354035642664 ], [ 9.662190242042614, 62.894071993550675 ] ] ] ] } },
{ "type": "Feature", "properties": { "fid": 158623, "navn": "Badartjønna", "hoyde_moh": 808, "arealInnsjo_km2": 0.0205, "magasinKategori": null, "fid_2": 464, "id": 464, "left": 9.486919847, "top": 62.946110046000001, "right": 9.986919847, "bottom": 62.446110046000001, "row_index": 23, "col_index": 11, "tile_id": 464 }, "geometry": { "type": "MultiPolygon", "coordinates": [ [ [ [ 9.618165227141525, 62.834613197749654 ], [ 9.619919266998153, 62.834429699966975 ], [ 9.620009424945371, 62.834045130687628 ], [ 9.619316116788859, 62.83376120706842 ], [ 9.618558765640529, 62.833853580545366 ], [ 9.617742633866452, 62.833556933227882 ], [ 9.616728246084087, 62.83378774437255 ], [ 9.616316681615517, 62.834120577742432 ], [ 9.616164279756676, 62.834716569313784 ], [ 9.615781440493706, 62.834879797183383 ], [ 9.616553384647519, 62.834996767150407 ], [ 9.618165227141525, 62.834613197749654 ] ] ] ] } },
{ "type": "Feature", "properties": { "fid": 158638, "navn": null, "hoyde_moh": 911, "arealInnsjo_km2": 0.0058, "magasinKategori": null, "fid_2": 464, "id": 464, "left": 9.486919847, "top": 62.946110046000001, "right": 9.986919847, "bottom": 62.446110046000001, "row_index": 23, "col_index": 11, "tile_id": 464 }, "geometry": { "type": "MultiPolygon", "coordinates": [ [ [ [ 9.931635823779802, 62.921769532493045 ], [ 9.932236684895987, 62.921188876586463 ], [ 9.931662849939672, 62.921177216898528 ], [ 9.929959565836013, 62.921745435174046 ], [ 9.929505947709702, 62.922110442460827 ], [ 9.930218439130243, 62.922155710637938 ], [ 9.931635823779802, 62.921769532493045 ] ] ] ] } },
{ "type": "Feature", "properties": { "fid": 158675, "navn": null, "hoyde_moh": 586, "arealInnsjo_km2": 0.0118, "magasinKategori": null, "fid_2": 464, "id": 464, "left": 9.486919847, "top": 62.946110046000001, "right": 9.986919847, "bottom": 62.446110046000001, "row_index": 23, "col_index": 11, "tile_id": 464 }, "geometry": { "type": "MultiPolygon", "coordinates": [ [ [ [ 9.683155003465334, 62.868466305811268 ], [ 9.683216831437555, 62.868209048310412 ], [ 9.683034083873499, 62.867918425051876 ], [ 9.683135462647765, 62.867726640290321 ], [ 9.683735697215797, 62.867481738114869 ], [ 9.683662560400919, 62.867321144935957 ], [ 9.683779769846831, 62.86723325707829 ], [ 9.684435280446376, 62.867366924176238 ], [ 9.684626314970847, 62.867075050632501 ], [ 9.683924424236464, 62.86693207179016 ], [ 9.683799273956927, 62.866802984566142 ], [ 9.683869034983989, 62.866561683792511 ], [ 9.682954838371096, 62.866771405152505 ], [ 9.682470552020879, 62.867317808530458 ], [ 9.682501762068474, 62.868051707341323 ], [ 9.68222325869468, 62.868341169646691 ], [ 9.682249783200117, 62.868652248881133 ], [ 9.682585737738975, 62.868720655948245 ], [ 9.683155003465334, 62.868466305811268 ] ] ] ] } },
{ "type": "Feature", "properties": { "fid": 158676, "navn": null, "hoyde_moh": 929, "arealInnsjo_km2": 0.0053, "magasinKategori": null, "fid_2": 464, "id": 464, "left": 9.486919847, "top": 62.946110046000001, "right": 9.986919847, "bottom": 62.446110046000001, "row_index": 23, "col_index": 11, "tile_id": 464 }, "geometry": { "type": "MultiPolygon", "coordinates": [ [ [ [ 9.575685801597906, 62.864743021933357 ], [ 9.576071375281595, 62.86416801475729 ], [ 9.575660428262545, 62.863905759852877 ], [ 9.575105541856605, 62.863929517123317 ], [ 9.574892026605809, 62.864391296399965 ], [ 9.574556174174161, 62.864530325727763 ], [ 9.574729335466865, 62.864684865095597 ], [ 9.574667992788562, 62.864838540951119 ], [ 9.575685801597906, 62.864743021933357 ] ] ] ] } },
{ "type": "Feature", "properties": { "fid": 158678, "navn": null, "hoyde_moh": 731, "arealInnsjo_km2": 0.0031, "magasinKategori": null, "fid_2": 464, "id": 464, "left": 9.486919847, "top": 62.946110046000001, "right": 9.986919847, "bottom": 62.446110046000001, "row_index": 23, "col_index": 11, "tile_id": 464 }, "geometry": { "type": "MultiPolygon", "coordinates": [ [ [ [ 9.534806403935356, 62.879252170339008 ], [ 9.534844750857278, 62.87899375785716 ], [ 9.534335334884284, 62.878879729748149 ], [ 9.533811999308126, 62.879049540351978 ], [ 9.534160049727067, 62.879537162361864 ], [ 9.534440304121611, 62.879576676174992 ], [ 9.534806403935356, 62.879252170339008 ] ] ] ] } },
{ "type": "Feature", "properties": { "fid": 158680, "navn": null, "hoyde_moh": 954, "arealInnsjo_km2": 0.0138, "magasinKategori": null, "fid_2": 464, "id": 464, "left": 9.486919847, "top": 62.946110046000001, "right": 9.986919847, "bottom": 62.446110046000001, "row_index": 23, "col_index": 11, "tile_id": 464 }, "geometry": { "type": "MultiPolygon", "coordinates": [ [ [ [ 9.557971770920465, 62.826504911949456 ], [ 9.557784874905188, 62.825987591751606 ], [ 9.556521800220052, 62.824722110317147 ], [ 9.555843799112754, 62.824441592530455 ], [ 9.555508241065768, 62.824483385474181 ], [ 9.555981331143952, 62.825161285193388 ], [ 9.55592862767435, 62.826116400690296 ], [ 9.557600103971263, 62.826542881105105 ], [ 9.557971770920465, 62.826504911949456 ] ] ] ] } },
{ "type": "Feature", "properties": { "fid": 158681, "navn": null, "hoyde_moh": 666, "arealInnsjo_km2": 0.0034, "magasinKategori": null, "fid_2": 464, "id": 464, "left": 9.486919847, "top": 62.946110046000001, "right": 9.986919847, "bottom": 62.446110046000001, "row_index": 23, "col_index": 11, "tile_id": 464 }, "geometry": { "type": "MultiPolygon", "coordinates": [ [ [ [ 9.593215851982018, 62.895911117102493 ], [ 9.593577153774199, 62.896083295816403 ], [ 9.593772246808363, 62.895945372370882 ], [ 9.593354601772926, 62.895789926047819 ], [ 9.59337948022687, 62.895534503645038 ], [ 9.5928825045878, 62.895524578173202 ], [ 9.592190578217721, 62.895805559538836 ], [ 9.592093517822393, 62.89605874672381 ], [ 9.593215851982018, 62.895911117102493 ] ] ] ] } },
{ "type": "Feature", "properties": { "fid": 158693, "navn": null, "hoyde_moh": 650, "arealInnsjo_km2": 0.0085, "magasinKategori": null, "fid_2": 464, "id": 464, "left": 9.486919847, "top": 62.946110046000001, "right": 9.986919847, "bottom": 62.446110046000001, "row_index": 23, "col_index": 11, "tile_id": 464 }, "geometry": { "type": "MultiPolygon", "coordinates": [ [ [ [ 9.585384998788063, 62.899676331898128 ], [ 9.585317731409312, 62.899560085573363 ], [ 9.586577658552931, 62.89947260418645 ], [ 9.586754518298509, 62.898898077627848 ], [ 9.586331599193898, 62.898727379348735 ], [ 9.586031459122818, 62.899039430410696 ], [ 9.584235954954682, 62.89891487867034 ], [ 9.584287765078381, 62.899211680041418 ], [ 9.585171452994052, 62.899860329864424 ], [ 9.585384998788063, 62.899676331898128 ] ] ] ] } },
{ "type": "Feature", "properties": { "fid": 158694, "navn": null, "hoyde_moh": 835, "arealInnsjo_km2": 0.0069, "magasinKategori": null, "fid_2": 464, "id": 464, "left": 9.486919847, "top": 62.946110046000001, "right": 9.986919847, "bottom": 62.446110046000001, "row_index": 23, "col_index": 11, "tile_id": 464 }, "geometry": { "type": "MultiPolygon", "coordinates": [ [ [ [ 9.927766063681579, 62.916901573911694 ], [ 9.927962179204172, 62.91661707725563 ], [ 9.928036508151475, 62.916808672575669 ], [ 9.928390678324327, 62.916812166172207 ], [ 9.928628679116338, 62.916342869281287 ], [ 9.928938055767897, 62.91612659358556 ], [ 9.929061597260507, 62.915677822379415 ], [ 9.92839712290982, 62.915856206842953 ], [ 9.927717866947365, 62.916301958702228 ], [ 9.927199496252531, 62.916336267403146 ], [ 9.92709112545641, 62.916943195672779 ], [ 9.927766063681579, 62.916901573911694 ] ] ] ] } },
{ "type": "Feature", "properties": { "fid": 158695, "navn": null, "hoyde_moh": 714, "arealInnsjo_km2": 0.0033, "magasinKategori": null, "fid_2": 464, "id": 464, "left": 9.486919847, "top": 62.946110046000001, "right": 9.986919847, "bottom": 62.446110046000001, "row_index": 23, "col_index": 11, "tile_id": 464 }, "geometry": { "type": "MultiPolygon", "coordinates": [ [ [ [ 9.663674349329966, 62.907215240287634 ], [ 9.663980805253257, 62.907010453649931 ], [ 9.664097379543604, 62.906695705296094 ], [ 9.663882782072641, 62.906417258366758 ], [ 9.663572428985759, 62.906406477746415 ], [ 9.663098035469897, 62.90686575415647 ], [ 9.66291648388799, 62.907195943972425 ], [ 9.663674349329966, 62.907215240287634 ] ] ] ] } },
{ "type": "Feature", "properties": { "fid": 158730, "navn": null, "hoyde_moh": 761, "arealInnsjo_km2": 0.0031, "magasinKategori": null, "fid_2": 464, "id": 464, "left": 9.486919847, "top": 62.946110046000001, "right": 9.986919847, "bottom": 62.446110046000001, "row_index": 23, "col_index": 11, "tile_id": 464 }, "geometry": { "type": "MultiPolygon", "coordinates": [ [ [ [ 9.87519796653382, 62.88028238254806 ], [ 9.875196991684088, 62.87996674944462 ], [ 9.874691229614317, 62.879811571992207 ], [ 9.873982479262072, 62.879859242873984 ], [ 9.874278677781746, 62.879988882368153 ], [ 9.874368024888366, 62.880525991977123 ], [ 9.87519796653382, 62.88028238254806 ] ] ] ] } },
{ "type": "Feature", "properties": { "fid": 158733, "navn": null, "hoyde_moh": 841, "arealInnsjo_km2": 0.0086, "magasinKategori": null, "fid_2": 464, "id": 464, "left": 9.486919847, "top": 62.946110046000001, "right": 9.986919847, "bottom": 62.446110046000001, "row_index": 23, "col_index": 11, "tile_id": 464 }, "geometry": { "type": "MultiPolygon", "coordinates": [ [ [ [ 9.653107607277869, 62.834362762214504 ], [ 9.653099124723463, 62.834155386227785 ], [ 9.653665821662781, 62.834099843721248 ], [ 9.653757632034914, 62.833872350024876 ], [ 9.653156475530906, 62.833591930607142 ], [ 9.651799539621949, 62.833770982711023 ], [ 9.651526157601259, 62.834038982542765 ], [ 9.651518056131241, 62.834341650404397 ], [ 9.652186790097995, 62.834610882473818 ], [ 9.653107607277869, 62.834362762214504 ] ] ] ] } },
{ "type": "Feature", "properties": { "fid": 158734, "navn": null, "hoyde_moh": 878, "arealInnsjo_km2": 0.0039, "magasinKategori": null, "fid_2": 464, "id": 464, "left": 9.486919847, "top": 62.946110046000001, "right": 9.986919847, "bottom": 62.446110046000001, "row_index": 23, "col_index": 11, "tile_id": 464 }, "geometry": { "type": "MultiPolygon", "coordinates": [ [ [ [ 9.579638289114566, 62.83762072047773 ], [ 9.579802039415362, 62.836961022025292 ], [ 9.579021343599166, 62.837039958362858 ], [ 9.578802592914208, 62.83721185534727 ], [ 9.578835718190408, 62.837827588270308 ], [ 9.579638289114566, 62.83762072047773 ] ] ] ] } },
{ "type": "Feature", "properties": { "fid": 158735, "navn": null, "hoyde_moh": 929, "arealInnsjo_km2": 0.0038, "magasinKategori": null, "fid_2": 464, "id": 464, "left": 9.486919847, "top": 62.946110046000001, "right": 9.986919847, "bottom": 62.446110046000001, "row_index": 23, "col_index": 11, "tile_id": 464 }, "geometry": { "type": "MultiPolygon", "coordinates": [ [ [ [ 9.554727819085445, 62.836865063499296 ], [ 9.554804300648115, 62.83634562257248 ], [ 9.554525540240064, 62.836101733283506 ], [ 9.553913321848382, 62.83598098094285 ], [ 9.553866088118891, 62.836447740485347 ], [ 9.554552051558058, 62.836959399888208 ], [ 9.554727819085445, 62.836865063499296 ] ] ] ] } },
{ "type": "Feature", "properties": { "fid": 158741, "navn": null, "hoyde_moh": 708, "arealInnsjo_km2": 0.0046, "magasinKategori": null, "fid_2": 464, "id": 464, "left": 9.486919847, "top": 62.946110046000001, "right": 9.986919847, "bottom": 62.446110046000001, "row_index": 23, "col_index": 11, "tile_id": 464 }, "geometry": { "type": "MultiPolygon", "coordinates": [ [ [ [ 9.560319499804445, 62.930607042064892 ], [ 9.561065392479401, 62.929788589752967 ], [ 9.559633615318663, 62.930250716281272 ], [ 9.559171002834024, 62.930682166885994 ], [ 9.558521423706615, 62.930814095384989 ], [ 9.560319499804445, 62.930607042064892 ] ] ] ] } },
{ "type": "Feature", "properties": { "fid": 158745, "navn": null, "hoyde_moh": 818, "arealInnsjo_km2": 0.0035, "magasinKategori": null, "fid_2": 464, "id": 464, "left": 9.486919847, "top": 62.946110046000001, "right": 9.986919847, "bottom": 62.446110046000001, "row_index": 23, "col_index": 11, "tile_id": 464 }, "geometry": { "type": "MultiPolygon", "coordinates": [ [ [ [ 9.503325358503529, 62.900497128769523 ], [ 9.504148514383555, 62.900286572649819 ], [ 9.503588721059309, 62.899980308425931 ], [ 9.502239854215501, 62.900556131079107 ], [ 9.502822716720832, 62.900559922505259 ], [ 9.503018836860793, 62.900710052389158 ], [ 9.503325358503529, 62.900497128769523 ] ] ] ] } },
{ "type": "Feature", "properties": { "fid": 158746, "navn": "Frostmyrtjønna", "hoyde_moh": 637, "arealInnsjo_km2": 0.0136, "magasinKategori": null, "fid_2": 464, "id": 464, "left": 9.486919847, "top": 62.946110046000001, "right": 9.986919847, "bottom": 62.446110046000001, "row_index": 23, "col_index": 11, "tile_id": 464 }, "geometry": { "type": "MultiPolygon", "coordinates": [ [ [ [ 9.621862501101582, 62.918769351478488 ], [ 9.62234176566546, 62.918284010719219 ], [ 9.62243719201682, 62.917876598851173 ], [ 9.621569917292826, 62.917622090689932 ], [ 9.620409865417455, 62.918004469337511 ], [ 9.620262569915669, 62.918553156676666 ], [ 9.620615751082585, 62.919312735519981 ], [ 9.621862501101582, 62.918769351478488 ] ] ] ] } },
{ "type": "Feature", "properties": { "fid": 158793, "navn": null, "hoyde_moh": 718, "arealInnsjo_km2": 0.0053, "magasinKategori": null, "fid_2": 464, "id": 464, "left": 9.486919847, "top": 62.946110046000001, "right": 9.986919847, "bottom": 62.446110046000001, "row_index": 23, "col_index": 11, "tile_id": 464 }, "geometry": { "type": "MultiPolygon", "coordinates": [ [ [ [ 9.918360463409327, 62.892703780900277 ], [ 9.918861959060925, 62.892766694308342 ], [ 9.919220326938445, 62.892627241725222 ], [ 9.917035175895929, 62.891974357325928 ], [ 9.91654061220391, 62.892080635415262 ], [ 9.917291327150824, 62.892524010962177 ], [ 9.918382358572821, 62.892823051042974 ], [ 9.918360463409327, 62.892703780900277 ] ] ] ] } },
{ "type": "Feature", "properties": { "fid": 158794, "navn": null, "hoyde_moh": 676, "arealInnsjo_km2": 0.004, "magasinKategori": null, "fid_2": 464, "id": 464, "left": 9.486919847, "top": 62.946110046000001, "right": 9.986919847, "bottom": 62.446110046000001, "row_index": 23, "col_index": 11, "tile_id": 464 }, "geometry": { "type": "MultiPolygon", "coordinates": [ [ [ [ 9.984434066061842, 62.856733316783213 ], [ 9.984575713880531, 62.856419565696861 ], [ 9.984091031807329, 62.856105776227636 ], [ 9.983729769669539, 62.856066347997157 ], [ 9.983192263267275, 62.856405912026972 ], [ 9.983682323295811, 62.856745804043577 ], [ 9.984434066061842, 62.856733316783213 ] ] ] ] } },
{ "type": "Feature", "properties": { "fid": 158796, "navn": null, "hoyde_moh": 720, "arealInnsjo_km2": 0.0226, "magasinKategori": null, "fid_2": 464, "id": 464, "left": 9.486919847, "top": 62.946110046000001, "right": 9.986919847, "bottom": 62.446110046000001, "row_index": 23, "col_index": 11, "tile_id": 464 }, "geometry": { "type": "MultiPolygon", "coordinates": [ [ [ [ 9.523825135272705, 62.88312643464949 ], [ 9.526585198793962, 62.881878406171047 ], [ 9.526849385416545, 62.881504862703004 ], [ 9.526851525711074, 62.88122326204148 ], [ 9.525196492334059, 62.881008801053262 ], [ 9.524534693926283, 62.881186866971667 ], [ 9.524634953712029, 62.881368781917281 ], [ 9.524199403164994, 62.881564117155698 ], [ 9.524061027290715, 62.882095548560251 ], [ 9.523770447766454, 62.882252521559572 ], [ 9.523760512439269, 62.882470192832734 ], [ 9.523355652074352, 62.88260354485061 ], [ 9.523015645289412, 62.882969989968259 ], [ 9.523098007506574, 62.883195936522753 ], [ 9.523825135272705, 62.88312643464949 ] ] ] ] } },
{ "type": "Feature", "properties": { "fid": 158797, "navn": null, "hoyde_moh": 929, "arealInnsjo_km2": 0.016, "magasinKategori": null, "fid_2": 464, "id": 464, "left": 9.486919847, "top": 62.946110046000001, "right": 9.986919847, "bottom": 62.446110046000001, "row_index": 23, "col_index": 11, "tile_id": 464 }, "geometry": { "type": "MultiPolygon", "coordinates": [ [ [ [ 9.554561918918811, 62.835243535501014 ], [ 9.554943996246918, 62.835245571466544 ], [ 9.555249821969564, 62.835540905174533 ], [ 9.555781122558273, 62.835700991297095 ], [ 9.556043527874042, 62.835654198491447 ], [ 9.556004670039371, 62.835410522681585 ], [ 9.554612358610399, 62.834545079726233 ], [ 9.553902928475342, 62.834386179701106 ], [ 9.553752728914803, 62.834495545145543 ], [ 9.553899803212545, 62.8346725048211 ], [ 9.553831196606328, 62.834834350564719 ], [ 9.553316844000054, 62.834979808610029 ], [ 9.552854432651946, 62.834860181447425 ], [ 9.55249789940901, 62.835086452050248 ], [ 9.553062197243788, 62.835534275669204 ], [ 9.552455395081243, 62.835887178056502 ], [ 9.552877671597104, 62.836240130213042 ], [ 9.553171201482133, 62.836256914624592 ], [ 9.554561918918811, 62.835243535501014 ] ] ] ] } },
{ "type": "Feature", "properties": { "fid": 158798, "navn": null, "hoyde_moh": 841, "arealInnsjo_km2": 0.0081, "magasinKategori": null, "fid_2": 464, "id": 464, "left": 9.486919847, "top": 62.946110046000001, "right": 9.986919847, "bottom": 62.446110046000001, "row_index": 23, "col_index": 11, "tile_id": 464 }, "geometry": { "type": "MultiPolygon", "coordinates": [ [ [ [ 9.62418063571984, 62.843083641207166 ], [ 9.624605104731287, 62.842915952705674 ], [ 9.624682052621912, 62.84272479661805 ], [ 9.624585156668497, 62.842536886578635 ], [ 9.623680824226073, 62.84233859182558 ], [ 9.622367275047402, 62.842550351706237 ], [ 9.622355778009858, 62.84272160595917 ], [ 9.622674912173398, 62.843029968803599 ], [ 9.62418063571984, 62.843083641207166 ] ] ] ] } },
{ "type": "Feature", "properties": { "fid": 158813, "navn": null, "hoyde_moh": 718, "arealInnsjo_km2": 0.0036, "magasinKategori": null, "fid_2": 464, "id": 464, "left": 9.486919847, "top": 62.946110046000001, "right": 9.986919847, "bottom": 62.446110046000001, "row_index": 23, "col_index": 11, "tile_id": 464 }, "geometry": { "type": "MultiPolygon", "coordinates": [ [ [ [ 9.568026095683335, 62.930538899814067 ], [ 9.567727489794622, 62.930412548516799 ], [ 9.568187914957926, 62.930406647358694 ], [ 9.568182046198432, 62.930015229270232 ], [ 9.56757815149834, 62.929749669691311 ], [ 9.567243764453488, 62.929819107102624 ], [ 9.567234877000118, 62.93047795007908 ], [ 9.568026095683335, 62.930538899814067 ] ] ] ] } },
{ "type": "Feature", "properties": { "fid": 158815, "navn": null, "hoyde_moh": 677, "arealInnsjo_km2": 0.0035, "magasinKategori": null, "fid_2": 464, "id": 464, "left": 9.486919847, "top": 62.946110046000001, "right": 9.986919847, "bottom": 62.446110046000001, "row_index": 23, "col_index": 11, "tile_id": 464 }, "geometry": { "type": "MultiPolygon", "coordinates": [ [ [ [ 9.607881054501153, 62.917953700564283 ], [ 9.607559751037561, 62.917642990402065 ], [ 9.607209607222503, 62.917636502698038 ], [ 9.606553726493566, 62.918060317689289 ], [ 9.606752551778193, 62.918244133351202 ], [ 9.607174951525124, 62.918166012632618 ], [ 9.607597216113748, 62.918342370866974 ], [ 9.607881054501153, 62.917953700564283 ] ] ] ] } },
{ "type": "Feature", "properties": { "fid": 158816, "navn": null, "hoyde_moh": 641, "arealInnsjo_km2": 0.0069, "magasinKategori": null, "fid_2": 464, "id": 464, "left": 9.486919847, "top": 62.946110046000001, "right": 9.986919847, "bottom": 62.446110046000001, "row_index": 23, "col_index": 11, "tile_id": 464 }, "geometry": { "type": "MultiPolygon", "coordinates": [ [ [ [ 9.611408135998499, 62.923184329408265 ], [ 9.611637113721262, 62.922600528422585 ], [ 9.61106415478071, 62.922435872782259 ], [ 9.610426429349474, 62.922504861797634 ], [ 9.609667127653267, 62.92313062443727 ], [ 9.610921663358223, 62.923353778331567 ], [ 9.611408135998499, 62.923184329408265 ] ] ] ] } },
{ "type": "Feature", "properties": { "fid": 158817, "navn": null, "hoyde_moh": 689, "arealInnsjo_km2": 0.0136, "magasinKategori": null, "fid_2": 464, "id": 464, "left": 9.486919847, "top": 62.946110046000001, "right": 9.986919847, "bottom": 62.446110046000001, "row_index": 23, "col_index": 11, "tile_id": 464 }, "geometry": { "type": "MultiPolygon", "coordinates": [ [ [ [ 9.568998268448516, 62.921877418696944 ], [ 9.569138372985952, 62.921283484248015 ], [ 9.56895873690519, 62.920956004020809 ], [ 9.56775357914117, 62.920733649752862 ], [ 9.56734659265117, 62.920806581632831 ], [ 9.566989763604397, 62.921115336022609 ], [ 9.567384053442993, 62.921502940145871 ], [ 9.567125898396194, 62.921757639471096 ], [ 9.567359955504488, 62.921827148383514 ], [ 9.567252150212781, 62.921972822533149 ], [ 9.567900359217383, 62.922252967302647 ], [ 9.568998268448516, 62.921877418696944 ] ] ] ] } },
{ "type": "Feature", "properties": { "fid": 158828, "navn": null, "hoyde_moh": 472, "arealInnsjo_km2": 0.0032, "magasinKategori": null, "fid_2": 464, "id": 464, "left": 9.486919847, "top": 62.946110046000001, "right": 9.986919847, "bottom": 62.446110046000001, "row_index": 23, "col_index": 11, "tile_id": 464 }, "geometry": { "type": "MultiPolygon", "coordinates": [ [ [ [ 9.677186793993089, 62.937592879637542 ], [ 9.676282160932825, 62.937419749843173 ], [ 9.67586202469275, 62.937605424541871 ], [ 9.67576095433064, 62.937904391864933 ], [ 9.676738415015995, 62.937945575138528 ], [ 9.677186793993089, 62.937592879637542 ] ] ] ] } },
{ "type": "Feature", "properties": { "fid": 158844, "navn": null, "hoyde_moh": 908, "arealInnsjo_km2": 0.0033, "magasinKategori": null, "fid_2": 464, "id": 464, "left": 9.486919847, "top": 62.946110046000001, "right": 9.986919847, "bottom": 62.446110046000001, "row_index": 23, "col_index": 11, "tile_id": 464 }, "geometry": { "type": "MultiPolygon", "coordinates": [ [ [ [ 9.569278664833982, 62.835813231860243 ], [ 9.569218344536527, 62.83550303930533 ], [ 9.568419114986158, 62.835508756669562 ], [ 9.568541371702899, 62.836246913976751 ], [ 9.568891322373574, 62.836334330640099 ], [ 9.569278664833982, 62.835813231860243 ] ] ] ] } },
{ "type": "Feature", "properties": { "fid": 158845, "navn": null, "hoyde_moh": 862, "arealInnsjo_km2": 0.0062, "magasinKategori": null, "fid_2": 464, "id": 464, "left": 9.486919847, "top": 62.946110046000001, "right": 9.986919847, "bottom": 62.446110046000001, "row_index": 23, "col_index": 11, "tile_id": 464 }, "geometry": { "type": "MultiPolygon", "coordinates": [ [ [ [ 9.568825303226308, 62.84590999562019 ], [ 9.567423661121719, 62.845280751475009 ], [ 9.566917165702909, 62.845382110761093 ], [ 9.567180881321939, 62.846148507979535 ], [ 9.568244192074516, 62.846222924191906 ], [ 9.568825303226308, 62.84590999562019 ] ] ] ] } },
{ "type": "Feature", "properties": { "fid": 158846, "navn": null, "hoyde_moh": 922, "arealInnsjo_km2": 0.0036, "magasinKategori": null, "fid_2": 464, "id": 464, "left": 9.486919847, "top": 62.946110046000001, "right": 9.986919847, "bottom": 62.446110046000001, "row_index": 23, "col_index": 11, "tile_id": 464 }, "geometry": { "type": "MultiPolygon", "coordinates": [ [ [ [ 9.520280168500236, 62.847944255080478 ], [ 9.519525296857005, 62.847365743178578 ], [ 9.518837590199855, 62.847350159993425 ], [ 9.519355632919913, 62.848013571519509 ], [ 9.520280168500236, 62.847944255080478 ] ] ] ] } },
{ "type": "Feature", "properties": { "fid": 158862, "navn": null, "hoyde_moh": 831, "arealInnsjo_km2": 0.0302, "magasinKategori": null, "fid_2": 464, "id": 464, "left": 9.486919847, "top": 62.946110046000001, "right": 9.986919847, "bottom": 62.446110046000001, "row_index": 23, "col_index": 11, "tile_id": 464 }, "geometry": { "type": "MultiPolygon", "coordinates": [ [ [ [ 9.488764689238053, 62.894922011780153 ], [ 9.48945032430907, 62.894990188197255 ], [ 9.491725593556682, 62.894411627396771 ], [ 9.493043352373133, 62.894690839360152 ], [ 9.493073380928903, 62.894489250032358 ], [ 9.492843124640666, 62.894204389954936 ], [ 9.493646881475829, 62.893616137761008 ], [ 9.49255754410679, 62.893430384072857 ], [ 9.492265694110229, 62.893070392117551 ], [ 9.491662758060196, 62.892957048713747 ], [ 9.49152167017367, 62.893414472005389 ], [ 9.490609194157694, 62.893546753593562 ], [ 9.489035244407374, 62.894362835401111 ], [ 9.487536930317461, 62.894717025318478 ], [ 9.487528676347086, 62.895077235195714 ], [ 9.488764689238053, 62.894922011780153 ] ] ] ] } },
{ "type": "Feature", "properties": { "fid": 158869, "navn": null, "hoyde_moh": 639, "arealInnsjo_km2": 0.0039, "magasinKategori": null, "fid_2": 464, "id": 464, "left": 9.486919847, "top": 62.946110046000001, "right": 9.986919847, "bottom": 62.446110046000001, "row_index": 23, "col_index": 11, "tile_id": 464 }, "geometry": { "type": "MultiPolygon", "coordinates": [ [ [ [ 9.56808288338271, 62.902557606480009 ], [ 9.56818727167737, 62.902362936640614 ], [ 9.568758610502782, 62.902099274609256 ], [ 9.568332857244135, 62.901953698616268 ], [ 9.567841370955106, 62.902254819176576 ], [ 9.56634241196554, 62.90253421565528 ], [ 9.566908270129288, 62.902662621068458 ], [ 9.56808288338271, 62.902557606480009 ] ] ] ] } },
{ "type": "Feature", "properties": { "fid": 158870, "navn": null, "hoyde_moh": 709, "arealInnsjo_km2": 0.0068, "magasinKategori": null, "fid_2": 464, "id": 464, "left": 9.486919847, "top": 62.946110046000001, "right": 9.986919847, "bottom": 62.446110046000001, "row_index": 23, "col_index": 11, "tile_id": 464 }, "geometry": { "type": "MultiPolygon", "coordinates": [ [ [ [ 9.668198814477723, 62.910739417764944 ], [ 9.66843500894797, 62.910175178515956 ], [ 9.668734339635774, 62.910258595388164 ], [ 9.668640937147448, 62.910479922848118 ], [ 9.669020990386381, 62.910441951599744 ], [ 9.669441439113415, 62.910026233787463 ], [ 9.669446445039027, 62.90961637363651 ], [ 9.669981355462246, 62.909242693343465 ], [ 9.669470114942488, 62.909262199763894 ], [ 9.668940228932138, 62.909784809632576 ], [ 9.667859206401207, 62.910273847536885 ], [ 9.667771945205601, 62.910541568358184 ], [ 9.667394561020314, 62.910825829775789 ], [ 9.667654517608838, 62.910932591922716 ], [ 9.668198814477723, 62.910739417764944 ] ] ] ] } },
{ "type": "Feature", "properties": { "fid": 158877, "navn": null, "hoyde_moh": 723, "arealInnsjo_km2": 0.0038, "magasinKategori": null, "fid_2": 464, "id": 464, "left": 9.486919847, "top": 62.946110046000001, "right": 9.986919847, "bottom": 62.446110046000001, "row_index": 23, "col_index": 11, "tile_id": 464 }, "geometry": { "type": "MultiPolygon", "coordinates": [ [ [ [ 9.828954169358543, 62.942141932027752 ], [ 9.828457211414401, 62.941906592081303 ], [ 9.82872513447872, 62.941796590348716 ], [ 9.828692509170045, 62.941551217191467 ], [ 9.828485885790236, 62.941456541174098 ], [ 9.827920678306645, 62.942160577189028 ], [ 9.828131875387665, 62.942443726699892 ], [ 9.828621184373395, 62.942566055868134 ], [ 9.828954169358543, 62.942141932027752 ] ] ] ] } },
{ "type": "Feature", "properties": { "fid": 158906, "navn": null, "hoyde_moh": 696, "arealInnsjo_km2": 0.0034, "magasinKategori": null, "fid_2": 464, "id": 464, "left": 9.486919847, "top": 62.946110046000001, "right": 9.986919847, "bottom": 62.446110046000001, "row_index": 23, "col_index": 11, "tile_id": 464 }, "geometry": { "type": "MultiPolygon", "coordinates": [ [ [ [ 9.77837266541006, 62.843424211085107 ], [ 9.777687138599246, 62.843226702420061 ], [ 9.7767943586986, 62.843203861289247 ], [ 9.776866261421731, 62.84356417862989 ], [ 9.777783527522068, 62.843781371768429 ], [ 9.77837266541006, 62.843424211085107 ] ] ] ] } },
{ "type": "Feature", "properties": { "fid": 158908, "navn": null, "hoyde_moh": 837, "arealInnsjo_km2": 0.0051, "magasinKategori": null, "fid_2": 464, "id": 464, "left": 9.486919847, "top": 62.946110046000001, "right": 9.986919847, "bottom": 62.446110046000001, "row_index": 23, "col_index": 11, "tile_id": 464 }, "geometry": { "type": "MultiPolygon", "coordinates": [ [ [ [ 9.629662716402091, 62.842621765735707 ], [ 9.629525522098229, 62.842349442269906 ], [ 9.628421698733181, 62.842168567802908 ], [ 9.627960605037076, 62.84262579132912 ], [ 9.62905250126455, 62.842922474893989 ], [ 9.629662716402091, 62.842621765735707 ] ] ] ] } },
{ "type": "Feature", "properties": { "fid": 158909, "navn": null, "hoyde_moh": 837, "arealInnsjo_km2": 0.0049, "magasinKategori": null, "fid_2": 464, "id": 464, "left": 9.486919847, "top": 62.946110046000001, "right": 9.986919847, "bottom": 62.446110046000001, "row_index": 23, "col_index": 11, "tile_id": 464 }, "geometry": { "type": "MultiPolygon", "coordinates": [ [ [ [ 9.633607067180531, 62.842952207206487 ], [ 9.633520822864259, 62.842754183572097 ], [ 9.63372188708326, 62.842544999427851 ], [ 9.632658232342981, 62.842403757682469 ], [ 9.631928692100328, 62.842842546374804 ], [ 9.633280886366972, 62.843102709929418 ], [ 9.633607067180531, 62.842952207206487 ] ] ] ] } },
{ "type": "Feature", "properties": { "fid": 158910, "navn": null, "hoyde_moh": 842, "arealInnsjo_km2": 0.0039, "magasinKategori": null, "fid_2": 464, "id": 464, "left": 9.486919847, "top": 62.946110046000001, "right": 9.986919847, "bottom": 62.446110046000001, "row_index": 23, "col_index": 11, "tile_id": 464 }, "geometry": { "type": "MultiPolygon", "coordinates": [ [ [ [ 9.626698077459043, 62.842445042909965 ], [ 9.626238109742895, 62.842094948133266 ], [ 9.625820883256171, 62.842054419851436 ], [ 9.625572955875741, 62.842267650280881 ], [ 9.625617567101353, 62.842747544317639 ], [ 9.626165010729347, 62.842873682237602 ], [ 9.626698077459043, 62.842445042909965 ] ] ] ] } },
{ "type": "Feature", "properties": { "fid": 158911, "navn": "Storholttjønna", "hoyde_moh": 826, "arealInnsjo_km2": 0.0096, "magasinKategori": null, "fid_2": 464, "id": 464, "left": 9.486919847, "top": 62.946110046000001, "right": 9.986919847, "bottom": 62.446110046000001, "row_index": 23, "col_index": 11, "tile_id": 464 }, "geometry": { "type": "MultiPolygon", "coordinates": [ [ [ [ 9.639544190512579, 62.84296832741061 ], [ 9.640371083071647, 62.842478775768349 ], [ 9.640530420750297, 62.842162528802334 ], [ 9.640101935656661, 62.842052055553722 ], [ 9.638730246640902, 62.842495617869211 ], [ 9.637575395569934, 62.843286510151202 ], [ 9.638094833584519, 62.843487568246175 ], [ 9.639544190512579, 62.84296832741061 ] ] ] ] } },
{ "type": "Feature", "properties": { "fid": 158913, "navn": null, "hoyde_moh": 651, "arealInnsjo_km2": 0.0047, "magasinKategori": null, "fid_2": 464, "id": 464, "left": 9.486919847, "top": 62.946110046000001, "right": 9.986919847, "bottom": 62.446110046000001, "row_index": 23, "col_index": 11, "tile_id": 464 }, "geometry": { "type": "MultiPolygon", "coordinates": [ [ [ [ 9.742633138971627, 62.860234871606551 ], [ 9.742683658021502, 62.859866239136018 ], [ 9.742136529052816, 62.859706669081994 ], [ 9.741580365829094, 62.859827124981969 ], [ 9.741675667696494, 62.860574344840572 ], [ 9.742012411958141, 62.8606538850918 ], [ 9.742633138971627, 62.860234871606551 ] ] ] ] } },
{ "type": "Feature", "properties": { "fid": 158915, "navn": null, "hoyde_moh": 709, "arealInnsjo_km2": 0.0025, "magasinKategori": null, "fid_2": 464, "id": 464, "left": 9.486919847, "top": 62.946110046000001, "right": 9.986919847, "bottom": 62.446110046000001, "row_index": 23, "col_index": 11, "tile_id": 464 }, "geometry": { "type": "MultiPolygon", "coordinates": [ [ [ [ 9.667259686310025, 62.910368376116288 ], [ 9.667505583660372, 62.910069324400688 ], [ 9.667981072880266, 62.910043610949678 ], [ 9.667558464692853, 62.909821356789649 ], [ 9.667251569651135, 62.910138972857446 ], [ 9.666051361555589, 62.91052710976232 ], [ 9.66599047641996, 62.910694419251733 ], [ 9.666413338890733, 62.910693350784747 ], [ 9.667259686310025, 62.910368376116288 ] ] ] ] } },
{ "type": "Feature", "properties": { "fid": 158916, "navn": null, "hoyde_moh": 454, "arealInnsjo_km2": 0.0031, "magasinKategori": null, "fid_2": 464, "id": 464, "left": 9.486919847, "top": 62.946110046000001, "right": 9.986919847, "bottom": 62.446110046000001, "row_index": 23, "col_index": 11, "tile_id": 464 }, "geometry": { "type": "MultiPolygon", "coordinates": [ [ [ [ 9.692051893155183, 62.921315590368444 ], [ 9.692398487960588, 62.921057908736756 ], [ 9.691048844056171, 62.921064958598038 ], [ 9.690693256135683, 62.921249233821946 ], [ 9.691374276926991, 62.921498161191934 ], [ 9.692051893155183, 62.921315590368444 ] ] ] ] } },
{ "type": "Feature", "properties": { "fid": 158917, "navn": "Savaltjønna", "hoyde_moh": 724, "arealInnsjo_km2": 0.0139, "magasinKategori": null, "fid_2": 464, "id": 464, "left": 9.486919847, "top": 62.946110046000001, "right": 9.986919847, "bottom": 62.446110046000001, "row_index": 23, "col_index": 11, "tile_id": 464 }, "geometry": { "type": "MultiPolygon", "coordinates": [ [ [ [ 9.847374196453009, 62.927232729514785 ], [ 9.84730962129699, 62.926653586098574 ], [ 9.847059406663496, 62.926299044681855 ], [ 9.845788182138186, 62.925866645146144 ], [ 9.844739389141704, 62.92610543810499 ], [ 9.844511395696076, 62.926328306691801 ], [ 9.844603825510593, 62.9266348815719 ], [ 9.843954312198697, 62.926831249053201 ], [ 9.84434202526816, 62.926956556107505 ], [ 9.845401553415938, 62.92661784449249 ], [ 9.846155753774729, 62.927015848645773 ], [ 9.846674526953914, 62.927031507620043 ], [ 9.847258888569106, 62.927318027322841 ], [ 9.847374196453009, 62.927232729514785 ] ] ] ] } },
{ "type": "Feature", "properties": { "fid": 158919, "navn": null, "hoyde_moh": 1060, "arealInnsjo_km2": 0.0011, "magasinKategori": null, "fid_2": 464, "id": 464, "left": 9.486919847, "top": 62.946110046000001, "right": 9.986919847, "bottom": 62.446110046000001, "row_index": 23, "col_index": 11, "tile_id": 464 }, "geometry": { "type": "MultiPolygon", "coordinates": [ [ [ [ 9.931406022703774, 62.941214373089068 ], [ 9.931441721178272, 62.941149716666949 ], [ 9.931037566237739, 62.941099099944893 ], [ 9.930391496086072, 62.941391251210689 ], [ 9.93067675059085, 62.941501192923489 ], [ 9.931406022703774, 62.941214373089068 ] ] ] ] } },
{ "type": "Feature", "properties": { "fid": 158944, "navn": null, "hoyde_moh": 720, "arealInnsjo_km2": 0.0111, "magasinKategori": null, "fid_2": 464, "id": 464, "left": 9.486919847, "top": 62.946110046000001, "right": 9.986919847, "bottom": 62.446110046000001, "row_index": 23, "col_index": 11, "tile_id": 464 }, "geometry": { "type": "MultiPolygon", "coordinates": [ [ [ [ 9.523678838072028, 62.885761914341508 ], [ 9.524822809624984, 62.885679031606287 ], [ 9.525116190331474, 62.885461868022645 ], [ 9.52355129727119, 62.885058314375257 ], [ 9.522485954743626, 62.885185827130698 ], [ 9.522455587465544, 62.885509527027892 ], [ 9.522171428253895, 62.885577112738346 ], [ 9.522446110791069, 62.885950314643949 ], [ 9.522193925808255, 62.886066213649855 ], [ 9.523029376265463, 62.886154915588399 ], [ 9.523678838072028, 62.885761914341508 ] ] ] ] } },
{ "type": "Feature", "properties": { "fid": 158945, "navn": null, "hoyde_moh": 831, "arealInnsjo_km2": 0.0054, "magasinKategori": null, "fid_2": 464, "id": 464, "left": 9.486919847, "top": 62.946110046000001, "right": 9.986919847, "bottom": 62.446110046000001, "row_index": 23, "col_index": 11, "tile_id": 464 }, "geometry": { "type": "MultiPolygon", "coordinates": [ [ [ [ 9.488939622272429, 62.893875347732838 ], [ 9.489508967227829, 62.893560434980671 ], [ 9.489601757600512, 62.893360855013867 ], [ 9.489264616441208, 62.893181957389793 ], [ 9.488654937996735, 62.893258502915337 ], [ 9.488088345923201, 62.893398473495417 ], [ 9.487653409324787, 62.893714959454009 ], [ 9.488243380196582, 62.894001958606928 ], [ 9.488939622272429, 62.893875347732838 ] ] ] ] } },
{ "type": "Feature", "properties": { "fid": 158946, "navn": null, "hoyde_moh": 652, "arealInnsjo_km2": 0.0047, "magasinKategori": null, "fid_2": 464, "id": 464, "left": 9.486919847, "top": 62.946110046000001, "right": 9.986919847, "bottom": 62.446110046000001, "row_index": 23, "col_index": 11, "tile_id": 464 }, "geometry": { "type": "MultiPolygon", "coordinates": [ [ [ [ 9.580897938880975, 62.897961020553531 ], [ 9.581367795304345, 62.897785193025214 ], [ 9.581212100469779, 62.897443442094868 ], [ 9.580833114651284, 62.897385196092173 ], [ 9.578959803010035, 62.897985057071509 ], [ 9.57926042156441, 62.898110750280104 ], [ 9.580897938880975, 62.897961020553531 ] ] ] ] } },
{ "type": "Feature", "properties": { "fid": 158948, "navn": null, "hoyde_moh": 826, "arealInnsjo_km2": 0.0151, "magasinKategori": null, "fid_2": 464, "id": 464, "left": 9.486919847, "top": 62.946110046000001, "right": 9.986919847, "bottom": 62.446110046000001, "row_index": 23, "col_index": 11, "tile_id": 464 }, "geometry": { "type": "MultiPolygon", "coordinates": [ [ [ [ 9.592780246179693, 62.841329383919103 ], [ 9.59358296096204, 62.841056480010465 ], [ 9.593645055016834, 62.840742918394874 ], [ 9.592923560202385, 62.840609228474698 ], [ 9.592687451131606, 62.84011914695207 ], [ 9.592174672475172, 62.839971440325947 ], [ 9.591322114050305, 62.840026712046132 ], [ 9.591008972875542, 62.8403382548032 ], [ 9.591235316393414, 62.841205918852431 ], [ 9.591901916603307, 62.84139716653668 ], [ 9.592780246179693, 62.841329383919103 ] ] ] ] } },
{ "type": "Feature", "properties": { "fid": 158949, "navn": null, "hoyde_moh": 840, "arealInnsjo_km2": 0.0137, "magasinKategori": null, "fid_2": 464, "id": 464, "left": 9.486919847, "top": 62.946110046000001, "right": 9.986919847, "bottom": 62.446110046000001, "row_index": 23, "col_index": 11, "tile_id": 464 }, "geometry": { "type": "MultiPolygon", "coordinates": [ [ [ [ 9.648987154167719, 62.848103454038394 ], [ 9.648810879003745, 62.84770854787098 ], [ 9.649520610606265, 62.847395978517255 ], [ 9.649601369717008, 62.846886144086653 ], [ 9.649039849251045, 62.846671111821394 ], [ 9.648119750363396, 62.846889189745411 ], [ 9.647846003397287, 62.847569571186234 ], [ 9.647140796285067, 62.848268428267609 ], [ 9.647937741065922, 62.848502334490526 ], [ 9.648987154167719, 62.848103454038394 ] ] ] ] } },
{ "type": "Feature", "properties": { "fid": 158950, "navn": null, "hoyde_moh": 773, "arealInnsjo_km2": 0.0032, "magasinKategori": null, "fid_2": 464, "id": 464, "left": 9.486919847, "top": 62.946110046000001, "right": 9.986919847, "bottom": 62.446110046000001, "row_index": 23, "col_index": 11, "tile_id": 464 }, "geometry": { "type": "MultiPolygon", "coordinates": [ [ [ [ 9.921146291549961, 62.871231650119512 ], [ 9.921316034475934, 62.870977342828937 ], [ 9.920712380432903, 62.870531640916695 ], [ 9.920397906262831, 62.870660440894859 ], [ 9.920274194966693, 62.870894639484888 ], [ 9.920319239973816, 62.87115886411226 ], [ 9.921146291549961, 62.871231650119512 ] ] ] ] } },
{ "type": "Feature", "properties": { "fid": 158965, "navn": null, "hoyde_moh": 730, "arealInnsjo_km2": 0.0032, "magasinKategori": null, "fid_2": 464, "id": 464, "left": 9.486919847, "top": 62.946110046000001, "right": 9.986919847, "bottom": 62.446110046000001, "row_index": 23, "col_index": 11, "tile_id": 464 }, "geometry": { "type": "MultiPolygon", "coordinates": [ [ [ [ 9.576577048965209, 62.929744518850342 ], [ 9.576785514613094, 62.929654370549436 ], [ 9.575786247993022, 62.929379105319939 ], [ 9.574568088881453, 62.929649288472405 ], [ 9.575098446099419, 62.929775106766769 ], [ 9.576577048965209, 62.929744518850342 ] ] ] ] } },
{ "type": "Feature", "properties": { "fid": 158992, "navn": null, "hoyde_moh": 651, "arealInnsjo_km2": 0.0055, "magasinKategori": null, "fid_2": 464, "id": 464, "left": 9.486919847, "top": 62.946110046000001, "right": 9.986919847, "bottom": 62.446110046000001, "row_index": 23, "col_index": 11, "tile_id": 464 }, "geometry": { "type": "MultiPolygon", "coordinates": [ [ [ [ 9.85005316202561, 62.90756173001467 ], [ 9.850460601477515, 62.907662197678313 ], [ 9.850977515865139, 62.907448725923622 ], [ 9.851098894657474, 62.907200539318424 ], [ 9.850565501671232, 62.906886471279435 ], [ 9.849936751378959, 62.906891353513338 ], [ 9.849282027662362, 62.907543855734161 ], [ 9.84955427285524, 62.90774445973463 ], [ 9.85005316202561, 62.90756173001467 ] ] ] ] } },
{ "type": "Feature", "properties": { "fid": 158993, "navn": null, "hoyde_moh": 736, "arealInnsjo_km2": 0.0035, "magasinKategori": null, "fid_2": 464, "id": 464, "left": 9.486919847, "top": 62.946110046000001, "right": 9.986919847, "bottom": 62.446110046000001, "row_index": 23, "col_index": 11, "tile_id": 464 }, "geometry": { "type": "MultiPolygon", "coordinates": [ [ [ [ 9.976714076168788, 62.860277857555587 ], [ 9.976557251392343, 62.859851615579267 ], [ 9.976217048889238, 62.859626890628363 ], [ 9.975485417602943, 62.859935383467551 ], [ 9.975780065727038, 62.860308800264434 ], [ 9.976714076168788, 62.860277857555587 ] ] ] ] } },
{ "type": "Feature", "properties": { "fid": 158995, "navn": null, "hoyde_moh": 800, "arealInnsjo_km2": 0.0064, "magasinKategori": null, "fid_2": 464, "id": 464, "left": 9.486919847, "top": 62.946110046000001, "right": 9.986919847, "bottom": 62.446110046000001, "row_index": 23, "col_index": 11, "tile_id": 464 }, "geometry": { "type": "MultiPolygon", "coordinates": [ [ [ [ 9.882673789902393, 62.875011249790241 ], [ 9.883014475953418, 62.874563118875152 ], [ 9.882145510671107, 62.87393907957361 ], [ 9.881387931820973, 62.874773996150118 ], [ 9.881493600364873, 62.874998255666611 ], [ 9.882673789902393, 62.875011249790241 ] ] ] ] } },
{ "type": "Feature", "properties": { "fid": 158999, "navn": "Småtjønnin", "hoyde_moh": 927, "arealInnsjo_km2": 0.0086, "magasinKategori": null, "fid_2": 464, "id": 464, "left": 9.486919847, "top": 62.946110046000001, "right": 9.986919847, "bottom": 62.446110046000001, "row_index": 23, "col_index": 11, "tile_id": 464 }, "geometry": { "type": "MultiPolygon", "coordinates": [ [ [ [ 9.935251715341625, 62.920151545413262 ], [ 9.935533308158766, 62.919806152903284 ], [ 9.936166271972983, 62.919528453847136 ], [ 9.93541593485255, 62.919510640132088 ], [ 9.93429494987743, 62.919212754902674 ], [ 9.933832134099317, 62.919336259520961 ], [ 9.933716032094427, 62.919560040739768 ], [ 9.933985954981452, 62.919856546584803 ], [ 9.933955929402252, 62.920025400927265 ], [ 9.934471024716656, 62.920291864558699 ], [ 9.935251715341625, 62.920151545413262 ] ] ] ] } },
{ "type": "Feature", "properties": { "fid": 159000, "navn": null, "hoyde_moh": 651, "arealInnsjo_km2": 0.0086, "magasinKategori": null, "fid_2": 464, "id": 464, "left": 9.486919847, "top": 62.946110046000001, "right": 9.986919847, "bottom": 62.446110046000001, "row_index": 23, "col_index": 11, "tile_id": 464 }, "geometry": { "type": "MultiPolygon", "coordinates": [ [ [ [ 9.833448110176965, 62.92997207945043 ], [ 9.83342532127803, 62.929792655935586 ], [ 9.833719369155538, 62.929440152192903 ], [ 9.833641506383124, 62.929303152483662 ], [ 9.832607997611825, 62.928707783899725 ], [ 9.831988594780213, 62.928880463209914 ], [ 9.831949677235952, 62.929257082760266 ], [ 9.83217744693796, 62.929639441554627 ], [ 9.83312692068516, 62.930116119659012 ], [ 9.833448110176965, 62.92997207945043 ] ] ] ] } },
{ "type": "Feature", "properties": { "fid": 159021, "navn": null, "hoyde_moh": 833, "arealInnsjo_km2": 0.0055, "magasinKategori": null, "fid_2": 464, "id": 464, "left": 9.486919847, "top": 62.946110046000001, "right": 9.986919847, "bottom": 62.446110046000001, "row_index": 23, "col_index": 11, "tile_id": 464 }, "geometry": { "type": "MultiPolygon", "coordinates": [ [ [ [ 9.498693511574798, 62.89398032086946 ], [ 9.497643300243945, 62.893415089240001 ], [ 9.4969386937269, 62.893623222265091 ], [ 9.496784262600755, 62.89387817194919 ], [ 9.497059474195025, 62.894149664052989 ], [ 9.497966275111825, 62.894179744204074 ], [ 9.498693511574798, 62.89398032086946 ] ] ] ] } },
{ "type": "Feature", "properties": { "fid": 159022, "navn": null, "hoyde_moh": 831, "arealInnsjo_km2": 0.0056, "magasinKategori": null, "fid_2": 464, "id": 464, "left": 9.486919847, "top": 62.946110046000001, "right": 9.986919847, "bottom": 62.446110046000001, "row_index": 23, "col_index": 11, "tile_id": 464 }, "geometry": { "type": "MultiPolygon", "coordinates": [ [ [ [ 9.500229244687599, 62.89395408030564 ], [ 9.500664403263917, 62.893407805115245 ], [ 9.500314784340434, 62.893204688764897 ], [ 9.499569403656466, 62.893270933944216 ], [ 9.499385101837941, 62.893490788468441 ], [ 9.499503346374944, 62.893671898103179 ], [ 9.499156438610001, 62.893955140302644 ], [ 9.499418763863398, 62.894072767686133 ], [ 9.498987659210389, 62.894179471558786 ], [ 9.499399867649519, 62.89427623247046 ], [ 9.500229244687599, 62.89395408030564 ] ] ] ] } },
{ "type": "Feature", "properties": { "fid": 159024, "navn": null, "hoyde_moh": 891, "arealInnsjo_km2": 0.0027, "magasinKategori": null, "fid_2": 464, "id": 464, "left": 9.486919847, "top": 62.946110046000001, "right": 9.986919847, "bottom": 62.446110046000001, "row_index": 23, "col_index": 11, "tile_id": 464 }, "geometry": { "type": "MultiPolygon", "coordinates": [ [ [ [ 9.576724521269526, 62.835190618963608 ], [ 9.576710550467645, 62.834652565810266 ], [ 9.576454717895015, 62.834606509645639 ], [ 9.576005159304449, 62.834941010418447 ], [ 9.575997096202935, 62.835314880022615 ], [ 9.576330719248162, 62.83540335703011 ], [ 9.576724521269526, 62.835190618963608 ] ] ] ] } },
{ "type": "Feature", "properties": { "fid": 159028, "navn": null, "hoyde_moh": 697, "arealInnsjo_km2": 0.0048, "magasinKategori": null, "fid_2": 464, "id": 464, "left": 9.486919847, "top": 62.946110046000001, "right": 9.986919847, "bottom": 62.446110046000001, "row_index": 23, "col_index": 11, "tile_id": 464 }, "geometry": { "type": "MultiPolygon", "coordinates": [ [ [ [ 9.661060135517802, 62.909422517645588 ], [ 9.66134352476538, 62.909592089910291 ], [ 9.661916890757425, 62.909460331117785 ], [ 9.660754069674068, 62.90926045270016 ], [ 9.659988315605384, 62.909433316798207 ], [ 9.659402650619699, 62.909937311838284 ], [ 9.659739128520441, 62.910057072001209 ], [ 9.661060135517802, 62.909422517645588 ] ] ] ] } },
{ "type": "Feature", "properties": { "fid": 159030, "navn": null, "hoyde_moh": 982, "arealInnsjo_km2": 0.003, "magasinKategori": null, "fid_2": 464, "id": 464, "left": 9.486919847, "top": 62.946110046000001, "right": 9.986919847, "bottom": 62.446110046000001, "row_index": 23, "col_index": 11, "tile_id": 464 }, "geometry": { "type": "MultiPolygon", "coordinates": [ [ [ [ 9.936201405179002, 62.924963749510695 ], [ 9.936379606321502, 62.924586478708285 ], [ 9.935595654210271, 62.924554596285937 ], [ 9.935156116573337, 62.924317485097639 ], [ 9.935218224222998, 62.924717972223497 ], [ 9.9356465938039, 62.924719795788377 ], [ 9.935168552044583, 62.925091498855139 ], [ 9.936201405179002, 62.924963749510695 ] ] ] ] } },
{ "type": "Feature", "properties": { "fid": 159052, "navn": null, "hoyde_moh": 792, "arealInnsjo_km2": 0.0037, "magasinKategori": null, "fid_2": 464, "id": 464, "left": 9.486919847, "top": 62.946110046000001, "right": 9.986919847, "bottom": 62.446110046000001, "row_index": 23, "col_index": 11, "tile_id": 464 }, "geometry": { "type": "MultiPolygon", "coordinates": [ [ [ [ 9.674544846294699, 62.842648457515025 ], [ 9.674656272162991, 62.842534535111334 ], [ 9.673789669273807, 62.842364277752743 ], [ 9.673132707136441, 62.842812403785111 ], [ 9.673195886864304, 62.843048933192527 ], [ 9.673576100146812, 62.843128856924722 ], [ 9.674544846294699, 62.842648457515025 ] ] ] ] } },
{ "type": "Feature", "properties": { "fid": 159053, "navn": null, "hoyde_moh": 695, "arealInnsjo_km2": 0.0053, "magasinKategori": null, "fid_2": 464, "id": 464, "left": 9.486919847, "top": 62.946110046000001, "right": 9.986919847, "bottom": 62.446110046000001, "row_index": 23, "col_index": 11, "tile_id": 464 }, "geometry": { "type": "MultiPolygon", "coordinates": [ [ [ [ 9.753674280489509, 62.854846634584547 ], [ 9.753575769840026, 62.854672903618365 ], [ 9.754222355036303, 62.854352075530329 ], [ 9.753167573793515, 62.85441832958724 ], [ 9.753340294827481, 62.854615345917409 ], [ 9.752547780302015, 62.854759948166333 ], [ 9.752419532769132, 62.854993594257778 ], [ 9.751915793985372, 62.855072766804966 ], [ 9.752014000845474, 62.855227233075006 ], [ 9.752948889707602, 62.855345908677165 ], [ 9.753674280489509, 62.854846634584547 ] ] ] ] } },
{ "type": "Feature", "properties": { "fid": 159054, "navn": null, "hoyde_moh": 867, "arealInnsjo_km2": 0.0051, "magasinKategori": null, "fid_2": 464, "id": 464, "left": 9.486919847, "top": 62.946110046000001, "right": 9.986919847, "bottom": 62.446110046000001, "row_index": 23, "col_index": 11, "tile_id": 464 }, "geometry": { "type": "MultiPolygon", "coordinates": [ [ [ [ 9.569728284874408, 62.848396534131069 ], [ 9.56962162114308, 62.847814217818801 ], [ 9.568933659295066, 62.847363853672988 ], [ 9.568491209776381, 62.847350976915642 ], [ 9.568517794575682, 62.847861535325428 ], [ 9.568945579076575, 62.848351518237862 ], [ 9.569728284874408, 62.848396534131069 ] ] ] ] } },
{ "type": "Feature", "properties": { "fid": 159056, "navn": null, "hoyde_moh": 792, "arealInnsjo_km2": 0.0062, "magasinKategori": null, "fid_2": 464, "id": 464, "left": 9.486919847, "top": 62.946110046000001, "right": 9.986919847, "bottom": 62.446110046000001, "row_index": 23, "col_index": 11, "tile_id": 464 }, "geometry": { "type": "MultiPolygon", "coordinates": [ [ [ [ 9.921897643618335, 62.880151907698085 ], [ 9.92079820007601, 62.879696946218097 ], [ 9.920009017354642, 62.879655579437348 ], [ 9.919799257552725, 62.87985500421307 ], [ 9.920100284363537, 62.880193246661079 ], [ 9.92132928045968, 62.880510212789275 ], [ 9.921897643618335, 62.880151907698085 ] ] ] ] } },
{ "type": "Feature", "properties": { "fid": 159058, "navn": null, "hoyde_moh": 629, "arealInnsjo_km2": 0.0065, "magasinKategori": null, "fid_2": 464, "id": 464, "left": 9.486919847, "top": 62.946110046000001, "right": 9.986919847, "bottom": 62.446110046000001, "row_index": 23, "col_index": 11, "tile_id": 464 }, "geometry": { "type": "MultiPolygon", "coordinates": [ [ [ [ 9.837477550783202, 62.91109880405525 ], [ 9.83772066237651, 62.910883790465263 ], [ 9.837792870942595, 62.910543750337936 ], [ 9.837177176247609, 62.910385764323763 ], [ 9.836255294994857, 62.91062922635178 ], [ 9.836056408958921, 62.910897682024952 ], [ 9.836108273211423, 62.911217622752623 ], [ 9.836578535254517, 62.911361281026373 ], [ 9.837477550783202, 62.91109880405525 ] ] ] ] } },
{ "type": "Feature", "properties": { "fid": 159059, "navn": null, "hoyde_moh": 714, "arealInnsjo_km2": 0.0034, "magasinKategori": null, "fid_2": 464, "id": 464, "left": 9.486919847, "top": 62.946110046000001, "right": 9.986919847, "bottom": 62.446110046000001, "row_index": 23, "col_index": 11, "tile_id": 464 }, "geometry": { "type": "MultiPolygon", "coordinates": [ [ [ [ 9.666716793881017, 62.908936333543608 ], [ 9.666727778066214, 62.908621630685936 ], [ 9.666278590695761, 62.908589757552271 ], [ 9.665514846859104, 62.909061469228895 ], [ 9.665114448253064, 62.909108287422136 ], [ 9.665181220054508, 62.909297263245435 ], [ 9.665339611068088, 62.909167664191919 ], [ 9.66573171908216, 62.909203135192421 ], [ 9.66555701599053, 62.909369189139298 ], [ 9.666716793881017, 62.908936333543608 ] ] ] ] } },
{ "type": "Feature", "properties": { "fid": 159060, "navn": null, "hoyde_moh": 680, "arealInnsjo_km2": 0.007, "magasinKategori": null, "fid_2": 464, "id": 464, "left": 9.486919847, "top": 62.946110046000001, "right": 9.986919847, "bottom": 62.446110046000001, "row_index": 23, "col_index": 11, "tile_id": 464 }, "geometry": { "type": "MultiPolygon", "coordinates": [ [ [ [ 9.589731562802196, 62.920742603034235 ], [ 9.589662925199072, 62.920506442269712 ], [ 9.590006546681263, 62.92023996458628 ], [ 9.590821448641048, 62.920136302857614 ], [ 9.590785726363094, 62.919604713493477 ], [ 9.590194018328505, 62.919590339176452 ], [ 9.590220713824015, 62.919900658397502 ], [ 9.590049662631955, 62.920001530558586 ], [ 9.588947409971782, 62.919931979392679 ], [ 9.588784277464057, 62.920293043935033 ], [ 9.588855393521856, 62.9206470067396 ], [ 9.589233470057863, 62.920795086463727 ], [ 9.589731562802196, 62.920742603034235 ] ] ] ] } },
{ "type": "Feature", "properties": { "fid": 159061, "navn": null, "hoyde_moh": 647, "arealInnsjo_km2": 0.0032, "magasinKategori": null, "fid_2": 464, "id": 464, "left": 9.486919847, "top": 62.946110046000001, "right": 9.986919847, "bottom": 62.446110046000001, "row_index": 23, "col_index": 11, "tile_id": 464 }, "geometry": { "type": "MultiPolygon", "coordinates": [ [ [ [ 9.614071207398032, 62.921343253218787 ], [ 9.613356155840167, 62.921030539350134 ], [ 9.612998155922762, 62.921325853831227 ], [ 9.612966196865685, 62.921556167866306 ], [ 9.613602787120737, 62.921776163578066 ], [ 9.614071207398032, 62.921343253218787 ] ] ] ] } },
{ "type": "Feature", "properties": { "fid": 159086, "navn": "Storbekkøyan", "hoyde_moh": 929, "arealInnsjo_km2": 0.012, "magasinKategori": null, "fid_2": 464, "id": 464, "left": 9.486919847, "top": 62.946110046000001, "right": 9.986919847, "bottom": 62.446110046000001, "row_index": 23, "col_index": 11, "tile_id": 464 }, "geometry": { "type": "MultiPolygon", "coordinates": [ [ [ [ 9.551915249971481, 62.837386831741554 ], [ 9.551892165087038, 62.83648672881138 ], [ 9.551344696067293, 62.836190021370243 ], [ 9.551304000473069, 62.83601583628716 ], [ 9.550728509271485, 62.83588605541479 ], [ 9.551068128422155, 62.835326878917023 ], [ 9.551039596811814, 62.835159285160351 ], [ 9.550795717198543, 62.835076567935864 ], [ 9.55049062570416, 62.835529272238688 ], [ 9.549972638885844, 62.835724883855953 ], [ 9.550664015400255, 62.836404161453174 ], [ 9.550999593692991, 62.836535882935131 ], [ 9.550976364000061, 62.836775532409945 ], [ 9.55052779608817, 62.837204671715703 ], [ 9.550627801543447, 62.837460172181252 ], [ 9.551002767023057, 62.837600351049382 ], [ 9.551915249971481, 62.837386831741554 ] ] ] ] } },
{ "type": "Feature", "properties": { "fid": 159087, "navn": null, "hoyde_moh": 825, "arealInnsjo_km2": 0.0126, "magasinKategori": null, "fid_2": 464, "id": 464, "left": 9.486919847, "top": 62.946110046000001, "right": 9.986919847, "bottom": 62.446110046000001, "row_index": 23, "col_index": 11, "tile_id": 464 }, "geometry": { "type": "MultiPolygon", "coordinates": [ [ [ [ 9.645391278481634, 62.841320818633335 ], [ 9.646944449034901, 62.841086936736787 ], [ 9.647028952923872, 62.840893451029004 ], [ 9.646809204107418, 62.840594786711527 ], [ 9.646058984994577, 62.84057213274351 ], [ 9.643252727030223, 62.841409532748997 ], [ 9.643235550697757, 62.841746320649669 ], [ 9.644239805276401, 62.841872258936597 ], [ 9.645391278481634, 62.841320818633335 ] ] ] ] } },
{ "type": "Feature", "properties": { "fid": 159088, "navn": null, "hoyde_moh": 800, "arealInnsjo_km2": 0.0059, "magasinKategori": null, "fid_2": 464, "id": 464, "left": 9.486919847, "top": 62.946110046000001, "right": 9.986919847, "bottom": 62.446110046000001, "row_index": 23, "col_index": 11, "tile_id": 464 }, "geometry": { "type": "MultiPolygon", "coordinates": [ [ [ [ 9.662143614447066, 62.842241937199802 ], [ 9.662588272196212, 62.842178388011888 ], [ 9.661580370936758, 62.841896773984594 ], [ 9.660787910374943, 62.84209314366165 ], [ 9.660046560359687, 62.84272481177949 ], [ 9.660291721071181, 62.842824024246852 ], [ 9.662143614447066, 62.842241937199802 ] ] ] ] } },
{ "type": "Feature", "properties": { "fid": 159089, "navn": null, "hoyde_moh": 843, "arealInnsjo_km2": 0.0082, "magasinKategori": null, "fid_2": 464, "id": 464, "left": 9.486919847, "top": 62.946110046000001, "right": 9.986919847, "bottom": 62.446110046000001, "row_index": 23, "col_index": 11, "tile_id": 464 }, "geometry": { "type": "MultiPolygon", "coordinates": [ [ [ [ 9.652314370085175, 62.846904764771601 ], [ 9.652630414298695, 62.846307153194353 ], [ 9.653030190812368, 62.846197561583885 ], [ 9.651182867923271, 62.846408620092404 ], [ 9.65012605160447, 62.846902615735537 ], [ 9.650261842679724, 62.847122218893361 ], [ 9.652314370085175, 62.846904764771601 ] ] ] ] } },
{ "type": "Feature", "properties": { "fid": 159090, "navn": null, "hoyde_moh": 600, "arealInnsjo_km2": 0.0017, "magasinKategori": null, "fid_2": 464, "id": 464, "left": 9.486919847, "top": 62.946110046000001, "right": 9.986919847, "bottom": 62.446110046000001, "row_index": 23, "col_index": 11, "tile_id": 464 }, "geometry": { "type": "MultiPolygon", "coordinates": [ [ [ [ 9.698667155458962, 62.853087642809939 ], [ 9.698883173816393, 62.85272372513213 ], [ 9.698504579582165, 62.852656713590179 ], [ 9.698101269764981, 62.852822356628963 ], [ 9.697963883208578, 62.853127064119356 ], [ 9.698667155458962, 62.853087642809939 ] ] ] ] } },
{ "type": "Feature", "properties": { "fid": 159091, "navn": null, "hoyde_moh": 727, "arealInnsjo_km2": 0.0075, "magasinKategori": null, "fid_2": 464, "id": 464, "left": 9.486919847, "top": 62.946110046000001, "right": 9.986919847, "bottom": 62.446110046000001, "row_index": 23, "col_index": 11, "tile_id": 464 }, "geometry": { "type": "MultiPolygon", "coordinates": [ [ [ [ 9.878155852139782, 62.868594838353971 ], [ 9.878247228827149, 62.868315317440178 ], [ 9.877993663977591, 62.86801999195535 ], [ 9.877186440092776, 62.867807593631944 ], [ 9.876027058669528, 62.867957870770091 ], [ 9.876624561419478, 62.86843360847238 ], [ 9.877559362942304, 62.868753667564484 ], [ 9.878155852139782, 62.868594838353971 ] ] ] ] } },
{ "type": "Feature", "properties": { "fid": 159092, "navn": null, "hoyde_moh": 755, "arealInnsjo_km2": 0.0091, "magasinKategori": null, "fid_2": 464, "id": 464, "left": 9.486919847, "top": 62.946110046000001, "right": 9.986919847, "bottom": 62.446110046000001, "row_index": 23, "col_index": 11, "tile_id": 464 }, "geometry": { "type": "MultiPolygon", "coordinates": [ [ [ [ 9.653841920726308, 62.864692147785348 ], [ 9.654593884643981, 62.864229886535114 ], [ 9.654229395684849, 62.863985755399526 ], [ 9.652771448754248, 62.863978526777508 ], [ 9.651915905732336, 62.864319408576407 ], [ 9.652157055850816, 62.864667193992553 ], [ 9.653841920726308, 62.864692147785348 ] ] ] ] } },
{ "type": "Feature", "properties": { "fid": 159093, "navn": null, "hoyde_moh": 738, "arealInnsjo_km2": 0.0027, "magasinKategori": null, "fid_2": 464, "id": 464, "left": 9.486919847, "top": 62.946110046000001, "right": 9.986919847, "bottom": 62.446110046000001, "row_index": 23, "col_index": 11, "tile_id": 464 }, "geometry": { "type": "MultiPolygon", "coordinates": [ [ [ [ 9.907292775307573, 62.874212409040204 ], [ 9.907680287913198, 62.873952956411834 ], [ 9.907149655309958, 62.873696778726718 ], [ 9.906354233502544, 62.873756942087098 ], [ 9.906758002359627, 62.873926752188254 ], [ 9.906704845359979, 62.874084150515323 ], [ 9.906329647469223, 62.874196688125828 ], [ 9.907292775307573, 62.874212409040204 ] ] ] ] } },
{ "type": "Feature", "properties": { "fid": 159094, "navn": null, "hoyde_moh": 588, "arealInnsjo_km2": 0.0063, "magasinKategori": null, "fid_2": 464, "id": 464, "left": 9.486919847, "top": 62.946110046000001, "right": 9.986919847, "bottom": 62.446110046000001, "row_index": 23, "col_index": 11, "tile_id": 464 }, "geometry": { "type": "MultiPolygon", "coordinates": [ [ [ [ 9.684057550805592, 62.866134833895373 ], [ 9.683861694528897, 62.865885017198437 ], [ 9.684067930587121, 62.865758115145269 ], [ 9.683422905198235, 62.865272385202374 ], [ 9.682832427266353, 62.865217116300109 ], [ 9.682073991890126, 62.865480683182852 ], [ 9.682035293769081, 62.865900421998006 ], [ 9.68227750424613, 62.865920653225558 ], [ 9.682515338939419, 62.865666275353909 ], [ 9.683008716665494, 62.865743157130744 ], [ 9.683370820352417, 62.86593663653192 ], [ 9.683309965264055, 62.866197260047549 ], [ 9.684057550805592, 62.866134833895373 ] ] ] ] } },
{ "type": "Feature", "properties": { "fid": 159095, "navn": null, "hoyde_moh": 596, "arealInnsjo_km2": 0.0163, "magasinKategori": null, "fid_2": 464, "id": 464, "left": 9.486919847, "top": 62.946110046000001, "right": 9.986919847, "bottom": 62.446110046000001, "row_index": 23, "col_index": 11, "tile_id": 464 }, "geometry": { "type": "MultiPolygon", "coordinates": [ [ [ [ 9.66523612741492, 62.88656042610647 ], [ 9.66533479198343, 62.886274154286106 ], [ 9.666615706584698, 62.886247242804409 ], [ 9.667782821388885, 62.885832769069317 ], [ 9.667205453518143, 62.885648097425843 ], [ 9.666358675778001, 62.885080677092283 ], [ 9.665573973513627, 62.885140445895253 ], [ 9.664331743745523, 62.886205417132111 ], [ 9.664558969387857, 62.886563171610504 ], [ 9.66523612741492, 62.88656042610647 ] ] ] ] } },
{ "type": "Feature", "properties": { "fid": 159099, "navn": null, "hoyde_moh": 930, "arealInnsjo_km2": 0.0062, "magasinKategori": null, "fid_2": 464, "id": 464, "left": 9.486919847, "top": 62.946110046000001, "right": 9.986919847, "bottom": 62.446110046000001, "row_index": 23, "col_index": 11, "tile_id": 464 }, "geometry": { "type": "MultiPolygon", "coordinates": [ [ [ [ 9.939089722816215, 62.919303959411465 ], [ 9.939695115432682, 62.919027953351595 ], [ 9.939657901998054, 62.918874583910707 ], [ 9.940196074169073, 62.9188537144245 ], [ 9.939870674684464, 62.918616400578586 ], [ 9.938796634177555, 62.918553594414256 ], [ 9.938115732746871, 62.918982062445842 ], [ 9.938123655694731, 62.919163256509741 ], [ 9.937871677063857, 62.91920538387275 ], [ 9.939089722816215, 62.919303959411465 ] ] ] ] } },
{ "type": "Feature", "properties": { "fid": 159101, "navn": null, "hoyde_moh": 1022, "arealInnsjo_km2": 0.0055, "magasinKategori": null, "fid_2": 464, "id": 464, "left": 9.486919847, "top": 62.946110046000001, "right": 9.986919847, "bottom": 62.446110046000001, "row_index": 23, "col_index": 11, "tile_id": 464 }, "geometry": { "type": "MultiPolygon", "coordinates": [ [ [ [ 9.924915234736261, 62.933215162756341 ], [ 9.925062360973142, 62.932985126809911 ], [ 9.925511424646997, 62.933250679173668 ], [ 9.925775568537867, 62.933183639626257 ], [ 9.92543760014723, 62.932693140847213 ], [ 9.924508567305281, 62.932395987523776 ], [ 9.923957808581784, 62.932950718287259 ], [ 9.924272479625049, 62.933080537910271 ], [ 9.924100554366069, 62.933305541229181 ], [ 9.924915234736261, 62.933215162756341 ] ] ] ] } },
{ "type": "Feature", "properties": { "fid": 159102, "navn": null, "hoyde_moh": 718, "arealInnsjo_km2": 0.0034, "magasinKategori": null, "fid_2": 464, "id": 464, "left": 9.486919847, "top": 62.946110046000001, "right": 9.986919847, "bottom": 62.446110046000001, "row_index": 23, "col_index": 11, "tile_id": 464 }, "geometry": { "type": "MultiPolygon", "coordinates": [ [ [ [ 9.566079773128378, 62.928745489185992 ], [ 9.567126602529177, 62.928705803005251 ], [ 9.567145901852406, 62.928184328524885 ], [ 9.566752785825299, 62.928200112588769 ], [ 9.56590475967081, 62.928661880523613 ], [ 9.565387977814913, 62.928627981254785 ], [ 9.565436401731731, 62.928788145669792 ], [ 9.564981435165508, 62.928980440194429 ], [ 9.566079773128378, 62.928745489185992 ] ] ] ] } },
{ "type": "Feature", "properties": { "fid": 159103, "navn": null, "hoyde_moh": 729, "arealInnsjo_km2": 0.0059, "magasinKategori": null, "fid_2": 464, "id": 464, "left": 9.486919847, "top": 62.946110046000001, "right": 9.986919847, "bottom": 62.446110046000001, "row_index": 23, "col_index": 11, "tile_id": 464 }, "geometry": { "type": "MultiPolygon", "coordinates": [ [ [ [ 9.577005009888412, 62.929044862314583 ], [ 9.577265081157035, 62.928888308837415 ], [ 9.577245898039335, 62.928637216619329 ], [ 9.576573082005575, 62.928667360434538 ], [ 9.575578000016412, 62.928429330024137 ], [ 9.575054142041205, 62.928630429153664 ], [ 9.575809080592443, 62.928743032301149 ], [ 9.576426669122416, 62.929352306193039 ], [ 9.577063913552767, 62.929477825539067 ], [ 9.577005009888412, 62.929044862314583 ] ] ] ] } },
{ "type": "Feature", "properties": { "fid": 159104, "navn": null, "hoyde_moh": 1067, "arealInnsjo_km2": 0.005, "magasinKategori": null, "fid_2": 464, "id": 464, "left": 9.486919847, "top": 62.946110046000001, "right": 9.986919847, "bottom": 62.446110046000001, "row_index": 23, "col_index": 11, "tile_id": 464 }, "geometry": { "type": "MultiPolygon", "coordinates": [ [ [ [ 9.972390018105305, 62.944567528597346 ], [ 9.972476932566908, 62.944321719333573 ], [ 9.972298673748751, 62.944290259942569 ], [ 9.972432379513338, 62.94422135668885 ], [ 9.972340302561093, 62.944039056445199 ], [ 9.970762067640631, 62.944233435613484 ], [ 9.970904133755351, 62.944521152144027 ], [ 9.971624352552114, 62.944793521861541 ], [ 9.972390018105305, 62.944567528597346 ] ] ] ] } },
{ "type": "Feature", "properties": { "fid": 159105, "navn": null, "hoyde_moh": 700, "arealInnsjo_km2": 0.0053, "magasinKategori": null, "fid_2": 464, "id": 464, "left": 9.486919847, "top": 62.946110046000001, "right": 9.986919847, "bottom": 62.446110046000001, "row_index": 23, "col_index": 11, "tile_id": 464 }, "geometry": { "type": "MultiPolygon", "coordinates": [ [ [ [ 9.581538710922683, 62.932238428893001 ], [ 9.581608121575993, 62.931857563024835 ], [ 9.581999905199849, 62.931515651370155 ], [ 9.581954156579673, 62.930904748618211 ], [ 9.581527314568612, 62.931464616193175 ], [ 9.580948284505638, 62.931561655384769 ], [ 9.580775371880021, 62.931772145339835 ], [ 9.580635406542589, 62.932321546242171 ], [ 9.581343155552609, 62.932399543437597 ], [ 9.581538710922683, 62.932238428893001 ] ] ] ] } },
{ "type": "Feature", "properties": { "fid": 159116, "navn": null, "hoyde_moh": 808, "arealInnsjo_km2": 0.0055, "magasinKategori": null, "fid_2": 464, "id": 464, "left": 9.486919847, "top": 62.946110046000001, "right": 9.986919847, "bottom": 62.446110046000001, "row_index": 23, "col_index": 11, "tile_id": 464 }, "geometry": { "type": "MultiPolygon", "coordinates": [ [ [ [ 9.609212319580514, 62.84569367676589 ], [ 9.609021421573239, 62.845241991608027 ], [ 9.608285133833187, 62.844953219045905 ], [ 9.607706020232504, 62.845047794664247 ], [ 9.607694961800354, 62.845536544124251 ], [ 9.608585665001613, 62.845787601820447 ], [ 9.609212319580514, 62.84569367676589 ] ] ] ] } },
{ "type": "Feature", "properties": { "fid": 159119, "navn": null, "hoyde_moh": 935, "arealInnsjo_km2": 0.0094, "magasinKategori": null, "fid_2": 464, "id": 464, "left": 9.486919847, "top": 62.946110046000001, "right": 9.986919847, "bottom": 62.446110046000001, "row_index": 23, "col_index": 11, "tile_id": 464 }, "geometry": { "type": "MultiPolygon", "coordinates": [ [ [ [ 9.562301666968843, 62.861383413149838 ], [ 9.562906379681547, 62.861010037668564 ], [ 9.563550226886965, 62.860352180459586 ], [ 9.563558390322758, 62.860082881208818 ], [ 9.563305764073339, 62.859971686896856 ], [ 9.562580571568125, 62.860067456522039 ], [ 9.562047483770716, 62.860328772362244 ], [ 9.561991434075306, 62.860503527255659 ], [ 9.561563793536957, 62.860710337485685 ], [ 9.561834806822635, 62.860892350132438 ], [ 9.561847108007324, 62.861084148800309 ], [ 9.561569611912962, 62.861315217918317 ], [ 9.562301666968843, 62.861383413149838 ] ] ] ] } },
{ "type": "Feature", "properties": { "fid": 159120, "navn": null, "hoyde_moh": 568, "arealInnsjo_km2": 0.0071, "magasinKategori": null, "fid_2": 464, "id": 464, "left": 9.486919847, "top": 62.946110046000001, "right": 9.986919847, "bottom": 62.446110046000001, "row_index": 23, "col_index": 11, "tile_id": 464 }, "geometry": { "type": "MultiPolygon", "coordinates": [ [ [ [ 9.756623157547029, 62.868773349151489 ], [ 9.756732409659696, 62.868333217195939 ], [ 9.756293423718738, 62.868100903462 ], [ 9.755366199766037, 62.867957984474963 ], [ 9.754987921859673, 62.86845358088199 ], [ 9.754978957177045, 62.868688711461175 ], [ 9.755469084630061, 62.868885147655661 ], [ 9.756623157547029, 62.868773349151489 ] ] ] ] } },
{ "type": "Feature", "properties": { "fid": 159121, "navn": null, "hoyde_moh": 744, "arealInnsjo_km2": 0.0034, "magasinKategori": null, "fid_2": 464, "id": 464, "left": 9.486919847, "top": 62.946110046000001, "right": 9.986919847, "bottom": 62.446110046000001, "row_index": 23, "col_index": 11, "tile_id": 464 }, "geometry": { "type": "MultiPolygon", "coordinates": [ [ [ [ 9.52447348837714, 62.890407989714625 ], [ 9.524530222815089, 62.890092966148089 ], [ 9.524099751430803, 62.890057935092138 ], [ 9.522978767354672, 62.890511502575912 ], [ 9.5230215772331, 62.890688570590086 ], [ 9.523422211223068, 62.890741881674934 ], [ 9.52447348837714, 62.890407989714625 ] ] ] ] } },
{ "type": "Feature", "properties": { "fid": 159122, "navn": null, "hoyde_moh": 714, "arealInnsjo_km2": 0.0081, "magasinKategori": null, "fid_2": 464, "id": 464, "left": 9.486919847, "top": 62.946110046000001, "right": 9.986919847, "bottom": 62.446110046000001, "row_index": 23, "col_index": 11, "tile_id": 464 }, "geometry": { "type": "MultiPolygon", "coordinates": [ [ [ [ 9.565954364890455, 62.929804796066229 ], [ 9.566133770114742, 62.929618329949577 ], [ 9.565132797407264, 62.929342110363642 ], [ 9.562392538150309, 62.929691284189317 ], [ 9.564513492009196, 62.930052889158674 ], [ 9.565954364890455, 62.929804796066229 ] ] ] ] } },
{ "type": "Feature", "properties": { "fid": 161207, "navn": null, "hoyde_moh": 1059, "arealInnsjo_km2": 0.0041, "magasinKategori": null, "fid_2": 464, "id": 464, "left": 9.486919847, "top": 62.946110046000001, "right": 9.986919847, "bottom": 62.446110046000001, "row_index": 23, "col_index": 11, "tile_id": 464 }, "geometry": { "type": "MultiPolygon", "coordinates": [ [ [ [ 9.965261851107716, 62.944169128190715 ], [ 9.965040672464397, 62.943961517924329 ], [ 9.965717572262925, 62.943899078966837 ], [ 9.965575314587927, 62.943675848457147 ], [ 9.965673391313068, 62.943409120904114 ], [ 9.965374137802325, 62.943416328296458 ], [ 9.965259728171425, 62.943684990824629 ], [ 9.964513526234576, 62.94377715524616 ], [ 9.963981022849023, 62.943656019051936 ], [ 9.964253203331891, 62.944104021903634 ], [ 9.964886953587417, 62.944071979375053 ], [ 9.964707751710819, 62.944318895120695 ], [ 9.965137545068051, 62.944388590103003 ], [ 9.965261851107716, 62.944169128190715 ] ] ] ] } },
{ "type": "Feature", "properties": { "fid": 161686, "navn": null, "hoyde_moh": 1109, "arealInnsjo_km2": 0.0165, "magasinKategori": null, "fid_2": 464, "id": 464, "left": 9.486919847, "top": 62.946110046000001, "right": 9.986919847, "bottom": 62.446110046000001, "row_index": 23, "col_index": 11, "tile_id": 464 }, "geometry": { "type": "MultiPolygon", "coordinates": [ [ [ [ 9.656835645392105, 62.750172014352174 ], [ 9.658646254024871, 62.749891534999541 ], [ 9.658853443813806, 62.749715324807795 ], [ 9.658453089107566, 62.749311607130764 ], [ 9.653651452155398, 62.749820762274979 ], [ 9.654016965900501, 62.750039778914527 ], [ 9.655336651534167, 62.750228507288483 ], [ 9.656835645392105, 62.750172014352174 ] ] ] ] } },
{ "type": "Feature", "properties": { "fid": 161689, "navn": "Stortjønna", "hoyde_moh": 662, "arealInnsjo_km2": 0.0859, "magasinKategori": null, "fid_2": 464, "id": 464, "left": 9.486919847, "top": 62.946110046000001, "right": 9.986919847, "bottom": 62.446110046000001, "row_index": 23, "col_index": 11, "tile_id": 464 }, "geometry": { "type": "MultiPolygon", "coordinates": [ [ [ [ 9.889262860722907, 62.811067824291563 ], [ 9.889466066095956, 62.810311785670812 ], [ 9.889838370871715, 62.809879025556356 ], [ 9.890415958496149, 62.809534253946453 ], [ 9.891248657282159, 62.809426282706688 ], [ 9.892120076568698, 62.808519486546871 ], [ 9.892530570924128, 62.808478733523714 ], [ 9.892852536355488, 62.808636367795629 ], [ 9.892740325322176, 62.808371300587133 ], [ 9.891827685212018, 62.807912207252713 ], [ 9.890947426759469, 62.8079196694544 ], [ 9.890131516065587, 62.807513924276009 ], [ 9.889026790116951, 62.808052718678397 ], [ 9.88726144609195, 62.8081913976987 ], [ 9.886884545434864, 62.808402941690005 ], [ 9.886304696062712, 62.809123398116277 ], [ 9.885956616095452, 62.809960252900083 ], [ 9.885387299028716, 62.810211925972965 ], [ 9.885430498931061, 62.810371567279475 ], [ 9.885252216474331, 62.810493361710691 ], [ 9.885433694673216, 62.81067864239067 ], [ 9.88534030376371, 62.810896732668965 ], [ 9.885969375785503, 62.811263402231731 ], [ 9.88672627689736, 62.811009471899617 ], [ 9.887348316865593, 62.811225638286317 ], [ 9.887747456899902, 62.810898848089728 ], [ 9.88846379932405, 62.811426390581758 ], [ 9.888750590317544, 62.811459592425905 ], [ 9.889262860722907, 62.811067824291563 ] ] ] ] } },
{ "type": "Feature", "properties": { "fid": 162410, "navn": null, "hoyde_moh": 840, "arealInnsjo_km2": 0.0104, "magasinKategori": null, "fid_2": 464, "id": 464, "left": 9.486919847, "top": 62.946110046000001, "right": 9.986919847, "bottom": 62.446110046000001, "row_index": 23, "col_index": 11, "tile_id": 464 }, "geometry": { "type": "MultiPolygon", "coordinates": [ [ [ [ 9.642960761652542, 62.834526258625765 ], [ 9.643013579517431, 62.834227094115128 ], [ 9.643516499167509, 62.833975422114875 ], [ 9.642225181965914, 62.833862365965082 ], [ 9.640966151011289, 62.834191366102672 ], [ 9.640923251241924, 62.834657111160155 ], [ 9.641223381903226, 62.834882547447272 ], [ 9.64159143880447, 62.834918096781735 ], [ 9.642960761652542, 62.834526258625765 ] ] ] ] } },
{ "type": "Feature", "properties": { "fid": 162530, "navn": null, "hoyde_moh": 1032, "arealInnsjo_km2": 0.0079, "magasinKategori": null, "fid_2": 464, "id": 464, "left": 9.486919847, "top": 62.946110046000001, "right": 9.986919847, "bottom": 62.446110046000001, "row_index": 23, "col_index": 11, "tile_id": 464 }, "geometry": { "type": "MultiPolygon", "coordinates": [ [ [ [ 9.986919847, 62.466590301988461 ], [ 9.986919847, 62.46559917853817 ], [ 9.986351264138339, 62.465669520463834 ], [ 9.986131242578335, 62.466057228857615 ], [ 9.986174331650643, 62.4664622392959 ], [ 9.98685090661273, 62.466625587894754 ], [ 9.986919847, 62.466590301988461 ] ] ] ] } },
{ "type": "Feature", "properties": { "fid": 162786, "navn": "Gisnatjønna", "hoyde_moh": 918, "arealInnsjo_km2": 0.091, "magasinKategori": null, "fid_2": 464, "id": 464, "left": 9.486919847, "top": 62.946110046000001, "right": 9.986919847, "bottom": 62.446110046000001, "row_index": 23, "col_index": 11, "tile_id": 464 }, "geometry": { "type": "MultiPolygon", "coordinates": [ [ [ [ 9.752818119156267, 62.754204063431338 ], [ 9.753896829754117, 62.754082391771611 ], [ 9.754167333415484, 62.753547443402638 ], [ 9.754721251493486, 62.753066288534846 ], [ 9.756490676601416, 62.752192696272033 ], [ 9.754917853526361, 62.752151486884372 ], [ 9.75433086343096, 62.752061229664363 ], [ 9.754200907210185, 62.751834396653898 ], [ 9.753928423974527, 62.751775432120205 ], [ 9.752239742658475, 62.751696204827319 ], [ 9.749465000506845, 62.751812285580662 ], [ 9.748754803997521, 62.751672401179121 ], [ 9.74861898649959, 62.751872907984328 ], [ 9.747958515903981, 62.751850411645393 ], [ 9.748116388787258, 62.752242953852061 ], [ 9.747767098034235, 62.752911074890804 ], [ 9.748461954325883, 62.753709732873219 ], [ 9.749589535649525, 62.75379291086147 ], [ 9.749432409681521, 62.753977504486102 ], [ 9.749728081907124, 62.754164121986477 ], [ 9.752659933156814, 62.754476256756831 ], [ 9.752818119156267, 62.754204063431338 ] ], [ [ 9.749461928935071, 62.753184123016673 ], [ 9.750409621871906, 62.753598325888973 ], [ 9.749967736151767, 62.75368488889805 ], [ 9.749628954271369, 62.753639988695205 ], [ 9.749461928935071, 62.753184123016673 ] ] ] ] } },
{ "type": "Feature", "properties": { "fid": 162835, "navn": null, "hoyde_moh": 1043, "arealInnsjo_km2": 0.0044, "magasinKategori": null, "fid_2": 464, "id": 464, "left": 9.486919847, "top": 62.946110046000001, "right": 9.986919847, "bottom": 62.446110046000001, "row_index": 23, "col_index": 11, "tile_id": 464 }, "geometry": { "type": "MultiPolygon", "coordinates": [ [ [ [ 9.934367972108143, 62.480386400857611 ], [ 9.934166922102406, 62.479980288362704 ], [ 9.935569108588641, 62.479474069078094 ], [ 9.935379540161785, 62.479394036171612 ], [ 9.934673894555443, 62.479629348441293 ], [ 9.933192098178456, 62.480357926354714 ], [ 9.93338327748112, 62.480481112391708 ], [ 9.933358376897658, 62.480651673030415 ], [ 9.934367972108143, 62.480386400857611 ] ] ] ] } },
{ "type": "Feature", "properties": { "fid": 163008, "navn": null, "hoyde_moh": 1071, "arealInnsjo_km2": 0.0026, "magasinKategori": null, "fid_2": 464, "id": 464, "left": 9.486919847, "top": 62.946110046000001, "right": 9.986919847, "bottom": 62.446110046000001, "row_index": 23, "col_index": 11, "tile_id": 464 }, "geometry": { "type": "MultiPolygon", "coordinates": [ [ [ [ 9.852887172273702, 62.49060380651531 ], [ 9.852706350999654, 62.490389478099772 ], [ 9.851436887863699, 62.490792308014363 ], [ 9.851868671102656, 62.490960134300522 ], [ 9.852509074919064, 62.490956183136532 ], [ 9.852887172273702, 62.49060380651531 ] ] ] ] } },
{ "type": "Feature", "properties": { "fid": 163073, "navn": null, "hoyde_moh": 591, "arealInnsjo_km2": 0.0071, "magasinKategori": null, "fid_2": 464, "id": 464, "left": 9.486919847, "top": 62.946110046000001, "right": 9.986919847, "bottom": 62.446110046000001, "row_index": 23, "col_index": 11, "tile_id": 464 }, "geometry": { "type": "MultiPolygon", "coordinates": [ [ [ [ 9.529559786490839, 62.931348841760006 ], [ 9.53099850801563, 62.930651040525071 ], [ 9.530419924558421, 62.930421753331899 ], [ 9.529421499449416, 62.930383495428025 ], [ 9.528817340828843, 62.931328177320722 ], [ 9.529559786490839, 62.931348841760006 ] ] ] ] } },
{ "type": "Feature", "properties": { "fid": 163763, "navn": "Jorfjelltjønna", "hoyde_moh": 648, "arealInnsjo_km2": 0.0168, "magasinKategori": null, "fid_2": 464, "id": 464, "left": 9.486919847, "top": 62.946110046000001, "right": 9.986919847, "bottom": 62.446110046000001, "row_index": 23, "col_index": 11, "tile_id": 464 }, "geometry": { "type": "MultiPolygon", "coordinates": [ [ [ [ 9.854289868798903, 62.945193685192038 ], [ 9.854536434893399, 62.944791723959689 ], [ 9.854262411108154, 62.944313078080206 ], [ 9.854776182667909, 62.944288211008832 ], [ 9.854614090466521, 62.943236608109153 ], [ 9.854710409523213, 62.942876841114341 ], [ 9.854411077265771, 62.942525203218501 ], [ 9.854002029315028, 62.942532032101226 ], [ 9.853511617662157, 62.942971775940975 ], [ 9.853650483943623, 62.943143287910488 ], [ 9.853379529480575, 62.943428029502847 ], [ 9.853579397792361, 62.9435178313135 ], [ 9.853464070517958, 62.943917028656003 ], [ 9.853789298851332, 62.944224811107524 ], [ 9.85315994926937, 62.944733251506065 ], [ 9.853305380908225, 62.944979675913714 ], [ 9.853130099316536, 62.945256037345139 ], [ 9.853535802754823, 62.945350300342909 ], [ 9.854289868798903, 62.945193685192038 ] ] ] ] } },
{ "type": "Feature", "properties": { "fid": 174760, "navn": null, "hoyde_moh": 850, "arealInnsjo_km2": 0.0099, "magasinKategori": null, "fid_2": 464, "id": 464, "left": 9.486919847, "top": 62.946110046000001, "right": 9.986919847, "bottom": 62.446110046000001, "row_index": 23, "col_index": 11, "tile_id": 464 }, "geometry": { "type": "MultiPolygon", "coordinates": [ [ [ [ 9.788344085733524, 62.818607198044667 ], [ 9.788220156388126, 62.818205909332022 ], [ 9.787338274350372, 62.818212400344486 ], [ 9.787156792637361, 62.818389476722722 ], [ 9.787280467577988, 62.818581481099677 ], [ 9.786746241430581, 62.819059465428481 ], [ 9.787160625055799, 62.819345667667193 ], [ 9.788177265110104, 62.819397982385077 ], [ 9.789070969722005, 62.819088806795449 ], [ 9.789063619571889, 62.818923974457647 ], [ 9.788344085733524, 62.818607198044667 ] ] ] ] } },
{ "type": "Feature", "properties": { "fid": 174761, "navn": null, "hoyde_moh": 850, "arealInnsjo_km2": 0.0063, "magasinKategori": null, "fid_2": 464, "id": 464, "left": 9.486919847, "top": 62.946110046000001, "right": 9.986919847, "bottom": 62.446110046000001, "row_index": 23, "col_index": 11, "tile_id": 464 }, "geometry": { "type": "MultiPolygon", "coordinates": [ [ [ [ 9.789394757391737, 62.817634542579825 ], [ 9.788116596182162, 62.817383765351188 ], [ 9.78621405411721, 62.817536261963397 ], [ 9.785669535407305, 62.817734224782249 ], [ 9.787777697016647, 62.817827435681814 ], [ 9.789394757391737, 62.817634542579825 ] ] ] ] } },
{ "type": "Feature", "properties": { "fid": 174831, "navn": null, "hoyde_moh": 811, "arealInnsjo_km2": 0.0135, "magasinKategori": null, "fid_2": 464, "id": 464, "left": 9.486919847, "top": 62.946110046000001, "right": 9.986919847, "bottom": 62.446110046000001, "row_index": 23, "col_index": 11, "tile_id": 464 }, "geometry": { "type": "MultiPolygon", "coordinates": [ [ [ [ 9.778244864117248, 62.821613802286308 ], [ 9.779805002687297, 62.822348408588155 ], [ 9.780384660655436, 62.822315432439709 ], [ 9.780945540501653, 62.822050435178696 ], [ 9.781033677092697, 62.821487870171531 ], [ 9.780259297934998, 62.821166583930058 ], [ 9.779522142953601, 62.821090864204649 ], [ 9.778244864117248, 62.821613802286308 ] ] ] ] } },
{ "type": "Feature", "properties": { "fid": 179249, "navn": "Høgvardtjønna", "hoyde_moh": 1259, "arealInnsjo_km2": 0.0291, "magasinKategori": null, "fid_2": 464, "id": 464, "left": 9.486919847, "top": 62.946110046000001, "right": 9.986919847, "bottom": 62.446110046000001, "row_index": 23, "col_index": 11, "tile_id": 464 }, "geometry": { "type": "MultiPolygon", "coordinates": [ [ [ [ 9.809692754183631, 62.517914657828015 ], [ 9.809826743254622, 62.517639746666994 ], [ 9.810807691304319, 62.516950025984293 ], [ 9.810966429187561, 62.516308592745524 ], [ 9.810259299996369, 62.516206235919398 ], [ 9.80902519134923, 62.516533654934435 ], [ 9.806999788970177, 62.517573486989001 ], [ 9.806613297751399, 62.517927429300912 ], [ 9.808173839196639, 62.518493731567361 ], [ 9.809692754183631, 62.517914657828015 ] ] ] ] } },
{ "type": "Feature", "properties": { "fid": 179250, "navn": null, "hoyde_moh": 1053, "arealInnsjo_km2": 0.0259, "magasinKategori": null, "fid_2": 464, "id": 464, "left": 9.486919847, "top": 62.946110046000001, "right": 9.986919847, "bottom": 62.446110046000001, "row_index": 23, "col_index": 11, "tile_id": 464 }, "geometry": { "type": "MultiPolygon", "coordinates": [ [ [ [ 9.938538794703771, 62.535016272875154 ], [ 9.939084850940572, 62.534586377606516 ], [ 9.938329561771477, 62.534394964725955 ], [ 9.937770767109711, 62.533688727430416 ], [ 9.936957190717173, 62.533477198001627 ], [ 9.936442171133816, 62.532708581186114 ], [ 9.93559587179737, 62.532516725511002 ], [ 9.934768261704145, 62.53263725895809 ], [ 9.934758307873475, 62.532823836792389 ], [ 9.935241263603759, 62.533367562851424 ], [ 9.936834174286361, 62.533901305706436 ], [ 9.936701414945388, 62.534276210760211 ], [ 9.936512042278233, 62.534370360629204 ], [ 9.936563168185133, 62.534913332961139 ], [ 9.937019610476176, 62.535164614567798 ], [ 9.937854146561394, 62.535189154718857 ], [ 9.938538794703771, 62.535016272875154 ] ] ] ] } },
{ "type": "Feature", "properties": { "fid": 179251, "navn": null, "hoyde_moh": 1058, "arealInnsjo_km2": 0.031, "magasinKategori": null, "fid_2": 464, "id": 464, "left": 9.486919847, "top": 62.946110046000001, "right": 9.986919847, "bottom": 62.446110046000001, "row_index": 23, "col_index": 11, "tile_id": 464 }, "geometry": { "type": "MultiPolygon", "coordinates": [ [ [ [ 9.937015798451803, 62.559591586057195 ], [ 9.937689685035973, 62.559065296377362 ], [ 9.937875191605631, 62.558664054069261 ], [ 9.936319965216823, 62.558121021541233 ], [ 9.934752959796738, 62.558270693175935 ], [ 9.933622333504429, 62.559225603739485 ], [ 9.933876392935433, 62.559452804626666 ], [ 9.933998416672852, 62.559891927643164 ], [ 9.93462032181905, 62.559983146407255 ], [ 9.937015798451803, 62.559591586057195 ] ] ] ] } },
{ "type": "Feature", "properties": { "fid": 179424, "navn": null, "hoyde_moh": 1278, "arealInnsjo_km2": 0.0111, "magasinKategori": null, "fid_2": 464, "id": 464, "left": 9.486919847, "top": 62.946110046000001, "right": 9.986919847, "bottom": 62.446110046000001, "row_index": 23, "col_index": 11, "tile_id": 464 }, "geometry": { "type": "MultiPolygon", "coordinates": [ [ [ [ 9.969259305417483, 62.497544352892199 ], [ 9.969277724753775, 62.497321201070633 ], [ 9.968299393762175, 62.496655800838383 ], [ 9.967141895820399, 62.496874061951438 ], [ 9.966727858828522, 62.497391660329477 ], [ 9.968008793373331, 62.497630172598839 ], [ 9.968504190292027, 62.49798073132613 ], [ 9.969259305417483, 62.497544352892199 ] ] ] ] } },
{ "type": "Feature", "properties": { "fid": 179632, "navn": null, "hoyde_moh": 1002, "arealInnsjo_km2": 0.0205, "magasinKategori": 2, "fid_2": 464, "id": 464, "left": 9.486919847, "top": 62.946110046000001, "right": 9.986919847, "bottom": 62.446110046000001, "row_index": 23, "col_index": 11, "tile_id": 464 }, "geometry": { "type": "MultiPolygon", "coordinates": [ [ [ [ 9.699317106897126, 62.621022350949033 ], [ 9.696301814437764, 62.620383326142395 ], [ 9.695596207254807, 62.620366344705587 ], [ 9.69540800316174, 62.620496509267326 ], [ 9.696071473834726, 62.620966114285125 ], [ 9.696026334320866, 62.621323063531655 ], [ 9.696213567101777, 62.621483228780448 ], [ 9.696991400108978, 62.621711432931527 ], [ 9.698787752488027, 62.621783835551419 ], [ 9.699317106897126, 62.621022350949033 ] ] ] ] } },
{ "type": "Feature", "properties": { "fid": 179682, "navn": null, "hoyde_moh": 702, "arealInnsjo_km2": 0.0069, "magasinKategori": null, "fid_2": 464, "id": 464, "left": 9.486919847, "top": 62.946110046000001, "right": 9.986919847, "bottom": 62.446110046000001, "row_index": 23, "col_index": 11, "tile_id": 464 }, "geometry": { "type": "MultiPolygon", "coordinates": [ [ [ [ 9.88266103302219, 62.808458490373717 ], [ 9.882904668847788, 62.807849403744221 ], [ 9.88290458045058, 62.80757770724307 ], [ 9.882423482609976, 62.80720975771203 ], [ 9.882283606776058, 62.807281488456113 ], [ 9.882181959404509, 62.807849598629048 ], [ 9.88179200012233, 62.808451010810124 ], [ 9.881890404378487, 62.808680769713796 ], [ 9.881689078258029, 62.808917954117213 ], [ 9.882027642609019, 62.809131278232272 ], [ 9.88266103302219, 62.808458490373717 ] ] ] ] } },
{ "type": "Feature", "properties": { "fid": 180149, "navn": "Skarvatnet", "hoyde_moh": 865, "arealInnsjo_km2": 2.3313, "magasinKategori": null, "fid_2": 464, "id": 464, "left": 9.486919847, "top": 62.946110046000001, "right": 9.986919847, "bottom": 62.446110046000001, "row_index": 23, "col_index": 11, "tile_id": 464 }, "geometry": { "type": "MultiPolygon", "coordinates": [ [ [ [ 9.55460645342796, 62.710672399878156 ], [ 9.556384224955218, 62.710658564959893 ], [ 9.556973432773189, 62.710493750201699 ], [ 9.557621702637933, 62.710009686362483 ], [ 9.557653297082531, 62.709386637318282 ], [ 9.557939255193979, 62.708814783339101 ], [ 9.557498686375391, 62.707962256069763 ], [ 9.557641914816838, 62.707627653224101 ], [ 9.558022493707526, 62.707447075373103 ], [ 9.558251687125722, 62.706436731752895 ], [ 9.559039309754047, 62.705288539125839 ], [ 9.560315730991222, 62.704730880701852 ], [ 9.560936721109135, 62.704152424658155 ], [ 9.561163870415458, 62.703788503650792 ], [ 9.561258294167276, 62.702464429165538 ], [ 9.562232320077108, 62.701402930939118 ], [ 9.562365996282255, 62.699160034033667 ], [ 9.562071912240507, 62.698348308768985 ], [ 9.562281266587538, 62.697092325232191 ], [ 9.561748967340156, 62.696224276565943 ], [ 9.560458758718674, 62.695361504404481 ], [ 9.559302627852508, 62.694114804386466 ], [ 9.558558526102713, 62.6937612700141 ], [ 9.556277721570206, 62.692163027725499 ], [ 9.555025955712079, 62.691805380200854 ], [ 9.554303993779323, 62.691150665993845 ], [ 9.55429294293285, 62.690292695275197 ], [ 9.553210458370867, 62.688402559547846 ], [ 9.554547509933844, 62.687365960632391 ], [ 9.554936038688355, 62.686662760047689 ], [ 9.555674537319266, 62.686128414984033 ], [ 9.555614550493914, 62.685848183522481 ], [ 9.552536917442838, 62.68444193930722 ], [ 9.552144166456966, 62.683910446799587 ], [ 9.551129422236654, 62.683703181551842 ], [ 9.55050606206879, 62.683784103457228 ], [ 9.550747246814927, 62.684364233807379 ], [ 9.5509200854457, 62.684401833374999 ], [ 9.550884178649584, 62.684648545620661 ], [ 9.549948981545953, 62.685000437951111 ], [ 9.549177788249363, 62.684081171287126 ], [ 9.548007311697388, 62.683334065109641 ], [ 9.547723972942098, 62.68292858225125 ], [ 9.54724641789371, 62.682747891584008 ], [ 9.546427151483087, 62.682786871617722 ], [ 9.545644914085852, 62.683103660605738 ], [ 9.545583360656501, 62.684023694025299 ], [ 9.546086959094371, 62.684136560355441 ], [ 9.545830183378103, 62.684574897491082 ], [ 9.544380559991779, 62.685572111053752 ], [ 9.543849786891091, 62.68623086470226 ], [ 9.543869835396242, 62.686592071060531 ], [ 9.544268175580058, 62.687015275696417 ], [ 9.542767239347212, 62.687777212827854 ], [ 9.542097199944447, 62.688599898335738 ], [ 9.542114025311479, 62.688834268523202 ], [ 9.541596405519545, 62.68919016058237 ], [ 9.540614100727488, 62.690821313387744 ], [ 9.539283514702536, 62.692306670031059 ], [ 9.538733380024576, 62.693454403106081 ], [ 9.537276766893488, 62.695482173020004 ], [ 9.537128285553059, 62.696048650007022 ], [ 9.538117250470204, 62.696558101571696 ], [ 9.539209679699161, 62.698075105852929 ], [ 9.54032634793008, 62.698976315526238 ], [ 9.540344976098474, 62.699370405679339 ], [ 9.540052751712089, 62.699903829008427 ], [ 9.541527728352884, 62.70105496762114 ], [ 9.542494194645124, 62.701604720904562 ], [ 9.542863101979643, 62.70200787788167 ], [ 9.543489374954619, 62.702252689037493 ], [ 9.543531567012492, 62.702590550137927 ], [ 9.543840164572522, 62.702993602495319 ], [ 9.54458515124821, 62.7033341989465 ], [ 9.54705051528749, 62.7036184428989 ], [ 9.546944269983817, 62.704049331589147 ], [ 9.547106719232351, 62.704204239224246 ], [ 9.546916247261649, 62.704339998299133 ], [ 9.547908012836441, 62.70470080801104 ], [ 9.548029131284419, 62.704887491957173 ], [ 9.547930851883834, 62.705153283770514 ], [ 9.548525967420064, 62.705535535194542 ], [ 9.548618096021736, 62.706251689279661 ], [ 9.548174772270864, 62.706652892259079 ], [ 9.547923150299408, 62.707449611684424 ], [ 9.547548767750218, 62.7079326026318 ], [ 9.548416573843083, 62.708806037749177 ], [ 9.548823066701953, 62.709060709118539 ], [ 9.5496282203802, 62.709098898863289 ], [ 9.549431858631964, 62.709213374223474 ], [ 9.550035819505288, 62.709532335595654 ], [ 9.549824378622391, 62.709855818398296 ], [ 9.550589844351855, 62.70996895088345 ], [ 9.550633588758982, 62.710398660461529 ], [ 9.550820016062652, 62.710625680030411 ], [ 9.552057536249507, 62.711012487024561 ], [ 9.553321831909743, 62.711090838686772 ], [ 9.55460645342796, 62.710672399878156 ] ], [ [ 9.551263302085491, 62.688806768771471 ], [ 9.551554705919564, 62.688654059143573 ], [ 9.552569831998374, 62.68872742180978 ], [ 9.551616042529572, 62.689011739776348 ], [ 9.551263302085491, 62.688806768771471 ] ], [ [ 9.550020639910736, 62.708609405675652 ], [ 9.549993578925092, 62.708385529294659 ], [ 9.55014908046569, 62.708399952571327 ], [ 9.550290239960033, 62.708716013985452 ], [ 9.550020639910736, 62.708609405675652 ] ], [ [ 9.551725480978083, 62.709011261214251 ], [ 9.551892044721415, 62.708831998266348 ], [ 9.552374058018042, 62.708903852246422 ], [ 9.551725480978083, 62.709011261214251 ] ], [ [ 9.551357856973592, 62.709785921342714 ], [ 9.551421156238106, 62.709624597836111 ], [ 9.551892813193735, 62.709739876605454 ], [ 9.551945377042589, 62.709919118253346 ], [ 9.55171488137325, 62.710006170391019 ], [ 9.551357856973592, 62.709785921342714 ] ] ] ] } },
{ "type": "Feature", "properties": { "fid": 180494, "navn": null, "hoyde_moh": 1113, "arealInnsjo_km2": 0.0143, "magasinKategori": null, "fid_2": 464, "id": 464, "left": 9.486919847, "top": 62.946110046000001, "right": 9.986919847, "bottom": 62.446110046000001, "row_index": 23, "col_index": 11, "tile_id": 464 }, "geometry": { "type": "MultiPolygon", "coordinates": [ [ [ [ 9.643058380973596, 62.735203039616088 ], [ 9.643235837270918, 62.73488704898778 ], [ 9.643209568784318, 62.734513416821997 ], [ 9.642863117270242, 62.734373380125305 ], [ 9.641913417735893, 62.734383942563781 ], [ 9.640788244147997, 62.734650902591653 ], [ 9.640062817552057, 62.735179978379847 ], [ 9.640460942290806, 62.735391827466486 ], [ 9.641338249627786, 62.735460301448278 ], [ 9.643058380973596, 62.735203039616088 ] ] ] ] } },
{ "type": "Feature", "properties": { "fid": 180495, "navn": null, "hoyde_moh": 942, "arealInnsjo_km2": 0.0382, "magasinKategori": null, "fid_2": 464, "id": 464, "left": 9.486919847, "top": 62.946110046000001, "right": 9.986919847, "bottom": 62.446110046000001, "row_index": 23, "col_index": 11, "tile_id": 464 }, "geometry": { "type": "MultiPolygon", "coordinates": [ [ [ [ 9.515004407748654, 62.736198704809425 ], [ 9.51459022016572, 62.73547466643884 ], [ 9.514829114014709, 62.735023691200055 ], [ 9.514657689783808, 62.734397264933563 ], [ 9.513758115441657, 62.733906743198702 ], [ 9.512485651441713, 62.732630067999082 ], [ 9.51217102078369, 62.732660579296372 ], [ 9.511702797210864, 62.733222170161334 ], [ 9.512030737934987, 62.73420455036019 ], [ 9.511306554507069, 62.734819469611608 ], [ 9.511654111609761, 62.735060058895932 ], [ 9.512907454480466, 62.735285733958001 ], [ 9.514496141377593, 62.736392452821754 ], [ 9.514532327801234, 62.736657648570812 ], [ 9.514790337020747, 62.736695470620312 ], [ 9.515004407748654, 62.736198704809425 ] ] ] ] } },
{ "type": "Feature", "properties": { "fid": 192504, "navn": "Gåsvatnet", "hoyde_moh": 661, "arealInnsjo_km2": 0.0939, "magasinKategori": null, "fid_2": 464, "id": 464, "left": 9.486919847, "top": 62.946110046000001, "right": 9.986919847, "bottom": 62.446110046000001, "row_index": 23, "col_index": 11, "tile_id": 464 }, "geometry": { "type": "MultiPolygon", "coordinates": [ [ [ [ 9.771574305495946, 62.850506946272446 ], [ 9.772102285158152, 62.849814627624056 ], [ 9.771672628929354, 62.84924683243775 ], [ 9.771632978077191, 62.848489217129774 ], [ 9.771168521645041, 62.847672696578726 ], [ 9.771080906125022, 62.847209759609818 ], [ 9.768997395708832, 62.846554574462544 ], [ 9.767980337408028, 62.846572309957573 ], [ 9.766979656509367, 62.847128603914129 ], [ 9.767090204584315, 62.847535445621389 ], [ 9.767437457653145, 62.847893428703209 ], [ 9.767398873239246, 62.848484111885689 ], [ 9.767060895278673, 62.848833671565828 ], [ 9.76636306784267, 62.849009493983218 ], [ 9.765931318893257, 62.849479543405756 ], [ 9.766009444284229, 62.849754625699802 ], [ 9.76719718072601, 62.850111971741185 ], [ 9.769683060141233, 62.850155845937202 ], [ 9.770965687687834, 62.850641754020366 ], [ 9.771574305495946, 62.850506946272446 ] ] ] ] } },
{ "type": "Feature", "properties": { "fid": 192912, "navn": "Buslettjønna", "hoyde_moh": 908, "arealInnsjo_km2": 0.1008, "magasinKategori": null, "fid_2": 464, "id": 464, "left": 9.486919847, "top": 62.946110046000001, "right": 9.986919847, "bottom": 62.446110046000001, "row_index": 23, "col_index": 11, "tile_id": 464 }, "geometry": { "type": "MultiPolygon", "coordinates": [ [ [ [ 9.541468890749449, 62.759906090559639 ], [ 9.541223223521573, 62.759480572037752 ], [ 9.540706108866962, 62.759097036762952 ], [ 9.540707061860711, 62.758480796215338 ], [ 9.540911235302342, 62.757939606478097 ], [ 9.540840277903648, 62.757045094080546 ], [ 9.541027613511361, 62.756870063363806 ], [ 9.541013234955935, 62.756526087008837 ], [ 9.54045350224815, 62.755666351689108 ], [ 9.540132915510002, 62.755441927383742 ], [ 9.539234224093352, 62.755501227599247 ], [ 9.539007353176531, 62.755630078475654 ], [ 9.538958813332938, 62.755937406404527 ], [ 9.538649609831442, 62.756098416355464 ], [ 9.537478292373727, 62.756209178147763 ], [ 9.536814201606767, 62.756114807700833 ], [ 9.536037356683432, 62.756518205993416 ], [ 9.536011412643346, 62.756755409280707 ], [ 9.535690168546072, 62.756998108756015 ], [ 9.535963245602657, 62.757281707626383 ], [ 9.535426258729123, 62.757525355144018 ], [ 9.535207382695473, 62.757914596028705 ], [ 9.536075576165281, 62.758146071648035 ], [ 9.536658648808553, 62.758852036527742 ], [ 9.538131590274475, 62.758934190626235 ], [ 9.538211204409091, 62.759114671268634 ], [ 9.537881707289737, 62.759381712757111 ], [ 9.538062643671601, 62.75958117092582 ], [ 9.538605349505183, 62.75954391195053 ], [ 9.538651294197377, 62.759283459632634 ], [ 9.539124348358751, 62.759191918352769 ], [ 9.538947147533261, 62.759441317181277 ], [ 9.539507362542036, 62.759598673908307 ], [ 9.539048368504336, 62.759965875972192 ], [ 9.539425822029957, 62.760240663731928 ], [ 9.540041910783874, 62.760329729293815 ], [ 9.541468890749449, 62.759906090559639 ] ] ] ] } },
{ "type": "Feature", "properties": { "fid": 192914, "navn": "Fremre Sætertjønna", "hoyde_moh": 1041, "arealInnsjo_km2": 0.0573, "magasinKategori": null, "fid_2": 464, "id": 464, "left": 9.486919847, "top": 62.946110046000001, "right": 9.986919847, "bottom": 62.446110046000001, "row_index": 23, "col_index": 11, "tile_id": 464 }, "geometry": { "type": "MultiPolygon", "coordinates": [ [ [ [ 9.756615555241016, 62.773075320188433 ], [ 9.757074121855483, 62.772731213492762 ], [ 9.757045050433454, 62.772034348326628 ], [ 9.757219842074823, 62.771882076593428 ], [ 9.755588563256618, 62.771562314155375 ], [ 9.754748638174064, 62.771226334986181 ], [ 9.753814227441779, 62.771177166545307 ], [ 9.752877367218987, 62.771473406325448 ], [ 9.751964013470577, 62.77145479547562 ], [ 9.751581303936934, 62.771614396133792 ], [ 9.75086566566489, 62.771583832753052 ], [ 9.750998328018323, 62.771387162619128 ], [ 9.75044781825347, 62.771274151320476 ], [ 9.749130892207388, 62.771608055666896 ], [ 9.74738119850014, 62.771718075341006 ], [ 9.748825882726038, 62.771900033847281 ], [ 9.750166911612741, 62.771744916354344 ], [ 9.751331772463191, 62.771864097303386 ], [ 9.751452779380751, 62.772262629624883 ], [ 9.751869059868181, 62.772599961239408 ], [ 9.7536292059586, 62.773281070263948 ], [ 9.756615555241016, 62.773075320188433 ] ] ] ] } },
{ "type": "Feature", "properties": { "fid": 193311, "navn": "Lauvåstjønna", "hoyde_moh": 566, "arealInnsjo_km2": 0.1084, "magasinKategori": null, "fid_2": 464, "id": 464, "left": 9.486919847, "top": 62.946110046000001, "right": 9.986919847, "bottom": 62.446110046000001, "row_index": 23, "col_index": 11, "tile_id": 464 }, "geometry": { "type": "MultiPolygon", "coordinates": [ [ [ [ 9.724451466354941, 62.872862020663646 ], [ 9.729017814490458, 62.872227904414309 ], [ 9.731470230758699, 62.872159398546025 ], [ 9.734323600833594, 62.871533794718147 ], [ 9.73441306682283, 62.871394442186919 ], [ 9.734184662695645, 62.871241024528622 ], [ 9.73440302728252, 62.871150858558842 ], [ 9.731613124673514, 62.870818335161736 ], [ 9.731059764166558, 62.870655343262953 ], [ 9.731138565012262, 62.870499756757106 ], [ 9.730758131446947, 62.8703427044573 ], [ 9.728922757812102, 62.869979674763236 ], [ 9.728361842554753, 62.870185385575034 ], [ 9.727580470050185, 62.870083021561911 ], [ 9.72687296583603, 62.87042773299261 ], [ 9.725506345686604, 62.870714332366276 ], [ 9.724150956148039, 62.870793851859197 ], [ 9.724109255808877, 62.870898550705903 ], [ 9.724481527830838, 62.871135845628707 ], [ 9.72367074421058, 62.87142888883433 ], [ 9.723202953739783, 62.871937882072743 ], [ 9.722584111083108, 62.872209870936253 ], [ 9.722783852777296, 62.872422608223737 ], [ 9.722583942973049, 62.87262781206455 ], [ 9.72325542300406, 62.872896496055667 ], [ 9.724451466354941, 62.872862020663646 ] ] ] ] } },
{ "type": "Feature", "properties": { "fid": 193333, "navn": "Hestvatna", "hoyde_moh": 566, "arealInnsjo_km2": 0.0428, "magasinKategori": null, "fid_2": 464, "id": 464, "left": 9.486919847, "top": 62.946110046000001, "right": 9.986919847, "bottom": 62.446110046000001, "row_index": 23, "col_index": 11, "tile_id": 464 }, "geometry": { "type": "MultiPolygon", "coordinates": [ [ [ [ 9.735507562160905, 62.87451209829311 ], [ 9.736842751902406, 62.873456001803405 ], [ 9.736441447620269, 62.872855140049019 ], [ 9.735795667671697, 62.872610608720173 ], [ 9.734232078835353, 62.872389916414889 ], [ 9.732850206693435, 62.872835905716414 ], [ 9.731998846927047, 62.873572052769759 ], [ 9.732068443808943, 62.873831725085047 ], [ 9.732653914122146, 62.874133309118811 ], [ 9.733405651841197, 62.874139155744217 ], [ 9.733509495815159, 62.874380494806054 ], [ 9.734065981682077, 62.874661461565012 ], [ 9.734818377674241, 62.874732828068851 ], [ 9.735507562160905, 62.87451209829311 ] ] ] ] } },
{ "type": "Feature", "properties": { "fid": 193339, "navn": "Ondustjønna", "hoyde_moh": 907, "arealInnsjo_km2": 0.0246, "magasinKategori": null, "fid_2": 464, "id": 464, "left": 9.486919847, "top": 62.946110046000001, "right": 9.986919847, "bottom": 62.446110046000001, "row_index": 23, "col_index": 11, "tile_id": 464 }, "geometry": { "type": "MultiPolygon", "coordinates": [ [ [ [ 9.568887689809635, 62.864261797279269 ], [ 9.569156960393554, 62.864223877743349 ], [ 9.570212574303715, 62.863429548725897 ], [ 9.570720064998177, 62.862814808535497 ], [ 9.570458754104683, 62.862437459401228 ], [ 9.570502096924349, 62.862218295891807 ], [ 9.570004164422603, 62.86156443978809 ], [ 9.568394598299077, 62.862120567148899 ], [ 9.568338387322601, 62.862703697678647 ], [ 9.568786862424021, 62.863212832767466 ], [ 9.568640312233782, 62.863475342850442 ], [ 9.568762882950942, 62.863757072835135 ], [ 9.568243392225938, 62.864094890624763 ], [ 9.568230491681147, 62.864661156998658 ], [ 9.568491248945159, 62.864695802479893 ], [ 9.568887689809635, 62.864261797279269 ] ] ] ] } },
{ "type": "Feature", "properties": { "fid": 194203, "navn": null, "hoyde_moh": 994, "arealInnsjo_km2": 0.0169, "magasinKategori": null, "fid_2": 464, "id": 464, "left": 9.486919847, "top": 62.946110046000001, "right": 9.986919847, "bottom": 62.446110046000001, "row_index": 23, "col_index": 11, "tile_id": 464 }, "geometry": { "type": "MultiPolygon", "coordinates": [ [ [ [ 9.945115660233983, 62.928098684507731 ], [ 9.946662858557488, 62.928140629776344 ], [ 9.946967076537963, 62.927727928892033 ], [ 9.946156716701672, 62.927302308692013 ], [ 9.944133909444172, 62.927674636358759 ], [ 9.942814252229427, 62.927201562465143 ], [ 9.94239358785175, 62.92778054676107 ], [ 9.943213425676733, 62.928225331582361 ], [ 9.944116547164112, 62.92827296206432 ], [ 9.945115660233983, 62.928098684507731 ] ] ] ] } },
{ "type": "Feature", "properties": { "fid": 194422, "navn": "Bjogntjørnin", "hoyde_moh": 668, "arealInnsjo_km2": 0.0229, "magasinKategori": null, "fid_2": 464, "id": 464, "left": 9.486919847, "top": 62.946110046000001, "right": 9.986919847, "bottom": 62.446110046000001, "row_index": 23, "col_index": 11, "tile_id": 464 }, "geometry": { "type": "MultiPolygon", "coordinates": [ [ [ [ 9.59846069912428, 62.91859699226049 ], [ 9.598440543859272, 62.918420741029855 ], [ 9.598853869181927, 62.918218742097189 ], [ 9.599185810916699, 62.917794676985082 ], [ 9.599134339720317, 62.91713803549159 ], [ 9.600189977253159, 62.916501561360548 ], [ 9.600331122211042, 62.916142164185352 ], [ 9.598458539269387, 62.916667555041997 ], [ 9.596674908975622, 62.91759255845421 ], [ 9.596612007725097, 62.918033517716033 ], [ 9.598124947769048, 62.918698480948258 ], [ 9.59846069912428, 62.91859699226049 ] ] ] ] } },
{ "type": "Feature", "properties": { "fid": 194485, "navn": null, "hoyde_moh": 1096, "arealInnsjo_km2": 0.0102, "magasinKategori": null, "fid_2": 464, "id": 464, "left": 9.486919847, "top": 62.946110046000001, "right": 9.986919847, "bottom": 62.446110046000001, "row_index": 23, "col_index": 11, "tile_id": 464 }, "geometry": { "type": "MultiPolygon", "coordinates": [ [ [ [ 9.940533016299861, 62.939262992470042 ], [ 9.940882250358792, 62.93901015525045 ], [ 9.940773186409302, 62.938861043364014 ], [ 9.940024302378223, 62.938770362439051 ], [ 9.940604962423658, 62.938580264684141 ], [ 9.940856517526695, 62.938284786837144 ], [ 9.940616258308514, 62.938056296121815 ], [ 9.940271928562156, 62.938049235436878 ], [ 9.939907171456628, 62.938297105322157 ], [ 9.939311249524556, 62.938033524993536 ], [ 9.937959479618225, 62.938390310782758 ], [ 9.938460435359744, 62.938581935201825 ], [ 9.93979522514616, 62.938712295642183 ], [ 9.939817140230151, 62.938828681037364 ], [ 9.939196076366015, 62.939138050073652 ], [ 9.940533016299861, 62.939262992470042 ] ] ] ] } },
{ "type": "Feature", "properties": { "fid": 194995, "navn": null, "hoyde_moh": 683, "arealInnsjo_km2": 0.0224, "magasinKategori": null, "fid_2": 464, "id": 464, "left": 9.486919847, "top": 62.946110046000001, "right": 9.986919847, "bottom": 62.446110046000001, "row_index": 23, "col_index": 11, "tile_id": 464 }, "geometry": { "type": "MultiPolygon", "coordinates": [ [ [ [ 9.555022401491975, 62.933728999349512 ], [ 9.55518581916105, 62.933620399476908 ], [ 9.555037105257837, 62.933308673921694 ], [ 9.555222557356256, 62.933134781945277 ], [ 9.555240605443789, 62.932710266297292 ], [ 9.555140691474692, 62.932529927065204 ], [ 9.554337281666385, 62.932250112507703 ], [ 9.554361068120915, 62.932088506376829 ], [ 9.553399091072603, 62.932116085723592 ], [ 9.552204238113665, 62.932653544090194 ], [ 9.552199020706574, 62.932994144084262 ], [ 9.5525986412931, 62.933164304932035 ], [ 9.553216014273243, 62.933163264448304 ], [ 9.553723395534112, 62.933518295876667 ], [ 9.553849242257089, 62.933923000688459 ], [ 9.55521861229923, 62.934268172521058 ], [ 9.555022401491975, 62.933728999349512 ] ] ] ] } },
{ "type": "Feature", "properties": { "fid": 196132, "navn": null, "hoyde_moh": 1309, "arealInnsjo_km2": 0.0243, "magasinKategori": null, "fid_2": 464, "id": 464, "left": 9.486919847, "top": 62.946110046000001, "right": 9.986919847, "bottom": 62.446110046000001, "row_index": 23, "col_index": 11, "tile_id": 464 }, "geometry": { "type": "MultiPolygon", "coordinates": [ [ [ [ 9.498444116478034, 62.541255821850996 ], [ 9.49866324844618, 62.540515148514693 ], [ 9.499612401343166, 62.540001007616773 ], [ 9.499541424496954, 62.539807411869774 ], [ 9.498834582347092, 62.539715710257234 ], [ 9.498667815354482, 62.539499524018879 ], [ 9.497532879789659, 62.539936036803219 ], [ 9.496370640766106, 62.539977722238731 ], [ 9.495756879536764, 62.540366399317442 ], [ 9.495741898132357, 62.540500984782192 ], [ 9.49667141826828, 62.540829007911611 ], [ 9.496822138250453, 62.541339216437351 ], [ 9.496676666728373, 62.541556488416518 ], [ 9.497094838506007, 62.541788541387703 ], [ 9.498444116478034, 62.541255821850996 ] ] ] ] } },
{ "type": "Feature", "properties": { "fid": 196134, "navn": null, "hoyde_moh": 1066, "arealInnsjo_km2": 0.0374, "magasinKategori": null, "fid_2": 464, "id": 464, "left": 9.486919847, "top": 62.946110046000001, "right": 9.986919847, "bottom": 62.446110046000001, "row_index": 23, "col_index": 11, "tile_id": 464 }, "geometry": { "type": "MultiPolygon", "coordinates": [ [ [ [ 9.515003079875246, 62.710853316226085 ], [ 9.515303067279802, 62.710388810379925 ], [ 9.515276286914748, 62.708934053970616 ], [ 9.515919830783504, 62.709388278444663 ], [ 9.516246724649072, 62.709249261180496 ], [ 9.516255366662728, 62.708864146747288 ], [ 9.515692731731628, 62.708468171158103 ], [ 9.515694452203222, 62.708226869091042 ], [ 9.515160463435905, 62.708137729949556 ], [ 9.514846463767318, 62.709029977517595 ], [ 9.51440197670733, 62.709382984270839 ], [ 9.514014508131529, 62.709586310828655 ], [ 9.51350505199421, 62.709527466137565 ], [ 9.513182088914505, 62.709894052158084 ], [ 9.512077708496593, 62.710557412940261 ], [ 9.5120431233366, 62.710847735418881 ], [ 9.512458029237816, 62.711015644008057 ], [ 9.512286054115748, 62.711338559293125 ], [ 9.511729020581971, 62.711559622637644 ], [ 9.511570653722739, 62.711927349101501 ], [ 9.511859661326532, 62.712072413960044 ], [ 9.515003079875246, 62.710853316226085 ] ] ] ] } },
{ "type": "Feature", "properties": { "fid": 196135, "navn": "Nonshøtjønna", "hoyde_moh": 1064, "arealInnsjo_km2": 0.1089, "magasinKategori": null, "fid_2": 464, "id": 464, "left": 9.486919847, "top": 62.946110046000001, "right": 9.986919847, "bottom": 62.446110046000001, "row_index": 23, "col_index": 11, "tile_id": 464 }, "geometry": { "type": "MultiPolygon", "coordinates": [ [ [ [ 9.519196973796246, 62.720481348558003 ], [ 9.520327059227947, 62.719730375798299 ], [ 9.521126938578295, 62.719495469267976 ], [ 9.521022616668436, 62.719261178510394 ], [ 9.521547279901002, 62.718860078319864 ], [ 9.521796311529314, 62.718265501839518 ], [ 9.521534535122456, 62.717600541914081 ], [ 9.520552998563666, 62.7166920553381 ], [ 9.519992937934404, 62.716520743031396 ], [ 9.517391091349754, 62.716980997225782 ], [ 9.516196492787925, 62.717697380132918 ], [ 9.515546681989246, 62.718342128919964 ], [ 9.515572640066987, 62.71907256386887 ], [ 9.516136533747687, 62.719518711191995 ], [ 9.516282126571012, 62.7205243588621 ], [ 9.517026919789767, 62.720935287680369 ], [ 9.517437847409736, 62.720960917262509 ], [ 9.519196973796246, 62.720481348558003 ] ] ] ] } },
{ "type": "Feature", "properties": { "fid": 196136, "navn": null, "hoyde_moh": 1117, "arealInnsjo_km2": 0.0076, "magasinKategori": null, "fid_2": 464, "id": 464, "left": 9.486919847, "top": 62.946110046000001, "right": 9.986919847, "bottom": 62.446110046000001, "row_index": 23, "col_index": 11, "tile_id": 464 }, "geometry": { "type": "MultiPolygon", "coordinates": [ [ [ [ 9.656659807128561, 62.741144075372695 ], [ 9.656823738621945, 62.740888023986933 ], [ 9.65597562923142, 62.740222463519345 ], [ 9.655480179608533, 62.740075788891033 ], [ 9.654471911628169, 62.740276413306439 ], [ 9.655458624388709, 62.740704314114318 ], [ 9.655408206596464, 62.74082548897735 ], [ 9.655677292563798, 62.741083478313335 ], [ 9.656659807128561, 62.741144075372695 ] ] ] ] } },
{ "type": "Feature", "properties": { "fid": 196291, "navn": "Verjvatnet", "hoyde_moh": 643, "arealInnsjo_km2": 0.1704, "magasinKategori": null, "fid_2": 464, "id": 464, "left": 9.486919847, "top": 62.946110046000001, "right": 9.986919847, "bottom": 62.446110046000001, "row_index": 23, "col_index": 11, "tile_id": 464 }, "geometry": { "type": "MultiPolygon", "coordinates": [ [ [ [ 9.856879354438746, 62.938519983808831 ], [ 9.858490327272882, 62.93759276964655 ], [ 9.858849919801358, 62.937270501820969 ], [ 9.858881085278416, 62.936942812606233 ], [ 9.858222001681959, 62.936051026894361 ], [ 9.855860479633707, 62.934534322629986 ], [ 9.854335388905909, 62.9344422609162 ], [ 9.853573999906393, 62.934881006886499 ], [ 9.853435672449999, 62.935135146177288 ], [ 9.853301754277595, 62.935019863021978 ], [ 9.853461443959782, 62.934906852652233 ], [ 9.852990503687327, 62.934541290513117 ], [ 9.851945863087213, 62.934352503152603 ], [ 9.851594565604463, 62.934135166220827 ], [ 9.850340051459575, 62.934462121743081 ], [ 9.849408532658606, 62.934270164105939 ], [ 9.848658581222823, 62.934733234933681 ], [ 9.848943439833896, 62.934911802817439 ], [ 9.848740717160291, 62.935067228449675 ], [ 9.848898210695801, 62.935190935959625 ], [ 9.848877624399226, 62.935454596424414 ], [ 9.848484340856245, 62.935624643879848 ], [ 9.848405517095269, 62.935864671985975 ], [ 9.847706574254991, 62.936024526162385 ], [ 9.851023835801177, 62.937510553291723 ], [ 9.855202680671471, 62.938171575007239 ], [ 9.855685466711089, 62.938673409554312 ], [ 9.856217937799631, 62.938731362350374 ], [ 9.856879354438746, 62.938519983808831 ] ], [ [ 9.849098675638011, 62.935877699733055 ], [ 9.849205633405525, 62.935656153970591 ], [ 9.850125170226368, 62.935217994347788 ], [ 9.850400664123061, 62.935268193406735 ], [ 9.85025067840337, 62.935377596963633 ], [ 9.850366759817291, 62.935527948003937 ], [ 9.851108215381991, 62.935631079577064 ], [ 9.850054772373298, 62.936076134779512 ], [ 9.84941315516876, 62.936061937952623 ], [ 9.849098675638011, 62.935877699733055 ] ] ] ] } },
{ "type": "Feature", "properties": { "fid": 196701, "navn": "Iltjønnin", "hoyde_moh": 802, "arealInnsjo_km2": 0.0886, "magasinKategori": null, "fid_2": 464, "id": 464, "left": 9.486919847, "top": 62.946110046000001, "right": 9.986919847, "bottom": 62.446110046000001, "row_index": 23, "col_index": 11, "tile_id": 464 }, "geometry": { "type": "MultiPolygon", "coordinates": [ [ [ [ 9.910689679812439, 62.922950740682502 ], [ 9.911123272135052, 62.92300185771925 ], [ 9.91244786213737, 62.922702832883218 ], [ 9.911447645296366, 62.922277332148184 ], [ 9.912988401598904, 62.921370506485552 ], [ 9.913156335719533, 62.92140689118262 ], [ 9.912879212733589, 62.921572843926619 ], [ 9.913016408931632, 62.92171337353782 ], [ 9.913953280242183, 62.92146680921573 ], [ 9.914653392684654, 62.921570635029141 ], [ 9.916060550008789, 62.921411392744815 ], [ 9.916762948858818, 62.920774007148381 ], [ 9.916706985607547, 62.920406652651849 ], [ 9.916850569362376, 62.92029353728276 ], [ 9.91581785625935, 62.920208478186851 ], [ 9.91507807256024, 62.919954967691865 ], [ 9.915080283782991, 62.919689030783537 ], [ 9.915766064169764, 62.919244827834625 ], [ 9.914801411947906, 62.919131721065298 ], [ 9.914347016138928, 62.919379974968379 ], [ 9.914237168311997, 62.919728117265201 ], [ 9.914360711510792, 62.919975566784771 ], [ 9.913141148577999, 62.920726950472393 ], [ 9.911439467037262, 62.920944609353754 ], [ 9.909734868801399, 62.920944074640225 ], [ 9.90931341833395, 62.920706540017676 ], [ 9.908369539410504, 62.920641730933049 ], [ 9.908087840839706, 62.920927968795056 ], [ 9.908219393066265, 62.921327570918429 ], [ 9.908118099582287, 62.921517236511463 ], [ 9.907308757053256, 62.921595468659746 ], [ 9.906989510324594, 62.921987311924603 ], [ 9.907305723774222, 62.922350952648159 ], [ 9.908208425356714, 62.922872636052084 ], [ 9.908039082678046, 62.923128931824962 ], [ 9.908689655026942, 62.922882481532184 ], [ 9.908612415743189, 62.923054125270284 ], [ 9.908738062638863, 62.923181557104328 ], [ 9.909995807487075, 62.923210208351279 ], [ 9.910689679812439, 62.922950740682502 ] ], [ [ 9.911474759222452, 62.921609714503141 ], [ 9.911807846448019, 62.921630388801638 ], [ 9.911556521355227, 62.922012190712252 ], [ 9.910796718939611, 62.922080178534273 ], [ 9.911474759222452, 62.921609714503141 ] ] ] ] } },
{ "type": "Feature", "properties": { "fid": 197046, "navn": "Masingtjønna", "hoyde_moh": 1056, "arealInnsjo_km2": 2.0194, "magasinKategori": null, "fid_2": 464, "id": 464, "left": 9.486919847, "top": 62.946110046000001, "right": 9.986919847, "bottom": 62.446110046000001, "row_index": 23, "col_index": 11, "tile_id": 464 }, "geometry": { "type": "MultiPolygon", "coordinates": [ [ [ [ 9.888093069767054, 62.520907863170876 ], [ 9.888003544620007, 62.52014365575301 ], [ 9.888343918449083, 62.519065222834364 ], [ 9.888379555713405, 62.518209253261944 ], [ 9.888042233015577, 62.517707922017877 ], [ 9.887738014800856, 62.517536446251142 ], [ 9.886374430415769, 62.517141588135509 ], [ 9.885744416314997, 62.517198631009308 ], [ 9.885677389408661, 62.516716297018704 ], [ 9.886729376482446, 62.516184696175323 ], [ 9.886855494515546, 62.515841427903538 ], [ 9.886306279041674, 62.515463396331988 ], [ 9.885481992516963, 62.515481011334757 ], [ 9.88507049669022, 62.514804575245009 ], [ 9.885997393158279, 62.51420424520402 ], [ 9.886121969332708, 62.513511856027549 ], [ 9.886456037460187, 62.513078606476689 ], [ 9.887762539768891, 62.512547703555931 ], [ 9.888501531762602, 62.511966376886562 ], [ 9.890344053766874, 62.509593018825406 ], [ 9.890371281885407, 62.509125840042714 ], [ 9.890156169781031, 62.508692958122666 ], [ 9.890760064903496, 62.50829361607677 ], [ 9.891371468264648, 62.507525961360614 ], [ 9.89300204479272, 62.506378765704092 ], [ 9.893134576233365, 62.505070229095416 ], [ 9.893519438499535, 62.504702704319186 ], [ 9.893582673547765, 62.504382678563417 ], [ 9.893070143523758, 62.503910562137804 ], [ 9.89291429816115, 62.503197817491277 ], [ 9.892486293975798, 62.50263235416562 ], [ 9.891971957321084, 62.502299251685294 ], [ 9.89152612368745, 62.501476011510199 ], [ 9.891078918432122, 62.501079512093156 ], [ 9.888974715747098, 62.500913989926644 ], [ 9.886159315602784, 62.501072027136779 ], [ 9.885515270400479, 62.500955541649027 ], [ 9.883867306152442, 62.500257810057711 ], [ 9.882330733449896, 62.499987976471381 ], [ 9.882327677179164, 62.49985174633639 ], [ 9.884414390803217, 62.499504466958165 ], [ 9.884592558439095, 62.498779590628189 ], [ 9.883915577595992, 62.49762377590902 ], [ 9.883529899755095, 62.497349071591863 ], [ 9.882439198059, 62.496844606366651 ], [ 9.881428883994824, 62.496757916848502 ], [ 9.880684731551492, 62.496955216588852 ], [ 9.880430284608, 62.49734801252734 ], [ 9.878542858948432, 62.497678445161341 ], [ 9.877314946841906, 62.498233730460861 ], [ 9.877272338122285, 62.498440794717816 ], [ 9.875877968462225, 62.498879919354344 ], [ 9.87968780067577, 62.499021706966836 ], [ 9.88144103164165, 62.499470466761778 ], [ 9.881898125960996, 62.49974060303866 ], [ 9.881775352564885, 62.499887864585347 ], [ 9.880526983397196, 62.499801242004516 ], [ 9.878939904465474, 62.500024685429821 ], [ 9.876507793132069, 62.500566195490116 ], [ 9.87651617542401, 62.500864741080207 ], [ 9.877096828936818, 62.501191257929108 ], [ 9.878135909224099, 62.501257440901568 ], [ 9.878887087871828, 62.500963426589628 ], [ 9.878629065807262, 62.501295182457937 ], [ 9.875505601791158, 62.501584098423507 ], [ 9.874006840971862, 62.501170268131155 ], [ 9.872281133217129, 62.501148238183539 ], [ 9.871124162138296, 62.501270739112464 ], [ 9.870294028287731, 62.501547052244163 ], [ 9.870173446006403, 62.50181791000346 ], [ 9.870719440446631, 62.50243242090032 ], [ 9.871044117651914, 62.50353341751083 ], [ 9.870151156417712, 62.504700606280068 ], [ 9.869995483487365, 62.505881173359505 ], [ 9.870163345857636, 62.507255384306056 ], [ 9.869816293953788, 62.507837555847324 ], [ 9.869815767786198, 62.50836815910327 ], [ 9.869380703386545, 62.508682767991388 ], [ 9.869293043238326, 62.5091508752609 ], [ 9.869657165629512, 62.509704440763272 ], [ 9.869709505089741, 62.510260291691289 ], [ 9.870568494835274, 62.511404168681231 ], [ 9.871774191885358, 62.512278033063666 ], [ 9.874099031225372, 62.513014740158546 ], [ 9.874515017008878, 62.513369572306175 ], [ 9.874523266996666, 62.514220505562278 ], [ 9.874236909954718, 62.514540599464041 ], [ 9.874359605464212, 62.515103262024098 ], [ 9.873453391076366, 62.516051012215847 ], [ 9.873467852407389, 62.516217981654187 ], [ 9.874868672039334, 62.516959631018516 ], [ 9.877026745644073, 62.517301402153528 ], [ 9.880864430890915, 62.518430320902311 ], [ 9.881251394549277, 62.518978568344977 ], [ 9.881283983264449, 62.51932793192087 ], [ 9.881107532684419, 62.519671328025133 ], [ 9.882539768545804, 62.520886722993851 ], [ 9.882551534712418, 62.521112698397033 ], [ 9.881879395515391, 62.521144698679365 ], [ 9.88188849324678, 62.521463150809701 ], [ 9.882249895965252, 62.521685949816565 ], [ 9.884444052140861, 62.521828116678385 ], [ 9.887725555970485, 62.521335933161588 ], [ 9.888093069767054, 62.520907863170876 ] ] ] ] } },
{ "type": "Feature", "properties": { "fid": 197053, "navn": null, "hoyde_moh": 530, "arealInnsjo_km2": 0.015, "magasinKategori": null, "fid_2": 464, "id": 464, "left": 9.486919847, "top": 62.946110046000001, "right": 9.986919847, "bottom": 62.446110046000001, "row_index": 23, "col_index": 11, "tile_id": 464 }, "geometry": { "type": "MultiPolygon", "coordinates": [ [ [ [ 9.830825330581694, 62.641972258123403 ], [ 9.831185537552642, 62.641343465333925 ], [ 9.830696379706536, 62.641155516246947 ], [ 9.830005306014456, 62.641200316479896 ], [ 9.830015270116911, 62.641005541241896 ], [ 9.830244958415671, 62.640865675908081 ], [ 9.829643358275248, 62.640338788025126 ], [ 9.828924594464105, 62.640471718110227 ], [ 9.828641324931636, 62.640865742599537 ], [ 9.828834403134325, 62.641370956317608 ], [ 9.829197901245665, 62.641525024225743 ], [ 9.829380975023577, 62.641837961825708 ], [ 9.830098101133453, 62.642145638304875 ], [ 9.830825330581694, 62.641972258123403 ] ] ] ] } },
{ "type": "Feature", "properties": { "fid": 198094, "navn": "Butjønna", "hoyde_moh": 1053, "arealInnsjo_km2": 0.0814, "magasinKategori": null, "fid_2": 464, "id": 464, "left": 9.486919847, "top": 62.946110046000001, "right": 9.986919847, "bottom": 62.446110046000001, "row_index": 23, "col_index": 11, "tile_id": 464 }, "geometry": { "type": "MultiPolygon", "coordinates": [ [ [ [ 9.899081525288942, 62.491131028917401 ], [ 9.900898600043279, 62.490820160591873 ], [ 9.901624931985296, 62.490156814294579 ], [ 9.902421692576763, 62.489876320246083 ], [ 9.901998105793353, 62.48944536353634 ], [ 9.90224108923014, 62.488986714129091 ], [ 9.901148511722285, 62.488409096268661 ], [ 9.900094981563345, 62.488345694068634 ], [ 9.899591229039734, 62.488542621950501 ], [ 9.899339668951177, 62.489110260146077 ], [ 9.899098581665081, 62.489253020820286 ], [ 9.898514281916823, 62.489276153400333 ], [ 9.897640353291559, 62.488968940650253 ], [ 9.897895418528993, 62.488842258236261 ], [ 9.897889813528042, 62.488606886195576 ], [ 9.897219453506196, 62.488084285340705 ], [ 9.896093140281963, 62.488088268049069 ], [ 9.895263385891472, 62.488681673081203 ], [ 9.8952134387575, 62.488993728726811 ], [ 9.895821409288246, 62.489379736349726 ], [ 9.89584410194912, 62.489737816886723 ], [ 9.89600806074283, 62.489882010560585 ], [ 9.897134455380844, 62.490449303476225 ], [ 9.896867443209768, 62.49108294641217 ], [ 9.899081525288942, 62.491131028917401 ] ] ] ] } },
{ "type": "Feature", "properties": { "fid": 198617, "navn": "Gullvolltjønna", "hoyde_moh": 1066, "arealInnsjo_km2": 0.0236, "magasinKategori": null, "fid_2": 464, "id": 464, "left": 9.486919847, "top": 62.946110046000001, "right": 9.986919847, "bottom": 62.446110046000001, "row_index": 23, "col_index": 11, "tile_id": 464 }, "geometry": { "type": "MultiPolygon", "coordinates": [ [ [ [ 9.626085124260555, 62.749331630174609 ], [ 9.626731980203923, 62.748863397854869 ], [ 9.626245026165517, 62.748391374739775 ], [ 9.625658861751768, 62.748315984456767 ], [ 9.624128185868138, 62.748763358830082 ], [ 9.622713593100947, 62.748899138688991 ], [ 9.622371611889838, 62.749113772605348 ], [ 9.622600089632225, 62.749668399200949 ], [ 9.623891848271986, 62.749862927476222 ], [ 9.626085124260555, 62.749331630174609 ] ] ] ] } },
{ "type": "Feature", "properties": { "fid": 198919, "navn": "Sætertjønna", "hoyde_moh": 810, "arealInnsjo_km2": 0.0279, "magasinKategori": null, "fid_2": 464, "id": 464, "left": 9.486919847, "top": 62.946110046000001, "right": 9.986919847, "bottom": 62.446110046000001, "row_index": 23, "col_index": 11, "tile_id": 464 }, "geometry": { "type": "MultiPolygon", "coordinates": [ [ [ [ 9.61194985266264, 62.844855812203356 ], [ 9.61388780718727, 62.845066280930254 ], [ 9.614258266704104, 62.844899430016646 ], [ 9.614276032977504, 62.844703938890511 ], [ 9.613613420590122, 62.844011457217483 ], [ 9.613737451282526, 62.843509494422086 ], [ 9.612998163463057, 62.843231700068287 ], [ 9.612808296037699, 62.842989731422705 ], [ 9.611384572556149, 62.843073883297855 ], [ 9.610788741678158, 62.843477386293458 ], [ 9.611734204910976, 62.844552651698713 ], [ 9.610501312250378, 62.845104583074232 ], [ 9.611080468220157, 62.845196272012267 ], [ 9.61194985266264, 62.844855812203356 ] ] ] ] } },
{ "type": "Feature", "properties": { "fid": 198923, "navn": "Røravatnet", "hoyde_moh": 753, "arealInnsjo_km2": 0.033, "magasinKategori": null, "fid_2": 464, "id": 464, "left": 9.486919847, "top": 62.946110046000001, "right": 9.986919847, "bottom": 62.446110046000001, "row_index": 23, "col_index": 11, "tile_id": 464 }, "geometry": { "type": "MultiPolygon", "coordinates": [ [ [ [ 9.910898643424824, 62.877850303921797 ], [ 9.911311293022667, 62.877619818671548 ], [ 9.911577079793561, 62.877761949600206 ], [ 9.911835286446179, 62.877482333307157 ], [ 9.910952010972569, 62.876799497782912 ], [ 9.909378480378763, 62.876267817421031 ], [ 9.907584198546843, 62.876024910470314 ], [ 9.906766320414597, 62.876351183430771 ], [ 9.906964129372474, 62.876711989859295 ], [ 9.908363354897567, 62.877659400777155 ], [ 9.909605939254396, 62.877951328364901 ], [ 9.910898643424824, 62.877850303921797 ] ] ] ] } },
{ "type": "Feature", "properties": { "fid": 198933, "navn": "Hildratjønna", "hoyde_moh": 688, "arealInnsjo_km2": 0.0541, "magasinKategori": null, "fid_2": 464, "id": 464, "left": 9.486919847, "top": 62.946110046000001, "right": 9.986919847, "bottom": 62.446110046000001, "row_index": 23, "col_index": 11, "tile_id": 464 }, "geometry": { "type": "MultiPolygon", "coordinates": [ [ [ [ 9.93066378108265, 62.797581617193465 ], [ 9.931473237062459, 62.797675082242776 ], [ 9.932916080483853, 62.797419422822188 ], [ 9.933502764586631, 62.797159924790762 ], [ 9.933401965875143, 62.797008121130943 ], [ 9.932517306429586, 62.796761537522116 ], [ 9.932720608747877, 62.796087875689608 ], [ 9.932332590146313, 62.795392774007659 ], [ 9.932418982467658, 62.794883297615655 ], [ 9.93204606447301, 62.794515836786317 ], [ 9.93112278166609, 62.794443720626745 ], [ 9.929355950655655, 62.795052174613595 ], [ 9.929313267424407, 62.795302073218132 ], [ 9.928979924336323, 62.79560687180031 ], [ 9.929417283122467, 62.795759953754953 ], [ 9.929539301656257, 62.796040451925947 ], [ 9.929812926091445, 62.796152802264615 ], [ 9.930003280889224, 62.79666049066288 ], [ 9.929977676195493, 62.796828422242783 ], [ 9.92950506408113, 62.797040479629111 ], [ 9.929227375008065, 62.797385972983434 ], [ 9.929229161915181, 62.797698201864925 ], [ 9.93066378108265, 62.797581617193465 ] ] ] ] } },
{ "type": "Feature", "properties": { "fid": 198936, "navn": "Ramssjøen", "hoyde_moh": 689, "arealInnsjo_km2": 0.4962, "magasinKategori": null, "fid_2": 464, "id": 464, "left": 9.486919847, "top": 62.946110046000001, "right": 9.986919847, "bottom": 62.446110046000001, "row_index": 23, "col_index": 11, "tile_id": 464 }, "geometry": { "type": "MultiPolygon", "coordinates": [ [ [ [ 9.817642229116753, 62.817821011929887 ], [ 9.81978173973916, 62.816916680478762 ], [ 9.820972428065289, 62.816839235161922 ], [ 9.821859430119931, 62.81660348013876 ], [ 9.822414152278062, 62.816003326133355 ], [ 9.82291812623631, 62.815838461629809 ], [ 9.823844373744651, 62.815942337819187 ], [ 9.824190635929494, 62.816153665226523 ], [ 9.824365490164801, 62.817028946028792 ], [ 9.824784337496968, 62.817510516157576 ], [ 9.826454120628595, 62.81756260322615 ], [ 9.825996252134427, 62.815930872355068 ], [ 9.826151182583905, 62.814640933085862 ], [ 9.825995325864669, 62.813988130064587 ], [ 9.826412796051521, 62.813206205952206 ], [ 9.826321277873257, 62.813094960279471 ], [ 9.827591858273403, 62.811998267161911 ], [ 9.827949820499761, 62.811318332212252 ], [ 9.825076388857033, 62.811058866113683 ], [ 9.823927459009067, 62.811894343034012 ], [ 9.82291540266564, 62.811969128241934 ], [ 9.822621470294688, 62.811800392190321 ], [ 9.822521162566451, 62.811329480612564 ], [ 9.82276455689226, 62.810992523403669 ], [ 9.822880184943342, 62.810213242063305 ], [ 9.822608415987078, 62.809887516078987 ], [ 9.821412567616434, 62.809555054961216 ], [ 9.820564295022288, 62.809698301951748 ], [ 9.819924382010651, 62.81017987177723 ], [ 9.815974493133201, 62.811459646408011 ], [ 9.815045293008692, 62.812052244393534 ], [ 9.813645695358963, 62.812375183791865 ], [ 9.812381769941487, 62.812459573197209 ], [ 9.811569591514514, 62.812664923069441 ], [ 9.810918981335556, 62.813034318727148 ], [ 9.810900977342953, 62.813516075697059 ], [ 9.811364906575992, 62.814443634193807 ], [ 9.811897486492034, 62.814832104561226 ], [ 9.812096670394942, 62.815314598941697 ], [ 9.81258096334591, 62.815566775959375 ], [ 9.812703960268191, 62.816081002844967 ], [ 9.813523307883177, 62.816906339708162 ], [ 9.81361215025605, 62.817272112035099 ], [ 9.814465766295479, 62.817669549190974 ], [ 9.816147754399145, 62.817985822475279 ], [ 9.817642229116753, 62.817821011929887 ] ] ] ] } },
{ "type": "Feature", "properties": { "fid": 198938, "navn": "Storhauktjønna", "hoyde_moh": 640, "arealInnsjo_km2": 0.0532, "magasinKategori": null, "fid_2": 464, "id": 464, "left": 9.486919847, "top": 62.946110046000001, "right": 9.986919847, "bottom": 62.446110046000001, "row_index": 23, "col_index": 11, "tile_id": 464 }, "geometry": { "type": "MultiPolygon", "coordinates": [ [ [ [ 9.795604090994544, 62.843588057826082 ], [ 9.796171177790288, 62.843442794911162 ], [ 9.796346348241284, 62.843190883908413 ], [ 9.796052501260402, 62.842713226747108 ], [ 9.796061025277876, 62.842269891618926 ], [ 9.795114709747871, 62.84200630831026 ], [ 9.792071793319435, 62.841535904761194 ], [ 9.791598648285611, 62.841545626378867 ], [ 9.790652698584145, 62.84196797315218 ], [ 9.790431187408423, 62.842234534822367 ], [ 9.790540736167104, 62.84251121278767 ], [ 9.791299605013535, 62.842563101712159 ], [ 9.791566854110469, 62.842981662944844 ], [ 9.791499612557411, 62.843362811480901 ], [ 9.792102784027637, 62.843723195961374 ], [ 9.795604090994544, 62.843588057826082 ] ] ] ] } },
{ "type": "Feature", "properties": { "fid": 199840, "navn": "Jølvatnet", "hoyde_moh": 708, "arealInnsjo_km2": 0.8936, "magasinKategori": null, "fid_2": 464, "id": 464, "left": 9.486919847, "top": 62.946110046000001, "right": 9.986919847, "bottom": 62.446110046000001, "row_index": 23, "col_index": 11, "tile_id": 464 }, "geometry": { "type": "MultiPolygon", "coordinates": [ [ [ [ 9.526027877615883, 62.876012795591684 ], [ 9.52675161450933, 62.875313547544941 ], [ 9.528561749143845, 62.874791759599667 ], [ 9.529885565407717, 62.874076706601649 ], [ 9.531251794459411, 62.87365154547313 ], [ 9.53251150336688, 62.873477003073347 ], [ 9.534705949777658, 62.871962785076953 ], [ 9.534596470180459, 62.871683235930732 ], [ 9.53375418928273, 62.871499022325857 ], [ 9.532796458094866, 62.871578765998578 ], [ 9.530566045402084, 62.871155233633274 ], [ 9.530791946410341, 62.870938497528279 ], [ 9.53181292070377, 62.870805971797999 ], [ 9.532594935817354, 62.870514393267449 ], [ 9.532798362376697, 62.870191936829137 ], [ 9.53270332950634, 62.869695611006996 ], [ 9.532197671337519, 62.869552828211738 ], [ 9.531271103009079, 62.86960317395792 ], [ 9.530272396533043, 62.869186784217938 ], [ 9.529744342920308, 62.869153543859348 ], [ 9.529189542728137, 62.868715634195759 ], [ 9.526849374462934, 62.868046486378937 ], [ 9.525238013866066, 62.867167471861841 ], [ 9.523729211626261, 62.867197693908118 ], [ 9.52236403462951, 62.866983400808806 ], [ 9.522067802631868, 62.866859270557256 ], [ 9.522073190030454, 62.86619459510203 ], [ 9.521768750551093, 62.865631506700254 ], [ 9.518574158188681, 62.86523236463637 ], [ 9.513309556232057, 62.863716939311786 ], [ 9.509845328982292, 62.863753353619245 ], [ 9.509257830214795, 62.863553106776664 ], [ 9.508384964032679, 62.863552027527952 ], [ 9.506382716625913, 62.863805225277737 ], [ 9.505192958402931, 62.864184933862902 ], [ 9.502957963098309, 62.864393795116065 ], [ 9.50221166382542, 62.864733678181118 ], [ 9.502224246239679, 62.864970232775853 ], [ 9.50349864760463, 62.865768408419598 ], [ 9.503586433877908, 62.866057942202531 ], [ 9.503328869330666, 62.866632848785137 ], [ 9.50283413759391, 62.866921377726648 ], [ 9.501979030415034, 62.867109770117047 ], [ 9.502515453891684, 62.867761094029561 ], [ 9.501111999449959, 62.869025546874092 ], [ 9.501250812104802, 62.869144914345576 ], [ 9.502344091991537, 62.869369208168642 ], [ 9.502631426184561, 62.86970650664729 ], [ 9.503669172414289, 62.869382155627825 ], [ 9.505160049929822, 62.869361164127447 ], [ 9.505726597246827, 62.868987147116606 ], [ 9.505716475591294, 62.868500768887181 ], [ 9.50505224696361, 62.868019866529714 ], [ 9.505041411279489, 62.86769608426534 ], [ 9.50520558325438, 62.86756984779138 ], [ 9.507047296852505, 62.867232537674489 ], [ 9.51033468633544, 62.867392394797037 ], [ 9.511263053207093, 62.867291320504833 ], [ 9.51205144584266, 62.867691543107952 ], [ 9.512059463972612, 62.86795500511387 ], [ 9.51182858897487, 62.868175570020348 ], [ 9.511974422680638, 62.868491301669053 ], [ 9.51532154398401, 62.868850910647666 ], [ 9.515818670337815, 62.8691473169483 ], [ 9.516824522633931, 62.869402281777624 ], [ 9.51699081080524, 62.869579491012793 ], [ 9.517038508687746, 62.870145175226448 ], [ 9.51817021451145, 62.87061364858512 ], [ 9.518316974547679, 62.871110298702497 ], [ 9.519331298532006, 62.872002291980209 ], [ 9.522567395596019, 62.872209702787373 ], [ 9.524226398275353, 62.872061593913884 ], [ 9.524571180588346, 62.872753228262511 ], [ 9.524543243474726, 62.873109510525154 ], [ 9.524832997937633, 62.873444869529912 ], [ 9.524749802459645, 62.874109572382451 ], [ 9.524373432217342, 62.874638572179457 ], [ 9.524934903963024, 62.875266739097476 ], [ 9.5248205010039, 62.875996102965978 ], [ 9.525546486342154, 62.876139571114358 ], [ 9.526027877615883, 62.876012795591684 ] ] ] ] } },
{ "type": "Feature", "properties": { "fid": 200042, "navn": "Storvatnet", "hoyde_moh": 638, "arealInnsjo_km2": 0.2285, "magasinKategori": 1, "fid_2": 464, "id": 464, "left": 9.486919847, "top": 62.946110046000001, "right": 9.986919847, "bottom": 62.446110046000001, "row_index": 23, "col_index": 11, "tile_id": 464 }, "geometry": { "type": "MultiPolygon", "coordinates": [ [ [ [ 9.859772913899029, 62.944355653304441 ], [ 9.860474271135129, 62.943584143850536 ], [ 9.861154651986414, 62.943395656664549 ], [ 9.862001169950096, 62.943678800583704 ], [ 9.862337303134479, 62.943636271208597 ], [ 9.862705206950878, 62.943355680208576 ], [ 9.8629515720926, 62.942884426649741 ], [ 9.863589435697232, 62.942498252346539 ], [ 9.865140881989603, 62.942613653824381 ], [ 9.866103650885261, 62.942908567401297 ], [ 9.867576828329696, 62.942788257688093 ], [ 9.868279985794761, 62.942997225609638 ], [ 9.868901219773605, 62.942833627543003 ], [ 9.868984470480195, 62.94275991948993 ], [ 9.868727769300001, 62.942495246744159 ], [ 9.869604578886625, 62.940882256711745 ], [ 9.869408394140086, 62.93998256399842 ], [ 9.868827165542905, 62.939676740694871 ], [ 9.868740660463446, 62.939339277600261 ], [ 9.867994850671744, 62.938830429857191 ], [ 9.865967772738301, 62.938753856925977 ], [ 9.86346115073971, 62.93892273731803 ], [ 9.861410514669902, 62.939354267608273 ], [ 9.859910240768018, 62.941015360907052 ], [ 9.85833923905091, 62.941940185599819 ], [ 9.857889263060773, 62.942595088778198 ], [ 9.858038763905299, 62.943141873809019 ], [ 9.858963538755168, 62.943837779984328 ], [ 9.859127433001248, 62.94467343030086 ], [ 9.859741438863189, 62.944658140754221 ], [ 9.859772913899029, 62.944355653304441 ] ], [ [ 9.862705830296296, 62.942606016497045 ], [ 9.86296556119853, 62.942640769220453 ], [ 9.862471656861699, 62.942957339830819 ], [ 9.862378577213029, 62.942821694987771 ], [ 9.862705830296296, 62.942606016497045 ] ] ] ] } },
{ "type": "Feature", "properties": { "fid": 200046, "navn": "Hevertjønna", "hoyde_moh": 918, "arealInnsjo_km2": 0.123, "magasinKategori": null, "fid_2": 464, "id": 464, "left": 9.486919847, "top": 62.946110046000001, "right": 9.986919847, "bottom": 62.446110046000001, "row_index": 23, "col_index": 11, "tile_id": 464 }, "geometry": { "type": "MultiPolygon", "coordinates": [ [ [ [ 9.861128102840105, 62.772870357491691 ], [ 9.861796148490193, 62.772082614349465 ], [ 9.861665299426187, 62.771558714012556 ], [ 9.862212037099859, 62.771235251001457 ], [ 9.86245236112026, 62.770667009551005 ], [ 9.862919207689099, 62.770456944504204 ], [ 9.862947376562207, 62.770260589967677 ], [ 9.863224100905166, 62.770192634597841 ], [ 9.86323218872201, 62.76994705269891 ], [ 9.863741795202628, 62.769622314969254 ], [ 9.86525881851548, 62.767507158813103 ], [ 9.865146270764196, 62.767314918615874 ], [ 9.864448003243831, 62.767942775323569 ], [ 9.864157973829329, 62.767832741694413 ], [ 9.864290349394324, 62.767670342013211 ], [ 9.864230550289742, 62.767358038285813 ], [ 9.865053480249575, 62.76565821150745 ], [ 9.864829501326419, 62.765570299864748 ], [ 9.864623802822146, 62.765702934839922 ], [ 9.864063937989616, 62.766491948618722 ], [ 9.863650070196956, 62.766623795961827 ], [ 9.863361344366313, 62.766465855913658 ], [ 9.863149275165375, 62.766036145668643 ], [ 9.861974952479592, 62.766217051938739 ], [ 9.861096577428661, 62.767165772554705 ], [ 9.861177098548856, 62.767371507738147 ], [ 9.860869879684097, 62.767569332360146 ], [ 9.860950506662205, 62.768275105784774 ], [ 9.860733630009898, 62.768555951221607 ], [ 9.860920450981205, 62.768757844676031 ], [ 9.860645498200526, 62.768945065941097 ], [ 9.861040787657446, 62.76926984552869 ], [ 9.861026359741302, 62.769497652000247 ], [ 9.860883466853348, 62.769852912116697 ], [ 9.860512021973674, 62.770138439846008 ], [ 9.860538867708369, 62.770430105700541 ], [ 9.860369734359535, 62.770620664758368 ], [ 9.860361957793714, 62.771191667789381 ], [ 9.860559512697428, 62.771350140938388 ], [ 9.859486107627236, 62.772165216940913 ], [ 9.859265204366622, 62.772196705881839 ], [ 9.859064131228365, 62.772019028976779 ], [ 9.858801831069224, 62.771296877849274 ], [ 9.858824122222662, 62.770728385414607 ], [ 9.858982293675185, 62.770497210992112 ], [ 9.858788937131965, 62.770011140273233 ], [ 9.85804259461603, 62.769745996899012 ], [ 9.856790957302454, 62.770411200768621 ], [ 9.856764041903697, 62.770724917999793 ], [ 9.857002254096816, 62.770923663450958 ], [ 9.857547171613378, 62.770952640932386 ], [ 9.857478928698967, 62.771499656283503 ], [ 9.858086745305535, 62.771738580957908 ], [ 9.857902975695341, 62.772008311683123 ], [ 9.857660874477197, 62.772059983220032 ], [ 9.857627722574501, 62.772371222569603 ], [ 9.859430215517417, 62.772945338837317 ], [ 9.860692284839867, 62.773537955329438 ], [ 9.861086917544844, 62.773541708357691 ], [ 9.861128102840105, 62.772870357491691 ] ], [ [ 9.862928281390687, 62.767224333927686 ], [ 9.86283940717408, 62.767190219915555 ], [ 9.863014316331361, 62.767047372651881 ], [ 9.863100782040229, 62.767100921046129 ], [ 9.862928281390687, 62.767224333927686 ] ], [ [ 9.863194308927245, 62.767252431521221 ], [ 9.863394073284754, 62.767183187061406 ], [ 9.86353238607675, 62.767346953659413 ], [ 9.863331220701289, 62.767444486431344 ], [ 9.863194308927245, 62.767252431521221 ] ], [ [ 9.862608904678039, 62.767738398523782 ], [ 9.863122593745993, 62.767645566863862 ], [ 9.863061149470187, 62.767741199673836 ], [ 9.862772435446338, 62.767842002499243 ], [ 9.862608904678039, 62.767738398523782 ] ], [ [ 9.862304094094593, 62.768128392750299 ], [ 9.862480075222571, 62.768130251256871 ], [ 9.862406201175901, 62.768259975643204 ], [ 9.862241247149948, 62.768407595472972 ], [ 9.862304094094593, 62.768128392750299 ] ], [ [ 9.861236996937121, 62.770680333090219 ], [ 9.862023130676583, 62.769246999076039 ], [ 9.861833375751925, 62.769151880092728 ], [ 9.861938152166928, 62.768902463025263 ], [ 9.86220501628754, 62.768821193534762 ], [ 9.862084531976821, 62.769053751346398 ], [ 9.862185152263789, 62.769130850154205 ], [ 9.862739737747694, 62.769004070635688 ], [ 9.863319666081653, 62.769094406466841 ], [ 9.863260489782158, 62.769292954064461 ], [ 9.862107874987737, 62.770075636037546 ], [ 9.862187084491286, 62.770430756469914 ], [ 9.861311463482147, 62.771175088471061 ], [ 9.861236996937121, 62.770680333090219 ] ] ] ] } },
{ "type": "Feature", "properties": { "fid": 200084, "navn": "Langvatnet", "hoyde_moh": 631, "arealInnsjo_km2": 0.0896, "magasinKategori": null, "fid_2": 464, "id": 464, "left": 9.486919847, "top": 62.946110046000001, "right": 9.986919847, "bottom": 62.446110046000001, "row_index": 23, "col_index": 11, "tile_id": 464 }, "geometry": { "type": "MultiPolygon", "coordinates": [ [ [ [ 9.579305642656141, 62.907965254204036 ], [ 9.58095022359125, 62.907054734170245 ], [ 9.58096286521187, 62.906705159648581 ], [ 9.581516932461366, 62.906382197872048 ], [ 9.584757088942172, 62.905953963600901 ], [ 9.585108040216126, 62.905694082828397 ], [ 9.585435106441251, 62.905759494757369 ], [ 9.585527251341851, 62.905583511614196 ], [ 9.585753804286444, 62.905850950808649 ], [ 9.58725247660564, 62.905683823702567 ], [ 9.590110017722013, 62.905000838046227 ], [ 9.592582101582941, 62.904190766571027 ], [ 9.593027506513382, 62.903843070218514 ], [ 9.591959605575292, 62.903682696943115 ], [ 9.589908710967114, 62.903749174716182 ], [ 9.589724405913389, 62.904031132618712 ], [ 9.588588659879337, 62.904413820114165 ], [ 9.586854992875899, 62.90465182837567 ], [ 9.584257765433307, 62.905447178514436 ], [ 9.582949247543757, 62.905023972688014 ], [ 9.581922179690052, 62.905155672825131 ], [ 9.58169379382821, 62.905658200360463 ], [ 9.580593344614394, 62.906121018760714 ], [ 9.580259622353701, 62.906533726601019 ], [ 9.579807830490637, 62.906772073799381 ], [ 9.577815239010405, 62.906997391454198 ], [ 9.577600652395347, 62.907107638539252 ], [ 9.577721040512468, 62.907311967001817 ], [ 9.577034185076085, 62.907316180657773 ], [ 9.575858376822797, 62.907790909602909 ], [ 9.57585882613148, 62.907937521503634 ], [ 9.576342237587511, 62.908236837807074 ], [ 9.577257288096598, 62.908367498844861 ], [ 9.579305642656141, 62.907965254204036 ] ] ] ] } },
{ "type": "Feature", "properties": { "fid": 200085, "navn": null, "hoyde_moh": 673, "arealInnsjo_km2": 0.0239, "magasinKategori": null, "fid_2": 464, "id": 464, "left": 9.486919847, "top": 62.946110046000001, "right": 9.986919847, "bottom": 62.446110046000001, "row_index": 23, "col_index": 11, "tile_id": 464 }, "geometry": { "type": "MultiPolygon", "coordinates": [ [ [ [ 9.592955353032231, 62.91355641322523 ], [ 9.593770436903334, 62.913621566258968 ], [ 9.594849260639679, 62.913392592959596 ], [ 9.595104223045304, 62.913014534333023 ], [ 9.59501367686215, 62.912685296777823 ], [ 9.595242721571397, 62.912452834396298 ], [ 9.594949666442897, 62.912134445966217 ], [ 9.594605925126874, 62.912072287763777 ], [ 9.594659976802705, 62.91197519638002 ], [ 9.593752388387099, 62.911983703707541 ], [ 9.592770792558587, 62.912660679552999 ], [ 9.591994456273721, 62.912919890021008 ], [ 9.591449927501513, 62.913665219075533 ], [ 9.591471920189127, 62.913863320609863 ], [ 9.591908807621465, 62.913976850116214 ], [ 9.592955353032231, 62.91355641322523 ] ] ] ] } },
{ "type": "Feature", "properties": { "fid": 200086, "navn": "Langvatnet", "hoyde_moh": 639, "arealInnsjo_km2": 0.07, "magasinKategori": null, "fid_2": 464, "id": 464, "left": 9.486919847, "top": 62.946110046000001, "right": 9.986919847, "bottom": 62.446110046000001, "row_index": 23, "col_index": 11, "tile_id": 464 }, "geometry": { "type": "MultiPolygon", "coordinates": [ [ [ [ 9.866767715350925, 62.937360656325467 ], [ 9.866533204140444, 62.936714702263892 ], [ 9.866576601852127, 62.935489152326852 ], [ 9.867104613630721, 62.934206864357428 ], [ 9.868289585068549, 62.933476164379762 ], [ 9.868210834808016, 62.933076636697649 ], [ 9.867848514566907, 62.932868657788738 ], [ 9.866453463264428, 62.932659291619416 ], [ 9.866083592425813, 62.932867753652495 ], [ 9.865719063910282, 62.933615844243491 ], [ 9.865275237006953, 62.934014854865019 ], [ 9.864571177894538, 62.935270386489009 ], [ 9.863192395827578, 62.93704812184815 ], [ 9.863200173086639, 62.937326400275367 ], [ 9.8637602977168, 62.937589915828241 ], [ 9.865585700881718, 62.937833884542023 ], [ 9.866767715350925, 62.937360656325467 ] ] ] ] } },
{ "type": "Feature", "properties": { "fid": 200252, "navn": "Våttåtjønna", "hoyde_moh": 719, "arealInnsjo_km2": 0.0197, "magasinKategori": null, "fid_2": 464, "id": 464, "left": 9.486919847, "top": 62.946110046000001, "right": 9.986919847, "bottom": 62.446110046000001, "row_index": 23, "col_index": 11, "tile_id": 464 }, "geometry": { "type": "MultiPolygon", "coordinates": [ [ [ [ 9.911953341552096, 62.789381575955041 ], [ 9.912419281213543, 62.789172934148894 ], [ 9.912518747766253, 62.788681747764549 ], [ 9.912062817572219, 62.788269022974404 ], [ 9.912265950269239, 62.787766841707544 ], [ 9.912010851251368, 62.787689040769948 ], [ 9.911527138393064, 62.787960819486436 ], [ 9.911172069125355, 62.787970343715905 ], [ 9.909410944047711, 62.787428133175531 ], [ 9.910431967431688, 62.788161480440344 ], [ 9.910117295954896, 62.788274754676934 ], [ 9.909853364098595, 62.788773828827544 ], [ 9.909914635789512, 62.788972709437751 ], [ 9.910489560790815, 62.789324354929889 ], [ 9.911953341552096, 62.789381575955041 ] ], [ [ 9.91052141978834, 62.788888023038837 ], [ 9.910621027913821, 62.789008406998263 ], [ 9.910428062188352, 62.789009774745679 ], [ 9.910349294786283, 62.788942684619101 ], [ 9.91052141978834, 62.788888023038837 ] ] ] ] } },
{ "type": "Feature", "properties": { "fid": 201717, "navn": null, "hoyde_moh": 812, "arealInnsjo_km2": 0.0166, "magasinKategori": null, "fid_2": 464, "id": 464, "left": 9.486919847, "top": 62.946110046000001, "right": 9.986919847, "bottom": 62.446110046000001, "row_index": 23, "col_index": 11, "tile_id": 464 }, "geometry": { "type": "MultiPolygon", "coordinates": [ [ [ [ 9.894882348384792, 62.889235951121464 ], [ 9.895050149282099, 62.889019650870118 ], [ 9.894090511015294, 62.888216444921014 ], [ 9.893375885478543, 62.888348930561115 ], [ 9.893285212317496, 62.888227876625123 ], [ 9.893410486465084, 62.888080295887676 ], [ 9.893014667597077, 62.887958060149209 ], [ 9.891159080525673, 62.888090401356102 ], [ 9.89174411000382, 62.888381268219447 ], [ 9.891500716134171, 62.888564052376879 ], [ 9.891691169647725, 62.888821697388053 ], [ 9.892253194258487, 62.888820603777972 ], [ 9.893018347579977, 62.889084808037268 ], [ 9.893605663201811, 62.889021202721977 ], [ 9.893645039997477, 62.88920471830194 ], [ 9.894192401449615, 62.889339829026412 ], [ 9.894882348384792, 62.889235951121464 ] ], [ [ 9.892284656894054, 62.888231944329526 ], [ 9.892396604206438, 62.888366636258404 ], [ 9.892239873867176, 62.888400619514933 ], [ 9.892051748696867, 62.888345568111774 ], [ 9.892284656894054, 62.888231944329526 ] ] ] ] } },
{ "type": "Feature", "properties": { "fid": 201942, "navn": "Bjogntjønnin", "hoyde_moh": 668, "arealInnsjo_km2": 0.0191, "magasinKategori": null, "fid_2": 464, "id": 464, "left": 9.486919847, "top": 62.946110046000001, "right": 9.986919847, "bottom": 62.446110046000001, "row_index": 23, "col_index": 11, "tile_id": 464 }, "geometry": { "type": "MultiPolygon", "coordinates": [ [ [ [ 9.598500070470488, 62.92233653703375 ], [ 9.598909946053567, 62.921919421485399 ], [ 9.599660758819516, 62.92184429472357 ], [ 9.599379027561726, 62.921600684563884 ], [ 9.599710227801703, 62.921332628843906 ], [ 9.598238585933162, 62.920994671245715 ], [ 9.597238865217587, 62.921309143864036 ], [ 9.596524401345421, 62.921252739673825 ], [ 9.595728289713229, 62.92161470412843 ], [ 9.596432132830129, 62.921726497402226 ], [ 9.597087290813386, 62.921458555752814 ], [ 9.596371358346579, 62.922006278752001 ], [ 9.59652865308875, 62.922027885621894 ], [ 9.596486224292457, 62.922156020438173 ], [ 9.596956909478889, 62.922157891933175 ], [ 9.596809074192622, 62.922305197505544 ], [ 9.597715633024459, 62.922526272767513 ], [ 9.598500070470488, 62.92233653703375 ] ] ] ] } },
{ "type": "Feature", "properties": { "fid": 202418, "navn": "Fisktjønna", "hoyde_moh": 865, "arealInnsjo_km2": 0.0207, "magasinKategori": null, "fid_2": 464, "id": 464, "left": 9.486919847, "top": 62.946110046000001, "right": 9.986919847, "bottom": 62.446110046000001, "row_index": 23, "col_index": 11, "tile_id": 464 }, "geometry": { "type": "MultiPolygon", "coordinates": [ [ [ [ 9.522251646678864, 62.787108232937896 ], [ 9.522291210616217, 62.786892619186681 ], [ 9.521613656585947, 62.786070416099065 ], [ 9.520925840057437, 62.785592580568235 ], [ 9.52040408863493, 62.785548348216878 ], [ 9.519410828190809, 62.785096368505236 ], [ 9.519840859564358, 62.785870215300399 ], [ 9.520430541305847, 62.785973890786721 ], [ 9.520101910646291, 62.78666724661479 ], [ 9.5202143088155, 62.787185242812299 ], [ 9.520776809125371, 62.787772570027549 ], [ 9.52126474222495, 62.787847697249617 ], [ 9.522251646678864, 62.787108232937896 ] ] ] ] } },
{ "type": "Feature", "properties": { "fid": 202422, "navn": "Kreklingen", "hoyde_moh": 685, "arealInnsjo_km2": 0.1943, "magasinKategori": null, "fid_2": 464, "id": 464, "left": 9.486919847, "top": 62.946110046000001, "right": 9.986919847, "bottom": 62.446110046000001, "row_index": 23, "col_index": 11, "tile_id": 464 }, "geometry": { "type": "MultiPolygon", "coordinates": [ [ [ [ 9.770384848992498, 62.841917230469996 ], [ 9.771462259251205, 62.84157854205877 ], [ 9.771822300398146, 62.841294397730742 ], [ 9.771419041179561, 62.840729379912041 ], [ 9.771367775978865, 62.840287859643652 ], [ 9.773093465354306, 62.840405701057932 ], [ 9.776010397369225, 62.840986918916258 ], [ 9.776639423757119, 62.840879936198746 ], [ 9.7761341938673, 62.84057332556889 ], [ 9.773997748255386, 62.840449689984396 ], [ 9.774007317259844, 62.840289802898567 ], [ 9.773508671145882, 62.839866820808403 ], [ 9.772726271955481, 62.839435797734744 ], [ 9.772973413633105, 62.839052618157801 ], [ 9.773756296251955, 62.838849613629336 ], [ 9.774140001336932, 62.838584789831224 ], [ 9.774176532083867, 62.83773607794042 ], [ 9.774847387570754, 62.837391511290448 ], [ 9.77433730226427, 62.837097127759272 ], [ 9.774004084566238, 62.836548848505373 ], [ 9.774092244836682, 62.836418427498216 ], [ 9.77328940200969, 62.836218776834947 ], [ 9.77263947296788, 62.836613870043571 ], [ 9.771390685360238, 62.83657108227446 ], [ 9.771114990934866, 62.836695780953214 ], [ 9.770658504852133, 62.83654823588693 ], [ 9.771188933127194, 62.837488414056999 ], [ 9.771384508226634, 62.838285484299199 ], [ 9.771732706506036, 62.838683172048661 ], [ 9.771741807726269, 62.838900617630031 ], [ 9.771463508498663, 62.839183484613059 ], [ 9.772021870638902, 62.83954391628145 ], [ 9.771123550959791, 62.839390367600316 ], [ 9.770440574679018, 62.839752732395802 ], [ 9.767826083571, 62.839490098846326 ], [ 9.766595841813437, 62.838449427936375 ], [ 9.765687873245131, 62.838044544857617 ], [ 9.76487197742131, 62.837087044697213 ], [ 9.764285669369443, 62.836873007403298 ], [ 9.763845337074573, 62.836886645893571 ], [ 9.763194188869701, 62.837272296464171 ], [ 9.763345590938089, 62.837779548717393 ], [ 9.762859488581526, 62.838539526930404 ], [ 9.763459050338067, 62.839064475724186 ], [ 9.764008299597554, 62.83983740525909 ], [ 9.764645025223874, 62.840201688872497 ], [ 9.764309954923217, 62.840565114731582 ], [ 9.764421972686488, 62.840733852722813 ], [ 9.765096390589523, 62.840990669291394 ], [ 9.765410144539114, 62.840927771561816 ], [ 9.765533411458822, 62.841220012511918 ], [ 9.76620313876156, 62.841439219112225 ], [ 9.766841705804639, 62.841869690709373 ], [ 9.769045447270209, 62.842166259744943 ], [ 9.768931057877342, 62.842335380596943 ], [ 9.769739028274886, 62.842437441535303 ], [ 9.769994177457061, 62.842619510140459 ], [ 9.770384848992498, 62.841917230469996 ] ] ] ] } },
{ "type": "Feature", "properties": { "fid": 202423, "navn": "Distjønna", "hoyde_moh": 816, "arealInnsjo_km2": 0.0247, "magasinKategori": null, "fid_2": 464, "id": 464, "left": 9.486919847, "top": 62.946110046000001, "right": 9.986919847, "bottom": 62.446110046000001, "row_index": 23, "col_index": 11, "tile_id": 464 }, "geometry": { "type": "MultiPolygon", "coordinates": [ [ [ [ 9.609793418759239, 62.836971422763007 ], [ 9.610085093304528, 62.836824778191868 ], [ 9.609923167477595, 62.836454563792735 ], [ 9.610651555555254, 62.835947989752611 ], [ 9.61039176711896, 62.83506874000561 ], [ 9.609872086817196, 62.834938290800132 ], [ 9.60918995875403, 62.83522517633314 ], [ 9.608661450010439, 62.835239264021226 ], [ 9.608309010249824, 62.835705009039934 ], [ 9.606944841819445, 62.836707469695654 ], [ 9.607942760386754, 62.836684143842952 ], [ 9.609793418759239, 62.836971422763007 ] ] ] ] } },
{ "type": "Feature", "properties": { "fid": 202824, "navn": "Helvatnet", "hoyde_moh": 790, "arealInnsjo_km2": 0.0822, "magasinKategori": null, "fid_2": 464, "id": 464, "left": 9.486919847, "top": 62.946110046000001, "right": 9.986919847, "bottom": 62.446110046000001, "row_index": 23, "col_index": 11, "tile_id": 464 }, "geometry": { "type": "MultiPolygon", "coordinates": [ [ [ [ 9.605472138317994, 62.852367412837211 ], [ 9.607936606917169, 62.852161004368291 ], [ 9.607789082418956, 62.851966098291719 ], [ 9.607968421737677, 62.851576494644121 ], [ 9.60895079801028, 62.851186120814617 ], [ 9.609207009287918, 62.850864616912254 ], [ 9.608814211194394, 62.850286581585877 ], [ 9.606231283816751, 62.850183843842245 ], [ 9.604548949200764, 62.85033791756679 ], [ 9.603853655180687, 62.850826846473922 ], [ 9.603099097182039, 62.851059729275789 ], [ 9.60015965367521, 62.85132932644386 ], [ 9.600577143072815, 62.851423571483359 ], [ 9.599793908212924, 62.851399048299605 ], [ 9.599686028546735, 62.85111746710183 ], [ 9.599280980098492, 62.851336497717213 ], [ 9.599628773135052, 62.85163495016652 ], [ 9.601155291793354, 62.851577981912477 ], [ 9.601329893285255, 62.851977580432646 ], [ 9.602202634102239, 62.852314193209359 ], [ 9.602057955359387, 62.852607036132476 ], [ 9.602722232065821, 62.852551475929431 ], [ 9.602100052464632, 62.852967976829632 ], [ 9.602682813253951, 62.853217404699919 ], [ 9.605472138317994, 62.852367412837211 ] ] ] ] } },
{ "type": "Feature", "properties": { "fid": 205502, "navn": null, "hoyde_moh": 1151, "arealInnsjo_km2": 0.0052, "magasinKategori": null, "fid_2": 464, "id": 464, "left": 9.486919847, "top": 62.946110046000001, "right": 9.986919847, "bottom": 62.446110046000001, "row_index": 23, "col_index": 11, "tile_id": 464 }, "geometry": { "type": "MultiPolygon", "coordinates": [ [ [ [ 9.539382219076865, 62.503075068754214 ], [ 9.539104485049819, 62.502272679582674 ], [ 9.538793900302698, 62.502171586893049 ], [ 9.538435612731593, 62.502304048016676 ], [ 9.538151687179967, 62.502667740268535 ], [ 9.538186557304627, 62.502885094225803 ], [ 9.538657618878949, 62.503141691470034 ], [ 9.539382219076865, 62.503075068754214 ] ] ] ] } },
{ "type": "Feature", "properties": { "fid": 205506, "navn": "Kutjønna", "hoyde_moh": 1147, "arealInnsjo_km2": 0.0043, "magasinKategori": null, "fid_2": 464, "id": 464, "left": 9.486919847, "top": 62.946110046000001, "right": 9.986919847, "bottom": 62.446110046000001, "row_index": 23, "col_index": 11, "tile_id": 464 }, "geometry": { "type": "MultiPolygon", "coordinates": [ [ [ [ 9.605745661347147, 62.674760750213423 ], [ 9.606659028864982, 62.674606454924799 ], [ 9.606677606239444, 62.674471379014435 ], [ 9.605807518808371, 62.674148245729107 ], [ 9.605117336851059, 62.67418875919595 ], [ 9.605332483826793, 62.674427877044138 ], [ 9.605236823297592, 62.674800788828698 ], [ 9.605629661288104, 62.674915826014718 ], [ 9.605745661347147, 62.674760750213423 ] ] ] ] } },
{ "type": "Feature", "properties": { "fid": 205508, "navn": "Grytvatna", "hoyde_moh": 1148, "arealInnsjo_km2": 0.0541, "magasinKategori": null, "fid_2": 464, "id": 464, "left": 9.486919847, "top": 62.946110046000001, "right": 9.986919847, "bottom": 62.446110046000001, "row_index": 23, "col_index": 11, "tile_id": 464 }, "geometry": { "type": "MultiPolygon", "coordinates": [ [ [ [ 9.698895407216533, 62.7068239384474 ], [ 9.698637854299964, 62.706534077653615 ], [ 9.699676007479443, 62.705894483741531 ], [ 9.699561637705983, 62.705444481783253 ], [ 9.69916416696336, 62.704907007558418 ], [ 9.699112039124246, 62.703049641003517 ], [ 9.6985326552755, 62.702840272009475 ], [ 9.697566146713877, 62.702831560759805 ], [ 9.696599506006784, 62.703132280636403 ], [ 9.695758742668614, 62.703647238556343 ], [ 9.695956387981072, 62.704243019693401 ], [ 9.696554240241911, 62.704713952106168 ], [ 9.696904029090458, 62.705259166909109 ], [ 9.697022378620757, 62.705788235768871 ], [ 9.698037346295465, 62.706241216611105 ], [ 9.698390858025736, 62.706923067524158 ], [ 9.698895407216533, 62.7068239384474 ] ] ] ] } },
{ "type": "Feature", "properties": { "fid": 205509, "navn": null, "hoyde_moh": 1144, "arealInnsjo_km2": 0.0095, "magasinKategori": null, "fid_2": 464, "id": 464, "left": 9.486919847, "top": 62.946110046000001, "right": 9.986919847, "bottom": 62.446110046000001, "row_index": 23, "col_index": 11, "tile_id": 464 }, "geometry": { "type": "MultiPolygon", "coordinates": [ [ [ [ 9.71674613277635, 62.71061689737013 ], [ 9.716892421610607, 62.710454336783663 ], [ 9.716701649669305, 62.710067248340522 ], [ 9.715184223605519, 62.710002784986912 ], [ 9.714898742153581, 62.710604495939158 ], [ 9.715158348282742, 62.710891609499569 ], [ 9.714914661495696, 62.711094582034058 ], [ 9.715266901508063, 62.711140179182863 ], [ 9.71674613277635, 62.71061689737013 ] ] ] ] } },
{ "type": "Feature", "properties": { "fid": 205510, "navn": "Renstjønna", "hoyde_moh": 1213, "arealInnsjo_km2": 0.0099, "magasinKategori": null, "fid_2": 464, "id": 464, "left": 9.486919847, "top": 62.946110046000001, "right": 9.986919847, "bottom": 62.446110046000001, "row_index": 23, "col_index": 11, "tile_id": 464 }, "geometry": { "type": "MultiPolygon", "coordinates": [ [ [ [ 9.620899125600198, 62.713428121947842 ], [ 9.621170969210969, 62.713045412567176 ], [ 9.620840495520392, 62.712836815091023 ], [ 9.619572793583837, 62.712791255266225 ], [ 9.619115915829884, 62.712854596022112 ], [ 9.618796192004879, 62.713104170758676 ], [ 9.618804216375482, 62.713424563273314 ], [ 9.619781727323371, 62.71374063816679 ], [ 9.620899125600198, 62.713428121947842 ] ] ] ] } },
{ "type": "Feature", "properties": { "fid": 205672, "navn": "Langvatnet", "hoyde_moh": 1030, "arealInnsjo_km2": 0.0612, "magasinKategori": null, "fid_2": 464, "id": 464, "left": 9.486919847, "top": 62.946110046000001, "right": 9.986919847, "bottom": 62.446110046000001, "row_index": 23, "col_index": 11, "tile_id": 464 }, "geometry": { "type": "MultiPolygon", "coordinates": [ [ [ [ 9.798137759196068, 62.795175105035788 ], [ 9.796387208560393, 62.794522596582077 ], [ 9.796008447724944, 62.793997600382546 ], [ 9.796168404918037, 62.793392263356822 ], [ 9.795977659565974, 62.792808739485018 ], [ 9.797221041778025, 62.792292792989102 ], [ 9.797214653982781, 62.791911165664928 ], [ 9.79698698105784, 62.791236392345603 ], [ 9.796715308564625, 62.790968188985886 ], [ 9.79670264687568, 62.790474313826799 ], [ 9.795702174646149, 62.790202922139933 ], [ 9.794162698372132, 62.791962708578737 ], [ 9.794137573164605, 62.79243556929061 ], [ 9.793448901230359, 62.793298852248711 ], [ 9.793897599032858, 62.793542769630058 ], [ 9.794895607400216, 62.793427740384608 ], [ 9.794868375981491, 62.793706003340127 ], [ 9.795333199718973, 62.793834449976877 ], [ 9.794775177299428, 62.794235990222866 ], [ 9.795668289303954, 62.794305195162927 ], [ 9.794980445741777, 62.794831751156067 ], [ 9.795012262582546, 62.795087282091195 ], [ 9.795587501718275, 62.795468145210492 ], [ 9.797263333853444, 62.795787785956058 ], [ 9.798137759196068, 62.795175105035788 ] ] ] ] } },
{ "type": "Feature", "properties": { "fid": 205673, "navn": null, "hoyde_moh": 686, "arealInnsjo_km2": 0.0253, "magasinKategori": null, "fid_2": 464, "id": 464, "left": 9.486919847, "top": 62.946110046000001, "right": 9.986919847, "bottom": 62.446110046000001, "row_index": 23, "col_index": 11, "tile_id": 464 }, "geometry": { "type": "MultiPolygon", "coordinates": [ [ [ [ 9.883783197874983, 62.798888741806522 ], [ 9.883771746105108, 62.798605475616831 ], [ 9.884257512315438, 62.797862351661237 ], [ 9.88602704756339, 62.796546604800149 ], [ 9.886236959694141, 62.795861437441168 ], [ 9.88580870571103, 62.795693342656683 ], [ 9.885107272313498, 62.795728866268561 ], [ 9.884033575082931, 62.796144411884001 ], [ 9.883260689364915, 62.797290994512871 ], [ 9.883598023943319, 62.797432751485729 ], [ 9.883604281065548, 62.797786540589613 ], [ 9.882997824107724, 62.799008642825655 ], [ 9.883436880995607, 62.799067382260446 ], [ 9.883783197874983, 62.798888741806522 ] ] ] ] } },
{ "type": "Feature", "properties": { "fid": 206783, "navn": null, "hoyde_moh": 1259, "arealInnsjo_km2": 0.006, "magasinKategori": null, "fid_2": 464, "id": 464, "left": 9.486919847, "top": 62.946110046000001, "right": 9.986919847, "bottom": 62.446110046000001, "row_index": 23, "col_index": 11, "tile_id": 464 }, "geometry": { "type": "MultiPolygon", "coordinates": [ [ [ [ 9.588864395733035, 62.723312027596407 ], [ 9.588508479018527, 62.72249025753856 ], [ 9.588223227208074, 62.722299795090059 ], [ 9.587565040293052, 62.722548557417653 ], [ 9.587915981710518, 62.723370588278733 ], [ 9.588447444135925, 62.723493084061374 ], [ 9.588864395733035, 62.723312027596407 ] ] ] ] } },
{ "type": "Feature", "properties": { "fid": 207172, "navn": null, "hoyde_moh": 896, "arealInnsjo_km2": 0.0041, "magasinKategori": null, "fid_2": 464, "id": 464, "left": 9.486919847, "top": 62.946110046000001, "right": 9.986919847, "bottom": 62.446110046000001, "row_index": 23, "col_index": 11, "tile_id": 464 }, "geometry": { "type": "MultiPolygon", "coordinates": [ [ [ [ 9.527337915571833, 62.744872168144873 ], [ 9.526551339801646, 62.744177279057865 ], [ 9.526209650124358, 62.7441416114929 ], [ 9.526284938945146, 62.744446216452239 ], [ 9.526068737698862, 62.744841037999393 ], [ 9.526718908034928, 62.74512823332087 ], [ 9.527337915571833, 62.744872168144873 ] ] ] ] } },
{ "type": "Feature", "properties": { "fid": 207537, "navn": null, "hoyde_moh": 1492, "arealInnsjo_km2": 0.0119, "magasinKategori": null, "fid_2": 464, "id": 464, "left": 9.486919847, "top": 62.946110046000001, "right": 9.986919847, "bottom": 62.446110046000001, "row_index": 23, "col_index": 11, "tile_id": 464 }, "geometry": { "type": "MultiPolygon", "coordinates": [ [ [ [ 9.746135262104424, 62.474934717598245 ], [ 9.746691136144136, 62.474610094542349 ], [ 9.746846576742296, 62.474245346099345 ], [ 9.746776863372631, 62.473873001044865 ], [ 9.746078774907373, 62.473762437690766 ], [ 9.745244712506599, 62.474127844300099 ], [ 9.744443255827528, 62.474763688364824 ], [ 9.744638223015235, 62.475056185506425 ], [ 9.746135262104424, 62.474934717598245 ] ] ] ] } },
{ "type": "Feature", "properties": { "fid": 208393, "navn": "Nørdre Grøntjønna", "hoyde_moh": 849, "arealInnsjo_km2": 0.0296, "magasinKategori": null, "fid_2": 464, "id": 464, "left": 9.486919847, "top": 62.946110046000001, "right": 9.986919847, "bottom": 62.446110046000001, "row_index": 23, "col_index": 11, "tile_id": 464 }, "geometry": { "type": "MultiPolygon", "coordinates": [ [ [ [ 9.961724692521935, 62.63439221141676 ], [ 9.962141633170527, 62.633938912761927 ], [ 9.96195205348444, 62.633636835841742 ], [ 9.958416859264645, 62.633274138240282 ], [ 9.957537931862728, 62.632931627299918 ], [ 9.957259337323475, 62.632653409223884 ], [ 9.956418873516697, 62.632828913587304 ], [ 9.95668405669552, 62.633079122134923 ], [ 9.956565503297666, 62.633265828154592 ], [ 9.956680785660133, 62.63338873352258 ], [ 9.956440413088265, 62.633682593770359 ], [ 9.956974731600228, 62.63408644623501 ], [ 9.95850484412221, 62.634225749389884 ], [ 9.959434823508879, 62.634139910093268 ], [ 9.960252170060249, 62.634412808272998 ], [ 9.961356291647306, 62.634523317128647 ], [ 9.961724692521935, 62.63439221141676 ] ] ] ] } },
{ "type": "Feature", "properties": { "fid": 208400, "navn": "Stavsjøen", "hoyde_moh": 1114, "arealInnsjo_km2": 0.0946, "magasinKategori": null, "fid_2": 464, "id": 464, "left": 9.486919847, "top": 62.946110046000001, "right": 9.986919847, "bottom": 62.446110046000001, "row_index": 23, "col_index": 11, "tile_id": 464 }, "geometry": { "type": "MultiPolygon", "coordinates": [ [ [ [ 9.725019140988856, 62.668588177297117 ], [ 9.726727896890909, 62.668483088755188 ], [ 9.727922915215958, 62.668856734770152 ], [ 9.728691927852793, 62.668652944730191 ], [ 9.729429784923511, 62.668216553994831 ], [ 9.72895045913546, 62.667881050189429 ], [ 9.728985807209263, 62.667681641779232 ], [ 9.72730141517518, 62.667781016485627 ], [ 9.726332376544065, 62.667610866545438 ], [ 9.725852130413369, 62.667198474896871 ], [ 9.725917708693535, 62.666814311929684 ], [ 9.723938448059691, 62.666367515515894 ], [ 9.721966095045282, 62.666445884043732 ], [ 9.721885013369075, 62.666633758497461 ], [ 9.721262217911882, 62.666983125795454 ], [ 9.720387401415083, 62.66717334376257 ], [ 9.720469265073138, 62.667489739018372 ], [ 9.720140791966108, 62.667832305546497 ], [ 9.72065541205073, 62.66812193578204 ], [ 9.720663975632666, 62.668300866329332 ], [ 9.721791375459173, 62.669200908007575 ], [ 9.721948872603168, 62.66948290471246 ], [ 9.722648397396554, 62.669893595705709 ], [ 9.725019140988856, 62.668588177297117 ] ] ] ] } },
{ "type": "Feature", "properties": { "fid": 208406, "navn": "Slættestjønna", "hoyde_moh": 586, "arealInnsjo_km2": 0.1284, "magasinKategori": null, "fid_2": 464, "id": 464, "left": 9.486919847, "top": 62.946110046000001, "right": 9.986919847, "bottom": 62.446110046000001, "row_index": 23, "col_index": 11, "tile_id": 464 }, "geometry": { "type": "MultiPolygon", "coordinates": [ [ [ [ 9.908690420313935, 62.728935331578541 ], [ 9.909225090306856, 62.728627384571368 ], [ 9.9092435378797, 62.728408006012295 ], [ 9.90959323732717, 62.728135709606782 ], [ 9.90963192323902, 62.727918325841813 ], [ 9.909456649822504, 62.727749035351806 ], [ 9.909600856114661, 62.727404139862927 ], [ 9.90925212013946, 62.727049430859047 ], [ 9.909719738874136, 62.726448107341831 ], [ 9.909496775566636, 62.725972380287757 ], [ 9.909915510666766, 62.725746314095183 ], [ 9.9098880902645, 62.725612083145897 ], [ 9.909495561345009, 62.725496523387022 ], [ 9.909452773259217, 62.725618397543514 ], [ 9.909640312047202, 62.725707437486939 ], [ 9.909389156322897, 62.725828038197506 ], [ 9.908543230513597, 62.725776967357838 ], [ 9.908459071802035, 62.72550806885129 ], [ 9.907215449923692, 62.725414647566922 ], [ 9.907125768909951, 62.725258450610255 ], [ 9.907992096049156, 62.724852720989908 ], [ 9.907775217766943, 62.724688392789012 ], [ 9.907997761424296, 62.724655188587718 ], [ 9.907958365011455, 62.724529068183621 ], [ 9.906918270024688, 62.724521937941638 ], [ 9.907086758161531, 62.724194300630387 ], [ 9.906074493040318, 62.724010138727266 ], [ 9.905731059558542, 62.723782999155155 ], [ 9.905793487148133, 62.7236235156902 ], [ 9.905127499211641, 62.723622867265227 ], [ 9.905043173445668, 62.723820598115246 ], [ 9.904509798839259, 62.723768272843706 ], [ 9.904187419513107, 62.723906245624811 ], [ 9.904034568969442, 62.724398541887346 ], [ 9.903620038024181, 62.724588758852271 ], [ 9.902973142440548, 62.72465788706419 ], [ 9.901702368789858, 62.725171129966427 ], [ 9.901713609160758, 62.725471386847794 ], [ 9.900888592993162, 62.725436683672093 ], [ 9.900553154700662, 62.725583080101678 ], [ 9.900514404111057, 62.725873061225542 ], [ 9.900839236515171, 62.726519666151162 ], [ 9.900792369250849, 62.72694735577489 ], [ 9.900930604973835, 62.727033443909889 ], [ 9.901752377697365, 62.726760442957087 ], [ 9.902414836451062, 62.726969152182448 ], [ 9.901754396340012, 62.726647792347961 ], [ 9.901922084851588, 62.726562311594918 ], [ 9.901791014629604, 62.726484671864462 ], [ 9.901898061607218, 62.726240718169294 ], [ 9.902448919364449, 62.725831277142383 ], [ 9.901990210766057, 62.725651842736404 ], [ 9.903263889120973, 62.72517180894652 ], [ 9.903361311607364, 62.725269454614249 ], [ 9.902893612551356, 62.726144065310343 ], [ 9.903635601723035, 62.726396235693414 ], [ 9.903768289047681, 62.726699470082522 ], [ 9.904991005610793, 62.726553218662588 ], [ 9.905047744269574, 62.72665945923768 ], [ 9.904828154616578, 62.726819614624567 ], [ 9.904935225171625, 62.726997676917364 ], [ 9.904722271216231, 62.727244258178523 ], [ 9.905239291038981, 62.727345106057939 ], [ 9.905780011376452, 62.727209941065482 ], [ 9.905853128681692, 62.727294016080585 ], [ 9.905549691772249, 62.727488998424988 ], [ 9.906135325889293, 62.727556982212533 ], [ 9.906861933328152, 62.727011683008229 ], [ 9.906971168537355, 62.727148888959753 ], [ 9.906870792997751, 62.727569055483883 ], [ 9.907249972481292, 62.727825648523805 ], [ 9.908329342939858, 62.727420731455361 ], [ 9.908509303266046, 62.727592353010934 ], [ 9.908486991070609, 62.727944286284568 ], [ 9.90671356299838, 62.728316239639057 ], [ 9.907076807441999, 62.728426693681904 ], [ 9.907312735876543, 62.728831735706301 ], [ 9.906532404274785, 62.728885147019994 ], [ 9.907458241993851, 62.729092788794688 ], [ 9.908690420313935, 62.728935331578541 ] ] ] ] } },
{ "type": "Feature", "properties": { "fid": 209053, "navn": null, "hoyde_moh": 733, "arealInnsjo_km2": 0.0251, "magasinKategori": null, "fid_2": 464, "id": 464, "left": 9.486919847, "top": 62.946110046000001, "right": 9.986919847, "bottom": 62.446110046000001, "row_index": 23, "col_index": 11, "tile_id": 464 }, "geometry": { "type": "MultiPolygon", "coordinates": [ [ [ [ 9.513378778161172, 62.876281385867685 ], [ 9.51359348895155, 62.875936891449484 ], [ 9.51398543247126, 62.875778585906595 ], [ 9.514929249133699, 62.875777438572115 ], [ 9.515312927403016, 62.875602157839054 ], [ 9.514185055157277, 62.875026090109763 ], [ 9.51413932942576, 62.874195352311354 ], [ 9.514514165868075, 62.873729222111805 ], [ 9.513896094857291, 62.873621584163352 ], [ 9.513617660374093, 62.873762270072511 ], [ 9.513745011123524, 62.873945342880646 ], [ 9.513239284210819, 62.87410721538663 ], [ 9.513093675968562, 62.87379428495364 ], [ 9.512791523142232, 62.873726872432044 ], [ 9.512907155761582, 62.874132499106608 ], [ 9.512641279797528, 62.875091288589601 ], [ 9.512010568001369, 62.875764586540335 ], [ 9.511904260846608, 62.876108001533623 ], [ 9.512011869293127, 62.876268076095833 ], [ 9.513378778161172, 62.876281385867685 ] ] ] ] } },
{ "type": "Feature", "properties": { "fid": 209513, "navn": "Langvatnet", "hoyde_moh": 722, "arealInnsjo_km2": 0.0854, "magasinKategori": null, "fid_2": 464, "id": 464, "left": 9.486919847, "top": 62.946110046000001, "right": 9.986919847, "bottom": 62.446110046000001, "row_index": 23, "col_index": 11, "tile_id": 464 }, "geometry": { "type": "MultiPolygon", "coordinates": [ [ [ [ 9.92890831519848, 62.894012033151114 ], [ 9.928632426933694, 62.893802826317014 ], [ 9.928383593747197, 62.892865732537793 ], [ 9.927964050739957, 62.892450103391909 ], [ 9.925441407805128, 62.891709619883727 ], [ 9.925352935322653, 62.891407758375742 ], [ 9.92507326784197, 62.89121154119443 ], [ 9.923174869610813, 62.89048399336577 ], [ 9.923057080685393, 62.890277510079159 ], [ 9.922183154784943, 62.890125151541781 ], [ 9.92178165069576, 62.890210066253466 ], [ 9.920207461194186, 62.889761182528268 ], [ 9.919651728751834, 62.889753259581987 ], [ 9.919353080429863, 62.889940749370027 ], [ 9.919371462492631, 62.890145085927514 ], [ 9.921305808911889, 62.891101318097014 ], [ 9.922166618380908, 62.891883386274863 ], [ 9.92221014231057, 62.89208269187921 ], [ 9.923115265732148, 62.892543391707186 ], [ 9.923482922063805, 62.892992969462526 ], [ 9.924888625507901, 62.89307732848944 ], [ 9.928560224288544, 62.894445331799638 ], [ 9.929074726429004, 62.894503998257541 ], [ 9.92890831519848, 62.894012033151114 ] ] ] ] } },
{ "type": "Feature", "properties": { "fid": 209526, "navn": "Kroktjønna", "hoyde_moh": 596, "arealInnsjo_km2": 0.0465, "magasinKategori": null, "fid_2": 464, "id": 464, "left": 9.486919847, "top": 62.946110046000001, "right": 9.986919847, "bottom": 62.446110046000001, "row_index": 23, "col_index": 11, "tile_id": 464 }, "geometry": { "type": "MultiPolygon", "coordinates": [ [ [ [ 9.749074738072936, 62.8956051403961 ], [ 9.750096188141356, 62.894615562839085 ], [ 9.751122439835962, 62.894543908506478 ], [ 9.752275646952594, 62.893969521869252 ], [ 9.752237397052216, 62.893795612200655 ], [ 9.751724605646807, 62.893757586631075 ], [ 9.750394933033428, 62.894198698090662 ], [ 9.750004396399467, 62.893943978764391 ], [ 9.749919429906667, 62.893706241433023 ], [ 9.750277107445131, 62.89319818200417 ], [ 9.751035942325638, 62.892974568201979 ], [ 9.751852979633087, 62.892439287936092 ], [ 9.75198304254172, 62.892635608034979 ], [ 9.752601394183557, 62.892777713559433 ], [ 9.752987315320311, 62.893120968964574 ], [ 9.753083615439035, 62.893419949838659 ], [ 9.753879814140957, 62.894008121566451 ], [ 9.754524330708101, 62.893659749002026 ], [ 9.75463734790797, 62.893396467118663 ], [ 9.753821288984252, 62.892668187327658 ], [ 9.752982852885777, 62.892532813952727 ], [ 9.752698670128972, 62.892238071277056 ], [ 9.751677793608966, 62.89223399609326 ], [ 9.752033942096034, 62.891884952932323 ], [ 9.752043654471931, 62.891689888764752 ], [ 9.751120635772473, 62.891781324851806 ], [ 9.749955497083187, 62.892438032481813 ], [ 9.749741266886423, 62.892906007417203 ], [ 9.749905479838221, 62.893161458653886 ], [ 9.748970262687942, 62.893936511553939 ], [ 9.748882217100761, 62.894141608506921 ], [ 9.748992664762389, 62.894269087939897 ], [ 9.748767139392324, 62.894543642774636 ], [ 9.747540086560681, 62.89506962823944 ], [ 9.747328933923622, 62.895388176243209 ], [ 9.748037221338077, 62.895698674355828 ], [ 9.748615634346715, 62.895749239464578 ], [ 9.749074738072936, 62.8956051403961 ] ] ] ] } },
{ "type": "Feature", "properties": { "fid": 210772, "navn": "Telvatnet", "hoyde_moh": 907, "arealInnsjo_km2": 0.055, "magasinKategori": null, "fid_2": 464, "id": 464, "left": 9.486919847, "top": 62.946110046000001, "right": 9.986919847, "bottom": 62.446110046000001, "row_index": 23, "col_index": 11, "tile_id": 464 }, "geometry": { "type": "MultiPolygon", "coordinates": [ [ [ [ 9.567944250628688, 62.837737653231294 ], [ 9.567185603443754, 62.837503578025057 ], [ 9.567272257590629, 62.837037535001905 ], [ 9.568011739078612, 62.83618485351041 ], [ 9.568061762485751, 62.835475226984904 ], [ 9.568651493533695, 62.834939010207798 ], [ 9.56959218485437, 62.834619653417917 ], [ 9.56904992468208, 62.834497263627973 ], [ 9.567483558729684, 62.834772706636556 ], [ 9.567733469513783, 62.834569904352158 ], [ 9.567006369400287, 62.83420835837655 ], [ 9.566587397176116, 62.834205827316531 ], [ 9.566632868702877, 62.834642875263768 ], [ 9.567086193309732, 62.834728897152523 ], [ 9.567130722551999, 62.835179586939184 ], [ 9.565594593499116, 62.835577398746253 ], [ 9.564643312452638, 62.836104471608195 ], [ 9.564791096974822, 62.837149684238348 ], [ 9.564984961468042, 62.837482596396931 ], [ 9.565527258421401, 62.83775384822512 ], [ 9.565675331155807, 62.83826928981275 ], [ 9.566995265649577, 62.838085208766067 ], [ 9.567247828627762, 62.838672273462208 ], [ 9.568031329283803, 62.838830726073688 ], [ 9.567944250628688, 62.837737653231294 ] ], [ [ 9.565536574018589, 62.836643533131777 ], [ 9.565717797638531, 62.836680062861141 ], [ 9.565673403246508, 62.836814592199211 ], [ 9.565494745182061, 62.836803539326745 ], [ 9.565536574018589, 62.836643533131777 ] ] ] ] } },
{ "type": "Feature", "properties": { "fid": 211508, "navn": "Vesle Ristjønna", "hoyde_moh": 1260, "arealInnsjo_km2": 0.1181, "magasinKategori": null, "fid_2": 464, "id": 464, "left": 9.486919847, "top": 62.946110046000001, "right": 9.986919847, "bottom": 62.446110046000001, "row_index": 23, "col_index": 11, "tile_id": 464 }, "geometry": { "type": "MultiPolygon", "coordinates": [ [ [ [ 9.637542941333221, 62.459606946458457 ], [ 9.640278991325232, 62.458744927868509 ], [ 9.640712865020939, 62.458330968690163 ], [ 9.640772920727692, 62.457371335252375 ], [ 9.639346715127685, 62.456627642442612 ], [ 9.635496718894963, 62.456976605969302 ], [ 9.634070955822843, 62.456827680789971 ], [ 9.631097547753402, 62.456902845384448 ], [ 9.630085505055135, 62.457054110334226 ], [ 9.629994340490141, 62.457508803368938 ], [ 9.629649269269068, 62.457874508243094 ], [ 9.630752930126549, 62.457677558576705 ], [ 9.633536856921404, 62.457972403420747 ], [ 9.634082664799951, 62.458180175305429 ], [ 9.634673343751341, 62.459485976575088 ], [ 9.635095168073784, 62.459687432889766 ], [ 9.636308533983776, 62.459761386667608 ], [ 9.637542941333221, 62.459606946458457 ] ] ] ] } },
{ "type": "Feature", "properties": { "fid": 211941, "navn": "Håkkårstjønna", "hoyde_moh": 1156, "arealInnsjo_km2": 0.0953, "magasinKategori": null, "fid_2": 464, "id": 464, "left": 9.486919847, "top": 62.946110046000001, "right": 9.986919847, "bottom": 62.446110046000001, "row_index": 23, "col_index": 11, "tile_id": 464 }, "geometry": { "type": "MultiPolygon", "coordinates": [ [ [ [ 9.628421223889038, 62.734761625240132 ], [ 9.629004076722639, 62.73408064051079 ], [ 9.628969344504499, 62.73378676377596 ], [ 9.628166511768631, 62.733658705420787 ], [ 9.628605358193548, 62.73300045619203 ], [ 9.62928457295814, 62.73244167805538 ], [ 9.628915378354996, 62.732200847644819 ], [ 9.629647581282727, 62.732235129060307 ], [ 9.628755280090564, 62.73190180390614 ], [ 9.627896825733936, 62.731862945848668 ], [ 9.628430634966319, 62.731201140669171 ], [ 9.627982247892684, 62.731362838508531 ], [ 9.627343188581126, 62.731324471373405 ], [ 9.627355668292815, 62.731986889487835 ], [ 9.626308278072459, 62.732167900913176 ], [ 9.624921740143259, 62.732038036458718 ], [ 9.624613436961962, 62.731625855945559 ], [ 9.623851288403078, 62.731456858152541 ], [ 9.623385918903212, 62.732070793244546 ], [ 9.622908972486458, 62.732232909591843 ], [ 9.623423791405704, 62.732411676585279 ], [ 9.623177184916804, 62.732708885886893 ], [ 9.622430422446568, 62.733001743590947 ], [ 9.622187100949724, 62.733248595089677 ], [ 9.62162479727685, 62.733218278636798 ], [ 9.621526137811708, 62.732753758123948 ], [ 9.620333451593867, 62.732361150414242 ], [ 9.619527943072725, 62.732830721273807 ], [ 9.618485086165766, 62.732975675668953 ], [ 9.617476843402299, 62.733568109029349 ], [ 9.618751447582317, 62.733809649710189 ], [ 9.618611127338143, 62.734118494312192 ], [ 9.618912574332638, 62.734297089866338 ], [ 9.619188937382576, 62.734159586611824 ], [ 9.618759852485626, 62.733549729966853 ], [ 9.61933187009236, 62.733497822857636 ], [ 9.619827617789687, 62.732984590573174 ], [ 9.620072297239476, 62.732924967703923 ], [ 9.62036356655449, 62.733261456373413 ], [ 9.621770648023016, 62.733488619496832 ], [ 9.621701327610804, 62.733820259131221 ], [ 9.621239966740049, 62.734097792439925 ], [ 9.621184039436786, 62.734314043178827 ], [ 9.621978815975044, 62.734450741346627 ], [ 9.62303499291713, 62.734298532338791 ], [ 9.624991922862261, 62.733617743441442 ], [ 9.625728488820267, 62.733678847892129 ], [ 9.626922685119808, 62.733175829702979 ], [ 9.627194237471194, 62.733192544040939 ], [ 9.62783938146862, 62.733513161087181 ], [ 9.627907871630619, 62.733796094848159 ], [ 9.627587889216882, 62.733928881737285 ], [ 9.627269970675957, 62.734335575550219 ], [ 9.626723467491924, 62.734551009198235 ], [ 9.627843973483039, 62.734863761385917 ], [ 9.628421223889038, 62.734761625240132 ] ] ] ] } },
{ "type": "Feature", "properties": { "fid": 211942, "navn": null, "hoyde_moh": 872, "arealInnsjo_km2": 0.0284, "magasinKategori": null, "fid_2": 464, "id": 464, "left": 9.486919847, "top": 62.946110046000001, "right": 9.986919847, "bottom": 62.446110046000001, "row_index": 23, "col_index": 11, "tile_id": 464 }, "geometry": { "type": "MultiPolygon", "coordinates": [ [ [ [ 9.533705331361803, 62.736745845323711 ], [ 9.534606828619943, 62.736483228848847 ], [ 9.535625649582247, 62.736602529744424 ], [ 9.536463165970018, 62.737263986609292 ], [ 9.53719854095659, 62.737237138836917 ], [ 9.537659969577467, 62.737048685459271 ], [ 9.536931976738455, 62.736578425582088 ], [ 9.535240923771919, 62.736214225382241 ], [ 9.535319040121671, 62.735967448533664 ], [ 9.533679207834414, 62.735785394971508 ], [ 9.533804522883173, 62.735582487858437 ], [ 9.533582457790319, 62.735491477309466 ], [ 9.532991935103428, 62.735540337291937 ], [ 9.531259754084699, 62.73639030878315 ], [ 9.531299461811933, 62.736813933954622 ], [ 9.532070912028519, 62.736677198313011 ], [ 9.532280435890099, 62.736844307021201 ], [ 9.532644477635511, 62.736804518993281 ], [ 9.532845722879205, 62.737062828071331 ], [ 9.533474752695319, 62.737091065856006 ], [ 9.533705331361803, 62.736745845323711 ] ] ] ] } },
{ "type": "Feature", "properties": { "fid": 213233, "navn": "Syndre Grøntjønna", "hoyde_moh": 886, "arealInnsjo_km2": 0.0597, "magasinKategori": null, "fid_2": 464, "id": 464, "left": 9.486919847, "top": 62.946110046000001, "right": 9.986919847, "bottom": 62.446110046000001, "row_index": 23, "col_index": 11, "tile_id": 464 }, "geometry": { "type": "MultiPolygon", "coordinates": [ [ [ [ 9.952794635001091, 62.625786692947713 ], [ 9.952668214720301, 62.625501183899324 ], [ 9.953295435414903, 62.625115238298385 ], [ 9.952686229526291, 62.624638403118425 ], [ 9.952919098327108, 62.624232369601394 ], [ 9.952798500815263, 62.624045756371267 ], [ 9.951717916786748, 62.624024269256019 ], [ 9.952449449625263, 62.62300284350156 ], [ 9.95219932351516, 62.622757845259898 ], [ 9.951237765860228, 62.622580344320113 ], [ 9.95042292414144, 62.622781200733279 ], [ 9.94951254673834, 62.623605619716997 ], [ 9.948316556511999, 62.624104221193285 ], [ 9.948471453839449, 62.624382848316927 ], [ 9.948335463606472, 62.624522768182608 ], [ 9.948879266078636, 62.624829305482351 ], [ 9.94878497735413, 62.625081023704723 ], [ 9.949508877423192, 62.625204432010825 ], [ 9.94900524312799, 62.625367050283664 ], [ 9.949277345507616, 62.625627511980113 ], [ 9.950346230822589, 62.625809711606237 ], [ 9.950688704106035, 62.625644684552491 ], [ 9.951923588337269, 62.625573875419036 ], [ 9.952314652639439, 62.625904567593032 ], [ 9.952692182353696, 62.625916762801808 ], [ 9.952794635001091, 62.625786692947713 ] ] ] ] } },
{ "type": "Feature", "properties": { "fid": 214350, "navn": null, "hoyde_moh": 674, "arealInnsjo_km2": 0.0143, "magasinKategori": null, "fid_2": 464, "id": 464, "left": 9.486919847, "top": 62.946110046000001, "right": 9.986919847, "bottom": 62.446110046000001, "row_index": 23, "col_index": 11, "tile_id": 464 }, "geometry": { "type": "MultiPolygon", "coordinates": [ [ [ [ 9.986569221086741, 62.859538388495785 ], [ 9.98641212933423, 62.859247715469806 ], [ 9.985672632083192, 62.859077591018085 ], [ 9.984893567228323, 62.859152800783122 ], [ 9.984942848786821, 62.85954991632552 ], [ 9.984650765683533, 62.859644655338002 ], [ 9.984748487851716, 62.859904696668465 ], [ 9.985363276152963, 62.860242283533701 ], [ 9.986047472516416, 62.860108184101726 ], [ 9.986233438481779, 62.860293289279447 ], [ 9.986919847, 62.860368640701466 ], [ 9.986919847, 62.859671220878184 ], [ 9.986569221086741, 62.859538388495785 ] ] ] ] } },
{ "type": "Feature", "properties": { "fid": 214794, "navn": "Vaultjønna", "hoyde_moh": 923, "arealInnsjo_km2": 0.0337, "magasinKategori": null, "fid_2": 464, "id": 464, "left": 9.486919847, "top": 62.946110046000001, "right": 9.986919847, "bottom": 62.446110046000001, "row_index": 23, "col_index": 11, "tile_id": 464 }, "geometry": { "type": "MultiPolygon", "coordinates": [ [ [ [ 9.506740480074827, 62.838821008288171 ], [ 9.508479759210749, 62.839139129857287 ], [ 9.509063054926383, 62.838759472461462 ], [ 9.508223012409701, 62.838032481894608 ], [ 9.508269316440618, 62.837745043616991 ], [ 9.508111038055079, 62.837618798569068 ], [ 9.505793468730671, 62.83709985258902 ], [ 9.505454318250923, 62.837286826344048 ], [ 9.505315795019602, 62.837673432674677 ], [ 9.504820241708684, 62.838082697720374 ], [ 9.504694873098218, 62.838405290740354 ], [ 9.505035541313177, 62.838819106755871 ], [ 9.504882480056606, 62.839118207208564 ], [ 9.505625292417747, 62.83911289127056 ], [ 9.506740480074827, 62.838821008288171 ] ] ] ] } },
{ "type": "Feature", "properties": { "fid": 214801, "navn": "Fremre Brattskarvtjønna", "hoyde_moh": 1025, "arealInnsjo_km2": 0.1415, "magasinKategori": null, "fid_2": 464, "id": 464, "left": 9.486919847, "top": 62.946110046000001, "right": 9.986919847, "bottom": 62.446110046000001, "row_index": 23, "col_index": 11, "tile_id": 464 }, "geometry": { "type": "MultiPolygon", "coordinates": [ [ [ [ 9.741800336427943, 62.793505033453194 ], [ 9.744382589445689, 62.793023590229772 ], [ 9.746334916421203, 62.793000968777264 ], [ 9.747444003430918, 62.793152081819088 ], [ 9.747756039941278, 62.793340475069833 ], [ 9.748696018050273, 62.793299627308528 ], [ 9.749400588155485, 62.793023045530433 ], [ 9.750105483635039, 62.792406544339777 ], [ 9.750479331840275, 62.791866551117941 ], [ 9.750413476140109, 62.791519840047911 ], [ 9.751113786852395, 62.790856016551032 ], [ 9.750858066985643, 62.790443448679206 ], [ 9.750116285789312, 62.790156024952083 ], [ 9.747118330535212, 62.790493695672012 ], [ 9.744739245449116, 62.791323261856682 ], [ 9.741993222115264, 62.791399254813825 ], [ 9.740154257174412, 62.792322589563319 ], [ 9.738197984159031, 62.792847496079936 ], [ 9.737951872049015, 62.793032436375206 ], [ 9.73823350617784, 62.793350898487084 ], [ 9.738870720042067, 62.793627267172916 ], [ 9.739663791188292, 62.793706938278973 ], [ 9.741800336427943, 62.793505033453194 ] ] ] ] } },
{ "type": "Feature", "properties": { "fid": 214802, "navn": "Solhaugtjønna", "hoyde_moh": 874, "arealInnsjo_km2": 0.034, "magasinKategori": null, "fid_2": 464, "id": 464, "left": 9.486919847, "top": 62.946110046000001, "right": 9.986919847, "bottom": 62.446110046000001, "row_index": 23, "col_index": 11, "tile_id": 464 }, "geometry": { "type": "MultiPolygon", "coordinates": [ [ [ [ 9.520562297902101, 62.799423112846569 ], [ 9.520234749372408, 62.798241817714619 ], [ 9.520754783586922, 62.797019020183448 ], [ 9.519359554002424, 62.79552171133875 ], [ 9.518705933741856, 62.795494284819057 ], [ 9.519005841377718, 62.796230737641281 ], [ 9.518654685444782, 62.796525253197991 ], [ 9.518736545946481, 62.796825347381585 ], [ 9.518303347314106, 62.797015771677806 ], [ 9.518540846210842, 62.7973530857195 ], [ 9.518724378027372, 62.798528220616689 ], [ 9.519156684050778, 62.798786657952689 ], [ 9.519543844285497, 62.799287308387925 ], [ 9.520216800732479, 62.799546862373759 ], [ 9.520562297902101, 62.799423112846569 ] ] ] ] } },
{ "type": "Feature", "properties": { "fid": 214804, "navn": "Stavåvatna", "hoyde_moh": 810, "arealInnsjo_km2": 0.0499, "magasinKategori": null, "fid_2": 464, "id": 464, "left": 9.486919847, "top": 62.946110046000001, "right": 9.986919847, "bottom": 62.446110046000001, "row_index": 23, "col_index": 11, "tile_id": 464 }, "geometry": { "type": "MultiPolygon", "coordinates": [ [ [ [ 9.756472114638136, 62.819963688001295 ], [ 9.75842197144746, 62.819273502445299 ], [ 9.759687012394977, 62.819066632854081 ], [ 9.760061459873501, 62.818759217333081 ], [ 9.760079571161418, 62.818542963855336 ], [ 9.759829021338124, 62.818057556058157 ], [ 9.759088368782018, 62.817722017133846 ], [ 9.758304927101282, 62.817727861107286 ], [ 9.756799288984023, 62.818101723665251 ], [ 9.755345895904346, 62.818249885272849 ], [ 9.754281897587779, 62.818993102080029 ], [ 9.754446913357304, 62.819133060444628 ], [ 9.754310061593557, 62.819403812053572 ], [ 9.754496396737562, 62.819698694522295 ], [ 9.755081750753666, 62.820009471988456 ], [ 9.755118407793574, 62.82016442907284 ], [ 9.756472114638136, 62.819963688001295 ] ] ] ] } },
{ "type": "Feature", "properties": { "fid": 214806, "navn": "Langvatnet", "hoyde_moh": 823, "arealInnsjo_km2": 0.0601, "magasinKategori": null, "fid_2": 464, "id": 464, "left": 9.486919847, "top": 62.946110046000001, "right": 9.986919847, "bottom": 62.446110046000001, "row_index": 23, "col_index": 11, "tile_id": 464 }, "geometry": { "type": "MultiPolygon", "coordinates": [ [ [ [ 9.6400635207071, 62.846579447193662 ], [ 9.640424765283816, 62.845613922268761 ], [ 9.641020325526933, 62.845251866508121 ], [ 9.64280488638879, 62.844644864791164 ], [ 9.643929269414699, 62.844447569257902 ], [ 9.644367164953771, 62.844133480552742 ], [ 9.641215403694774, 62.844186867435816 ], [ 9.639763400220033, 62.84467839997599 ], [ 9.639163206757122, 62.845140157197889 ], [ 9.638532853045103, 62.845375708404148 ], [ 9.636373667254032, 62.845327751195164 ], [ 9.635694035349864, 62.845760546683493 ], [ 9.634415310192601, 62.846204743761575 ], [ 9.634639292567343, 62.846368883192504 ], [ 9.634503176257736, 62.846542575834896 ], [ 9.634666285596149, 62.84660783578687 ], [ 9.635446243805378, 62.846584979708787 ], [ 9.636232733121318, 62.846315268852024 ], [ 9.637807890547739, 62.846495260300351 ], [ 9.637750781284382, 62.846931668564828 ], [ 9.637131143169348, 62.8474099542725 ], [ 9.637520907504582, 62.847568898544978 ], [ 9.6400635207071, 62.846579447193662 ] ] ] ] } },
{ "type": "Feature", "properties": { "fid": 214808, "navn": "Skrutjørna", "hoyde_moh": 794, "arealInnsjo_km2": 0.0324, "magasinKategori": null, "fid_2": 464, "id": 464, "left": 9.486919847, "top": 62.946110046000001, "right": 9.986919847, "bottom": 62.446110046000001, "row_index": 23, "col_index": 11, "tile_id": 464 }, "geometry": { "type": "MultiPolygon", "coordinates": [ [ [ [ 9.909174574360845, 62.883214612471278 ], [ 9.90885735998115, 62.882805587583768 ], [ 9.905507311772151, 62.881274395412035 ], [ 9.904657235210102, 62.880649038680737 ], [ 9.904404702474746, 62.880608672668977 ], [ 9.904331268960787, 62.880839465382238 ], [ 9.90406833174857, 62.880913334350801 ], [ 9.902260722982501, 62.880116791304083 ], [ 9.902025499824314, 62.880159364246182 ], [ 9.902228036270982, 62.880598167414327 ], [ 9.902675439207725, 62.880890298969 ], [ 9.90390351206886, 62.88141691146086 ], [ 9.904686150024638, 62.88154827350531 ], [ 9.904996557658032, 62.881835073830302 ], [ 9.904981209816306, 62.882299714694668 ], [ 9.90728637073809, 62.883193309796447 ], [ 9.907888712209614, 62.88311265015755 ], [ 9.908723994814814, 62.883310037019356 ], [ 9.909174574360845, 62.883214612471278 ] ] ] ] } },
{ "type": "Feature", "properties": { "fid": 215469, "navn": "Langtjønna", "hoyde_moh": 1057, "arealInnsjo_km2": 0.106, "magasinKategori": null, "fid_2": 464, "id": 464, "left": 9.486919847, "top": 62.946110046000001, "right": 9.986919847, "bottom": 62.446110046000001, "row_index": 23, "col_index": 11, "tile_id": 464 }, "geometry": { "type": "MultiPolygon", "coordinates": [ [ [ [ 9.890095283201292, 62.499271130176325 ], [ 9.889972533325892, 62.498506604145469 ], [ 9.890084796771227, 62.49776815147321 ], [ 9.890345657871727, 62.497570890268626 ], [ 9.891780393920097, 62.49744150751377 ], [ 9.893085624894054, 62.496884978714931 ], [ 9.893183326815516, 62.496705392259877 ], [ 9.893005201352167, 62.496401978869606 ], [ 9.893598244807553, 62.495883750795514 ], [ 9.892333025656903, 62.495123496614816 ], [ 9.893084530464863, 62.494697537266866 ], [ 9.892988992172906, 62.494310695140591 ], [ 9.891649531201226, 62.49392043476886 ], [ 9.890898289453451, 62.493331772292599 ], [ 9.891072940941427, 62.492935945183447 ], [ 9.891640723153225, 62.492830368047983 ], [ 9.891726136741839, 62.492571522895702 ], [ 9.890295020808685, 62.492501939271136 ], [ 9.888722474907393, 62.492641177968004 ], [ 9.888225008318766, 62.4924445221165 ], [ 9.888001257357363, 62.492629735680168 ], [ 9.888303826287469, 62.492836603493643 ], [ 9.888009779555041, 62.493880563347709 ], [ 9.888117091348009, 62.494241482948112 ], [ 9.888626942707168, 62.494645062614261 ], [ 9.890323392789981, 62.495015790018805 ], [ 9.889874184473367, 62.495124993080722 ], [ 9.889413642689512, 62.495648427591263 ], [ 9.889221694881371, 62.49664611461148 ], [ 9.8895500877956, 62.497458040517344 ], [ 9.889387343996678, 62.498182226084708 ], [ 9.889540212068766, 62.498385486916504 ], [ 9.889529312423329, 62.498793797912064 ], [ 9.889800404793192, 62.499257165411798 ], [ 9.88971780624464, 62.499510715652185 ], [ 9.889964382629147, 62.499511393346339 ], [ 9.890095283201292, 62.499271130176325 ] ] ] ] } },
{ "type": "Feature", "properties": { "fid": 216233, "navn": "Holmtjønna", "hoyde_moh": 834, "arealInnsjo_km2": 0.0669, "magasinKategori": null, "fid_2": 464, "id": 464, "left": 9.486919847, "top": 62.946110046000001, "right": 9.986919847, "bottom": 62.446110046000001, "row_index": 23, "col_index": 11, "tile_id": 464 }, "geometry": { "type": "MultiPolygon", "coordinates": [ [ [ [ 9.627342557765756, 62.847068436282846 ], [ 9.627703057783348, 62.84673091673428 ], [ 9.628523554023486, 62.846563061821399 ], [ 9.629211418650655, 62.846819634951494 ], [ 9.629699096466183, 62.846761790030683 ], [ 9.629548170866428, 62.846551482494071 ], [ 9.630153397726483, 62.845919070486161 ], [ 9.631669195535284, 62.84548693994104 ], [ 9.631833439676898, 62.845216600022411 ], [ 9.631473274397852, 62.844612079898013 ], [ 9.631356665856419, 62.843413511964947 ], [ 9.630988805223769, 62.843125625675761 ], [ 9.63038755287061, 62.843050272153114 ], [ 9.629262811809825, 62.843295499106404 ], [ 9.629112675264908, 62.843693076062337 ], [ 9.629257932420414, 62.844279579222231 ], [ 9.627879580443571, 62.845447356376468 ], [ 9.626721161542848, 62.845712425023819 ], [ 9.625683020014794, 62.846362368158452 ], [ 9.625557576513064, 62.846511895657677 ], [ 9.625939107580402, 62.846582102719708 ], [ 9.62555199853735, 62.846717570913157 ], [ 9.625445700789921, 62.84702377708674 ], [ 9.627342557765756, 62.847068436282846 ] ], [ [ 9.628859586036144, 62.845516864315556 ], [ 9.629128281551582, 62.845602185647969 ], [ 9.629020057722931, 62.845669586873861 ], [ 9.628615334499152, 62.845635755512255 ], [ 9.628859586036144, 62.845516864315556 ] ] ] ] } },
{ "type": "Feature", "properties": { "fid": 217437, "navn": null, "hoyde_moh": 500, "arealInnsjo_km2": 0.0052, "magasinKategori": null, "fid_2": 464, "id": 464, "left": 9.486919847, "top": 62.946110046000001, "right": 9.986919847, "bottom": 62.446110046000001, "row_index": 23, "col_index": 11, "tile_id": 464 }, "geometry": { "type": "MultiPolygon", "coordinates": [ [ [ [ 9.527717538952539, 62.596809472449976 ], [ 9.527129717913398, 62.596614267397662 ], [ 9.526060976501117, 62.596743894227011 ], [ 9.526010494842033, 62.597192971179766 ], [ 9.526890027987445, 62.597369199625099 ], [ 9.527717538952539, 62.596809472449976 ] ] ] ] } },
{ "type": "Feature", "properties": { "fid": 219740, "navn": "Soløytjønna", "hoyde_moh": 1295, "arealInnsjo_km2": 0.0605, "magasinKategori": null, "fid_2": 464, "id": 464, "left": 9.486919847, "top": 62.946110046000001, "right": 9.986919847, "bottom": 62.446110046000001, "row_index": 23, "col_index": 11, "tile_id": 464 }, "geometry": { "type": "MultiPolygon", "coordinates": [ [ [ [ 9.499405777982187, 62.545343037304988 ], [ 9.500171679690569, 62.545404932810321 ], [ 9.501153821267682, 62.545252609213016 ], [ 9.501335991012754, 62.545160347012569 ], [ 9.501330728486781, 62.544913816233624 ], [ 9.500592317771158, 62.544563309001958 ], [ 9.500395289286601, 62.543940583050336 ], [ 9.499727006614899, 62.54342301110664 ], [ 9.496536536944889, 62.543484922109592 ], [ 9.49520010150307, 62.54427588860937 ], [ 9.495271008117559, 62.544531852943528 ], [ 9.495745685432029, 62.544892587388269 ], [ 9.496332187215836, 62.545095828095342 ], [ 9.496212888388786, 62.545412681207409 ], [ 9.496785930745149, 62.545641307669449 ], [ 9.496709827940043, 62.545750171035131 ], [ 9.496858395704043, 62.545919471702021 ], [ 9.497838769680643, 62.546076963243586 ], [ 9.499405777982187, 62.545343037304988 ] ] ] ] } },
{ "type": "Feature", "properties": { "fid": 219741, "navn": null, "hoyde_moh": 643, "arealInnsjo_km2": 0.0085, "magasinKategori": null, "fid_2": 464, "id": 464, "left": 9.486919847, "top": 62.946110046000001, "right": 9.986919847, "bottom": 62.446110046000001, "row_index": 23, "col_index": 11, "tile_id": 464 }, "geometry": { "type": "MultiPolygon", "coordinates": [ [ [ [ 9.488153575955636, 62.636767692233434 ], [ 9.488343866350371, 62.635790794194584 ], [ 9.488674046017032, 62.635223957645941 ], [ 9.488006847699079, 62.635097380273109 ], [ 9.487345480537213, 62.635607320059741 ], [ 9.487572561806578, 62.636845930331916 ], [ 9.487889307674346, 62.637012953469281 ], [ 9.488153575955636, 62.636767692233434 ] ] ] ] } },
{ "type": "Feature", "properties": { "fid": 219908, "navn": null, "hoyde_moh": 1097, "arealInnsjo_km2": 0.027, "magasinKategori": null, "fid_2": 464, "id": 464, "left": 9.486919847, "top": 62.946110046000001, "right": 9.986919847, "bottom": 62.446110046000001, "row_index": 23, "col_index": 11, "tile_id": 464 }, "geometry": { "type": "MultiPolygon", "coordinates": [ [ [ [ 9.504767467909705, 62.703902089550034 ], [ 9.504795980753997, 62.703643657548973 ], [ 9.505484808692685, 62.703240424798516 ], [ 9.505200371101187, 62.702134444765278 ], [ 9.505728374816819, 62.701934950738078 ], [ 9.505729292397342, 62.701428843865251 ], [ 9.504454205787887, 62.701100510847326 ], [ 9.503350099922997, 62.70179152886567 ], [ 9.503328985775633, 62.701947024713334 ], [ 9.503670635611108, 62.702078068455485 ], [ 9.503293107804806, 62.702228116766378 ], [ 9.503210040169682, 62.702716328952334 ], [ 9.503919256568885, 62.702760380344344 ], [ 9.50387264361837, 62.703311762199071 ], [ 9.50363119187268, 62.703413966967631 ], [ 9.503648905183649, 62.703764031466818 ], [ 9.503959923213994, 62.703982878091566 ], [ 9.504767467909705, 62.703902089550034 ] ] ] ] } },
{ "type": "Feature", "properties": { "fid": 219916, "navn": "Kvolvtjørnin", "hoyde_moh": 1101, "arealInnsjo_km2": 0.0399, "magasinKategori": null, "fid_2": 464, "id": 464, "left": 9.486919847, "top": 62.946110046000001, "right": 9.986919847, "bottom": 62.446110046000001, "row_index": 23, "col_index": 11, "tile_id": 464 }, "geometry": { "type": "MultiPolygon", "coordinates": [ [ [ [ 9.658147274944278, 62.726999566028297 ], [ 9.658277665535698, 62.726584944778637 ], [ 9.658833119652837, 62.725943217405792 ], [ 9.658572488060374, 62.72560663769579 ], [ 9.658524936381642, 62.725014891344081 ], [ 9.657846389890988, 62.724979743983248 ], [ 9.655277166630222, 62.725964323283613 ], [ 9.654228843077785, 62.726066221267416 ], [ 9.653849466940631, 62.726282280533482 ], [ 9.654275127440284, 62.72662012977645 ], [ 9.656249958350864, 62.727370275025002 ], [ 9.657049309374868, 62.727459797788434 ], [ 9.658147274944278, 62.726999566028297 ] ] ] ] } },
{ "type": "Feature", "properties": { "fid": 219967, "navn": "Eldåtjønnin", "hoyde_moh": 1124, "arealInnsjo_km2": 0.0141, "magasinKategori": null, "fid_2": 464, "id": 464, "left": 9.486919847, "top": 62.946110046000001, "right": 9.986919847, "bottom": 62.446110046000001, "row_index": 23, "col_index": 11, "tile_id": 464 }, "geometry": { "type": "MultiPolygon", "coordinates": [ [ [ [ 9.654938980286886, 62.754070412473645 ], [ 9.655662476079277, 62.753665628310806 ], [ 9.654080741292194, 62.753468622451862 ], [ 9.65380530913632, 62.753049319425074 ], [ 9.652920256998797, 62.753182747930197 ], [ 9.652663890805114, 62.753373272006463 ], [ 9.652727942655101, 62.754148229293442 ], [ 9.653465678347219, 62.754475209231316 ], [ 9.654938980286886, 62.754070412473645 ] ] ] ] } },
{ "type": "Feature", "properties": { "fid": 219985, "navn": "Svartdalstjønna", "hoyde_moh": 789, "arealInnsjo_km2": 0.0639, "magasinKategori": null, "fid_2": 464, "id": 464, "left": 9.486919847, "top": 62.946110046000001, "right": 9.986919847, "bottom": 62.446110046000001, "row_index": 23, "col_index": 11, "tile_id": 464 }, "geometry": { "type": "MultiPolygon", "coordinates": [ [ [ [ 9.578006352695532, 62.794083507692861 ], [ 9.578890340339731, 62.794252654843554 ], [ 9.579439295735003, 62.793942521594836 ], [ 9.581505460938775, 62.793773065458289 ], [ 9.582427064118033, 62.793542826800632 ], [ 9.58367259312287, 62.792341318139748 ], [ 9.58352711176803, 62.792218804120459 ], [ 9.583610923732209, 62.792066807297132 ], [ 9.582919151323996, 62.791732510320216 ], [ 9.581229332330718, 62.791804842723018 ], [ 9.581115918282412, 62.79171956059799 ], [ 9.581253370617899, 62.791600773503674 ], [ 9.581073370083768, 62.791567543339973 ], [ 9.578349699936972, 62.791983440465998 ], [ 9.577885747838431, 62.79215673894943 ], [ 9.577461308628308, 62.792545290952127 ], [ 9.578176849287411, 62.793268573696963 ], [ 9.578036917638917, 62.793624567495982 ], [ 9.577128455448506, 62.794203279900699 ], [ 9.578006352695532, 62.794083507692861 ] ] ] ] } },
{ "type": "Feature", "properties": { "fid": 219986, "navn": "Stavåtjørnin", "hoyde_moh": 825, "arealInnsjo_km2": 0.0476, "magasinKategori": null, "fid_2": 464, "id": 464, "left": 9.486919847, "top": 62.946110046000001, "right": 9.986919847, "bottom": 62.446110046000001, "row_index": 23, "col_index": 11, "tile_id": 464 }, "geometry": { "type": "MultiPolygon", "coordinates": [ [ [ [ 9.767588898852916, 62.820583713336319 ], [ 9.768144485355005, 62.820242899435726 ], [ 9.76945397854589, 62.819951853552531 ], [ 9.769969359041385, 62.81958146370134 ], [ 9.769831534376568, 62.819452975533032 ], [ 9.768411954626949, 62.819423483450436 ], [ 9.766778532239185, 62.819098269159277 ], [ 9.763946922907635, 62.819100851855694 ], [ 9.763402965588503, 62.819258175566453 ], [ 9.763580716281142, 62.819981362139643 ], [ 9.763391867029208, 62.820245232630981 ], [ 9.763444411183723, 62.820417244170386 ], [ 9.766126203952625, 62.821025588042176 ], [ 9.767588898852916, 62.820583713336319 ] ] ] ] } },
{ "type": "Feature", "properties": { "fid": 220156, "navn": "Langtjønna", "hoyde_moh": 916, "arealInnsjo_km2": 0.1551, "magasinKategori": null, "fid_2": 464, "id": 464, "left": 9.486919847, "top": 62.946110046000001, "right": 9.986919847, "bottom": 62.446110046000001, "row_index": 23, "col_index": 11, "tile_id": 464 }, "geometry": { "type": "MultiPolygon", "coordinates": [ [ [ [ 9.502907528107501, 62.73559472965448 ], [ 9.503128592736953, 62.735094111058196 ], [ 9.5019911634742, 62.734239945173435 ], [ 9.501890748838571, 62.733907423683284 ], [ 9.502026250898957, 62.733661560145961 ], [ 9.502511883839279, 62.733506296848866 ], [ 9.502606681370452, 62.733112589885067 ], [ 9.501701917055282, 62.732752096094131 ], [ 9.501042774720608, 62.732714429991844 ], [ 9.500857512603712, 62.732517172038769 ], [ 9.501156356306526, 62.732359979839849 ], [ 9.500869964393953, 62.732239029116627 ], [ 9.500564971196711, 62.731701469489451 ], [ 9.499544307244909, 62.730797594077465 ], [ 9.500091950464288, 62.729926956028187 ], [ 9.500040155598171, 62.729522183561002 ], [ 9.499593645854246, 62.729012722031271 ], [ 9.499661670706903, 62.728462989214137 ], [ 9.500059012733598, 62.727757534559998 ], [ 9.500826292795834, 62.727036997128991 ], [ 9.500637470516377, 62.726741230865656 ], [ 9.501273360577864, 62.726451659477597 ], [ 9.501251279806601, 62.726185120380428 ], [ 9.501788135640092, 62.725773402103258 ], [ 9.501748877660669, 62.725551637419031 ], [ 9.50089685280337, 62.725095734921403 ], [ 9.499735535955837, 62.72499027837749 ], [ 9.499466591069048, 62.725226217844209 ], [ 9.49969763815494, 62.725537324391084 ], [ 9.499544236862389, 62.725664765443391 ], [ 9.497472638592052, 62.726103208540941 ], [ 9.497210941037226, 62.72630856004325 ], [ 9.497076284094813, 62.72610950374083 ], [ 9.496723242453784, 62.726066561211411 ], [ 9.496277517186726, 62.726194480901185 ], [ 9.495984123211235, 62.72665156846535 ], [ 9.495431719970343, 62.726769893204128 ], [ 9.495441075084349, 62.726981395842458 ], [ 9.495902218183073, 62.727163946744483 ], [ 9.495808685126178, 62.727240548668384 ], [ 9.496213160027933, 62.727716243797254 ], [ 9.496204857215048, 62.727994010600987 ], [ 9.496466932266619, 62.728205004750649 ], [ 9.496582959956967, 62.728970495131563 ], [ 9.496863554952762, 62.729544726726601 ], [ 9.497057930686911, 62.729780148405403 ], [ 9.497947525732695, 62.730109751389634 ], [ 9.49822401778194, 62.731153965376492 ], [ 9.498936114168721, 62.731759180177605 ], [ 9.499123458624178, 62.732265844394945 ], [ 9.499590621777749, 62.732605932083466 ], [ 9.499786290212413, 62.732947146515954 ], [ 9.499776045592306, 62.733302774120212 ], [ 9.501193003687284, 62.734679209618967 ], [ 9.501266351168706, 62.734931741560416 ], [ 9.502232223451427, 62.735640224178866 ], [ 9.502907528107501, 62.73559472965448 ] ] ] ] } },
{ "type": "Feature", "properties": { "fid": 220157, "navn": null, "hoyde_moh": 1125, "arealInnsjo_km2": 0.0273, "magasinKategori": null, "fid_2": 464, "id": 464, "left": 9.486919847, "top": 62.946110046000001, "right": 9.986919847, "bottom": 62.446110046000001, "row_index": 23, "col_index": 11, "tile_id": 464 }, "geometry": { "type": "MultiPolygon", "coordinates": [ [ [ [ 9.670940021118735, 62.745121643879223 ], [ 9.671404923333894, 62.744673033027077 ], [ 9.67296064663474, 62.74477411297363 ], [ 9.67397640907272, 62.74461134208903 ], [ 9.674800682831096, 62.744232348719329 ], [ 9.674531235036024, 62.743714699069805 ], [ 9.672794676753053, 62.743570137744094 ], [ 9.671927158527058, 62.743971230645549 ], [ 9.671084932507551, 62.744118360046997 ], [ 9.67061820015093, 62.744475117879013 ], [ 9.66954014189561, 62.744589513995287 ], [ 9.668864480686226, 62.745214926191018 ], [ 9.668901402910967, 62.745387208053117 ], [ 9.670940021118735, 62.745121643879223 ] ] ] ] } },
{ "type": "Feature", "properties": { "fid": 220166, "navn": null, "hoyde_moh": 1307, "arealInnsjo_km2": 0.02, "magasinKategori": null, "fid_2": 464, "id": 464, "left": 9.486919847, "top": 62.946110046000001, "right": 9.986919847, "bottom": 62.446110046000001, "row_index": 23, "col_index": 11, "tile_id": 464 }, "geometry": { "type": "MultiPolygon", "coordinates": [ [ [ [ 9.492243993111975, 62.541738806757358 ], [ 9.492736435668098, 62.541291081201166 ], [ 9.494232397727858, 62.540472871867543 ], [ 9.492154864613193, 62.540729373942362 ], [ 9.491706832191722, 62.540701860922582 ], [ 9.491670394164901, 62.540455715501189 ], [ 9.491397460400915, 62.540465629790447 ], [ 9.49057154467628, 62.541051098830835 ], [ 9.488441669348907, 62.541643063841683 ], [ 9.489612728362101, 62.541748758648502 ], [ 9.490228665050372, 62.541638106850073 ], [ 9.49167769454899, 62.54187401830864 ], [ 9.492243993111975, 62.541738806757358 ] ] ] ] } },
{ "type": "Feature", "properties": { "fid": 220402, "navn": null, "hoyde_moh": 1003, "arealInnsjo_km2": 0.0182, "magasinKategori": null, "fid_2": 464, "id": 464, "left": 9.486919847, "top": 62.946110046000001, "right": 9.986919847, "bottom": 62.446110046000001, "row_index": 23, "col_index": 11, "tile_id": 464 }, "geometry": { "type": "MultiPolygon", "coordinates": [ [ [ [ 9.535054004082648, 62.818300264788803 ], [ 9.534234043907125, 62.817660607842072 ], [ 9.532802322835737, 62.81729365017177 ], [ 9.532438657554733, 62.816875769946989 ], [ 9.531924851601206, 62.816962308500429 ], [ 9.532349524060871, 62.817160190284049 ], [ 9.532074876567959, 62.817566166261308 ], [ 9.532110329443881, 62.817921045688699 ], [ 9.531133982744665, 62.818327853082828 ], [ 9.532468837808706, 62.818327566341473 ], [ 9.534005356832916, 62.818661259248891 ], [ 9.535054004082648, 62.818300264788803 ] ] ] ] } },
{ "type": "Feature", "properties": { "fid": 220403, "navn": "Revtjønna", "hoyde_moh": 914, "arealInnsjo_km2": 0.0141, "magasinKategori": null, "fid_2": 464, "id": 464, "left": 9.486919847, "top": 62.946110046000001, "right": 9.986919847, "bottom": 62.446110046000001, "row_index": 23, "col_index": 11, "tile_id": 464 }, "geometry": { "type": "MultiPolygon", "coordinates": [ [ [ [ 9.510513943577198, 62.81812854234105 ], [ 9.511020698678019, 62.817256945864152 ], [ 9.509857445905125, 62.816891783860008 ], [ 9.508838535080402, 62.817523660393704 ], [ 9.508808933083719, 62.817769362876398 ], [ 9.50837555394577, 62.81787030352973 ], [ 9.508445342100213, 62.818218890776144 ], [ 9.509425385504207, 62.818338226515316 ], [ 9.510513943577198, 62.81812854234105 ] ] ] ] } },
{ "type": "Feature", "properties": { "fid": 220405, "navn": "Finnvatnet", "hoyde_moh": 674, "arealInnsjo_km2": 0.0783, "magasinKategori": null, "fid_2": 464, "id": 464, "left": 9.486919847, "top": 62.946110046000001, "right": 9.986919847, "bottom": 62.446110046000001, "row_index": 23, "col_index": 11, "tile_id": 464 }, "geometry": { "type": "MultiPolygon", "coordinates": [ [ [ [ 9.948569248087706, 62.873238845534047 ], [ 9.947720832431711, 62.872613737071418 ], [ 9.947804360670172, 62.8722204678553 ], [ 9.947270676740716, 62.871580124715017 ], [ 9.947307179682415, 62.871375159841982 ], [ 9.947639299063786, 62.871511416577142 ], [ 9.94787542902694, 62.871342680724318 ], [ 9.948276338676019, 62.870784673824453 ], [ 9.948246482660421, 62.870528027328149 ], [ 9.947557039757546, 62.869935434580512 ], [ 9.94693925920769, 62.86972621047088 ], [ 9.946732574268037, 62.869456641673246 ], [ 9.946301575333855, 62.869275896827126 ], [ 9.94611158946028, 62.868776901073446 ], [ 9.945328719022969, 62.868421668341213 ], [ 9.944358847666601, 62.86831141372155 ], [ 9.943844206403988, 62.868444580403434 ], [ 9.943707470106576, 62.86859439381788 ], [ 9.943804782324746, 62.868773763938833 ], [ 9.943609400531177, 62.868902666932435 ], [ 9.94287566530207, 62.869066814169926 ], [ 9.942869590017631, 62.869411590663503 ], [ 9.943013518601129, 62.86949997957695 ], [ 9.942816010015113, 62.869876463931888 ], [ 9.942881578536319, 62.870230743951012 ], [ 9.943507783449562, 62.870627495089622 ], [ 9.944483827612371, 62.870726370783892 ], [ 9.944312514597062, 62.870860728267125 ], [ 9.944392264183628, 62.870943209623206 ], [ 9.945133162582811, 62.870975422428316 ], [ 9.945162564090106, 62.871337396398651 ], [ 9.945644754005436, 62.87134474327538 ], [ 9.945913735846293, 62.871527222997507 ], [ 9.945905481049193, 62.872367146410845 ], [ 9.946141869677863, 62.872454176629489 ], [ 9.946228257379843, 62.872757655368716 ], [ 9.9466358400043, 62.872793352913938 ], [ 9.946732412708, 62.872996622725069 ], [ 9.94730187132277, 62.87322596982861 ], [ 9.947835858463586, 62.873039238341661 ], [ 9.948084706205673, 62.873361595927328 ], [ 9.948589203801903, 62.873493516904666 ], [ 9.948569248087706, 62.873238845534047 ] ] ] ] } },
{ "type": "Feature", "properties": { "fid": 220409, "navn": "Hurundsjøen", "hoyde_moh": 717, "arealInnsjo_km2": 0.0749, "magasinKategori": null, "fid_2": 464, "id": 464, "left": 9.486919847, "top": 62.946110046000001, "right": 9.986919847, "bottom": 62.446110046000001, "row_index": 23, "col_index": 11, "tile_id": 464 }, "geometry": { "type": "MultiPolygon", "coordinates": [ [ [ [ 9.909639385599599, 62.891711276057009 ], [ 9.909842014497338, 62.891446021942336 ], [ 9.911323823260256, 62.891374310132264 ], [ 9.912398039829814, 62.890746812273775 ], [ 9.913003454322274, 62.890623146315335 ], [ 9.913491173473178, 62.890709511867961 ], [ 9.913805877333486, 62.891086135100053 ], [ 9.914224563474209, 62.891270399514397 ], [ 9.914050036609369, 62.891470552791311 ], [ 9.913146925603279, 62.891761044923854 ], [ 9.915435316498654, 62.89201055672055 ], [ 9.915521746689256, 62.891953315987742 ], [ 9.915292157154633, 62.891777869482844 ], [ 9.915144304852376, 62.8913041847253 ], [ 9.914272427456034, 62.89104920430173 ], [ 9.913462986084861, 62.8904699137126 ], [ 9.915184773577625, 62.889621742738328 ], [ 9.914683036780156, 62.88940497111885 ], [ 9.913983910749955, 62.889400928195556 ], [ 9.914083229703836, 62.88911043348736 ], [ 9.913242544935262, 62.889200766780064 ], [ 9.912126657576353, 62.888930110438579 ], [ 9.912012468459107, 62.888847533615589 ], [ 9.912062899522972, 62.888318761451913 ], [ 9.911476508491869, 62.888107281827232 ], [ 9.911289183192782, 62.888231310613918 ], [ 9.911365037714967, 62.888876204002294 ], [ 9.910957997521917, 62.888956569750199 ], [ 9.908154726944895, 62.890746681100062 ], [ 9.908002822640444, 62.891399437709424 ], [ 9.907753676027705, 62.891557929806567 ], [ 9.907837336990267, 62.891733325880651 ], [ 9.909067773026015, 62.891948784446612 ], [ 9.909639385599599, 62.891711276057009 ] ] ] ] } },
{ "type": "Feature", "properties": { "fid": 221341, "navn": "Næringtjønnin", "hoyde_moh": 1042, "arealInnsjo_km2": 0.0266, "magasinKategori": null, "fid_2": 464, "id": 464, "left": 9.486919847, "top": 62.946110046000001, "right": 9.986919847, "bottom": 62.446110046000001, "row_index": 23, "col_index": 11, "tile_id": 464 }, "geometry": { "type": "MultiPolygon", "coordinates": [ [ [ [ 9.986919847, 62.529244998434145 ], [ 9.986919847, 62.526282051168053 ], [ 9.986402332417065, 62.526351907749024 ], [ 9.986356695829015, 62.526543044777512 ], [ 9.986675718923088, 62.526877732258932 ], [ 9.986169749070744, 62.527179965384136 ], [ 9.985483798029255, 62.528440424847851 ], [ 9.985794968362571, 62.529375295658319 ], [ 9.986067855450427, 62.529573658930161 ], [ 9.986439046449361, 62.529593123246656 ], [ 9.986919847, 62.529244998434145 ] ] ] ] } },
{ "type": "Feature", "properties": { "fid": 221343, "navn": null, "hoyde_moh": 1196, "arealInnsjo_km2": 0.008, "magasinKategori": null, "fid_2": 464, "id": 464, "left": 9.486919847, "top": 62.946110046000001, "right": 9.986919847, "bottom": 62.446110046000001, "row_index": 23, "col_index": 11, "tile_id": 464 }, "geometry": { "type": "MultiPolygon", "coordinates": [ [ [ [ 9.81521232615442, 62.537223636594149 ], [ 9.815797962778742, 62.536796547059126 ], [ 9.81599842109444, 62.536462380662229 ], [ 9.815287616871716, 62.536338063343536 ], [ 9.814267527773202, 62.536975360517296 ], [ 9.813592524300986, 62.537061278958824 ], [ 9.813387495009879, 62.537364502598983 ], [ 9.814276688405887, 62.53741664908766 ], [ 9.81521232615442, 62.537223636594149 ] ] ] ] } },
{ "type": "Feature", "properties": { "fid": 221354, "navn": "Lertjønna", "hoyde_moh": 1315, "arealInnsjo_km2": 0.3026, "magasinKategori": null, "fid_2": 464, "id": 464, "left": 9.486919847, "top": 62.946110046000001, "right": 9.986919847, "bottom": 62.446110046000001, "row_index": 23, "col_index": 11, "tile_id": 464 }, "geometry": { "type": "MultiPolygon", "coordinates": [ [ [ [ 9.783861267156462, 62.460734263283321 ], [ 9.784457945489207, 62.46057793816567 ], [ 9.784832976741656, 62.460194399088522 ], [ 9.785713429919419, 62.459774013730978 ], [ 9.785779868279457, 62.459447199902982 ], [ 9.786322143057284, 62.458931454662242 ], [ 9.787157077359261, 62.458595550917757 ], [ 9.788141973249205, 62.458565680075303 ], [ 9.788791988698895, 62.458121351801985 ], [ 9.788704461678211, 62.456480830050801 ], [ 9.789321705650917, 62.455835532844063 ], [ 9.789354117561633, 62.455312742332715 ], [ 9.788450886659698, 62.45455184273851 ], [ 9.788079381842808, 62.453933577230394 ], [ 9.788154006480513, 62.453587455720807 ], [ 9.787442159328666, 62.452696686261213 ], [ 9.786851405234106, 62.452556508972471 ], [ 9.786169504245416, 62.452720173200333 ], [ 9.784357385410598, 62.452603493290312 ], [ 9.783009509853706, 62.452951726163633 ], [ 9.782581274601744, 62.453347749373414 ], [ 9.781190636885231, 62.454037973076957 ], [ 9.781464489552528, 62.45452393592258 ], [ 9.781363779240491, 62.455383188603605 ], [ 9.781155423221012, 62.455830282519962 ], [ 9.780465986644488, 62.456449627160318 ], [ 9.780823789745874, 62.456671157270044 ], [ 9.780846269164638, 62.45699698627471 ], [ 9.781219188127595, 62.457184352104214 ], [ 9.780692923467488, 62.457282750464962 ], [ 9.781033090460848, 62.457698501771866 ], [ 9.780439634405852, 62.457966589686649 ], [ 9.780440689647149, 62.458508182622317 ], [ 9.780810666415602, 62.459365654639441 ], [ 9.781323800125838, 62.459964689966512 ], [ 9.781411914021062, 62.460556333440174 ], [ 9.782035644489737, 62.460496495116587 ], [ 9.782264973837693, 62.460327395092577 ], [ 9.782762796716948, 62.460569733599257 ], [ 9.782629659623861, 62.460695474324787 ], [ 9.783861267156462, 62.460734263283321 ] ] ] ] } },
{ "type": "Feature", "properties": { "fid": 221765, "navn": null, "hoyde_moh": 1320, "arealInnsjo_km2": 0.0166, "magasinKategori": null, "fid_2": 464, "id": 464, "left": 9.486919847, "top": 62.946110046000001, "right": 9.986919847, "bottom": 62.446110046000001, "row_index": 23, "col_index": 11, "tile_id": 464 }, "geometry": { "type": "MultiPolygon", "coordinates": [ [ [ [ 9.487116961508946, 62.491416262831272 ], [ 9.487667103772521, 62.491034130598244 ], [ 9.486943180282488, 62.491001146967101 ], [ 9.486919847, 62.490994403342469 ], [ 9.486919847, 62.491470674433543 ], [ 9.487116961508946, 62.491416262831272 ] ] ] ] } },
{ "type": "Feature", "properties": { "fid": 222113, "navn": "Grønlitjønna", "hoyde_moh": 810, "arealInnsjo_km2": 0.0963, "magasinKategori": null, "fid_2": 464, "id": 464, "left": 9.486919847, "top": 62.946110046000001, "right": 9.986919847, "bottom": 62.446110046000001, "row_index": 23, "col_index": 11, "tile_id": 464 }, "geometry": { "type": "MultiPolygon", "coordinates": [ [ [ [ 9.488410456830747, 62.898383592911124 ], [ 9.489365105000363, 62.898107806220487 ], [ 9.490629580442448, 62.89838998884516 ], [ 9.492801641502414, 62.898388567074441 ], [ 9.494468462407925, 62.898138651203631 ], [ 9.495801750765004, 62.898155826524473 ], [ 9.495651486338359, 62.898335970965228 ], [ 9.495736818973789, 62.898486456606079 ], [ 9.497079802185773, 62.898683003759572 ], [ 9.498627811217768, 62.898251635699928 ], [ 9.500076796141933, 62.898248366373409 ], [ 9.500701276397555, 62.898076590907387 ], [ 9.500730693691052, 62.897965154648119 ], [ 9.500162570725967, 62.897886331746946 ], [ 9.500090656340108, 62.897731514264642 ], [ 9.500993102521811, 62.897238247836228 ], [ 9.501878596375372, 62.897066143322277 ], [ 9.502040907000618, 62.896806907018494 ], [ 9.502334764822042, 62.896727407062862 ], [ 9.49942470570133, 62.896579694786425 ], [ 9.49829040006902, 62.896758430449715 ], [ 9.496966706665098, 62.896580376825952 ], [ 9.495649485810464, 62.896777133728008 ], [ 9.494766146501631, 62.896618722551814 ], [ 9.492338310886684, 62.897251659895481 ], [ 9.491033757529646, 62.897273825182992 ], [ 9.490427795464127, 62.897472743712278 ], [ 9.490097347517713, 62.89777785172857 ], [ 9.488767522062881, 62.897532791844128 ], [ 9.487524355428855, 62.898335096234462 ], [ 9.487896823727027, 62.898562360245897 ], [ 9.488358100770974, 62.898595647100294 ], [ 9.488410456830747, 62.898383592911124 ] ], [ [ 9.496586763178387, 62.897972891481629 ], [ 9.497221521285478, 62.897943819252902 ], [ 9.496935422859199, 62.898054302024043 ], [ 9.496288422334661, 62.898064534470414 ], [ 9.496586763178387, 62.897972891481629 ] ] ] ] } },
{ "type": "Feature", "properties": { "fid": 222116, "navn": "Holmtjønna", "hoyde_moh": 1066, "arealInnsjo_km2": 0.2203, "magasinKategori": null, "fid_2": 464, "id": 464, "left": 9.486919847, "top": 62.946110046000001, "right": 9.986919847, "bottom": 62.446110046000001, "row_index": 23, "col_index": 11, "tile_id": 464 }, "geometry": { "type": "MultiPolygon", "coordinates": [ [ [ [ 9.794121539282449, 62.786511213449053 ], [ 9.794003858211264, 62.786366850179789 ], [ 9.7941710310544, 62.786161528990249 ], [ 9.793739155664937, 62.785998578780664 ], [ 9.793552420762815, 62.785689342761309 ], [ 9.79296919630119, 62.785311497842891 ], [ 9.793240744983612, 62.784866047157493 ], [ 9.794147636982277, 62.784500406215962 ], [ 9.795015649157669, 62.784594334077497 ], [ 9.795316265936359, 62.78427421016714 ], [ 9.795899343062926, 62.78425193442488 ], [ 9.797510322236377, 62.783570317049858 ], [ 9.798372494966687, 62.783427112477248 ], [ 9.798586834368916, 62.783015791470028 ], [ 9.797526978793933, 62.782800506233855 ], [ 9.797761440442134, 62.782025366862868 ], [ 9.799221736200748, 62.781051676417214 ], [ 9.796741247452255, 62.781273783533585 ], [ 9.795308727745541, 62.78113687730287 ], [ 9.79447250996127, 62.780788247792678 ], [ 9.793677011071855, 62.78102567292644 ], [ 9.793382425740138, 62.781668207056924 ], [ 9.792933901141568, 62.781579761251216 ], [ 9.792304093364796, 62.781151506951645 ], [ 9.79039218445574, 62.781564567878803 ], [ 9.788898663874129, 62.781441615326877 ], [ 9.788602103745681, 62.781542254330525 ], [ 9.788394429097311, 62.782057189688892 ], [ 9.789427165595633, 62.782480635277402 ], [ 9.790025778895986, 62.783020659735151 ], [ 9.788391667882365, 62.783485941382445 ], [ 9.787884894602154, 62.782714763050492 ], [ 9.787519237307693, 62.782705225680665 ], [ 9.787296041742362, 62.782883985439796 ], [ 9.786994098365843, 62.783653638339707 ], [ 9.786998377634632, 62.784670758518189 ], [ 9.786621468318799, 62.785484141586643 ], [ 9.787439875248667, 62.785940212165364 ], [ 9.787352822755928, 62.786300737160239 ], [ 9.788333200638714, 62.786590162031388 ], [ 9.789510321894673, 62.78651646979786 ], [ 9.789838286676028, 62.786379655305716 ], [ 9.789757659695475, 62.786018390805928 ], [ 9.78999535334566, 62.785692340613565 ], [ 9.791846135021768, 62.785470808690761 ], [ 9.792385818706162, 62.785865936575426 ], [ 9.792845461843589, 62.786760046086137 ], [ 9.793798623500264, 62.786730639259595 ], [ 9.794121539282449, 62.786511213449053 ] ], [ [ 9.791222973467518, 62.783034705866768 ], [ 9.790846874430096, 62.782468220608308 ], [ 9.791097146364846, 62.782099719900451 ], [ 9.792377351769373, 62.782519195298484 ], [ 9.794366671376331, 62.78225059499438 ], [ 9.795402887976374, 62.782452702124445 ], [ 9.794797785802254, 62.782882900529209 ], [ 9.794227615156302, 62.78294118888153 ], [ 9.793509691426621, 62.782763122923789 ], [ 9.792420222534753, 62.783128369185775 ], [ 9.791222973467518, 62.783034705866768 ] ] ] ] } },
{ "type": "Feature", "properties": { "fid": 223682, "navn": null, "hoyde_moh": 1062, "arealInnsjo_km2": 0.0197, "magasinKategori": null, "fid_2": 464, "id": 464, "left": 9.486919847, "top": 62.946110046000001, "right": 9.986919847, "bottom": 62.446110046000001, "row_index": 23, "col_index": 11, "tile_id": 464 }, "geometry": { "type": "MultiPolygon", "coordinates": [ [ [ [ 9.936775302831629, 62.553982877548172 ], [ 9.936942230745984, 62.55381414152609 ], [ 9.936946432788639, 62.553493133306766 ], [ 9.937193740020049, 62.553295288086289 ], [ 9.937204616858725, 62.553018603033955 ], [ 9.93678164639514, 62.552733999292947 ], [ 9.935577646842093, 62.552539251618875 ], [ 9.934527612730665, 62.552681950564569 ], [ 9.934025186352445, 62.553059265990463 ], [ 9.934095300734105, 62.55343919936405 ], [ 9.934512672809706, 62.553789729859972 ], [ 9.935394062715304, 62.554069662450836 ], [ 9.936775302831629, 62.553982877548172 ] ], [ [ 9.935113844344908, 62.553009103313833 ], [ 9.93505862217364, 62.552848227057076 ], [ 9.935660924856514, 62.552729933645587 ], [ 9.935571129323005, 62.55297442673298 ], [ 9.935113844344908, 62.553009103313833 ] ], [ [ 9.935996046296692, 62.553193793285914 ], [ 9.935989264536538, 62.55301281533643 ], [ 9.936412813910584, 62.553005698967198 ], [ 9.936672467881605, 62.553190727074679 ], [ 9.936585904248242, 62.553380821551393 ], [ 9.935996046296692, 62.553193793285914 ] ] ] ] } },
{ "type": "Feature", "properties": { "fid": 223683, "navn": "Langtjønna", "hoyde_moh": 1317, "arealInnsjo_km2": 0.0314, "magasinKategori": null, "fid_2": 464, "id": 464, "left": 9.486919847, "top": 62.946110046000001, "right": 9.986919847, "bottom": 62.446110046000001, "row_index": 23, "col_index": 11, "tile_id": 464 }, "geometry": { "type": "MultiPolygon", "coordinates": [ [ [ [ 9.832233126814058, 62.556787053818539 ], [ 9.833114164928162, 62.556409697232979 ], [ 9.833128864907811, 62.554094069246432 ], [ 9.833743363063805, 62.55333319549689 ], [ 9.83370136324376, 62.552870636958183 ], [ 9.831774216603407, 62.553429125244875 ], [ 9.831383969460555, 62.553871981303423 ], [ 9.831503666834966, 62.55454884869259 ], [ 9.831327063827498, 62.554676629831675 ], [ 9.831929966255448, 62.555300953249571 ], [ 9.83189820391199, 62.557180589073241 ], [ 9.832233126814058, 62.556787053818539 ] ] ] ] } },
{ "type": "Feature", "properties": { "fid": 223862, "navn": null, "hoyde_moh": 662, "arealInnsjo_km2": 0.0079, "magasinKategori": null, "fid_2": 464, "id": 464, "left": 9.486919847, "top": 62.946110046000001, "right": 9.986919847, "bottom": 62.446110046000001, "row_index": 23, "col_index": 11, "tile_id": 464 }, "geometry": { "type": "MultiPolygon", "coordinates": [ [ [ [ 9.793250638285595, 62.853385545289115 ], [ 9.793361509840246, 62.853082578634861 ], [ 9.79324862507829, 62.852933091523084 ], [ 9.793479019902154, 62.852731093091734 ], [ 9.793101111933803, 62.852430620691123 ], [ 9.791967018729984, 62.852517705906145 ], [ 9.79203064631019, 62.852756060722221 ], [ 9.791850589066662, 62.852991682739777 ], [ 9.792564294933207, 62.853534750473031 ], [ 9.792969123879617, 62.853608142476304 ], [ 9.793250638285595, 62.853385545289115 ] ] ] ] } },
{ "type": "Feature", "properties": { "fid": 223865, "navn": "Hestvatnet", "hoyde_moh": 623, "arealInnsjo_km2": 0.1035, "magasinKategori": null, "fid_2": 464, "id": 464, "left": 9.486919847, "top": 62.946110046000001, "right": 9.986919847, "bottom": 62.446110046000001, "row_index": 23, "col_index": 11, "tile_id": 464 }, "geometry": { "type": "MultiPolygon", "coordinates": [ [ [ [ 9.757961115428294, 62.884672235511289 ], [ 9.758871085679747, 62.884123382861659 ], [ 9.758790681829733, 62.883932608979478 ], [ 9.758984024633707, 62.883816008939924 ], [ 9.758794850199942, 62.883493867131698 ], [ 9.759277010529742, 62.883274571953869 ], [ 9.75906317234978, 62.882918400668359 ], [ 9.759167572581125, 62.88223443396582 ], [ 9.759992182300925, 62.881545094137238 ], [ 9.759829807582216, 62.881370701008059 ], [ 9.759508997051686, 62.881349299046015 ], [ 9.75972447725613, 62.881224526002654 ], [ 9.759411637604131, 62.881099050052811 ], [ 9.759794597325692, 62.88046649240151 ], [ 9.759597658116835, 62.88009745502255 ], [ 9.759735497869045, 62.879904197288425 ], [ 9.759613470987304, 62.879600123954013 ], [ 9.75928212666423, 62.87961458822511 ], [ 9.759349270673271, 62.879321793294352 ], [ 9.759536007058399, 62.879218803287152 ], [ 9.759391931270612, 62.879074422935602 ], [ 9.75777952397314, 62.87958557330608 ], [ 9.757665650780771, 62.879849723396951 ], [ 9.757874472285017, 62.88001667362402 ], [ 9.757639789467333, 62.880311590336753 ], [ 9.756544713318013, 62.881168443165265 ], [ 9.755132097420686, 62.881813431998687 ], [ 9.755205911001614, 62.882206047160757 ], [ 9.754750693463132, 62.882398081442183 ], [ 9.754909749038598, 62.882651445479866 ], [ 9.754790020439188, 62.88290403900556 ], [ 9.754395581117434, 62.883346670887697 ], [ 9.753759541683671, 62.883570827220495 ], [ 9.75406503996944, 62.883863935608048 ], [ 9.755095823351851, 62.883706415706158 ], [ 9.754974837659095, 62.8841444013527 ], [ 9.755278306304774, 62.884370759340648 ], [ 9.756350910980771, 62.884383852617205 ], [ 9.757480296014702, 62.884757154505898 ], [ 9.757961115428294, 62.884672235511289 ] ] ] ] } },
{ "type": "Feature", "properties": { "fid": 223867, "navn": null, "hoyde_moh": 624, "arealInnsjo_km2": 0.0114, "magasinKategori": null, "fid_2": 464, "id": 464, "left": 9.486919847, "top": 62.946110046000001, "right": 9.986919847, "bottom": 62.446110046000001, "row_index": 23, "col_index": 11, "tile_id": 464 }, "geometry": { "type": "MultiPolygon", "coordinates": [ [ [ [ 9.539940180446663, 62.930788462051432 ], [ 9.540383631670872, 62.93037765184544 ], [ 9.540504104162517, 62.929931366234982 ], [ 9.540220260089338, 62.92970968225702 ], [ 9.539309428938564, 62.929591647424807 ], [ 9.538241737825013, 62.930560585193952 ], [ 9.538368636025778, 62.930844309515088 ], [ 9.539940180446663, 62.930788462051432 ] ] ] ] } },
{ "type": "Feature", "properties": { "fid": 223868, "navn": null, "hoyde_moh": 704, "arealInnsjo_km2": 0.0229, "magasinKategori": null, "fid_2": 464, "id": 464, "left": 9.486919847, "top": 62.946110046000001, "right": 9.986919847, "bottom": 62.446110046000001, "row_index": 23, "col_index": 11, "tile_id": 464 }, "geometry": { "type": "MultiPolygon", "coordinates": [ [ [ [ 9.570374523561478, 62.933548715255782 ], [ 9.571224292045414, 62.932454799463244 ], [ 9.571036869264542, 62.93177533977773 ], [ 9.569603479250802, 62.931827684612408 ], [ 9.5696649008664, 62.931966930256372 ], [ 9.569173737052571, 62.931975520756659 ], [ 9.569376160247506, 62.932056312244505 ], [ 9.569000093875417, 62.932154383665711 ], [ 9.569080226333014, 62.932270503811139 ], [ 9.568692387178553, 62.932515885784809 ], [ 9.568699839006779, 62.933185797244327 ], [ 9.569478744077839, 62.933662110251156 ], [ 9.569769004312327, 62.934119571726605 ], [ 9.570283133384413, 62.934300124968203 ], [ 9.570374523561478, 62.933548715255782 ] ] ] ] } },
{ "type": "Feature", "properties": { "fid": 226271, "navn": "Ettre Sætertjønna", "hoyde_moh": 1071, "arealInnsjo_km2": 0.0595, "magasinKategori": null, "fid_2": 464, "id": 464, "left": 9.486919847, "top": 62.946110046000001, "right": 9.986919847, "bottom": 62.446110046000001, "row_index": 23, "col_index": 11, "tile_id": 464 }, "geometry": { "type": "MultiPolygon", "coordinates": [ [ [ [ 9.761562896876171, 62.78109925618282 ], [ 9.761712706238393, 62.78076195664044 ], [ 9.762410177379355, 62.780421263836452 ], [ 9.762435517672396, 62.779948852872735 ], [ 9.763549709011642, 62.779386631387041 ], [ 9.763612061950635, 62.779183007137853 ], [ 9.760298062537881, 62.77821951544081 ], [ 9.75998089112138, 62.777957806359325 ], [ 9.757836638669033, 62.777474685001785 ], [ 9.757905099443189, 62.777749778339917 ], [ 9.758889868134563, 62.778672203620587 ], [ 9.759188655766366, 62.780226259360219 ], [ 9.759615189998517, 62.780772957341206 ], [ 9.761032671066117, 62.781405163276276 ], [ 9.761562896876171, 62.78109925618282 ] ] ] ] } },
{ "type": "Feature", "properties": { "fid": 226272, "navn": null, "hoyde_moh": 1030, "arealInnsjo_km2": 0.0167, "magasinKategori": null, "fid_2": 464, "id": 464, "left": 9.486919847, "top": 62.946110046000001, "right": 9.986919847, "bottom": 62.446110046000001, "row_index": 23, "col_index": 11, "tile_id": 464 }, "geometry": { "type": "MultiPolygon", "coordinates": [ [ [ [ 9.821870803483533, 62.787677013895461 ], [ 9.822338467640483, 62.787164171071076 ], [ 9.822924998336637, 62.787029717197036 ], [ 9.822901008661603, 62.786575384834912 ], [ 9.822501741021997, 62.786345713838706 ], [ 9.822784833129216, 62.785719354935836 ], [ 9.821694216660498, 62.786332736094217 ], [ 9.821325555036823, 62.786827818187476 ], [ 9.820980959487734, 62.786920453215963 ], [ 9.820156352006977, 62.787762180300639 ], [ 9.820124239136362, 62.788061764140259 ], [ 9.820613247012888, 62.788279459620213 ], [ 9.821870803483533, 62.787677013895461 ] ] ] ] } },
{ "type": "Feature", "properties": { "fid": 226285, "navn": "Damtjønna", "hoyde_moh": 686, "arealInnsjo_km2": 0.0561, "magasinKategori": null, "fid_2": 464, "id": 464, "left": 9.486919847, "top": 62.946110046000001, "right": 9.986919847, "bottom": 62.446110046000001, "row_index": 23, "col_index": 11, "tile_id": 464 }, "geometry": { "type": "MultiPolygon", "coordinates": [ [ [ [ 9.887743697522566, 62.80189292812846 ], [ 9.887757187180705, 62.801663830592261 ], [ 9.888331219080579, 62.801212064141716 ], [ 9.888893127263115, 62.800972439718031 ], [ 9.889009711827429, 62.80131378069651 ], [ 9.889209522826311, 62.801304052914126 ], [ 9.890362400894992, 62.800699273809307 ], [ 9.890372276931101, 62.801014597527718 ], [ 9.891505925303555, 62.801153921681376 ], [ 9.891746850746758, 62.800552194467059 ], [ 9.891201955456681, 62.800492688660746 ], [ 9.891359792994592, 62.800244824965937 ], [ 9.891189186965782, 62.800169073226606 ], [ 9.890606484806158, 62.8002785807019 ], [ 9.890816223166579, 62.799672030955193 ], [ 9.890475821962527, 62.799562298509784 ], [ 9.891244289631691, 62.798393480155838 ], [ 9.891099522742023, 62.797874876039543 ], [ 9.890784881099549, 62.797887352998657 ], [ 9.890515098171614, 62.798467426252458 ], [ 9.890138604761784, 62.798800801282511 ], [ 9.889031515257644, 62.79925673398337 ], [ 9.889039473274313, 62.799550217031296 ], [ 9.887867378006863, 62.800885244609489 ], [ 9.886961180954119, 62.80134830052959 ], [ 9.886833709183154, 62.800957799931659 ], [ 9.888441794477064, 62.798927221072191 ], [ 9.888570827288801, 62.798377020890833 ], [ 9.889024298985328, 62.797765854641099 ], [ 9.888975588989865, 62.79735177494797 ], [ 9.888664239604141, 62.797322713483112 ], [ 9.888168372515139, 62.797552505407353 ], [ 9.88809263050285, 62.797770069205519 ], [ 9.887607034231102, 62.797936178964228 ], [ 9.888525738214422, 62.797774777646751 ], [ 9.888460772272994, 62.798165555327415 ], [ 9.887828668052897, 62.799164347501886 ], [ 9.885393035934131, 62.801751067272356 ], [ 9.886641330395616, 62.802035942026116 ], [ 9.887007620761786, 62.801922255359081 ], [ 9.887283455772431, 62.802106113749474 ], [ 9.887743697522566, 62.80189292812846 ] ] ] ] } },
{ "type": "Feature", "properties": { "fid": 227412, "navn": null, "hoyde_moh": 1264, "arealInnsjo_km2": 0.0448, "magasinKategori": null, "fid_2": 464, "id": 464, "left": 9.486919847, "top": 62.946110046000001, "right": 9.986919847, "bottom": 62.446110046000001, "row_index": 23, "col_index": 11, "tile_id": 464 }, "geometry": { "type": "MultiPolygon", "coordinates": [ [ [ [ 9.594524264042903, 62.708635319419542 ], [ 9.595348916213185, 62.707993409719954 ], [ 9.595604721227366, 62.707721259370942 ], [ 9.595540216602458, 62.70751269407684 ], [ 9.593807304055675, 62.706993136949656 ], [ 9.592971043342468, 62.706036918618622 ], [ 9.59226400637467, 62.705844296579777 ], [ 9.591283662352259, 62.705716612097618 ], [ 9.589704055347578, 62.706310694699141 ], [ 9.590359382796562, 62.707024980872305 ], [ 9.591668810201611, 62.707635039802817 ], [ 9.593798584547422, 62.708033706070204 ], [ 9.593834595195432, 62.708273658250782 ], [ 9.59408629159854, 62.708475594852736 ], [ 9.593982072257278, 62.708642279969816 ], [ 9.594524264042903, 62.708635319419542 ] ] ] ] } },
{ "type": "Feature", "properties": { "fid": 227413, "navn": null, "hoyde_moh": 1060, "arealInnsjo_km2": 0.0175, "magasinKategori": null, "fid_2": 464, "id": 464, "left": 9.486919847, "top": 62.946110046000001, "right": 9.986919847, "bottom": 62.446110046000001, "row_index": 23, "col_index": 11, "tile_id": 464 }, "geometry": { "type": "MultiPolygon", "coordinates": [ [ [ [ 9.515424130368771, 62.707348535547091 ], [ 9.515556506061863, 62.707173010033017 ], [ 9.515987722386392, 62.706477676033288 ], [ 9.516082051323156, 62.705836010032677 ], [ 9.516335966305988, 62.705669745564578 ], [ 9.516085169622789, 62.705415220705831 ], [ 9.515194049880328, 62.705533388275605 ], [ 9.51467578850291, 62.705220681658687 ], [ 9.514199921381371, 62.705535108018083 ], [ 9.514328604524739, 62.70588771664913 ], [ 9.51418043332508, 62.706145058523369 ], [ 9.514219249143265, 62.706660638109931 ], [ 9.514330597835968, 62.706943090173702 ], [ 9.514850016773721, 62.707335129265196 ], [ 9.515424130368771, 62.707348535547091 ] ], [ [ 9.515183043056583, 62.706009216454135 ], [ 9.515497034260823, 62.706030159362541 ], [ 9.515471843651991, 62.706264872110154 ], [ 9.515183043056583, 62.706009216454135 ] ] ] ] } },
{ "type": "Feature", "properties": { "fid": 228223, "navn": null, "hoyde_moh": 1047, "arealInnsjo_km2": 0.0263, "magasinKategori": null, "fid_2": 464, "id": 464, "left": 9.486919847, "top": 62.946110046000001, "right": 9.986919847, "bottom": 62.446110046000001, "row_index": 23, "col_index": 11, "tile_id": 464 }, "geometry": { "type": "MultiPolygon", "coordinates": [ [ [ [ 9.943856981344496, 62.475926446308797 ], [ 9.945354949535934, 62.475497473329192 ], [ 9.945952623486239, 62.475543727322261 ], [ 9.946371527014129, 62.47540491910592 ], [ 9.946489094047378, 62.475280092736632 ], [ 9.946432597663852, 62.47458336765105 ], [ 9.946064206608051, 62.474479226683371 ], [ 9.945388695161681, 62.474924480187894 ], [ 9.945205884551324, 62.474923871194655 ], [ 9.945334764169576, 62.474648592558331 ], [ 9.945208126232403, 62.4745780542329 ], [ 9.944061014928744, 62.474847939917012 ], [ 9.942046522851003, 62.475676094778223 ], [ 9.941818304341885, 62.475943174732123 ], [ 9.941985738117276, 62.476168581282884 ], [ 9.941983428887106, 62.476593652186601 ], [ 9.942665229436162, 62.476796178821125 ], [ 9.943856981344496, 62.475926446308797 ] ] ] ] } },
{ "type": "Feature", "properties": { "fid": 228515, "navn": null, "hoyde_moh": 1117, "arealInnsjo_km2": 0.0085, "magasinKategori": null, "fid_2": 464, "id": 464, "left": 9.486919847, "top": 62.946110046000001, "right": 9.986919847, "bottom": 62.446110046000001, "row_index": 23, "col_index": 11, "tile_id": 464 }, "geometry": { "type": "MultiPolygon", "coordinates": [ [ [ [ 9.678407002172129, 62.718297883834403 ], [ 9.678464388104718, 62.71795687322134 ], [ 9.677690079981229, 62.717562300216585 ], [ 9.676947695257235, 62.717602649581437 ], [ 9.675775730131482, 62.718037791967177 ], [ 9.678183000710936, 62.718412736907936 ], [ 9.678407002172129, 62.718297883834403 ] ] ] ] } },
{ "type": "Feature", "properties": { "fid": 229040, "navn": null, "hoyde_moh": 1225, "arealInnsjo_km2": 0.0332, "magasinKategori": null, "fid_2": 464, "id": 464, "left": 9.486919847, "top": 62.946110046000001, "right": 9.986919847, "bottom": 62.446110046000001, "row_index": 23, "col_index": 11, "tile_id": 464 }, "geometry": { "type": "MultiPolygon", "coordinates": [ [ [ [ 9.609004856116677, 62.720112732270721 ], [ 9.61007846152661, 62.719728596005879 ], [ 9.610456318545063, 62.719261434272077 ], [ 9.610204165461177, 62.718752926818894 ], [ 9.609706218423735, 62.718283910789687 ], [ 9.608364034295031, 62.717444214002739 ], [ 9.607511401322796, 62.718099880293146 ], [ 9.607007988814519, 62.719014569782082 ], [ 9.607438267037033, 62.719269068546502 ], [ 9.607867099096017, 62.71993484538703 ], [ 9.609004856116677, 62.720112732270721 ] ] ] ] } },
{ "type": "Feature", "properties": { "fid": 268024, "navn": "Granasjøen", "hoyde_moh": 650, "arealInnsjo_km2": 6.6397, "magasinKategori": 1, "fid_2": 464, "id": 464, "left": 9.486919847, "top": 62.946110046000001, "right": 9.986919847, "bottom": 62.446110046000001, "row_index": 23, "col_index": 11, "tile_id": 464 }, "geometry": { "type": "MultiPolygon", "coordinates": [ [ [ [ 9.722672069521231, 62.827881032521844 ], [ 9.723107874566518, 62.827947886569319 ], [ 9.723381124637061, 62.827559371630691 ], [ 9.722717124390995, 62.827077332542196 ], [ 9.723742859830214, 62.826598322286159 ], [ 9.725941148842137, 62.826497345505395 ], [ 9.72708789073595, 62.826643613113305 ], [ 9.726660131637432, 62.826316138038756 ], [ 9.727161127921194, 62.825975939746769 ], [ 9.727208633644793, 62.825545830919928 ], [ 9.726796738448325, 62.82524513501933 ], [ 9.723760497100189, 62.823957053365199 ], [ 9.720497118677919, 62.822917336289507 ], [ 9.717278945973396, 62.821503847482028 ], [ 9.715235148057964, 62.821141525155369 ], [ 9.713736503697508, 62.820136284022134 ], [ 9.713557043612179, 62.819365967132562 ], [ 9.711247147128091, 62.818370727117369 ], [ 9.70783179144447, 62.816092514306483 ], [ 9.706725015572935, 62.8147029872407 ], [ 9.706098509835307, 62.812962375332241 ], [ 9.70363169641017, 62.810685699257348 ], [ 9.7031550956098, 62.809977211320785 ], [ 9.702495443558194, 62.809363669767968 ], [ 9.70246505809348, 62.809047863766089 ], [ 9.702695944247735, 62.808595971269753 ], [ 9.702394444203133, 62.807961392374132 ], [ 9.702241098699901, 62.807075422331565 ], [ 9.700898189932863, 62.80596287498998 ], [ 9.701007501205016, 62.805680416112978 ], [ 9.699490469738366, 62.805697725529747 ], [ 9.698776973228393, 62.8051460139555 ], [ 9.696801321294629, 62.804403452902228 ], [ 9.69630773596699, 62.803814506059219 ], [ 9.69556136426116, 62.803313721380889 ], [ 9.694877138011693, 62.803104928208491 ], [ 9.693706650725327, 62.802419565886993 ], [ 9.693485336230465, 62.801544685091564 ], [ 9.693672165322969, 62.8013166304168 ], [ 9.693615874063454, 62.801069754887557 ], [ 9.692392002736865, 62.800417182361855 ], [ 9.691062003965571, 62.800108808159166 ], [ 9.690987685879279, 62.799834524617523 ], [ 9.690489009729149, 62.799571989556696 ], [ 9.690488204626764, 62.799278171781864 ], [ 9.691094946533788, 62.79876142297109 ], [ 9.690957478391784, 62.798235953341106 ], [ 9.691731224102952, 62.797769521593089 ], [ 9.691685403258647, 62.79733192170437 ], [ 9.690298808069594, 62.796867527875669 ], [ 9.690168160250819, 62.796720234391948 ], [ 9.690301063922565, 62.796364080560124 ], [ 9.689774708560654, 62.796298721567091 ], [ 9.689654197661712, 62.795991915067269 ], [ 9.688678192706595, 62.795956773671058 ], [ 9.687486916865527, 62.795532405342982 ], [ 9.687335194297399, 62.794744635246211 ], [ 9.687615804459231, 62.794472899296132 ], [ 9.687603992700161, 62.79415202954079 ], [ 9.686726769706805, 62.793718397196251 ], [ 9.686102434863527, 62.793149197027518 ], [ 9.685944219741593, 62.792668463907219 ], [ 9.685172036380862, 62.792408682966403 ], [ 9.683331415701, 62.79216492172133 ], [ 9.683165462845471, 62.792030589308375 ], [ 9.683287164967856, 62.791616067776118 ], [ 9.683044335995453, 62.791616763400526 ], [ 9.682854719479542, 62.791866654380499 ], [ 9.683005457137526, 62.792315615645116 ], [ 9.684225261261, 62.7925071568894 ], [ 9.68472393790983, 62.79309608138022 ], [ 9.683801190046754, 62.793268078313574 ], [ 9.683536756945811, 62.793919871861981 ], [ 9.682755854809024, 62.793735421991371 ], [ 9.681956753751017, 62.794216860944161 ], [ 9.680960926143289, 62.794464444689574 ], [ 9.676204110603305, 62.79492011785085 ], [ 9.675517621219829, 62.794750547171688 ], [ 9.67452848731506, 62.794209647512893 ], [ 9.672694750264441, 62.793671586406546 ], [ 9.670548230284433, 62.7936994863257 ], [ 9.66967376437421, 62.794026287476079 ], [ 9.666876656726901, 62.793677041331392 ], [ 9.666187588731233, 62.793264190863141 ], [ 9.664453884856975, 62.792806304556535 ], [ 9.664537405349222, 62.792122730256686 ], [ 9.662534186760706, 62.791619204309661 ], [ 9.661589530706188, 62.790800407745664 ], [ 9.659516406327624, 62.789881690409835 ], [ 9.659288484177779, 62.789983243555426 ], [ 9.660882911682325, 62.790873669276174 ], [ 9.660159879433854, 62.791237578926108 ], [ 9.659854269498545, 62.791818937415428 ], [ 9.660110651559435, 62.792156055580101 ], [ 9.660096718266741, 62.792387592487295 ], [ 9.660524686113661, 62.792827522451404 ], [ 9.657798346177024, 62.793178245156959 ], [ 9.656068912918206, 62.793934924748811 ], [ 9.656969730356341, 62.794198510938244 ], [ 9.657916587958173, 62.794747562137331 ], [ 9.657928275102163, 62.795034874819855 ], [ 9.65844340261833, 62.795262258859943 ], [ 9.658186227011308, 62.795860036995705 ], [ 9.659089562242659, 62.796284413742484 ], [ 9.659647645098847, 62.797001677713439 ], [ 9.659644351145738, 62.797445170724778 ], [ 9.659349576428349, 62.797946947210001 ], [ 9.657913593437254, 62.798627810624055 ], [ 9.659869871545698, 62.800305508315205 ], [ 9.660237114107954, 62.80074591454391 ], [ 9.660293212230682, 62.801082157475484 ], [ 9.660942470181002, 62.801579453488657 ], [ 9.661146877670243, 62.802121011235371 ], [ 9.661029802844586, 62.802309931315527 ], [ 9.661121888625422, 62.80293197992966 ], [ 9.660508344929173, 62.803390678022041 ], [ 9.660772117682271, 62.803870606657725 ], [ 9.660643583273869, 62.804363954266108 ], [ 9.661264809604203, 62.804848212307682 ], [ 9.661583842258176, 62.805654090542355 ], [ 9.662300605038887, 62.806153854472903 ], [ 9.662915884304685, 62.806908366517895 ], [ 9.662980338746024, 62.807404554995898 ], [ 9.663600144396215, 62.808205846151814 ], [ 9.664131931749544, 62.808728529400319 ], [ 9.665033927963757, 62.808836783192739 ], [ 9.664894634625748, 62.809080921393054 ], [ 9.66552283887903, 62.80941712915461 ], [ 9.66592949732574, 62.80999245745712 ], [ 9.662744797273785, 62.810660546948363 ], [ 9.662181053718857, 62.810637489991784 ], [ 9.661737623952272, 62.81101196335991 ], [ 9.660343781395365, 62.811113447915183 ], [ 9.659820187645778, 62.810983029090899 ], [ 9.659939979489444, 62.811198237672507 ], [ 9.661732303360189, 62.811325982482671 ], [ 9.662827060903254, 62.811064099964931 ], [ 9.66503234989311, 62.810979577388686 ], [ 9.665900803651718, 62.810626196268473 ], [ 9.666480378294015, 62.810636792235911 ], [ 9.66708365455132, 62.810953507899775 ], [ 9.667586955470966, 62.811524313168555 ], [ 9.668824336464608, 62.812287396367701 ], [ 9.669025939804497, 62.812755584014319 ], [ 9.669016352472386, 62.813277838916939 ], [ 9.668171720498011, 62.814182569341405 ], [ 9.668248035501108, 62.815451794112597 ], [ 9.667634593020226, 62.815814789695018 ], [ 9.668604369846252, 62.81575561144335 ], [ 9.671302513452209, 62.816907249511928 ], [ 9.672987713710361, 62.818707322716264 ], [ 9.676648119430798, 62.820068927809658 ], [ 9.681673979647282, 62.820035973287375 ], [ 9.683772482157803, 62.820353449393302 ], [ 9.685316131274103, 62.820264051497418 ], [ 9.686618664296414, 62.82049079381845 ], [ 9.68788988282831, 62.821520678694355 ], [ 9.687621639752674, 62.821939019236638 ], [ 9.68823710653961, 62.82193836950205 ], [ 9.691897565132146, 62.824219959567507 ], [ 9.693023583272717, 62.825086203477404 ], [ 9.694602899377042, 62.825678387057138 ], [ 9.695307244037972, 62.825731810999102 ], [ 9.696424137674086, 62.825536991391992 ], [ 9.697634257334679, 62.825802152863396 ], [ 9.699157104393919, 62.825902298086255 ], [ 9.70147763368885, 62.826400184817068 ], [ 9.703427711827739, 62.826338602305398 ], [ 9.704586259881683, 62.826072946167805 ], [ 9.704634873720964, 62.826196161797597 ], [ 9.704190437712249, 62.826358640855915 ], [ 9.704215027008416, 62.826617269691681 ], [ 9.705014662816991, 62.827283848569117 ], [ 9.705496079503488, 62.827435799478913 ], [ 9.707017988793297, 62.827407420419242 ], [ 9.707534663938331, 62.827619269443396 ], [ 9.711090647739006, 62.827209587357046 ], [ 9.713920971177346, 62.827236794371188 ], [ 9.720674914476293, 62.828499878870716 ], [ 9.722672069521231, 62.827881032521844 ] ] ] ] } },
{ "type": "Feature", "properties": { "fid": 270426, "navn": "Gjevillvatnet", "hoyde_moh": 661, "arealInnsjo_km2": 21.1788, "magasinKategori": 1, "fid_2": 464, "id": 464, "left": 9.486919847, "top": 62.946110046000001, "right": 9.986919847, "bottom": 62.446110046000001, "row_index": 23, "col_index": 11, "tile_id": 464 }, "geometry": { "type": "MultiPolygon", "coordinates": [ [ [ [ 9.487199025772242, 62.665659919408036 ], [ 9.487412629711056, 62.665291066482546 ], [ 9.487307629727409, 62.664588267610277 ], [ 9.488518511912158, 62.66332616373132 ], [ 9.488845158767839, 62.662830457714769 ], [ 9.488904068867194, 62.662410416842128 ], [ 9.489522087561724, 62.661725677844757 ], [ 9.489818307633682, 62.660063471991037 ], [ 9.490488503635873, 62.658934395366551 ], [ 9.490485736864521, 62.658502834254975 ], [ 9.48986374926554, 62.657555207494191 ], [ 9.489847049504244, 62.657111307140987 ], [ 9.49082857521767, 62.655785165667147 ], [ 9.491648104728144, 62.655127803431519 ], [ 9.492042452045075, 62.654550343362118 ], [ 9.493031741485195, 62.65392972291982 ], [ 9.49339077122567, 62.653574334198872 ], [ 9.493427409460111, 62.653318652915075 ], [ 9.492636244590617, 62.652604128523514 ], [ 9.492361038638572, 62.651886169629115 ], [ 9.492291360010784, 62.648925183397544 ], [ 9.490849849651704, 62.648969711132246 ], [ 9.489857793610959, 62.648635320456272 ], [ 9.489816630221251, 62.648508689868123 ], [ 9.490008138183086, 62.64846872046023 ], [ 9.491402421160613, 62.648877372057619 ], [ 9.491708874147845, 62.648795761325154 ], [ 9.491751322828224, 62.648460570757649 ], [ 9.491469851293314, 62.648183172947185 ], [ 9.490495877641562, 62.647909347812821 ], [ 9.490576090011352, 62.647742232801789 ], [ 9.491417754546564, 62.647524762277712 ], [ 9.491227296632205, 62.647267060415743 ], [ 9.489718786592023, 62.647030028292086 ], [ 9.489052006309633, 62.647524649791649 ], [ 9.48728701607455, 62.648291582688337 ], [ 9.486919847, 62.64869696182884 ], [ 9.486919847, 62.665872165098683 ], [ 9.487199025772242, 62.665659919408036 ] ] ] ] } }
]
}
