{
"type": "FeatureCollection",
"name": "innsjo_tile_id_1092",
"crs": { "type": "name", "properties": { "name": "urn:ogc:def:crs:OGC:1.3:CRS84" } },
"xy_coordinate_resolution": 1e-15,
"features": [
{ "type": "Feature", "properties": { "fid": 54052, "navn": null, "hoyde_moh": 815, "arealInnsjo_km2": 0.0032, "magasinKategori": null, "fid_2": 1092, "id": 1092, "left": 17.486919847, "top": 68.946110046000001, "right": 17.986919847, "bottom": 68.446110046000001, "row_index": 11, "col_index": 27, "tile_id": 1092 }, "geometry": { "type": "MultiPolygon", "coordinates": [ [ [ [ 17.95202448650257, 68.750198579341131 ], [ 17.952104170578711, 68.74999870193237 ], [ 17.952516537409256, 68.749900302255838 ], [ 17.951515188859538, 68.749752129549961 ], [ 17.950375282097614, 68.750097423398003 ], [ 17.951522971093581, 68.750272318034462 ], [ 17.95202448650257, 68.750198579341131 ] ] ] ] } },
{ "type": "Feature", "properties": { "fid": 54053, "navn": null, "hoyde_moh": 801, "arealInnsjo_km2": 0.0212, "magasinKategori": null, "fid_2": 1092, "id": 1092, "left": 17.486919847, "top": 68.946110046000001, "right": 17.986919847, "bottom": 68.446110046000001, "row_index": 11, "col_index": 27, "tile_id": 1092 }, "geometry": { "type": "MultiPolygon", "coordinates": [ [ [ [ 17.959361521384633, 68.752234129676836 ], [ 17.959206243026834, 68.75184210967501 ], [ 17.959202157134449, 68.750900188590137 ], [ 17.957745626575935, 68.750096042330028 ], [ 17.956838439828736, 68.749852173131814 ], [ 17.956038429665945, 68.749835888620083 ], [ 17.955939617345756, 68.750154333706959 ], [ 17.95656208436716, 68.750333874655681 ], [ 17.956627419300034, 68.750662111932044 ], [ 17.957046382262842, 68.750829763759469 ], [ 17.957008018112536, 68.751320147050166 ], [ 17.957320793815381, 68.751720639487132 ], [ 17.958253585291096, 68.752220093557767 ], [ 17.958531704752023, 68.752610955523465 ], [ 17.958879086514099, 68.752626880308156 ], [ 17.959361521384633, 68.752234129676836 ] ] ] ] } },
{ "type": "Feature", "properties": { "fid": 54226, "navn": null, "hoyde_moh": 459, "arealInnsjo_km2": 0.0051, "magasinKategori": null, "fid_2": 1092, "id": 1092, "left": 17.486919847, "top": 68.946110046000001, "right": 17.986919847, "bottom": 68.446110046000001, "row_index": 11, "col_index": 27, "tile_id": 1092 }, "geometry": { "type": "MultiPolygon", "coordinates": [ [ [ [ 17.682352446319015, 68.516150679948936 ], [ 17.682650059513911, 68.515725399688222 ], [ 17.682405210213435, 68.515503118565206 ], [ 17.68280756404247, 68.515369767771844 ], [ 17.682328868056768, 68.515079416479594 ], [ 17.6820121723349, 68.515220642679125 ], [ 17.681286871244783, 68.51520584148885 ], [ 17.681120603743913, 68.515459106224185 ], [ 17.681673187189308, 68.515720185626407 ], [ 17.681602217354492, 68.516058276993007 ], [ 17.68173444108572, 68.516253904899145 ], [ 17.682352446319015, 68.516150679948936 ] ] ] ] } },
{ "type": "Feature", "properties": { "fid": 54677, "navn": null, "hoyde_moh": 401, "arealInnsjo_km2": 0.0049, "magasinKategori": null, "fid_2": 1092, "id": 1092, "left": 17.486919847, "top": 68.946110046000001, "right": 17.986919847, "bottom": 68.446110046000001, "row_index": 11, "col_index": 27, "tile_id": 1092 }, "geometry": { "type": "MultiPolygon", "coordinates": [ [ [ [ 17.87140493268485, 68.513161919112491 ], [ 17.871541000851412, 68.513186342350707 ], [ 17.871348002348906, 68.513276362713782 ], [ 17.872060948951233, 68.513119901752461 ], [ 17.874181233065972, 68.513085665144175 ], [ 17.872476113297829, 68.513045917026588 ], [ 17.872759459774485, 68.512884776690726 ], [ 17.872053910480361, 68.512805018540206 ], [ 17.869656100608296, 68.5134906782569 ], [ 17.869598844730028, 68.513627658974386 ], [ 17.869830725101242, 68.513677645566631 ], [ 17.869588227361294, 68.513779013314505 ], [ 17.87140493268485, 68.513161919112491 ] ] ] ] } },
{ "type": "Feature", "properties": { "fid": 55176, "navn": null, "hoyde_moh": 329, "arealInnsjo_km2": 0.0036, "magasinKategori": null, "fid_2": 1092, "id": 1092, "left": 17.486919847, "top": 68.946110046000001, "right": 17.986919847, "bottom": 68.446110046000001, "row_index": 11, "col_index": 27, "tile_id": 1092 }, "geometry": { "type": "MultiPolygon", "coordinates": [ [ [ [ 17.782800084414522, 68.516655492442013 ], [ 17.782146576553039, 68.516322705348657 ], [ 17.781648538110346, 68.516249632935484 ], [ 17.78094748731576, 68.516424712129322 ], [ 17.781327885213525, 68.516786894477519 ], [ 17.78208484356032, 68.516884311581677 ], [ 17.782800084414522, 68.516655492442013 ] ] ] ] } },
{ "type": "Feature", "properties": { "fid": 55842, "navn": null, "hoyde_moh": 389, "arealInnsjo_km2": 0.0042, "magasinKategori": null, "fid_2": 1092, "id": 1092, "left": 17.486919847, "top": 68.946110046000001, "right": 17.986919847, "bottom": 68.446110046000001, "row_index": 11, "col_index": 27, "tile_id": 1092 }, "geometry": { "type": "MultiPolygon", "coordinates": [ [ [ [ 17.727993037304628, 68.503586861166667 ], [ 17.727209310781966, 68.503039307751948 ], [ 17.726413053240957, 68.503147397888029 ], [ 17.727134778677026, 68.503789584601648 ], [ 17.728134667657145, 68.503987141643321 ], [ 17.727993037304628, 68.503586861166667 ] ] ] ] } },
{ "type": "Feature", "properties": { "fid": 55861, "navn": null, "hoyde_moh": 358, "arealInnsjo_km2": 0.0155, "magasinKategori": null, "fid_2": 1092, "id": 1092, "left": 17.486919847, "top": 68.946110046000001, "right": 17.986919847, "bottom": 68.446110046000001, "row_index": 11, "col_index": 27, "tile_id": 1092 }, "geometry": { "type": "MultiPolygon", "coordinates": [ [ [ [ 17.967495856089741, 68.499783623820505 ], [ 17.968572737310318, 68.499906951569784 ], [ 17.969056071463321, 68.499681766609058 ], [ 17.968137190984994, 68.499671187624969 ], [ 17.967981061508791, 68.499312063809583 ], [ 17.967319826632064, 68.499092501271846 ], [ 17.964890809838327, 68.499180795975647 ], [ 17.963659413228399, 68.498953791694944 ], [ 17.962768476938837, 68.499172605359462 ], [ 17.965308409162539, 68.49966215243208 ], [ 17.965098027506013, 68.499944086962785 ], [ 17.966947626928739, 68.500081234045624 ], [ 17.967495856089741, 68.499783623820505 ] ] ] ] } },
{ "type": "Feature", "properties": { "fid": 55879, "navn": null, "hoyde_moh": 273, "arealInnsjo_km2": 0.0036, "magasinKategori": null, "fid_2": 1092, "id": 1092, "left": 17.486919847, "top": 68.946110046000001, "right": 17.986919847, "bottom": 68.446110046000001, "row_index": 11, "col_index": 27, "tile_id": 1092 }, "geometry": { "type": "MultiPolygon", "coordinates": [ [ [ [ 17.801255657586914, 68.503238670062387 ], [ 17.801297625844008, 68.503034558891713 ], [ 17.800198723933732, 68.502994916423219 ], [ 17.800181558104978, 68.502750051433807 ], [ 17.800335394169089, 68.502632852050979 ], [ 17.800203724446636, 68.502579574454458 ], [ 17.799392867610837, 68.502622550894259 ], [ 17.79959757723995, 68.503177839372071 ], [ 17.801255657586914, 68.503238670062387 ] ] ] ] } },
{ "type": "Feature", "properties": { "fid": 55920, "navn": null, "hoyde_moh": 385, "arealInnsjo_km2": 0.0089, "magasinKategori": null, "fid_2": 1092, "id": 1092, "left": 17.486919847, "top": 68.946110046000001, "right": 17.986919847, "bottom": 68.446110046000001, "row_index": 11, "col_index": 27, "tile_id": 1092 }, "geometry": { "type": "MultiPolygon", "coordinates": [ [ [ [ 17.882721472876071, 68.502017202687838 ], [ 17.882021007225575, 68.502015144993436 ], [ 17.880270276346014, 68.501362329264623 ], [ 17.879593307921368, 68.501381223690913 ], [ 17.878997685660821, 68.500817633405632 ], [ 17.878555378740241, 68.500816965656426 ], [ 17.878170007487515, 68.50107278204753 ], [ 17.878304748590203, 68.501267696146286 ], [ 17.878664600443805, 68.501354792612574 ], [ 17.878564352407498, 68.50153012949707 ], [ 17.878815636974771, 68.501612176442222 ], [ 17.879442136332646, 68.501629251984923 ], [ 17.88104456727017, 68.50215759773991 ], [ 17.881900885650673, 68.502207163943197 ], [ 17.882721472876071, 68.502017202687838 ] ] ] ] } },
{ "type": "Feature", "properties": { "fid": 55930, "navn": null, "hoyde_moh": 388, "arealInnsjo_km2": 0.0121, "magasinKategori": null, "fid_2": 1092, "id": 1092, "left": 17.486919847, "top": 68.946110046000001, "right": 17.986919847, "bottom": 68.446110046000001, "row_index": 11, "col_index": 27, "tile_id": 1092 }, "geometry": { "type": "MultiPolygon", "coordinates": [ [ [ [ 17.724567391964268, 68.502844006210282 ], [ 17.724900139031977, 68.502450111718915 ], [ 17.72378559159041, 68.501319886246193 ], [ 17.723297556225365, 68.501047393303011 ], [ 17.72217018551542, 68.501104109484928 ], [ 17.722344573413615, 68.501458442216446 ], [ 17.722933303221215, 68.5018191551993 ], [ 17.723366068216389, 68.502817913057939 ], [ 17.724567391964268, 68.502844006210282 ] ] ] ] } },
{ "type": "Feature", "properties": { "fid": 55952, "navn": null, "hoyde_moh": 273, "arealInnsjo_km2": 0.0199, "magasinKategori": null, "fid_2": 1092, "id": 1092, "left": 17.486919847, "top": 68.946110046000001, "right": 17.986919847, "bottom": 68.446110046000001, "row_index": 11, "col_index": 27, "tile_id": 1092 }, "geometry": { "type": "MultiPolygon", "coordinates": [ [ [ [ 17.805709549866641, 68.50328856532245 ], [ 17.805406320349608, 68.502178197899681 ], [ 17.804433729154223, 68.501677674862279 ], [ 17.802931181519508, 68.501670292525645 ], [ 17.802728188381344, 68.501915694368748 ], [ 17.802915414843429, 68.502361128667019 ], [ 17.802795303764171, 68.50300792727684 ], [ 17.804117024426674, 68.503479734227909 ], [ 17.804874828396329, 68.503507909449866 ], [ 17.805709549866641, 68.50328856532245 ] ] ] ] } },
{ "type": "Feature", "properties": { "fid": 55954, "navn": null, "hoyde_moh": 407, "arealInnsjo_km2": 0.0042, "magasinKategori": null, "fid_2": 1092, "id": 1092, "left": 17.486919847, "top": 68.946110046000001, "right": 17.986919847, "bottom": 68.446110046000001, "row_index": 11, "col_index": 27, "tile_id": 1092 }, "geometry": { "type": "MultiPolygon", "coordinates": [ [ [ [ 17.643810836424638, 68.502343764247669 ], [ 17.642775918133477, 68.502205417753316 ], [ 17.641896704239539, 68.501896138144218 ], [ 17.640129922898485, 68.502387549005675 ], [ 17.643810836424638, 68.502343764247669 ] ] ] ] } },
{ "type": "Feature", "properties": { "fid": 56014, "navn": null, "hoyde_moh": 386, "arealInnsjo_km2": 0.0283, "magasinKategori": null, "fid_2": 1092, "id": 1092, "left": 17.486919847, "top": 68.946110046000001, "right": 17.986919847, "bottom": 68.446110046000001, "row_index": 11, "col_index": 27, "tile_id": 1092 }, "geometry": { "type": "MultiPolygon", "coordinates": [ [ [ [ 17.621328621332822, 68.502524573651158 ], [ 17.621411334151123, 68.502406597818037 ], [ 17.621176345673348, 68.501794898804206 ], [ 17.619192700862257, 68.501467033539996 ], [ 17.618240465883552, 68.501632598428344 ], [ 17.618716815654253, 68.501908255140023 ], [ 17.617364760387812, 68.501934919220531 ], [ 17.616862082146795, 68.501809831817383 ], [ 17.617185118044809, 68.50141336548981 ], [ 17.615484192132548, 68.501376972966725 ], [ 17.614217459862143, 68.500925227918231 ], [ 17.613658898692151, 68.501088491093626 ], [ 17.614888384706148, 68.501814397695441 ], [ 17.615661603110546, 68.502008424392685 ], [ 17.616029556594572, 68.502364584338352 ], [ 17.619755699758741, 68.502708460083056 ], [ 17.621328621332822, 68.502524573651158 ] ] ] ] } },
{ "type": "Feature", "properties": { "fid": 56562, "navn": null, "hoyde_moh": 386, "arealInnsjo_km2": 0.0217, "magasinKategori": null, "fid_2": 1092, "id": 1092, "left": 17.486919847, "top": 68.946110046000001, "right": 17.986919847, "bottom": 68.446110046000001, "row_index": 11, "col_index": 27, "tile_id": 1092 }, "geometry": { "type": "MultiPolygon", "coordinates": [ [ [ [ 17.628160769149378, 68.500916142248684 ], [ 17.627294087788357, 68.500642944582907 ], [ 17.627240381154557, 68.50048213363246 ], [ 17.629615335113073, 68.499709454007643 ], [ 17.629865702704006, 68.499233227914928 ], [ 17.628148809028186, 68.499073261741472 ], [ 17.627356631931899, 68.499492179895981 ], [ 17.626397105878631, 68.499722173059098 ], [ 17.625730653007491, 68.500130677234765 ], [ 17.625523912789809, 68.500690404860109 ], [ 17.6258122740932, 68.501040610261555 ], [ 17.627351317941873, 68.501258677732991 ], [ 17.628160769149378, 68.500916142248684 ] ] ] ] } },
{ "type": "Feature", "properties": { "fid": 56577, "navn": null, "hoyde_moh": 311, "arealInnsjo_km2": 0.0242, "magasinKategori": null, "fid_2": 1092, "id": 1092, "left": 17.486919847, "top": 68.946110046000001, "right": 17.986919847, "bottom": 68.446110046000001, "row_index": 11, "col_index": 27, "tile_id": 1092 }, "geometry": { "type": "MultiPolygon", "coordinates": [ [ [ [ 17.770178586649365, 68.502723229323138 ], [ 17.771367595227339, 68.502632407674184 ], [ 17.770988225134605, 68.501966337738594 ], [ 17.771007875295425, 68.501548338501735 ], [ 17.770544637990746, 68.50149064131908 ], [ 17.770426824700966, 68.501282448232445 ], [ 17.769619812515785, 68.501035636807728 ], [ 17.768138080487422, 68.501125443189395 ], [ 17.767616775083145, 68.501466173164062 ], [ 17.767560562816321, 68.501857934777732 ], [ 17.767964545909624, 68.502138874624876 ], [ 17.768377024913438, 68.502724423702148 ], [ 17.76927896459507, 68.503020481432117 ], [ 17.769844773433697, 68.502996419039931 ], [ 17.770178586649365, 68.502723229323138 ] ] ] ] } },
{ "type": "Feature", "properties": { "fid": 56638, "navn": null, "hoyde_moh": 305, "arealInnsjo_km2": 0.003, "magasinKategori": null, "fid_2": 1092, "id": 1092, "left": 17.486919847, "top": 68.946110046000001, "right": 17.986919847, "bottom": 68.446110046000001, "row_index": 11, "col_index": 27, "tile_id": 1092 }, "geometry": { "type": "MultiPolygon", "coordinates": [ [ [ [ 17.807246442202207, 68.50066312314614 ], [ 17.807455132963703, 68.500410887095967 ], [ 17.808661450912041, 68.500006850148452 ], [ 17.807392762487265, 68.500104210946915 ], [ 17.80683845787431, 68.500280991814165 ], [ 17.806635728454999, 68.50057334270781 ], [ 17.806261258800937, 68.50073230085394 ], [ 17.807246442202207, 68.50066312314614 ] ] ] ] } },
{ "type": "Feature", "properties": { "fid": 56746, "navn": null, "hoyde_moh": 348, "arealInnsjo_km2": 0.0041, "magasinKategori": null, "fid_2": 1092, "id": 1092, "left": 17.486919847, "top": 68.946110046000001, "right": 17.986919847, "bottom": 68.446110046000001, "row_index": 11, "col_index": 27, "tile_id": 1092 }, "geometry": { "type": "MultiPolygon", "coordinates": [ [ [ [ 17.744935969387829, 68.50011708647466 ], [ 17.744912245217751, 68.499891810093985 ], [ 17.743719780748034, 68.499635656708477 ], [ 17.742750219450699, 68.499665156921424 ], [ 17.742952396001147, 68.500022070144254 ], [ 17.744648956529314, 68.50024000094345 ], [ 17.744935969387829, 68.50011708647466 ] ] ] ] } },
{ "type": "Feature", "properties": { "fid": 56757, "navn": null, "hoyde_moh": 383, "arealInnsjo_km2": 0.003, "magasinKategori": null, "fid_2": 1092, "id": 1092, "left": 17.486919847, "top": 68.946110046000001, "right": 17.986919847, "bottom": 68.446110046000001, "row_index": 11, "col_index": 27, "tile_id": 1092 }, "geometry": { "type": "MultiPolygon", "coordinates": [ [ [ [ 17.579143635159721, 68.502773045361494 ], [ 17.578923389825942, 68.502216094881334 ], [ 17.577793141859431, 68.502239747598864 ], [ 17.578198143800709, 68.502452075938692 ], [ 17.578396940048211, 68.503012049414963 ], [ 17.579143635159721, 68.502773045361494 ] ] ] ] } },
{ "type": "Feature", "properties": { "fid": 56847, "navn": null, "hoyde_moh": 343, "arealInnsjo_km2": 0.0042, "magasinKategori": null, "fid_2": 1092, "id": 1092, "left": 17.486919847, "top": 68.946110046000001, "right": 17.986919847, "bottom": 68.446110046000001, "row_index": 11, "col_index": 27, "tile_id": 1092 }, "geometry": { "type": "MultiPolygon", "coordinates": [ [ [ [ 17.739098131572959, 68.505421899734557 ], [ 17.739234054162537, 68.505142313553691 ], [ 17.737920722490944, 68.504839797128398 ], [ 17.737212548183845, 68.505004308049777 ], [ 17.737550387612032, 68.505360090872657 ], [ 17.738252644436919, 68.505554187674235 ], [ 17.739098131572959, 68.505421899734557 ] ] ] ] } },
{ "type": "Feature", "properties": { "fid": 58789, "navn": null, "hoyde_moh": 357, "arealInnsjo_km2": 0.0207, "magasinKategori": null, "fid_2": 1092, "id": 1092, "left": 17.486919847, "top": 68.946110046000001, "right": 17.986919847, "bottom": 68.446110046000001, "row_index": 11, "col_index": 27, "tile_id": 1092 }, "geometry": { "type": "MultiPolygon", "coordinates": [ [ [ [ 17.833921479467463, 68.51417898436479 ], [ 17.837526682106223, 68.51366554528056 ], [ 17.838110934746592, 68.513402967957461 ], [ 17.838147449084865, 68.513008177955982 ], [ 17.839117019362771, 68.512756853787408 ], [ 17.836960873620932, 68.513118997096896 ], [ 17.835776999981256, 68.51270021978425 ], [ 17.835095957745484, 68.512747993184476 ], [ 17.834764130069917, 68.5130865486381 ], [ 17.833932023693851, 68.51341514971665 ], [ 17.834197977916862, 68.513546028582539 ], [ 17.83410164866298, 68.513699183844537 ], [ 17.831678458871941, 68.513749424238554 ], [ 17.83065168753194, 68.514010286150736 ], [ 17.833142688650288, 68.513868071053821 ], [ 17.832332583019188, 68.514003739806157 ], [ 17.833706673131022, 68.514079108998374 ], [ 17.833032762622384, 68.514224959105505 ], [ 17.832853085642547, 68.514502233249871 ], [ 17.833071911926314, 68.514546385706041 ], [ 17.833921479467463, 68.51417898436479 ] ] ] ] } },
{ "type": "Feature", "properties": { "fid": 58843, "navn": null, "hoyde_moh": 357, "arealInnsjo_km2": 0.0072, "magasinKategori": null, "fid_2": 1092, "id": 1092, "left": 17.486919847, "top": 68.946110046000001, "right": 17.986919847, "bottom": 68.446110046000001, "row_index": 11, "col_index": 27, "tile_id": 1092 }, "geometry": { "type": "MultiPolygon", "coordinates": [ [ [ [ 17.774587522117553, 68.517651487703688 ], [ 17.773654889348997, 68.517473638367903 ], [ 17.773931746579585, 68.517112338561247 ], [ 17.773001616990083, 68.517074118283404 ], [ 17.773138467310137, 68.516759117516344 ], [ 17.770562910081861, 68.517370129138058 ], [ 17.77204962982589, 68.517433820949279 ], [ 17.773048028131541, 68.517756280414901 ], [ 17.774587522117553, 68.517651487703688 ] ] ] ] } },
{ "type": "Feature", "properties": { "fid": 58878, "navn": null, "hoyde_moh": 361, "arealInnsjo_km2": 0.008, "magasinKategori": null, "fid_2": 1092, "id": 1092, "left": 17.486919847, "top": 68.946110046000001, "right": 17.986919847, "bottom": 68.446110046000001, "row_index": 11, "col_index": 27, "tile_id": 1092 }, "geometry": { "type": "MultiPolygon", "coordinates": [ [ [ [ 17.915775981124195, 68.514628832572498 ], [ 17.913105621445943, 68.514140342635102 ], [ 17.910016086585568, 68.513907481507459 ], [ 17.911921094722082, 68.514466127144061 ], [ 17.913431412988562, 68.514546832913794 ], [ 17.914079578518141, 68.514728500473055 ], [ 17.915775981124195, 68.514628832572498 ] ] ] ] } },
{ "type": "Feature", "properties": { "fid": 58927, "navn": null, "hoyde_moh": 382, "arealInnsjo_km2": 0.0035, "magasinKategori": null, "fid_2": 1092, "id": 1092, "left": 17.486919847, "top": 68.946110046000001, "right": 17.986919847, "bottom": 68.446110046000001, "row_index": 11, "col_index": 27, "tile_id": 1092 }, "geometry": { "type": "MultiPolygon", "coordinates": [ [ [ [ 17.866283594329733, 68.515145769057625 ], [ 17.865683581223358, 68.514894785312521 ], [ 17.864827234860165, 68.515075928542771 ], [ 17.863606984280967, 68.515085443030586 ], [ 17.863928622932335, 68.515242527604784 ], [ 17.866117287354424, 68.515367109125918 ], [ 17.866283594329733, 68.515145769057625 ] ] ] ] } },
{ "type": "Feature", "properties": { "fid": 58971, "navn": null, "hoyde_moh": 306, "arealInnsjo_km2": 0.0017, "magasinKategori": null, "fid_2": 1092, "id": 1092, "left": 17.486919847, "top": 68.946110046000001, "right": 17.986919847, "bottom": 68.446110046000001, "row_index": 11, "col_index": 27, "tile_id": 1092 }, "geometry": { "type": "MultiPolygon", "coordinates": [ [ [ [ 17.933619575815449, 68.513494450114266 ], [ 17.933745947389564, 68.513372213291504 ], [ 17.933179128581699, 68.513280408170885 ], [ 17.93202394197743, 68.51348283670697 ], [ 17.932616770969855, 68.513627786101978 ], [ 17.933619575815449, 68.513494450114266 ] ] ] ] } },
{ "type": "Feature", "properties": { "fid": 58973, "navn": null, "hoyde_moh": 297, "arealInnsjo_km2": 0.0036, "magasinKategori": null, "fid_2": 1092, "id": 1092, "left": 17.486919847, "top": 68.946110046000001, "right": 17.986919847, "bottom": 68.446110046000001, "row_index": 11, "col_index": 27, "tile_id": 1092 }, "geometry": { "type": "MultiPolygon", "coordinates": [ [ [ [ 17.805607840648065, 68.51731358183568 ], [ 17.805987137923623, 68.517090814477783 ], [ 17.80517184742931, 68.516834514838607 ], [ 17.803371197241042, 68.517339014278349 ], [ 17.805607840648065, 68.51731358183568 ] ] ] ] } },
{ "type": "Feature", "properties": { "fid": 58983, "navn": null, "hoyde_moh": 285, "arealInnsjo_km2": 0.0041, "magasinKategori": null, "fid_2": 1092, "id": 1092, "left": 17.486919847, "top": 68.946110046000001, "right": 17.986919847, "bottom": 68.446110046000001, "row_index": 11, "col_index": 27, "tile_id": 1092 }, "geometry": { "type": "MultiPolygon", "coordinates": [ [ [ [ 17.814281742518066, 68.51552348098231 ], [ 17.814292736162276, 68.515378053792162 ], [ 17.812963673020345, 68.515015773696092 ], [ 17.812221314378991, 68.515360172078857 ], [ 17.812242766055885, 68.5155086459622 ], [ 17.813832673487209, 68.515686666241166 ], [ 17.814281742518066, 68.51552348098231 ] ] ] ] } },
{ "type": "Feature", "properties": { "fid": 59001, "navn": null, "hoyde_moh": 357, "arealInnsjo_km2": 0.023, "magasinKategori": null, "fid_2": 1092, "id": 1092, "left": 17.486919847, "top": 68.946110046000001, "right": 17.986919847, "bottom": 68.446110046000001, "row_index": 11, "col_index": 27, "tile_id": 1092 }, "geometry": { "type": "MultiPolygon", "coordinates": [ [ [ [ 17.843650397191627, 68.514751236288035 ], [ 17.843568093898753, 68.514549035706551 ], [ 17.842383457524125, 68.514086956955524 ], [ 17.842753101457241, 68.513845233089356 ], [ 17.842444569114821, 68.513545964319377 ], [ 17.842584459227346, 68.513295923511066 ], [ 17.84231566094553, 68.513148677810719 ], [ 17.84146855120693, 68.513199918058419 ], [ 17.841235045203788, 68.512613554299392 ], [ 17.840683026914668, 68.512342283506086 ], [ 17.840350064627359, 68.512478622299056 ], [ 17.840849245953198, 68.51252672663982 ], [ 17.840841067952407, 68.512689256169239 ], [ 17.839189337572364, 68.513354744114039 ], [ 17.840881322936138, 68.513763192526483 ], [ 17.840977585929803, 68.513950076641663 ], [ 17.840615466825444, 68.514131165028147 ], [ 17.838902350063602, 68.514383765823425 ], [ 17.840996513613771, 68.514736037837963 ], [ 17.843650397191627, 68.514751236288035 ] ] ] ] } },
{ "type": "Feature", "properties": { "fid": 59050, "navn": null, "hoyde_moh": 319, "arealInnsjo_km2": 0.0027, "magasinKategori": null, "fid_2": 1092, "id": 1092, "left": 17.486919847, "top": 68.946110046000001, "right": 17.986919847, "bottom": 68.446110046000001, "row_index": 11, "col_index": 27, "tile_id": 1092 }, "geometry": { "type": "MultiPolygon", "coordinates": [ [ [ [ 17.770404378563164, 68.514652254911283 ], [ 17.769561267241968, 68.514496245960956 ], [ 17.76868129181587, 68.514708067068668 ], [ 17.769488156016678, 68.514979666786687 ], [ 17.769973164913878, 68.51492130497455 ], [ 17.770404378563164, 68.514652254911283 ] ] ] ] } },
{ "type": "Feature", "properties": { "fid": 59108, "navn": "Telegrafvatnet", "hoyde_moh": 308, "arealInnsjo_km2": 0.0259, "magasinKategori": null, "fid_2": 1092, "id": 1092, "left": 17.486919847, "top": 68.946110046000001, "right": 17.986919847, "bottom": 68.446110046000001, "row_index": 11, "col_index": 27, "tile_id": 1092 }, "geometry": { "type": "MultiPolygon", "coordinates": [ [ [ [ 17.929403466915868, 68.513097509433905 ], [ 17.928404295470827, 68.512794906447084 ], [ 17.928360879519122, 68.512343564819588 ], [ 17.928828600604039, 68.51193088239269 ], [ 17.928791543281843, 68.511747313937818 ], [ 17.92786448265004, 68.51161491736076 ], [ 17.9281586804473, 68.511546134325371 ], [ 17.927981825772232, 68.511475785738085 ], [ 17.9249388900813, 68.511183587711031 ], [ 17.923452241602284, 68.510860996071187 ], [ 17.919732985603883, 68.511032405166048 ], [ 17.920193009871827, 68.511202329977891 ], [ 17.923880916433085, 68.51121199130624 ], [ 17.925973366115535, 68.511849894286414 ], [ 17.926870646539662, 68.511769788440517 ], [ 17.925901549261891, 68.512157004356467 ], [ 17.925873662281198, 68.512376178474952 ], [ 17.928023334337812, 68.513110285176495 ], [ 17.929363432631188, 68.513258723396845 ], [ 17.929403466915868, 68.513097509433905 ] ] ] ] } },
{ "type": "Feature", "properties": { "fid": 59318, "navn": null, "hoyde_moh": 332, "arealInnsjo_km2": 0.0096, "magasinKategori": null, "fid_2": 1092, "id": 1092, "left": 17.486919847, "top": 68.946110046000001, "right": 17.986919847, "bottom": 68.446110046000001, "row_index": 11, "col_index": 27, "tile_id": 1092 }, "geometry": { "type": "MultiPolygon", "coordinates": [ [ [ [ 17.969912168767546, 68.51293828403179 ], [ 17.970031482611947, 68.512767662814156 ], [ 17.969854161240544, 68.512415916968308 ], [ 17.97001226216366, 68.512292549582867 ], [ 17.969788172290134, 68.512152784525156 ], [ 17.970336892605889, 68.51192949497198 ], [ 17.969853384730804, 68.511608485873637 ], [ 17.969328095316207, 68.511546590060391 ], [ 17.969202760733587, 68.511626823238203 ], [ 17.969428869196189, 68.511808029704341 ], [ 17.96936654658845, 68.512182779957797 ], [ 17.968477020974138, 68.512544245578908 ], [ 17.967620139502198, 68.512528698780599 ], [ 17.967253507014995, 68.512753427376339 ], [ 17.967330394212162, 68.512961873766571 ], [ 17.968356369571879, 68.513114122391698 ], [ 17.969912168767546, 68.51293828403179 ] ] ] ] } },
{ "type": "Feature", "properties": { "fid": 64335, "navn": null, "hoyde_moh": 633, "arealInnsjo_km2": 0.0269, "magasinKategori": null, "fid_2": 1092, "id": 1092, "left": 17.486919847, "top": 68.946110046000001, "right": 17.986919847, "bottom": 68.446110046000001, "row_index": 11, "col_index": 27, "tile_id": 1092 }, "geometry": { "type": "MultiPolygon", "coordinates": [ [ [ [ 17.84218951844273, 68.452095227474643 ], [ 17.842224987246201, 68.451395863456654 ], [ 17.842475656785624, 68.451286129362245 ], [ 17.840478629300218, 68.450906186927284 ], [ 17.839837579244652, 68.450925050938622 ], [ 17.838100694648475, 68.451285031173271 ], [ 17.837040332156732, 68.451878150304609 ], [ 17.838409924064486, 68.4523700310056 ], [ 17.8411578762292, 68.452506193777026 ], [ 17.84218951844273, 68.452095227474643 ] ] ] ] } },
{ "type": "Feature", "properties": { "fid": 64336, "navn": "Svartdalsvatnet", "hoyde_moh": 93, "arealInnsjo_km2": 0.0271, "magasinKategori": null, "fid_2": 1092, "id": 1092, "left": 17.486919847, "top": 68.946110046000001, "right": 17.986919847, "bottom": 68.446110046000001, "row_index": 11, "col_index": 27, "tile_id": 1092 }, "geometry": { "type": "MultiPolygon", "coordinates": [ [ [ [ 17.77481483797531, 68.460398812575718 ], [ 17.774280082670327, 68.460434331208035 ], [ 17.774687044645063, 68.460279028608568 ], [ 17.774597970644216, 68.460080597246375 ], [ 17.774742809066566, 68.459911234644366 ], [ 17.774480732769792, 68.459556964493387 ], [ 17.775025027331768, 68.459368416792003 ], [ 17.775149683067802, 68.459108276469479 ], [ 17.775024935957031, 68.459039159668706 ], [ 17.775249447880089, 68.458973770894787 ], [ 17.773501157190911, 68.458090179725474 ], [ 17.772450076308875, 68.45785238084072 ], [ 17.772193834156791, 68.457310043332853 ], [ 17.771759586138852, 68.457407803832709 ], [ 17.771904342833036, 68.457955308411854 ], [ 17.772081165437204, 68.458009023446564 ], [ 17.771656107910882, 68.45813804910307 ], [ 17.771563257512788, 68.458438772389883 ], [ 17.772428912852799, 68.45960081534669 ], [ 17.773499795456434, 68.460411796625081 ], [ 17.774606859832257, 68.460447768927125 ], [ 17.77481483797531, 68.460398812575718 ] ] ] ] } },
{ "type": "Feature", "properties": { "fid": 64337, "navn": null, "hoyde_moh": 609, "arealInnsjo_km2": 0.0316, "magasinKategori": null, "fid_2": 1092, "id": 1092, "left": 17.486919847, "top": 68.946110046000001, "right": 17.986919847, "bottom": 68.446110046000001, "row_index": 11, "col_index": 27, "tile_id": 1092 }, "geometry": { "type": "MultiPolygon", "coordinates": [ [ [ [ 17.934102965419086, 68.458734250774825 ], [ 17.934803524769716, 68.458385680526987 ], [ 17.93542451387524, 68.4585214877536 ], [ 17.936324507257687, 68.458377152688769 ], [ 17.937451126843115, 68.457843076674536 ], [ 17.936455675373953, 68.457366686201837 ], [ 17.934721939739873, 68.45736341397081 ], [ 17.934028571712606, 68.457637255951539 ], [ 17.9341962311609, 68.457905346832902 ], [ 17.93388621559518, 68.458110346715245 ], [ 17.933166324343848, 68.458012265895036 ], [ 17.933046532731922, 68.457809948213168 ], [ 17.932422685869525, 68.457651828937273 ], [ 17.930995638967925, 68.45769683192033 ], [ 17.930058754525394, 68.457871319399985 ], [ 17.929103032763141, 68.458351272621059 ], [ 17.929668982068673, 68.458845094533999 ], [ 17.93085119001071, 68.458459656704107 ], [ 17.93206626271666, 68.45850517878398 ], [ 17.931990684765271, 68.458706069927857 ], [ 17.934102965419086, 68.458734250774825 ] ] ] ] } },
{ "type": "Feature", "properties": { "fid": 64471, "navn": "Skogvatnet", "hoyde_moh": 351, "arealInnsjo_km2": 0.0375, "magasinKategori": null, "fid_2": 1092, "id": 1092, "left": 17.486919847, "top": 68.946110046000001, "right": 17.986919847, "bottom": 68.446110046000001, "row_index": 11, "col_index": 27, "tile_id": 1092 }, "geometry": { "type": "MultiPolygon", "coordinates": [ [ [ [ 17.979383667892698, 68.493886236205697 ], [ 17.980180479590253, 68.49347050525931 ], [ 17.982827471181633, 68.493157340254044 ], [ 17.983469552188762, 68.492872905352243 ], [ 17.983573448821762, 68.492688989083817 ], [ 17.98307203806479, 68.49269925706372 ], [ 17.981523733016608, 68.492233292669241 ], [ 17.982107170349227, 68.492106925295886 ], [ 17.981466644659882, 68.491975122202319 ], [ 17.982432344911562, 68.49190901909796 ], [ 17.982274852533912, 68.491798342513277 ], [ 17.981174962479209, 68.491861623693865 ], [ 17.981334909855256, 68.491561079893614 ], [ 17.981038749680049, 68.491376557654746 ], [ 17.979872427534737, 68.49128111936551 ], [ 17.978835130934467, 68.49160730611419 ], [ 17.978360505349386, 68.491968829219672 ], [ 17.978408895544447, 68.492773355602381 ], [ 17.978999922661803, 68.493468231165792 ], [ 17.978651193295022, 68.493984985961305 ], [ 17.97885172892417, 68.49421978052068 ], [ 17.978362364545561, 68.494737057605121 ], [ 17.97856772212112, 68.494769141116464 ], [ 17.979383667892698, 68.493886236205697 ] ] ] ] } },
{ "type": "Feature", "properties": { "fid": 64632, "navn": "Grøndalsvatnet", "hoyde_moh": 492, "arealInnsjo_km2": 0.1208, "magasinKategori": null, "fid_2": 1092, "id": 1092, "left": 17.486919847, "top": 68.946110046000001, "right": 17.986919847, "bottom": 68.446110046000001, "row_index": 11, "col_index": 27, "tile_id": 1092 }, "geometry": { "type": "MultiPolygon", "coordinates": [ [ [ [ 17.919585815370901, 68.476121748673094 ], [ 17.91944352269519, 68.475586126788201 ], [ 17.919731446969585, 68.475398421708107 ], [ 17.919728698580005, 68.475216319610112 ], [ 17.92016964446103, 68.475087262510414 ], [ 17.920802455000988, 68.474244932345812 ], [ 17.921321809130312, 68.474134524541284 ], [ 17.9205705789375, 68.473927944549629 ], [ 17.920722375887291, 68.473511802636466 ], [ 17.920176554411, 68.473158093082674 ], [ 17.920106713850153, 68.472922129132698 ], [ 17.920431858760434, 68.472540401766054 ], [ 17.921236142847704, 68.472446752263366 ], [ 17.921489170938152, 68.472619194201087 ], [ 17.921315855770306, 68.472849791611367 ], [ 17.922059886304016, 68.473195642234387 ], [ 17.922801491149389, 68.473085931801322 ], [ 17.921793617826602, 68.472631570909016 ], [ 17.922620370169629, 68.47216918236559 ], [ 17.921152510186765, 68.471896104016764 ], [ 17.920846519476495, 68.471330749216406 ], [ 17.920919421604772, 68.471030532922626 ], [ 17.920357002840046, 68.470865727885936 ], [ 17.922086851723837, 68.470772456026509 ], [ 17.922570161320838, 68.470450088089649 ], [ 17.921740540026683, 68.469957607350437 ], [ 17.921269557977077, 68.469944184928806 ], [ 17.921201638129265, 68.469581248250563 ], [ 17.921761316049334, 68.469679665542415 ], [ 17.921978341145451, 68.469208879019547 ], [ 17.921366420041277, 68.469318839999659 ], [ 17.919921724333864, 68.469202722480389 ], [ 17.919189742139938, 68.469777818513649 ], [ 17.917687880427341, 68.470515971833237 ], [ 17.917135614508641, 68.471274206927333 ], [ 17.91727927428019, 68.471930909970808 ], [ 17.916672983706022, 68.473089124868039 ], [ 17.916837042299228, 68.473367887315305 ], [ 17.916760626015524, 68.473520126157851 ], [ 17.916369939708837, 68.473599104058735 ], [ 17.915887775785002, 68.474030057205624 ], [ 17.916108387260081, 68.474243199567766 ], [ 17.915838760197619, 68.474326532847897 ], [ 17.916048973396734, 68.474640940737501 ], [ 17.915765359782593, 68.474955054419084 ], [ 17.915885848813637, 68.475606595438862 ], [ 17.915659220971392, 68.475858491900695 ], [ 17.915748454301575, 68.476116203836554 ], [ 17.91597405426711, 68.476149983031192 ], [ 17.916183660754871, 68.475794604685404 ], [ 17.916513906755046, 68.475849364363256 ], [ 17.916307655388881, 68.476009069272507 ], [ 17.916447777871781, 68.47602835575475 ], [ 17.91678222297076, 68.475731131317588 ], [ 17.917397313265639, 68.475661263440827 ], [ 17.917679338818061, 68.475793167515533 ], [ 17.917757363100129, 68.476009329360849 ], [ 17.918090405911041, 68.476038362207476 ], [ 17.918357851346563, 68.475864213015896 ], [ 17.91833739435593, 68.476110906922045 ], [ 17.919035779045302, 68.476021538097143 ], [ 17.919040814479295, 68.476264915392136 ], [ 17.919585815370901, 68.476121748673094 ] ], [ [ 17.918633417921683, 68.475274092357296 ], [ 17.91878563301713, 68.475080403681375 ], [ 17.918570609076426, 68.475090612581312 ], [ 17.919269608355993, 68.474866212614728 ], [ 17.918801697150066, 68.475327808202323 ], [ 17.918633417921683, 68.475274092357296 ] ], [ [ 17.91820059209936, 68.475269241768459 ], [ 17.917997520682466, 68.475273586041794 ], [ 17.91801090590031, 68.475157635327605 ], [ 17.918183937796531, 68.475094833168669 ], [ 17.91820059209936, 68.475269241768459 ] ], [ [ 17.916507475376534, 68.475236954502833 ], [ 17.916545179629136, 68.47532643045605 ], [ 17.916251183269054, 68.47535740179643 ], [ 17.916507475376534, 68.475236954502833 ] ], [ [ 17.91734363088635, 68.475396918400122 ], [ 17.917292804234698, 68.475338373444302 ], [ 17.917678937726777, 68.475223922899161 ], [ 17.917734423522585, 68.475343163056408 ], [ 17.91734363088635, 68.475396918400122 ] ] ] ] } },
{ "type": "Feature", "properties": { "fid": 64633, "navn": null, "hoyde_moh": 530, "arealInnsjo_km2": 0.0573, "magasinKategori": null, "fid_2": 1092, "id": 1092, "left": 17.486919847, "top": 68.946110046000001, "right": 17.986919847, "bottom": 68.446110046000001, "row_index": 11, "col_index": 27, "tile_id": 1092 }, "geometry": { "type": "MultiPolygon", "coordinates": [ [ [ [ 17.951632481939143, 68.481560730936636 ], [ 17.95136683828887, 68.481047227005774 ], [ 17.952177899741748, 68.48077008126549 ], [ 17.95198481874419, 68.480418960127537 ], [ 17.95212536870703, 68.480100476008374 ], [ 17.952760663007979, 68.47997922011497 ], [ 17.953014370974238, 68.479684776134945 ], [ 17.953526669043526, 68.479468188339879 ], [ 17.954832267011074, 68.479521842583154 ], [ 17.955826325808154, 68.479291096935924 ], [ 17.954500169024055, 68.479272735621905 ], [ 17.954602302844588, 68.478830946314346 ], [ 17.953857436434621, 68.478259639713315 ], [ 17.951604105631812, 68.477837987181559 ], [ 17.95099497431368, 68.477917661820953 ], [ 17.950191093446854, 68.47775477906994 ], [ 17.950566507727778, 68.478004746875015 ], [ 17.949748238648088, 68.478345932746421 ], [ 17.949107262181336, 68.478387826816018 ], [ 17.948942321827278, 68.478693899339859 ], [ 17.94856477983312, 68.478706736716077 ], [ 17.948986989284318, 68.479090457370205 ], [ 17.949897150049015, 68.479542705954046 ], [ 17.949313353723717, 68.479668880081604 ], [ 17.949199889618956, 68.479901059803964 ], [ 17.949426462330425, 68.480102657366999 ], [ 17.94806956504932, 68.480210649941114 ], [ 17.948178612877822, 68.480369877713528 ], [ 17.947987663161594, 68.480489943893275 ], [ 17.950458819569512, 68.480389272789381 ], [ 17.95008561968055, 68.480787620457875 ], [ 17.950626748927281, 68.481075968390201 ], [ 17.951259567566282, 68.481077754176994 ], [ 17.95070260730709, 68.481199958878179 ], [ 17.950526579294472, 68.48144733567139 ], [ 17.950922738223316, 68.48151864510433 ], [ 17.950988540609366, 68.481707899474316 ], [ 17.951632481939143, 68.481560730936636 ] ] ] ] } },
{ "type": "Feature", "properties": { "fid": 94306, "navn": "Lapphaugvatnet", "hoyde_moh": 340, "arealInnsjo_km2": 0.384, "magasinKategori": null, "fid_2": 1092, "id": 1092, "left": 17.486919847, "top": 68.946110046000001, "right": 17.986919847, "bottom": 68.446110046000001, "row_index": 11, "col_index": 27, "tile_id": 1092 }, "geometry": { "type": "MultiPolygon", "coordinates": [ [ [ [ 17.909596645979871, 68.678432292638348 ], [ 17.910032277288828, 68.678189675326237 ], [ 17.910774450503279, 68.678134242139635 ], [ 17.908916553336311, 68.677988421849236 ], [ 17.909214089395505, 68.677702492095932 ], [ 17.909133659710243, 68.677455840412335 ], [ 17.908900634720926, 68.67735967049471 ], [ 17.906335729160062, 68.677239197692444 ], [ 17.904361215046492, 68.676766236358162 ], [ 17.904305887611983, 68.676672569639308 ], [ 17.90473184173841, 68.676548989281656 ], [ 17.904433676059195, 68.676129502638034 ], [ 17.904977523498591, 68.675855951185184 ], [ 17.905031566012408, 68.675527627205511 ], [ 17.901052019163458, 68.674282078513912 ], [ 17.898022391652518, 68.673775198094233 ], [ 17.896678255117582, 68.673311979081717 ], [ 17.890415294616645, 68.673089234923296 ], [ 17.888485360867936, 68.673515547024607 ], [ 17.887617072132706, 68.674289673201642 ], [ 17.887805048735775, 68.674630096990455 ], [ 17.889397119165906, 68.674506625366732 ], [ 17.891219503405612, 68.675499255134056 ], [ 17.888049502836857, 68.675900737010394 ], [ 17.888014275287855, 68.676298391473267 ], [ 17.888450732386925, 68.67679031531334 ], [ 17.888016911345034, 68.677031316929089 ], [ 17.88845500057942, 68.677065925474935 ], [ 17.888590763320252, 68.677729425953416 ], [ 17.888573616190943, 68.677883135936483 ], [ 17.888132814778839, 68.67802057281466 ], [ 17.888268285461429, 68.678129839591676 ], [ 17.889807947908547, 68.678234561522387 ], [ 17.89031766467615, 68.678076909374838 ], [ 17.890158847853737, 68.677911129554033 ], [ 17.890441858586527, 68.677762922751214 ], [ 17.891461997973764, 68.678031464571262 ], [ 17.892160497279153, 68.678038623411766 ], [ 17.893582891677934, 68.678607635725086 ], [ 17.898359774912215, 68.678950596119577 ], [ 17.902271084607612, 68.678802175356381 ], [ 17.905297896273947, 68.678941427650315 ], [ 17.909596645979871, 68.678432292638348 ] ] ] ] } },
{ "type": "Feature", "properties": { "fid": 94307, "navn": "Resselvvatnet", "hoyde_moh": 650, "arealInnsjo_km2": 0.0958, "magasinKategori": null, "fid_2": 1092, "id": 1092, "left": 17.486919847, "top": 68.946110046000001, "right": 17.986919847, "bottom": 68.446110046000001, "row_index": 11, "col_index": 27, "tile_id": 1092 }, "geometry": { "type": "MultiPolygon", "coordinates": [ [ [ [ 17.552541506972148, 68.722783063140056 ], [ 17.555390120085114, 68.721511276171441 ], [ 17.556162578510087, 68.721319565122386 ], [ 17.556977556023615, 68.720897354661375 ], [ 17.558146295813472, 68.719899241183356 ], [ 17.55780605446952, 68.719776221278934 ], [ 17.555414818394279, 68.719907677284837 ], [ 17.554408409580493, 68.719712859847036 ], [ 17.553350040957557, 68.719737544412141 ], [ 17.549591971528606, 68.720929038658483 ], [ 17.548707160638994, 68.721883409412513 ], [ 17.546750964408144, 68.722538162864424 ], [ 17.546793065304101, 68.722946074481058 ], [ 17.546968636020054, 68.723131189976016 ], [ 17.548451109256046, 68.723408543393603 ], [ 17.552541506972148, 68.722783063140056 ] ] ] ] } },
{ "type": "Feature", "properties": { "fid": 94515, "navn": "Storelvvatnet", "hoyde_moh": 492, "arealInnsjo_km2": 0.0126, "magasinKategori": null, "fid_2": 1092, "id": 1092, "left": 17.486919847, "top": 68.946110046000001, "right": 17.986919847, "bottom": 68.446110046000001, "row_index": 11, "col_index": 27, "tile_id": 1092 }, "geometry": { "type": "MultiPolygon", "coordinates": [ [ [ [ 17.615908105481083, 68.746799988109288 ], [ 17.616984756558534, 68.746688571361219 ], [ 17.616409058141986, 68.746475416078582 ], [ 17.616150252877066, 68.746142029035283 ], [ 17.614236036301183, 68.745859339502488 ], [ 17.614016784760537, 68.745951491222044 ], [ 17.614549403155085, 68.746242687387536 ], [ 17.613558241971099, 68.746528238363027 ], [ 17.613161132558233, 68.746884318099845 ], [ 17.613393391188982, 68.74718149929403 ], [ 17.614110181617349, 68.746899736906073 ], [ 17.61438785175309, 68.746944904483328 ], [ 17.614550288554174, 68.747157088162311 ], [ 17.615071441178344, 68.747162593378008 ], [ 17.615908105481083, 68.746799988109288 ] ] ] ] } },
{ "type": "Feature", "properties": { "fid": 98725, "navn": "Øvre Næverfjellvatnet", "hoyde_moh": 657, "arealInnsjo_km2": 0.2164, "magasinKategori": null, "fid_2": 1092, "id": 1092, "left": 17.486919847, "top": 68.946110046000001, "right": 17.986919847, "bottom": 68.446110046000001, "row_index": 11, "col_index": 27, "tile_id": 1092 }, "geometry": { "type": "MultiPolygon", "coordinates": [ [ [ [ 17.882173459007557, 68.537238025866927 ], [ 17.884149368535649, 68.536985068167795 ], [ 17.885163937255694, 68.536684686061207 ], [ 17.886737596868922, 68.536780363699606 ], [ 17.890503542888865, 68.536434074073554 ], [ 17.892278943162371, 68.536699665821104 ], [ 17.892494054236206, 68.536926045044765 ], [ 17.892201687388773, 68.537094553014981 ], [ 17.893149039373625, 68.537097987234858 ], [ 17.893331279883739, 68.537033983140986 ], [ 17.892678913673848, 68.536798438546185 ], [ 17.893117307105928, 68.536650485582555 ], [ 17.891866723322181, 68.536404234931879 ], [ 17.892195007421805, 68.536259706259656 ], [ 17.894002838532078, 68.536165187408798 ], [ 17.894216344196458, 68.536029813919697 ], [ 17.89383964521317, 68.535673269707985 ], [ 17.891798446780292, 68.535410207332177 ], [ 17.891343270887024, 68.534818013595114 ], [ 17.892334350610803, 68.534591961168488 ], [ 17.892544818574194, 68.534316509150202 ], [ 17.890675002955614, 68.533831262160419 ], [ 17.889322136943747, 68.533936503643346 ], [ 17.887926423659597, 68.534604347253733 ], [ 17.88561344905392, 68.534862606075166 ], [ 17.881464171406385, 68.534243419866428 ], [ 17.879666037297024, 68.534182784923587 ], [ 17.878554648344007, 68.533655943706833 ], [ 17.878957144673393, 68.533416718463286 ], [ 17.87867551827425, 68.533090382955223 ], [ 17.877645711145743, 68.532865921273626 ], [ 17.87608524760919, 68.533009354298827 ], [ 17.875124817004352, 68.533345651045209 ], [ 17.874611392042379, 68.533833723099491 ], [ 17.874579357762041, 68.534477833872515 ], [ 17.875991410823154, 68.534774139162977 ], [ 17.876190786911668, 68.535736922308928 ], [ 17.876863784467822, 68.536736478953273 ], [ 17.877161655180409, 68.536825186708143 ], [ 17.877650389671999, 68.536663755631409 ], [ 17.878230310706584, 68.537196929698482 ], [ 17.879924763599853, 68.537255770356438 ], [ 17.88099241798534, 68.537598069150434 ], [ 17.881523730620184, 68.53757028287157 ], [ 17.882173459007557, 68.537238025866927 ] ] ] ] } },
{ "type": "Feature", "properties": { "fid": 98986, "navn": "Suolojávri", "hoyde_moh": 382, "arealInnsjo_km2": 0.4264, "magasinKategori": null, "fid_2": 1092, "id": 1092, "left": 17.486919847, "top": 68.946110046000001, "right": 17.986919847, "bottom": 68.446110046000001, "row_index": 11, "col_index": 27, "tile_id": 1092 }, "geometry": { "type": "MultiPolygon", "coordinates": [ [ [ [ 17.698726932978275, 68.510435969626428 ], [ 17.698661973855096, 68.509854019436304 ], [ 17.698441728891353, 68.509578316137834 ], [ 17.699956912954445, 68.509194991436289 ], [ 17.702549631090658, 68.5094148177634 ], [ 17.703128804095595, 68.509588421584468 ], [ 17.703880556126229, 68.509492294101307 ], [ 17.70392677007905, 68.509344790453838 ], [ 17.703302046162197, 68.508999402912963 ], [ 17.703325650990188, 68.508863394036283 ], [ 17.703861297887642, 68.508729008861323 ], [ 17.704210691634582, 68.508327353583738 ], [ 17.70490763428543, 68.507960218332826 ], [ 17.705187798305349, 68.507665325192846 ], [ 17.705248882026286, 68.507117247463867 ], [ 17.705031569038347, 68.506445838543073 ], [ 17.70438115434435, 68.50630013917646 ], [ 17.703894703062101, 68.50597236318373 ], [ 17.705306099234718, 68.505818291856485 ], [ 17.706465289662081, 68.506051197378497 ], [ 17.706917147044198, 68.505963751422158 ], [ 17.705476226596087, 68.504979425243576 ], [ 17.70513681127894, 68.504450999927329 ], [ 17.70466786627442, 68.504152655112634 ], [ 17.705568971865365, 68.504068830453576 ], [ 17.706673879395673, 68.504264101273293 ], [ 17.707522437321913, 68.50472147557241 ], [ 17.707983556609634, 68.504780815785296 ], [ 17.708228611469558, 68.504760972592891 ], [ 17.708498571962323, 68.504473508062773 ], [ 17.708349477788467, 68.504275298796742 ], [ 17.707466731493817, 68.503951147284113 ], [ 17.703857816989306, 68.50309271023437 ], [ 17.703518015333888, 68.503087594633044 ], [ 17.703863845230131, 68.503165498929036 ], [ 17.704043130621592, 68.503491493288678 ], [ 17.704622121134562, 68.503797490461395 ], [ 17.704702925363367, 68.503989802144901 ], [ 17.701746456053499, 68.503637553985939 ], [ 17.701210938312279, 68.50334476044452 ], [ 17.701244651666283, 68.503117302431136 ], [ 17.701019887683, 68.502889428287716 ], [ 17.699401677203568, 68.502667554730763 ], [ 17.70043355539519, 68.502419185940965 ], [ 17.700441323712759, 68.502289805456698 ], [ 17.701232264156868, 68.502351304028025 ], [ 17.700199818552818, 68.502003675918701 ], [ 17.700109246525596, 68.501674096219872 ], [ 17.699154109428658, 68.501180613546623 ], [ 17.695482050785529, 68.499999974507702 ], [ 17.694982185817615, 68.499754342917456 ], [ 17.695045342023715, 68.499654142946568 ], [ 17.694411696058438, 68.499441716254239 ], [ 17.694098800792638, 68.499431931421555 ], [ 17.694272248126836, 68.499634607214333 ], [ 17.69336150069627, 68.499736928759333 ], [ 17.693374439612125, 68.499878183338495 ], [ 17.693744801795813, 68.500025008488691 ], [ 17.692902973249669, 68.500184205739316 ], [ 17.692733218287689, 68.500398047041401 ], [ 17.693098400345093, 68.500745481419841 ], [ 17.692927528713891, 68.501001258874908 ], [ 17.693400857374563, 68.501254144472412 ], [ 17.693612257647331, 68.501776835665808 ], [ 17.692671871855001, 68.501801716170689 ], [ 17.692554638213235, 68.502423123402778 ], [ 17.691299449952169, 68.502285286169524 ], [ 17.691537961772536, 68.502637538579862 ], [ 17.691209272014166, 68.502746035866664 ], [ 17.691188841235252, 68.502946169851654 ], [ 17.690486548463845, 68.503104730517776 ], [ 17.691699169706041, 68.50375740398367 ], [ 17.692703175537076, 68.5038527751272 ], [ 17.692232116321367, 68.504000899441166 ], [ 17.692143432979925, 68.504168378988552 ], [ 17.692755891199464, 68.504442282480099 ], [ 17.694093427230165, 68.504649698929896 ], [ 17.694059972152282, 68.50490659171308 ], [ 17.695009475160212, 68.505131182409215 ], [ 17.695848985771587, 68.505649795356291 ], [ 17.696086485454355, 68.50597423315638 ], [ 17.695629983387672, 68.506330466721749 ], [ 17.69489996931269, 68.506378456563112 ], [ 17.694380633181233, 68.506241474989153 ], [ 17.694100543964097, 68.505765126343945 ], [ 17.693666708076599, 68.505893178556079 ], [ 17.693517583365082, 68.506101752032436 ], [ 17.693080285241471, 68.506120889177552 ], [ 17.691754440041024, 68.505870550204634 ], [ 17.689958669533731, 68.505223635707409 ], [ 17.689595593560032, 68.50527604185757 ], [ 17.691032972929367, 68.505889573178649 ], [ 17.691147025949959, 68.506105053307195 ], [ 17.690913436622253, 68.506360846287677 ], [ 17.691296298457228, 68.506511157682155 ], [ 17.691225912737007, 68.506772680944835 ], [ 17.692076373299351, 68.507007853424412 ], [ 17.692096122358315, 68.507255454323499 ], [ 17.692374217152917, 68.50742808926752 ], [ 17.692235451690696, 68.507598526475846 ], [ 17.694203095867042, 68.507665501409264 ], [ 17.69448536684801, 68.50795286957262 ], [ 17.696422931619317, 68.508540015028572 ], [ 17.696506488948284, 68.508755802853685 ], [ 17.696769302742876, 68.50884519952001 ], [ 17.694913071366145, 68.509568509393105 ], [ 17.694160893824126, 68.510132882569238 ], [ 17.692986067052185, 68.510592013978766 ], [ 17.699765232289661, 68.511357267115244 ], [ 17.698726932978275, 68.510435969626428 ] ], [ [ 17.694259148376883, 68.500799997443309 ], [ 17.693530894941439, 68.500506507044491 ], [ 17.693937649048873, 68.500550151457006 ], [ 17.695258939673419, 68.500877467280816 ], [ 17.694259148376883, 68.500799997443309 ] ], [ [ 17.695357883363005, 68.500861785146867 ], [ 17.695594653270444, 68.500778991476693 ], [ 17.695413957359651, 68.500628494331835 ], [ 17.695845215800993, 68.500555590392267 ], [ 17.69622493192362, 68.500729278017545 ], [ 17.695357883363005, 68.500861785146867 ] ], [ [ 17.696974373614253, 68.502897514275276 ], [ 17.696612228194699, 68.502322315886772 ], [ 17.697112612347258, 68.502090409144742 ], [ 17.697865104291907, 68.502215284157558 ], [ 17.697944448295928, 68.502721424751201 ], [ 17.697822847454404, 68.502920225205969 ], [ 17.696974373614253, 68.502897514275276 ] ], [ [ 17.695526375178204, 68.503155868452083 ], [ 17.695004056704018, 68.503282294714012 ], [ 17.694797834427643, 68.503205092227773 ], [ 17.694477132983103, 68.502564596726501 ], [ 17.695408080575877, 68.502665343256496 ], [ 17.695526375178204, 68.503155868452083 ] ], [ [ 17.698447057068005, 68.503603227818985 ], [ 17.698101365563076, 68.503323708023089 ], [ 17.698445154590409, 68.503112447429828 ], [ 17.699204196453149, 68.503054369196363 ], [ 17.699330418190584, 68.50336901394526 ], [ 17.699134663780153, 68.50359638553158 ], [ 17.698447057068005, 68.503603227818985 ] ], [ [ 17.69461264027802, 68.504849515139469 ], [ 17.69377095509866, 68.504379851059824 ], [ 17.694295179665417, 68.504055925654058 ], [ 17.695384023172881, 68.50380200719799 ], [ 17.695156477144174, 68.503478665529016 ], [ 17.695881267210222, 68.50362948689309 ], [ 17.695997190814307, 68.503913600944145 ], [ 17.6965518301201, 68.504076040083476 ], [ 17.695656601172224, 68.504604753728913 ], [ 17.695526953138721, 68.504840931946731 ], [ 17.69461264027802, 68.504849515139469 ] ], [ [ 17.697283866076823, 68.504277005207072 ], [ 17.697443978239651, 68.504394171590661 ], [ 17.697045945878429, 68.504542930772601 ], [ 17.696794347803113, 68.50446915273865 ], [ 17.697283866076823, 68.504277005207072 ] ], [ [ 17.697657430810583, 68.509779154064205 ], [ 17.697369850392743, 68.509765286237609 ], [ 17.697573654877239, 68.509647655260707 ], [ 17.697832965926654, 68.509746531614525 ], [ 17.697657430810583, 68.509779154064205 ] ], [ [ 17.700151294035322, 68.503842038017495 ], [ 17.700355808855136, 68.503947715872684 ], [ 17.69978599278539, 68.5038366070264 ], [ 17.700151294035322, 68.503842038017495 ] ], [ [ 17.703228317569884, 68.50407290022406 ], [ 17.702768864510524, 68.50386783863064 ], [ 17.703162885014102, 68.5038739673072 ], [ 17.703488074070155, 68.503989904653352 ], [ 17.703228317569884, 68.50407290022406 ] ], [ [ 17.701058775093266, 68.504719382781971 ], [ 17.700630709723246, 68.504664069547388 ], [ 17.699815027751377, 68.504228663216196 ], [ 17.7007103017337, 68.504333187009252 ], [ 17.701130945317967, 68.504600544558087 ], [ 17.701058775093266, 68.504719382781971 ] ], [ [ 17.70212084445777, 68.505221277890996 ], [ 17.702049503376159, 68.505032223733082 ], [ 17.702668808751785, 68.505000347113864 ], [ 17.70212084445777, 68.505221277890996 ] ], [ [ 17.701563893169535, 68.50545922645675 ], [ 17.701171842940884, 68.505314381599149 ], [ 17.702005713338064, 68.505347181458987 ], [ 17.701563893169535, 68.50545922645675 ] ], [ [ 17.699876246258697, 68.505865540990214 ], [ 17.699529897058969, 68.505566645769065 ], [ 17.699588540485802, 68.505283494732723 ], [ 17.700082703903607, 68.50523658676498 ], [ 17.700053529379129, 68.505422322302522 ], [ 17.700439041483843, 68.505604615378843 ], [ 17.701336387632757, 68.505521503296492 ], [ 17.700791063248481, 68.50561950445254 ], [ 17.700888297117508, 68.505701865521516 ], [ 17.700729919982933, 68.505895964279034 ], [ 17.699876246258697, 68.505865540990214 ] ], [ [ 17.70135845781763, 68.507079843171965 ], [ 17.700692363596982, 68.506625156420029 ], [ 17.700686002011132, 68.506455431571254 ], [ 17.700881161969011, 68.506380481618891 ], [ 17.701800180799417, 68.506766377603697 ], [ 17.701739960962779, 68.507115888277326 ], [ 17.70135845781763, 68.507079843171965 ] ] ] ] } },
{ "type": "Feature", "properties": { "fid": 100378, "navn": "Baikajávri", "hoyde_moh": 496, "arealInnsjo_km2": 0.3814, "magasinKategori": null, "fid_2": 1092, "id": 1092, "left": 17.486919847, "top": 68.946110046000001, "right": 17.986919847, "bottom": 68.446110046000001, "row_index": 11, "col_index": 27, "tile_id": 1092 }, "geometry": { "type": "MultiPolygon", "coordinates": [ [ [ [ 17.858736329679171, 68.641969405763561 ], [ 17.859895027833584, 68.641626143591111 ], [ 17.860484501796535, 68.641054553525791 ], [ 17.862241841235079, 68.640472836303431 ], [ 17.862206742283316, 68.640338779159521 ], [ 17.866429047254915, 68.639891373285792 ], [ 17.864053330613203, 68.639616115758059 ], [ 17.860404870841968, 68.638605762491594 ], [ 17.858578348550559, 68.638623093958316 ], [ 17.856886584600051, 68.638413073170526 ], [ 17.840304665329789, 68.638426876034629 ], [ 17.837475598214827, 68.638652696595457 ], [ 17.835197035759187, 68.6396063804481 ], [ 17.834181293822127, 68.640663407073887 ], [ 17.834277237834186, 68.641211707163947 ], [ 17.834018129291223, 68.641431323230449 ], [ 17.835968268301045, 68.641877265753308 ], [ 17.839109957599639, 68.642039753245172 ], [ 17.840996578323921, 68.641389123353648 ], [ 17.842443960465829, 68.641337802090405 ], [ 17.84561675477352, 68.641609609038539 ], [ 17.846660959628856, 68.641272860812933 ], [ 17.847584843085905, 68.640714256746975 ], [ 17.850491901961838, 68.641198900019518 ], [ 17.85153501175591, 68.64105549905662 ], [ 17.8532432908667, 68.641647438935706 ], [ 17.85708082340793, 68.642068918172129 ], [ 17.858736329679171, 68.641969405763561 ] ] ] ] } },
{ "type": "Feature", "properties": { "fid": 100379, "navn": "Øvre Klemmeselvvatnet", "hoyde_moh": 552, "arealInnsjo_km2": 0.0151, "magasinKategori": null, "fid_2": 1092, "id": 1092, "left": 17.486919847, "top": 68.946110046000001, "right": 17.986919847, "bottom": 68.446110046000001, "row_index": 11, "col_index": 27, "tile_id": 1092 }, "geometry": { "type": "MultiPolygon", "coordinates": [ [ [ [ 17.59103656666856, 68.657082908275669 ], [ 17.590418831353546, 68.656861096880348 ], [ 17.588388863641786, 68.656733381863589 ], [ 17.585702174832239, 68.65690112223821 ], [ 17.587658920474222, 68.657676665757037 ], [ 17.589011709255058, 68.657785970043179 ], [ 17.59103656666856, 68.657082908275669 ] ] ] ] } },
{ "type": "Feature", "properties": { "fid": 103958, "navn": "Nedre Næverfjellvatnet", "hoyde_moh": 647, "arealInnsjo_km2": 0.3221, "magasinKategori": null, "fid_2": 1092, "id": 1092, "left": 17.486919847, "top": 68.946110046000001, "right": 17.986919847, "bottom": 68.446110046000001, "row_index": 11, "col_index": 27, "tile_id": 1092 }, "geometry": { "type": "MultiPolygon", "coordinates": [ [ [ [ 17.88525192537908, 68.546140881501884 ], [ 17.885136914459068, 68.545974356832389 ], [ 17.885403358492191, 68.545916098498367 ], [ 17.88518865847378, 68.54572749657541 ], [ 17.88579619948522, 68.545573609176472 ], [ 17.885823699670357, 68.545346196400374 ], [ 17.88313115255286, 68.544563839280144 ], [ 17.883180797089615, 68.544470882717789 ], [ 17.882968257270566, 68.544404239561075 ], [ 17.883293881535412, 68.544111206194955 ], [ 17.883307475161772, 68.543732859093225 ], [ 17.885389334172036, 68.543462366804974 ], [ 17.888477025006246, 68.543783473661463 ], [ 17.889537098596318, 68.544288699205978 ], [ 17.889434432088724, 68.544484190648973 ], [ 17.888713424807321, 68.544735648969663 ], [ 17.88870659949799, 68.544904176559243 ], [ 17.889031310908155, 68.545028850963305 ], [ 17.888737794284488, 68.545122501704185 ], [ 17.888804918595905, 68.545263454954124 ], [ 17.889721982306835, 68.545194450453621 ], [ 17.892454813791215, 68.54561980102774 ], [ 17.893777644478533, 68.545296468851603 ], [ 17.894104915044391, 68.545362559022621 ], [ 17.894446264988972, 68.545723214795515 ], [ 17.895075240592906, 68.545768934076023 ], [ 17.895493501343193, 68.545632904747052 ], [ 17.895293242362548, 68.54528454207987 ], [ 17.896782766444911, 68.544528577078793 ], [ 17.897733116656763, 68.544510931801597 ], [ 17.898443832470573, 68.544079349606648 ], [ 17.898670521273587, 68.543480253549362 ], [ 17.898589795353431, 68.542784480863304 ], [ 17.898136501300172, 68.542464814904946 ], [ 17.896671187823852, 68.542183786961544 ], [ 17.896372095101903, 68.541896109605787 ], [ 17.89652312789368, 68.541812262456489 ], [ 17.896488015670656, 68.541636467073602 ], [ 17.895848187307784, 68.541213722541173 ], [ 17.895819260815838, 68.540828563426786 ], [ 17.894824071308857, 68.540551445696451 ], [ 17.894502853885989, 68.540175183554865 ], [ 17.894835451291655, 68.539960913465706 ], [ 17.894749608691615, 68.539790839818892 ], [ 17.89526852942517, 68.539675876616883 ], [ 17.894849038602878, 68.539419986691556 ], [ 17.893134253061405, 68.539847754968847 ], [ 17.892965790344721, 68.540116558636115 ], [ 17.892099293457928, 68.54049370573108 ], [ 17.893096903374495, 68.540457854973909 ], [ 17.893099543196669, 68.540613921635256 ], [ 17.892470256269171, 68.54076507062382 ], [ 17.892876110618094, 68.540937714055275 ], [ 17.89235749066118, 68.540971331405842 ], [ 17.891982107829399, 68.541289928471713 ], [ 17.890721344111224, 68.54133685382763 ], [ 17.889735113901342, 68.541081456507271 ], [ 17.891182327901578, 68.540691815268247 ], [ 17.891570551581875, 68.540343374488046 ], [ 17.892440902970961, 68.540133676794056 ], [ 17.891755622029855, 68.540016653529079 ], [ 17.892035513745224, 68.539951149724217 ], [ 17.891821652112981, 68.539728967355401 ], [ 17.890921664366612, 68.539568237909265 ], [ 17.888771042312833, 68.539846002228728 ], [ 17.886724847483922, 68.539678385997078 ], [ 17.887500771199186, 68.539460551864636 ], [ 17.887640033124061, 68.539129865749985 ], [ 17.886486748444892, 68.53879410540344 ], [ 17.883371706119672, 68.538625243866178 ], [ 17.881045060218153, 68.538969937087415 ], [ 17.881178143591516, 68.53972100868431 ], [ 17.881656656431964, 68.540270814316173 ], [ 17.883733153769363, 68.540548659535091 ], [ 17.883881340003221, 68.540666318543614 ], [ 17.883768093999667, 68.540829221443985 ], [ 17.884162265056428, 68.541045175459857 ], [ 17.883595815037975, 68.54134297380314 ], [ 17.883723059862163, 68.541716389979356 ], [ 17.883108024131008, 68.541887635823556 ], [ 17.88324473303333, 68.542101367456937 ], [ 17.884818084522959, 68.542044373709928 ], [ 17.885009790894213, 68.541967649146017 ], [ 17.884922358521322, 68.541786556979673 ], [ 17.885346940220224, 68.54180906903359 ], [ 17.88576898988811, 68.542161979950095 ], [ 17.885065432323792, 68.542287175084581 ], [ 17.885278932320965, 68.542566196473061 ], [ 17.884893447107451, 68.542737994661209 ], [ 17.883291836730766, 68.542712525353878 ], [ 17.883094654168584, 68.542949582287577 ], [ 17.883173913153758, 68.543495912568602 ], [ 17.882045691609427, 68.543640769800334 ], [ 17.882071519207052, 68.543831089136546 ], [ 17.881844836242735, 68.543952756562845 ], [ 17.882153088623575, 68.544382227516294 ], [ 17.882155363459106, 68.544762097411933 ], [ 17.883767113119262, 68.545026464797672 ], [ 17.883652706713242, 68.545245583551335 ], [ 17.883816002205361, 68.54537375616448 ], [ 17.88381687503011, 68.545880316827379 ], [ 17.883657921131313, 68.546088619688319 ], [ 17.88525192537908, 68.546140881501884 ] ], [ [ 17.88859115483752, 68.542648871687447 ], [ 17.888376953295875, 68.542580737844872 ], [ 17.88660329766871, 68.542712663884231 ], [ 17.886057505270358, 68.54252122373623 ], [ 17.887000371986709, 68.54229091995434 ], [ 17.887111284237417, 68.541939715536586 ], [ 17.888096350899538, 68.541371500302063 ], [ 17.888819425787737, 68.541341472469156 ], [ 17.889086454248133, 68.541173586935386 ], [ 17.889799092913812, 68.541366097044261 ], [ 17.889735789369734, 68.541575903575989 ], [ 17.88874378317341, 68.541873768367182 ], [ 17.888978270114954, 68.542145961280781 ], [ 17.889762603494653, 68.542392537965867 ], [ 17.888782222278095, 68.542586337505782 ], [ 17.888742291980982, 68.542682181309701 ], [ 17.889302923533034, 68.542830447392774 ], [ 17.888537131460787, 68.54298276091842 ], [ 17.88859115483752, 68.542648871687447 ] ], [ [ 17.884063910296629, 68.545576691533441 ], [ 17.884372691827195, 68.54518851904696 ], [ 17.884992591230613, 68.545282368920425 ], [ 17.884977250868889, 68.545501403514336 ], [ 17.884564092410002, 68.545618376573273 ], [ 17.884520002297872, 68.545779553699617 ], [ 17.88414983873146, 68.545797668180413 ], [ 17.884063910296629, 68.545576691533441 ] ] ] ] } },
{ "type": "Feature", "properties": { "fid": 103972, "navn": "Litjevatnet", "hoyde_moh": 294, "arealInnsjo_km2": 0.0144, "magasinKategori": null, "fid_2": 1092, "id": 1092, "left": 17.486919847, "top": 68.946110046000001, "right": 17.986919847, "bottom": 68.446110046000001, "row_index": 11, "col_index": 27, "tile_id": 1092 }, "geometry": { "type": "MultiPolygon", "coordinates": [ [ [ [ 17.597364589763927, 68.623879301462139 ], [ 17.597441415922287, 68.623261595753902 ], [ 17.595100020468969, 68.622946636027521 ], [ 17.594555534174848, 68.624077752778348 ], [ 17.594604066674894, 68.624244217483707 ], [ 17.594223656717329, 68.624416118167673 ], [ 17.595875724574686, 68.624481692265121 ], [ 17.597364589763927, 68.623879301462139 ] ] ] ] } },
{ "type": "Feature", "properties": { "fid": 103974, "navn": "Småvatnan", "hoyde_moh": 407, "arealInnsjo_km2": 0.058, "magasinKategori": null, "fid_2": 1092, "id": 1092, "left": 17.486919847, "top": 68.946110046000001, "right": 17.986919847, "bottom": 68.446110046000001, "row_index": 11, "col_index": 27, "tile_id": 1092 }, "geometry": { "type": "MultiPolygon", "coordinates": [ [ [ [ 17.872848775699957, 68.624502486619292 ], [ 17.874404623945505, 68.624377029984572 ], [ 17.875131453146462, 68.624071264235468 ], [ 17.875072099194639, 68.623903869329695 ], [ 17.875375556141449, 68.623725795640368 ], [ 17.875887943810476, 68.623680336178793 ], [ 17.877074154350794, 68.623127305243898 ], [ 17.877738806308297, 68.623142976580539 ], [ 17.87786336561944, 68.623014902536497 ], [ 17.877781112995869, 68.622684518615714 ], [ 17.87800085649187, 68.622535069496749 ], [ 17.877359460377583, 68.622468462038952 ], [ 17.877088699886425, 68.622172267264318 ], [ 17.876759920866579, 68.622158400617167 ], [ 17.876210541083736, 68.622431252617289 ], [ 17.877018784475222, 68.622455876215042 ], [ 17.877230335131227, 68.62262040263245 ], [ 17.876708811733632, 68.622793944202101 ], [ 17.876543704352635, 68.623143093824268 ], [ 17.876079465615387, 68.623335584148336 ], [ 17.875359117338824, 68.623292399639638 ], [ 17.874628549734052, 68.62366860983505 ], [ 17.874407017071793, 68.623378124485384 ], [ 17.871961527133163, 68.623002483321812 ], [ 17.872787542201046, 68.622610564001533 ], [ 17.872523793514294, 68.622234168937538 ], [ 17.871805026791606, 68.62182441476692 ], [ 17.87104994914618, 68.621830459494547 ], [ 17.870813174981254, 68.622139350039873 ], [ 17.869856540857768, 68.622391289677196 ], [ 17.869727204272575, 68.622291963425681 ], [ 17.870018990817631, 68.621972532358683 ], [ 17.869807135108893, 68.621835921148772 ], [ 17.868126083642327, 68.622114370558009 ], [ 17.867490153504658, 68.621955440266021 ], [ 17.86744975277081, 68.62226107328533 ], [ 17.868097241225268, 68.6223140591174 ], [ 17.868144881729826, 68.622796295759201 ], [ 17.868322928867695, 68.622905207246291 ], [ 17.869209131481359, 68.622927553937089 ], [ 17.869540452983479, 68.622574685017298 ], [ 17.869962661822509, 68.622513004704743 ], [ 17.870140487428728, 68.622766267038457 ], [ 17.869606391242449, 68.623082373853336 ], [ 17.869413908737975, 68.623630011803385 ], [ 17.869550660931537, 68.623989183615976 ], [ 17.870740752258136, 68.624287953988954 ], [ 17.871421403045613, 68.62474549179548 ], [ 17.872304272982007, 68.624789245185426 ], [ 17.872848775699957, 68.624502486619292 ] ] ] ] } },
{ "type": "Feature", "properties": { "fid": 104114, "navn": "Litjevatnet", "hoyde_moh": 791, "arealInnsjo_km2": 0.0349, "magasinKategori": null, "fid_2": 1092, "id": 1092, "left": 17.486919847, "top": 68.946110046000001, "right": 17.986919847, "bottom": 68.446110046000001, "row_index": 11, "col_index": 27, "tile_id": 1092 }, "geometry": { "type": "MultiPolygon", "coordinates": [ [ [ [ 17.710704423112421, 68.600991660044073 ], [ 17.710459148624452, 68.600480742477274 ], [ 17.709540585430744, 68.600099323806006 ], [ 17.709799592053223, 68.59973431885166 ], [ 17.710432667901419, 68.599349020246549 ], [ 17.710148104062316, 68.598770965819426 ], [ 17.708762858441521, 68.598576575919225 ], [ 17.70704866683295, 68.599265947857731 ], [ 17.707067635296315, 68.599427390890284 ], [ 17.708150788693878, 68.600165395775022 ], [ 17.708087510306868, 68.600368284452884 ], [ 17.707359303887344, 68.600458445152682 ], [ 17.70678571280656, 68.600828143892073 ], [ 17.706639806133158, 68.601318336130348 ], [ 17.708320247675996, 68.60146455389949 ], [ 17.710704423112421, 68.600991660044073 ] ] ] ] } },
{ "type": "Feature", "properties": { "fid": 116811, "navn": null, "hoyde_moh": 468, "arealInnsjo_km2": 0.0027, "magasinKategori": null, "fid_2": 1092, "id": 1092, "left": 17.486919847, "top": 68.946110046000001, "right": 17.986919847, "bottom": 68.446110046000001, "row_index": 11, "col_index": 27, "tile_id": 1092 }, "geometry": { "type": "MultiPolygon", "coordinates": [ [ [ [ 17.907608880533353, 68.486139251310306 ], [ 17.906559541191172, 68.485530118421053 ], [ 17.904863052873043, 68.485863403698588 ], [ 17.905250818500448, 68.485974644859525 ], [ 17.906775311180347, 68.485821369397186 ], [ 17.907138892514702, 68.486092371778071 ], [ 17.907015204709385, 68.486231599209205 ], [ 17.907237863207662, 68.486308353664867 ], [ 17.907162562036611, 68.48639027519188 ], [ 17.907389793666109, 68.486451239987531 ], [ 17.907608880533353, 68.486139251310306 ] ] ] ] } },
{ "type": "Feature", "properties": { "fid": 116812, "navn": null, "hoyde_moh": 427, "arealInnsjo_km2": 0.003, "magasinKategori": null, "fid_2": 1092, "id": 1092, "left": 17.486919847, "top": 68.946110046000001, "right": 17.986919847, "bottom": 68.446110046000001, "row_index": 11, "col_index": 27, "tile_id": 1092 }, "geometry": { "type": "MultiPolygon", "coordinates": [ [ [ [ 17.677701097276202, 68.487417532345376 ], [ 17.677301212573422, 68.487386219025538 ], [ 17.67806277930255, 68.487260690382627 ], [ 17.677104621401966, 68.48715329029244 ], [ 17.675656984524831, 68.487354301333639 ], [ 17.676008644548151, 68.487509089489336 ], [ 17.677431188147221, 68.487568779077009 ], [ 17.677701097276202, 68.487417532345376 ] ] ] ] } },
{ "type": "Feature", "properties": { "fid": 116813, "navn": null, "hoyde_moh": 309, "arealInnsjo_km2": 0.0027, "magasinKategori": null, "fid_2": 1092, "id": 1092, "left": 17.486919847, "top": 68.946110046000001, "right": 17.986919847, "bottom": 68.446110046000001, "row_index": 11, "col_index": 27, "tile_id": 1092 }, "geometry": { "type": "MultiPolygon", "coordinates": [ [ [ [ 17.783507667511408, 68.485829758381527 ], [ 17.782760283738355, 68.485460213898733 ], [ 17.782123346163143, 68.485516655208031 ], [ 17.782097931281299, 68.48566770321159 ], [ 17.781656913804838, 68.485575561238619 ], [ 17.782280510267288, 68.485837651089156 ], [ 17.78219716061205, 68.485915424627862 ], [ 17.78324069417986, 68.486038766104343 ], [ 17.783507667511408, 68.485829758381527 ] ] ] ] } },
{ "type": "Feature", "properties": { "fid": 117048, "navn": null, "hoyde_moh": 451, "arealInnsjo_km2": 0.0028, "magasinKategori": null, "fid_2": 1092, "id": 1092, "left": 17.486919847, "top": 68.946110046000001, "right": 17.986919847, "bottom": 68.446110046000001, "row_index": 11, "col_index": 27, "tile_id": 1092 }, "geometry": { "type": "MultiPolygon", "coordinates": [ [ [ [ 17.879616945958428, 68.492409126383862 ], [ 17.87942822223965, 68.492089820744098 ], [ 17.879674052507003, 68.491970692478489 ], [ 17.879048100926475, 68.491963487052402 ], [ 17.878519141114044, 68.492396645469867 ], [ 17.87750753700848, 68.492784132692108 ], [ 17.879616945958428, 68.492409126383862 ] ] ] ] } },
{ "type": "Feature", "properties": { "fid": 117049, "navn": null, "hoyde_moh": 334, "arealInnsjo_km2": 0.0027, "magasinKategori": null, "fid_2": 1092, "id": 1092, "left": 17.486919847, "top": 68.946110046000001, "right": 17.986919847, "bottom": 68.446110046000001, "row_index": 11, "col_index": 27, "tile_id": 1092 }, "geometry": { "type": "MultiPolygon", "coordinates": [ [ [ [ 17.731972983146388, 68.495277953948246 ], [ 17.732204632596567, 68.495198869600742 ], [ 17.731706951051404, 68.495034453039779 ], [ 17.731886476721879, 68.494892576487246 ], [ 17.731593143866029, 68.49475095177543 ], [ 17.730597297522017, 68.494836555014601 ], [ 17.730838287080232, 68.494895375111895 ], [ 17.730760006827165, 68.494970254918201 ], [ 17.731139880613323, 68.495263067957893 ], [ 17.730951956740828, 68.495355800772813 ], [ 17.731972983146388, 68.495277953948246 ] ] ] ] } },
{ "type": "Feature", "properties": { "fid": 117050, "navn": null, "hoyde_moh": 269, "arealInnsjo_km2": 0.0038, "magasinKategori": null, "fid_2": 1092, "id": 1092, "left": 17.486919847, "top": 68.946110046000001, "right": 17.986919847, "bottom": 68.446110046000001, "row_index": 11, "col_index": 27, "tile_id": 1092 }, "geometry": { "type": "MultiPolygon", "coordinates": [ [ [ [ 17.786416050438589, 68.495931683368212 ], [ 17.786681170221076, 68.495740655910481 ], [ 17.78769518845942, 68.495638885808347 ], [ 17.786596700561301, 68.495385331284879 ], [ 17.785241979257272, 68.495690147580888 ], [ 17.785214141977193, 68.495888901720406 ], [ 17.786416050438589, 68.495931683368212 ] ] ] ] } },
{ "type": "Feature", "properties": { "fid": 117457, "navn": null, "hoyde_moh": 489, "arealInnsjo_km2": 0.0037, "magasinKategori": null, "fid_2": 1092, "id": 1092, "left": 17.486919847, "top": 68.946110046000001, "right": 17.986919847, "bottom": 68.446110046000001, "row_index": 11, "col_index": 27, "tile_id": 1092 }, "geometry": { "type": "MultiPolygon", "coordinates": [ [ [ [ 17.803955776812018, 68.456976503688523 ], [ 17.803572669477102, 68.456727082416421 ], [ 17.803076345043074, 68.456847060581168 ], [ 17.803161283380071, 68.456925441495997 ], [ 17.802995571985488, 68.457145271184103 ], [ 17.802478285197019, 68.457003479440957 ], [ 17.801978899781293, 68.457169825017829 ], [ 17.80239520702435, 68.457231889704275 ], [ 17.802131154327576, 68.457430832538023 ], [ 17.803643200700396, 68.457418362583681 ], [ 17.803955776812018, 68.456976503688523 ] ] ] ] } },
{ "type": "Feature", "properties": { "fid": 117458, "navn": null, "hoyde_moh": 647, "arealInnsjo_km2": 0.0036, "magasinKategori": null, "fid_2": 1092, "id": 1092, "left": 17.486919847, "top": 68.946110046000001, "right": 17.986919847, "bottom": 68.446110046000001, "row_index": 11, "col_index": 27, "tile_id": 1092 }, "geometry": { "type": "MultiPolygon", "coordinates": [ [ [ [ 17.850963935863948, 68.45109907486254 ], [ 17.849963497800555, 68.450676327009376 ], [ 17.849462818794002, 68.450735568797796 ], [ 17.849516700625447, 68.450967603409623 ], [ 17.849272168444674, 68.451158754766041 ], [ 17.850632869931054, 68.451415404193739 ], [ 17.850963935863948, 68.45109907486254 ] ] ] ] } },
{ "type": "Feature", "properties": { "fid": 117459, "navn": null, "hoyde_moh": 492, "arealInnsjo_km2": 0.0028, "magasinKategori": null, "fid_2": 1092, "id": 1092, "left": 17.486919847, "top": 68.946110046000001, "right": 17.986919847, "bottom": 68.446110046000001, "row_index": 11, "col_index": 27, "tile_id": 1092 }, "geometry": { "type": "MultiPolygon", "coordinates": [ [ [ [ 17.959062851371694, 68.450675891275296 ], [ 17.958955781365724, 68.450473364272824 ], [ 17.958251458914965, 68.450347736438118 ], [ 17.956556393694093, 68.450402907688513 ], [ 17.957295594259929, 68.450726330692376 ], [ 17.957875170693789, 68.450738266254547 ], [ 17.957600850967012, 68.450558264574724 ], [ 17.95780051283915, 68.45042680670818 ], [ 17.958848436265022, 68.450759850755787 ], [ 17.959062851371694, 68.450675891275296 ] ] ] ] } },
{ "type": "Feature", "properties": { "fid": 117461, "navn": null, "hoyde_moh": 695, "arealInnsjo_km2": 0.008, "magasinKategori": null, "fid_2": 1092, "id": 1092, "left": 17.486919847, "top": 68.946110046000001, "right": 17.986919847, "bottom": 68.446110046000001, "row_index": 11, "col_index": 27, "tile_id": 1092 }, "geometry": { "type": "MultiPolygon", "coordinates": [ [ [ [ 17.864661166433034, 68.456594950170754 ], [ 17.863356064542536, 68.45643791020116 ], [ 17.863578627757061, 68.456253127761883 ], [ 17.863509139482808, 68.455904840702445 ], [ 17.863665992404503, 68.455750895633713 ], [ 17.862424007901325, 68.456204194091555 ], [ 17.862193236319463, 68.456046193358986 ], [ 17.862387761850915, 68.455836666401282 ], [ 17.862310291608203, 68.455755222576926 ], [ 17.86263561588191, 68.455755227196391 ], [ 17.862610894042209, 68.455629343236851 ], [ 17.861816560896735, 68.455541839360961 ], [ 17.86069470467854, 68.456014347092335 ], [ 17.861719950868654, 68.4561894759415 ], [ 17.862035172883594, 68.456094139073528 ], [ 17.86260606721504, 68.456511866142932 ], [ 17.86434031228033, 68.456811667945956 ], [ 17.864661166433034, 68.456594950170754 ] ] ] ] } },
{ "type": "Feature", "properties": { "fid": 117462, "navn": null, "hoyde_moh": 261, "arealInnsjo_km2": 0.0028, "magasinKategori": null, "fid_2": 1092, "id": 1092, "left": 17.486919847, "top": 68.946110046000001, "right": 17.986919847, "bottom": 68.446110046000001, "row_index": 11, "col_index": 27, "tile_id": 1092 }, "geometry": { "type": "MultiPolygon", "coordinates": [ [ [ [ 17.747629795383645, 68.464156556659034 ], [ 17.746828737817239, 68.463796815853613 ], [ 17.746117203676249, 68.463194319594137 ], [ 17.745786899718254, 68.463210326235327 ], [ 17.746381396027513, 68.463665914670898 ], [ 17.74603419781165, 68.463987484447387 ], [ 17.747210465074684, 68.464276446372892 ], [ 17.747629795383645, 68.464156556659034 ] ] ] ] } },
{ "type": "Feature", "properties": { "fid": 117463, "navn": null, "hoyde_moh": 453, "arealInnsjo_km2": 0.0025, "magasinKategori": null, "fid_2": 1092, "id": 1092, "left": 17.486919847, "top": 68.946110046000001, "right": 17.986919847, "bottom": 68.446110046000001, "row_index": 11, "col_index": 27, "tile_id": 1092 }, "geometry": { "type": "MultiPolygon", "coordinates": [ [ [ [ 17.609730552092053, 68.484347686334715 ], [ 17.610030724279795, 68.484150127814303 ], [ 17.609853389814109, 68.484026781165468 ], [ 17.609022857220904, 68.484114025854979 ], [ 17.607795119297222, 68.484494664172757 ], [ 17.609730552092053, 68.484347686334715 ] ] ] ] } },
{ "type": "Feature", "properties": { "fid": 117464, "navn": null, "hoyde_moh": 536, "arealInnsjo_km2": 0.0029, "magasinKategori": null, "fid_2": 1092, "id": 1092, "left": 17.486919847, "top": 68.946110046000001, "right": 17.986919847, "bottom": 68.446110046000001, "row_index": 11, "col_index": 27, "tile_id": 1092 }, "geometry": { "type": "MultiPolygon", "coordinates": [ [ [ [ 17.825712325127366, 68.48157903914047 ], [ 17.824917733666826, 68.481577620726057 ], [ 17.825176796385968, 68.481478908545313 ], [ 17.824600327353441, 68.481454152990395 ], [ 17.824400616354371, 68.481290280951313 ], [ 17.823775301056926, 68.481220923240585 ], [ 17.823150236705999, 68.481415745310713 ], [ 17.823570000774421, 68.481603111662693 ], [ 17.82464326210949, 68.481547236789297 ], [ 17.82496410471289, 68.481631687334641 ], [ 17.824898890380453, 68.481731979799463 ], [ 17.825580361727642, 68.481771212413989 ], [ 17.825712325127366, 68.48157903914047 ] ] ] ] } },
{ "type": "Feature", "properties": { "fid": 118069, "navn": null, "hoyde_moh": 440, "arealInnsjo_km2": 0.0071, "magasinKategori": null, "fid_2": 1092, "id": 1092, "left": 17.486919847, "top": 68.946110046000001, "right": 17.986919847, "bottom": 68.446110046000001, "row_index": 11, "col_index": 27, "tile_id": 1092 }, "geometry": { "type": "MultiPolygon", "coordinates": [ [ [ [ 17.698342389187534, 68.48545880368448 ], [ 17.69846706552411, 68.485311115318481 ], [ 17.697272829772714, 68.48491222741697 ], [ 17.697761719694761, 68.484826897695498 ], [ 17.697706457174178, 68.484642610571456 ], [ 17.696892773712801, 68.484596280201032 ], [ 17.69627503126063, 68.484808716334427 ], [ 17.695261688116975, 68.484867916010472 ], [ 17.696858682257943, 68.485144368725571 ], [ 17.696343648458733, 68.485500385436154 ], [ 17.697084833443192, 68.485615115942565 ], [ 17.698342389187534, 68.48545880368448 ] ] ] ] } },
{ "type": "Feature", "properties": { "fid": 118070, "navn": null, "hoyde_moh": 529, "arealInnsjo_km2": 0.0027, "magasinKategori": null, "fid_2": 1092, "id": 1092, "left": 17.486919847, "top": 68.946110046000001, "right": 17.986919847, "bottom": 68.446110046000001, "row_index": 11, "col_index": 27, "tile_id": 1092 }, "geometry": { "type": "MultiPolygon", "coordinates": [ [ [ [ 17.836631383634447, 68.483788733806989 ], [ 17.836285789692621, 68.483583715525157 ], [ 17.836608210854976, 68.483495134340572 ], [ 17.836612139782364, 68.483267415126264 ], [ 17.835579065934549, 68.483367300951571 ], [ 17.83542714367313, 68.483618080271725 ], [ 17.835953013172407, 68.483747607382313 ], [ 17.835926157587018, 68.483940794435952 ], [ 17.836631383634447, 68.483788733806989 ] ] ] ] } },
{ "type": "Feature", "properties": { "fid": 118071, "navn": null, "hoyde_moh": 245, "arealInnsjo_km2": 0.0026, "magasinKategori": null, "fid_2": 1092, "id": 1092, "left": 17.486919847, "top": 68.946110046000001, "right": 17.986919847, "bottom": 68.446110046000001, "row_index": 11, "col_index": 27, "tile_id": 1092 }, "geometry": { "type": "MultiPolygon", "coordinates": [ [ [ [ 17.567387118433743, 68.488472309154503 ], [ 17.567948880089151, 68.488246772207347 ], [ 17.56850410669076, 68.488221933263063 ], [ 17.567572913103881, 68.488022131294215 ], [ 17.566636486073776, 68.488111860444405 ], [ 17.56693942098341, 68.488234045459791 ], [ 17.566974851439323, 68.488343541247588 ], [ 17.56668951372923, 68.488436496019361 ], [ 17.566896585607388, 68.488573701286072 ], [ 17.567432369363285, 68.488597181930388 ], [ 17.567387118433743, 68.488472309154503 ] ] ] ] } },
{ "type": "Feature", "properties": { "fid": 122363, "navn": null, "hoyde_moh": 526, "arealInnsjo_km2": 0.0025, "magasinKategori": null, "fid_2": 1092, "id": 1092, "left": 17.486919847, "top": 68.946110046000001, "right": 17.986919847, "bottom": 68.446110046000001, "row_index": 11, "col_index": 27, "tile_id": 1092 }, "geometry": { "type": "MultiPolygon", "coordinates": [ [ [ [ 17.931756810984073, 68.484758992070951 ], [ 17.931372008687031, 68.484505646703823 ], [ 17.929974797287514, 68.484861609169442 ], [ 17.931400848328323, 68.484940815049654 ], [ 17.931756810984073, 68.484758992070951 ] ] ] ] } },
{ "type": "Feature", "properties": { "fid": 122364, "navn": null, "hoyde_moh": 381, "arealInnsjo_km2": 0.0025, "magasinKategori": null, "fid_2": 1092, "id": 1092, "left": 17.486919847, "top": 68.946110046000001, "right": 17.986919847, "bottom": 68.446110046000001, "row_index": 11, "col_index": 27, "tile_id": 1092 }, "geometry": { "type": "MultiPolygon", "coordinates": [ [ [ [ 17.738296069291032, 68.488980119679383 ], [ 17.735706549415877, 68.48853237435965 ], [ 17.736378988469976, 68.488791677345432 ], [ 17.736401870931299, 68.488930077184449 ], [ 17.737723567391427, 68.489095567968192 ], [ 17.738296069291032, 68.488980119679383 ] ] ] ] } },
{ "type": "Feature", "properties": { "fid": 122791, "navn": null, "hoyde_moh": 622, "arealInnsjo_km2": 0.0028, "magasinKategori": null, "fid_2": 1092, "id": 1092, "left": 17.486919847, "top": 68.946110046000001, "right": 17.986919847, "bottom": 68.446110046000001, "row_index": 11, "col_index": 27, "tile_id": 1092 }, "geometry": { "type": "MultiPolygon", "coordinates": [ [ [ [ 17.835317859618087, 68.447047523388093 ], [ 17.83490792500379, 68.446690633772974 ], [ 17.834376269908905, 68.446691198236877 ], [ 17.834384581043185, 68.446997347974914 ], [ 17.833603438766296, 68.447037143655933 ], [ 17.834013306325357, 68.44728442995563 ], [ 17.834705413498924, 68.447342641425394 ], [ 17.835317859618087, 68.447047523388093 ] ] ] ] } },
{ "type": "Feature", "properties": { "fid": 122792, "navn": null, "hoyde_moh": 723, "arealInnsjo_km2": 0.0044, "magasinKategori": null, "fid_2": 1092, "id": 1092, "left": 17.486919847, "top": 68.946110046000001, "right": 17.986919847, "bottom": 68.446110046000001, "row_index": 11, "col_index": 27, "tile_id": 1092 }, "geometry": { "type": "MultiPolygon", "coordinates": [ [ [ [ 17.910854859775416, 68.44660782998487 ], [ 17.910729465860957, 68.446282069749529 ], [ 17.911295675428907, 68.446110046 ], [ 17.910065915544184, 68.446110046 ], [ 17.909798524757601, 68.446177420856586 ], [ 17.911180441170355, 68.447051122802961 ], [ 17.911427503780516, 68.447073757827638 ], [ 17.911556862391844, 68.446917816465955 ], [ 17.910854859775416, 68.44660782998487 ] ] ] ] } },
{ "type": "Feature", "properties": { "fid": 122794, "navn": null, "hoyde_moh": 489, "arealInnsjo_km2": 0.0026, "magasinKategori": null, "fid_2": 1092, "id": 1092, "left": 17.486919847, "top": 68.946110046000001, "right": 17.986919847, "bottom": 68.446110046000001, "row_index": 11, "col_index": 27, "tile_id": 1092 }, "geometry": { "type": "MultiPolygon", "coordinates": [ [ [ [ 17.802109884165645, 68.456925891702795 ], [ 17.801818269154737, 68.456825384758844 ], [ 17.801588738384549, 68.456441253245785 ], [ 17.801188787313258, 68.456296148343611 ], [ 17.800914869044423, 68.45629704957318 ], [ 17.800840417457852, 68.456676122547378 ], [ 17.800662328984622, 68.456699477983392 ], [ 17.801128907466932, 68.456960525462307 ], [ 17.802109884165645, 68.456925891702795 ] ] ] ] } },
{ "type": "Feature", "properties": { "fid": 122813, "navn": null, "hoyde_moh": 668, "arealInnsjo_km2": 0.0027, "magasinKategori": null, "fid_2": 1092, "id": 1092, "left": 17.486919847, "top": 68.946110046000001, "right": 17.986919847, "bottom": 68.446110046000001, "row_index": 11, "col_index": 27, "tile_id": 1092 }, "geometry": { "type": "MultiPolygon", "coordinates": [ [ [ [ 17.863132550703959, 68.460092593876666 ], [ 17.862953716047709, 68.459928409277282 ], [ 17.863307704373774, 68.45973177570437 ], [ 17.862648988286281, 68.459612959301182 ], [ 17.861984711442631, 68.45973006139883 ], [ 17.861845925440267, 68.459895814510574 ], [ 17.861932997311307, 68.460064620434679 ], [ 17.861787727412619, 68.460132814439362 ], [ 17.863132550703959, 68.460092593876666 ] ] ] ] } },
{ "type": "Feature", "properties": { "fid": 122818, "navn": "Holmsteintjønna", "hoyde_moh": 526, "arealInnsjo_km2": 0.0275, "magasinKategori": null, "fid_2": 1092, "id": 1092, "left": 17.486919847, "top": 68.946110046000001, "right": 17.986919847, "bottom": 68.446110046000001, "row_index": 11, "col_index": 27, "tile_id": 1092 }, "geometry": { "type": "MultiPolygon", "coordinates": [ [ [ [ 17.961655127089557, 68.47690357978891 ], [ 17.961804401937336, 68.47668269668479 ], [ 17.962843553421546, 68.476566112246346 ], [ 17.962180073571133, 68.476419028431209 ], [ 17.961922090964844, 68.476194750165405 ], [ 17.961999410167127, 68.475969572515794 ], [ 17.961204634325611, 68.475710252123903 ], [ 17.960906022885343, 68.475446291454446 ], [ 17.961274793025282, 68.475264353135927 ], [ 17.960527591706182, 68.475086154446103 ], [ 17.958817217293557, 68.475251386901476 ], [ 17.959598438659135, 68.475409421145216 ], [ 17.959485761984524, 68.475532787854263 ], [ 17.958108436183224, 68.475444978012675 ], [ 17.959564428415064, 68.475649992073727 ], [ 17.960317107454529, 68.47542204310578 ], [ 17.960125746820538, 68.475528845211116 ], [ 17.96045704653249, 68.475566533603725 ], [ 17.959773031091565, 68.475643075725955 ], [ 17.960532000246889, 68.475830765822849 ], [ 17.960035803996806, 68.475980658922794 ], [ 17.955913390904293, 68.475772071782302 ], [ 17.95532064238569, 68.475813858342136 ], [ 17.955605498495533, 68.475920784196234 ], [ 17.954946414766006, 68.476081614393919 ], [ 17.956763677875397, 68.476431822959512 ], [ 17.956534059699575, 68.476663095929283 ], [ 17.958010004533254, 68.476661468260545 ], [ 17.958207355747366, 68.476781425893037 ], [ 17.958781140780374, 68.476570378207811 ], [ 17.957334612190802, 68.476387633437767 ], [ 17.959864084684877, 68.476065747080881 ], [ 17.959249432077275, 68.47619977486228 ], [ 17.959449492692926, 68.476437468827015 ], [ 17.959125853613266, 68.476568510886224 ], [ 17.960052579255674, 68.47670781464609 ], [ 17.959963272760803, 68.476940564393573 ], [ 17.961949866259726, 68.477135917110118 ], [ 17.961655127089557, 68.47690357978891 ] ], [ [ 17.956584212840454, 68.475921563692651 ], [ 17.957279966735772, 68.475893486026081 ], [ 17.956839356471974, 68.475971375950337 ], [ 17.956584212840454, 68.475921563692651 ] ], [ [ 17.959729516944321, 68.476300104156238 ], [ 17.96029424897732, 68.47612278688311 ], [ 17.960050588053925, 68.476341744746094 ], [ 17.959729516944321, 68.476300104156238 ] ], [ [ 17.960667170170481, 68.476547121773635 ], [ 17.960456024008426, 68.476499231115284 ], [ 17.960889503391158, 68.476389317953007 ], [ 17.961119941157961, 68.476530323682582 ], [ 17.960667170170481, 68.476547121773635 ] ] ] ] } },
{ "type": "Feature", "properties": { "fid": 122912, "navn": null, "hoyde_moh": 558, "arealInnsjo_km2": 0.0029, "magasinKategori": null, "fid_2": 1092, "id": 1092, "left": 17.486919847, "top": 68.946110046000001, "right": 17.986919847, "bottom": 68.446110046000001, "row_index": 11, "col_index": 27, "tile_id": 1092 }, "geometry": { "type": "MultiPolygon", "coordinates": [ [ [ [ 17.844554053971915, 68.481405320945342 ], [ 17.845117988001917, 68.481178867953687 ], [ 17.843846267434831, 68.480990210808798 ], [ 17.84313800487352, 68.481136520304062 ], [ 17.84379342359156, 68.48141732989582 ], [ 17.843583963018883, 68.481493775783989 ], [ 17.844554053971915, 68.481405320945342 ] ] ] ] } },
{ "type": "Feature", "properties": { "fid": 122914, "navn": null, "hoyde_moh": 513, "arealInnsjo_km2": 0.0026, "magasinKategori": null, "fid_2": 1092, "id": 1092, "left": 17.486919847, "top": 68.946110046000001, "right": 17.986919847, "bottom": 68.446110046000001, "row_index": 11, "col_index": 27, "tile_id": 1092 }, "geometry": { "type": "MultiPolygon", "coordinates": [ [ [ [ 17.89054237977199, 68.481894103211047 ], [ 17.891364027789219, 68.481705326038792 ], [ 17.89021936534429, 68.48161123745696 ], [ 17.889269107246896, 68.482033387407313 ], [ 17.889970743694288, 68.482217621779753 ], [ 17.89054237977199, 68.481894103211047 ] ] ] ] } },
{ "type": "Feature", "properties": { "fid": 122915, "navn": null, "hoyde_moh": 607, "arealInnsjo_km2": 0.0032, "magasinKategori": null, "fid_2": 1092, "id": 1092, "left": 17.486919847, "top": 68.946110046000001, "right": 17.986919847, "bottom": 68.446110046000001, "row_index": 11, "col_index": 27, "tile_id": 1092 }, "geometry": { "type": "MultiPolygon", "coordinates": [ [ [ [ 17.635818477734155, 68.487140496963747 ], [ 17.635936590184748, 68.48696235663779 ], [ 17.635656624832937, 68.486818029713476 ], [ 17.63525941903664, 68.486993465691683 ], [ 17.63472139366554, 68.486991060248641 ], [ 17.634420782189402, 68.486719959409172 ], [ 17.633992699191428, 68.486997662203422 ], [ 17.633065601615655, 68.486988886778789 ], [ 17.636181785473969, 68.48729275839068 ], [ 17.635818477734155, 68.487140496963747 ] ] ] ] } },
{ "type": "Feature", "properties": { "fid": 122916, "navn": null, "hoyde_moh": 520, "arealInnsjo_km2": 0.0026, "magasinKategori": null, "fid_2": 1092, "id": 1092, "left": 17.486919847, "top": 68.946110046000001, "right": 17.986919847, "bottom": 68.446110046000001, "row_index": 11, "col_index": 27, "tile_id": 1092 }, "geometry": { "type": "MultiPolygon", "coordinates": [ [ [ [ 17.827756017004941, 68.48434192242037 ], [ 17.82728058529587, 68.484005502111273 ], [ 17.826784299718039, 68.484199960387357 ], [ 17.82676600961268, 68.483946315522573 ], [ 17.826163164330662, 68.483937987873219 ], [ 17.826615163927112, 68.48414787445634 ], [ 17.826431011779174, 68.484448739403348 ], [ 17.826764370477395, 68.484380729846805 ], [ 17.827696665758122, 68.484657021493433 ], [ 17.827756017004941, 68.48434192242037 ] ] ] ] } },
{ "type": "Feature", "properties": { "fid": 122967, "navn": null, "hoyde_moh": 475, "arealInnsjo_km2": 0.0026, "magasinKategori": null, "fid_2": 1092, "id": 1092, "left": 17.486919847, "top": 68.946110046000001, "right": 17.986919847, "bottom": 68.446110046000001, "row_index": 11, "col_index": 27, "tile_id": 1092 }, "geometry": { "type": "MultiPolygon", "coordinates": [ [ [ [ 17.811018982140716, 68.484860485380821 ], [ 17.81129175949491, 68.484806359836995 ], [ 17.811671129898521, 68.485038867468063 ], [ 17.812181662126342, 68.484926264132 ], [ 17.811961974914599, 68.484505171684106 ], [ 17.811585034153641, 68.484472894219977 ], [ 17.810532991938203, 68.484895204799926 ], [ 17.810934364163721, 68.485054992974199 ], [ 17.811018982140716, 68.484860485380821 ] ] ] ] } },
{ "type": "Feature", "properties": { "fid": 122968, "navn": null, "hoyde_moh": 506, "arealInnsjo_km2": 0.003, "magasinKategori": null, "fid_2": 1092, "id": 1092, "left": 17.486919847, "top": 68.946110046000001, "right": 17.986919847, "bottom": 68.446110046000001, "row_index": 11, "col_index": 27, "tile_id": 1092 }, "geometry": { "type": "MultiPolygon", "coordinates": [ [ [ [ 17.85320572540666, 68.484902729685714 ], [ 17.852976423813942, 68.484702047921417 ], [ 17.853085051717141, 68.48443717495411 ], [ 17.853526214667099, 68.484098416902555 ], [ 17.852096845291573, 68.484007209165 ], [ 17.852828475805211, 68.484460034078424 ], [ 17.852664908604922, 68.484799183285801 ], [ 17.8527653199362, 68.484966869296755 ], [ 17.85320572540666, 68.484902729685714 ] ] ] ] } },
{ "type": "Feature", "properties": { "fid": 122969, "navn": null, "hoyde_moh": 750, "arealInnsjo_km2": 0.0028, "magasinKategori": null, "fid_2": 1092, "id": 1092, "left": 17.486919847, "top": 68.946110046000001, "right": 17.986919847, "bottom": 68.446110046000001, "row_index": 11, "col_index": 27, "tile_id": 1092 }, "geometry": { "type": "MultiPolygon", "coordinates": [ [ [ [ 17.873644243804772, 68.455688669150618 ], [ 17.875225909007806, 68.455751917991222 ], [ 17.874729995382278, 68.455551176482203 ], [ 17.872318332335425, 68.455542918228105 ], [ 17.872851805302904, 68.455841500675646 ], [ 17.873151616276136, 68.455734826102841 ], [ 17.873554930339996, 68.455860407197321 ], [ 17.873644243804772, 68.455688669150618 ] ] ] ] } },
{ "type": "Feature", "properties": { "fid": 122970, "navn": null, "hoyde_moh": 521, "arealInnsjo_km2": 0.0027, "magasinKategori": null, "fid_2": 1092, "id": 1092, "left": 17.486919847, "top": 68.946110046000001, "right": 17.986919847, "bottom": 68.446110046000001, "row_index": 11, "col_index": 27, "tile_id": 1092 }, "geometry": { "type": "MultiPolygon", "coordinates": [ [ [ [ 17.816860293002826, 68.458559240474784 ], [ 17.81735888890984, 68.458251837907042 ], [ 17.816400304119647, 68.458017420060372 ], [ 17.815736959597224, 68.458090424049885 ], [ 17.816213476548722, 68.458145159116782 ], [ 17.816086871266556, 68.458240646222251 ], [ 17.816272356729769, 68.458298299750567 ], [ 17.816226176420706, 68.45851397966301 ], [ 17.815887273430622, 68.458709267096665 ], [ 17.816860293002826, 68.458559240474784 ] ] ] ] } },
{ "type": "Feature", "properties": { "fid": 123067, "navn": null, "hoyde_moh": 474, "arealInnsjo_km2": 0.0026, "magasinKategori": null, "fid_2": 1092, "id": 1092, "left": 17.486919847, "top": 68.946110046000001, "right": 17.986919847, "bottom": 68.446110046000001, "row_index": 11, "col_index": 27, "tile_id": 1092 }, "geometry": { "type": "MultiPolygon", "coordinates": [ [ [ [ 17.814854423105917, 68.48611067903056 ], [ 17.813724502977525, 68.485852984544124 ], [ 17.813630349534858, 68.485996307011533 ], [ 17.813801664274898, 68.486362464361846 ], [ 17.814639650634902, 68.486573443982977 ], [ 17.814854423105917, 68.48611067903056 ] ] ] ] } },
{ "type": "Feature", "properties": { "fid": 131475, "navn": null, "hoyde_moh": 680, "arealInnsjo_km2": 0.0052, "magasinKategori": null, "fid_2": 1092, "id": 1092, "left": 17.486919847, "top": 68.946110046000001, "right": 17.986919847, "bottom": 68.446110046000001, "row_index": 11, "col_index": 27, "tile_id": 1092 }, "geometry": { "type": "MultiPolygon", "coordinates": [ [ [ [ 17.871130144329381, 68.550536527472147 ], [ 17.871331957489826, 68.550226605040962 ], [ 17.870951733628196, 68.550081839084669 ], [ 17.869409607659478, 68.550147856290295 ], [ 17.869573119298096, 68.550420477890114 ], [ 17.869822347304861, 68.550501592992518 ], [ 17.869501600839563, 68.550881140740643 ], [ 17.870142569421983, 68.550918311522921 ], [ 17.871130144329381, 68.550536527472147 ] ] ] ] } },
{ "type": "Feature", "properties": { "fid": 131491, "navn": null, "hoyde_moh": 685, "arealInnsjo_km2": 0.0052, "magasinKategori": null, "fid_2": 1092, "id": 1092, "left": 17.486919847, "top": 68.946110046000001, "right": 17.986919847, "bottom": 68.446110046000001, "row_index": 11, "col_index": 27, "tile_id": 1092 }, "geometry": { "type": "MultiPolygon", "coordinates": [ [ [ [ 17.859191062868984, 68.55757106400138 ], [ 17.859318750607653, 68.557409731418559 ], [ 17.857032460830574, 68.557091056224095 ], [ 17.856701619191373, 68.557122891686632 ], [ 17.856390972623565, 68.557439489505725 ], [ 17.858550064985785, 68.557704949367235 ], [ 17.859191062868984, 68.55757106400138 ] ] ] ] } },
{ "type": "Feature", "properties": { "fid": 131657, "navn": null, "hoyde_moh": 648, "arealInnsjo_km2": 0.0034, "magasinKategori": null, "fid_2": 1092, "id": 1092, "left": 17.486919847, "top": 68.946110046000001, "right": 17.986919847, "bottom": 68.446110046000001, "row_index": 11, "col_index": 27, "tile_id": 1092 }, "geometry": { "type": "MultiPolygon", "coordinates": [ [ [ [ 17.893510843693964, 68.546370777316312 ], [ 17.894262229641011, 68.546115274059815 ], [ 17.89355753477458, 68.545907831168151 ], [ 17.892983028765446, 68.546160106273888 ], [ 17.892453560269683, 68.546070114569815 ], [ 17.892079254154734, 68.546214446250346 ], [ 17.892651071985071, 68.546510004138213 ], [ 17.893420484744222, 68.546528265908094 ], [ 17.893510843693964, 68.546370777316312 ] ] ] ] } },
{ "type": "Feature", "properties": { "fid": 131705, "navn": null, "hoyde_moh": 598, "arealInnsjo_km2": 0.0078, "magasinKategori": null, "fid_2": 1092, "id": 1092, "left": 17.486919847, "top": 68.946110046000001, "right": 17.986919847, "bottom": 68.446110046000001, "row_index": 11, "col_index": 27, "tile_id": 1092 }, "geometry": { "type": "MultiPolygon", "coordinates": [ [ [ [ 17.815930021394625, 68.548000952545394 ], [ 17.815883536897076, 68.547813580453834 ], [ 17.816368433703254, 68.547651504133043 ], [ 17.815551234567756, 68.547189794269286 ], [ 17.815010567443004, 68.547086195558705 ], [ 17.81404832100711, 68.547170535667547 ], [ 17.813532354658403, 68.547409786108005 ], [ 17.813619750307836, 68.547636240155867 ], [ 17.814149364345486, 68.547708251153949 ], [ 17.814813988553944, 68.548059866340424 ], [ 17.815930021394625, 68.548000952545394 ] ] ] ] } },
{ "type": "Feature", "properties": { "fid": 131741, "navn": "Stuorabalagjavrit", "hoyde_moh": 687, "arealInnsjo_km2": 0.0262, "magasinKategori": null, "fid_2": 1092, "id": 1092, "left": 17.486919847, "top": 68.946110046000001, "right": 17.986919847, "bottom": 68.446110046000001, "row_index": 11, "col_index": 27, "tile_id": 1092 }, "geometry": { "type": "MultiPolygon", "coordinates": [ [ [ [ 17.87029877093725, 68.55550593187472 ], [ 17.868929126141737, 68.554862955119916 ], [ 17.867726001807366, 68.554941029407644 ], [ 17.86784464337325, 68.555127072486627 ], [ 17.867354529360316, 68.555250518962708 ], [ 17.866634253926829, 68.555073121871573 ], [ 17.86806427429665, 68.554677169768567 ], [ 17.868487878314767, 68.554339947508296 ], [ 17.868367898608021, 68.554256983266342 ], [ 17.866918134027959, 68.554443753014738 ], [ 17.86669311208502, 68.554626142823011 ], [ 17.86568914447356, 68.554798295376628 ], [ 17.865552587989434, 68.555026304107329 ], [ 17.864202243827883, 68.555266203458643 ], [ 17.86512977120498, 68.55595598319583 ], [ 17.865868568558238, 68.556147703585779 ], [ 17.866298086982397, 68.556002852797604 ], [ 17.865598860877995, 68.555595910585069 ], [ 17.86774798917682, 68.555425499987948 ], [ 17.868177200561078, 68.55558451950175 ], [ 17.867424493767214, 68.555753471468691 ], [ 17.867304847380989, 68.555987028318768 ], [ 17.869358416796718, 68.556232963640511 ], [ 17.87029877093725, 68.55550593187472 ] ] ] ] } },
{ "type": "Feature", "properties": { "fid": 132106, "navn": null, "hoyde_moh": 601, "arealInnsjo_km2": 0.0047, "magasinKategori": null, "fid_2": 1092, "id": 1092, "left": 17.486919847, "top": 68.946110046000001, "right": 17.986919847, "bottom": 68.446110046000001, "row_index": 11, "col_index": 27, "tile_id": 1092 }, "geometry": { "type": "MultiPolygon", "coordinates": [ [ [ [ 17.819028949620073, 68.547389476114105 ], [ 17.81817429744904, 68.547163775401117 ], [ 17.817510730155057, 68.547514580769615 ], [ 17.817417343732529, 68.547848104260055 ], [ 17.818450242660827, 68.548200712161005 ], [ 17.819028949620073, 68.547389476114105 ] ] ] ] } },
{ "type": "Feature", "properties": { "fid": 132108, "navn": null, "hoyde_moh": 815, "arealInnsjo_km2": 0.0062, "magasinKategori": null, "fid_2": 1092, "id": 1092, "left": 17.486919847, "top": 68.946110046000001, "right": 17.986919847, "bottom": 68.446110046000001, "row_index": 11, "col_index": 27, "tile_id": 1092 }, "geometry": { "type": "MultiPolygon", "coordinates": [ [ [ [ 17.976449401472266, 68.545354028347148 ], [ 17.97900561613621, 68.544788468900805 ], [ 17.977811077730394, 68.544687819856492 ], [ 17.976575725814293, 68.5447903306748 ], [ 17.975330588194733, 68.545470265277046 ], [ 17.975807461974455, 68.545638408831906 ], [ 17.976449401472266, 68.545354028347148 ] ] ] ] } },
{ "type": "Feature", "properties": { "fid": 132205, "navn": null, "hoyde_moh": 716, "arealInnsjo_km2": 0.0056, "magasinKategori": null, "fid_2": 1092, "id": 1092, "left": 17.486919847, "top": 68.946110046000001, "right": 17.986919847, "bottom": 68.446110046000001, "row_index": 11, "col_index": 27, "tile_id": 1092 }, "geometry": { "type": "MultiPolygon", "coordinates": [ [ [ [ 17.923089141624143, 68.546886782251917 ], [ 17.92365956087286, 68.546395764438529 ], [ 17.921725766618906, 68.546343490355298 ], [ 17.921563217391775, 68.546460956792529 ], [ 17.921677441669576, 68.546728917464449 ], [ 17.922489316760149, 68.546707436567615 ], [ 17.922069496652611, 68.547006140908408 ], [ 17.92177440113463, 68.546960191910756 ], [ 17.92135375666933, 68.547173265332503 ], [ 17.921469331022035, 68.547343888952298 ], [ 17.923089141624143, 68.546886782251917 ] ] ] ] } },
{ "type": "Feature", "properties": { "fid": 132277, "navn": null, "hoyde_moh": 619, "arealInnsjo_km2": 0.0067, "magasinKategori": null, "fid_2": 1092, "id": 1092, "left": 17.486919847, "top": 68.946110046000001, "right": 17.986919847, "bottom": 68.446110046000001, "row_index": 11, "col_index": 27, "tile_id": 1092 }, "geometry": { "type": "MultiPolygon", "coordinates": [ [ [ [ 17.500951780799596, 68.572223346424352 ], [ 17.500735302541241, 68.57209095286575 ], [ 17.498475461191894, 68.571726223391664 ], [ 17.497316275731464, 68.571624877167181 ], [ 17.496438398836059, 68.571738247570053 ], [ 17.497503011860953, 68.572199194450164 ], [ 17.498242135980298, 68.572045248278513 ], [ 17.499296152494608, 68.572260158551003 ], [ 17.500951780799596, 68.572223346424352 ] ] ] ] } },
{ "type": "Feature", "properties": { "fid": 132292, "navn": null, "hoyde_moh": 849, "arealInnsjo_km2": 0.006, "magasinKategori": null, "fid_2": 1092, "id": 1092, "left": 17.486919847, "top": 68.946110046000001, "right": 17.986919847, "bottom": 68.446110046000001, "row_index": 11, "col_index": 27, "tile_id": 1092 }, "geometry": { "type": "MultiPolygon", "coordinates": [ [ [ [ 17.959259959029716, 68.554958459978664 ], [ 17.961695680671475, 68.554515517498473 ], [ 17.960303730563258, 68.554493268216007 ], [ 17.958392053064408, 68.55495336042604 ], [ 17.956602303592671, 68.555059188065783 ], [ 17.957156084307417, 68.555334211112296 ], [ 17.958450548973929, 68.555321844343283 ], [ 17.959259959029716, 68.554958459978664 ] ] ] ] } },
{ "type": "Feature", "properties": { "fid": 132309, "navn": null, "hoyde_moh": 805, "arealInnsjo_km2": 0.0201, "magasinKategori": null, "fid_2": 1092, "id": 1092, "left": 17.486919847, "top": 68.946110046000001, "right": 17.986919847, "bottom": 68.446110046000001, "row_index": 11, "col_index": 27, "tile_id": 1092 }, "geometry": { "type": "MultiPolygon", "coordinates": [ [ [ [ 17.962302043200289, 68.551815974846491 ], [ 17.962753727862474, 68.551576302283507 ], [ 17.962991211728383, 68.551108874996402 ], [ 17.962426977220019, 68.550880918500525 ], [ 17.960701378928199, 68.550916178078836 ], [ 17.958957175355277, 68.551073033475689 ], [ 17.957939118060832, 68.551370784991022 ], [ 17.958930660332204, 68.551279982819395 ], [ 17.959006420222757, 68.551505510220409 ], [ 17.958748095556462, 68.551781448391864 ], [ 17.959512376887435, 68.552142980557761 ], [ 17.960443650291069, 68.552227843760008 ], [ 17.962302043200289, 68.551815974846491 ] ] ] ] } },
{ "type": "Feature", "properties": { "fid": 132402, "navn": null, "hoyde_moh": 945, "arealInnsjo_km2": 0.0049, "magasinKategori": null, "fid_2": 1092, "id": 1092, "left": 17.486919847, "top": 68.946110046000001, "right": 17.986919847, "bottom": 68.446110046000001, "row_index": 11, "col_index": 27, "tile_id": 1092 }, "geometry": { "type": "MultiPolygon", "coordinates": [ [ [ [ 17.983962885320238, 68.554074864946998 ], [ 17.983560979678071, 68.553872641775342 ], [ 17.981122713614447, 68.554166925093512 ], [ 17.982518032629336, 68.554488436151232 ], [ 17.983164985239171, 68.554488624760381 ], [ 17.983962885320238, 68.554074864946998 ] ] ] ] } },
{ "type": "Feature", "properties": { "fid": 132463, "navn": null, "hoyde_moh": 660, "arealInnsjo_km2": 0.0042, "magasinKategori": null, "fid_2": 1092, "id": 1092, "left": 17.486919847, "top": 68.946110046000001, "right": 17.986919847, "bottom": 68.446110046000001, "row_index": 11, "col_index": 27, "tile_id": 1092 }, "geometry": { "type": "MultiPolygon", "coordinates": [ [ [ [ 17.88168576746348, 68.550077204165532 ], [ 17.881696564707987, 68.549745765980589 ], [ 17.880824504956824, 68.549502987364733 ], [ 17.880174464954756, 68.549711086270662 ], [ 17.880234507267311, 68.550140147078537 ], [ 17.881127542904238, 68.550270715423636 ], [ 17.88168576746348, 68.550077204165532 ] ] ] ] } },
{ "type": "Feature", "properties": { "fid": 132684, "navn": null, "hoyde_moh": 647, "arealInnsjo_km2": 0.0029, "magasinKategori": null, "fid_2": 1092, "id": 1092, "left": 17.486919847, "top": 68.946110046000001, "right": 17.986919847, "bottom": 68.446110046000001, "row_index": 11, "col_index": 27, "tile_id": 1092 }, "geometry": { "type": "MultiPolygon", "coordinates": [ [ [ [ 17.884111137721405, 68.547764219619097 ], [ 17.884535158424292, 68.547720224913064 ], [ 17.884610091422857, 68.547495409606483 ], [ 17.88422639078378, 68.547321916391411 ], [ 17.882923708887933, 68.547934782806735 ], [ 17.883812036487384, 68.5480061680463 ], [ 17.884111137721405, 68.547764219619097 ] ] ] ] } },
{ "type": "Feature", "properties": { "fid": 132750, "navn": null, "hoyde_moh": 897, "arealInnsjo_km2": 0.0043, "magasinKategori": null, "fid_2": 1092, "id": 1092, "left": 17.486919847, "top": 68.946110046000001, "right": 17.986919847, "bottom": 68.446110046000001, "row_index": 11, "col_index": 27, "tile_id": 1092 }, "geometry": { "type": "MultiPolygon", "coordinates": [ [ [ [ 17.986698966852739, 68.54652461579326 ], [ 17.986919847, 68.546653062251778 ], [ 17.986919847, 68.546408998245866 ], [ 17.986698966852739, 68.54652461579326 ] ] ] ] } },
{ "type": "Feature", "properties": { "fid": 132996, "navn": null, "hoyde_moh": 649, "arealInnsjo_km2": 0.0029, "magasinKategori": null, "fid_2": 1092, "id": 1092, "left": 17.486919847, "top": 68.946110046000001, "right": 17.986919847, "bottom": 68.446110046000001, "row_index": 11, "col_index": 27, "tile_id": 1092 }, "geometry": { "type": "MultiPolygon", "coordinates": [ [ [ [ 17.503561018917335, 68.57572390907292 ], [ 17.504101800545392, 68.575320243673985 ], [ 17.503574726042437, 68.575234030046389 ], [ 17.502457500503429, 68.575573391931485 ], [ 17.50214274976814, 68.575868682986965 ], [ 17.503561018917335, 68.57572390907292 ] ] ] ] } },
{ "type": "Feature", "properties": { "fid": 133155, "navn": null, "hoyde_moh": 866, "arealInnsjo_km2": 0.0091, "magasinKategori": null, "fid_2": 1092, "id": 1092, "left": 17.486919847, "top": 68.946110046000001, "right": 17.986919847, "bottom": 68.446110046000001, "row_index": 11, "col_index": 27, "tile_id": 1092 }, "geometry": { "type": "MultiPolygon", "coordinates": [ [ [ [ 17.95054180284934, 68.556225748612931 ], [ 17.950483949702274, 68.555896753335674 ], [ 17.950141184261827, 68.555632638815226 ], [ 17.950480818655336, 68.55533392251084 ], [ 17.948852095079204, 68.555412780251558 ], [ 17.948333867715622, 68.555644332572484 ], [ 17.948339382741811, 68.555860591940117 ], [ 17.948963209062352, 68.556047330900938 ], [ 17.948830962112957, 68.556273817709481 ], [ 17.949491077531476, 68.556585692173911 ], [ 17.949938433112084, 68.556590140412226 ], [ 17.95054180284934, 68.556225748612931 ] ] ] ] } },
{ "type": "Feature", "properties": { "fid": 133345, "navn": null, "hoyde_moh": 861, "arealInnsjo_km2": 0.0218, "magasinKategori": null, "fid_2": 1092, "id": 1092, "left": 17.486919847, "top": 68.946110046000001, "right": 17.986919847, "bottom": 68.446110046000001, "row_index": 11, "col_index": 27, "tile_id": 1092 }, "geometry": { "type": "MultiPolygon", "coordinates": [ [ [ [ 17.951716735308477, 68.558294530878626 ], [ 17.95416872599894, 68.558231525327656 ], [ 17.956974043334441, 68.556829830720858 ], [ 17.95507429910419, 68.557106261479433 ], [ 17.953945888110706, 68.55744425767584 ], [ 17.952155210343218, 68.557630668533633 ], [ 17.951759176620424, 68.557551889079832 ], [ 17.951571124086691, 68.55720498104948 ], [ 17.951632253067633, 68.556988269246034 ], [ 17.950436957895679, 68.557123358427447 ], [ 17.95041540854368, 68.557441807499472 ], [ 17.950993232205665, 68.557703860087443 ], [ 17.951055303282249, 68.557889052348429 ], [ 17.949590668914102, 68.558732604489066 ], [ 17.949929646396196, 68.558817777007789 ], [ 17.951716735308477, 68.558294530878626 ] ] ] ] } },
{ "type": "Feature", "properties": { "fid": 133477, "navn": null, "hoyde_moh": 783, "arealInnsjo_km2": 0.0025, "magasinKategori": null, "fid_2": 1092, "id": 1092, "left": 17.486919847, "top": 68.946110046000001, "right": 17.986919847, "bottom": 68.446110046000001, "row_index": 11, "col_index": 27, "tile_id": 1092 }, "geometry": { "type": "MultiPolygon", "coordinates": [ [ [ [ 17.966268918675638, 68.559756389324974 ], [ 17.966387001738873, 68.559630236038387 ], [ 17.966169069069338, 68.55956854571086 ], [ 17.964563913684209, 68.559602966601688 ], [ 17.965689371237509, 68.559954065896321 ], [ 17.966677935773319, 68.560063205561519 ], [ 17.966268918675638, 68.559756389324974 ] ] ] ] } },
{ "type": "Feature", "properties": { "fid": 133576, "navn": null, "hoyde_moh": 687, "arealInnsjo_km2": 0.0055, "magasinKategori": null, "fid_2": 1092, "id": 1092, "left": 17.486919847, "top": 68.946110046000001, "right": 17.986919847, "bottom": 68.446110046000001, "row_index": 11, "col_index": 27, "tile_id": 1092 }, "geometry": { "type": "MultiPolygon", "coordinates": [ [ [ [ 17.843633853377337, 68.559307068631355 ], [ 17.844566584498818, 68.559077101306414 ], [ 17.844046795421516, 68.558685888732427 ], [ 17.843567109992289, 68.558672100114833 ], [ 17.842602777855159, 68.558805287686724 ], [ 17.84190584322609, 68.559183055796268 ], [ 17.843633853377337, 68.559307068631355 ] ] ] ] } },
{ "type": "Feature", "properties": { "fid": 134027, "navn": null, "hoyde_moh": 933, "arealInnsjo_km2": 0.0112, "magasinKategori": null, "fid_2": 1092, "id": 1092, "left": 17.486919847, "top": 68.946110046000001, "right": 17.986919847, "bottom": 68.446110046000001, "row_index": 11, "col_index": 27, "tile_id": 1092 }, "geometry": { "type": "MultiPolygon", "coordinates": [ [ [ [ 17.924458676888676, 68.561131100581107 ], [ 17.926029559576886, 68.561185010718972 ], [ 17.926193784278937, 68.561096778163048 ], [ 17.926251411447403, 68.560788931041088 ], [ 17.923612277900041, 68.560513193291555 ], [ 17.923776900113243, 68.560333567497992 ], [ 17.924320753973813, 68.560213417728178 ], [ 17.924258304097396, 68.560133169862411 ], [ 17.923036097291039, 68.560344924082798 ], [ 17.922598050294322, 68.56057885741771 ], [ 17.923390682608701, 68.560520637894356 ], [ 17.923337448077923, 68.560824816179561 ], [ 17.92388221126193, 68.560992912814029 ], [ 17.922504774297845, 68.561205836044593 ], [ 17.92195583622642, 68.561451480294267 ], [ 17.922927044644208, 68.561585146002457 ], [ 17.924458676888676, 68.561131100581107 ] ] ] ] } },
{ "type": "Feature", "properties": { "fid": 134208, "navn": null, "hoyde_moh": 455, "arealInnsjo_km2": 0.0032, "magasinKategori": null, "fid_2": 1092, "id": 1092, "left": 17.486919847, "top": 68.946110046000001, "right": 17.986919847, "bottom": 68.446110046000001, "row_index": 11, "col_index": 27, "tile_id": 1092 }, "geometry": { "type": "MultiPolygon", "coordinates": [ [ [ [ 17.654202514575157, 68.575832256739389 ], [ 17.653865492145769, 68.57554155309839 ], [ 17.65394468316871, 68.575257746858526 ], [ 17.653589546273334, 68.575065164361376 ], [ 17.653556378886574, 68.575393661774299 ], [ 17.652749704121039, 68.575841528583538 ], [ 17.652905304478047, 68.575995073540668 ], [ 17.653581530489276, 68.576039519668058 ], [ 17.654202514575157, 68.575832256739389 ] ] ] ] } },
{ "type": "Feature", "properties": { "fid": 134288, "navn": null, "hoyde_moh": 887, "arealInnsjo_km2": 0.0048, "magasinKategori": null, "fid_2": 1092, "id": 1092, "left": 17.486919847, "top": 68.946110046000001, "right": 17.986919847, "bottom": 68.446110046000001, "row_index": 11, "col_index": 27, "tile_id": 1092 }, "geometry": { "type": "MultiPolygon", "coordinates": [ [ [ [ 17.93932071219843, 68.55782632695022 ], [ 17.939939828582773, 68.557817564296769 ], [ 17.940633688705464, 68.557366881708447 ], [ 17.939908238806559, 68.557233958643721 ], [ 17.938166225433989, 68.557767420510046 ], [ 17.937976406986813, 68.557950375559628 ], [ 17.938713300938929, 68.558101331117498 ], [ 17.93932071219843, 68.55782632695022 ] ] ] ] } },
{ "type": "Feature", "properties": { "fid": 134883, "navn": null, "hoyde_moh": 456, "arealInnsjo_km2": 0.0045, "magasinKategori": null, "fid_2": 1092, "id": 1092, "left": 17.486919847, "top": 68.946110046000001, "right": 17.986919847, "bottom": 68.446110046000001, "row_index": 11, "col_index": 27, "tile_id": 1092 }, "geometry": { "type": "MultiPolygon", "coordinates": [ [ [ [ 17.868894359838553, 68.493791713233094 ], [ 17.86906244460274, 68.493628148881257 ], [ 17.872324677581403, 68.493325075058863 ], [ 17.869060185466878, 68.493448647139189 ], [ 17.867340930842584, 68.493875286295406 ], [ 17.864956746319482, 68.493980760125382 ], [ 17.865297098081921, 68.494096762900355 ], [ 17.868894359838553, 68.493791713233094 ] ] ] ] } },
{ "type": "Feature", "properties": { "fid": 135254, "navn": null, "hoyde_moh": 576, "arealInnsjo_km2": 0.0073, "magasinKategori": null, "fid_2": 1092, "id": 1092, "left": 17.486919847, "top": 68.946110046000001, "right": 17.986919847, "bottom": 68.446110046000001, "row_index": 11, "col_index": 27, "tile_id": 1092 }, "geometry": { "type": "MultiPolygon", "coordinates": [ [ [ [ 17.653164346845784, 68.493710359624629 ], [ 17.652839148472122, 68.493405478903171 ], [ 17.652898016502796, 68.493294414343424 ], [ 17.652036117843544, 68.492880886723768 ], [ 17.653071312740298, 68.492772780463312 ], [ 17.653151377989992, 68.492531949007216 ], [ 17.652793208046059, 68.492697923258262 ], [ 17.650941617906561, 68.492744345605445 ], [ 17.651088638913357, 68.492879890096489 ], [ 17.65084977442833, 68.493162185391725 ], [ 17.65181422121897, 68.493170095885787 ], [ 17.651764890552922, 68.493422827137721 ], [ 17.651548612046618, 68.493512055527347 ], [ 17.651694132718664, 68.493699324027318 ], [ 17.651497111343264, 68.493865080828854 ], [ 17.651688427376104, 68.494004861325891 ], [ 17.653164346845784, 68.493710359624629 ] ], [ [ 17.652095288665329, 68.493511759042562 ], [ 17.651916221316405, 68.49340544466682 ], [ 17.652762841712246, 68.493555505073559 ], [ 17.652095288665329, 68.493511759042562 ] ] ] ] } },
{ "type": "Feature", "properties": { "fid": 137334, "navn": null, "hoyde_moh": 659, "arealInnsjo_km2": 0.0156, "magasinKategori": null, "fid_2": 1092, "id": 1092, "left": 17.486919847, "top": 68.946110046000001, "right": 17.986919847, "bottom": 68.446110046000001, "row_index": 11, "col_index": 27, "tile_id": 1092 }, "geometry": { "type": "MultiPolygon", "coordinates": [ [ [ [ 17.876175635458441, 68.467295851371759 ], [ 17.87636748512854, 68.467200003733353 ], [ 17.876716238579242, 68.467225345344744 ], [ 17.877681263771965, 68.466874284799601 ], [ 17.877900822528034, 68.466481715220027 ], [ 17.87808111897305, 68.466435348128982 ], [ 17.877985585920904, 68.466237697950618 ], [ 17.878277631665092, 68.466128635771483 ], [ 17.879216972723572, 68.466351643340801 ], [ 17.879611916258447, 68.466277346989273 ], [ 17.879289587491034, 68.46607758117139 ], [ 17.879535419661906, 68.465977929014073 ], [ 17.8793629818047, 68.465786628588049 ], [ 17.880240627168629, 68.465742095797353 ], [ 17.880976980666254, 68.465982857171568 ], [ 17.8798655330557, 68.466087250875688 ], [ 17.880151165483536, 68.466246351902484 ], [ 17.879836938839215, 68.466376894965833 ], [ 17.880368538781408, 68.466508336799762 ], [ 17.88051725949655, 68.466421305011721 ], [ 17.88032766534317, 68.466369714889339 ], [ 17.880910778000949, 68.466418308311077 ], [ 17.882080770314136, 68.466017822783769 ], [ 17.881764256596952, 68.46558967336729 ], [ 17.878384155226538, 68.465760001320788 ], [ 17.877674614573138, 68.466057932573591 ], [ 17.877770075879557, 68.466230089173408 ], [ 17.876473132259129, 68.466474636782692 ], [ 17.877316763079108, 68.466625327132803 ], [ 17.877014231750543, 68.46679417541084 ], [ 17.875808608554323, 68.466736865599913 ], [ 17.875738883033815, 68.466868768832967 ], [ 17.87532366131315, 68.466902917149824 ], [ 17.876302298053467, 68.46741558547815 ], [ 17.876175635458441, 68.467295851371759 ] ] ] ] } },
{ "type": "Feature", "properties": { "fid": 137405, "navn": null, "hoyde_moh": 520, "arealInnsjo_km2": 0.0042, "magasinKategori": null, "fid_2": 1092, "id": 1092, "left": 17.486919847, "top": 68.946110046000001, "right": 17.986919847, "bottom": 68.446110046000001, "row_index": 11, "col_index": 27, "tile_id": 1092 }, "geometry": { "type": "MultiPolygon", "coordinates": [ [ [ [ 17.936377019476975, 68.467638072489848 ], [ 17.936589485369606, 68.467433792309436 ], [ 17.934198108502816, 68.467259250015459 ], [ 17.934230752222501, 68.467512649428912 ], [ 17.934504351317699, 68.467688841736447 ], [ 17.936377019476975, 68.467638072489848 ] ] ] ] } },
{ "type": "Feature", "properties": { "fid": 137406, "navn": null, "hoyde_moh": 527, "arealInnsjo_km2": 0.0036, "magasinKategori": null, "fid_2": 1092, "id": 1092, "left": 17.486919847, "top": 68.946110046000001, "right": 17.986919847, "bottom": 68.446110046000001, "row_index": 11, "col_index": 27, "tile_id": 1092 }, "geometry": { "type": "MultiPolygon", "coordinates": [ [ [ [ 17.965019638905492, 68.470754580030388 ], [ 17.965080922866946, 68.470591988435643 ], [ 17.963474998356627, 68.470309508618953 ], [ 17.963210902132822, 68.470345781037437 ], [ 17.963430334335591, 68.470449810397881 ], [ 17.963246800383736, 68.470533854999573 ], [ 17.963341047237044, 68.4706319290203 ], [ 17.962517768549642, 68.470662917858903 ], [ 17.963236672008595, 68.47084438935309 ], [ 17.965019638905492, 68.470754580030388 ] ] ] ] } },
{ "type": "Feature", "properties": { "fid": 137483, "navn": null, "hoyde_moh": 776, "arealInnsjo_km2": 0.0026, "magasinKategori": null, "fid_2": 1092, "id": 1092, "left": 17.486919847, "top": 68.946110046000001, "right": 17.986919847, "bottom": 68.446110046000001, "row_index": 11, "col_index": 27, "tile_id": 1092 }, "geometry": { "type": "MultiPolygon", "coordinates": [ [ [ [ 17.900382720918497, 68.44961959048166 ], [ 17.901845923359044, 68.449568918462361 ], [ 17.898763994981149, 68.449653282475111 ], [ 17.899888176654823, 68.449999994649119 ], [ 17.900382720918497, 68.44961959048166 ] ] ] ] } },
{ "type": "Feature", "properties": { "fid": 137490, "navn": null, "hoyde_moh": 554, "arealInnsjo_km2": 0.003, "magasinKategori": null, "fid_2": 1092, "id": 1092, "left": 17.486919847, "top": 68.946110046000001, "right": 17.986919847, "bottom": 68.446110046000001, "row_index": 11, "col_index": 27, "tile_id": 1092 }, "geometry": { "type": "MultiPolygon", "coordinates": [ [ [ [ 17.896555232817523, 68.475695687972191 ], [ 17.897639509296315, 68.475391467707695 ], [ 17.897799683404344, 68.475216515235701 ], [ 17.896355192447583, 68.475269766481233 ], [ 17.895493630125408, 68.475640960187832 ], [ 17.895683456416904, 68.47576596412793 ], [ 17.896555232817523, 68.475695687972191 ] ] ] ] } },
{ "type": "Feature", "properties": { "fid": 137758, "navn": null, "hoyde_moh": 591, "arealInnsjo_km2": 0.0025, "magasinKategori": null, "fid_2": 1092, "id": 1092, "left": 17.486919847, "top": 68.946110046000001, "right": 17.986919847, "bottom": 68.446110046000001, "row_index": 11, "col_index": 27, "tile_id": 1092 }, "geometry": { "type": "MultiPolygon", "coordinates": [ [ [ [ 17.638861730800013, 68.486861413554138 ], [ 17.638115620833872, 68.48686543534717 ], [ 17.638839894011696, 68.487509717040254 ], [ 17.639580308165989, 68.48764302133246 ], [ 17.638861730800013, 68.486861413554138 ] ] ] ] } },
{ "type": "Feature", "properties": { "fid": 137929, "navn": null, "hoyde_moh": 576, "arealInnsjo_km2": 0.0028, "magasinKategori": null, "fid_2": 1092, "id": 1092, "left": 17.486919847, "top": 68.946110046000001, "right": 17.986919847, "bottom": 68.446110046000001, "row_index": 11, "col_index": 27, "tile_id": 1092 }, "geometry": { "type": "MultiPolygon", "coordinates": [ [ [ [ 17.652475637428061, 68.489931750298496 ], [ 17.651868617999796, 68.489836064588218 ], [ 17.651807213931281, 68.489588046332543 ], [ 17.651440671102069, 68.489469886408997 ], [ 17.651367963733218, 68.48925678321406 ], [ 17.651057653572206, 68.489182163707142 ], [ 17.650767923759926, 68.489320393974069 ], [ 17.65079550035664, 68.489578282055902 ], [ 17.651261954862196, 68.489710032845892 ], [ 17.651165134325062, 68.489839469047382 ], [ 17.652179308230249, 68.490117928510898 ], [ 17.652475637428061, 68.489931750298496 ] ] ] ] } },
{ "type": "Feature", "properties": { "fid": 137930, "navn": null, "hoyde_moh": 369, "arealInnsjo_km2": 0.0041, "magasinKategori": null, "fid_2": 1092, "id": 1092, "left": 17.486919847, "top": 68.946110046000001, "right": 17.986919847, "bottom": 68.446110046000001, "row_index": 11, "col_index": 27, "tile_id": 1092 }, "geometry": { "type": "MultiPolygon", "coordinates": [ [ [ [ 17.743279055235977, 68.488379747042671 ], [ 17.741312831234747, 68.488445297114424 ], [ 17.739865930257643, 68.488150826807924 ], [ 17.741880850036601, 68.488688064145876 ], [ 17.743993583941815, 68.488755293461651 ], [ 17.743279055235977, 68.488379747042671 ] ] ] ] } },
{ "type": "Feature", "properties": { "fid": 137931, "navn": null, "hoyde_moh": 488, "arealInnsjo_km2": 0.0044, "magasinKategori": null, "fid_2": 1092, "id": 1092, "left": 17.486919847, "top": 68.946110046000001, "right": 17.986919847, "bottom": 68.446110046000001, "row_index": 11, "col_index": 27, "tile_id": 1092 }, "geometry": { "type": "MultiPolygon", "coordinates": [ [ [ [ 17.83629067691054, 68.48842547031461 ], [ 17.836889880084311, 68.48792088828057 ], [ 17.835350540717393, 68.48800312284196 ], [ 17.834507061905022, 68.488288305789112 ], [ 17.834963121552008, 68.488525303284433 ], [ 17.83629067691054, 68.48842547031461 ] ] ] ] } },
{ "type": "Feature", "properties": { "fid": 138413, "navn": null, "hoyde_moh": 452, "arealInnsjo_km2": 0.0118, "magasinKategori": null, "fid_2": 1092, "id": 1092, "left": 17.486919847, "top": 68.946110046000001, "right": 17.986919847, "bottom": 68.446110046000001, "row_index": 11, "col_index": 27, "tile_id": 1092 }, "geometry": { "type": "MultiPolygon", "coordinates": [ [ [ [ 17.661048002985904, 68.54095208315799 ], [ 17.662387042980949, 68.540399499638283 ], [ 17.659910354408368, 68.540350048427342 ], [ 17.65817686958702, 68.540643168615361 ], [ 17.657928546901619, 68.54085291270502 ], [ 17.656839642806052, 68.541054139871548 ], [ 17.657948109734836, 68.54099585716672 ], [ 17.659376815177726, 68.541260295296013 ], [ 17.661048002985904, 68.54095208315799 ] ] ] ] } },
{ "type": "Feature", "properties": { "fid": 139362, "navn": null, "hoyde_moh": 475, "arealInnsjo_km2": 0.0078, "magasinKategori": null, "fid_2": 1092, "id": 1092, "left": 17.486919847, "top": 68.946110046000001, "right": 17.986919847, "bottom": 68.446110046000001, "row_index": 11, "col_index": 27, "tile_id": 1092 }, "geometry": { "type": "MultiPolygon", "coordinates": [ [ [ [ 17.670839627845801, 68.540165436213286 ], [ 17.669905412564638, 68.539786513685812 ], [ 17.668820861170616, 68.539656990641163 ], [ 17.667973308607152, 68.540052824477513 ], [ 17.668382001454415, 68.540376286605976 ], [ 17.670260603804863, 68.540576580097124 ], [ 17.670839627845801, 68.540165436213286 ] ] ] ] } },
{ "type": "Feature", "properties": { "fid": 140580, "navn": null, "hoyde_moh": 768, "arealInnsjo_km2": 0.0063, "magasinKategori": null, "fid_2": 1092, "id": 1092, "left": 17.486919847, "top": 68.946110046000001, "right": 17.986919847, "bottom": 68.446110046000001, "row_index": 11, "col_index": 27, "tile_id": 1092 }, "geometry": { "type": "MultiPolygon", "coordinates": [ [ [ [ 17.936858338233641, 68.537656458692211 ], [ 17.936783877830308, 68.537305308764516 ], [ 17.936995461921615, 68.537211565945299 ], [ 17.936967952913935, 68.537077655602857 ], [ 17.935776960073529, 68.536845136003649 ], [ 17.935067346457107, 68.536995879359694 ], [ 17.935078138930287, 68.537377857338768 ], [ 17.935299189791987, 68.537588104623438 ], [ 17.936639532583744, 68.537762536759288 ], [ 17.936858338233641, 68.537656458692211 ] ] ] ] } },
{ "type": "Feature", "properties": { "fid": 140581, "navn": null, "hoyde_moh": 656, "arealInnsjo_km2": 0.0203, "magasinKategori": null, "fid_2": 1092, "id": 1092, "left": 17.486919847, "top": 68.946110046000001, "right": 17.986919847, "bottom": 68.446110046000001, "row_index": 11, "col_index": 27, "tile_id": 1092 }, "geometry": { "type": "MultiPolygon", "coordinates": [ [ [ [ 17.901227213777123, 68.538303695259188 ], [ 17.900825893868738, 68.53805980447234 ], [ 17.901498468110063, 68.538023051588993 ], [ 17.90164928512301, 68.537907423682626 ], [ 17.901608278220269, 68.537600484387056 ], [ 17.900298986311835, 68.537139318006794 ], [ 17.897945361868608, 68.536913052182271 ], [ 17.897038532717964, 68.537034087586719 ], [ 17.895311453992747, 68.536969697550902 ], [ 17.895178490546257, 68.536928809495279 ], [ 17.895382388628263, 68.536793061516107 ], [ 17.894459089508949, 68.536583739031329 ], [ 17.893395133693215, 68.53667613222089 ], [ 17.893970445518235, 68.536773586953032 ], [ 17.894050350514476, 68.536975811448798 ], [ 17.89448725602373, 68.537155904851289 ], [ 17.897868737882536, 68.537293030440352 ], [ 17.898450663629198, 68.537622595200219 ], [ 17.899707655534005, 68.537955587136494 ], [ 17.899761779112758, 68.538134195987482 ], [ 17.900122575741086, 68.538272858310762 ], [ 17.901151018973049, 68.538406812404148 ], [ 17.901227213777123, 68.538303695259188 ] ] ] ] } },
{ "type": "Feature", "properties": { "fid": 141095, "navn": null, "hoyde_moh": 455, "arealInnsjo_km2": 0.0115, "magasinKategori": null, "fid_2": 1092, "id": 1092, "left": 17.486919847, "top": 68.946110046000001, "right": 17.986919847, "bottom": 68.446110046000001, "row_index": 11, "col_index": 27, "tile_id": 1092 }, "geometry": { "type": "MultiPolygon", "coordinates": [ [ [ [ 17.666562784165606, 68.542630106419665 ], [ 17.666978391592075, 68.542506554524991 ], [ 17.666213311066514, 68.54230587952263 ], [ 17.66665401086782, 68.5417047736222 ], [ 17.666486861444508, 68.54162431005598 ], [ 17.664769524681311, 68.541629296597378 ], [ 17.663829962173882, 68.541832868118547 ], [ 17.663870921109485, 68.542249685134493 ], [ 17.664319271469825, 68.542655734136773 ], [ 17.666562784165606, 68.542630106419665 ] ] ] ] } },
{ "type": "Feature", "properties": { "fid": 141203, "navn": null, "hoyde_moh": 787, "arealInnsjo_km2": 0.0034, "magasinKategori": null, "fid_2": 1092, "id": 1092, "left": 17.486919847, "top": 68.946110046000001, "right": 17.986919847, "bottom": 68.446110046000001, "row_index": 11, "col_index": 27, "tile_id": 1092 }, "geometry": { "type": "MultiPolygon", "coordinates": [ [ [ [ 17.927755306272832, 68.539716687854991 ], [ 17.927508720076894, 68.539424644183029 ], [ 17.927584624992257, 68.539286237547799 ], [ 17.927266516181351, 68.539177590016479 ], [ 17.927181169873656, 68.538962275040447 ], [ 17.926199074711285, 68.539058297462773 ], [ 17.926204849420522, 68.539168797381421 ], [ 17.92667035812168, 68.539225144353267 ], [ 17.926634572223978, 68.539593119682237 ], [ 17.926872520061401, 68.539743293836565 ], [ 17.927625787570602, 68.539831161804756 ], [ 17.927755306272832, 68.539716687854991 ] ] ] ] } },
{ "type": "Feature", "properties": { "fid": 141211, "navn": null, "hoyde_moh": 726, "arealInnsjo_km2": 0.0027, "magasinKategori": null, "fid_2": 1092, "id": 1092, "left": 17.486919847, "top": 68.946110046000001, "right": 17.986919847, "bottom": 68.446110046000001, "row_index": 11, "col_index": 27, "tile_id": 1092 }, "geometry": { "type": "MultiPolygon", "coordinates": [ [ [ [ 17.913687025770354, 68.538456446919838 ], [ 17.913877239296681, 68.538173954990711 ], [ 17.913477781541271, 68.538108527704907 ], [ 17.911893053625203, 68.53842588301174 ], [ 17.912952004335978, 68.538578987033773 ], [ 17.913687025770354, 68.538456446919838 ] ] ] ] } },
{ "type": "Feature", "properties": { "fid": 141516, "navn": null, "hoyde_moh": 763, "arealInnsjo_km2": 0.0046, "magasinKategori": null, "fid_2": 1092, "id": 1092, "left": 17.486919847, "top": 68.946110046000001, "right": 17.986919847, "bottom": 68.446110046000001, "row_index": 11, "col_index": 27, "tile_id": 1092 }, "geometry": { "type": "MultiPolygon", "coordinates": [ [ [ [ 17.949261574275386, 68.54166714473584 ], [ 17.949503929650025, 68.541465834585821 ], [ 17.948363532403665, 68.541321117941038 ], [ 17.946658756845505, 68.541637410754078 ], [ 17.947939178398897, 68.541810384706935 ], [ 17.949261574275386, 68.54166714473584 ] ] ] ] } },
{ "type": "Feature", "properties": { "fid": 141712, "navn": null, "hoyde_moh": 650, "arealInnsjo_km2": 0.0105, "magasinKategori": null, "fid_2": 1092, "id": 1092, "left": 17.486919847, "top": 68.946110046000001, "right": 17.986919847, "bottom": 68.446110046000001, "row_index": 11, "col_index": 27, "tile_id": 1092 }, "geometry": { "type": "MultiPolygon", "coordinates": [ [ [ [ 17.898948980800537, 68.539887190790253 ], [ 17.900032201212028, 68.539478794745591 ], [ 17.899611686581832, 68.539165838913831 ], [ 17.898486936340898, 68.538862791441716 ], [ 17.89640637252187, 68.538835840048321 ], [ 17.896944776616731, 68.539126122627437 ], [ 17.89834393479094, 68.539397514316306 ], [ 17.89837091517466, 68.53956528060985 ], [ 17.897830338002169, 68.539805230087595 ], [ 17.896570161002916, 68.539495708322391 ], [ 17.896195321804424, 68.539634853684433 ], [ 17.897554160495424, 68.540051928345719 ], [ 17.898948980800537, 68.539887190790253 ] ] ] ] } },
{ "type": "Feature", "properties": { "fid": 141854, "navn": null, "hoyde_moh": 783, "arealInnsjo_km2": 0.0073, "magasinKategori": null, "fid_2": 1092, "id": 1092, "left": 17.486919847, "top": 68.946110046000001, "right": 17.986919847, "bottom": 68.446110046000001, "row_index": 11, "col_index": 27, "tile_id": 1092 }, "geometry": { "type": "MultiPolygon", "coordinates": [ [ [ [ 17.930595965501773, 68.539268378569702 ], [ 17.930460298393513, 68.539131955811484 ], [ 17.931344910956959, 68.539134654606158 ], [ 17.931529554462649, 68.538888235899265 ], [ 17.932124193994699, 68.538780183204992 ], [ 17.932526085494903, 68.538415599226852 ], [ 17.931920274314383, 68.53795181183655 ], [ 17.93178519987902, 68.537998876790525 ], [ 17.931927240526964, 68.538240760883113 ], [ 17.931351101753393, 68.538385387098032 ], [ 17.931229839034632, 68.538576296890625 ], [ 17.929976467809837, 68.538369422379134 ], [ 17.929803170894843, 68.538723907965093 ], [ 17.930478004143399, 68.538783774985546 ], [ 17.92978198445763, 68.539092527831855 ], [ 17.930595965501773, 68.539268378569702 ] ] ] ] } },
{ "type": "Feature", "properties": { "fid": 142089, "navn": null, "hoyde_moh": 798, "arealInnsjo_km2": 0.0036, "magasinKategori": null, "fid_2": 1092, "id": 1092, "left": 17.486919847, "top": 68.946110046000001, "right": 17.986919847, "bottom": 68.446110046000001, "row_index": 11, "col_index": 27, "tile_id": 1092 }, "geometry": { "type": "MultiPolygon", "coordinates": [ [ [ [ 17.964972534963891, 68.541993866623002 ], [ 17.965326669285783, 68.541717032570375 ], [ 17.963859739017995, 68.541797235067463 ], [ 17.963338740030331, 68.542129079049602 ], [ 17.962094740352647, 68.542250938762635 ], [ 17.961803618339037, 68.542418116078153 ], [ 17.964972534963891, 68.541993866623002 ] ] ] ] } },
{ "type": "Feature", "properties": { "fid": 142269, "navn": null, "hoyde_moh": 417, "arealInnsjo_km2": 0.0043, "magasinKategori": null, "fid_2": 1092, "id": 1092, "left": 17.486919847, "top": 68.946110046000001, "right": 17.986919847, "bottom": 68.446110046000001, "row_index": 11, "col_index": 27, "tile_id": 1092 }, "geometry": { "type": "MultiPolygon", "coordinates": [ [ [ [ 17.756647501028411, 68.544241064265194 ], [ 17.756542738053049, 68.543901951253858 ], [ 17.756673172752301, 68.543749726780518 ], [ 17.756166656279138, 68.543663695099255 ], [ 17.754771159218546, 68.543968617565014 ], [ 17.755371763922174, 68.544364768970453 ], [ 17.756647501028411, 68.544241064265194 ] ] ] ] } },
{ "type": "Feature", "properties": { "fid": 142389, "navn": null, "hoyde_moh": 597, "arealInnsjo_km2": 0.0237, "magasinKategori": null, "fid_2": 1092, "id": 1092, "left": 17.486919847, "top": 68.946110046000001, "right": 17.986919847, "bottom": 68.446110046000001, "row_index": 11, "col_index": 27, "tile_id": 1092 }, "geometry": { "type": "MultiPolygon", "coordinates": [ [ [ [ 17.808422254401616, 68.545114128792022 ], [ 17.808094606237916, 68.544848151686992 ], [ 17.806168154623489, 68.544600535934592 ], [ 17.805305572481938, 68.544238371158187 ], [ 17.80427330100607, 68.544117992021313 ], [ 17.804202186789066, 68.54392887481562 ], [ 17.801989402051362, 68.544287513412272 ], [ 17.802054602177137, 68.544718918526002 ], [ 17.803507002344585, 68.545198547439441 ], [ 17.807486601555496, 68.545214594444587 ], [ 17.808393124325161, 68.545376015224235 ], [ 17.808422254401616, 68.545114128792022 ] ] ] ] } },
{ "type": "Feature", "properties": { "fid": 142390, "navn": null, "hoyde_moh": 790, "arealInnsjo_km2": 0.0023, "magasinKategori": null, "fid_2": 1092, "id": 1092, "left": 17.486919847, "top": 68.946110046000001, "right": 17.986919847, "bottom": 68.446110046000001, "row_index": 11, "col_index": 27, "tile_id": 1092 }, "geometry": { "type": "MultiPolygon", "coordinates": [ [ [ [ 17.959321490823083, 68.542587544980151 ], [ 17.958655574296298, 68.542524312292272 ], [ 17.957579661366008, 68.542849121226396 ], [ 17.958539102725378, 68.542957283691976 ], [ 17.959321490823083, 68.542587544980151 ] ] ] ] } },
{ "type": "Feature", "properties": { "fid": 142458, "navn": null, "hoyde_moh": 797, "arealInnsjo_km2": 0.0041, "magasinKategori": null, "fid_2": 1092, "id": 1092, "left": 17.486919847, "top": 68.946110046000001, "right": 17.986919847, "bottom": 68.446110046000001, "row_index": 11, "col_index": 27, "tile_id": 1092 }, "geometry": { "type": "MultiPolygon", "coordinates": [ [ [ [ 17.963201522279707, 68.541680647937895 ], [ 17.964555730739388, 68.54123588750646 ], [ 17.963468944121864, 68.541171393109209 ], [ 17.962078828035295, 68.541576289051392 ], [ 17.961570533413486, 68.541911673785677 ], [ 17.963201522279707, 68.541680647937895 ] ] ] ] } },
{ "type": "Feature", "properties": { "fid": 142563, "navn": null, "hoyde_moh": 651, "arealInnsjo_km2": 0.0043, "magasinKategori": null, "fid_2": 1092, "id": 1092, "left": 17.486919847, "top": 68.946110046000001, "right": 17.986919847, "bottom": 68.446110046000001, "row_index": 11, "col_index": 27, "tile_id": 1092 }, "geometry": { "type": "MultiPolygon", "coordinates": [ [ [ [ 17.877621474753042, 68.54193323015204 ], [ 17.877095487791355, 68.541498773963667 ], [ 17.876516882137224, 68.541348981145561 ], [ 17.875874819197421, 68.541842668358058 ], [ 17.875989081766981, 68.542105803680045 ], [ 17.876890369678382, 68.542146298596791 ], [ 17.877621474753042, 68.54193323015204 ] ] ] ] } },
{ "type": "Feature", "properties": { "fid": 149812, "navn": null, "hoyde_moh": 588, "arealInnsjo_km2": 0.0083, "magasinKategori": null, "fid_2": 1092, "id": 1092, "left": 17.486919847, "top": 68.946110046000001, "right": 17.986919847, "bottom": 68.446110046000001, "row_index": 11, "col_index": 27, "tile_id": 1092 }, "geometry": { "type": "MultiPolygon", "coordinates": [ [ [ [ 17.694386900135367, 68.578188100780508 ], [ 17.694527377926768, 68.577915853597304 ], [ 17.69443840837749, 68.577529965131859 ], [ 17.693558115626008, 68.577269217067197 ], [ 17.69245190014259, 68.577299131922686 ], [ 17.692095066108347, 68.577526099829186 ], [ 17.692949199647224, 68.578136349569917 ], [ 17.693871398536043, 68.578291680574154 ], [ 17.694386900135367, 68.578188100780508 ] ] ] ] } },
{ "type": "Feature", "properties": { "fid": 149885, "navn": null, "hoyde_moh": 597, "arealInnsjo_km2": 0.0031, "magasinKategori": null, "fid_2": 1092, "id": 1092, "left": 17.486919847, "top": 68.946110046000001, "right": 17.986919847, "bottom": 68.446110046000001, "row_index": 11, "col_index": 27, "tile_id": 1092 }, "geometry": { "type": "MultiPolygon", "coordinates": [ [ [ [ 17.665720522705104, 68.579501125968761 ], [ 17.665638074216243, 68.579251019509599 ], [ 17.665022729434334, 68.578977580407539 ], [ 17.664362537515764, 68.579228947202793 ], [ 17.664329536759279, 68.579499552000854 ], [ 17.665166570333621, 68.579685558382764 ], [ 17.665720522705104, 68.579501125968761 ] ] ] ] } },
{ "type": "Feature", "properties": { "fid": 150241, "navn": "Ørnebergvatnet", "hoyde_moh": 475, "arealInnsjo_km2": 0.0089, "magasinKategori": null, "fid_2": 1092, "id": 1092, "left": 17.486919847, "top": 68.946110046000001, "right": 17.986919847, "bottom": 68.446110046000001, "row_index": 11, "col_index": 27, "tile_id": 1092 }, "geometry": { "type": "MultiPolygon", "coordinates": [ [ [ [ 17.646780748482833, 68.578605910953485 ], [ 17.647485054251412, 68.578533794854067 ], [ 17.647297931472412, 68.5783542627928 ], [ 17.647486385564939, 68.578209391238346 ], [ 17.646021352429312, 68.577665442306682 ], [ 17.644252066125578, 68.578189346611339 ], [ 17.645213445410157, 68.578536763276702 ], [ 17.646003116053429, 68.578524435903901 ], [ 17.646098176388016, 68.578737550262659 ], [ 17.646797259229828, 68.578733644984823 ], [ 17.646780748482833, 68.578605910953485 ] ] ] ] } },
{ "type": "Feature", "properties": { "fid": 150621, "navn": null, "hoyde_moh": 605, "arealInnsjo_km2": 0.0071, "magasinKategori": null, "fid_2": 1092, "id": 1092, "left": 17.486919847, "top": 68.946110046000001, "right": 17.986919847, "bottom": 68.446110046000001, "row_index": 11, "col_index": 27, "tile_id": 1092 }, "geometry": { "type": "MultiPolygon", "coordinates": [ [ [ [ 17.689778962288976, 68.57682630968803 ], [ 17.688943118098202, 68.576390425229505 ], [ 17.6865124914776, 68.575975524452716 ], [ 17.685632499726783, 68.576149705724745 ], [ 17.686273478106713, 68.576399863679839 ], [ 17.689004717105057, 68.576911661285791 ], [ 17.689778962288976, 68.57682630968803 ] ] ] ] } },
{ "type": "Feature", "properties": { "fid": 150628, "navn": null, "hoyde_moh": 613, "arealInnsjo_km2": 0.0099, "magasinKategori": null, "fid_2": 1092, "id": 1092, "left": 17.486919847, "top": 68.946110046000001, "right": 17.986919847, "bottom": 68.446110046000001, "row_index": 11, "col_index": 27, "tile_id": 1092 }, "geometry": { "type": "MultiPolygon", "coordinates": [ [ [ [ 17.682227329786869, 68.576614051300055 ], [ 17.684208587428525, 68.576384891252715 ], [ 17.683431085275743, 68.576006842438773 ], [ 17.682100210395941, 68.57572126941605 ], [ 17.681154365351336, 68.575841634058037 ], [ 17.681228943063122, 68.576102631678282 ], [ 17.680905197859985, 68.576593477382062 ], [ 17.680996845245613, 68.576857613909681 ], [ 17.682227329786869, 68.576614051300055 ] ] ] ] } },
{ "type": "Feature", "properties": { "fid": 156037, "navn": null, "hoyde_moh": 468, "arealInnsjo_km2": 0.003, "magasinKategori": null, "fid_2": 1092, "id": 1092, "left": 17.486919847, "top": 68.946110046000001, "right": 17.986919847, "bottom": 68.446110046000001, "row_index": 11, "col_index": 27, "tile_id": 1092 }, "geometry": { "type": "MultiPolygon", "coordinates": [ [ [ [ 17.90511591388854, 68.48723038412939 ], [ 17.905234968651285, 68.486902896280114 ], [ 17.904685442881284, 68.486656028767115 ], [ 17.903957570820079, 68.487120103439153 ], [ 17.903915514460763, 68.487401729339396 ], [ 17.90511591388854, 68.48723038412939 ] ] ] ] } },
{ "type": "Feature", "properties": { "fid": 156041, "navn": null, "hoyde_moh": 522, "arealInnsjo_km2": 0.0079, "magasinKategori": null, "fid_2": 1092, "id": 1092, "left": 17.486919847, "top": 68.946110046000001, "right": 17.986919847, "bottom": 68.446110046000001, "row_index": 11, "col_index": 27, "tile_id": 1092 }, "geometry": { "type": "MultiPolygon", "coordinates": [ [ [ [ 17.94522754167291, 68.468040563011982 ], [ 17.944145531089092, 68.467696174139974 ], [ 17.942866808308199, 68.467575003065434 ], [ 17.942482817884557, 68.467279656495279 ], [ 17.941706119871487, 68.467218964120946 ], [ 17.941069614535959, 68.467467594102885 ], [ 17.9436445181388, 68.468151967050105 ], [ 17.945005697047893, 68.468172302477626 ], [ 17.94522754167291, 68.468040563011982 ] ] ] ] } },
{ "type": "Feature", "properties": { "fid": 156042, "navn": null, "hoyde_moh": 514, "arealInnsjo_km2": 0.0229, "magasinKategori": null, "fid_2": 1092, "id": 1092, "left": 17.486919847, "top": 68.946110046000001, "right": 17.986919847, "bottom": 68.446110046000001, "row_index": 11, "col_index": 27, "tile_id": 1092 }, "geometry": { "type": "MultiPolygon", "coordinates": [ [ [ [ 17.930980085262931, 68.468059362309177 ], [ 17.931465115011857, 68.468021160384751 ], [ 17.931865091172519, 68.467743581817146 ], [ 17.931868414102002, 68.467588304325091 ], [ 17.932691386438151, 68.467361583302662 ], [ 17.932135686962521, 68.467220310776597 ], [ 17.932110396034375, 68.466840650031557 ], [ 17.931013069742061, 68.466381717015551 ], [ 17.929893973943038, 68.466306941849851 ], [ 17.929105333478731, 68.466491124582674 ], [ 17.928992019500345, 68.466661431964724 ], [ 17.929217316214721, 68.467632706408395 ], [ 17.929690108768906, 68.468060201295899 ], [ 17.929603167233623, 68.468341636787443 ], [ 17.930033328933622, 68.46845324381809 ], [ 17.930980085262931, 68.468059362309177 ] ] ] ] } },
{ "type": "Feature", "properties": { "fid": 156043, "navn": null, "hoyde_moh": 312, "arealInnsjo_km2": 0.0032, "magasinKategori": null, "fid_2": 1092, "id": 1092, "left": 17.486919847, "top": 68.946110046000001, "right": 17.986919847, "bottom": 68.446110046000001, "row_index": 11, "col_index": 27, "tile_id": 1092 }, "geometry": { "type": "MultiPolygon", "coordinates": [ [ [ [ 17.753276298467611, 68.482690653239302 ], [ 17.75327492889771, 68.482510878900342 ], [ 17.753670388312454, 68.482463450912647 ], [ 17.75347044064431, 68.482389717989065 ], [ 17.753473341262513, 68.482214900255897 ], [ 17.752873013711479, 68.48209998847237 ], [ 17.752171051120925, 68.482591840510324 ], [ 17.752343068304832, 68.482821683824909 ], [ 17.753276298467611, 68.482690653239302 ] ] ] ] } },
{ "type": "Feature", "properties": { "fid": 156093, "navn": null, "hoyde_moh": 253, "arealInnsjo_km2": 0.0031, "magasinKategori": null, "fid_2": 1092, "id": 1092, "left": 17.486919847, "top": 68.946110046000001, "right": 17.986919847, "bottom": 68.446110046000001, "row_index": 11, "col_index": 27, "tile_id": 1092 }, "geometry": { "type": "MultiPolygon", "coordinates": [ [ [ [ 17.741268475258902, 68.464751240690603 ], [ 17.74085309160316, 68.464565405462736 ], [ 17.739299257688032, 68.464587589489639 ], [ 17.739867382471797, 68.464660970446047 ], [ 17.739441073962865, 68.464828528615428 ], [ 17.741104766971826, 68.464974826835672 ], [ 17.741268475258902, 68.464751240690603 ] ] ] ] } },
{ "type": "Feature", "properties": { "fid": 156094, "navn": null, "hoyde_moh": 574, "arealInnsjo_km2": 0.0065, "magasinKategori": null, "fid_2": 1092, "id": 1092, "left": 17.486919847, "top": 68.946110046000001, "right": 17.986919847, "bottom": 68.446110046000001, "row_index": 11, "col_index": 27, "tile_id": 1092 }, "geometry": { "type": "MultiPolygon", "coordinates": [ [ [ [ 17.833541043395584, 68.475940492845965 ], [ 17.833027979080697, 68.475776991518686 ], [ 17.833558275259119, 68.475643158128577 ], [ 17.834402637902347, 68.475770174440072 ], [ 17.835619790004333, 68.475645811358504 ], [ 17.834615641881467, 68.475279757743991 ], [ 17.834771950039574, 68.475153951471128 ], [ 17.83436992640376, 68.475139027725376 ], [ 17.833957257118008, 68.475362797540683 ], [ 17.832919440776056, 68.475412302466736 ], [ 17.832537046346374, 68.475815362532728 ], [ 17.832192905372068, 68.475751339280265 ], [ 17.831809841611996, 68.475909251726506 ], [ 17.83224278608229, 68.475848972032196 ], [ 17.8323158371301, 68.476115875154761 ], [ 17.832988827569288, 68.476143279593757 ], [ 17.833541043395584, 68.475940492845965 ] ] ] ] } },
{ "type": "Feature", "properties": { "fid": 156095, "navn": null, "hoyde_moh": 522, "arealInnsjo_km2": 0.0132, "magasinKategori": null, "fid_2": 1092, "id": 1092, "left": 17.486919847, "top": 68.946110046000001, "right": 17.986919847, "bottom": 68.446110046000001, "row_index": 11, "col_index": 27, "tile_id": 1092 }, "geometry": { "type": "MultiPolygon", "coordinates": [ [ [ [ 17.934243827855973, 68.47739448987339 ], [ 17.933812769784428, 68.477156953562869 ], [ 17.93453862321104, 68.476846284230731 ], [ 17.936119996235629, 68.47685081365546 ], [ 17.938089023345125, 68.47615331948937 ], [ 17.937447154545431, 68.476001811354536 ], [ 17.934964036435087, 68.476114266840227 ], [ 17.934501871994772, 68.476593405636052 ], [ 17.933750252882739, 68.47691269544319 ], [ 17.933666788508713, 68.477173693475393 ], [ 17.932742607593056, 68.477248671579858 ], [ 17.932584376205721, 68.477553440406155 ], [ 17.932913960690012, 68.477655311669324 ], [ 17.934243827855973, 68.47739448987339 ] ] ] ] } },
{ "type": "Feature", "properties": { "fid": 156096, "navn": null, "hoyde_moh": 327, "arealInnsjo_km2": 0.0062, "magasinKategori": null, "fid_2": 1092, "id": 1092, "left": 17.486919847, "top": 68.946110046000001, "right": 17.986919847, "bottom": 68.446110046000001, "row_index": 11, "col_index": 27, "tile_id": 1092 }, "geometry": { "type": "MultiPolygon", "coordinates": [ [ [ [ 17.783257633900163, 68.491592448518631 ], [ 17.784313613536469, 68.491588382837989 ], [ 17.784823389056175, 68.49139203850811 ], [ 17.78466256749731, 68.491045970541052 ], [ 17.784373209649086, 68.490917114862896 ], [ 17.782777484038014, 68.491199615149483 ], [ 17.781813262150912, 68.491581048450371 ], [ 17.782466911133991, 68.491805747717493 ], [ 17.783257633900163, 68.491592448518631 ] ] ] ] } },
{ "type": "Feature", "properties": { "fid": 156098, "navn": null, "hoyde_moh": 255, "arealInnsjo_km2": 0.0129, "magasinKategori": null, "fid_2": 1092, "id": 1092, "left": 17.486919847, "top": 68.946110046000001, "right": 17.986919847, "bottom": 68.446110046000001, "row_index": 11, "col_index": 27, "tile_id": 1092 }, "geometry": { "type": "MultiPolygon", "coordinates": [ [ [ [ 17.747338772138377, 68.46564224952489 ], [ 17.747331235316729, 68.465332868277471 ], [ 17.74694737082579, 68.465061075508004 ], [ 17.746196652661919, 68.464945021817982 ], [ 17.743912638429951, 68.46505874694806 ], [ 17.74399341714966, 68.465285512645693 ], [ 17.744867855728085, 68.465639845875955 ], [ 17.74503177828829, 68.465911387348072 ], [ 17.745564189166888, 68.466018188314138 ], [ 17.745326506655843, 68.466223871703747 ], [ 17.745954072831289, 68.466299310732467 ], [ 17.747338772138377, 68.46564224952489 ] ], [ [ 17.745361489485582, 68.465525925997113 ], [ 17.745786826660218, 68.465744979670419 ], [ 17.745590811305249, 68.465786700796357 ], [ 17.745193375414591, 68.465704886595972 ], [ 17.745361489485582, 68.465525925997113 ] ] ] ] } },
{ "type": "Feature", "properties": { "fid": 156099, "navn": null, "hoyde_moh": 535, "arealInnsjo_km2": 0.0124, "magasinKategori": null, "fid_2": 1092, "id": 1092, "left": 17.486919847, "top": 68.946110046000001, "right": 17.986919847, "bottom": 68.446110046000001, "row_index": 11, "col_index": 27, "tile_id": 1092 }, "geometry": { "type": "MultiPolygon", "coordinates": [ [ [ [ 17.8940019172441, 68.47846967244088 ], [ 17.895627689321319, 68.479031930338635 ], [ 17.896477350629567, 68.478919755976406 ], [ 17.894165730439735, 68.478229217759278 ], [ 17.893903345951855, 68.477969191350468 ], [ 17.893627879007109, 68.478044149320937 ], [ 17.893538507861695, 68.478478392136765 ], [ 17.893280709965012, 68.4786264776276 ], [ 17.891767042500355, 68.478450436431743 ], [ 17.891499732459152, 68.478293100575755 ], [ 17.891474828297913, 68.478109947299913 ], [ 17.890761938735061, 68.478654770330337 ], [ 17.891634223530922, 68.479061289929348 ], [ 17.892950969060482, 68.478907768923946 ], [ 17.892667078923598, 68.479100381616107 ], [ 17.893910084939478, 68.479253080343668 ], [ 17.8940019172441, 68.47846967244088 ] ] ] ] } },
{ "type": "Feature", "properties": { "fid": 156100, "navn": null, "hoyde_moh": 521, "arealInnsjo_km2": 0.0081, "magasinKategori": null, "fid_2": 1092, "id": 1092, "left": 17.486919847, "top": 68.946110046000001, "right": 17.986919847, "bottom": 68.446110046000001, "row_index": 11, "col_index": 27, "tile_id": 1092 }, "geometry": { "type": "MultiPolygon", "coordinates": [ [ [ [ 17.93538842653934, 68.478350020853242 ], [ 17.935595958774712, 68.478195385516315 ], [ 17.935242192469147, 68.47803738505219 ], [ 17.933343990726151, 68.478020526984238 ], [ 17.932586451460281, 68.477744622741497 ], [ 17.931913378961401, 68.477991427828513 ], [ 17.932170736767642, 68.478211180588147 ], [ 17.931981936531628, 68.478306861213383 ], [ 17.932071296875677, 68.478424607434576 ], [ 17.933420116257636, 68.478569240160255 ], [ 17.93538842653934, 68.478350020853242 ] ] ] ] } },
{ "type": "Feature", "properties": { "fid": 156101, "navn": null, "hoyde_moh": 723, "arealInnsjo_km2": 0.0028, "magasinKategori": null, "fid_2": 1092, "id": 1092, "left": 17.486919847, "top": 68.946110046000001, "right": 17.986919847, "bottom": 68.446110046000001, "row_index": 11, "col_index": 27, "tile_id": 1092 }, "geometry": { "type": "MultiPolygon", "coordinates": [ [ [ [ 17.912490357325268, 68.44769463254822 ], [ 17.912691238342564, 68.447540498139219 ], [ 17.912451855839024, 68.447395460331109 ], [ 17.912566818691154, 68.447247219749002 ], [ 17.912039975988662, 68.447090036137268 ], [ 17.911248574885771, 68.447390985536188 ], [ 17.911854975754235, 68.44773953049652 ], [ 17.912490357325268, 68.44769463254822 ] ] ] ] } },
{ "type": "Feature", "properties": { "fid": 156102, "navn": null, "hoyde_moh": 564, "arealInnsjo_km2": 0.0136, "magasinKategori": null, "fid_2": 1092, "id": 1092, "left": 17.486919847, "top": 68.946110046000001, "right": 17.986919847, "bottom": 68.446110046000001, "row_index": 11, "col_index": 27, "tile_id": 1092 }, "geometry": { "type": "MultiPolygon", "coordinates": [ [ [ [ 17.937836666254558, 68.463910632686151 ], [ 17.938644568386323, 68.464090193782582 ], [ 17.939946912427775, 68.463528423307181 ], [ 17.940630604601729, 68.463836916741613 ], [ 17.94262120312337, 68.463799263980604 ], [ 17.942892634325858, 68.463731473318688 ], [ 17.942704189119116, 68.463466267993013 ], [ 17.942943481000839, 68.463286733640956 ], [ 17.942779926079012, 68.463235293599226 ], [ 17.942902943303022, 68.463070999015628 ], [ 17.942709164483809, 68.463023860512422 ], [ 17.941777368118778, 68.463253533554308 ], [ 17.94044834632049, 68.463218876274425 ], [ 17.940125057693301, 68.463476010084321 ], [ 17.939206633014038, 68.463393466990155 ], [ 17.938373087603939, 68.463557925654996 ], [ 17.93780939489816, 68.463429920051496 ], [ 17.937328588606412, 68.463561882161699 ], [ 17.937504543751778, 68.463767162799229 ], [ 17.936269025149869, 68.463997372175015 ], [ 17.936178363808629, 68.464337859566029 ], [ 17.937836666254558, 68.463910632686151 ] ], [ [ 17.940897511542481, 68.463328505249407 ], [ 17.941191631190154, 68.463521563146216 ], [ 17.940648763363196, 68.463608301132297 ], [ 17.94055553229207, 68.463470069107984 ], [ 17.940897511542481, 68.463328505249407 ] ], [ [ 17.937642921883715, 68.463628637882252 ], [ 17.938446175383163, 68.463659704550309 ], [ 17.938289491357565, 68.463787060199365 ], [ 17.937642921883715, 68.463628637882252 ] ] ] ] } },
{ "type": "Feature", "properties": { "fid": 156104, "navn": null, "hoyde_moh": 554, "arealInnsjo_km2": 0.0031, "magasinKategori": null, "fid_2": 1092, "id": 1092, "left": 17.486919847, "top": 68.946110046000001, "right": 17.986919847, "bottom": 68.446110046000001, "row_index": 11, "col_index": 27, "tile_id": 1092 }, "geometry": { "type": "MultiPolygon", "coordinates": [ [ [ [ 17.835638424587508, 68.481471286361781 ], [ 17.835471099461422, 68.481414151691524 ], [ 17.835859237978998, 68.481331192449275 ], [ 17.835631517498463, 68.481250662746376 ], [ 17.835810006797175, 68.480935069508106 ], [ 17.835145628531482, 68.480753396367774 ], [ 17.834622930085285, 68.480927231094853 ], [ 17.834901786936761, 68.481343259198752 ], [ 17.834681750932734, 68.481380464107133 ], [ 17.834656576286473, 68.481542293309445 ], [ 17.835638424587508, 68.481471286361781 ] ] ] ] } },
{ "type": "Feature", "properties": { "fid": 156105, "navn": null, "hoyde_moh": 438, "arealInnsjo_km2": 0.0042, "magasinKategori": null, "fid_2": 1092, "id": 1092, "left": 17.486919847, "top": 68.946110046000001, "right": 17.986919847, "bottom": 68.446110046000001, "row_index": 11, "col_index": 27, "tile_id": 1092 }, "geometry": { "type": "MultiPolygon", "coordinates": [ [ [ [ 17.695093556878771, 68.491980911097031 ], [ 17.694536203614124, 68.4917070322049 ], [ 17.693605634959667, 68.491695861751694 ], [ 17.693038381695537, 68.492013568585946 ], [ 17.693735210497348, 68.492242845047826 ], [ 17.694825071369824, 68.492334214609656 ], [ 17.695093556878771, 68.491980911097031 ] ] ] ] } },
{ "type": "Feature", "properties": { "fid": 156106, "navn": null, "hoyde_moh": 743, "arealInnsjo_km2": 0.0028, "magasinKategori": null, "fid_2": 1092, "id": 1092, "left": 17.486919847, "top": 68.946110046000001, "right": 17.986919847, "bottom": 68.446110046000001, "row_index": 11, "col_index": 27, "tile_id": 1092 }, "geometry": { "type": "MultiPolygon", "coordinates": [ [ [ [ 17.912808515625411, 68.449663835419031 ], [ 17.912989102838505, 68.449488508458458 ], [ 17.910878250662144, 68.44965790916865 ], [ 17.911106930653197, 68.449719646631962 ], [ 17.911194128056955, 68.449945704859147 ], [ 17.911623549255012, 68.450000000788719 ], [ 17.912808515625411, 68.449663835419031 ] ] ] ] } },
{ "type": "Feature", "properties": { "fid": 156107, "navn": null, "hoyde_moh": 566, "arealInnsjo_km2": 0.0046, "magasinKategori": null, "fid_2": 1092, "id": 1092, "left": 17.486919847, "top": 68.946110046000001, "right": 17.986919847, "bottom": 68.446110046000001, "row_index": 11, "col_index": 27, "tile_id": 1092 }, "geometry": { "type": "MultiPolygon", "coordinates": [ [ [ [ 17.986919847, 68.448714839492368 ], [ 17.986919847, 68.44868861403279 ], [ 17.986236755150205, 68.448384086637319 ], [ 17.983111176475592, 68.447953492583011 ], [ 17.983836423144282, 68.448279834729092 ], [ 17.984255874240198, 68.448164714438889 ], [ 17.984967862759174, 68.448345938860982 ], [ 17.983988600147494, 68.448517276333845 ], [ 17.98413231576707, 68.448588690906362 ], [ 17.985011541905646, 68.448497512138502 ], [ 17.985359085991405, 68.448742421665756 ], [ 17.986919847, 68.448714839492368 ] ] ] ] } },
{ "type": "Feature", "properties": { "fid": 156150, "navn": null, "hoyde_moh": 537, "arealInnsjo_km2": 0.0059, "magasinKategori": null, "fid_2": 1092, "id": 1092, "left": 17.486919847, "top": 68.946110046000001, "right": 17.986919847, "bottom": 68.446110046000001, "row_index": 11, "col_index": 27, "tile_id": 1092 }, "geometry": { "type": "MultiPolygon", "coordinates": [ [ [ [ 17.830574127216018, 68.47926986174879 ], [ 17.830386432968481, 68.47920992452552 ], [ 17.831317099920916, 68.478930197272277 ], [ 17.830910059154583, 68.478664985717515 ], [ 17.828396351495595, 68.47899531136234 ], [ 17.828789945663353, 68.479129873857218 ], [ 17.82863937678864, 68.479239508304062 ], [ 17.828889959521319, 68.479348745839062 ], [ 17.829758944880414, 68.479491888835284 ], [ 17.830490935197151, 68.479423513429452 ], [ 17.830574127216018, 68.47926986174879 ] ], [ [ 17.829371435466101, 68.479074097300284 ], [ 17.829599772145702, 68.478995914551092 ], [ 17.830125234554099, 68.479224838136844 ], [ 17.829715130851465, 68.479300165822309 ], [ 17.829371435466101, 68.479074097300284 ] ] ] ] } },
{ "type": "Feature", "properties": { "fid": 156151, "navn": null, "hoyde_moh": 552, "arealInnsjo_km2": 0.017, "magasinKategori": null, "fid_2": 1092, "id": 1092, "left": 17.486919847, "top": 68.946110046000001, "right": 17.986919847, "bottom": 68.446110046000001, "row_index": 11, "col_index": 27, "tile_id": 1092 }, "geometry": { "type": "MultiPolygon", "coordinates": [ [ [ [ 17.885624812034585, 68.478463841285858 ], [ 17.885543116161369, 68.478298901740033 ], [ 17.885817401218759, 68.478155123267811 ], [ 17.885711709003846, 68.478106671263916 ], [ 17.886132137642058, 68.47798353673997 ], [ 17.888141033865743, 68.477553126638142 ], [ 17.889037418106188, 68.477613443444042 ], [ 17.889916198071848, 68.47743284299878 ], [ 17.889840683050132, 68.477264836085325 ], [ 17.890305779782981, 68.476768727392908 ], [ 17.891375444741261, 68.476536529192131 ], [ 17.890310895857137, 68.476470418036186 ], [ 17.887325961928898, 68.476950531643013 ], [ 17.886945860757752, 68.477324065334301 ], [ 17.8851172169942, 68.477963756842684 ], [ 17.884649229857548, 68.478413397329135 ], [ 17.885405197055501, 68.47859159657358 ], [ 17.885624812034585, 68.478463841285858 ] ] ] ] } },
{ "type": "Feature", "properties": { "fid": 156152, "navn": null, "hoyde_moh": 493, "arealInnsjo_km2": 0.0101, "magasinKategori": null, "fid_2": 1092, "id": 1092, "left": 17.486919847, "top": 68.946110046000001, "right": 17.986919847, "bottom": 68.446110046000001, "row_index": 11, "col_index": 27, "tile_id": 1092 }, "geometry": { "type": "MultiPolygon", "coordinates": [ [ [ [ 17.954948892738656, 68.451452126887759 ], [ 17.954794674393622, 68.45138572163556 ], [ 17.95478477377927, 68.451020061077173 ], [ 17.954423245380191, 68.450867718359689 ], [ 17.954323862095233, 68.450654549617667 ], [ 17.954475235281276, 68.450424297331224 ], [ 17.954367017330188, 68.449935853256392 ], [ 17.953195740696657, 68.449360320685656 ], [ 17.952984011312687, 68.450303196531536 ], [ 17.953292002897552, 68.450608655919822 ], [ 17.953241502698585, 68.450904638665079 ], [ 17.953564552381934, 68.451243049002656 ], [ 17.954948892738656, 68.451452126887759 ] ] ] ] } },
{ "type": "Feature", "properties": { "fid": 156153, "navn": null, "hoyde_moh": 561, "arealInnsjo_km2": 0.0062, "magasinKategori": null, "fid_2": 1092, "id": 1092, "left": 17.486919847, "top": 68.946110046000001, "right": 17.986919847, "bottom": 68.446110046000001, "row_index": 11, "col_index": 27, "tile_id": 1092 }, "geometry": { "type": "MultiPolygon", "coordinates": [ [ [ [ 17.838269780469506, 68.472379155192741 ], [ 17.839397081362709, 68.472253231546574 ], [ 17.838326755945175, 68.472030965083221 ], [ 17.838511194696114, 68.471876490801321 ], [ 17.837008938029864, 68.471717728055069 ], [ 17.836959906381928, 68.472575309164043 ], [ 17.837525078164912, 68.472683066891136 ], [ 17.838269780469506, 68.472379155192741 ] ] ] ] } },
{ "type": "Feature", "properties": { "fid": 156154, "navn": "Svartvatnet", "hoyde_moh": 238, "arealInnsjo_km2": 0.0151, "magasinKategori": null, "fid_2": 1092, "id": 1092, "left": 17.486919847, "top": 68.946110046000001, "right": 17.986919847, "bottom": 68.446110046000001, "row_index": 11, "col_index": 27, "tile_id": 1092 }, "geometry": { "type": "MultiPolygon", "coordinates": [ [ [ [ 17.721004749592431, 68.474465959372907 ], [ 17.72097751977881, 68.474176829048616 ], [ 17.720751766213919, 68.473974490441748 ], [ 17.718474929123897, 68.473638030614637 ], [ 17.717962866985705, 68.473186575971582 ], [ 17.717127915354947, 68.473055868812125 ], [ 17.717223730418937, 68.473493071259838 ], [ 17.7175414310978, 68.473791673802438 ], [ 17.717440088769134, 68.474068886149723 ], [ 17.717702858049051, 68.474217489501427 ], [ 17.71877687985684, 68.474610190958984 ], [ 17.720417491147071, 68.474681856354451 ], [ 17.721004749592431, 68.474465959372907 ] ] ] ] } },
{ "type": "Feature", "properties": { "fid": 156155, "navn": null, "hoyde_moh": 758, "arealInnsjo_km2": 0.0053, "magasinKategori": null, "fid_2": 1092, "id": 1092, "left": 17.486919847, "top": 68.946110046000001, "right": 17.986919847, "bottom": 68.446110046000001, "row_index": 11, "col_index": 27, "tile_id": 1092 }, "geometry": { "type": "MultiPolygon", "coordinates": [ [ [ [ 17.901542773413709, 68.456232861206544 ], [ 17.901982131750689, 68.456287729231235 ], [ 17.901901196410872, 68.455689182898539 ], [ 17.90078661617121, 68.455644576958846 ], [ 17.899898030616122, 68.456141596180998 ], [ 17.900092119989907, 68.456356202000904 ], [ 17.900494523862093, 68.456248597618597 ], [ 17.901366322023534, 68.456393917936893 ], [ 17.901542773413709, 68.456232861206544 ] ] ] ] } },
{ "type": "Feature", "properties": { "fid": 156156, "navn": null, "hoyde_moh": 666, "arealInnsjo_km2": 0.0033, "magasinKategori": null, "fid_2": 1092, "id": 1092, "left": 17.486919847, "top": 68.946110046000001, "right": 17.986919847, "bottom": 68.446110046000001, "row_index": 11, "col_index": 27, "tile_id": 1092 }, "geometry": { "type": "MultiPolygon", "coordinates": [ [ [ [ 17.860383754793077, 68.460537872031097 ], [ 17.860164586801847, 68.460363690907187 ], [ 17.859121021518277, 68.460048911507911 ], [ 17.858896583090967, 68.460263881587878 ], [ 17.859221563397053, 68.460647127356523 ], [ 17.86040636156644, 68.460894321560033 ], [ 17.860383754793077, 68.460537872031097 ] ] ] ] } },
{ "type": "Feature", "properties": { "fid": 156158, "navn": null, "hoyde_moh": 351, "arealInnsjo_km2": 0.0082, "magasinKategori": null, "fid_2": 1092, "id": 1092, "left": 17.486919847, "top": 68.946110046000001, "right": 17.986919847, "bottom": 68.446110046000001, "row_index": 11, "col_index": 27, "tile_id": 1092 }, "geometry": { "type": "MultiPolygon", "coordinates": [ [ [ [ 17.738613715662542, 68.485393301323143 ], [ 17.738716338819017, 68.485293783312841 ], [ 17.738603926034912, 68.485215730612467 ], [ 17.734795862530202, 68.485093340552666 ], [ 17.738128861763087, 68.485704529671423 ], [ 17.740319163885054, 68.485782652436995 ], [ 17.738613715662542, 68.485393301323143 ] ] ] ] } },
{ "type": "Feature", "properties": { "fid": 156159, "navn": null, "hoyde_moh": 419, "arealInnsjo_km2": 0.003, "magasinKategori": null, "fid_2": 1092, "id": 1092, "left": 17.486919847, "top": 68.946110046000001, "right": 17.986919847, "bottom": 68.446110046000001, "row_index": 11, "col_index": 27, "tile_id": 1092 }, "geometry": { "type": "MultiPolygon", "coordinates": [ [ [ [ 17.713875602626786, 68.495577964369474 ], [ 17.713351357794206, 68.49537667388158 ], [ 17.713062944373622, 68.494935045631209 ], [ 17.712595204558571, 68.494814970709058 ], [ 17.71217542828493, 68.494914932004875 ], [ 17.71230035362413, 68.49497736043854 ], [ 17.712173927013101, 68.495069435684982 ], [ 17.712896774059004, 68.495592184418683 ], [ 17.713588953901585, 68.495712936128243 ], [ 17.713875602626786, 68.495577964369474 ] ] ] ] } },
{ "type": "Feature", "properties": { "fid": 156189, "navn": "Sølvsmeden", "hoyde_moh": 484, "arealInnsjo_km2": 0.0085, "magasinKategori": null, "fid_2": 1092, "id": 1092, "left": 17.486919847, "top": 68.946110046000001, "right": 17.986919847, "bottom": 68.446110046000001, "row_index": 11, "col_index": 27, "tile_id": 1092 }, "geometry": { "type": "MultiPolygon", "coordinates": [ [ [ [ 17.984156593968031, 68.468546631698715 ], [ 17.983930583228922, 68.468393368069954 ], [ 17.985537449401107, 68.46836177571771 ], [ 17.985859034775082, 68.46820423081877 ], [ 17.985170678970288, 68.46786995860775 ], [ 17.984822091324165, 68.468072871906529 ], [ 17.982946829947167, 68.46839652373923 ], [ 17.983319245127873, 68.468548079182 ], [ 17.983219382216085, 68.46874880358105 ], [ 17.982859547382031, 68.468711130523118 ], [ 17.982679484433685, 68.468450392035862 ], [ 17.982294259536918, 68.468436960823652 ], [ 17.981367766074214, 68.46862968432967 ], [ 17.979987253402097, 68.468628391593626 ], [ 17.979294101434238, 68.468830149475167 ], [ 17.984007706557904, 68.468860990040085 ], [ 17.984156593968031, 68.468546631698715 ] ] ] ] } },
{ "type": "Feature", "properties": { "fid": 156192, "navn": null, "hoyde_moh": 437, "arealInnsjo_km2": 0.0091, "magasinKategori": null, "fid_2": 1092, "id": 1092, "left": 17.486919847, "top": 68.946110046000001, "right": 17.986919847, "bottom": 68.446110046000001, "row_index": 11, "col_index": 27, "tile_id": 1092 }, "geometry": { "type": "MultiPolygon", "coordinates": [ [ [ [ 17.689485226562105, 68.487172194977731 ], [ 17.689224622743659, 68.486881243332462 ], [ 17.688537234653037, 68.486626756392681 ], [ 17.687534413240801, 68.486505949664419 ], [ 17.687259874740093, 68.486564206202402 ], [ 17.687260180896487, 68.486706560882524 ], [ 17.686645965216037, 68.486684629080699 ], [ 17.686402142759675, 68.486828471890917 ], [ 17.687415794909253, 68.487334182931562 ], [ 17.689365080950239, 68.487432452145754 ], [ 17.689485226562105, 68.487172194977731 ] ] ] ] } },
{ "type": "Feature", "properties": { "fid": 156193, "navn": null, "hoyde_moh": 270, "arealInnsjo_km2": 0.0136, "magasinKategori": null, "fid_2": 1092, "id": 1092, "left": 17.486919847, "top": 68.946110046000001, "right": 17.986919847, "bottom": 68.446110046000001, "row_index": 11, "col_index": 27, "tile_id": 1092 }, "geometry": { "type": "MultiPolygon", "coordinates": [ [ [ [ 17.792189990837869, 68.496400191664492 ], [ 17.791886225104562, 68.496179487600784 ], [ 17.792553635253693, 68.49578561456056 ], [ 17.791990917025803, 68.495864731420326 ], [ 17.791834706679861, 68.495792556946938 ], [ 17.791988293442163, 68.495633807665456 ], [ 17.791803066089329, 68.495599997415212 ], [ 17.791037379390627, 68.495891643909502 ], [ 17.790642171463695, 68.49587712546284 ], [ 17.789327359560325, 68.49553643451668 ], [ 17.78922046643606, 68.495661370789477 ], [ 17.789490264588657, 68.495805445721729 ], [ 17.78927811187026, 68.496011126501415 ], [ 17.787580699930793, 68.496391947021564 ], [ 17.789249050105543, 68.496680902537904 ], [ 17.792189990837869, 68.496400191664492 ] ] ] ] } },
{ "type": "Feature", "properties": { "fid": 156194, "navn": null, "hoyde_moh": 308, "arealInnsjo_km2": 0.0065, "magasinKategori": null, "fid_2": 1092, "id": 1092, "left": 17.486919847, "top": 68.946110046000001, "right": 17.986919847, "bottom": 68.446110046000001, "row_index": 11, "col_index": 27, "tile_id": 1092 }, "geometry": { "type": "MultiPolygon", "coordinates": [ [ [ [ 17.761440238902068, 68.497030567658584 ], [ 17.761581203927047, 68.496958859046472 ], [ 17.761587240324957, 68.496676182232491 ], [ 17.760849445044173, 68.4964630209018 ], [ 17.759881973576707, 68.496804607665581 ], [ 17.759271184685467, 68.4967737248097 ], [ 17.758552006551984, 68.497149278348942 ], [ 17.759244842295239, 68.49730888221093 ], [ 17.761440238902068, 68.497030567658584 ] ] ] ] } },
{ "type": "Feature", "properties": { "fid": 156195, "navn": null, "hoyde_moh": 417, "arealInnsjo_km2": 0.013, "magasinKategori": null, "fid_2": 1092, "id": 1092, "left": 17.486919847, "top": 68.946110046000001, "right": 17.986919847, "bottom": 68.446110046000001, "row_index": 11, "col_index": 27, "tile_id": 1092 }, "geometry": { "type": "MultiPolygon", "coordinates": [ [ [ [ 17.96980793875035, 68.493693229543084 ], [ 17.967507966894818, 68.492996080056429 ], [ 17.9640716552281, 68.493134964643502 ], [ 17.964265236434073, 68.493211802099452 ], [ 17.9641352444627, 68.493393831134668 ], [ 17.964377046962547, 68.493472688891401 ], [ 17.969560415994156, 68.49378496536248 ], [ 17.96980793875035, 68.493693229543084 ] ] ] ] } },
{ "type": "Feature", "properties": { "fid": 156196, "navn": null, "hoyde_moh": 728, "arealInnsjo_km2": 0.003, "magasinKategori": null, "fid_2": 1092, "id": 1092, "left": 17.486919847, "top": 68.946110046000001, "right": 17.986919847, "bottom": 68.446110046000001, "row_index": 11, "col_index": 27, "tile_id": 1092 }, "geometry": { "type": "MultiPolygon", "coordinates": [ [ [ [ 17.865862903651607, 68.454721349159129 ], [ 17.866463841638751, 68.454583678848167 ], [ 17.866287034367055, 68.454533651191056 ], [ 17.864901793070597, 68.454749645520877 ], [ 17.864887407662835, 68.454911837215136 ], [ 17.865348474153258, 68.455025317592003 ], [ 17.867328788371143, 68.455074277236491 ], [ 17.865862903651607, 68.454721349159129 ] ] ] ] } },
{ "type": "Feature", "properties": { "fid": 156197, "navn": null, "hoyde_moh": 525, "arealInnsjo_km2": 0.0033, "magasinKategori": null, "fid_2": 1092, "id": 1092, "left": 17.486919847, "top": 68.946110046000001, "right": 17.986919847, "bottom": 68.446110046000001, "row_index": 11, "col_index": 27, "tile_id": 1092 }, "geometry": { "type": "MultiPolygon", "coordinates": [ [ [ [ 17.966291871496541, 68.474444478664779 ], [ 17.967126791734561, 68.47427770524844 ], [ 17.966836601863417, 68.474067111767198 ], [ 17.967289721673179, 68.473941660945314 ], [ 17.966817560032094, 68.473933233710085 ], [ 17.964428881017835, 68.47455259085838 ], [ 17.965665485512659, 68.474412114694019 ], [ 17.966457109715655, 68.474578461863729 ], [ 17.966291871496541, 68.474444478664779 ] ] ] ] } },
{ "type": "Feature", "properties": { "fid": 156198, "navn": null, "hoyde_moh": 549, "arealInnsjo_km2": 0.0041, "magasinKategori": null, "fid_2": 1092, "id": 1092, "left": 17.486919847, "top": 68.946110046000001, "right": 17.986919847, "bottom": 68.446110046000001, "row_index": 11, "col_index": 27, "tile_id": 1092 }, "geometry": { "type": "MultiPolygon", "coordinates": [ [ [ [ 17.842912287096222, 68.483091024766253 ], [ 17.842936423016766, 68.482701826796131 ], [ 17.842549251566243, 68.482563146956224 ], [ 17.842831866295846, 68.482422803294199 ], [ 17.842055838981434, 68.482104716000762 ], [ 17.841256211361891, 68.482117912897493 ], [ 17.841443143419756, 68.482237458035897 ], [ 17.841321456001467, 68.482485038177558 ], [ 17.842075761033325, 68.48260905810298 ], [ 17.842207035117887, 68.482735111837272 ], [ 17.842068445127719, 68.482795811359381 ], [ 17.842637387751456, 68.483034284921729 ], [ 17.842195611789545, 68.483114668255354 ], [ 17.842912287096222, 68.483091024766253 ] ] ] ] } },
{ "type": "Feature", "properties": { "fid": 156199, "navn": null, "hoyde_moh": 474, "arealInnsjo_km2": 0.0173, "magasinKategori": null, "fid_2": 1092, "id": 1092, "left": 17.486919847, "top": 68.946110046000001, "right": 17.986919847, "bottom": 68.446110046000001, "row_index": 11, "col_index": 27, "tile_id": 1092 }, "geometry": { "type": "MultiPolygon", "coordinates": [ [ [ [ 17.918336395014336, 68.484396178952409 ], [ 17.917861316622453, 68.484037187456053 ], [ 17.918562443763651, 68.48383843287013 ], [ 17.918139680956802, 68.483240722358531 ], [ 17.917413632636993, 68.482744616629688 ], [ 17.918229909814734, 68.482958610491607 ], [ 17.918940641002539, 68.48295180114917 ], [ 17.919175757242733, 68.483300874341325 ], [ 17.919486003175976, 68.483440275188329 ], [ 17.920609572692456, 68.483110266122296 ], [ 17.920024533440344, 68.482999803613083 ], [ 17.919676231840128, 68.482503499951861 ], [ 17.918287782891106, 68.482471481382234 ], [ 17.917137973919655, 68.482062380970973 ], [ 17.916472870629388, 68.482126921175166 ], [ 17.916752005120177, 68.482773726577278 ], [ 17.91645740810743, 68.483003464775351 ], [ 17.917007680236654, 68.483072081859561 ], [ 17.916890086791522, 68.483331776898211 ], [ 17.917403621481011, 68.483682021839513 ], [ 17.917448099094088, 68.483990426205125 ], [ 17.917771024279613, 68.48418634611923 ], [ 17.917758034438155, 68.484460649476574 ], [ 17.91816116452738, 68.484593947440899 ], [ 17.918336395014336, 68.484396178952409 ] ] ] ] } },
{ "type": "Feature", "properties": { "fid": 156200, "navn": null, "hoyde_moh": 115, "arealInnsjo_km2": 0.0123, "magasinKategori": null, "fid_2": 1092, "id": 1092, "left": 17.486919847, "top": 68.946110046000001, "right": 17.986919847, "bottom": 68.446110046000001, "row_index": 11, "col_index": 27, "tile_id": 1092 }, "geometry": { "type": "MultiPolygon", "coordinates": [ [ [ [ 17.541135743362243, 68.490483590151229 ], [ 17.541386165051566, 68.490072678136784 ], [ 17.541172694838089, 68.489814284574948 ], [ 17.541245845562781, 68.489445011413522 ], [ 17.541108742941486, 68.489139327775618 ], [ 17.541283328435227, 68.488978268992 ], [ 17.541137737563339, 68.488679714723617 ], [ 17.540999060212297, 68.488929532979085 ], [ 17.539939049045202, 68.489217541599601 ], [ 17.539289782118523, 68.489694086726217 ], [ 17.539800519756486, 68.490327902433208 ], [ 17.539120266230579, 68.49047256268814 ], [ 17.540430851133021, 68.490709226789434 ], [ 17.541135743362243, 68.490483590151229 ] ] ] ] } },
{ "type": "Feature", "properties": { "fid": 156201, "navn": null, "hoyde_moh": 528, "arealInnsjo_km2": 0.0049, "magasinKategori": null, "fid_2": 1092, "id": 1092, "left": 17.486919847, "top": 68.946110046000001, "right": 17.986919847, "bottom": 68.446110046000001, "row_index": 11, "col_index": 27, "tile_id": 1092 }, "geometry": { "type": "MultiPolygon", "coordinates": [ [ [ [ 17.95016166409825, 68.472349760643354 ], [ 17.948971185335022, 68.471876865642074 ], [ 17.946487323753065, 68.471822351737842 ], [ 17.94803345641003, 68.472074623578322 ], [ 17.949243009265551, 68.472467110020801 ], [ 17.949999875301859, 68.472501635935515 ], [ 17.95016166409825, 68.472349760643354 ] ] ] ] } },
{ "type": "Feature", "properties": { "fid": 156202, "navn": null, "hoyde_moh": 517, "arealInnsjo_km2": 0.0059, "magasinKategori": null, "fid_2": 1092, "id": 1092, "left": 17.486919847, "top": 68.946110046000001, "right": 17.986919847, "bottom": 68.446110046000001, "row_index": 11, "col_index": 27, "tile_id": 1092 }, "geometry": { "type": "MultiPolygon", "coordinates": [ [ [ [ 17.625490714794211, 68.484280866473114 ], [ 17.625581861187378, 68.484000564443718 ], [ 17.625132901180219, 68.483690842940021 ], [ 17.624702726307572, 68.483873142578588 ], [ 17.623837624998082, 68.483927523384793 ], [ 17.622848591736304, 68.484426608575703 ], [ 17.623687781653526, 68.484546856571768 ], [ 17.625490714794211, 68.484280866473114 ] ] ] ] } },
{ "type": "Feature", "properties": { "fid": 156204, "navn": null, "hoyde_moh": 541, "arealInnsjo_km2": 0.0025, "magasinKategori": null, "fid_2": 1092, "id": 1092, "left": 17.486919847, "top": 68.946110046000001, "right": 17.986919847, "bottom": 68.446110046000001, "row_index": 11, "col_index": 27, "tile_id": 1092 }, "geometry": { "type": "MultiPolygon", "coordinates": [ [ [ [ 17.891399976927513, 68.480134870156633 ], [ 17.891419625802733, 68.480078244394761 ], [ 17.890892653408571, 68.479630576923654 ], [ 17.890040758727537, 68.479955070327392 ], [ 17.890624519455368, 68.480296279364438 ], [ 17.891399976927513, 68.480134870156633 ] ] ] ] } },
{ "type": "Feature", "properties": { "fid": 156206, "navn": null, "hoyde_moh": 552, "arealInnsjo_km2": 0.0068, "magasinKategori": null, "fid_2": 1092, "id": 1092, "left": 17.486919847, "top": 68.946110046000001, "right": 17.986919847, "bottom": 68.446110046000001, "row_index": 11, "col_index": 27, "tile_id": 1092 }, "geometry": { "type": "MultiPolygon", "coordinates": [ [ [ [ 17.956263132653202, 68.45745107204867 ], [ 17.956075218282784, 68.457160823311909 ], [ 17.956231010889145, 68.456958591691134 ], [ 17.955926632892034, 68.456678029817667 ], [ 17.955827340085278, 68.456342495810446 ], [ 17.955056523897831, 68.456178434891044 ], [ 17.954324827171391, 68.456560682301756 ], [ 17.954481596297562, 68.456857676639942 ], [ 17.955293524402517, 68.457106301658172 ], [ 17.9551583596472, 68.457354312844686 ], [ 17.956263132653202, 68.45745107204867 ] ] ] ] } },
{ "type": "Feature", "properties": { "fid": 156207, "navn": null, "hoyde_moh": 605, "arealInnsjo_km2": 0.0049, "magasinKategori": null, "fid_2": 1092, "id": 1092, "left": 17.486919847, "top": 68.946110046000001, "right": 17.986919847, "bottom": 68.446110046000001, "row_index": 11, "col_index": 27, "tile_id": 1092 }, "geometry": { "type": "MultiPolygon", "coordinates": [ [ [ [ 17.840816459665209, 68.459515486235588 ], [ 17.84122187458048, 68.459580962741882 ], [ 17.841668736846938, 68.459289980872398 ], [ 17.842226026323491, 68.459181957877192 ], [ 17.841505039257171, 68.458865817414591 ], [ 17.841224178890116, 68.458907028623983 ], [ 17.841521614209825, 68.459163030341358 ], [ 17.84138251571153, 68.459191333525851 ], [ 17.840201452932018, 68.459035599622524 ], [ 17.839313216584031, 68.459237379746696 ], [ 17.839522600795544, 68.459438143610441 ], [ 17.840441990511721, 68.45968279315656 ], [ 17.840816459665209, 68.459515486235588 ] ] ] ] } },
{ "type": "Feature", "properties": { "fid": 156233, "navn": null, "hoyde_moh": 522, "arealInnsjo_km2": 0.0041, "magasinKategori": null, "fid_2": 1092, "id": 1092, "left": 17.486919847, "top": 68.946110046000001, "right": 17.986919847, "bottom": 68.446110046000001, "row_index": 11, "col_index": 27, "tile_id": 1092 }, "geometry": { "type": "MultiPolygon", "coordinates": [ [ [ [ 17.946625606054553, 68.46881452553788 ], [ 17.94667282178516, 68.46864240452031 ], [ 17.945342345891287, 68.468512825068146 ], [ 17.944852759017206, 68.468264586268575 ], [ 17.944182591706483, 68.468290370451044 ], [ 17.944815646705194, 68.468716985478366 ], [ 17.945535688634287, 68.468837552778382 ], [ 17.94547051346342, 68.469010707298622 ], [ 17.945996945690457, 68.469110168163155 ], [ 17.946625606054553, 68.46881452553788 ] ] ] ] } },
{ "type": "Feature", "properties": { "fid": 156234, "navn": null, "hoyde_moh": 551, "arealInnsjo_km2": 0.0038, "magasinKategori": null, "fid_2": 1092, "id": 1092, "left": 17.486919847, "top": 68.946110046000001, "right": 17.986919847, "bottom": 68.446110046000001, "row_index": 11, "col_index": 27, "tile_id": 1092 }, "geometry": { "type": "MultiPolygon", "coordinates": [ [ [ [ 17.838479846255094, 68.470167108924429 ], [ 17.837391759507081, 68.470302866680925 ], [ 17.837166493981783, 68.470404618873374 ], [ 17.837288071619771, 68.47050094645364 ], [ 17.836737621179825, 68.470603536449588 ], [ 17.836884284852143, 68.47085886852021 ], [ 17.837805403618948, 68.471006738693447 ], [ 17.838479846255094, 68.470167108924429 ] ] ] ] } },
{ "type": "Feature", "properties": { "fid": 156237, "navn": null, "hoyde_moh": 267, "arealInnsjo_km2": 0.0019, "magasinKategori": null, "fid_2": 1092, "id": 1092, "left": 17.486919847, "top": 68.946110046000001, "right": 17.986919847, "bottom": 68.446110046000001, "row_index": 11, "col_index": 27, "tile_id": 1092 }, "geometry": { "type": "MultiPolygon", "coordinates": [ [ [ [ 17.771326741158617, 68.476776537380019 ], [ 17.771474820647487, 68.476610626934786 ], [ 17.769973341314767, 68.476276929625399 ], [ 17.770145175670098, 68.476408467272833 ], [ 17.769951423337471, 68.476475043619317 ], [ 17.770764889958468, 68.476813564482271 ], [ 17.771326741158617, 68.476776537380019 ] ] ] ] } },
{ "type": "Feature", "properties": { "fid": 156238, "navn": null, "hoyde_moh": 460, "arealInnsjo_km2": 0.0108, "magasinKategori": null, "fid_2": 1092, "id": 1092, "left": 17.486919847, "top": 68.946110046000001, "right": 17.986919847, "bottom": 68.446110046000001, "row_index": 11, "col_index": 27, "tile_id": 1092 }, "geometry": { "type": "MultiPolygon", "coordinates": [ [ [ [ 17.979169078656255, 68.473042367241476 ], [ 17.978496238509027, 68.472557235499451 ], [ 17.978513186862241, 68.47225923442798 ], [ 17.978227602186443, 68.472050821983643 ], [ 17.977948911278862, 68.471937360167942 ], [ 17.977487603961276, 68.472031475197639 ], [ 17.977769273230734, 68.472408738636688 ], [ 17.977137407977796, 68.472464406900698 ], [ 17.976905400336907, 68.472389884904487 ], [ 17.976785541951166, 68.472038473927086 ], [ 17.976125510213539, 68.472041670716791 ], [ 17.976578184975669, 68.472147376183997 ], [ 17.97668184893098, 68.472360998472325 ], [ 17.976383550665794, 68.472540374779385 ], [ 17.976744350171526, 68.472746466370452 ], [ 17.976506897877009, 68.472986977021236 ], [ 17.97685455670069, 68.473056123181081 ], [ 17.976972337330782, 68.473252526775042 ], [ 17.978313353350075, 68.473361923660079 ], [ 17.979169078656255, 68.473042367241476 ] ] ] ] } },
{ "type": "Feature", "properties": { "fid": 156239, "navn": null, "hoyde_moh": 758, "arealInnsjo_km2": 0.0132, "magasinKategori": null, "fid_2": 1092, "id": 1092, "left": 17.486919847, "top": 68.946110046000001, "right": 17.986919847, "bottom": 68.446110046000001, "row_index": 11, "col_index": 27, "tile_id": 1092 }, "geometry": { "type": "MultiPolygon", "coordinates": [ [ [ [ 17.889989500646617, 68.451960762154727 ], [ 17.890129439853656, 68.45159952890063 ], [ 17.89105286847705, 68.451434205625461 ], [ 17.890062829308523, 68.451181265123637 ], [ 17.890194518214447, 68.450707690104679 ], [ 17.888960962482631, 68.450536151062622 ], [ 17.888647173210256, 68.450314173839061 ], [ 17.888460005363235, 68.450380153557077 ], [ 17.888852232506871, 68.450965968880794 ], [ 17.887763437865789, 68.451236113005677 ], [ 17.887697983973872, 68.451488602476275 ], [ 17.88984194281862, 68.452214580181732 ], [ 17.890222105207513, 68.452216007789218 ], [ 17.889989500646617, 68.451960762154727 ] ] ] ] } },
{ "type": "Feature", "properties": { "fid": 156240, "navn": null, "hoyde_moh": 535, "arealInnsjo_km2": 0.0083, "magasinKategori": null, "fid_2": 1092, "id": 1092, "left": 17.486919847, "top": 68.946110046000001, "right": 17.986919847, "bottom": 68.446110046000001, "row_index": 11, "col_index": 27, "tile_id": 1092 }, "geometry": { "type": "MultiPolygon", "coordinates": [ [ [ [ 17.828230911580775, 68.479851437630558 ], [ 17.827983800752953, 68.479474991027558 ], [ 17.825277251424065, 68.479701249071155 ], [ 17.825471499710659, 68.479430466487926 ], [ 17.825350723326068, 68.479362034733398 ], [ 17.825098108235334, 68.479426078274344 ], [ 17.82510267993846, 68.479599522384575 ], [ 17.824580932656445, 68.479648352322741 ], [ 17.824644892020867, 68.479761010218638 ], [ 17.824436749304851, 68.479840551151199 ], [ 17.825903566907357, 68.480169871178987 ], [ 17.826971255770918, 68.48015797080113 ], [ 17.828230911580775, 68.479851437630558 ] ] ] ] } },
{ "type": "Feature", "properties": { "fid": 156241, "navn": null, "hoyde_moh": 446, "arealInnsjo_km2": 0.0047, "magasinKategori": null, "fid_2": 1092, "id": 1092, "left": 17.486919847, "top": 68.946110046000001, "right": 17.986919847, "bottom": 68.446110046000001, "row_index": 11, "col_index": 27, "tile_id": 1092 }, "geometry": { "type": "MultiPolygon", "coordinates": [ [ [ [ 17.698185792850524, 68.488244355397555 ], [ 17.698302013038404, 68.487679775151136 ], [ 17.697708646519889, 68.487505134175365 ], [ 17.697065284779168, 68.487601923845588 ], [ 17.696491916918283, 68.488031046075562 ], [ 17.69675482368725, 68.488207236706941 ], [ 17.698185792850524, 68.488244355397555 ] ] ] ] } },
{ "type": "Feature", "properties": { "fid": 156243, "navn": null, "hoyde_moh": 497, "arealInnsjo_km2": 0.0036, "magasinKategori": null, "fid_2": 1092, "id": 1092, "left": 17.486919847, "top": 68.946110046000001, "right": 17.986919847, "bottom": 68.446110046000001, "row_index": 11, "col_index": 27, "tile_id": 1092 }, "geometry": { "type": "MultiPolygon", "coordinates": [ [ [ [ 17.805170706135421, 68.455432903203061 ], [ 17.80591797485668, 68.455253237600772 ], [ 17.805563522435488, 68.455033951312444 ], [ 17.804183237971131, 68.45498902785333 ], [ 17.803827705479971, 68.455456472356659 ], [ 17.803958026599776, 68.455568024824416 ], [ 17.805170706135421, 68.455432903203061 ] ] ] ] } },
{ "type": "Feature", "properties": { "fid": 156244, "navn": null, "hoyde_moh": 488, "arealInnsjo_km2": 0.0103, "magasinKategori": null, "fid_2": 1092, "id": 1092, "left": 17.486919847, "top": 68.946110046000001, "right": 17.986919847, "bottom": 68.446110046000001, "row_index": 11, "col_index": 27, "tile_id": 1092 }, "geometry": { "type": "MultiPolygon", "coordinates": [ [ [ [ 17.800402947347909, 68.457407765313093 ], [ 17.801425214673809, 68.457375048627142 ], [ 17.800880994737955, 68.457122212404599 ], [ 17.800086336151708, 68.457172395120068 ], [ 17.800478848676189, 68.457028488919804 ], [ 17.800424791553613, 68.456911439565118 ], [ 17.798560214160091, 68.456666218024012 ], [ 17.797646280475977, 68.456764971294021 ], [ 17.797714282291729, 68.456870477806106 ], [ 17.797441172888838, 68.45717225683309 ], [ 17.797511002232891, 68.457367589103427 ], [ 17.79893976748658, 68.457588150348727 ], [ 17.800402947347909, 68.457407765313093 ] ] ] ] } },
{ "type": "Feature", "properties": { "fid": 156245, "navn": null, "hoyde_moh": 534, "arealInnsjo_km2": 0.0151, "magasinKategori": null, "fid_2": 1092, "id": 1092, "left": 17.486919847, "top": 68.946110046000001, "right": 17.986919847, "bottom": 68.446110046000001, "row_index": 11, "col_index": 27, "tile_id": 1092 }, "geometry": { "type": "MultiPolygon", "coordinates": [ [ [ [ 17.815855864444394, 68.469336551123106 ], [ 17.813062345906307, 68.468473956244253 ], [ 17.812033525775018, 68.468393112042463 ], [ 17.81097240722632, 68.46863811950935 ], [ 17.812270478629049, 68.468901256460697 ], [ 17.812660431327561, 68.469433044263056 ], [ 17.813836041678375, 68.469524615886925 ], [ 17.81471825807013, 68.469903516525349 ], [ 17.815066027287266, 68.46986437011536 ], [ 17.815855864444394, 68.469336551123106 ] ] ] ] } },
{ "type": "Feature", "properties": { "fid": 156246, "navn": null, "hoyde_moh": 512, "arealInnsjo_km2": 0.0044, "magasinKategori": null, "fid_2": 1092, "id": 1092, "left": 17.486919847, "top": 68.946110046000001, "right": 17.986919847, "bottom": 68.446110046000001, "row_index": 11, "col_index": 27, "tile_id": 1092 }, "geometry": { "type": "MultiPolygon", "coordinates": [ [ [ [ 17.890568022877961, 68.482469096491812 ], [ 17.891623946551295, 68.482295578989294 ], [ 17.891743077072654, 68.482051409788113 ], [ 17.891059162675301, 68.481973256320302 ], [ 17.890681385005141, 68.482248547846979 ], [ 17.889636331115859, 68.482447815907776 ], [ 17.889305298406601, 68.482629923278253 ], [ 17.889262262058956, 68.48287466390002 ], [ 17.889650921859314, 68.482986282973869 ], [ 17.890568022877961, 68.482469096491812 ] ] ] ] } },
{ "type": "Feature", "properties": { "fid": 156281, "navn": null, "hoyde_moh": 488, "arealInnsjo_km2": 0.004, "magasinKategori": null, "fid_2": 1092, "id": 1092, "left": 17.486919847, "top": 68.946110046000001, "right": 17.986919847, "bottom": 68.446110046000001, "row_index": 11, "col_index": 27, "tile_id": 1092 }, "geometry": { "type": "MultiPolygon", "coordinates": [ [ [ [ 17.812437059699494, 68.482045573783296 ], [ 17.812340570288971, 68.48195203959402 ], [ 17.813170302122799, 68.481797720708371 ], [ 17.813374424881033, 68.481599051324849 ], [ 17.812837175825557, 68.481596577558193 ], [ 17.81057019737132, 68.482249956835673 ], [ 17.810110092815968, 68.482515930260305 ], [ 17.810296149272549, 68.482588484623292 ], [ 17.812437059699494, 68.482045573783296 ] ] ] ] } },
{ "type": "Feature", "properties": { "fid": 156282, "navn": null, "hoyde_moh": 573, "arealInnsjo_km2": 0.0175, "magasinKategori": null, "fid_2": 1092, "id": 1092, "left": 17.486919847, "top": 68.946110046000001, "right": 17.986919847, "bottom": 68.446110046000001, "row_index": 11, "col_index": 27, "tile_id": 1092 }, "geometry": { "type": "MultiPolygon", "coordinates": [ [ [ [ 17.649454350803335, 68.490483774461865 ], [ 17.649504456340953, 68.490220799412612 ], [ 17.649154328969527, 68.490180015894538 ], [ 17.649289978083438, 68.490049967589698 ], [ 17.649183118118774, 68.489977156610891 ], [ 17.649564407357957, 68.489960451263968 ], [ 17.649799916262825, 68.48970181688604 ], [ 17.649495072738503, 68.489579985090884 ], [ 17.64943534249419, 68.489366855771749 ], [ 17.648867608848317, 68.489147121494739 ], [ 17.648822055529564, 68.488817082596441 ], [ 17.647998632691341, 68.488783862603682 ], [ 17.647733246632125, 68.489265476204807 ], [ 17.647019424529365, 68.489257717241912 ], [ 17.647027690933609, 68.489417984247552 ], [ 17.64628552393836, 68.489468922439613 ], [ 17.646307841179983, 68.489651048121559 ], [ 17.64675262630961, 68.489727503158576 ], [ 17.646947334815273, 68.490061650460888 ], [ 17.647691267134221, 68.490528405852857 ], [ 17.648248633390153, 68.490642842437595 ], [ 17.649454350803335, 68.490483774461865 ] ] ] ] } },
{ "type": "Feature", "properties": { "fid": 156283, "navn": null, "hoyde_moh": 509, "arealInnsjo_km2": 0.0056, "magasinKategori": null, "fid_2": 1092, "id": 1092, "left": 17.486919847, "top": 68.946110046000001, "right": 17.986919847, "bottom": 68.446110046000001, "row_index": 11, "col_index": 27, "tile_id": 1092 }, "geometry": { "type": "MultiPolygon", "coordinates": [ [ [ [ 17.930833372168316, 68.488922691381731 ], [ 17.931460942220657, 68.488824010386466 ], [ 17.931700697220556, 68.488543583853655 ], [ 17.932719865205641, 68.488320625358085 ], [ 17.932550667710561, 68.488179856984871 ], [ 17.931351125855635, 68.488115549987313 ], [ 17.930487332434943, 68.488493516860871 ], [ 17.930278742818178, 68.488716390379494 ], [ 17.930388126260983, 68.488884510093854 ], [ 17.929960139634691, 68.488877536614282 ], [ 17.930186168000198, 68.489086888866723 ], [ 17.93080565853613, 68.489040869327539 ], [ 17.930833372168316, 68.488922691381731 ] ] ] ] } },
{ "type": "Feature", "properties": { "fid": 156284, "navn": null, "hoyde_moh": 565, "arealInnsjo_km2": 0.0039, "magasinKategori": null, "fid_2": 1092, "id": 1092, "left": 17.486919847, "top": 68.946110046000001, "right": 17.986919847, "bottom": 68.446110046000001, "row_index": 11, "col_index": 27, "tile_id": 1092 }, "geometry": { "type": "MultiPolygon", "coordinates": [ [ [ [ 17.951069078775152, 68.458610743609569 ], [ 17.949861580378489, 68.458307211434374 ], [ 17.949010360497834, 68.458289166424962 ], [ 17.948703607843655, 68.458493868854049 ], [ 17.948924765694109, 68.458661265470624 ], [ 17.950276000118553, 68.458883090581409 ], [ 17.951069078775152, 68.458610743609569 ] ] ] ] } },
{ "type": "Feature", "properties": { "fid": 156285, "navn": null, "hoyde_moh": 504, "arealInnsjo_km2": 0.0038, "magasinKategori": null, "fid_2": 1092, "id": 1092, "left": 17.486919847, "top": 68.946110046000001, "right": 17.986919847, "bottom": 68.446110046000001, "row_index": 11, "col_index": 27, "tile_id": 1092 }, "geometry": { "type": "MultiPolygon", "coordinates": [ [ [ [ 17.868008280395419, 68.482264579215553 ], [ 17.867956462680581, 68.481931520577888 ], [ 17.867470545655866, 68.481694132937619 ], [ 17.866027192037933, 68.48164044939287 ], [ 17.867082302571301, 68.482195497758951 ], [ 17.867116711825556, 68.482404971407476 ], [ 17.868008280395419, 68.482264579215553 ] ] ] ] } },
{ "type": "Feature", "properties": { "fid": 156286, "navn": null, "hoyde_moh": 554, "arealInnsjo_km2": 0.0035, "magasinKategori": null, "fid_2": 1092, "id": 1092, "left": 17.486919847, "top": 68.946110046000001, "right": 17.986919847, "bottom": 68.446110046000001, "row_index": 11, "col_index": 27, "tile_id": 1092 }, "geometry": { "type": "MultiPolygon", "coordinates": [ [ [ [ 17.974669561078993, 68.462899272675827 ], [ 17.975408178336128, 68.462906711640855 ], [ 17.975438994293622, 68.462682261188363 ], [ 17.974762679210016, 68.462362729675817 ], [ 17.974083879983894, 68.4623715528123 ], [ 17.973852940579601, 68.462620115148425 ], [ 17.974298246074881, 68.462866365322242 ], [ 17.974175369486975, 68.462996568780667 ], [ 17.974350723784887, 68.463111151949192 ], [ 17.974669561078993, 68.462899272675827 ] ] ] ] } },
{ "type": "Feature", "properties": { "fid": 156287, "navn": null, "hoyde_moh": 561, "arealInnsjo_km2": 0.0063, "magasinKategori": null, "fid_2": 1092, "id": 1092, "left": 17.486919847, "top": 68.946110046000001, "right": 17.986919847, "bottom": 68.446110046000001, "row_index": 11, "col_index": 27, "tile_id": 1092 }, "geometry": { "type": "MultiPolygon", "coordinates": [ [ [ [ 17.948022088490553, 68.463499874553619 ], [ 17.947896865203255, 68.463390218848389 ], [ 17.948149220328244, 68.463284959806217 ], [ 17.947533960066007, 68.463076647489729 ], [ 17.948216971471467, 68.462933195686844 ], [ 17.948003332251304, 68.462673825453237 ], [ 17.947028088226425, 68.462603367696289 ], [ 17.946068636751523, 68.463076034192994 ], [ 17.946559277189248, 68.463379999794199 ], [ 17.948022088490553, 68.463499874553619 ] ] ] ] } },
{ "type": "Feature", "properties": { "fid": 156288, "navn": null, "hoyde_moh": 570, "arealInnsjo_km2": 0.0074, "magasinKategori": null, "fid_2": 1092, "id": 1092, "left": 17.486919847, "top": 68.946110046000001, "right": 17.986919847, "bottom": 68.446110046000001, "row_index": 11, "col_index": 27, "tile_id": 1092 }, "geometry": { "type": "MultiPolygon", "coordinates": [ [ [ [ 17.847091933623595, 68.473421529507732 ], [ 17.847909849740354, 68.473282402433924 ], [ 17.848231889300969, 68.472907169570931 ], [ 17.84805881336089, 68.472604357653566 ], [ 17.847291728455993, 68.472620984927332 ], [ 17.847319543428775, 68.472876713352434 ], [ 17.846953594185393, 68.472942268746735 ], [ 17.846859871880334, 68.473121873208015 ], [ 17.845574394004135, 68.473216510781754 ], [ 17.845237953448464, 68.473384526202565 ], [ 17.845618261338437, 68.473615417501392 ], [ 17.846810606519625, 68.473869858316689 ], [ 17.847091933623595, 68.473421529507732 ] ] ] ] } },
{ "type": "Feature", "properties": { "fid": 156289, "navn": null, "hoyde_moh": 507, "arealInnsjo_km2": 0.0109, "magasinKategori": null, "fid_2": 1092, "id": 1092, "left": 17.486919847, "top": 68.946110046000001, "right": 17.986919847, "bottom": 68.446110046000001, "row_index": 11, "col_index": 27, "tile_id": 1092 }, "geometry": { "type": "MultiPolygon", "coordinates": [ [ [ [ 17.810634988961496, 68.481157124546257 ], [ 17.810511201736016, 68.480773291966301 ], [ 17.809947897584848, 68.480492340212024 ], [ 17.808728029294045, 68.480564491839516 ], [ 17.807876116467305, 68.480239177318211 ], [ 17.807513514839847, 68.480329542325435 ], [ 17.80766330638523, 68.480171467362467 ], [ 17.807024202705577, 68.480163590010449 ], [ 17.806591579540953, 68.480400817079726 ], [ 17.806971786000396, 68.480593822326881 ], [ 17.808026329058155, 68.480599947247754 ], [ 17.808311441239685, 68.480958187700296 ], [ 17.808213718976948, 68.481159466397798 ], [ 17.808446249050867, 68.481340490232299 ], [ 17.809637390762013, 68.481410564750149 ], [ 17.810634988961496, 68.481157124546257 ] ] ] ] } },
{ "type": "Feature", "properties": { "fid": 156290, "navn": null, "hoyde_moh": 550, "arealInnsjo_km2": 0.0036, "magasinKategori": null, "fid_2": 1092, "id": 1092, "left": 17.486919847, "top": 68.946110046000001, "right": 17.986919847, "bottom": 68.446110046000001, "row_index": 11, "col_index": 27, "tile_id": 1092 }, "geometry": { "type": "MultiPolygon", "coordinates": [ [ [ [ 17.881815302524778, 68.479902078903123 ], [ 17.882635564136979, 68.479495493884457 ], [ 17.882549005830523, 68.479386205092922 ], [ 17.882131398268001, 68.479472385531849 ], [ 17.8808247819087, 68.479959234869071 ], [ 17.880438988394278, 68.479892343142936 ], [ 17.880535890425715, 68.479795161441643 ], [ 17.87958283666736, 68.479965944529411 ], [ 17.87958490190875, 68.480143296368908 ], [ 17.879089441343368, 68.480267253386955 ], [ 17.879807167173574, 68.480312196787352 ], [ 17.881815302524778, 68.479902078903123 ] ] ] ] } },
{ "type": "Feature", "properties": { "fid": 156291, "navn": null, "hoyde_moh": 474, "arealInnsjo_km2": 0.0241, "magasinKategori": null, "fid_2": 1092, "id": 1092, "left": 17.486919847, "top": 68.946110046000001, "right": 17.986919847, "bottom": 68.446110046000001, "row_index": 11, "col_index": 27, "tile_id": 1092 }, "geometry": { "type": "MultiPolygon", "coordinates": [ [ [ [ 17.811625317548366, 68.487085425567358 ], [ 17.811535058097004, 68.486822036862606 ], [ 17.811874497625148, 68.486837618927098 ], [ 17.811681180940294, 68.486612763187594 ], [ 17.812572399278185, 68.486683721323885 ], [ 17.813050233106487, 68.486547876104041 ], [ 17.812555915659555, 68.486327443169543 ], [ 17.810042490555237, 68.485835297679131 ], [ 17.809879171358507, 68.486158054070287 ], [ 17.808674048680789, 68.486160474269994 ], [ 17.806905646459558, 68.485678241481494 ], [ 17.805988061155407, 68.485577623514985 ], [ 17.805663907853607, 68.485679009292397 ], [ 17.806356105579333, 68.485857100582848 ], [ 17.806402717718601, 68.486261796485621 ], [ 17.807939038232405, 68.486891369533609 ], [ 17.809242023588546, 68.486765052942744 ], [ 17.810178555991595, 68.487121620900723 ], [ 17.811341600405733, 68.487232643519533 ], [ 17.811625317548366, 68.487085425567358 ] ] ] ] } },
{ "type": "Feature", "properties": { "fid": 156320, "navn": null, "hoyde_moh": 528, "arealInnsjo_km2": 0.0081, "magasinKategori": null, "fid_2": 1092, "id": 1092, "left": 17.486919847, "top": 68.946110046000001, "right": 17.986919847, "bottom": 68.446110046000001, "row_index": 11, "col_index": 27, "tile_id": 1092 }, "geometry": { "type": "MultiPolygon", "coordinates": [ [ [ [ 17.929111327629695, 68.477237219762245 ], [ 17.928928243367533, 68.477045071937241 ], [ 17.929448864782945, 68.476619870116565 ], [ 17.928155079305615, 68.476000779036255 ], [ 17.927910213157812, 68.476003351892743 ], [ 17.927292765440136, 68.476420993470612 ], [ 17.927559118555635, 68.476939003149226 ], [ 17.928622128288453, 68.477371183585191 ], [ 17.929111327629695, 68.477237219762245 ] ] ] ] } },
{ "type": "Feature", "properties": { "fid": 156321, "navn": null, "hoyde_moh": 347, "arealInnsjo_km2": 0.0046, "magasinKategori": null, "fid_2": 1092, "id": 1092, "left": 17.486919847, "top": 68.946110046000001, "right": 17.986919847, "bottom": 68.446110046000001, "row_index": 11, "col_index": 27, "tile_id": 1092 }, "geometry": { "type": "MultiPolygon", "coordinates": [ [ [ [ 17.746185292960345, 68.483362962745773 ], [ 17.745648662591321, 68.483257035211949 ], [ 17.74538086290266, 68.482960803752945 ], [ 17.74438665545641, 68.48305526682249 ], [ 17.74408527857571, 68.48338631034008 ], [ 17.744332371852, 68.483548417285121 ], [ 17.74578242218054, 68.483723857888251 ], [ 17.746027614589277, 68.483723342471222 ], [ 17.746185292960345, 68.483362962745773 ] ] ] ] } },
{ "type": "Feature", "properties": { "fid": 156322, "navn": null, "hoyde_moh": 477, "arealInnsjo_km2": 0.003, "magasinKategori": null, "fid_2": 1092, "id": 1092, "left": 17.486919847, "top": 68.946110046000001, "right": 17.986919847, "bottom": 68.446110046000001, "row_index": 11, "col_index": 27, "tile_id": 1092 }, "geometry": { "type": "MultiPolygon", "coordinates": [ [ [ [ 17.917995625431494, 68.480762439645503 ], [ 17.918285917373442, 68.480285807048915 ], [ 17.91780616391927, 68.480223149277521 ], [ 17.917664918377483, 68.480023080023642 ], [ 17.917769290295162, 68.479888398807802 ], [ 17.917419875443098, 68.479950769200428 ], [ 17.917210806970598, 68.480168427389316 ], [ 17.917373411962668, 68.480371087698344 ], [ 17.917306974199839, 68.480572348366408 ], [ 17.916707810227901, 68.480866997819234 ], [ 17.917995625431494, 68.480762439645503 ] ] ] ] } },
{ "type": "Feature", "properties": { "fid": 156324, "navn": null, "hoyde_moh": 535, "arealInnsjo_km2": 0.0065, "magasinKategori": null, "fid_2": 1092, "id": 1092, "left": 17.486919847, "top": 68.946110046000001, "right": 17.986919847, "bottom": 68.446110046000001, "row_index": 11, "col_index": 27, "tile_id": 1092 }, "geometry": { "type": "MultiPolygon", "coordinates": [ [ [ [ 17.958045274978062, 68.479666888889795 ], [ 17.95840049899083, 68.479550733555413 ], [ 17.958330586190169, 68.479201663585116 ], [ 17.957776671891942, 68.478778722536362 ], [ 17.957028798096104, 68.47877540142207 ], [ 17.957269987171355, 68.479037778688507 ], [ 17.957196919866941, 68.479350050174091 ], [ 17.957531306322821, 68.479506194254554 ], [ 17.956870192576524, 68.47966715621142 ], [ 17.95670596346816, 68.479873305176994 ], [ 17.957001632780951, 68.4798998692509 ], [ 17.956817097359689, 68.48002746398997 ], [ 17.957549077621081, 68.480178029575455 ], [ 17.958045274978062, 68.479666888889795 ] ] ] ] } },
{ "type": "Feature", "properties": { "fid": 156325, "navn": null, "hoyde_moh": 440, "arealInnsjo_km2": 0.003, "magasinKategori": null, "fid_2": 1092, "id": 1092, "left": 17.486919847, "top": 68.946110046000001, "right": 17.986919847, "bottom": 68.446110046000001, "row_index": 11, "col_index": 27, "tile_id": 1092 }, "geometry": { "type": "MultiPolygon", "coordinates": [ [ [ [ 17.82801695601783, 68.4908308819913 ], [ 17.828420716743711, 68.490515718994146 ], [ 17.826640877275935, 68.490624548784922 ], [ 17.826906968478539, 68.490717999561454 ], [ 17.826788935238945, 68.491021788847306 ], [ 17.82801695601783, 68.4908308819913 ] ] ] ] } },
{ "type": "Feature", "properties": { "fid": 156326, "navn": "Sætertjønna", "hoyde_moh": 297, "arealInnsjo_km2": 0.0206, "magasinKategori": null, "fid_2": 1092, "id": 1092, "left": 17.486919847, "top": 68.946110046000001, "right": 17.986919847, "bottom": 68.446110046000001, "row_index": 11, "col_index": 27, "tile_id": 1092 }, "geometry": { "type": "MultiPolygon", "coordinates": [ [ [ [ 17.767176253344193, 68.496491695685535 ], [ 17.767256668472598, 68.496021978107123 ], [ 17.767705952973213, 68.495817172403548 ], [ 17.767341356974189, 68.495583158642376 ], [ 17.767675035929241, 68.495558981441576 ], [ 17.767727454033096, 68.495419789367929 ], [ 17.76705301929314, 68.495300580175638 ], [ 17.767633553319115, 68.495250517209044 ], [ 17.768025389872477, 68.49501030378606 ], [ 17.765251134014836, 68.495036590753941 ], [ 17.76418852968002, 68.495521330961068 ], [ 17.764277519642494, 68.496068323916091 ], [ 17.766392749360147, 68.496650667467748 ], [ 17.767176253344193, 68.496491695685535 ] ] ] ] } },
{ "type": "Feature", "properties": { "fid": 156327, "navn": null, "hoyde_moh": 272, "arealInnsjo_km2": 0.0145, "magasinKategori": null, "fid_2": 1092, "id": 1092, "left": 17.486919847, "top": 68.946110046000001, "right": 17.986919847, "bottom": 68.446110046000001, "row_index": 11, "col_index": 27, "tile_id": 1092 }, "geometry": { "type": "MultiPolygon", "coordinates": [ [ [ [ 17.798804282404543, 68.498120994255004 ], [ 17.797901614613757, 68.497889825962346 ], [ 17.797792527209754, 68.497720371917922 ], [ 17.798156583833357, 68.497530637173185 ], [ 17.797320595765569, 68.497400956356245 ], [ 17.79713632189393, 68.497270367941184 ], [ 17.797222511007615, 68.496984551532492 ], [ 17.796851110522439, 68.496623243047111 ], [ 17.795960183989031, 68.496458565759468 ], [ 17.796000554612711, 68.496316331713359 ], [ 17.795498860287665, 68.496125593795171 ], [ 17.793891860106015, 68.496291239883163 ], [ 17.796491497193191, 68.496791536618645 ], [ 17.795807875759355, 68.497014691817796 ], [ 17.795770031765255, 68.49718524971604 ], [ 17.796698676538192, 68.497393464353237 ], [ 17.79667039475202, 68.497568082093366 ], [ 17.796175345724361, 68.497776963072965 ], [ 17.796204797364656, 68.497929792451302 ], [ 17.797075607137064, 68.498318681329522 ], [ 17.798358593050281, 68.498404282149721 ], [ 17.798804282404543, 68.498120994255004 ] ] ] ] } },
{ "type": "Feature", "properties": { "fid": 156329, "navn": null, "hoyde_moh": 442, "arealInnsjo_km2": 0.0044, "magasinKategori": null, "fid_2": 1092, "id": 1092, "left": 17.486919847, "top": 68.946110046000001, "right": 17.986919847, "bottom": 68.446110046000001, "row_index": 11, "col_index": 27, "tile_id": 1092 }, "geometry": { "type": "MultiPolygon", "coordinates": [ [ [ [ 17.692907962784325, 68.485699401088198 ], [ 17.692681341482626, 68.48557683772988 ], [ 17.693328292461572, 68.485368972959606 ], [ 17.692803463081479, 68.485284321748736 ], [ 17.69255356287621, 68.485444428754775 ], [ 17.691590705450796, 68.485552073369576 ], [ 17.69141395192241, 68.485804893550267 ], [ 17.69087601780344, 68.485805270166097 ], [ 17.692180656886492, 68.486170834292878 ], [ 17.692907962784325, 68.485699401088198 ] ] ] ] } },
{ "type": "Feature", "properties": { "fid": 156330, "navn": null, "hoyde_moh": 437, "arealInnsjo_km2": 0.005, "magasinKategori": null, "fid_2": 1092, "id": 1092, "left": 17.486919847, "top": 68.946110046000001, "right": 17.986919847, "bottom": 68.446110046000001, "row_index": 11, "col_index": 27, "tile_id": 1092 }, "geometry": { "type": "MultiPolygon", "coordinates": [ [ [ [ 17.693389721488572, 68.491476993133944 ], [ 17.691533600553889, 68.491147663531109 ], [ 17.691210858411459, 68.491251310446543 ], [ 17.691084559532815, 68.491377834851534 ], [ 17.691191302325393, 68.49149155361205 ], [ 17.691016368304247, 68.491558898556349 ], [ 17.692523378640896, 68.491875169723016 ], [ 17.693389721488572, 68.491476993133944 ] ] ] ] } },
{ "type": "Feature", "properties": { "fid": 156331, "navn": null, "hoyde_moh": 572, "arealInnsjo_km2": 0.004, "magasinKategori": null, "fid_2": 1092, "id": 1092, "left": 17.486919847, "top": 68.946110046000001, "right": 17.986919847, "bottom": 68.446110046000001, "row_index": 11, "col_index": 27, "tile_id": 1092 }, "geometry": { "type": "MultiPolygon", "coordinates": [ [ [ [ 17.649513160889029, 68.492404835184033 ], [ 17.649814080764731, 68.492157285101243 ], [ 17.650240889291798, 68.492217589991625 ], [ 17.650448481896742, 68.491829336605022 ], [ 17.648607918505157, 68.492092235699346 ], [ 17.648221138402221, 68.49257136859778 ], [ 17.648499808108596, 68.492665791487312 ], [ 17.649513160889029, 68.492404835184033 ] ] ] ] } },
{ "type": "Feature", "properties": { "fid": 156332, "navn": null, "hoyde_moh": 63, "arealInnsjo_km2": 0.0046, "magasinKategori": null, "fid_2": 1092, "id": 1092, "left": 17.486919847, "top": 68.946110046000001, "right": 17.986919847, "bottom": 68.446110046000001, "row_index": 11, "col_index": 27, "tile_id": 1092 }, "geometry": { "type": "MultiPolygon", "coordinates": [ [ [ [ 17.737084253542399, 68.460733733307123 ], [ 17.737308513133385, 68.460308002512974 ], [ 17.736490343860506, 68.460605830661009 ], [ 17.734619647617265, 68.460833502315595 ], [ 17.735400030790348, 68.461160153508288 ], [ 17.735960048591803, 68.4611754225824 ], [ 17.737084253542399, 68.460733733307123 ] ] ] ] } },
{ "type": "Feature", "properties": { "fid": 156333, "navn": null, "hoyde_moh": 570, "arealInnsjo_km2": 0.0026, "magasinKategori": null, "fid_2": 1092, "id": 1092, "left": 17.486919847, "top": 68.946110046000001, "right": 17.986919847, "bottom": 68.446110046000001, "row_index": 11, "col_index": 27, "tile_id": 1092 }, "geometry": { "type": "MultiPolygon", "coordinates": [ [ [ [ 17.838154266238945, 68.462255657459679 ], [ 17.838186555609912, 68.461858871329454 ], [ 17.83758120830143, 68.461771459522183 ], [ 17.837109441632428, 68.461997140173636 ], [ 17.837225165540598, 68.462130910128465 ], [ 17.836508850296855, 68.4623040871451 ], [ 17.838154266238945, 68.462255657459679 ] ] ] ] } },
{ "type": "Feature", "properties": { "fid": 156366, "navn": null, "hoyde_moh": 540, "arealInnsjo_km2": 0.004, "magasinKategori": null, "fid_2": 1092, "id": 1092, "left": 17.486919847, "top": 68.946110046000001, "right": 17.986919847, "bottom": 68.446110046000001, "row_index": 11, "col_index": 27, "tile_id": 1092 }, "geometry": { "type": "MultiPolygon", "coordinates": [ [ [ [ 17.94387821942712, 68.482709226355198 ], [ 17.943283130704856, 68.48261446121677 ], [ 17.942426033806012, 68.48260895115061 ], [ 17.941925719264198, 68.482774300064605 ], [ 17.941393712774182, 68.482632456563294 ], [ 17.941055769098288, 68.482846663420844 ], [ 17.941262217846525, 68.482967288744604 ], [ 17.941906773248579, 68.482848517028273 ], [ 17.943929832428811, 68.483041473538222 ], [ 17.94387821942712, 68.482709226355198 ] ] ] ] } },
{ "type": "Feature", "properties": { "fid": 156367, "navn": "Lille-Rundvatnet", "hoyde_moh": 436, "arealInnsjo_km2": 0.0234, "magasinKategori": null, "fid_2": 1092, "id": 1092, "left": 17.486919847, "top": 68.946110046000001, "right": 17.986919847, "bottom": 68.446110046000001, "row_index": 11, "col_index": 27, "tile_id": 1092 }, "geometry": { "type": "MultiPolygon", "coordinates": [ [ [ [ 17.703056478577754, 68.49767679560145 ], [ 17.701172224472479, 68.497099469722201 ], [ 17.700346533590295, 68.49713044783077 ], [ 17.700536918512586, 68.497042827978404 ], [ 17.700386333660322, 68.496982509653421 ], [ 17.700147254097061, 68.497065976402197 ], [ 17.700162382246198, 68.497210875996942 ], [ 17.699444692815586, 68.497220273800053 ], [ 17.698967813599836, 68.49678201693969 ], [ 17.700029645918605, 68.496769953742955 ], [ 17.69928731328444, 68.496260033261478 ], [ 17.698863951860528, 68.496158774299559 ], [ 17.698111857808311, 68.496266918604718 ], [ 17.697404378324219, 68.496857074474605 ], [ 17.696875664187207, 68.496971673458106 ], [ 17.698157010769414, 68.497432901094427 ], [ 17.69827126379661, 68.497696934185086 ], [ 17.698169398652848, 68.497790397964749 ], [ 17.698453444548136, 68.497902876428967 ], [ 17.699444294718585, 68.49792696626001 ], [ 17.699731883511205, 68.497741649339304 ], [ 17.702004264822559, 68.49799444788728 ], [ 17.70300519426085, 68.497945289056275 ], [ 17.703056478577754, 68.49767679560145 ] ] ] ] } },
{ "type": "Feature", "properties": { "fid": 156368, "navn": null, "hoyde_moh": 529, "arealInnsjo_km2": 0.0052, "magasinKategori": null, "fid_2": 1092, "id": 1092, "left": 17.486919847, "top": 68.946110046000001, "right": 17.986919847, "bottom": 68.446110046000001, "row_index": 11, "col_index": 27, "tile_id": 1092 }, "geometry": { "type": "MultiPolygon", "coordinates": [ [ [ [ 17.934248517456854, 68.486441031366354 ], [ 17.934332256370887, 68.486270431327839 ], [ 17.933661657322727, 68.485988248020618 ], [ 17.932567246408276, 68.485992494314615 ], [ 17.932304188720298, 68.486083727778393 ], [ 17.932197624671094, 68.486508157613073 ], [ 17.931837593616223, 68.486679548749947 ], [ 17.934248517456854, 68.486441031366354 ] ] ] ] } },
{ "type": "Feature", "properties": { "fid": 156369, "navn": null, "hoyde_moh": 399, "arealInnsjo_km2": 0.0122, "magasinKategori": null, "fid_2": 1092, "id": 1092, "left": 17.486919847, "top": 68.946110046000001, "right": 17.986919847, "bottom": 68.446110046000001, "row_index": 11, "col_index": 27, "tile_id": 1092 }, "geometry": { "type": "MultiPolygon", "coordinates": [ [ [ [ 17.957943829355344, 68.495742610920303 ], [ 17.957716540295404, 68.495669951722192 ], [ 17.957982414985871, 68.495603855794798 ], [ 17.95784703541656, 68.49552302195751 ], [ 17.958073405590696, 68.495372066712875 ], [ 17.959051144046441, 68.49511628338584 ], [ 17.958637096260539, 68.494805963680861 ], [ 17.956864288291079, 68.494791806623397 ], [ 17.95552134543129, 68.495403509054881 ], [ 17.955257895256647, 68.495676939013137 ], [ 17.955376602436626, 68.495959434442767 ], [ 17.957943829355344, 68.495742610920303 ] ] ] ] } },
{ "type": "Feature", "properties": { "fid": 156370, "navn": null, "hoyde_moh": 311, "arealInnsjo_km2": 0.0076, "magasinKategori": null, "fid_2": 1092, "id": 1092, "left": 17.486919847, "top": 68.946110046000001, "right": 17.986919847, "bottom": 68.446110046000001, "row_index": 11, "col_index": 27, "tile_id": 1092 }, "geometry": { "type": "MultiPolygon", "coordinates": [ [ [ [ 17.754046907544726, 68.499232942437843 ], [ 17.753884002609041, 68.499002770115027 ], [ 17.753423484170341, 68.49881608174914 ], [ 17.752837257855571, 68.498824447151051 ], [ 17.752710225442282, 68.499010726856625 ], [ 17.752195206181973, 68.499065316515896 ], [ 17.751554486900396, 68.498807345384606 ], [ 17.750410981560371, 68.498710215128227 ], [ 17.751348112375243, 68.499352543321436 ], [ 17.752997947065342, 68.499520081047464 ], [ 17.754046907544726, 68.499232942437843 ] ] ] ] } },
{ "type": "Feature", "properties": { "fid": 156371, "navn": null, "hoyde_moh": 549, "arealInnsjo_km2": 0.0144, "magasinKategori": null, "fid_2": 1092, "id": 1092, "left": 17.486919847, "top": 68.946110046000001, "right": 17.986919847, "bottom": 68.446110046000001, "row_index": 11, "col_index": 27, "tile_id": 1092 }, "geometry": { "type": "MultiPolygon", "coordinates": [ [ [ [ 17.842358315241487, 68.477519942968783 ], [ 17.844034408282862, 68.477395724659331 ], [ 17.844203797900978, 68.477308108171911 ], [ 17.843782157279193, 68.477190125534406 ], [ 17.844116303971965, 68.477065511370839 ], [ 17.845553114545513, 68.477206027043437 ], [ 17.845915306856714, 68.477133358058495 ], [ 17.846047385383081, 68.476953372468714 ], [ 17.847129843693324, 68.476784353731844 ], [ 17.846151088754141, 68.47652287445149 ], [ 17.844561173623148, 68.476736857532345 ], [ 17.842248654862964, 68.476782197644567 ], [ 17.84164110425202, 68.476999417469628 ], [ 17.84114394859607, 68.477431734471267 ], [ 17.842044443396009, 68.47767176858369 ], [ 17.842358315241487, 68.477519942968783 ] ] ] ] } },
{ "type": "Feature", "properties": { "fid": 156410, "navn": "Bakkevatnet", "hoyde_moh": 291, "arealInnsjo_km2": 0.0236, "magasinKategori": null, "fid_2": 1092, "id": 1092, "left": 17.486919847, "top": 68.946110046000001, "right": 17.986919847, "bottom": 68.446110046000001, "row_index": 11, "col_index": 27, "tile_id": 1092 }, "geometry": { "type": "MultiPolygon", "coordinates": [ [ [ [ 17.760540706232732, 68.482874405053408 ], [ 17.761445871611048, 68.482898184985615 ], [ 17.761912514886578, 68.482675063083434 ], [ 17.761917193702864, 68.48232131485473 ], [ 17.761365025645912, 68.482030688877799 ], [ 17.760491647149266, 68.481994626423301 ], [ 17.758920099311236, 68.481645285317057 ], [ 17.758863667041886, 68.481469468624596 ], [ 17.759378118954327, 68.48123344866076 ], [ 17.759059041361589, 68.480993106353552 ], [ 17.758118968478772, 68.480947088943282 ], [ 17.757611785376437, 68.481132537996032 ], [ 17.757531072733531, 68.481368688470965 ], [ 17.757999748141181, 68.481684936221029 ], [ 17.758178068972789, 68.482558817363469 ], [ 17.759338456666036, 68.483331080897827 ], [ 17.760540706232732, 68.482874405053408 ] ] ] ] } },
{ "type": "Feature", "properties": { "fid": 156411, "navn": null, "hoyde_moh": 535, "arealInnsjo_km2": 0.0032, "magasinKategori": null, "fid_2": 1092, "id": 1092, "left": 17.486919847, "top": 68.946110046000001, "right": 17.986919847, "bottom": 68.446110046000001, "row_index": 11, "col_index": 27, "tile_id": 1092 }, "geometry": { "type": "MultiPolygon", "coordinates": [ [ [ [ 17.620693555579297, 68.490685377524812 ], [ 17.620357392720994, 68.490642251851881 ], [ 17.620399798861062, 68.490484964025867 ], [ 17.620054763916695, 68.490468634120745 ], [ 17.619675717025821, 68.490184373082343 ], [ 17.618871717534809, 68.490523195957664 ], [ 17.619600022307147, 68.490811697024967 ], [ 17.619485592694101, 68.490921641092712 ], [ 17.619995035517288, 68.49098261566634 ], [ 17.620693555579297, 68.490685377524812 ] ] ] ] } },
{ "type": "Feature", "properties": { "fid": 156412, "navn": null, "hoyde_moh": 736, "arealInnsjo_km2": 0.0047, "magasinKategori": null, "fid_2": 1092, "id": 1092, "left": 17.486919847, "top": 68.946110046000001, "right": 17.986919847, "bottom": 68.446110046000001, "row_index": 11, "col_index": 27, "tile_id": 1092 }, "geometry": { "type": "MultiPolygon", "coordinates": [ [ [ [ 17.911455861427577, 68.450647666783325 ], [ 17.910634596592825, 68.450658625323712 ], [ 17.909976419436063, 68.450946567337724 ], [ 17.910304391118576, 68.451223920441905 ], [ 17.912012749911362, 68.451392523592091 ], [ 17.911455861427577, 68.450647666783325 ] ] ] ] } },
{ "type": "Feature", "properties": { "fid": 156415, "navn": null, "hoyde_moh": 507, "arealInnsjo_km2": 0.0045, "magasinKategori": null, "fid_2": 1092, "id": 1092, "left": 17.486919847, "top": 68.946110046000001, "right": 17.986919847, "bottom": 68.446110046000001, "row_index": 11, "col_index": 27, "tile_id": 1092 }, "geometry": { "type": "MultiPolygon", "coordinates": [ [ [ [ 17.930064172714854, 68.481227528754218 ], [ 17.931138782693147, 68.481047954154121 ], [ 17.92995841069845, 68.480849454766272 ], [ 17.927661339229328, 68.481209368873408 ], [ 17.930064172714854, 68.481227528754218 ] ] ] ] } },
{ "type": "Feature", "properties": { "fid": 156416, "navn": null, "hoyde_moh": 531, "arealInnsjo_km2": 0.0046, "magasinKategori": null, "fid_2": 1092, "id": 1092, "left": 17.486919847, "top": 68.946110046000001, "right": 17.986919847, "bottom": 68.446110046000001, "row_index": 11, "col_index": 27, "tile_id": 1092 }, "geometry": { "type": "MultiPolygon", "coordinates": [ [ [ [ 17.93089917022213, 68.471725441504077 ], [ 17.930886739045743, 68.471450501764792 ], [ 17.930219167527358, 68.471325542404244 ], [ 17.929360216504616, 68.47148527803094 ], [ 17.929442258203995, 68.471782611065024 ], [ 17.929153824508042, 68.472125742210508 ], [ 17.929587181800944, 68.472195460883967 ], [ 17.93089917022213, 68.471725441504077 ] ] ] ] } },
{ "type": "Feature", "properties": { "fid": 156417, "navn": null, "hoyde_moh": 551, "arealInnsjo_km2": 0.0207, "magasinKategori": null, "fid_2": 1092, "id": 1092, "left": 17.486919847, "top": 68.946110046000001, "right": 17.986919847, "bottom": 68.446110046000001, "row_index": 11, "col_index": 27, "tile_id": 1092 }, "geometry": { "type": "MultiPolygon", "coordinates": [ [ [ [ 17.852593482453443, 68.47685527198486 ], [ 17.85211678859438, 68.476477646423206 ], [ 17.851978003633523, 68.47606365805234 ], [ 17.852061052916355, 68.475838449635347 ], [ 17.851590120620386, 68.475469432545708 ], [ 17.850737810267066, 68.47515807112309 ], [ 17.850014986798104, 68.475272433554352 ], [ 17.847736882504623, 68.476204634172902 ], [ 17.847944729504015, 68.47638162782809 ], [ 17.850031035655665, 68.476126584357161 ], [ 17.850476519571092, 68.476462554555013 ], [ 17.850126035038446, 68.476879838340921 ], [ 17.852005122507002, 68.477016547119732 ], [ 17.852593482453443, 68.47685527198486 ] ] ] ] } },
{ "type": "Feature", "properties": { "fid": 156418, "navn": null, "hoyde_moh": 445, "arealInnsjo_km2": 0.0041, "magasinKategori": null, "fid_2": 1092, "id": 1092, "left": 17.486919847, "top": 68.946110046000001, "right": 17.986919847, "bottom": 68.446110046000001, "row_index": 11, "col_index": 27, "tile_id": 1092 }, "geometry": { "type": "MultiPolygon", "coordinates": [ [ [ [ 17.671144544068763, 68.486347163520577 ], [ 17.671029761184624, 68.486205736347159 ], [ 17.671466791319965, 68.485951755870289 ], [ 17.671472201076654, 68.485739029883163 ], [ 17.670888982607739, 68.485658293247781 ], [ 17.669508191640411, 68.485956922008754 ], [ 17.66992970710017, 68.486165362948142 ], [ 17.670020258144351, 68.486422517269716 ], [ 17.671144544068763, 68.486347163520577 ] ] ] ] } },
{ "type": "Feature", "properties": { "fid": 156420, "navn": null, "hoyde_moh": 342, "arealInnsjo_km2": 0.0032, "magasinKategori": null, "fid_2": 1092, "id": 1092, "left": 17.486919847, "top": 68.946110046000001, "right": 17.986919847, "bottom": 68.446110046000001, "row_index": 11, "col_index": 27, "tile_id": 1092 }, "geometry": { "type": "MultiPolygon", "coordinates": [ [ [ [ 17.729230324261927, 68.490752895639005 ], [ 17.728178504920713, 68.49040414031866 ], [ 17.727283068027127, 68.490491324151563 ], [ 17.727199161431923, 68.490750486068279 ], [ 17.729106127319376, 68.49094970135765 ], [ 17.729230324261927, 68.490752895639005 ] ] ] ] } },
{ "type": "Feature", "properties": { "fid": 156421, "navn": null, "hoyde_moh": 429, "arealInnsjo_km2": 0.0089, "magasinKategori": null, "fid_2": 1092, "id": 1092, "left": 17.486919847, "top": 68.946110046000001, "right": 17.986919847, "bottom": 68.446110046000001, "row_index": 11, "col_index": 27, "tile_id": 1092 }, "geometry": { "type": "MultiPolygon", "coordinates": [ [ [ [ 17.67938100922715, 68.491757953542873 ], [ 17.680158803568624, 68.491636107414877 ], [ 17.680625686201221, 68.49135128732128 ], [ 17.682027162840814, 68.490936897421889 ], [ 17.680725514133449, 68.49045110660434 ], [ 17.680023277964416, 68.490603343829719 ], [ 17.679527427359535, 68.490524380415593 ], [ 17.679633600528391, 68.491250186176586 ], [ 17.678990685067607, 68.491737800158774 ], [ 17.679290287199297, 68.491896286529581 ], [ 17.67938100922715, 68.491757953542873 ] ] ] ] } },
{ "type": "Feature", "properties": { "fid": 156422, "navn": null, "hoyde_moh": 443, "arealInnsjo_km2": 0.0039, "magasinKategori": null, "fid_2": 1092, "id": 1092, "left": 17.486919847, "top": 68.946110046000001, "right": 17.986919847, "bottom": 68.446110046000001, "row_index": 11, "col_index": 27, "tile_id": 1092 }, "geometry": { "type": "MultiPolygon", "coordinates": [ [ [ [ 17.884792143497332, 68.488136478436672 ], [ 17.886539427749199, 68.488065109449465 ], [ 17.88566522913716, 68.48808015844179 ], [ 17.885374718703975, 68.487753274392659 ], [ 17.884742650391999, 68.487660914572061 ], [ 17.883774372408066, 68.488134327996264 ], [ 17.883637188964471, 68.48842575046163 ], [ 17.884231659273834, 68.48844766277584 ], [ 17.884792143497332, 68.488136478436672 ] ] ] ] } },
{ "type": "Feature", "properties": { "fid": 156423, "navn": null, "hoyde_moh": 585, "arealInnsjo_km2": 0.004, "magasinKategori": null, "fid_2": 1092, "id": 1092, "left": 17.486919847, "top": 68.946110046000001, "right": 17.986919847, "bottom": 68.446110046000001, "row_index": 11, "col_index": 27, "tile_id": 1092 }, "geometry": { "type": "MultiPolygon", "coordinates": [ [ [ [ 17.966965751310799, 68.459604763216831 ], [ 17.966024077165034, 68.459013031024313 ], [ 17.965586587818905, 68.459113876835929 ], [ 17.965725754655704, 68.459374097226643 ], [ 17.965576965258109, 68.459489490921015 ], [ 17.965122797011198, 68.459345811336291 ], [ 17.964872865620084, 68.459483553843569 ], [ 17.965442402558143, 68.459702219157222 ], [ 17.966508694462021, 68.459806058409256 ], [ 17.966965751310799, 68.459604763216831 ] ] ] ] } },
{ "type": "Feature", "properties": { "fid": 156461, "navn": null, "hoyde_moh": 347, "arealInnsjo_km2": 0.0062, "magasinKategori": null, "fid_2": 1092, "id": 1092, "left": 17.486919847, "top": 68.946110046000001, "right": 17.986919847, "bottom": 68.446110046000001, "row_index": 11, "col_index": 27, "tile_id": 1092 }, "geometry": { "type": "MultiPolygon", "coordinates": [ [ [ [ 17.731873622096707, 68.486209068977615 ], [ 17.731381762505745, 68.485969787010177 ], [ 17.731189106959416, 68.485490811003558 ], [ 17.730511605606377, 68.485459388970639 ], [ 17.730431746159393, 68.485636265035865 ], [ 17.729658690181505, 68.485963560483953 ], [ 17.729746758011125, 68.48617226049879 ], [ 17.730232739847825, 68.486395395788307 ], [ 17.731292458118386, 68.486416374306685 ], [ 17.731873622096707, 68.486209068977615 ] ] ] ] } },
{ "type": "Feature", "properties": { "fid": 156462, "navn": null, "hoyde_moh": 430, "arealInnsjo_km2": 0.0042, "magasinKategori": null, "fid_2": 1092, "id": 1092, "left": 17.486919847, "top": 68.946110046000001, "right": 17.986919847, "bottom": 68.446110046000001, "row_index": 11, "col_index": 27, "tile_id": 1092 }, "geometry": { "type": "MultiPolygon", "coordinates": [ [ [ [ 17.848732204671361, 68.48981475982157 ], [ 17.848606952752927, 68.489614907454992 ], [ 17.848690421700432, 68.489411778242598 ], [ 17.84843704615275, 68.489287892757972 ], [ 17.847431623643285, 68.489752469086696 ], [ 17.846832340568938, 68.490301528368377 ], [ 17.847140008384937, 68.490355462074348 ], [ 17.848732204671361, 68.48981475982157 ] ] ] ] } },
{ "type": "Feature", "properties": { "fid": 156463, "navn": null, "hoyde_moh": 308, "arealInnsjo_km2": 0.0059, "magasinKategori": null, "fid_2": 1092, "id": 1092, "left": 17.486919847, "top": 68.946110046000001, "right": 17.986919847, "bottom": 68.446110046000001, "row_index": 11, "col_index": 27, "tile_id": 1092 }, "geometry": { "type": "MultiPolygon", "coordinates": [ [ [ [ 17.749624155637946, 68.49626611017095 ], [ 17.749665005088659, 68.495928558205364 ], [ 17.749912756911655, 68.495652692399531 ], [ 17.749492304033222, 68.495486791113194 ], [ 17.749540634699592, 68.495381424347002 ], [ 17.749040236485847, 68.495322394463557 ], [ 17.749132222906319, 68.495187767479564 ], [ 17.748421777196587, 68.495503350442092 ], [ 17.748409092176146, 68.495740802969806 ], [ 17.748079551006462, 68.495969983033035 ], [ 17.748237980109526, 68.496127883990567 ], [ 17.749407237613937, 68.496409517683446 ], [ 17.749624155637946, 68.49626611017095 ] ] ] ] } },
{ "type": "Feature", "properties": { "fid": 156464, "navn": "Matvatnet", "hoyde_moh": 565, "arealInnsjo_km2": 0.0221, "magasinKategori": null, "fid_2": 1092, "id": 1092, "left": 17.486919847, "top": 68.946110046000001, "right": 17.986919847, "bottom": 68.446110046000001, "row_index": 11, "col_index": 27, "tile_id": 1092 }, "geometry": { "type": "MultiPolygon", "coordinates": [ [ [ [ 17.96486596007059, 68.458277355064965 ], [ 17.964728758645673, 68.458147544012348 ], [ 17.964954823058648, 68.457984368568006 ], [ 17.964822414934808, 68.457561264075849 ], [ 17.964395379738601, 68.457122906615893 ], [ 17.963206671254138, 68.456685819149925 ], [ 17.962281129474071, 68.456769527020882 ], [ 17.961203095964461, 68.457701704827343 ], [ 17.961149621030298, 68.458006003059722 ], [ 17.960809180067059, 68.458066337086308 ], [ 17.963016897058218, 68.458435050587653 ], [ 17.96486596007059, 68.458277355064965 ] ] ] ] } },
{ "type": "Feature", "properties": { "fid": 156465, "navn": null, "hoyde_moh": 317, "arealInnsjo_km2": 0.0039, "magasinKategori": null, "fid_2": 1092, "id": 1092, "left": 17.486919847, "top": 68.946110046000001, "right": 17.986919847, "bottom": 68.446110046000001, "row_index": 11, "col_index": 27, "tile_id": 1092 }, "geometry": { "type": "MultiPolygon", "coordinates": [ [ [ [ 17.757905505762103, 68.46196288685708 ], [ 17.757610745821097, 68.461965675197376 ], [ 17.757602421537364, 68.461735118291799 ], [ 17.757129195107396, 68.461400099107905 ], [ 17.7555884735532, 68.461726611589441 ], [ 17.756212126530947, 68.462025228911926 ], [ 17.75682680241427, 68.461903357132044 ], [ 17.757646560842364, 68.46204102606724 ], [ 17.757905505762103, 68.46196288685708 ] ] ] ] } },
{ "type": "Feature", "properties": { "fid": 156466, "navn": null, "hoyde_moh": 520, "arealInnsjo_km2": 0.0042, "magasinKategori": null, "fid_2": 1092, "id": 1092, "left": 17.486919847, "top": 68.946110046000001, "right": 17.986919847, "bottom": 68.446110046000001, "row_index": 11, "col_index": 27, "tile_id": 1092 }, "geometry": { "type": "MultiPolygon", "coordinates": [ [ [ [ 17.957320734589707, 68.469756341057291 ], [ 17.956775045194917, 68.469657793335728 ], [ 17.956975232801859, 68.469551467125967 ], [ 17.956850775727371, 68.46947816258475 ], [ 17.955657851875749, 68.46966502822707 ], [ 17.954984590714282, 68.469551488566225 ], [ 17.954234460843008, 68.469663201555235 ], [ 17.954113687764206, 68.469829350764613 ], [ 17.957048885634141, 68.469897777924118 ], [ 17.957137524270845, 68.46997189414644 ], [ 17.956758738856283, 68.470174020929292 ], [ 17.957355794695452, 68.470209268169029 ], [ 17.957320734589707, 68.469756341057291 ] ] ] ] } },
{ "type": "Feature", "properties": { "fid": 156467, "navn": null, "hoyde_moh": 558, "arealInnsjo_km2": 0.0038, "magasinKategori": null, "fid_2": 1092, "id": 1092, "left": 17.486919847, "top": 68.946110046000001, "right": 17.986919847, "bottom": 68.446110046000001, "row_index": 11, "col_index": 27, "tile_id": 1092 }, "geometry": { "type": "MultiPolygon", "coordinates": [ [ [ [ 17.866798838888922, 68.471708184434902 ], [ 17.864907540194359, 68.471227586837898 ], [ 17.864521920404471, 68.471287772776606 ], [ 17.864820232274916, 68.471385279706723 ], [ 17.864463371373844, 68.471581783393702 ], [ 17.864693583883266, 68.471813045272484 ], [ 17.865679469516362, 68.471955169548224 ], [ 17.866798838888922, 68.471708184434902 ] ] ] ] } },
{ "type": "Feature", "properties": { "fid": 156468, "navn": null, "hoyde_moh": 579, "arealInnsjo_km2": 0.0118, "magasinKategori": null, "fid_2": 1092, "id": 1092, "left": 17.486919847, "top": 68.946110046000001, "right": 17.986919847, "bottom": 68.446110046000001, "row_index": 11, "col_index": 27, "tile_id": 1092 }, "geometry": { "type": "MultiPolygon", "coordinates": [ [ [ [ 17.880534664869746, 68.475355378807905 ], [ 17.880354239141933, 68.475094373876544 ], [ 17.880529597948161, 68.474550399507933 ], [ 17.878860006968054, 68.474329348785048 ], [ 17.878126751047191, 68.474408554637606 ], [ 17.878084232970604, 68.4747042719913 ], [ 17.878293064766158, 68.474827710906027 ], [ 17.87829786384161, 68.475285729266957 ], [ 17.878478604434783, 68.475415036787894 ], [ 17.878926896654843, 68.475598996671948 ], [ 17.879974434922314, 68.475593654626309 ], [ 17.880534664869746, 68.475355378807905 ] ] ] ] } },
{ "type": "Feature", "properties": { "fid": 156469, "navn": null, "hoyde_moh": 277, "arealInnsjo_km2": 0.0047, "magasinKategori": null, "fid_2": 1092, "id": 1092, "left": 17.486919847, "top": 68.946110046000001, "right": 17.986919847, "bottom": 68.446110046000001, "row_index": 11, "col_index": 27, "tile_id": 1092 }, "geometry": { "type": "MultiPolygon", "coordinates": [ [ [ [ 17.803401342267321, 68.497406969000281 ], [ 17.801896959215785, 68.496842342566055 ], [ 17.801349879754362, 68.49700408396086 ], [ 17.801348608825201, 68.49726002897701 ], [ 17.801957896239593, 68.497422023105727 ], [ 17.801706698711161, 68.497584387727699 ], [ 17.802433811544649, 68.497650785709624 ], [ 17.803401342267321, 68.497406969000281 ] ] ] ] } },
{ "type": "Feature", "properties": { "fid": 156470, "navn": null, "hoyde_moh": 377, "arealInnsjo_km2": 0.0029, "magasinKategori": null, "fid_2": 1092, "id": 1092, "left": 17.486919847, "top": 68.946110046000001, "right": 17.986919847, "bottom": 68.446110046000001, "row_index": 11, "col_index": 27, "tile_id": 1092 }, "geometry": { "type": "MultiPolygon", "coordinates": [ [ [ [ 17.929761431141312, 68.495358902171162 ], [ 17.929171027759338, 68.495332498459064 ], [ 17.929034719732684, 68.495492611649809 ], [ 17.929365992310725, 68.495630104019952 ], [ 17.931979738930057, 68.495773938784794 ], [ 17.929761431141312, 68.495358902171162 ] ] ] ] } },
{ "type": "Feature", "properties": { "fid": 156472, "navn": null, "hoyde_moh": 649, "arealInnsjo_km2": 0.0044, "magasinKategori": null, "fid_2": 1092, "id": 1092, "left": 17.486919847, "top": 68.946110046000001, "right": 17.986919847, "bottom": 68.446110046000001, "row_index": 11, "col_index": 27, "tile_id": 1092 }, "geometry": { "type": "MultiPolygon", "coordinates": [ [ [ [ 17.841420249728795, 68.45439128795239 ], [ 17.842052761843995, 68.454239526570674 ], [ 17.842529041448138, 68.453757910542876 ], [ 17.841637970599205, 68.453608668096393 ], [ 17.841191581987133, 68.453684736783785 ], [ 17.841043339439128, 68.454063922502158 ], [ 17.840767542846745, 68.454203344835662 ], [ 17.841194036393411, 68.45420212323522 ], [ 17.841215225563687, 68.454322233598873 ], [ 17.840760370738632, 68.454428247837342 ], [ 17.841077622342866, 68.454613085672449 ], [ 17.841647329628611, 68.454591209982837 ], [ 17.841420249728795, 68.45439128795239 ] ] ] ] } },
{ "type": "Feature", "properties": { "fid": 156474, "navn": null, "hoyde_moh": 523, "arealInnsjo_km2": 0.0104, "magasinKategori": null, "fid_2": 1092, "id": 1092, "left": 17.486919847, "top": 68.946110046000001, "right": 17.986919847, "bottom": 68.446110046000001, "row_index": 11, "col_index": 27, "tile_id": 1092 }, "geometry": { "type": "MultiPolygon", "coordinates": [ [ [ [ 17.817193736744191, 68.477730832289168 ], [ 17.815969109690698, 68.477241624557038 ], [ 17.814794790475755, 68.477012606810518 ], [ 17.812505238242121, 68.477103379644902 ], [ 17.811932442882664, 68.477474483244492 ], [ 17.812295636933523, 68.47765456608748 ], [ 17.813773516744781, 68.477392146675186 ], [ 17.813871688939322, 68.477546424020133 ], [ 17.814939534866575, 68.477685943545637 ], [ 17.816303530835253, 68.477563296808142 ], [ 17.816337139149653, 68.477705462092487 ], [ 17.817193736744191, 68.477730832289168 ] ] ] ] } },
{ "type": "Feature", "properties": { "fid": 156477, "navn": null, "hoyde_moh": 702, "arealInnsjo_km2": 0.0214, "magasinKategori": null, "fid_2": 1092, "id": 1092, "left": 17.486919847, "top": 68.946110046000001, "right": 17.986919847, "bottom": 68.446110046000001, "row_index": 11, "col_index": 27, "tile_id": 1092 }, "geometry": { "type": "MultiPolygon", "coordinates": [ [ [ [ 17.866383381764312, 68.449528559981871 ], [ 17.867160148275225, 68.449378717928653 ], [ 17.866784426409701, 68.449091961991741 ], [ 17.865934516474599, 68.448936039873516 ], [ 17.864215459003866, 68.448857735530311 ], [ 17.862015929115774, 68.448841400798216 ], [ 17.860660379503436, 68.449094739966043 ], [ 17.860996584619013, 68.449146806657154 ], [ 17.861099072138913, 68.449360682947002 ], [ 17.862821500597441, 68.449704771585218 ], [ 17.864895670252483, 68.449891292249248 ], [ 17.866030627890311, 68.449816388500551 ], [ 17.866383381764312, 68.449528559981871 ] ] ] ] } },
{ "type": "Feature", "properties": { "fid": 156478, "navn": null, "hoyde_moh": 619, "arealInnsjo_km2": 0.0067, "magasinKategori": null, "fid_2": 1092, "id": 1092, "left": 17.486919847, "top": 68.946110046000001, "right": 17.986919847, "bottom": 68.446110046000001, "row_index": 11, "col_index": 27, "tile_id": 1092 }, "geometry": { "type": "MultiPolygon", "coordinates": [ [ [ [ 17.902746522730602, 68.46972067882929 ], [ 17.904239081561759, 68.469312022514529 ], [ 17.903466157823331, 68.469333588766006 ], [ 17.902633676957901, 68.469072143637703 ], [ 17.901226443427909, 68.469153614183512 ], [ 17.900647324955795, 68.469283757143728 ], [ 17.90053435740009, 68.469458524496133 ], [ 17.900676512135064, 68.469718826601238 ], [ 17.901348341558609, 68.469450265273167 ], [ 17.90171726201995, 68.469489390525936 ], [ 17.901934325277146, 68.469750548882956 ], [ 17.901732042940615, 68.469800644322788 ], [ 17.902746522730602, 68.46972067882929 ] ] ] ] } },
{ "type": "Feature", "properties": { "fid": 156523, "navn": null, "hoyde_moh": 550, "arealInnsjo_km2": 0.0059, "magasinKategori": null, "fid_2": 1092, "id": 1092, "left": 17.486919847, "top": 68.946110046000001, "right": 17.986919847, "bottom": 68.446110046000001, "row_index": 11, "col_index": 27, "tile_id": 1092 }, "geometry": { "type": "MultiPolygon", "coordinates": [ [ [ [ 17.824849368313423, 68.476353030394776 ], [ 17.825401356838398, 68.47638636485793 ], [ 17.825966880088018, 68.475792889472402 ], [ 17.824722455779654, 68.475816832019461 ], [ 17.823406835331308, 68.476421415549027 ], [ 17.823346565078033, 68.476619919944028 ], [ 17.823920227319167, 68.476674079400979 ], [ 17.824849368313423, 68.476353030394776 ] ] ] ] } },
{ "type": "Feature", "properties": { "fid": 156524, "navn": null, "hoyde_moh": 518, "arealInnsjo_km2": 0.0157, "magasinKategori": null, "fid_2": 1092, "id": 1092, "left": 17.486919847, "top": 68.946110046000001, "right": 17.986919847, "bottom": 68.446110046000001, "row_index": 11, "col_index": 27, "tile_id": 1092 }, "geometry": { "type": "MultiPolygon", "coordinates": [ [ [ [ 17.931916609059808, 68.474345829255228 ], [ 17.932069225487769, 68.473980920663863 ], [ 17.9319681070067, 68.473866612262981 ], [ 17.932860123605167, 68.473808538266638 ], [ 17.932618439770444, 68.473682865320228 ], [ 17.929844687651215, 68.474099012488779 ], [ 17.929286120528477, 68.473982017495302 ], [ 17.928571799188408, 68.474096666228547 ], [ 17.928013721175805, 68.473807921309771 ], [ 17.92802275499416, 68.473602181496801 ], [ 17.928274612889602, 68.473442471536515 ], [ 17.927975092441471, 68.473275788952435 ], [ 17.927001064277984, 68.473829204729086 ], [ 17.926782729066861, 68.473874134888518 ], [ 17.926866427483773, 68.473740885104021 ], [ 17.926597368177656, 68.473690463646975 ], [ 17.926120845202774, 68.473872767272809 ], [ 17.927549189706728, 68.474014797138594 ], [ 17.927936376173758, 68.474318469672824 ], [ 17.930270590814459, 68.474882024198507 ], [ 17.931916609059808, 68.474345829255228 ] ] ] ] } },
{ "type": "Feature", "properties": { "fid": 156525, "navn": null, "hoyde_moh": 438, "arealInnsjo_km2": 0.0046, "magasinKategori": null, "fid_2": 1092, "id": 1092, "left": 17.486919847, "top": 68.946110046000001, "right": 17.986919847, "bottom": 68.446110046000001, "row_index": 11, "col_index": 27, "tile_id": 1092 }, "geometry": { "type": "MultiPolygon", "coordinates": [ [ [ [ 17.692092440127951, 68.487870338042327 ], [ 17.69208597888143, 68.487682752799998 ], [ 17.691058702021255, 68.487168400781258 ], [ 17.689924193772619, 68.487650666452339 ], [ 17.690061899787342, 68.48781101306075 ], [ 17.690562390085518, 68.487783325099983 ], [ 17.691183348224648, 68.488040127371065 ], [ 17.691686199248014, 68.488058894088198 ], [ 17.692092440127951, 68.487870338042327 ] ] ] ] } },
{ "type": "Feature", "properties": { "fid": 156526, "navn": null, "hoyde_moh": 498, "arealInnsjo_km2": 0.0055, "magasinKategori": null, "fid_2": 1092, "id": 1092, "left": 17.486919847, "top": 68.946110046000001, "right": 17.986919847, "bottom": 68.446110046000001, "row_index": 11, "col_index": 27, "tile_id": 1092 }, "geometry": { "type": "MultiPolygon", "coordinates": [ [ [ [ 17.84088335336866, 68.487749405920709 ], [ 17.839650087795047, 68.487700009847387 ], [ 17.841130128180197, 68.487516044863924 ], [ 17.839403422689607, 68.487224284833886 ], [ 17.838046772630506, 68.487383883374804 ], [ 17.839124159196185, 68.487617622242027 ], [ 17.839291769351657, 68.487869187859971 ], [ 17.840627263829798, 68.48791847048868 ], [ 17.84088335336866, 68.487749405920709 ] ] ] ] } },
{ "type": "Feature", "properties": { "fid": 156527, "navn": null, "hoyde_moh": 615, "arealInnsjo_km2": 0.0042, "magasinKategori": null, "fid_2": 1092, "id": 1092, "left": 17.486919847, "top": 68.946110046000001, "right": 17.986919847, "bottom": 68.446110046000001, "row_index": 11, "col_index": 27, "tile_id": 1092 }, "geometry": { "type": "MultiPolygon", "coordinates": [ [ [ [ 17.838409351898189, 68.456346258425015 ], [ 17.838524259324963, 68.456205079386393 ], [ 17.837821359045051, 68.456135123396663 ], [ 17.837614155083806, 68.455957212074651 ], [ 17.836180629382085, 68.456006991708151 ], [ 17.836656692440314, 68.456233314052966 ], [ 17.836597847909093, 68.456436020982395 ], [ 17.836851916101093, 68.456494914289692 ], [ 17.83642322621964, 68.456617259300842 ], [ 17.838409351898189, 68.456346258425015 ] ] ] ] } },
{ "type": "Feature", "properties": { "fid": 156528, "navn": null, "hoyde_moh": 563, "arealInnsjo_km2": 0.0192, "magasinKategori": null, "fid_2": 1092, "id": 1092, "left": 17.486919847, "top": 68.946110046000001, "right": 17.986919847, "bottom": 68.446110046000001, "row_index": 11, "col_index": 27, "tile_id": 1092 }, "geometry": { "type": "MultiPolygon", "coordinates": [ [ [ [ 17.883609756330781, 68.477837359687342 ], [ 17.88325887106042, 68.477576327612681 ], [ 17.883169685108712, 68.477141753777872 ], [ 17.883765433626984, 68.476618550859584 ], [ 17.884408178511222, 68.476521219104797 ], [ 17.884134727789935, 68.476290276087923 ], [ 17.884554921928359, 68.47615592776576 ], [ 17.884611611880754, 68.475853141057655 ], [ 17.883707862548974, 68.475770844789011 ], [ 17.882312380137719, 68.476066948963421 ], [ 17.881526385952046, 68.476639739647851 ], [ 17.880936616381192, 68.476847824572857 ], [ 17.880958424350357, 68.477137769136846 ], [ 17.881516394684951, 68.477458623399016 ], [ 17.881439021566944, 68.477749106254336 ], [ 17.881764943819089, 68.477747452150524 ], [ 17.881720194103529, 68.477879646453559 ], [ 17.883609756330781, 68.477837359687342 ] ], [ [ 17.88149795683842, 68.476804060638756 ], [ 17.881674088980542, 68.476643932711866 ], [ 17.882205757599539, 68.476611000208763 ], [ 17.882400877817243, 68.476969691126897 ], [ 17.88149795683842, 68.476804060638756 ] ] ] ] } },
{ "type": "Feature", "properties": { "fid": 156555, "navn": null, "hoyde_moh": 618, "arealInnsjo_km2": 0.011, "magasinKategori": null, "fid_2": 1092, "id": 1092, "left": 17.486919847, "top": 68.946110046000001, "right": 17.986919847, "bottom": 68.446110046000001, "row_index": 11, "col_index": 27, "tile_id": 1092 }, "geometry": { "type": "MultiPolygon", "coordinates": [ [ [ [ 17.833690749033703, 68.446470931722445 ], [ 17.833213427428785, 68.446365274317884 ], [ 17.833653660802359, 68.446244893922682 ], [ 17.833780940142475, 68.446110046 ], [ 17.831699952234978, 68.446110046 ], [ 17.831636212164934, 68.446165206177625 ], [ 17.83190792018792, 68.446375874595645 ], [ 17.833107327740009, 68.446420661837294 ], [ 17.83308457626898, 68.446566561674459 ], [ 17.833533392343316, 68.446598553180365 ], [ 17.833690749033703, 68.446470931722445 ] ] ] ] } },
{ "type": "Feature", "properties": { "fid": 156567, "navn": null, "hoyde_moh": 426, "arealInnsjo_km2": 0.0214, "magasinKategori": null, "fid_2": 1092, "id": 1092, "left": 17.486919847, "top": 68.946110046000001, "right": 17.986919847, "bottom": 68.446110046000001, "row_index": 11, "col_index": 27, "tile_id": 1092 }, "geometry": { "type": "MultiPolygon", "coordinates": [ [ [ [ 17.86286032202538, 68.489519721941036 ], [ 17.8649472360331, 68.489494398763696 ], [ 17.866394394716981, 68.488849532738143 ], [ 17.86595594681809, 68.488673089181717 ], [ 17.866053272668548, 68.488805901033672 ], [ 17.863658149959914, 68.489060120292621 ], [ 17.86253129576372, 68.488838241191417 ], [ 17.861817120393827, 68.489066329406768 ], [ 17.861754136433081, 68.489279620299584 ], [ 17.861512849955723, 68.489365608548511 ], [ 17.85964742256111, 68.489092397736243 ], [ 17.858959967769469, 68.489189851504506 ], [ 17.858226178957935, 68.489555156831798 ], [ 17.8584160679493, 68.489702642853331 ], [ 17.859511791440749, 68.489771394861734 ], [ 17.860513470197162, 68.490038070705069 ], [ 17.86286032202538, 68.489519721941036 ] ] ] ] } },
{ "type": "Feature", "properties": { "fid": 156568, "navn": null, "hoyde_moh": 574, "arealInnsjo_km2": 0.0044, "magasinKategori": null, "fid_2": 1092, "id": 1092, "left": 17.486919847, "top": 68.946110046000001, "right": 17.986919847, "bottom": 68.446110046000001, "row_index": 11, "col_index": 27, "tile_id": 1092 }, "geometry": { "type": "MultiPolygon", "coordinates": [ [ [ [ 17.937789520340804, 68.461890906323802 ], [ 17.935435119816841, 68.461866921477267 ], [ 17.934488186174693, 68.462047891944309 ], [ 17.93542629662824, 68.462297723461703 ], [ 17.936139794953952, 68.462189248220611 ], [ 17.936673320113343, 68.462299743159733 ], [ 17.937789520340804, 68.461890906323802 ] ] ] ] } },
{ "type": "Feature", "properties": { "fid": 156569, "navn": null, "hoyde_moh": 621, "arealInnsjo_km2": 0.0113, "magasinKategori": null, "fid_2": 1092, "id": 1092, "left": 17.486919847, "top": 68.946110046000001, "right": 17.986919847, "bottom": 68.446110046000001, "row_index": 11, "col_index": 27, "tile_id": 1092 }, "geometry": { "type": "MultiPolygon", "coordinates": [ [ [ [ 17.900188143738138, 68.466782753172367 ], [ 17.900453723729118, 68.46655004385839 ], [ 17.901156022488028, 68.466422525193892 ], [ 17.901710443787696, 68.466007241433914 ], [ 17.901629978951561, 68.465850546218164 ], [ 17.900204540787751, 68.466104778849086 ], [ 17.89905549862619, 68.465896377808789 ], [ 17.898410237931309, 68.46601132024982 ], [ 17.89822991779678, 68.466423172510659 ], [ 17.898264413342165, 68.466600773317595 ], [ 17.898466186170833, 68.466649798971417 ], [ 17.898351702121467, 68.466875671405319 ], [ 17.898909422916102, 68.46702689271531 ], [ 17.900188143738138, 68.466782753172367 ] ] ] ] } },
{ "type": "Feature", "properties": { "fid": 156570, "navn": null, "hoyde_moh": 451, "arealInnsjo_km2": 0.0041, "magasinKategori": null, "fid_2": 1092, "id": 1092, "left": 17.486919847, "top": 68.946110046000001, "right": 17.986919847, "bottom": 68.446110046000001, "row_index": 11, "col_index": 27, "tile_id": 1092 }, "geometry": { "type": "MultiPolygon", "coordinates": [ [ [ [ 17.696922963031071, 68.490180702668212 ], [ 17.696434194297471, 68.489938220594397 ], [ 17.696773271217165, 68.489869306975876 ], [ 17.696794225969583, 68.489725263200356 ], [ 17.695950139210314, 68.489567124289294 ], [ 17.695409483247552, 68.48965202267857 ], [ 17.695544170984661, 68.489737463895651 ], [ 17.695448526866262, 68.489817272578549 ], [ 17.695756183072355, 68.489909268252546 ], [ 17.695756362052705, 68.490074694110419 ], [ 17.695494393592771, 68.490209776286918 ], [ 17.696194737550893, 68.490487187085293 ], [ 17.696922963031071, 68.490180702668212 ] ] ] ] } },
{ "type": "Feature", "properties": { "fid": 156571, "navn": null, "hoyde_moh": 497, "arealInnsjo_km2": 0.0076, "magasinKategori": null, "fid_2": 1092, "id": 1092, "left": 17.486919847, "top": 68.946110046000001, "right": 17.986919847, "bottom": 68.446110046000001, "row_index": 11, "col_index": 27, "tile_id": 1092 }, "geometry": { "type": "MultiPolygon", "coordinates": [ [ [ [ 17.623763859675982, 68.494635760070537 ], [ 17.624174105022647, 68.4943517242653 ], [ 17.622624862604983, 68.493780331936151 ], [ 17.621808971264297, 68.493884729863666 ], [ 17.621973384474952, 68.493979814791842 ], [ 17.621732565675998, 68.494073605303669 ], [ 17.622008480188189, 68.49442742088587 ], [ 17.621735096214767, 68.494468315259837 ], [ 17.622559597717551, 68.494829620294567 ], [ 17.623763859675982, 68.494635760070537 ] ] ] ] } },
{ "type": "Feature", "properties": { "fid": 156572, "navn": null, "hoyde_moh": 712, "arealInnsjo_km2": 0.0041, "magasinKategori": null, "fid_2": 1092, "id": 1092, "left": 17.486919847, "top": 68.946110046000001, "right": 17.986919847, "bottom": 68.446110046000001, "row_index": 11, "col_index": 27, "tile_id": 1092 }, "geometry": { "type": "MultiPolygon", "coordinates": [ [ [ [ 17.869414251944271, 68.447107863029473 ], [ 17.868539166665514, 68.446754801482854 ], [ 17.867667838677843, 68.446814615671528 ], [ 17.866932850281572, 68.44712587136874 ], [ 17.867973893129083, 68.447303199988056 ], [ 17.86918743825473, 68.447246496369218 ], [ 17.869414251944271, 68.447107863029473 ] ] ] ] } },
{ "type": "Feature", "properties": { "fid": 156574, "navn": null, "hoyde_moh": 538, "arealInnsjo_km2": 0.0193, "magasinKategori": null, "fid_2": 1092, "id": 1092, "left": 17.486919847, "top": 68.946110046000001, "right": 17.986919847, "bottom": 68.446110046000001, "row_index": 11, "col_index": 27, "tile_id": 1092 }, "geometry": { "type": "MultiPolygon", "coordinates": [ [ [ [ 17.829868746153217, 68.465395091464316 ], [ 17.830067648150969, 68.465260490183113 ], [ 17.831266343155839, 68.464885739897582 ], [ 17.831189169745223, 68.464733809800578 ], [ 17.834497592553944, 68.464778311264439 ], [ 17.836019387732719, 68.465094751632876 ], [ 17.836387428038694, 68.465036903396495 ], [ 17.836618566280443, 68.464809016956949 ], [ 17.835355548466492, 68.464186849324861 ], [ 17.834088353460281, 68.464236481061391 ], [ 17.83338100391947, 68.463801400537136 ], [ 17.832462070222125, 68.463574746756905 ], [ 17.831817730478896, 68.463734117866593 ], [ 17.83232882407496, 68.464040204503092 ], [ 17.832053309092718, 68.46441345157784 ], [ 17.830759348826366, 68.464846641239447 ], [ 17.828991906366049, 68.465087185133598 ], [ 17.829485591191105, 68.465478764283418 ], [ 17.829945097063788, 68.465511218451113 ], [ 17.829868746153217, 68.465395091464316 ] ] ] ] } },
{ "type": "Feature", "properties": { "fid": 156575, "navn": null, "hoyde_moh": 535, "arealInnsjo_km2": 0.0297, "magasinKategori": null, "fid_2": 1092, "id": 1092, "left": 17.486919847, "top": 68.946110046000001, "right": 17.986919847, "bottom": 68.446110046000001, "row_index": 11, "col_index": 27, "tile_id": 1092 }, "geometry": { "type": "MultiPolygon", "coordinates": [ [ [ [ 17.945980664960839, 68.481393804649414 ], [ 17.946844258939006, 68.481196380311758 ], [ 17.947025269573931, 68.481020650433877 ], [ 17.946515050963225, 68.481017680921951 ], [ 17.94661200440159, 68.480576169612917 ], [ 17.944859731402094, 68.48063578499405 ], [ 17.942351981796246, 68.479753624585072 ], [ 17.942151498752807, 68.479776266162702 ], [ 17.942049532405605, 68.480033464750335 ], [ 17.940974476290897, 68.480357027638064 ], [ 17.939752319114096, 68.480194880353693 ], [ 17.938186974891746, 68.48074975384192 ], [ 17.938628479575545, 68.4809971520869 ], [ 17.941104056728353, 68.481160838917162 ], [ 17.942300802807402, 68.4808307405644 ], [ 17.943611233128706, 68.481067538397213 ], [ 17.943924693532924, 68.480870363958743 ], [ 17.943924300724717, 68.480662811852795 ], [ 17.944155338713468, 68.480595013498458 ], [ 17.944534799939241, 68.480752365661317 ], [ 17.944229096101139, 68.481082181829962 ], [ 17.944750449480182, 68.481380680549506 ], [ 17.946072836127023, 68.481538068564078 ], [ 17.945980664960839, 68.481393804649414 ] ], [ [ 17.945335637019301, 68.480919549375656 ], [ 17.945238485051064, 68.480873945338857 ], [ 17.945442364302338, 68.480761016865969 ], [ 17.945690420236552, 68.480934411373667 ], [ 17.945335637019301, 68.480919549375656 ] ] ] ] } },
{ "type": "Feature", "properties": { "fid": 156576, "navn": null, "hoyde_moh": 557, "arealInnsjo_km2": 0.0029, "magasinKategori": null, "fid_2": 1092, "id": 1092, "left": 17.486919847, "top": 68.946110046000001, "right": 17.986919847, "bottom": 68.446110046000001, "row_index": 11, "col_index": 27, "tile_id": 1092 }, "geometry": { "type": "MultiPolygon", "coordinates": [ [ [ [ 17.881241500586423, 68.482701667534869 ], [ 17.881241190114313, 68.482501752883763 ], [ 17.879651550463166, 68.482354375723119 ], [ 17.879599434725755, 68.482181474597937 ], [ 17.879282537026565, 68.482248680821911 ], [ 17.879799633418141, 68.482652833471818 ], [ 17.881241500586423, 68.482701667534869 ] ] ] ] } },
{ "type": "Feature", "properties": { "fid": 156577, "navn": null, "hoyde_moh": 496, "arealInnsjo_km2": 0.004, "magasinKategori": null, "fid_2": 1092, "id": 1092, "left": 17.486919847, "top": 68.946110046000001, "right": 17.986919847, "bottom": 68.446110046000001, "row_index": 11, "col_index": 27, "tile_id": 1092 }, "geometry": { "type": "MultiPolygon", "coordinates": [ [ [ [ 17.899914621514593, 68.482214919102788 ], [ 17.900706549690444, 68.481823724367928 ], [ 17.900802839592004, 68.481627162668701 ], [ 17.899384837548553, 68.481777557887739 ], [ 17.899104538060751, 68.482051363278345 ], [ 17.898559152715197, 68.482224090737844 ], [ 17.898401524273346, 68.482491643851219 ], [ 17.899914621514593, 68.482214919102788 ] ] ] ] } },
{ "type": "Feature", "properties": { "fid": 156578, "navn": null, "hoyde_moh": 522, "arealInnsjo_km2": 0.0104, "magasinKategori": null, "fid_2": 1092, "id": 1092, "left": 17.486919847, "top": 68.946110046000001, "right": 17.986919847, "bottom": 68.446110046000001, "row_index": 11, "col_index": 27, "tile_id": 1092 }, "geometry": { "type": "MultiPolygon", "coordinates": [ [ [ [ 17.820558563864765, 68.458552742148711 ], [ 17.820962518020675, 68.457841351364166 ], [ 17.819232461423237, 68.458031347964067 ], [ 17.817814708417245, 68.45839722288035 ], [ 17.817305611949095, 68.458704623949842 ], [ 17.81824532494289, 68.458991150612832 ], [ 17.820558563864765, 68.458552742148711 ] ] ] ] } },
{ "type": "Feature", "properties": { "fid": 156580, "navn": null, "hoyde_moh": 605, "arealInnsjo_km2": 0.0079, "magasinKategori": null, "fid_2": 1092, "id": 1092, "left": 17.486919847, "top": 68.946110046000001, "right": 17.986919847, "bottom": 68.446110046000001, "row_index": 11, "col_index": 27, "tile_id": 1092 }, "geometry": { "type": "MultiPolygon", "coordinates": [ [ [ [ 17.93417123454585, 68.459951560589516 ], [ 17.934655031191472, 68.459662359472716 ], [ 17.93353475368378, 68.459267140076761 ], [ 17.932072982871059, 68.459267423073044 ], [ 17.931543101722674, 68.459118337963559 ], [ 17.931906411568665, 68.459531492264247 ], [ 17.932350907437904, 68.459728484709927 ], [ 17.932282670044071, 68.46001991929117 ], [ 17.932899426684699, 68.460126633798637 ], [ 17.93417123454585, 68.459951560589516 ] ] ] ] } },
{ "type": "Feature", "properties": { "fid": 156581, "navn": null, "hoyde_moh": 554, "arealInnsjo_km2": 0.0089, "magasinKategori": null, "fid_2": 1092, "id": 1092, "left": 17.486919847, "top": 68.946110046000001, "right": 17.986919847, "bottom": 68.446110046000001, "row_index": 11, "col_index": 27, "tile_id": 1092 }, "geometry": { "type": "MultiPolygon", "coordinates": [ [ [ [ 17.835292389658342, 68.470540115745052 ], [ 17.8348655167703, 68.470371213145299 ], [ 17.835178687207559, 68.470301909190539 ], [ 17.834802989645127, 68.470274064411598 ], [ 17.834708396273175, 68.469983558387085 ], [ 17.833042593634094, 68.469893329396925 ], [ 17.833037130156406, 68.46968982719585 ], [ 17.832148394694546, 68.469511042921624 ], [ 17.831021537630438, 68.469655314200011 ], [ 17.831365576435207, 68.469930026307608 ], [ 17.835292389658342, 68.470540115745052 ] ] ] ] } },
{ "type": "Feature", "properties": { "fid": 156584, "navn": null, "hoyde_moh": 447, "arealInnsjo_km2": 0.0034, "magasinKategori": null, "fid_2": 1092, "id": 1092, "left": 17.486919847, "top": 68.946110046000001, "right": 17.986919847, "bottom": 68.446110046000001, "row_index": 11, "col_index": 27, "tile_id": 1092 }, "geometry": { "type": "MultiPolygon", "coordinates": [ [ [ [ 17.605872083707951, 68.485027017775849 ], [ 17.606095810777422, 68.484874366115804 ], [ 17.60489519276457, 68.484871751971767 ], [ 17.603372692097167, 68.485483568926014 ], [ 17.603388931168745, 68.485635093686099 ], [ 17.605872083707951, 68.485027017775849 ] ] ] ] } },
{ "type": "Feature", "properties": { "fid": 156606, "navn": null, "hoyde_moh": 266, "arealInnsjo_km2": 0.0086, "magasinKategori": null, "fid_2": 1092, "id": 1092, "left": 17.486919847, "top": 68.946110046000001, "right": 17.986919847, "bottom": 68.446110046000001, "row_index": 11, "col_index": 27, "tile_id": 1092 }, "geometry": { "type": "MultiPolygon", "coordinates": [ [ [ [ 17.782908376625823, 68.495377993568397 ], [ 17.782227922100258, 68.495266215165515 ], [ 17.782988474711718, 68.495136631990874 ], [ 17.782305502958341, 68.494913048233187 ], [ 17.781705321152735, 68.495311687822792 ], [ 17.780879265112912, 68.494883742330074 ], [ 17.779805874499022, 68.494843010713183 ], [ 17.780184221825074, 68.494754603916775 ], [ 17.780049614468545, 68.494555492100915 ], [ 17.779066957473351, 68.494534256909532 ], [ 17.779070929131876, 68.494731494783224 ], [ 17.778808269715963, 68.494805774119271 ], [ 17.779488712075452, 68.494965410978878 ], [ 17.780418705761708, 68.495609769228366 ], [ 17.781387381858561, 68.495439670054509 ], [ 17.78167200247055, 68.495480101452188 ], [ 17.781550162822793, 68.495621078830453 ], [ 17.782381180323334, 68.495594637184098 ], [ 17.782908376625823, 68.495377993568397 ] ] ] ] } },
{ "type": "Feature", "properties": { "fid": 156608, "navn": null, "hoyde_moh": 272, "arealInnsjo_km2": 0.0036, "magasinKategori": null, "fid_2": 1092, "id": 1092, "left": 17.486919847, "top": 68.946110046000001, "right": 17.986919847, "bottom": 68.446110046000001, "row_index": 11, "col_index": 27, "tile_id": 1092 }, "geometry": { "type": "MultiPolygon", "coordinates": [ [ [ [ 17.770006477979322, 68.47305912311343 ], [ 17.769946505450246, 68.472587682465161 ], [ 17.770184747439963, 68.472098655161872 ], [ 17.76924844064542, 68.472130468738612 ], [ 17.769193521981745, 68.472829297148692 ], [ 17.769514453637679, 68.473104777379916 ], [ 17.770006477979322, 68.47305912311343 ] ] ] ] } },
{ "type": "Feature", "properties": { "fid": 156609, "navn": null, "hoyde_moh": 524, "arealInnsjo_km2": 0.004, "magasinKategori": null, "fid_2": 1092, "id": 1092, "left": 17.486919847, "top": 68.946110046000001, "right": 17.986919847, "bottom": 68.446110046000001, "row_index": 11, "col_index": 27, "tile_id": 1092 }, "geometry": { "type": "MultiPolygon", "coordinates": [ [ [ [ 17.811811061581839, 68.472015448730858 ], [ 17.810905275108087, 68.471301827311194 ], [ 17.810014867963044, 68.471269814161559 ], [ 17.810366788947359, 68.471655026866273 ], [ 17.810718550156761, 68.471785303225374 ], [ 17.810576914910488, 68.471921880761883 ], [ 17.810699464212735, 68.472038676712714 ], [ 17.811168355580268, 68.472069141319565 ], [ 17.810976240658867, 68.472161413252081 ], [ 17.811992886001594, 68.472425954613456 ], [ 17.811811061581839, 68.472015448730858 ] ] ] ] } },
{ "type": "Feature", "properties": { "fid": 156611, "navn": null, "hoyde_moh": 483, "arealInnsjo_km2": 0.0025, "magasinKategori": null, "fid_2": 1092, "id": 1092, "left": 17.486919847, "top": 68.946110046000001, "right": 17.986919847, "bottom": 68.446110046000001, "row_index": 11, "col_index": 27, "tile_id": 1092 }, "geometry": { "type": "MultiPolygon", "coordinates": [ [ [ [ 17.979003115303449, 68.469691346244957 ], [ 17.978909468134649, 68.469002986803673 ], [ 17.978284488856783, 68.469067516114009 ], [ 17.977779907758244, 68.469394834204479 ], [ 17.978482041640707, 68.469520698448733 ], [ 17.978356343930077, 68.469716761256066 ], [ 17.979003115303449, 68.469691346244957 ] ] ] ] } },
{ "type": "Feature", "properties": { "fid": 156613, "navn": null, "hoyde_moh": 512, "arealInnsjo_km2": 0.0086, "magasinKategori": null, "fid_2": 1092, "id": 1092, "left": 17.486919847, "top": 68.946110046000001, "right": 17.986919847, "bottom": 68.446110046000001, "row_index": 11, "col_index": 27, "tile_id": 1092 }, "geometry": { "type": "MultiPolygon", "coordinates": [ [ [ [ 17.953766762532791, 68.484141785052088 ], [ 17.953356607053763, 68.483743138484442 ], [ 17.953473948432332, 68.483576333480599 ], [ 17.953324880720736, 68.483373285047875 ], [ 17.951855937760882, 68.48341684614725 ], [ 17.951685955577371, 68.483514013616741 ], [ 17.951802266008272, 68.483715395782127 ], [ 17.951164496555343, 68.483942085861244 ], [ 17.951615717661205, 68.484234169341008 ], [ 17.953692987054783, 68.484359353541052 ], [ 17.953766762532791, 68.484141785052088 ] ] ] ] } },
{ "type": "Feature", "properties": { "fid": 156614, "navn": null, "hoyde_moh": 375, "arealInnsjo_km2": 0.0059, "magasinKategori": null, "fid_2": 1092, "id": 1092, "left": 17.486919847, "top": 68.946110046000001, "right": 17.986919847, "bottom": 68.446110046000001, "row_index": 11, "col_index": 27, "tile_id": 1092 }, "geometry": { "type": "MultiPolygon", "coordinates": [ [ [ [ 17.971412783146757, 68.497419237672247 ], [ 17.971206837392366, 68.497111363314232 ], [ 17.96948079595483, 68.496849713882384 ], [ 17.96853657731765, 68.496924695098855 ], [ 17.969141073585028, 68.497358833810495 ], [ 17.97116678344846, 68.497625053801997 ], [ 17.971412783146757, 68.497419237672247 ] ] ] ] } },
{ "type": "Feature", "properties": { "fid": 156615, "navn": null, "hoyde_moh": 367, "arealInnsjo_km2": 0.0059, "magasinKategori": null, "fid_2": 1092, "id": 1092, "left": 17.486919847, "top": 68.946110046000001, "right": 17.986919847, "bottom": 68.446110046000001, "row_index": 11, "col_index": 27, "tile_id": 1092 }, "geometry": { "type": "MultiPolygon", "coordinates": [ [ [ [ 17.958640264830105, 68.498468833860827 ], [ 17.958322211024289, 68.498348040680284 ], [ 17.958573681844953, 68.498259574953209 ], [ 17.957676112979645, 68.49826544140555 ], [ 17.957585935854823, 68.498130034557505 ], [ 17.956924067029249, 68.498229595366368 ], [ 17.956747642408569, 68.497979359999121 ], [ 17.955932164158767, 68.498055141293875 ], [ 17.955336504653054, 68.498260451051763 ], [ 17.955259131527303, 68.498467579195193 ], [ 17.956057032053653, 68.498578843735359 ], [ 17.956821719935856, 68.49845332431201 ], [ 17.958419136918149, 68.498676794086606 ], [ 17.958640264830105, 68.498468833860827 ] ] ] ] } },
{ "type": "Feature", "properties": { "fid": 156647, "navn": null, "hoyde_moh": 614, "arealInnsjo_km2": 0.0022, "magasinKategori": null, "fid_2": 1092, "id": 1092, "left": 17.486919847, "top": 68.946110046000001, "right": 17.986919847, "bottom": 68.446110046000001, "row_index": 11, "col_index": 27, "tile_id": 1092 }, "geometry": { "type": "MultiPolygon", "coordinates": [ [ [ [ 17.973175471012041, 68.458047254381725 ], [ 17.972881986086687, 68.45777882597109 ], [ 17.972096308514008, 68.457711255397271 ], [ 17.971565561368465, 68.458029685203982 ], [ 17.972750741804241, 68.458161180046304 ], [ 17.973175471012041, 68.458047254381725 ] ] ] ] } },
{ "type": "Feature", "properties": { "fid": 156648, "navn": null, "hoyde_moh": 625, "arealInnsjo_km2": 0.0036, "magasinKategori": null, "fid_2": 1092, "id": 1092, "left": 17.486919847, "top": 68.946110046000001, "right": 17.986919847, "bottom": 68.446110046000001, "row_index": 11, "col_index": 27, "tile_id": 1092 }, "geometry": { "type": "MultiPolygon", "coordinates": [ [ [ [ 17.977826577711539, 68.458015872442914 ], [ 17.977723019666357, 68.457663454535975 ], [ 17.975836707774132, 68.457455397664418 ], [ 17.977223004397743, 68.458151663604767 ], [ 17.977826577711539, 68.458015872442914 ] ] ] ] } },
{ "type": "Feature", "properties": { "fid": 156649, "navn": null, "hoyde_moh": 279, "arealInnsjo_km2": 0.0031, "magasinKategori": null, "fid_2": 1092, "id": 1092, "left": 17.486919847, "top": 68.946110046000001, "right": 17.986919847, "bottom": 68.446110046000001, "row_index": 11, "col_index": 27, "tile_id": 1092 }, "geometry": { "type": "MultiPolygon", "coordinates": [ [ [ [ 17.753153005283075, 68.464797359454536 ], [ 17.753321508892864, 68.464547918805451 ], [ 17.752269047203583, 68.464361629137159 ], [ 17.751925146203849, 68.464541061771868 ], [ 17.751466927686256, 68.464515914497497 ], [ 17.751324720939902, 68.464702535260344 ], [ 17.753153005283075, 68.464797359454536 ] ] ] ] } },
{ "type": "Feature", "properties": { "fid": 156650, "navn": null, "hoyde_moh": 533, "arealInnsjo_km2": 0.0038, "magasinKategori": null, "fid_2": 1092, "id": 1092, "left": 17.486919847, "top": 68.946110046000001, "right": 17.986919847, "bottom": 68.446110046000001, "row_index": 11, "col_index": 27, "tile_id": 1092 }, "geometry": { "type": "MultiPolygon", "coordinates": [ [ [ [ 17.964624389623246, 68.473821677501817 ], [ 17.964597400530629, 68.473638293909502 ], [ 17.964123169361923, 68.473312089091792 ], [ 17.964904705706342, 68.47304976157838 ], [ 17.964150145763391, 68.473131970260653 ], [ 17.963333839289689, 68.47294836387195 ], [ 17.962926860975433, 68.473133048074928 ], [ 17.96283358420115, 68.473409770668312 ], [ 17.963882891665854, 68.473582435323351 ], [ 17.963743210789687, 68.473753146083297 ], [ 17.964118682130724, 68.473714005438708 ], [ 17.964345926439641, 68.473867990884699 ], [ 17.964624389623246, 68.473821677501817 ] ] ] ] } },
{ "type": "Feature", "properties": { "fid": 156651, "navn": null, "hoyde_moh": 532, "arealInnsjo_km2": 0.0038, "magasinKategori": null, "fid_2": 1092, "id": 1092, "left": 17.486919847, "top": 68.946110046000001, "right": 17.986919847, "bottom": 68.446110046000001, "row_index": 11, "col_index": 27, "tile_id": 1092 }, "geometry": { "type": "MultiPolygon", "coordinates": [ [ [ [ 17.808486046060644, 68.476638911794083 ], [ 17.80849298459642, 68.476498041027639 ], [ 17.808925530961378, 68.476359283225804 ], [ 17.807416183381303, 68.476228559649627 ], [ 17.806135749731848, 68.476443092807529 ], [ 17.806368025476385, 68.476679688572901 ], [ 17.808486046060644, 68.476638911794083 ] ] ] ] } },
{ "type": "Feature", "properties": { "fid": 156652, "navn": null, "hoyde_moh": 474, "arealInnsjo_km2": 0.0031, "magasinKategori": null, "fid_2": 1092, "id": 1092, "left": 17.486919847, "top": 68.946110046000001, "right": 17.986919847, "bottom": 68.446110046000001, "row_index": 11, "col_index": 27, "tile_id": 1092 }, "geometry": { "type": "MultiPolygon", "coordinates": [ [ [ [ 17.810288744772539, 68.485719230532112 ], [ 17.810451124084022, 68.485567854428524 ], [ 17.810379586956369, 68.485266090297984 ], [ 17.809864760386574, 68.485267628463291 ], [ 17.808549543494596, 68.485796401230232 ], [ 17.80939310750945, 68.485926971304167 ], [ 17.810288744772539, 68.485719230532112 ] ] ] ] } },
{ "type": "Feature", "properties": { "fid": 156653, "navn": null, "hoyde_moh": 520, "arealInnsjo_km2": 0.0048, "magasinKategori": null, "fid_2": 1092, "id": 1092, "left": 17.486919847, "top": 68.946110046000001, "right": 17.986919847, "bottom": 68.446110046000001, "row_index": 11, "col_index": 27, "tile_id": 1092 }, "geometry": { "type": "MultiPolygon", "coordinates": [ [ [ [ 17.82963929253112, 68.485408365932656 ], [ 17.829035609548654, 68.484747359176268 ], [ 17.827804234184971, 68.484791564477419 ], [ 17.828213717762321, 68.485294448760271 ], [ 17.8281059110681, 68.485386574016076 ], [ 17.82954929021604, 68.48559767972823 ], [ 17.82963929253112, 68.485408365932656 ] ] ] ] } },
{ "type": "Feature", "properties": { "fid": 156654, "navn": null, "hoyde_moh": 281, "arealInnsjo_km2": 0.0057, "magasinKategori": null, "fid_2": 1092, "id": 1092, "left": 17.486919847, "top": 68.946110046000001, "right": 17.986919847, "bottom": 68.446110046000001, "row_index": 11, "col_index": 27, "tile_id": 1092 }, "geometry": { "type": "MultiPolygon", "coordinates": [ [ [ [ 17.570662230663618, 68.491855671431608 ], [ 17.571072858832665, 68.4914257378923 ], [ 17.569771357568076, 68.491573226418254 ], [ 17.569715053831153, 68.491338485120821 ], [ 17.569405001654356, 68.491349877522822 ], [ 17.569272479951106, 68.491548020104219 ], [ 17.568185098389392, 68.491709538105937 ], [ 17.568907845198183, 68.492105233272014 ], [ 17.569859069963346, 68.492148461566671 ], [ 17.570662230663618, 68.491855671431608 ] ] ] ] } },
{ "type": "Feature", "properties": { "fid": 156656, "navn": null, "hoyde_moh": 285, "arealInnsjo_km2": 0.0047, "magasinKategori": null, "fid_2": 1092, "id": 1092, "left": 17.486919847, "top": 68.946110046000001, "right": 17.986919847, "bottom": 68.446110046000001, "row_index": 11, "col_index": 27, "tile_id": 1092 }, "geometry": { "type": "MultiPolygon", "coordinates": [ [ [ [ 17.774052751110453, 68.47455724051548 ], [ 17.774245110757661, 68.47427443819069 ], [ 17.775557150538003, 68.473738807275595 ], [ 17.775556895711105, 68.473589442406734 ], [ 17.77472430160956, 68.473508887688155 ], [ 17.774215314622225, 68.473878349690651 ], [ 17.773793435209544, 68.473834436621303 ], [ 17.774006005949897, 68.473935404359736 ], [ 17.773181736028839, 68.474554242272774 ], [ 17.773648307904505, 68.474685387009004 ], [ 17.774052751110453, 68.47455724051548 ] ] ] ] } },
{ "type": "Feature", "properties": { "fid": 156657, "navn": null, "hoyde_moh": 521, "arealInnsjo_km2": 0.007, "magasinKategori": null, "fid_2": 1092, "id": 1092, "left": 17.486919847, "top": 68.946110046000001, "right": 17.986919847, "bottom": 68.446110046000001, "row_index": 11, "col_index": 27, "tile_id": 1092 }, "geometry": { "type": "MultiPolygon", "coordinates": [ [ [ [ 17.81481232277439, 68.458207135349909 ], [ 17.813434374555591, 68.458096356659254 ], [ 17.812108242909634, 68.457683168558106 ], [ 17.812359992503204, 68.457539173443962 ], [ 17.812216294182196, 68.457485482004586 ], [ 17.812283587592511, 68.457362717328763 ], [ 17.811234934304395, 68.457373681182105 ], [ 17.811611423329939, 68.457732174787623 ], [ 17.811397563609198, 68.45792167295933 ], [ 17.812036240036324, 68.458210144351298 ], [ 17.814264893342454, 68.458371632912275 ], [ 17.81481232277439, 68.458207135349909 ] ] ] ] } },
{ "type": "Feature", "properties": { "fid": 156658, "navn": null, "hoyde_moh": 657, "arealInnsjo_km2": 0.0172, "magasinKategori": null, "fid_2": 1092, "id": 1092, "left": 17.486919847, "top": 68.946110046000001, "right": 17.986919847, "bottom": 68.446110046000001, "row_index": 11, "col_index": 27, "tile_id": 1092 }, "geometry": { "type": "MultiPolygon", "coordinates": [ [ [ [ 17.855629459568686, 68.457610817910094 ], [ 17.855476030117202, 68.457196453800861 ], [ 17.855731261002845, 68.457051252872347 ], [ 17.855112974404147, 68.456708012967226 ], [ 17.853550071761237, 68.456576568037462 ], [ 17.852121947612922, 68.457109082749014 ], [ 17.851744243509049, 68.457493893569733 ], [ 17.8520655546636, 68.457814464591621 ], [ 17.85477495103736, 68.457780329243462 ], [ 17.855629459568686, 68.457610817910094 ] ] ] ] } },
{ "type": "Feature", "properties": { "fid": 156659, "navn": null, "hoyde_moh": 633, "arealInnsjo_km2": 0.0065, "magasinKategori": null, "fid_2": 1092, "id": 1092, "left": 17.486919847, "top": 68.946110046000001, "right": 17.986919847, "bottom": 68.446110046000001, "row_index": 11, "col_index": 27, "tile_id": 1092 }, "geometry": { "type": "MultiPolygon", "coordinates": [ [ [ [ 17.927991959060034, 68.456212448186164 ], [ 17.928170527354418, 68.455754082096107 ], [ 17.927274013326809, 68.455262355163015 ], [ 17.926438990952516, 68.455451471328658 ], [ 17.926361515424745, 68.455654996004412 ], [ 17.926593250840405, 68.455815052528806 ], [ 17.926485284306107, 68.456049094620553 ], [ 17.927116615127652, 68.456042997318804 ], [ 17.927087318398591, 68.456515001770725 ], [ 17.927521280150632, 68.456546467134672 ], [ 17.927991959060034, 68.456212448186164 ] ] ] ] } },
{ "type": "Feature", "properties": { "fid": 156660, "navn": null, "hoyde_moh": 613, "arealInnsjo_km2": 0.0033, "magasinKategori": null, "fid_2": 1092, "id": 1092, "left": 17.486919847, "top": 68.946110046000001, "right": 17.986919847, "bottom": 68.446110046000001, "row_index": 11, "col_index": 27, "tile_id": 1092 }, "geometry": { "type": "MultiPolygon", "coordinates": [ [ [ [ 17.937324568975757, 68.456215800432162 ], [ 17.937467246896265, 68.455738300830959 ], [ 17.936514258638503, 68.455546919032145 ], [ 17.936215916294852, 68.455721016499112 ], [ 17.936154242774503, 68.455836739856949 ], [ 17.93645460365423, 68.45625018067949 ], [ 17.936886503323272, 68.456395492042887 ], [ 17.937324568975757, 68.456215800432162 ] ] ] ] } },
{ "type": "Feature", "properties": { "fid": 156661, "navn": null, "hoyde_moh": 495, "arealInnsjo_km2": 0.0144, "magasinKategori": null, "fid_2": 1092, "id": 1092, "left": 17.486919847, "top": 68.946110046000001, "right": 17.986919847, "bottom": 68.446110046000001, "row_index": 11, "col_index": 27, "tile_id": 1092 }, "geometry": { "type": "MultiPolygon", "coordinates": [ [ [ [ 17.817559264221135, 68.484767924873196 ], [ 17.817512783444563, 68.484665832712452 ], [ 17.819188603115961, 68.484438285378474 ], [ 17.819680031723877, 68.484118168076137 ], [ 17.819403420779331, 68.483820034918068 ], [ 17.817779986362893, 68.483577131514281 ], [ 17.816731814306745, 68.483674281051222 ], [ 17.815576354276185, 68.484048631815028 ], [ 17.815724119340249, 68.484259077807522 ], [ 17.816180019716246, 68.484373503110632 ], [ 17.816063271264021, 68.484517835217247 ], [ 17.81655327698892, 68.484425221935211 ], [ 17.817355794855729, 68.48485608485295 ], [ 17.817559264221135, 68.484767924873196 ] ] ] ] } },
{ "type": "Feature", "properties": { "fid": 156662, "navn": null, "hoyde_moh": 391, "arealInnsjo_km2": 0.005, "magasinKategori": null, "fid_2": 1092, "id": 1092, "left": 17.486919847, "top": 68.946110046000001, "right": 17.986919847, "bottom": 68.446110046000001, "row_index": 11, "col_index": 27, "tile_id": 1092 }, "geometry": { "type": "MultiPolygon", "coordinates": [ [ [ [ 17.71253306064979, 68.488200735151992 ], [ 17.711550922337498, 68.488162315290509 ], [ 17.711852928721733, 68.4886631470754 ], [ 17.712257018615425, 68.488686052878492 ], [ 17.712195396760805, 68.48884906910267 ], [ 17.713910180182989, 68.489083875836499 ], [ 17.71253306064979, 68.488200735151992 ] ] ] ] } },
{ "type": "Feature", "properties": { "fid": 156685, "navn": null, "hoyde_moh": null, "arealInnsjo_km2": 0.0021, "magasinKategori": null, "fid_2": 1092, "id": 1092, "left": 17.486919847, "top": 68.946110046000001, "right": 17.986919847, "bottom": 68.446110046000001, "row_index": 11, "col_index": 27, "tile_id": 1092 }, "geometry": { "type": "MultiPolygon", "coordinates": [ [ [ [ 17.89126642536705, 68.450556140276419 ], [ 17.890644386723263, 68.450543899962412 ], [ 17.890269695527241, 68.450269652635853 ], [ 17.889749384790761, 68.450151427874729 ], [ 17.889422743564101, 68.450224663779181 ], [ 17.890768907859066, 68.450794188223853 ], [ 17.891343525289624, 68.450779238337319 ], [ 17.89126642536705, 68.450556140276419 ] ] ] ] } },
{ "type": "Feature", "properties": { "fid": 156686, "navn": null, "hoyde_moh": 484, "arealInnsjo_km2": 0.0054, "magasinKategori": null, "fid_2": 1092, "id": 1092, "left": 17.486919847, "top": 68.946110046000001, "right": 17.986919847, "bottom": 68.446110046000001, "row_index": 11, "col_index": 27, "tile_id": 1092 }, "geometry": { "type": "MultiPolygon", "coordinates": [ [ [ [ 17.967277088263359, 68.449239427247008 ], [ 17.966666148575126, 68.44897500128387 ], [ 17.966979101851823, 68.44873038064172 ], [ 17.966846720055635, 68.448610900522752 ], [ 17.965763715800005, 68.44877795275346 ], [ 17.965790717024614, 68.449075262044417 ], [ 17.964751979561633, 68.449345573561359 ], [ 17.965450615501094, 68.449353219193483 ], [ 17.965752494274053, 68.449521408709359 ], [ 17.967098545269774, 68.449492349498684 ], [ 17.967277088263359, 68.449239427247008 ] ] ] ] } },
{ "type": "Feature", "properties": { "fid": 156687, "navn": null, "hoyde_moh": 476, "arealInnsjo_km2": 0.0161, "magasinKategori": null, "fid_2": 1092, "id": 1092, "left": 17.486919847, "top": 68.946110046000001, "right": 17.986919847, "bottom": 68.446110046000001, "row_index": 11, "col_index": 27, "tile_id": 1092 }, "geometry": { "type": "MultiPolygon", "coordinates": [ [ [ [ 17.814915603063422, 68.46373587817034 ], [ 17.815250087111526, 68.463608442620895 ], [ 17.814833671064591, 68.463254306599779 ], [ 17.815263930625154, 68.462673641707738 ], [ 17.815180518476929, 68.462345058716011 ], [ 17.815394225922116, 68.462260227283423 ], [ 17.815414579928913, 68.462031247590673 ], [ 17.814808916118576, 68.461842412643946 ], [ 17.813630592685232, 68.461914365224715 ], [ 17.812094109454151, 68.462398788834307 ], [ 17.812708533032982, 68.462540268809661 ], [ 17.812882205845984, 68.46249291758221 ], [ 17.812630228184481, 68.462437094630218 ], [ 17.81281845970485, 68.462386985508701 ], [ 17.813346396028521, 68.462449843133513 ], [ 17.813404243568289, 68.462563324802701 ], [ 17.813074632148759, 68.462743637605215 ], [ 17.813730582284553, 68.463100935366782 ], [ 17.813653096679168, 68.463302866849716 ], [ 17.814019459406666, 68.463519963832624 ], [ 17.813772634155775, 68.463700054070259 ], [ 17.814917021313715, 68.463967095056404 ], [ 17.814915603063422, 68.46373587817034 ] ] ] ] } },
{ "type": "Feature", "properties": { "fid": 156688, "navn": null, "hoyde_moh": 553, "arealInnsjo_km2": 0.0067, "magasinKategori": null, "fid_2": 1092, "id": 1092, "left": 17.486919847, "top": 68.946110046000001, "right": 17.986919847, "bottom": 68.446110046000001, "row_index": 11, "col_index": 27, "tile_id": 1092 }, "geometry": { "type": "MultiPolygon", "coordinates": [ [ [ [ 17.984403594868382, 68.460902193089154 ], [ 17.983844772344355, 68.460512731744871 ], [ 17.984740984253087, 68.460161712841952 ], [ 17.984631097175097, 68.459993633197939 ], [ 17.982677698300296, 68.460164357953289 ], [ 17.982419775335973, 68.460342670127332 ], [ 17.982622874136602, 68.460647078366918 ], [ 17.984447596582903, 68.461126390674067 ], [ 17.984403594868382, 68.460902193089154 ] ] ] ] } },
{ "type": "Feature", "properties": { "fid": 156689, "navn": null, "hoyde_moh": 671, "arealInnsjo_km2": 0.0059, "magasinKategori": null, "fid_2": 1092, "id": 1092, "left": 17.486919847, "top": 68.946110046000001, "right": 17.986919847, "bottom": 68.446110046000001, "row_index": 11, "col_index": 27, "tile_id": 1092 }, "geometry": { "type": "MultiPolygon", "coordinates": [ [ [ [ 17.853622451946297, 68.447190276608666 ], [ 17.853842228344735, 68.44706480230036 ], [ 17.85550014462093, 68.44700053218304 ], [ 17.855662438029526, 68.446876215385117 ], [ 17.854535894292901, 68.44682136928661 ], [ 17.853660204998974, 68.446597063286475 ], [ 17.852066448277395, 68.446678176341635 ], [ 17.850854028414812, 68.446497655176501 ], [ 17.850883622711251, 68.446660890807465 ], [ 17.851462634066024, 68.44680363717751 ], [ 17.852466621188764, 68.446746225729456 ], [ 17.853055484411271, 68.446891491979329 ], [ 17.853349554773704, 68.447055156976802 ], [ 17.853277720079372, 68.447259979002865 ], [ 17.853738550809787, 68.447328787049287 ], [ 17.853622451946297, 68.447190276608666 ] ] ] ] } },
{ "type": "Feature", "properties": { "fid": 156691, "navn": null, "hoyde_moh": 725, "arealInnsjo_km2": 0.0038, "magasinKategori": null, "fid_2": 1092, "id": 1092, "left": 17.486919847, "top": 68.946110046000001, "right": 17.986919847, "bottom": 68.446110046000001, "row_index": 11, "col_index": 27, "tile_id": 1092 }, "geometry": { "type": "MultiPolygon", "coordinates": [ [ [ [ 17.904927477805629, 68.446271002510358 ], [ 17.904483605791153, 68.446110046 ], [ 17.902917928730233, 68.446110046 ], [ 17.902792325017657, 68.446182361221091 ], [ 17.90352863668906, 68.446402999527322 ], [ 17.904337115459413, 68.446424882931083 ], [ 17.904577036320866, 68.446582220949978 ], [ 17.904812602344872, 68.44651538218298 ], [ 17.904927477805629, 68.446271002510358 ] ] ] ] } },
{ "type": "Feature", "properties": { "fid": 156693, "navn": null, "hoyde_moh": 428, "arealInnsjo_km2": 0.0086, "magasinKategori": null, "fid_2": 1092, "id": 1092, "left": 17.486919847, "top": 68.946110046000001, "right": 17.986919847, "bottom": 68.446110046000001, "row_index": 11, "col_index": 27, "tile_id": 1092 }, "geometry": { "type": "MultiPolygon", "coordinates": [ [ [ [ 17.676572042328658, 68.494329361088703 ], [ 17.676158046637077, 68.494363703297097 ], [ 17.676433319443838, 68.494178534994347 ], [ 17.676475433309726, 68.493937397211809 ], [ 17.677710422645607, 68.493212442672828 ], [ 17.676495861766025, 68.493238831993892 ], [ 17.676133065727591, 68.493409868827243 ], [ 17.675110654948124, 68.493325919156092 ], [ 17.674685696913954, 68.493676475695565 ], [ 17.675427720583244, 68.493997288523374 ], [ 17.675459619760261, 68.494171541289631 ], [ 17.675818062268167, 68.494277393810975 ], [ 17.675827374477404, 68.49447157447679 ], [ 17.676088295910962, 68.494631760959408 ], [ 17.676530908479705, 68.494640675179639 ], [ 17.676572042328658, 68.494329361088703 ] ] ] ] } },
{ "type": "Feature", "properties": { "fid": 156696, "navn": null, "hoyde_moh": 651, "arealInnsjo_km2": 0.0057, "magasinKategori": null, "fid_2": 1092, "id": 1092, "left": 17.486919847, "top": 68.946110046000001, "right": 17.986919847, "bottom": 68.446110046000001, "row_index": 11, "col_index": 27, "tile_id": 1092 }, "geometry": { "type": "MultiPolygon", "coordinates": [ [ [ [ 17.841104362190453, 68.449409803858401 ], [ 17.840552415113908, 68.449013862943346 ], [ 17.840136093524592, 68.448935825337259 ], [ 17.840158391264616, 68.448605725848509 ], [ 17.839972786825967, 68.448545048865867 ], [ 17.839443250116325, 68.448685452763513 ], [ 17.838641030567192, 68.448616020984943 ], [ 17.837628257809047, 68.449042356606029 ], [ 17.838001892644211, 68.449072110222559 ], [ 17.838598263534411, 68.448833717385384 ], [ 17.839167968751596, 68.44898617921956 ], [ 17.838871572365925, 68.449122537348458 ], [ 17.840414450325376, 68.449194664389779 ], [ 17.840118628644703, 68.449327783360843 ], [ 17.840401640065988, 68.449491388475408 ], [ 17.841104362190453, 68.449409803858401 ] ] ] ] } },
{ "type": "Feature", "properties": { "fid": 156697, "navn": null, "hoyde_moh": 565, "arealInnsjo_km2": 0.0056, "magasinKategori": null, "fid_2": 1092, "id": 1092, "left": 17.486919847, "top": 68.946110046000001, "right": 17.986919847, "bottom": 68.446110046000001, "row_index": 11, "col_index": 27, "tile_id": 1092 }, "geometry": { "type": "MultiPolygon", "coordinates": [ [ [ [ 17.985981106526417, 68.458776068044102 ], [ 17.985645847377697, 68.458390437085498 ], [ 17.984904030220761, 68.458231827771286 ], [ 17.984319025628555, 68.458317397929662 ], [ 17.984082608957326, 68.458575141879166 ], [ 17.984257392642704, 68.458898187841115 ], [ 17.98382356670842, 68.45900584032438 ], [ 17.984136384734427, 68.459147500898936 ], [ 17.984761881062049, 68.458998365943017 ], [ 17.985552699585931, 68.459113458426145 ], [ 17.985981106526417, 68.458776068044102 ] ] ] ] } },
{ "type": "Feature", "properties": { "fid": 156698, "navn": null, "hoyde_moh": 505, "arealInnsjo_km2": 0.0135, "magasinKategori": null, "fid_2": 1092, "id": 1092, "left": 17.486919847, "top": 68.946110046000001, "right": 17.986919847, "bottom": 68.446110046000001, "row_index": 11, "col_index": 27, "tile_id": 1092 }, "geometry": { "type": "MultiPolygon", "coordinates": [ [ [ [ 17.877543819076763, 68.486033290660913 ], [ 17.878831074967199, 68.4862336423123 ], [ 17.880137384539871, 68.4861727828509 ], [ 17.879332084377445, 68.485793419806612 ], [ 17.876709582942379, 68.485203583934492 ], [ 17.876204963641761, 68.485713701593696 ], [ 17.875553394256663, 68.485680622374815 ], [ 17.875630496996838, 68.486097990054887 ], [ 17.875305309160492, 68.486398374489497 ], [ 17.875395087139683, 68.486561833063945 ], [ 17.877543819076763, 68.486033290660913 ] ] ] ] } },
{ "type": "Feature", "properties": { "fid": 156699, "navn": null, "hoyde_moh": 429, "arealInnsjo_km2": 0.0178, "magasinKategori": null, "fid_2": 1092, "id": 1092, "left": 17.486919847, "top": 68.946110046000001, "right": 17.986919847, "bottom": 68.446110046000001, "row_index": 11, "col_index": 27, "tile_id": 1092 }, "geometry": { "type": "MultiPolygon", "coordinates": [ [ [ [ 17.689352281950093, 68.492162034147086 ], [ 17.689585971821945, 68.49153436302187 ], [ 17.689394729364583, 68.491236823202556 ], [ 17.689623678120249, 68.491162958749072 ], [ 17.689245226308994, 68.490796792720488 ], [ 17.688321308831892, 68.490594566952169 ], [ 17.686990277330093, 68.490985263009733 ], [ 17.686933576891022, 68.491199441504222 ], [ 17.686560500386559, 68.491412674868272 ], [ 17.68657287950483, 68.491615424053975 ], [ 17.68712171203396, 68.492067279345264 ], [ 17.687966737745654, 68.492154986324877 ], [ 17.688884995011779, 68.492502268287041 ], [ 17.689352281950093, 68.492162034147086 ] ], [ [ 17.687968779628964, 68.491559754126513 ], [ 17.688162542729518, 68.491588872094894 ], [ 17.688055410233037, 68.491685465872763 ], [ 17.687857425493082, 68.491643489977747 ], [ 17.687968779628964, 68.491559754126513 ] ] ] ] } },
{ "type": "Feature", "properties": { "fid": 156744, "navn": null, "hoyde_moh": 328, "arealInnsjo_km2": 0.0083, "magasinKategori": null, "fid_2": 1092, "id": 1092, "left": 17.486919847, "top": 68.946110046000001, "right": 17.986919847, "bottom": 68.446110046000001, "row_index": 11, "col_index": 27, "tile_id": 1092 }, "geometry": { "type": "MultiPolygon", "coordinates": [ [ [ [ 17.741608429274535, 68.497609758791441 ], [ 17.74156118496229, 68.497363772525119 ], [ 17.740643102117936, 68.497145392781064 ], [ 17.740785934677756, 68.497028072468353 ], [ 17.74039397266618, 68.497019935465417 ], [ 17.7390609569972, 68.497271323270809 ], [ 17.738594933906548, 68.497566353652616 ], [ 17.739927044567516, 68.497972587744258 ], [ 17.740639832328977, 68.497985088857618 ], [ 17.741608429274535, 68.497609758791441 ] ] ] ] } },
{ "type": "Feature", "properties": { "fid": 156745, "navn": null, "hoyde_moh": 318, "arealInnsjo_km2": 0.0041, "magasinKategori": null, "fid_2": 1092, "id": 1092, "left": 17.486919847, "top": 68.946110046000001, "right": 17.986919847, "bottom": 68.446110046000001, "row_index": 11, "col_index": 27, "tile_id": 1092 }, "geometry": { "type": "MultiPolygon", "coordinates": [ [ [ [ 17.756691534736628, 68.497527881604668 ], [ 17.756965904699587, 68.497474540389348 ], [ 17.755526594932494, 68.496360795822213 ], [ 17.75526923226311, 68.496344916864416 ], [ 17.755316758551732, 68.496758395886815 ], [ 17.755954209739851, 68.497212181030548 ], [ 17.755943351851858, 68.497544126428082 ], [ 17.756501380528579, 68.497767983303817 ], [ 17.756691534736628, 68.497527881604668 ] ] ] ] } },
{ "type": "Feature", "properties": { "fid": 156746, "navn": null, "hoyde_moh": 493, "arealInnsjo_km2": 0.0073, "magasinKategori": null, "fid_2": 1092, "id": 1092, "left": 17.486919847, "top": 68.946110046000001, "right": 17.986919847, "bottom": 68.446110046000001, "row_index": 11, "col_index": 27, "tile_id": 1092 }, "geometry": { "type": "MultiPolygon", "coordinates": [ [ [ [ 17.801558417460868, 68.454206480400899 ], [ 17.801628311221069, 68.453650732369496 ], [ 17.800510163013673, 68.453517102925161 ], [ 17.79905906179636, 68.453828619084092 ], [ 17.799855338625758, 68.454317371180409 ], [ 17.801558417460868, 68.454206480400899 ] ] ] ] } },
{ "type": "Feature", "properties": { "fid": 156747, "navn": null, "hoyde_moh": 524, "arealInnsjo_km2": 0.0027, "magasinKategori": null, "fid_2": 1092, "id": 1092, "left": 17.486919847, "top": 68.946110046000001, "right": 17.986919847, "bottom": 68.446110046000001, "row_index": 11, "col_index": 27, "tile_id": 1092 }, "geometry": { "type": "MultiPolygon", "coordinates": [ [ [ [ 17.813768518426627, 68.472991393512643 ], [ 17.81362462297739, 68.472665979872474 ], [ 17.81280660177282, 68.472736895189271 ], [ 17.812577481627159, 68.472549447315856 ], [ 17.812190655315799, 68.472557914665998 ], [ 17.813176541075975, 68.473103308440528 ], [ 17.813123525888528, 68.47331362530484 ], [ 17.813536177439978, 68.473324022316191 ], [ 17.813768518426627, 68.472991393512643 ] ] ] ] } },
{ "type": "Feature", "properties": { "fid": 156749, "navn": null, "hoyde_moh": 556, "arealInnsjo_km2": 0.0199, "magasinKategori": null, "fid_2": 1092, "id": 1092, "left": 17.486919847, "top": 68.946110046000001, "right": 17.986919847, "bottom": 68.446110046000001, "row_index": 11, "col_index": 27, "tile_id": 1092 }, "geometry": { "type": "MultiPolygon", "coordinates": [ [ [ [ 17.849250698548147, 68.48014750915398 ], [ 17.849924780740448, 68.479988557926475 ], [ 17.849555694640401, 68.479851741227179 ], [ 17.849644850719368, 68.479771587599359 ], [ 17.850156621431996, 68.479723476955741 ], [ 17.849652391211254, 68.479373871609567 ], [ 17.849026856949116, 68.479349585805764 ], [ 17.849197151997867, 68.478982228072397 ], [ 17.848658222228302, 68.478960239067021 ], [ 17.848651425446022, 68.478667796933763 ], [ 17.847661934500863, 68.478624556708539 ], [ 17.846635738537163, 68.479027368076856 ], [ 17.846095488241886, 68.479497596706011 ], [ 17.846134997604576, 68.479675386561226 ], [ 17.84725758460732, 68.480122580448779 ], [ 17.846416741613062, 68.480161279402893 ], [ 17.846635662294226, 68.480379380682706 ], [ 17.849250698548147, 68.48014750915398 ] ], [ [ 17.848414142802678, 68.479869170499754 ], [ 17.849520047802663, 68.479960698684764 ], [ 17.848985747903672, 68.480024091920143 ], [ 17.848414142802678, 68.479869170499754 ] ] ] ] } },
{ "type": "Feature", "properties": { "fid": 156750, "navn": null, "hoyde_moh": 511, "arealInnsjo_km2": 0.0073, "magasinKategori": null, "fid_2": 1092, "id": 1092, "left": 17.486919847, "top": 68.946110046000001, "right": 17.986919847, "bottom": 68.446110046000001, "row_index": 11, "col_index": 27, "tile_id": 1092 }, "geometry": { "type": "MultiPolygon", "coordinates": [ [ [ [ 17.654869909250767, 68.486062792694696 ], [ 17.654866755183189, 68.485513700631884 ], [ 17.65401797899289, 68.485047290414485 ], [ 17.652804275453821, 68.484850360953274 ], [ 17.65302318031382, 68.485186093818754 ], [ 17.653018557832876, 68.485656859614423 ], [ 17.653366181182928, 68.48555818940612 ], [ 17.653515987168998, 68.485828055602397 ], [ 17.654122929208306, 68.485832361235865 ], [ 17.654320420858106, 68.486208284459011 ], [ 17.655038369750109, 68.486299780111835 ], [ 17.654869909250767, 68.486062792694696 ] ] ] ] } },
{ "type": "Feature", "properties": { "fid": 156751, "navn": null, "hoyde_moh": 539, "arealInnsjo_km2": 0.0073, "magasinKategori": null, "fid_2": 1092, "id": 1092, "left": 17.486919847, "top": 68.946110046000001, "right": 17.986919847, "bottom": 68.446110046000001, "row_index": 11, "col_index": 27, "tile_id": 1092 }, "geometry": { "type": "MultiPolygon", "coordinates": [ [ [ [ 17.918080706520929, 68.464516676415485 ], [ 17.91698100890148, 68.464200976610599 ], [ 17.916251348482152, 68.464230738715813 ], [ 17.915545178558055, 68.464581027655527 ], [ 17.916027487798271, 68.464908652857375 ], [ 17.918350650997048, 68.465012279995605 ], [ 17.918421482358323, 68.464898470230963 ], [ 17.918080706520929, 68.464516676415485 ] ] ] ] } },
{ "type": "Feature", "properties": { "fid": 156754, "navn": null, "hoyde_moh": 513, "arealInnsjo_km2": 0.0186, "magasinKategori": null, "fid_2": 1092, "id": 1092, "left": 17.486919847, "top": 68.946110046000001, "right": 17.986919847, "bottom": 68.446110046000001, "row_index": 11, "col_index": 27, "tile_id": 1092 }, "geometry": { "type": "MultiPolygon", "coordinates": [ [ [ [ 17.939040080242499, 68.488495249065821 ], [ 17.939533984690655, 68.488211880401124 ], [ 17.941608321562281, 68.4880100422222 ], [ 17.94175252517611, 68.487937846929526 ], [ 17.941737180018812, 68.487724273403273 ], [ 17.941566819340768, 68.487522397356329 ], [ 17.940823198120121, 68.487317201945203 ], [ 17.937265236245818, 68.487105407626373 ], [ 17.938077130741853, 68.487623272526321 ], [ 17.937457836035989, 68.487818969922941 ], [ 17.937176376896062, 68.488193771018786 ], [ 17.938581189696638, 68.4885289685256 ], [ 17.939040080242499, 68.488495249065821 ] ] ] ] } },
{ "type": "Feature", "properties": { "fid": 156794, "navn": null, "hoyde_moh": 497, "arealInnsjo_km2": 0.0067, "magasinKategori": null, "fid_2": 1092, "id": 1092, "left": 17.486919847, "top": 68.946110046000001, "right": 17.986919847, "bottom": 68.446110046000001, "row_index": 11, "col_index": 27, "tile_id": 1092 }, "geometry": { "type": "MultiPolygon", "coordinates": [ [ [ [ 17.927167426650474, 68.469995204112266 ], [ 17.927934767232848, 68.469830436890746 ], [ 17.927443958976895, 68.469501643927032 ], [ 17.926692940898185, 68.469384683221776 ], [ 17.926029699440232, 68.469515308233056 ], [ 17.925199895469717, 68.470132269884246 ], [ 17.926510091722903, 68.470328257103745 ], [ 17.927167426650474, 68.469995204112266 ] ] ] ] } },
{ "type": "Feature", "properties": { "fid": 156795, "navn": null, "hoyde_moh": 522, "arealInnsjo_km2": 0.0132, "magasinKategori": null, "fid_2": 1092, "id": 1092, "left": 17.486919847, "top": 68.946110046000001, "right": 17.986919847, "bottom": 68.446110046000001, "row_index": 11, "col_index": 27, "tile_id": 1092 }, "geometry": { "type": "MultiPolygon", "coordinates": [ [ [ [ 17.946092337066208, 68.469973381814398 ], [ 17.946381576901999, 68.469859847223219 ], [ 17.946177859895649, 68.46969195981066 ], [ 17.946847356389867, 68.469439498365119 ], [ 17.947437690635297, 68.469599685845111 ], [ 17.948398065775969, 68.469587545020062 ], [ 17.94978936348156, 68.469351004978108 ], [ 17.947278255393012, 68.469229745185771 ], [ 17.946893572313424, 68.469010369267821 ], [ 17.946048554641756, 68.469307393759507 ], [ 17.945397377481502, 68.469280330136158 ], [ 17.945215114656264, 68.46905191540165 ], [ 17.944596716260623, 68.468974357741601 ], [ 17.943783648007695, 68.469094670781573 ], [ 17.944034713720882, 68.469277259743791 ], [ 17.944985388351096, 68.469329587534588 ], [ 17.943841906845559, 68.469613353046512 ], [ 17.943716571587853, 68.469812610897804 ], [ 17.944209181474715, 68.46999382819989 ], [ 17.946092337066208, 68.469973381814398 ] ] ] ] } },
{ "type": "Feature", "properties": { "fid": 156796, "navn": null, "hoyde_moh": 568, "arealInnsjo_km2": 0.003, "magasinKategori": null, "fid_2": 1092, "id": 1092, "left": 17.486919847, "top": 68.946110046000001, "right": 17.986919847, "bottom": 68.446110046000001, "row_index": 11, "col_index": 27, "tile_id": 1092 }, "geometry": { "type": "MultiPolygon", "coordinates": [ [ [ [ 17.828915249460895, 68.472790044788255 ], [ 17.827969885268274, 68.472555908616755 ], [ 17.827853247630991, 68.472723499075698 ], [ 17.828100445658404, 68.472788717790422 ], [ 17.827955621879674, 68.47295373191416 ], [ 17.826923547323187, 68.473183178741436 ], [ 17.828559497861548, 68.473230438044411 ], [ 17.828915249460895, 68.472790044788255 ] ] ] ] } },
{ "type": "Feature", "properties": { "fid": 157871, "navn": null, "hoyde_moh": 504, "arealInnsjo_km2": 0.0089, "magasinKategori": null, "fid_2": 1092, "id": 1092, "left": 17.486919847, "top": 68.946110046000001, "right": 17.986919847, "bottom": 68.446110046000001, "row_index": 11, "col_index": 27, "tile_id": 1092 }, "geometry": { "type": "MultiPolygon", "coordinates": [ [ [ [ 17.82300319142146, 68.464371776574808 ], [ 17.823690323614851, 68.464644489985986 ], [ 17.824465521944404, 68.464644078311494 ], [ 17.824583819702298, 68.46447816744822 ], [ 17.824904142102902, 68.464452837396593 ], [ 17.824412879485347, 68.46428912599805 ], [ 17.823876211721757, 68.464385877126617 ], [ 17.820973937727874, 68.464137556995496 ], [ 17.818995463521375, 68.464398514561211 ], [ 17.819959644115489, 68.46448731410112 ], [ 17.820904101143693, 68.464840985726795 ], [ 17.821520846868193, 68.464831675963822 ], [ 17.82300319142146, 68.464371776574808 ] ] ] ] } },
{ "type": "Feature", "properties": { "fid": 157957, "navn": null, "hoyde_moh": 661, "arealInnsjo_km2": 0.015, "magasinKategori": null, "fid_2": 1092, "id": 1092, "left": 17.486919847, "top": 68.946110046000001, "right": 17.986919847, "bottom": 68.446110046000001, "row_index": 11, "col_index": 27, "tile_id": 1092 }, "geometry": { "type": "MultiPolygon", "coordinates": [ [ [ [ 17.854533389111616, 68.456067422577178 ], [ 17.854984462876992, 68.456200671197351 ], [ 17.855979096247474, 68.456069792883582 ], [ 17.856104042778068, 68.45573623190846 ], [ 17.855996705120287, 68.455632762703104 ], [ 17.856397241287866, 68.45549729080355 ], [ 17.856343133502698, 68.455252513876786 ], [ 17.856626221313459, 68.455065093025397 ], [ 17.856387695905227, 68.454549305166069 ], [ 17.85572669424047, 68.454234805110019 ], [ 17.855181202751378, 68.454736763646864 ], [ 17.853832984606914, 68.455345852825019 ], [ 17.853801207440142, 68.455545054588526 ], [ 17.854302450797576, 68.45586892851054 ], [ 17.854367369438709, 68.456236326405644 ], [ 17.854533389111616, 68.456067422577178 ] ] ] ] } },
{ "type": "Feature", "properties": { "fid": 157958, "navn": null, "hoyde_moh": 577, "arealInnsjo_km2": 0.0048, "magasinKategori": null, "fid_2": 1092, "id": 1092, "left": 17.486919847, "top": 68.946110046000001, "right": 17.986919847, "bottom": 68.446110046000001, "row_index": 11, "col_index": 27, "tile_id": 1092 }, "geometry": { "type": "MultiPolygon", "coordinates": [ [ [ [ 17.830014930315706, 68.459589644871116 ], [ 17.831085949156591, 68.459137873152216 ], [ 17.830166324082878, 68.458944974267808 ], [ 17.829274594271745, 68.459127279266625 ], [ 17.828975419689478, 68.459436288168732 ], [ 17.829093667637423, 68.459684474712375 ], [ 17.829857513914284, 68.459838718557521 ], [ 17.830014930315706, 68.459589644871116 ] ] ] ] } },
{ "type": "Feature", "properties": { "fid": 157959, "navn": null, "hoyde_moh": 574, "arealInnsjo_km2": 0.0034, "magasinKategori": null, "fid_2": 1092, "id": 1092, "left": 17.486919847, "top": 68.946110046000001, "right": 17.986919847, "bottom": 68.446110046000001, "row_index": 11, "col_index": 27, "tile_id": 1092 }, "geometry": { "type": "MultiPolygon", "coordinates": [ [ [ [ 17.831012263551276, 68.46093987083367 ], [ 17.831042818639563, 68.460733156594813 ], [ 17.830344077348165, 68.460617315465981 ], [ 17.829884228656617, 68.460227951085102 ], [ 17.829408244874955, 68.460260140442486 ], [ 17.829180315814554, 68.460480691221903 ], [ 17.829680938150442, 68.46070787554676 ], [ 17.829633911907866, 68.46089628561154 ], [ 17.831012263551276, 68.46093987083367 ] ] ] ] } },
{ "type": "Feature", "properties": { "fid": 157960, "navn": null, "hoyde_moh": 545, "arealInnsjo_km2": 0.0039, "magasinKategori": null, "fid_2": 1092, "id": 1092, "left": 17.486919847, "top": 68.946110046000001, "right": 17.986919847, "bottom": 68.446110046000001, "row_index": 11, "col_index": 27, "tile_id": 1092 }, "geometry": { "type": "MultiPolygon", "coordinates": [ [ [ [ 17.953664633031078, 68.460137579687697 ], [ 17.951335641076597, 68.460106908843301 ], [ 17.952534897021192, 68.460456811672898 ], [ 17.954253515429173, 68.460540608528632 ], [ 17.953664633031078, 68.460137579687697 ] ] ] ] } },
{ "type": "Feature", "properties": { "fid": 158031, "navn": null, "hoyde_moh": 716, "arealInnsjo_km2": 0.0215, "magasinKategori": null, "fid_2": 1092, "id": 1092, "left": 17.486919847, "top": 68.946110046000001, "right": 17.986919847, "bottom": 68.446110046000001, "row_index": 11, "col_index": 27, "tile_id": 1092 }, "geometry": { "type": "MultiPolygon", "coordinates": [ [ [ [ 17.865445723938191, 68.453427178271127 ], [ 17.867155926314258, 68.453606259291206 ], [ 17.867441241140767, 68.453512410964748 ], [ 17.867223575843681, 68.453267115259607 ], [ 17.8672562345313, 68.452979470196283 ], [ 17.867861201223061, 68.452679420077658 ], [ 17.866297507618395, 68.452617323511276 ], [ 17.866479648294334, 68.452418505913471 ], [ 17.866243070435576, 68.452351457875878 ], [ 17.866441592670615, 68.452226061338635 ], [ 17.866292514898834, 68.452142254399462 ], [ 17.866434765645646, 68.451954353497882 ], [ 17.865639292016493, 68.45184345884077 ], [ 17.863270772288672, 68.452778809903521 ], [ 17.863297671414582, 68.453182405557968 ], [ 17.864973739086615, 68.453468290325958 ], [ 17.865439296382977, 68.453704229686977 ], [ 17.865676170032181, 68.453644338717851 ], [ 17.865445723938191, 68.453427178271127 ] ] ] ] } },
{ "type": "Feature", "properties": { "fid": 161675, "navn": "Dalvatnet", "hoyde_moh": 278, "arealInnsjo_km2": 0.2494, "magasinKategori": null, "fid_2": 1092, "id": 1092, "left": 17.486919847, "top": 68.946110046000001, "right": 17.986919847, "bottom": 68.446110046000001, "row_index": 11, "col_index": 27, "tile_id": 1092 }, "geometry": { "type": "MultiPolygon", "coordinates": [ [ [ [ 17.806984839137019, 68.491723331784129 ], [ 17.80692702747594, 68.491541624323204 ], [ 17.804738300560881, 68.490760474615414 ], [ 17.804503063649555, 68.49038487622586 ], [ 17.804942353607888, 68.490142519321424 ], [ 17.803985804422929, 68.489562019558022 ], [ 17.80176684881933, 68.488826582875717 ], [ 17.799261915520944, 68.488529464817532 ], [ 17.796577053036632, 68.487823554273916 ], [ 17.793780369988283, 68.486724316576627 ], [ 17.792759431717183, 68.485989357063886 ], [ 17.792789853345912, 68.485738941920772 ], [ 17.793200211162301, 68.485464064268072 ], [ 17.793136632272358, 68.485060638135451 ], [ 17.792776499736885, 68.484816011433082 ], [ 17.793115746951987, 68.484248963184015 ], [ 17.792723193040995, 68.483898234776092 ], [ 17.792517396754718, 68.483382726180722 ], [ 17.792050625171466, 68.483103968406724 ], [ 17.792158154024815, 68.482881891809086 ], [ 17.792036903861653, 68.48276937006726 ], [ 17.79101771987904, 68.482608785558583 ], [ 17.789320584201199, 68.482644843806284 ], [ 17.788478716062173, 68.482355621586578 ], [ 17.787532861398791, 68.482285626936545 ], [ 17.786972406181444, 68.482061375795553 ], [ 17.786494882049411, 68.481551905464059 ], [ 17.785337715875801, 68.480854359727601 ], [ 17.785459939213158, 68.480697483075161 ], [ 17.785356051936276, 68.480574704596762 ], [ 17.784466070808524, 68.480477284503309 ], [ 17.784131537775515, 68.480591816793492 ], [ 17.784614254616553, 68.480866290235909 ], [ 17.7846897503718, 68.480963059978293 ], [ 17.784552403534356, 68.481060762434254 ], [ 17.784796368180835, 68.481340099219878 ], [ 17.785375603166834, 68.481695192516085 ], [ 17.786042018691269, 68.481632861325451 ], [ 17.78601116805245, 68.481935884132469 ], [ 17.786749975817337, 68.482170997248659 ], [ 17.787232505544988, 68.48261584235469 ], [ 17.789369338966754, 68.483006057884637 ], [ 17.788973080603387, 68.483512017942388 ], [ 17.789511591647585, 68.483619483975502 ], [ 17.789508811672288, 68.483737572225209 ], [ 17.788623830351948, 68.483885867578991 ], [ 17.788457342786721, 68.484072387403685 ], [ 17.7891765889736, 68.484374063619413 ], [ 17.789408284195027, 68.484638428635037 ], [ 17.790163584938188, 68.484849645556508 ], [ 17.790387639772572, 68.485345014257661 ], [ 17.788558930386447, 68.485424274731173 ], [ 17.788237977464345, 68.485738406955647 ], [ 17.788297459675881, 68.486045942335082 ], [ 17.78949523703481, 68.486699080713578 ], [ 17.789672666660866, 68.487672331042958 ], [ 17.789366415994142, 68.487836311738718 ], [ 17.789424520975775, 68.488081033853504 ], [ 17.789871082776383, 68.488466867563275 ], [ 17.790029692583811, 68.489089536582853 ], [ 17.790580627870963, 68.48956761678356 ], [ 17.790393163366577, 68.489695421309463 ], [ 17.790664912555233, 68.489774650168741 ], [ 17.790491510387685, 68.489881664377805 ], [ 17.791020806527925, 68.490150769773365 ], [ 17.791452803172831, 68.490622030359532 ], [ 17.792102653259768, 68.490767941866181 ], [ 17.792338153976541, 68.490563752633847 ], [ 17.792740488573809, 68.490543676998655 ], [ 17.793177973244848, 68.49071286978436 ], [ 17.794415515316285, 68.490745212394714 ], [ 17.795751697242338, 68.490256425100526 ], [ 17.794987755275287, 68.489781641631282 ], [ 17.793780355154471, 68.489672231385128 ], [ 17.794614912237808, 68.489128704403342 ], [ 17.796750394358519, 68.489397225512079 ], [ 17.797550075555357, 68.489340886941591 ], [ 17.798564474759687, 68.489531049526278 ], [ 17.800082601981586, 68.490045468828527 ], [ 17.800271384269379, 68.490269963546524 ], [ 17.80085830345535, 68.490349837282636 ], [ 17.801206664395508, 68.490724896635825 ], [ 17.803506664559123, 68.491723619623201 ], [ 17.805121464585916, 68.491921210167177 ], [ 17.806984839137019, 68.491723331784129 ] ], [ [ 17.790700046295417, 68.488732782229462 ], [ 17.791184868359064, 68.48880648869455 ], [ 17.791109040952193, 68.488917265281842 ], [ 17.790700046295417, 68.488732782229462 ] ], [ [ 17.79257135447892, 68.489524060400072 ], [ 17.792844341062278, 68.489601380114635 ], [ 17.792630486526345, 68.48971149416785 ], [ 17.792857511037276, 68.489836437195976 ], [ 17.792605830410107, 68.489838474729041 ], [ 17.79222287078067, 68.489439469771185 ], [ 17.792558818656705, 68.489351469835512 ], [ 17.79257135447892, 68.489524060400072 ] ], [ [ 17.803826626381866, 68.490494303522624 ], [ 17.803805881466747, 68.490319336401356 ], [ 17.80410687373049, 68.490389347898656 ], [ 17.803826626381866, 68.490494303522624 ] ] ] ] } },
{ "type": "Feature", "properties": { "fid": 161782, "navn": "Jeksla", "hoyde_moh": 517, "arealInnsjo_km2": 0.0621, "magasinKategori": null, "fid_2": 1092, "id": 1092, "left": 17.486919847, "top": 68.946110046000001, "right": 17.986919847, "bottom": 68.446110046000001, "row_index": 11, "col_index": 27, "tile_id": 1092 }, "geometry": { "type": "MultiPolygon", "coordinates": [ [ [ [ 17.964825051961284, 68.46633242646385 ], [ 17.966169325860264, 68.466500120596294 ], [ 17.966438944240764, 68.466448572807451 ], [ 17.966220633163726, 68.466347310929976 ], [ 17.966765130307365, 68.46628434121142 ], [ 17.967133961599128, 68.466411574873646 ], [ 17.96804559319245, 68.466170624906752 ], [ 17.967912914659824, 68.465965951854571 ], [ 17.968169474466471, 68.465852238031488 ], [ 17.965268346236044, 68.465246279841125 ], [ 17.965193607735817, 68.465058355014264 ], [ 17.965457002355965, 68.46498555205018 ], [ 17.966553750032375, 68.465088675947143 ], [ 17.966858867297404, 68.46490928571248 ], [ 17.964351331862243, 68.46407809635383 ], [ 17.96346251237463, 68.464520708976195 ], [ 17.962039562649721, 68.46494511160715 ], [ 17.958876776691515, 68.465438847185965 ], [ 17.957713436251773, 68.465842644864509 ], [ 17.957917381811608, 68.466071652214865 ], [ 17.959350672975663, 68.466440182548396 ], [ 17.960139377053675, 68.466443035032285 ], [ 17.960382253265841, 68.466263680215263 ], [ 17.961160582912161, 68.46616310988513 ], [ 17.961565040040213, 68.466277156913662 ], [ 17.960762940559626, 68.466410827604193 ], [ 17.963744672087888, 68.466580114593953 ], [ 17.964825051961284, 68.46633242646385 ] ] ] ] } },
{ "type": "Feature", "properties": { "fid": 162826, "navn": null, "hoyde_moh": 442, "arealInnsjo_km2": 0.0025, "magasinKategori": null, "fid_2": 1092, "id": 1092, "left": 17.486919847, "top": 68.946110046000001, "right": 17.986919847, "bottom": 68.446110046000001, "row_index": 11, "col_index": 27, "tile_id": 1092 }, "geometry": { "type": "MultiPolygon", "coordinates": [ [ [ [ 17.883003340856465, 68.491492457057461 ], [ 17.882770579160006, 68.491359288881753 ], [ 17.88272834796593, 68.49108980422119 ], [ 17.881988423505003, 68.491383506847669 ], [ 17.881601120919257, 68.491331273583071 ], [ 17.882067792450744, 68.490947381858192 ], [ 17.881061204830324, 68.491325290450433 ], [ 17.881560989669744, 68.491405934508691 ], [ 17.881462646555583, 68.49150942477138 ], [ 17.881598009258713, 68.491611681691083 ], [ 17.882171299873264, 68.491503439485015 ], [ 17.88286950010955, 68.491655089268306 ], [ 17.883003340856465, 68.491492457057461 ] ] ] ] } },
{ "type": "Feature", "properties": { "fid": 162900, "navn": null, "hoyde_moh": 569, "arealInnsjo_km2": 0.0128, "magasinKategori": null, "fid_2": 1092, "id": 1092, "left": 17.486919847, "top": 68.946110046000001, "right": 17.986919847, "bottom": 68.446110046000001, "row_index": 11, "col_index": 27, "tile_id": 1092 }, "geometry": { "type": "MultiPolygon", "coordinates": [ [ [ [ 17.646764494770022, 68.494787419349706 ], [ 17.646952271996231, 68.494527838038749 ], [ 17.646913030069989, 68.494130470723476 ], [ 17.647408939921693, 68.493573953052547 ], [ 17.647258451625156, 68.493237582015595 ], [ 17.646759776466073, 68.493035868009216 ], [ 17.646176962135797, 68.493226555407674 ], [ 17.645860252815872, 68.494041258045741 ], [ 17.645395009711429, 68.494611468506704 ], [ 17.644793238224771, 68.495018765693544 ], [ 17.645459271698204, 68.495301949311013 ], [ 17.646764494770022, 68.494787419349706 ] ] ] ] } },
{ "type": "Feature", "properties": { "fid": 163003, "navn": null, "hoyde_moh": 482, "arealInnsjo_km2": 0.0208, "magasinKategori": null, "fid_2": 1092, "id": 1092, "left": 17.486919847, "top": 68.946110046000001, "right": 17.986919847, "bottom": 68.446110046000001, "row_index": 11, "col_index": 27, "tile_id": 1092 }, "geometry": { "type": "MultiPolygon", "coordinates": [ [ [ [ 17.963410703777217, 68.447453231880715 ], [ 17.963733431307325, 68.447443478256687 ], [ 17.963654420392537, 68.447337953835031 ], [ 17.964187860528284, 68.447057923207581 ], [ 17.964657038269443, 68.447083280238829 ], [ 17.964840772685903, 68.447285523621531 ], [ 17.964678093522007, 68.447387517802284 ], [ 17.964939073216701, 68.447463693916447 ], [ 17.965168712158626, 68.447349111785144 ], [ 17.965636867944863, 68.447452320249667 ], [ 17.965544810855064, 68.447150417842437 ], [ 17.96717872078586, 68.44726205249907 ], [ 17.967306561127263, 68.447425154291309 ], [ 17.967617595873104, 68.447173563454342 ], [ 17.966561621455693, 68.447080599602415 ], [ 17.966438701617442, 68.446936352935339 ], [ 17.96735694397147, 68.446792684817282 ], [ 17.967252517076151, 68.446674056208138 ], [ 17.966616380701915, 68.446650857664181 ], [ 17.966159280919747, 68.446443764633443 ], [ 17.965554584850054, 68.44658591145722 ], [ 17.965501773319577, 68.446382247131524 ], [ 17.965047826969688, 68.446163693851119 ], [ 17.964913633576526, 68.446110046 ], [ 17.962943965206257, 68.446110046 ], [ 17.962953953589228, 68.446139095619912 ], [ 17.962453503558159, 68.446223455261773 ], [ 17.962435591582647, 68.446371992493098 ], [ 17.961769047372083, 68.446599519562398 ], [ 17.963024309092713, 68.44691145049147 ], [ 17.963167251438843, 68.446664280363407 ], [ 17.963867417813582, 68.446505279811319 ], [ 17.963791766160128, 68.44613081656793 ], [ 17.964455543712315, 68.446212339420995 ], [ 17.964565331504478, 68.446437259319325 ], [ 17.964237616615776, 68.4464610183893 ], [ 17.964185664159395, 68.446636642751585 ], [ 17.964539884071158, 68.446962451591943 ], [ 17.964095504324714, 68.446854240676828 ], [ 17.962841552214449, 68.447117489540943 ], [ 17.962468310393589, 68.446968872859401 ], [ 17.962240942602318, 68.447197875360345 ], [ 17.962668992907233, 68.447310060997538 ], [ 17.962770121361174, 68.447481987713857 ], [ 17.963504892177209, 68.447594487912042 ], [ 17.963410703777217, 68.447453231880715 ] ], [ [ 17.965135665958332, 68.446882591708075 ], [ 17.966141562964982, 68.446805966635083 ], [ 17.965608236825659, 68.447019567531285 ], [ 17.965135665958332, 68.446882591708075 ] ] ] ] } },
{ "type": "Feature", "properties": { "fid": 163005, "navn": null, "hoyde_moh": 556, "arealInnsjo_km2": 0.0081, "magasinKategori": null, "fid_2": 1092, "id": 1092, "left": 17.486919847, "top": 68.946110046000001, "right": 17.986919847, "bottom": 68.446110046000001, "row_index": 11, "col_index": 27, "tile_id": 1092 }, "geometry": { "type": "MultiPolygon", "coordinates": [ [ [ [ 17.986911542779172, 68.447145597440283 ], [ 17.986919847, 68.44712283693984 ], [ 17.986919847, 68.44683582652155 ], [ 17.986858553296273, 68.446788510432583 ], [ 17.986919847, 68.446763877249339 ], [ 17.986919847, 68.446661755678406 ], [ 17.986843001171088, 68.446620724517189 ], [ 17.985677999027484, 68.446691963918724 ], [ 17.986194294111435, 68.44699095978342 ], [ 17.985356604157328, 68.446822756293955 ], [ 17.986633892732677, 68.447389539267022 ], [ 17.986919847, 68.447446147698287 ], [ 17.986919847, 68.447146731323613 ], [ 17.986911542779172, 68.447145597440283 ] ] ] ] } },
{ "type": "Feature", "properties": { "fid": 163099, "navn": null, "hoyde_moh": 770, "arealInnsjo_km2": 0.0029, "magasinKategori": null, "fid_2": 1092, "id": 1092, "left": 17.486919847, "top": 68.946110046000001, "right": 17.986919847, "bottom": 68.446110046000001, "row_index": 11, "col_index": 27, "tile_id": 1092 }, "geometry": { "type": "MultiPolygon", "coordinates": [ [ [ [ 17.882114999541539, 68.450005007748146 ], [ 17.882254813849464, 68.449847027063441 ], [ 17.882945398688431, 68.44970945646611 ], [ 17.883123759960984, 68.449522533156369 ], [ 17.882270414359859, 68.449400146196751 ], [ 17.881702343574261, 68.449533361003205 ], [ 17.881949883058141, 68.449753438353355 ], [ 17.881403183801257, 68.449870484343265 ], [ 17.881735491365628, 68.450179053871452 ], [ 17.882276075581601, 68.450205656485124 ], [ 17.882114999541539, 68.450005007748146 ] ] ] ] } },
{ "type": "Feature", "properties": { "fid": 163100, "navn": null, "hoyde_moh": 647, "arealInnsjo_km2": 0.0051, "magasinKategori": null, "fid_2": 1092, "id": 1092, "left": 17.486919847, "top": 68.946110046000001, "right": 17.986919847, "bottom": 68.446110046000001, "row_index": 11, "col_index": 27, "tile_id": 1092 }, "geometry": { "type": "MultiPolygon", "coordinates": [ [ [ [ 17.844348028854057, 68.448476784016478 ], [ 17.844204252909261, 68.448344932113812 ], [ 17.844331196299969, 68.448212699854565 ], [ 17.844231486491189, 68.448085664974869 ], [ 17.843531739131638, 68.447996202797029 ], [ 17.844254052343629, 68.447645502511108 ], [ 17.842160517385576, 68.447672890137653 ], [ 17.843133793315776, 68.448342288865703 ], [ 17.844348028854057, 68.448476784016478 ] ] ] ] } },
{ "type": "Feature", "properties": { "fid": 163137, "navn": null, "hoyde_moh": 276, "arealInnsjo_km2": 0.0097, "magasinKategori": null, "fid_2": 1092, "id": 1092, "left": 17.486919847, "top": 68.946110046000001, "right": 17.986919847, "bottom": 68.446110046000001, "row_index": 11, "col_index": 27, "tile_id": 1092 }, "geometry": { "type": "MultiPolygon", "coordinates": [ [ [ [ 17.801335460201493, 68.495497776488975 ], [ 17.801151440458881, 68.495160276723112 ], [ 17.801750759596874, 68.495007806211646 ], [ 17.802326728313766, 68.494554916425514 ], [ 17.802262950161801, 68.49426181766583 ], [ 17.801405022447153, 68.494195092295655 ], [ 17.799954181072081, 68.494655855330535 ], [ 17.800087285224567, 68.494912429157381 ], [ 17.799891438074923, 68.495102771879417 ], [ 17.800552003753154, 68.495392728707557 ], [ 17.800549662692113, 68.495677596244732 ], [ 17.800928136821227, 68.495752424523133 ], [ 17.801335460201493, 68.495497776488975 ] ] ] ] } },
{ "type": "Feature", "properties": { "fid": 163186, "navn": null, "hoyde_moh": 595, "arealInnsjo_km2": 0.0117, "magasinKategori": null, "fid_2": 1092, "id": 1092, "left": 17.486919847, "top": 68.946110046000001, "right": 17.986919847, "bottom": 68.446110046000001, "row_index": 11, "col_index": 27, "tile_id": 1092 }, "geometry": { "type": "MultiPolygon", "coordinates": [ [ [ [ 17.861260051279118, 68.476600971688228 ], [ 17.861390141796516, 68.476468045565937 ], [ 17.861143849716015, 68.476449718431169 ], [ 17.861315415380968, 68.476287178345771 ], [ 17.862623396361538, 68.475850103417955 ], [ 17.862816916139394, 68.475642929938189 ], [ 17.862599594482141, 68.475463421885777 ], [ 17.863298591614267, 68.475095811171684 ], [ 17.863305361320531, 68.474888775609386 ], [ 17.861640482322994, 68.475226831304553 ], [ 17.859892299882286, 68.476324846342777 ], [ 17.86004241216952, 68.476516187338817 ], [ 17.860595470962309, 68.476682965967555 ], [ 17.861260051279118, 68.476600971688228 ] ] ] ] } },
{ "type": "Feature", "properties": { "fid": 163344, "navn": null, "hoyde_moh": 277, "arealInnsjo_km2": 0.0026, "magasinKategori": null, "fid_2": 1092, "id": 1092, "left": 17.486919847, "top": 68.946110046000001, "right": 17.986919847, "bottom": 68.446110046000001, "row_index": 11, "col_index": 27, "tile_id": 1092 }, "geometry": { "type": "MultiPolygon", "coordinates": [ [ [ [ 17.803888676882142, 68.495194158072678 ], [ 17.803585970967564, 68.495022199261868 ], [ 17.804325965166221, 68.495009737168331 ], [ 17.803842745804122, 68.494798696739778 ], [ 17.803578698043861, 68.494475014688248 ], [ 17.803226870195711, 68.494480716494522 ], [ 17.8033717476359, 68.494802261882 ], [ 17.803012567477442, 68.494847314000296 ], [ 17.803085685838951, 68.494959377133128 ], [ 17.802924611650546, 68.495112338305049 ], [ 17.803587047062035, 68.495286992345356 ], [ 17.803888676882142, 68.495194158072678 ] ] ] ] } },
{ "type": "Feature", "properties": { "fid": 164372, "navn": "Femtevatnet", "hoyde_moh": 413, "arealInnsjo_km2": 0.037, "magasinKategori": null, "fid_2": 1092, "id": 1092, "left": 17.486919847, "top": 68.946110046000001, "right": 17.986919847, "bottom": 68.446110046000001, "row_index": 11, "col_index": 27, "tile_id": 1092 }, "geometry": { "type": "MultiPolygon", "coordinates": [ [ [ [ 17.855328425020009, 68.672155646355634 ], [ 17.854970757804569, 68.671961602423025 ], [ 17.855095579323088, 68.671625734292178 ], [ 17.854904567929186, 68.671383000379834 ], [ 17.856082166906575, 68.671080851396027 ], [ 17.854477222037019, 68.67048033897386 ], [ 17.856583027258818, 68.670542386532759 ], [ 17.856868022355719, 68.670325711151904 ], [ 17.856129660002807, 68.670116208670208 ], [ 17.851645624581465, 68.670206376969972 ], [ 17.851121302397065, 68.670288752933402 ], [ 17.850982868178694, 68.670553033133075 ], [ 17.850219212085005, 68.670632356215492 ], [ 17.850060847852291, 68.670786737255483 ], [ 17.850365368918013, 68.671187345834554 ], [ 17.850845745956178, 68.671305627365498 ], [ 17.851527031306798, 68.671181552466876 ], [ 17.851913146629698, 68.671513993267126 ], [ 17.85337900784452, 68.672093182129288 ], [ 17.85473534259814, 68.672317832687057 ], [ 17.855328425020009, 68.672155646355634 ] ] ] ] } },
{ "type": "Feature", "properties": { "fid": 164426, "navn": "Noalčejávri", "hoyde_moh": 597, "arealInnsjo_km2": 0.3622, "magasinKategori": null, "fid_2": 1092, "id": 1092, "left": 17.486919847, "top": 68.946110046000001, "right": 17.986919847, "bottom": 68.446110046000001, "row_index": 11, "col_index": 27, "tile_id": 1092 }, "geometry": { "type": "MultiPolygon", "coordinates": [ [ [ [ 17.816112362349749, 68.545323655669662 ], [ 17.8163435748693, 68.545041234002014 ], [ 17.816984386235291, 68.544748085141222 ], [ 17.81684143166941, 68.544455956960377 ], [ 17.816984717868607, 68.544231292029167 ], [ 17.816608816942139, 68.54379782652758 ], [ 17.817289665930357, 68.543239012988565 ], [ 17.817878117134466, 68.542986414744789 ], [ 17.815488096048593, 68.542354490204829 ], [ 17.815455498373268, 68.542079991178639 ], [ 17.816360586333193, 68.541342287806472 ], [ 17.815310556272511, 68.540834123775909 ], [ 17.816696987925432, 68.539891940539491 ], [ 17.817500426986864, 68.538975591774303 ], [ 17.816896525138308, 68.538449093460898 ], [ 17.816857036847573, 68.538213668814976 ], [ 17.816292104207299, 68.537894684570574 ], [ 17.816227337024305, 68.537368749406582 ], [ 17.815436347777023, 68.537131380469134 ], [ 17.814045917381108, 68.537204680486425 ], [ 17.812183900309932, 68.536616385507941 ], [ 17.808965739458628, 68.53656583613575 ], [ 17.808330619521573, 68.536437587621961 ], [ 17.8072748296428, 68.535929026410372 ], [ 17.805564718772352, 68.535702125084683 ], [ 17.804807808039278, 68.535727243978585 ], [ 17.804175094772965, 68.535984216599417 ], [ 17.802877209860174, 68.536026795379414 ], [ 17.802478776246463, 68.536484697706399 ], [ 17.80247231920022, 68.536653475870438 ], [ 17.802781771289283, 68.536814110470516 ], [ 17.801363548687, 68.536616675648773 ], [ 17.800868155187093, 68.536856892323073 ], [ 17.801673799163787, 68.53771607180515 ], [ 17.804275294082345, 68.53810856545195 ], [ 17.803490370829028, 68.538476512815549 ], [ 17.803815565372091, 68.538633382329422 ], [ 17.803394750734792, 68.538901804609779 ], [ 17.803538525463821, 68.539217985041574 ], [ 17.805072754534081, 68.539873069821311 ], [ 17.807796714231682, 68.540490307796333 ], [ 17.809676094738045, 68.541257447727546 ], [ 17.809647902604805, 68.541420575991694 ], [ 17.808856174561512, 68.541895393947783 ], [ 17.808906859646456, 68.54214454588751 ], [ 17.80922863848458, 68.542371570814922 ], [ 17.809791859566324, 68.542651200016806 ], [ 17.811285021357687, 68.542859973117032 ], [ 17.812026039853489, 68.54330852310791 ], [ 17.81305729554132, 68.543552211007153 ], [ 17.813570886246396, 68.54409729157662 ], [ 17.814632826845504, 68.544303562581987 ], [ 17.813414318285592, 68.544217866725688 ], [ 17.813323628228947, 68.544475220142402 ], [ 17.812884918276321, 68.544735796987581 ], [ 17.812693278189077, 68.545162613661773 ], [ 17.812786894981013, 68.545462572391898 ], [ 17.814440745925996, 68.545493675131695 ], [ 17.816112362349749, 68.545323655669662 ] ], [ [ 17.804733240151446, 68.535986656749955 ], [ 17.805471601995421, 68.536064450943812 ], [ 17.804174202954268, 68.536197605654493 ], [ 17.803882281079709, 68.536164059113048 ], [ 17.804733240151446, 68.535986656749955 ] ] ] ] } },
{ "type": "Feature", "properties": { "fid": 164574, "navn": null, "hoyde_moh": 816, "arealInnsjo_km2": 0.0126, "magasinKategori": null, "fid_2": 1092, "id": 1092, "left": 17.486919847, "top": 68.946110046000001, "right": 17.986919847, "bottom": 68.446110046000001, "row_index": 11, "col_index": 27, "tile_id": 1092 }, "geometry": { "type": "MultiPolygon", "coordinates": [ [ [ [ 17.974773413539243, 68.546355537138624 ], [ 17.974880200463343, 68.546231999930725 ], [ 17.9746635014498, 68.546019207349133 ], [ 17.974816948719937, 68.545924021211846 ], [ 17.972337239675092, 68.546335181935433 ], [ 17.972242242603858, 68.546289909763175 ], [ 17.972386941435179, 68.546122790806194 ], [ 17.971557621726735, 68.545974607462355 ], [ 17.970976442880609, 68.546233115526917 ], [ 17.971082689112318, 68.546307905218882 ], [ 17.970061342801742, 68.54646825771384 ], [ 17.969892150190582, 68.546964835167969 ], [ 17.970518226226449, 68.547038964538132 ], [ 17.974773413539243, 68.546355537138624 ] ] ] ] } },
{ "type": "Feature", "properties": { "fid": 171038, "navn": null, "hoyde_moh": 514, "arealInnsjo_km2": 0.0082, "magasinKategori": null, "fid_2": 1092, "id": 1092, "left": 17.486919847, "top": 68.946110046000001, "right": 17.986919847, "bottom": 68.446110046000001, "row_index": 11, "col_index": 27, "tile_id": 1092 }, "geometry": { "type": "MultiPolygon", "coordinates": [ [ [ [ 17.647387320537717, 68.507336872686921 ], [ 17.647244360773037, 68.507199016160797 ], [ 17.647565104339726, 68.5070664097492 ], [ 17.646684555900407, 68.507046372678431 ], [ 17.646458193249597, 68.506664792300469 ], [ 17.646032165335747, 68.506642609105569 ], [ 17.64463371830227, 68.506820834548734 ], [ 17.643561579335856, 68.507258692535288 ], [ 17.6437967806716, 68.507434053410421 ], [ 17.6452235410684, 68.507388410152942 ], [ 17.645487170194947, 68.507307152121797 ], [ 17.645489309264544, 68.507135411842796 ], [ 17.646125595018319, 68.507084539146547 ], [ 17.646082840842315, 68.507429613932132 ], [ 17.647387320537717, 68.507336872686921 ] ] ] ] } },
{ "type": "Feature", "properties": { "fid": 171101, "navn": null, "hoyde_moh": 299, "arealInnsjo_km2": 0.0093, "magasinKategori": null, "fid_2": 1092, "id": 1092, "left": 17.486919847, "top": 68.946110046000001, "right": 17.986919847, "bottom": 68.446110046000001, "row_index": 11, "col_index": 27, "tile_id": 1092 }, "geometry": { "type": "MultiPolygon", "coordinates": [ [ [ [ 17.771146007893623, 68.505232598482763 ], [ 17.771285994863, 68.505081007733551 ], [ 17.770210445728924, 68.504721400298195 ], [ 17.770291639906556, 68.504473655972248 ], [ 17.770091384492904, 68.504373553860077 ], [ 17.768891053082847, 68.504348935359076 ], [ 17.76835267795747, 68.504688691656611 ], [ 17.768311075573653, 68.505191520272646 ], [ 17.771146007893623, 68.505232598482763 ] ] ] ] } },
{ "type": "Feature", "properties": { "fid": 171637, "navn": null, "hoyde_moh": 514, "arealInnsjo_km2": 0.005, "magasinKategori": null, "fid_2": 1092, "id": 1092, "left": 17.486919847, "top": 68.946110046000001, "right": 17.986919847, "bottom": 68.446110046000001, "row_index": 11, "col_index": 27, "tile_id": 1092 }, "geometry": { "type": "MultiPolygon", "coordinates": [ [ [ [ 17.640892857546749, 68.507590452685307 ], [ 17.642217252672726, 68.507577681859345 ], [ 17.642445602204958, 68.507332997208536 ], [ 17.64301838670993, 68.507256029653888 ], [ 17.641579304896087, 68.50702701062373 ], [ 17.641094621960345, 68.507340174719943 ], [ 17.638692744794955, 68.507829711129546 ], [ 17.640892857546749, 68.507590452685307 ] ] ] ] } },
{ "type": "Feature", "properties": { "fid": 171850, "navn": null, "hoyde_moh": 362, "arealInnsjo_km2": 0.0034, "magasinKategori": null, "fid_2": 1092, "id": 1092, "left": 17.486919847, "top": 68.946110046000001, "right": 17.986919847, "bottom": 68.446110046000001, "row_index": 11, "col_index": 27, "tile_id": 1092 }, "geometry": { "type": "MultiPolygon", "coordinates": [ [ [ [ 17.839935848549079, 68.510571321888719 ], [ 17.841307926859791, 68.510542708408508 ], [ 17.840532339826183, 68.510295959800771 ], [ 17.837693415406243, 68.510635022411265 ], [ 17.838200921461176, 68.510730211314964 ], [ 17.839935848549079, 68.510571321888719 ] ] ] ] } },
{ "type": "Feature", "properties": { "fid": 171851, "navn": null, "hoyde_moh": 436, "arealInnsjo_km2": 0.0031, "magasinKategori": null, "fid_2": 1092, "id": 1092, "left": 17.486919847, "top": 68.946110046000001, "right": 17.986919847, "bottom": 68.446110046000001, "row_index": 11, "col_index": 27, "tile_id": 1092 }, "geometry": { "type": "MultiPolygon", "coordinates": [ [ [ [ 17.725369116158497, 68.512861352045491 ], [ 17.72634106618338, 68.512861004508267 ], [ 17.724263372049876, 68.512641794835744 ], [ 17.723290116257814, 68.512763060906238 ], [ 17.723583015469288, 68.512913775383339 ], [ 17.724993483102867, 68.513033152230648 ], [ 17.725369116158497, 68.512861352045491 ] ] ] ] } },
{ "type": "Feature", "properties": { "fid": 171869, "navn": null, "hoyde_moh": 384, "arealInnsjo_km2": 0.0068, "magasinKategori": null, "fid_2": 1092, "id": 1092, "left": 17.486919847, "top": 68.946110046000001, "right": 17.986919847, "bottom": 68.446110046000001, "row_index": 11, "col_index": 27, "tile_id": 1092 }, "geometry": { "type": "MultiPolygon", "coordinates": [ [ [ [ 17.859590019512225, 68.512891655053238 ], [ 17.859036313136134, 68.512433121251902 ], [ 17.859202733643425, 68.512295362281677 ], [ 17.85793988582688, 68.512408080149541 ], [ 17.858361207482485, 68.512266519335995 ], [ 17.858381932480093, 68.512084203676295 ], [ 17.856002984694108, 68.512356672771404 ], [ 17.857671294114731, 68.512423606131321 ], [ 17.857324273760216, 68.512564169300873 ], [ 17.857472504933998, 68.512715689550717 ], [ 17.857361948788867, 68.512817126274953 ], [ 17.859032092136005, 68.512778446536345 ], [ 17.859240210111512, 68.513126078874052 ], [ 17.859698457827694, 68.513200409667675 ], [ 17.859590019512225, 68.512891655053238 ] ] ] ] } },
{ "type": "Feature", "properties": { "fid": 171917, "navn": null, "hoyde_moh": 488, "arealInnsjo_km2": 0.0035, "magasinKategori": null, "fid_2": 1092, "id": 1092, "left": 17.486919847, "top": 68.946110046000001, "right": 17.986919847, "bottom": 68.446110046000001, "row_index": 11, "col_index": 27, "tile_id": 1092 }, "geometry": { "type": "MultiPolygon", "coordinates": [ [ [ [ 17.621920399815764, 68.512457473624622 ], [ 17.620828103136699, 68.51199864578021 ], [ 17.620203023318314, 68.512191867867529 ], [ 17.62021980437969, 68.512486006748375 ], [ 17.620414611175185, 68.512552885508157 ], [ 17.620315926329226, 68.512677033461486 ], [ 17.621191861808317, 68.512678973200963 ], [ 17.621920399815764, 68.512457473624622 ] ] ] ] } },
{ "type": "Feature", "properties": { "fid": 171927, "navn": null, "hoyde_moh": 391, "arealInnsjo_km2": 0.0043, "magasinKategori": null, "fid_2": 1092, "id": 1092, "left": 17.486919847, "top": 68.946110046000001, "right": 17.986919847, "bottom": 68.446110046000001, "row_index": 11, "col_index": 27, "tile_id": 1092 }, "geometry": { "type": "MultiPolygon", "coordinates": [ [ [ [ 17.853724147598459, 68.508568850537046 ], [ 17.853761341971012, 68.508386794376776 ], [ 17.853016292728896, 68.508062650949753 ], [ 17.852310478909821, 68.508354641128193 ], [ 17.852216293832008, 68.508657238054695 ], [ 17.852987769831671, 68.508977345023595 ], [ 17.853724147598459, 68.508568850537046 ] ] ] ] } },
{ "type": "Feature", "properties": { "fid": 171931, "navn": null, "hoyde_moh": 316, "arealInnsjo_km2": 0.0098, "magasinKategori": null, "fid_2": 1092, "id": 1092, "left": 17.486919847, "top": 68.946110046000001, "right": 17.986919847, "bottom": 68.446110046000001, "row_index": 11, "col_index": 27, "tile_id": 1092 }, "geometry": { "type": "MultiPolygon", "coordinates": [ [ [ [ 17.953955031577078, 68.504998798155327 ], [ 17.954497798366493, 68.50455634428603 ], [ 17.952904091047742, 68.504362212570712 ], [ 17.950621998402323, 68.504571594296948 ], [ 17.951400882269766, 68.504951465697886 ], [ 17.953408327253406, 68.505188782122417 ], [ 17.953955031577078, 68.504998798155327 ] ] ] ] } },
{ "type": "Feature", "properties": { "fid": 171946, "navn": null, "hoyde_moh": 473, "arealInnsjo_km2": 0.0109, "magasinKategori": null, "fid_2": 1092, "id": 1092, "left": 17.486919847, "top": 68.946110046000001, "right": 17.986919847, "bottom": 68.446110046000001, "row_index": 11, "col_index": 27, "tile_id": 1092 }, "geometry": { "type": "MultiPolygon", "coordinates": [ [ [ [ 17.643150775776572, 68.522872655304141 ], [ 17.64302879905679, 68.522621908214262 ], [ 17.643133978901108, 68.522401333916804 ], [ 17.644410355679028, 68.522226493100021 ], [ 17.644697443349774, 68.522101516374548 ], [ 17.644680830734131, 68.52191185104428 ], [ 17.644322735262961, 68.521723704989171 ], [ 17.643320482226542, 68.521921785392635 ], [ 17.642627710571048, 68.521776423448912 ], [ 17.641486545508513, 68.521922016858909 ], [ 17.640936445054678, 68.522254425744549 ], [ 17.641055501274682, 68.522486729949037 ], [ 17.641858242689569, 68.522705136091801 ], [ 17.641756396211044, 68.523012811392888 ], [ 17.642411641849389, 68.523205531566887 ], [ 17.643150775776572, 68.522872655304141 ] ], [ [ 17.642259742325468, 68.522097443111491 ], [ 17.641996756466732, 68.52214394725813 ], [ 17.64193149996413, 68.521988347436945 ], [ 17.643181999298633, 68.522094325375434 ], [ 17.642833406477301, 68.522440622167366 ], [ 17.642261868682546, 68.522404021062542 ], [ 17.642259742325468, 68.522097443111491 ] ] ] ] } },
{ "type": "Feature", "properties": { "fid": 171982, "navn": null, "hoyde_moh": 359, "arealInnsjo_km2": 0.0028, "magasinKategori": null, "fid_2": 1092, "id": 1092, "left": 17.486919847, "top": 68.946110046000001, "right": 17.986919847, "bottom": 68.446110046000001, "row_index": 11, "col_index": 27, "tile_id": 1092 }, "geometry": { "type": "MultiPolygon", "coordinates": [ [ [ [ 17.838964045974521, 68.512504409955355 ], [ 17.838765145538339, 68.512385061448313 ], [ 17.83875138687268, 68.512123978637547 ], [ 17.838377941930506, 68.512035949106618 ], [ 17.837835852048403, 68.512261638329676 ], [ 17.837264427838274, 68.512275609522632 ], [ 17.836991023881119, 68.512507973820775 ], [ 17.838964045974521, 68.512504409955355 ] ] ] ] } },
{ "type": "Feature", "properties": { "fid": 171985, "navn": null, "hoyde_moh": 371, "arealInnsjo_km2": 0.0068, "magasinKategori": null, "fid_2": 1092, "id": 1092, "left": 17.486919847, "top": 68.946110046000001, "right": 17.986919847, "bottom": 68.446110046000001, "row_index": 11, "col_index": 27, "tile_id": 1092 }, "geometry": { "type": "MultiPolygon", "coordinates": [ [ [ [ 17.850927557742384, 68.511421224963215 ], [ 17.850899123173534, 68.511225293453364 ], [ 17.849909222683529, 68.51088590524175 ], [ 17.849137722381151, 68.510990301482863 ], [ 17.848479008307795, 68.510845915135633 ], [ 17.847216083763715, 68.511190516615727 ], [ 17.850748027138057, 68.511542770098131 ], [ 17.850927557742384, 68.511421224963215 ] ] ] ] } },
{ "type": "Feature", "properties": { "fid": 171998, "navn": null, "hoyde_moh": 664, "arealInnsjo_km2": 0.0026, "magasinKategori": null, "fid_2": 1092, "id": 1092, "left": 17.486919847, "top": 68.946110046000001, "right": 17.986919847, "bottom": 68.446110046000001, "row_index": 11, "col_index": 27, "tile_id": 1092 }, "geometry": { "type": "MultiPolygon", "coordinates": [ [ [ [ 17.909367874615814, 68.52419397113843 ], [ 17.910196210397153, 68.524272079433857 ], [ 17.91053983989579, 68.52403612549638 ], [ 17.909825300444478, 68.523824171084684 ], [ 17.908830264894899, 68.52380200514159 ], [ 17.909046432266432, 68.524076104598677 ], [ 17.90895295915967, 68.524263014242479 ], [ 17.909367874615814, 68.52419397113843 ] ] ] ] } },
{ "type": "Feature", "properties": { "fid": 172101, "navn": null, "hoyde_moh": 543, "arealInnsjo_km2": 0.0044, "magasinKategori": null, "fid_2": 1092, "id": 1092, "left": 17.486919847, "top": 68.946110046000001, "right": 17.986919847, "bottom": 68.446110046000001, "row_index": 11, "col_index": 27, "tile_id": 1092 }, "geometry": { "type": "MultiPolygon", "coordinates": [ [ [ [ 17.650996489287071, 68.513292331009268 ], [ 17.651829655236465, 68.513177921823811 ], [ 17.652111363259721, 68.512966847510739 ], [ 17.651164427595436, 68.51273183238601 ], [ 17.650040043168186, 68.513132676887949 ], [ 17.650153052665274, 68.513319384135315 ], [ 17.649869123999846, 68.513434628455528 ], [ 17.650942585512563, 68.513562815381988 ], [ 17.650996489287071, 68.513292331009268 ] ] ] ] } },
{ "type": "Feature", "properties": { "fid": 172114, "navn": "Grensevatnet", "hoyde_moh": 372, "arealInnsjo_km2": 0.0076, "magasinKategori": null, "fid_2": 1092, "id": 1092, "left": 17.486919847, "top": 68.946110046000001, "right": 17.986919847, "bottom": 68.446110046000001, "row_index": 11, "col_index": 27, "tile_id": 1092 }, "geometry": { "type": "MultiPolygon", "coordinates": [ [ [ [ 17.742936260866962, 68.512627393651869 ], [ 17.743124093529481, 68.512406289320197 ], [ 17.742892537050174, 68.512253707011354 ], [ 17.743021005729684, 68.512172615833876 ], [ 17.742858145122494, 68.511944676696359 ], [ 17.743034560274616, 68.51175454769141 ], [ 17.741836273253746, 68.511628713980201 ], [ 17.741488615237376, 68.5113929316162 ], [ 17.741020935814532, 68.511422563057124 ], [ 17.741181337764356, 68.512085803957859 ], [ 17.742269659202172, 68.512456876591486 ], [ 17.742546571139901, 68.512920106138353 ], [ 17.742972992367449, 68.513074441140049 ], [ 17.742936260866962, 68.512627393651869 ] ] ] ] } },
{ "type": "Feature", "properties": { "fid": 172172, "navn": null, "hoyde_moh": 340, "arealInnsjo_km2": 0.0039, "magasinKategori": null, "fid_2": 1092, "id": 1092, "left": 17.486919847, "top": 68.946110046000001, "right": 17.986919847, "bottom": 68.446110046000001, "row_index": 11, "col_index": 27, "tile_id": 1092 }, "geometry": { "type": "MultiPolygon", "coordinates": [ [ [ [ 17.835996051120002, 68.508039165797229 ], [ 17.835212992575542, 68.507838931030633 ], [ 17.835388602145205, 68.507736410593495 ], [ 17.834636091870749, 68.507560971718775 ], [ 17.833445670414388, 68.507654599417108 ], [ 17.833149428712034, 68.507810232724822 ], [ 17.835940606200321, 68.508203750354255 ], [ 17.835996051120002, 68.508039165797229 ] ] ] ] } },
{ "type": "Feature", "properties": { "fid": 172173, "navn": null, "hoyde_moh": 321, "arealInnsjo_km2": 0.0134, "magasinKategori": null, "fid_2": 1092, "id": 1092, "left": 17.486919847, "top": 68.946110046000001, "right": 17.986919847, "bottom": 68.446110046000001, "row_index": 11, "col_index": 27, "tile_id": 1092 }, "geometry": { "type": "MultiPolygon", "coordinates": [ [ [ [ 17.964630769214352, 68.506337733541955 ], [ 17.964256585668146, 68.506066579709568 ], [ 17.964150338421092, 68.505773992888123 ], [ 17.963671616255162, 68.505541762400313 ], [ 17.9613116305323, 68.505683897257811 ], [ 17.961560673479948, 68.505919560569154 ], [ 17.961242367836494, 68.506321897369389 ], [ 17.961339224179149, 68.506403319778173 ], [ 17.962282177254245, 68.506675390212237 ], [ 17.962517235495419, 68.50662913477818 ], [ 17.96218907153289, 68.506398819826046 ], [ 17.963976132793722, 68.506665400836795 ], [ 17.964630769214352, 68.506337733541955 ] ] ] ] } },
{ "type": "Feature", "properties": { "fid": 172217, "navn": null, "hoyde_moh": 365, "arealInnsjo_km2": 0.0065, "magasinKategori": null, "fid_2": 1092, "id": 1092, "left": 17.486919847, "top": 68.946110046000001, "right": 17.986919847, "bottom": 68.446110046000001, "row_index": 11, "col_index": 27, "tile_id": 1092 }, "geometry": { "type": "MultiPolygon", "coordinates": [ [ [ [ 17.84479518674987, 68.50755626654076 ], [ 17.844409632647963, 68.507356245613551 ], [ 17.844891297194199, 68.50723712502257 ], [ 17.84481817984166, 68.506913491874712 ], [ 17.844408685220827, 68.5067390122543 ], [ 17.843436509333934, 68.506838976168396 ], [ 17.843280184109073, 68.506655176046664 ], [ 17.842909859213943, 68.506639907053795 ], [ 17.844008481474294, 68.507409187036615 ], [ 17.843760031656714, 68.507896802379932 ], [ 17.844191180244504, 68.508233218457093 ], [ 17.844436173938533, 68.508209495723804 ], [ 17.84479518674987, 68.50755626654076 ] ] ] ] } },
{ "type": "Feature", "properties": { "fid": 172218, "navn": null, "hoyde_moh": 288, "arealInnsjo_km2": 0.0048, "magasinKategori": null, "fid_2": 1092, "id": 1092, "left": 17.486919847, "top": 68.946110046000001, "right": 17.986919847, "bottom": 68.446110046000001, "row_index": 11, "col_index": 27, "tile_id": 1092 }, "geometry": { "type": "MultiPolygon", "coordinates": [ [ [ [ 17.764687977367519, 68.509277277257127 ], [ 17.764575006219861, 68.509178423146551 ], [ 17.764826420466825, 68.509032632880661 ], [ 17.764578972713945, 68.5087792662693 ], [ 17.76355809653472, 68.508736659073961 ], [ 17.76307751853053, 68.50898415374958 ], [ 17.763140397668263, 68.509241728682866 ], [ 17.764133044861353, 68.509423399583127 ], [ 17.76434832914105, 68.509650008422042 ], [ 17.764616036379081, 68.509593175748194 ], [ 17.764687977367519, 68.509277277257127 ] ] ] ] } },
{ "type": "Feature", "properties": { "fid": 172219, "navn": null, "hoyde_moh": 321, "arealInnsjo_km2": 0.0031, "magasinKategori": null, "fid_2": 1092, "id": 1092, "left": 17.486919847, "top": 68.946110046000001, "right": 17.986919847, "bottom": 68.446110046000001, "row_index": 11, "col_index": 27, "tile_id": 1092 }, "geometry": { "type": "MultiPolygon", "coordinates": [ [ [ [ 17.960850776099754, 68.506259143340955 ], [ 17.960367351456878, 68.505955435768229 ], [ 17.960508683114085, 68.505691156520456 ], [ 17.959833256050217, 68.505494885630512 ], [ 17.95937294540126, 68.505615405316377 ], [ 17.959790488919495, 68.5058593203225 ], [ 17.959960532407926, 68.506196389363296 ], [ 17.959872971052771, 68.506312667223597 ], [ 17.960575931111105, 68.506399554821485 ], [ 17.960850776099754, 68.506259143340955 ] ] ] ] } },
{ "type": "Feature", "properties": { "fid": 172228, "navn": null, "hoyde_moh": 322, "arealInnsjo_km2": 0.0123, "magasinKategori": null, "fid_2": 1092, "id": 1092, "left": 17.486919847, "top": 68.946110046000001, "right": 17.986919847, "bottom": 68.446110046000001, "row_index": 11, "col_index": 27, "tile_id": 1092 }, "geometry": { "type": "MultiPolygon", "coordinates": [ [ [ [ 17.75103613428335, 68.509760527759497 ], [ 17.751081291497297, 68.509516528547181 ], [ 17.751559792708225, 68.509218746976828 ], [ 17.751796385704168, 68.508868469967737 ], [ 17.7516747837001, 68.508672266400737 ], [ 17.749720726990084, 68.508474415326233 ], [ 17.749632196648289, 68.508892906616282 ], [ 17.749927518670642, 68.50945608962742 ], [ 17.749561185540816, 68.509997531000849 ], [ 17.750389445993456, 68.510347589009754 ], [ 17.75103613428335, 68.509760527759497 ] ] ] ] } },
{ "type": "Feature", "properties": { "fid": 172229, "navn": null, "hoyde_moh": 464, "arealInnsjo_km2": 0.0047, "magasinKategori": null, "fid_2": 1092, "id": 1092, "left": 17.486919847, "top": 68.946110046000001, "right": 17.986919847, "bottom": 68.446110046000001, "row_index": 11, "col_index": 27, "tile_id": 1092 }, "geometry": { "type": "MultiPolygon", "coordinates": [ [ [ [ 17.6798984545457, 68.511485133152533 ], [ 17.679973580997427, 68.511202537290416 ], [ 17.679271503214238, 68.511050295516185 ], [ 17.678918017371927, 68.510765925738866 ], [ 17.678213450102717, 68.510998787606354 ], [ 17.678122201478782, 68.511236490680659 ], [ 17.678235983987147, 68.511491745926463 ], [ 17.679247388303615, 68.51159758517521 ], [ 17.6798984545457, 68.511485133152533 ] ] ] ] } },
{ "type": "Feature", "properties": { "fid": 172230, "navn": null, "hoyde_moh": 375, "arealInnsjo_km2": 0.0093, "magasinKategori": null, "fid_2": 1092, "id": 1092, "left": 17.486919847, "top": 68.946110046000001, "right": 17.986919847, "bottom": 68.446110046000001, "row_index": 11, "col_index": 27, "tile_id": 1092 }, "geometry": { "type": "MultiPolygon", "coordinates": [ [ [ [ 17.849547745810646, 68.508747194658511 ], [ 17.850187062844384, 68.508385787966901 ], [ 17.850305664254741, 68.508258814780376 ], [ 17.850050984013993, 68.508118612990529 ], [ 17.850152778911003, 68.507773337874198 ], [ 17.849040770519096, 68.507679205078688 ], [ 17.847992450864535, 68.50806433722309 ], [ 17.848608288541236, 68.508205233119838 ], [ 17.847883578224419, 68.508501205131481 ], [ 17.847950340304809, 68.508781856417116 ], [ 17.849547745810646, 68.508747194658511 ] ] ] ] } },
{ "type": "Feature", "properties": { "fid": 172242, "navn": null, "hoyde_moh": 394, "arealInnsjo_km2": 0.0043, "magasinKategori": null, "fid_2": 1092, "id": 1092, "left": 17.486919847, "top": 68.946110046000001, "right": 17.986919847, "bottom": 68.446110046000001, "row_index": 11, "col_index": 27, "tile_id": 1092 }, "geometry": { "type": "MultiPolygon", "coordinates": [ [ [ [ 17.77465778764082, 68.524569922836804 ], [ 17.774464298575555, 68.524231835361547 ], [ 17.774082149450965, 68.524082498249228 ], [ 17.772656962080408, 68.523961070943614 ], [ 17.772457304098513, 68.52412827805459 ], [ 17.77294276820367, 68.524283183319113 ], [ 17.772995251594324, 68.524538594179475 ], [ 17.773206985131278, 68.524654753108621 ], [ 17.77465778764082, 68.524569922836804 ] ] ] ] } },
{ "type": "Feature", "properties": { "fid": 172243, "navn": null, "hoyde_moh": 402, "arealInnsjo_km2": 0.0061, "magasinKategori": null, "fid_2": 1092, "id": 1092, "left": 17.486919847, "top": 68.946110046000001, "right": 17.986919847, "bottom": 68.446110046000001, "row_index": 11, "col_index": 27, "tile_id": 1092 }, "geometry": { "type": "MultiPolygon", "coordinates": [ [ [ [ 17.671701443696371, 68.5257711878794 ], [ 17.671951621004546, 68.525645673364892 ], [ 17.670704736570542, 68.525209265635738 ], [ 17.669909888791508, 68.525459946937858 ], [ 17.670081881022796, 68.525648398472072 ], [ 17.669558104785658, 68.525765963143769 ], [ 17.670822453021326, 68.526035419375191 ], [ 17.671296241897746, 68.526314662506593 ], [ 17.671632205041323, 68.526278350626455 ], [ 17.671701443696371, 68.5257711878794 ] ] ] ] } },
{ "type": "Feature", "properties": { "fid": 172244, "navn": null, "hoyde_moh": 469, "arealInnsjo_km2": 0.0075, "magasinKategori": null, "fid_2": 1092, "id": 1092, "left": 17.486919847, "top": 68.946110046000001, "right": 17.986919847, "bottom": 68.446110046000001, "row_index": 11, "col_index": 27, "tile_id": 1092 }, "geometry": { "type": "MultiPolygon", "coordinates": [ [ [ [ 17.631549987575625, 68.526910925896644 ], [ 17.628865582196095, 68.52680595075293 ], [ 17.628777636249033, 68.526398396061325 ], [ 17.628497976509365, 68.526321454340234 ], [ 17.626160859052749, 68.526555755414009 ], [ 17.626073647515323, 68.526719758181244 ], [ 17.626968428755116, 68.526954388385207 ], [ 17.63041720062143, 68.527038715994649 ], [ 17.631549987575625, 68.526910925896644 ] ] ] ] } },
{ "type": "Feature", "properties": { "fid": 172297, "navn": null, "hoyde_moh": 324, "arealInnsjo_km2": 0.0218, "magasinKategori": null, "fid_2": 1092, "id": 1092, "left": 17.486919847, "top": 68.946110046000001, "right": 17.986919847, "bottom": 68.446110046000001, "row_index": 11, "col_index": 27, "tile_id": 1092 }, "geometry": { "type": "MultiPolygon", "coordinates": [ [ [ [ 17.830004780410125, 68.509658390455911 ], [ 17.830628246150049, 68.509363130350906 ], [ 17.830013448688256, 68.50912834470239 ], [ 17.829387410475519, 68.508468067573816 ], [ 17.829133350031032, 68.508439137483691 ], [ 17.828275390728127, 68.508687715937626 ], [ 17.827576520338472, 68.509369790147488 ], [ 17.826175198680513, 68.509031545340619 ], [ 17.824069441292526, 68.509041954928307 ], [ 17.823551751892158, 68.509285139878386 ], [ 17.823764530894543, 68.50959448865413 ], [ 17.824313550012736, 68.509722772367041 ], [ 17.828330812210467, 68.509782037999486 ], [ 17.830004780410125, 68.509658390455911 ] ] ] ] } },
{ "type": "Feature", "properties": { "fid": 172298, "navn": null, "hoyde_moh": 561, "arealInnsjo_km2": 0.0036, "magasinKategori": null, "fid_2": 1092, "id": 1092, "left": 17.486919847, "top": 68.946110046000001, "right": 17.986919847, "bottom": 68.446110046000001, "row_index": 11, "col_index": 27, "tile_id": 1092 }, "geometry": { "type": "MultiPolygon", "coordinates": [ [ [ [ 17.661066284127987, 68.512486981079547 ], [ 17.661244934719694, 68.512193779481194 ], [ 17.660360752841267, 68.511982862890264 ], [ 17.659419077823848, 68.51224354617851 ], [ 17.659444566953574, 68.512544910135645 ], [ 17.661066284127987, 68.512486981079547 ] ] ] ] } },
{ "type": "Feature", "properties": { "fid": 172300, "navn": null, "hoyde_moh": 398, "arealInnsjo_km2": 0.0028, "magasinKategori": null, "fid_2": 1092, "id": 1092, "left": 17.486919847, "top": 68.946110046000001, "right": 17.986919847, "bottom": 68.446110046000001, "row_index": 11, "col_index": 27, "tile_id": 1092 }, "geometry": { "type": "MultiPolygon", "coordinates": [ [ [ [ 17.89020052040367, 68.506093483694229 ], [ 17.889621435312797, 68.506266124412704 ], [ 17.890152775851107, 68.506439297351122 ], [ 17.8931105199255, 68.506738606606433 ], [ 17.89020052040367, 68.506093483694229 ] ] ] ] } },
{ "type": "Feature", "properties": { "fid": 172321, "navn": null, "hoyde_moh": 335, "arealInnsjo_km2": 0.0031, "magasinKategori": null, "fid_2": 1092, "id": 1092, "left": 17.486919847, "top": 68.946110046000001, "right": 17.986919847, "bottom": 68.446110046000001, "row_index": 11, "col_index": 27, "tile_id": 1092 }, "geometry": { "type": "MultiPolygon", "coordinates": [ [ [ [ 17.811697849481337, 68.519619217970714 ], [ 17.812335021036834, 68.519141128460888 ], [ 17.811875529351997, 68.519019113386236 ], [ 17.810603313832178, 68.519139881775061 ], [ 17.810646132703944, 68.51930460477179 ], [ 17.811515735117279, 68.51947864159655 ], [ 17.811534590716015, 68.519582724464144 ], [ 17.810984718999929, 68.519757373519695 ], [ 17.811697849481337, 68.519619217970714 ] ] ] ] } },
{ "type": "Feature", "properties": { "fid": 172364, "navn": null, "hoyde_moh": 557, "arealInnsjo_km2": 0.0314, "magasinKategori": null, "fid_2": 1092, "id": 1092, "left": 17.486919847, "top": 68.946110046000001, "right": 17.986919847, "bottom": 68.446110046000001, "row_index": 11, "col_index": 27, "tile_id": 1092 }, "geometry": { "type": "MultiPolygon", "coordinates": [ [ [ [ 17.658724250908406, 68.511574365878829 ], [ 17.658756406245018, 68.511404751619324 ], [ 17.660834913104722, 68.511428267721257 ], [ 17.661782004562568, 68.51110394081671 ], [ 17.660620541952124, 68.510482380436699 ], [ 17.660927061296032, 68.50999695330448 ], [ 17.65961553867211, 68.509966492185839 ], [ 17.658831572679329, 68.510395304474415 ], [ 17.658576435488733, 68.510187067966797 ], [ 17.657164796867427, 68.509923904378681 ], [ 17.657059560975458, 68.510032203551987 ], [ 17.657265024699548, 68.510298943329232 ], [ 17.656930059412673, 68.51033772683067 ], [ 17.656851169505536, 68.510559601766715 ], [ 17.65634492322188, 68.510742554691532 ], [ 17.656526556627771, 68.510919196165773 ], [ 17.654411247946669, 68.511181640510131 ], [ 17.658450063070607, 68.511665775079308 ], [ 17.658724250908406, 68.511574365878829 ] ] ] ] } },
{ "type": "Feature", "properties": { "fid": 172424, "navn": null, "hoyde_moh": 420, "arealInnsjo_km2": 0.005, "magasinKategori": null, "fid_2": 1092, "id": 1092, "left": 17.486919847, "top": 68.946110046000001, "right": 17.986919847, "bottom": 68.446110046000001, "row_index": 11, "col_index": 27, "tile_id": 1092 }, "geometry": { "type": "MultiPolygon", "coordinates": [ [ [ [ 17.867867912399156, 68.507301353371503 ], [ 17.868006732375047, 68.507108937272761 ], [ 17.867714276538951, 68.506924611389948 ], [ 17.86798195719869, 68.506794627072679 ], [ 17.866698153392701, 68.506878419425192 ], [ 17.865600131226241, 68.50731487660299 ], [ 17.866175843002516, 68.507366534970402 ], [ 17.866070212615018, 68.507575618168929 ], [ 17.867867912399156, 68.507301353371503 ] ], [ [ 17.866769235598927, 68.506988968451282 ], [ 17.866935583988059, 68.506988100916374 ], [ 17.866628008864112, 68.507156737773258 ], [ 17.86634794903479, 68.50714697991998 ], [ 17.866769235598927, 68.506988968451282 ] ] ] ] } },
{ "type": "Feature", "properties": { "fid": 172427, "navn": null, "hoyde_moh": 395, "arealInnsjo_km2": 0.0084, "magasinKategori": null, "fid_2": 1092, "id": 1092, "left": 17.486919847, "top": 68.946110046000001, "right": 17.986919847, "bottom": 68.446110046000001, "row_index": 11, "col_index": 27, "tile_id": 1092 }, "geometry": { "type": "MultiPolygon", "coordinates": [ [ [ [ 17.85963739418899, 68.506652224879744 ], [ 17.857811456369461, 68.506537641505687 ], [ 17.856951368926737, 68.506258025752203 ], [ 17.857097339213869, 68.506107869308394 ], [ 17.856932358316509, 68.506036349755277 ], [ 17.855083278903752, 68.506098169263467 ], [ 17.855721467672243, 68.506204905311961 ], [ 17.855251560060029, 68.506468566164784 ], [ 17.855954372378694, 68.5066525703118 ], [ 17.85997712498266, 68.506872114649425 ], [ 17.85963739418899, 68.506652224879744 ] ] ] ] } },
{ "type": "Feature", "properties": { "fid": 172436, "navn": null, "hoyde_moh": 363, "arealInnsjo_km2": 0.0028, "magasinKategori": null, "fid_2": 1092, "id": 1092, "left": 17.486919847, "top": 68.946110046000001, "right": 17.986919847, "bottom": 68.446110046000001, "row_index": 11, "col_index": 27, "tile_id": 1092 }, "geometry": { "type": "MultiPolygon", "coordinates": [ [ [ [ 17.843733960319199, 68.510919843433314 ], [ 17.843429652056603, 68.51074321885929 ], [ 17.84334399578281, 68.510318089975669 ], [ 17.843044239702877, 68.51034650890486 ], [ 17.842913176106151, 68.510578985856128 ], [ 17.842288202868588, 68.51086713743581 ], [ 17.843536926375634, 68.511095089301108 ], [ 17.843733960319199, 68.510919843433314 ] ] ] ] } },
{ "type": "Feature", "properties": { "fid": 172437, "navn": null, "hoyde_moh": 272, "arealInnsjo_km2": 0.0041, "magasinKategori": null, "fid_2": 1092, "id": 1092, "left": 17.486919847, "top": 68.946110046000001, "right": 17.986919847, "bottom": 68.446110046000001, "row_index": 11, "col_index": 27, "tile_id": 1092 }, "geometry": { "type": "MultiPolygon", "coordinates": [ [ [ [ 17.810678246080467, 68.511498044801669 ], [ 17.811371757035015, 68.511336157983635 ], [ 17.810905607408198, 68.510978616327975 ], [ 17.810500720025502, 68.510896529034127 ], [ 17.809325348997607, 68.511234972118615 ], [ 17.809497413185969, 68.511421319568981 ], [ 17.810328376171533, 68.511668985482544 ], [ 17.810678246080467, 68.511498044801669 ] ] ] ] } },
{ "type": "Feature", "properties": { "fid": 172487, "navn": null, "hoyde_moh": 561, "arealInnsjo_km2": 0.0101, "magasinKategori": null, "fid_2": 1092, "id": 1092, "left": 17.486919847, "top": 68.946110046000001, "right": 17.986919847, "bottom": 68.446110046000001, "row_index": 11, "col_index": 27, "tile_id": 1092 }, "geometry": { "type": "MultiPolygon", "coordinates": [ [ [ [ 17.6536686226132, 68.510982812275984 ], [ 17.653699992529511, 68.510762498540714 ], [ 17.653338116385505, 68.510570483300739 ], [ 17.653355348231539, 68.510209113895542 ], [ 17.653219110744729, 68.510093505252456 ], [ 17.653453218849602, 68.509761199199573 ], [ 17.651983089011566, 68.510013860035656 ], [ 17.652284887314906, 68.510115633257215 ], [ 17.652530678570589, 68.510484334207263 ], [ 17.652209627562684, 68.510618660068971 ], [ 17.652274627753613, 68.510769682958326 ], [ 17.649773619508512, 68.510468469990954 ], [ 17.649203361691189, 68.510561217302509 ], [ 17.651273860464173, 68.511031971967142 ], [ 17.652948655879616, 68.511163927814579 ], [ 17.6536686226132, 68.510982812275984 ] ] ] ] } },
{ "type": "Feature", "properties": { "fid": 172517, "navn": null, "hoyde_moh": 460, "arealInnsjo_km2": 0.0073, "magasinKategori": null, "fid_2": 1092, "id": 1092, "left": 17.486919847, "top": 68.946110046000001, "right": 17.986919847, "bottom": 68.446110046000001, "row_index": 11, "col_index": 27, "tile_id": 1092 }, "geometry": { "type": "MultiPolygon", "coordinates": [ [ [ [ 17.620700650703576, 68.525806685747554 ], [ 17.620613969647156, 68.525638399220057 ], [ 17.62009907416023, 68.525393949946462 ], [ 17.620318644026817, 68.525320962579755 ], [ 17.619889337329418, 68.525218517842887 ], [ 17.618608796621533, 68.525187511269934 ], [ 17.61761977030487, 68.525631338179664 ], [ 17.620341674763338, 68.525968015051234 ], [ 17.620700650703576, 68.525806685747554 ] ] ] ] } },
{ "type": "Feature", "properties": { "fid": 172519, "navn": null, "hoyde_moh": 311, "arealInnsjo_km2": 0.0033, "magasinKategori": null, "fid_2": 1092, "id": 1092, "left": 17.486919847, "top": 68.946110046000001, "right": 17.986919847, "bottom": 68.446110046000001, "row_index": 11, "col_index": 27, "tile_id": 1092 }, "geometry": { "type": "MultiPolygon", "coordinates": [ [ [ [ 17.790598525706976, 68.518439367834944 ], [ 17.79079899403424, 68.518335587250888 ], [ 17.790409081344624, 68.517951410004599 ], [ 17.790131109440868, 68.517931524865759 ], [ 17.789428863960271, 68.518136461640808 ], [ 17.78906897750106, 68.518438398683415 ], [ 17.790598525706976, 68.518439367834944 ] ] ] ] } },
{ "type": "Feature", "properties": { "fid": 172556, "navn": null, "hoyde_moh": 512, "arealInnsjo_km2": 0.0209, "magasinKategori": null, "fid_2": 1092, "id": 1092, "left": 17.486919847, "top": 68.946110046000001, "right": 17.986919847, "bottom": 68.446110046000001, "row_index": 11, "col_index": 27, "tile_id": 1092 }, "geometry": { "type": "MultiPolygon", "coordinates": [ [ [ [ 17.62908800512168, 68.509807650875302 ], [ 17.632390678035208, 68.509499261372667 ], [ 17.630101576890901, 68.509105487296452 ], [ 17.62852849141191, 68.509259833540142 ], [ 17.628272212264278, 68.509173731746984 ], [ 17.628330371093028, 68.508939632637635 ], [ 17.627928290517659, 68.508675582290977 ], [ 17.626023691577775, 68.509449481084872 ], [ 17.624908259003433, 68.509451942854241 ], [ 17.62234312027762, 68.509813644213935 ], [ 17.62908800512168, 68.509807650875302 ] ] ] ] } },
{ "type": "Feature", "properties": { "fid": 172557, "navn": null, "hoyde_moh": 387, "arealInnsjo_km2": 0.0062, "magasinKategori": null, "fid_2": 1092, "id": 1092, "left": 17.486919847, "top": 68.946110046000001, "right": 17.986919847, "bottom": 68.446110046000001, "row_index": 11, "col_index": 27, "tile_id": 1092 }, "geometry": { "type": "MultiPolygon", "coordinates": [ [ [ [ 17.686649755590235, 68.508577036619769 ], [ 17.686169220387146, 68.508502778903292 ], [ 17.686254473492017, 68.508342987917601 ], [ 17.68550405501297, 68.507971365712308 ], [ 17.685345119539885, 68.507983064800626 ], [ 17.685353157330979, 68.508143157518163 ], [ 17.684334743238836, 68.507907406913048 ], [ 17.684684739104991, 68.508123155248015 ], [ 17.684508662677992, 68.508642988780991 ], [ 17.685899071046194, 68.50893741211614 ], [ 17.686649755590235, 68.508577036619769 ] ] ] ] } },
{ "type": "Feature", "properties": { "fid": 172636, "navn": null, "hoyde_moh": 320, "arealInnsjo_km2": 0.0317, "magasinKategori": null, "fid_2": 1092, "id": 1092, "left": 17.486919847, "top": 68.946110046000001, "right": 17.986919847, "bottom": 68.446110046000001, "row_index": 11, "col_index": 27, "tile_id": 1092 }, "geometry": { "type": "MultiPolygon", "coordinates": [ [ [ [ 17.750262701033588, 68.507478404905669 ], [ 17.750413757181974, 68.507245685711624 ], [ 17.751054496235405, 68.507058257606005 ], [ 17.751042722654038, 68.50685729076632 ], [ 17.750570014004946, 68.506553651417548 ], [ 17.750510122077987, 68.506353473424966 ], [ 17.751368074025571, 68.505831883869206 ], [ 17.750597527427409, 68.505490221852241 ], [ 17.750181216084325, 68.504425989443533 ], [ 17.749246059103886, 68.503799328821813 ], [ 17.7494046316368, 68.503258778203985 ], [ 17.749330866010549, 68.503061071450247 ], [ 17.748997541173825, 68.502950559484049 ], [ 17.748814923753152, 68.50305866471524 ], [ 17.749048861500228, 68.503245309290136 ], [ 17.747928284357435, 68.503929173017795 ], [ 17.748503896736739, 68.504186251159595 ], [ 17.748187161378773, 68.50438290497793 ], [ 17.748302933133719, 68.504957737806222 ], [ 17.748912309960271, 68.505720796379407 ], [ 17.749301092066531, 68.505904455079786 ], [ 17.749666683048865, 68.506339650957202 ], [ 17.749167702509066, 68.506645841967867 ], [ 17.749056718403505, 68.507137229657786 ], [ 17.749329576622205, 68.507592706270174 ], [ 17.749757329775147, 68.507678063269324 ], [ 17.750262701033588, 68.507478404905669 ] ] ] ] } },
{ "type": "Feature", "properties": { "fid": 172651, "navn": null, "hoyde_moh": 396, "arealInnsjo_km2": 0.008, "magasinKategori": null, "fid_2": 1092, "id": 1092, "left": 17.486919847, "top": 68.946110046000001, "right": 17.986919847, "bottom": 68.446110046000001, "row_index": 11, "col_index": 27, "tile_id": 1092 }, "geometry": { "type": "MultiPolygon", "coordinates": [ [ [ [ 17.873303084195779, 68.51220273099473 ], [ 17.872795226142653, 68.512148586909973 ], [ 17.873525186819691, 68.511578255975095 ], [ 17.872297864407145, 68.51164998877033 ], [ 17.87270197444181, 68.511925847448467 ], [ 17.872519622496704, 68.511993603650907 ], [ 17.869630185833572, 68.511964760826814 ], [ 17.869180909685166, 68.512013019298678 ], [ 17.868989510425575, 68.512231111474051 ], [ 17.86929917873443, 68.512486598847559 ], [ 17.869210878209234, 68.512543137677355 ], [ 17.873303084195779, 68.51220273099473 ] ], [ [ 17.871317491781863, 68.512174955902893 ], [ 17.872732439637566, 68.512074703615383 ], [ 17.872001925207421, 68.512150585696887 ], [ 17.872625099145758, 68.512179687195214 ], [ 17.87242417602566, 68.512234295634244 ], [ 17.871317491781863, 68.512174955902893 ] ] ] ] } },
{ "type": "Feature", "properties": { "fid": 172663, "navn": null, "hoyde_moh": 390, "arealInnsjo_km2": 0.0059, "magasinKategori": null, "fid_2": 1092, "id": 1092, "left": 17.486919847, "top": 68.946110046000001, "right": 17.986919847, "bottom": 68.446110046000001, "row_index": 11, "col_index": 27, "tile_id": 1092 }, "geometry": { "type": "MultiPolygon", "coordinates": [ [ [ [ 17.775973553905189, 68.523850073148353 ], [ 17.775652600893981, 68.523644701951667 ], [ 17.774293588968245, 68.523503523689996 ], [ 17.775018262270205, 68.523368928647045 ], [ 17.774247853263589, 68.523018383702265 ], [ 17.773283715794776, 68.523127847650898 ], [ 17.772703530557187, 68.522991294027719 ], [ 17.772093387398201, 68.523150917348275 ], [ 17.775890520826898, 68.523941659539346 ], [ 17.775973553905189, 68.523850073148353 ] ] ] ] } },
{ "type": "Feature", "properties": { "fid": 172664, "navn": null, "hoyde_moh": 545, "arealInnsjo_km2": 0.0051, "magasinKategori": null, "fid_2": 1092, "id": 1092, "left": 17.486919847, "top": 68.946110046000001, "right": 17.986919847, "bottom": 68.446110046000001, "row_index": 11, "col_index": 27, "tile_id": 1092 }, "geometry": { "type": "MultiPolygon", "coordinates": [ [ [ [ 17.868748967871547, 68.524079654464558 ], [ 17.869223609577354, 68.523845771746693 ], [ 17.866753236387463, 68.524066975201791 ], [ 17.865816813914115, 68.524382075710207 ], [ 17.866162503184199, 68.524574924681303 ], [ 17.868748967871547, 68.524079654464558 ] ] ] ] } },
{ "type": "Feature", "properties": { "fid": 172839, "navn": null, "hoyde_moh": 366, "arealInnsjo_km2": 0.0063, "magasinKategori": null, "fid_2": 1092, "id": 1092, "left": 17.486919847, "top": 68.946110046000001, "right": 17.986919847, "bottom": 68.446110046000001, "row_index": 11, "col_index": 27, "tile_id": 1092 }, "geometry": { "type": "MultiPolygon", "coordinates": [ [ [ [ 17.844351692228987, 68.509708358892127 ], [ 17.844436489496672, 68.509441116441764 ], [ 17.844096470128946, 68.508808266015066 ], [ 17.844401531423724, 68.508589086315126 ], [ 17.844156591383463, 68.508487042149184 ], [ 17.843353855817849, 68.508667527246786 ], [ 17.843115397208908, 68.5091239119389 ], [ 17.843392423317681, 68.509447501439837 ], [ 17.843395294991808, 68.509950067153525 ], [ 17.843845982001408, 68.509947905293657 ], [ 17.844351692228987, 68.509708358892127 ] ] ] ] } },
{ "type": "Feature", "properties": { "fid": 172840, "navn": null, "hoyde_moh": 549, "arealInnsjo_km2": 0.0057, "magasinKategori": null, "fid_2": 1092, "id": 1092, "left": 17.486919847, "top": 68.946110046000001, "right": 17.986919847, "bottom": 68.446110046000001, "row_index": 11, "col_index": 27, "tile_id": 1092 }, "geometry": { "type": "MultiPolygon", "coordinates": [ [ [ [ 17.655185380617294, 68.513909084156495 ], [ 17.654896152686412, 68.513581823453805 ], [ 17.654980419027364, 68.513226484176798 ], [ 17.654656659194952, 68.513159080832978 ], [ 17.65240011495985, 68.513738152995515 ], [ 17.652902542576506, 68.513917447546021 ], [ 17.653612128331812, 68.51382840986976 ], [ 17.654537458708958, 68.514018605470952 ], [ 17.655185380617294, 68.513909084156495 ] ], [ [ 17.654253217462916, 68.513535983301523 ], [ 17.654396651998386, 68.513537754007103 ], [ 17.654053961606067, 68.51373606367784 ], [ 17.653855011007625, 68.513666146493975 ], [ 17.654253217462916, 68.513535983301523 ] ] ] ] } },
{ "type": "Feature", "properties": { "fid": 172845, "navn": null, "hoyde_moh": 281, "arealInnsjo_km2": 0.0031, "magasinKategori": null, "fid_2": 1092, "id": 1092, "left": 17.486919847, "top": 68.946110046000001, "right": 17.986919847, "bottom": 68.446110046000001, "row_index": 11, "col_index": 27, "tile_id": 1092 }, "geometry": { "type": "MultiPolygon", "coordinates": [ [ [ [ 17.810977608855566, 68.513210806750109 ], [ 17.810701866343553, 68.512870541474967 ], [ 17.809337446711172, 68.512804608758927 ], [ 17.809419443746489, 68.513116970501628 ], [ 17.809664382158171, 68.513225796326978 ], [ 17.810673034098599, 68.513317075183977 ], [ 17.810977608855566, 68.513210806750109 ] ] ] ] } },
{ "type": "Feature", "properties": { "fid": 183001, "navn": null, "hoyde_moh": 428, "arealInnsjo_km2": 0.0099, "magasinKategori": null, "fid_2": 1092, "id": 1092, "left": 17.486919847, "top": 68.946110046000001, "right": 17.986919847, "bottom": 68.446110046000001, "row_index": 11, "col_index": 27, "tile_id": 1092 }, "geometry": { "type": "MultiPolygon", "coordinates": [ [ [ [ 17.746053556724888, 68.529324225747942 ], [ 17.746091255142765, 68.529100727778584 ], [ 17.746296572746768, 68.529030317137185 ], [ 17.746227558529995, 68.528757489130584 ], [ 17.744107751368791, 68.528371244882337 ], [ 17.743654068102575, 68.528621376948053 ], [ 17.743671355355822, 68.528809686260416 ], [ 17.744101433005984, 68.529011626772245 ], [ 17.744265587193926, 68.529466375890593 ], [ 17.745192721566024, 68.529550769311854 ], [ 17.746053556724888, 68.529324225747942 ] ] ] ] } },
{ "type": "Feature", "properties": { "fid": 183082, "navn": null, "hoyde_moh": 620, "arealInnsjo_km2": 0.0091, "magasinKategori": null, "fid_2": 1092, "id": 1092, "left": 17.486919847, "top": 68.946110046000001, "right": 17.986919847, "bottom": 68.446110046000001, "row_index": 11, "col_index": 27, "tile_id": 1092 }, "geometry": { "type": "MultiPolygon", "coordinates": [ [ [ [ 17.837994048882528, 68.527761662841201 ], [ 17.840320212688479, 68.527372861964892 ], [ 17.840594154907901, 68.527149462367873 ], [ 17.839882343754962, 68.52684363380429 ], [ 17.839093348957999, 68.526901322374343 ], [ 17.838574898135118, 68.527004254930219 ], [ 17.837691818677797, 68.527497915322797 ], [ 17.83644829572814, 68.527787243403921 ], [ 17.836632629217068, 68.52793781232765 ], [ 17.837623998984434, 68.527774649622273 ], [ 17.836994234565982, 68.528213933915964 ], [ 17.837093250750399, 68.528344579095062 ], [ 17.837994048882528, 68.527761662841201 ] ] ] ] } },
{ "type": "Feature", "properties": { "fid": 183185, "navn": null, "hoyde_moh": 617, "arealInnsjo_km2": 0.0043, "magasinKategori": null, "fid_2": 1092, "id": 1092, "left": 17.486919847, "top": 68.946110046000001, "right": 17.986919847, "bottom": 68.446110046000001, "row_index": 11, "col_index": 27, "tile_id": 1092 }, "geometry": { "type": "MultiPolygon", "coordinates": [ [ [ [ 17.87564212214005, 68.526648818361352 ], [ 17.8751679216345, 68.526309887556167 ], [ 17.873533746644704, 68.526413630356487 ], [ 17.873722580261607, 68.526751345596296 ], [ 17.874788915381281, 68.52690742487529 ], [ 17.87564212214005, 68.526648818361352 ] ] ] ] } },
{ "type": "Feature", "properties": { "fid": 183241, "navn": null, "hoyde_moh": 728, "arealInnsjo_km2": 0.0055, "magasinKategori": null, "fid_2": 1092, "id": 1092, "left": 17.486919847, "top": 68.946110046000001, "right": 17.986919847, "bottom": 68.446110046000001, "row_index": 11, "col_index": 27, "tile_id": 1092 }, "geometry": { "type": "MultiPolygon", "coordinates": [ [ [ [ 17.89791269684784, 68.527291182604159 ], [ 17.898919469264079, 68.527272097268607 ], [ 17.900519919732123, 68.526592354636747 ], [ 17.898534026224226, 68.527108006160219 ], [ 17.895607753914252, 68.527319279186486 ], [ 17.897040982715001, 68.527646190723786 ], [ 17.89791269684784, 68.527291182604159 ] ] ] ] } },
{ "type": "Feature", "properties": { "fid": 183242, "navn": null, "hoyde_moh": 115, "arealInnsjo_km2": 0.0037, "magasinKategori": null, "fid_2": 1092, "id": 1092, "left": 17.486919847, "top": 68.946110046000001, "right": 17.986919847, "bottom": 68.446110046000001, "row_index": 11, "col_index": 27, "tile_id": 1092 }, "geometry": { "type": "MultiPolygon", "coordinates": [ [ [ [ 17.583410821830537, 68.532646498713319 ], [ 17.582927117339953, 68.532353440566041 ], [ 17.581274230544643, 68.53234106416096 ], [ 17.581301902037097, 68.53257624357272 ], [ 17.581575012835998, 68.532684508088579 ], [ 17.583052688051719, 68.532790587281667 ], [ 17.583410821830537, 68.532646498713319 ] ] ] ] } },
{ "type": "Feature", "properties": { "fid": 183271, "navn": null, "hoyde_moh": 660, "arealInnsjo_km2": 0.0081, "magasinKategori": null, "fid_2": 1092, "id": 1092, "left": 17.486919847, "top": 68.946110046000001, "right": 17.986919847, "bottom": 68.446110046000001, "row_index": 11, "col_index": 27, "tile_id": 1092 }, "geometry": { "type": "MultiPolygon", "coordinates": [ [ [ [ 17.906165088855722, 68.524090638284363 ], [ 17.904970165350615, 68.524070562922432 ], [ 17.904274542335266, 68.523839585733754 ], [ 17.90299236846322, 68.523881871277766 ], [ 17.903134471715557, 68.524036065932009 ], [ 17.902947833312567, 68.524211386120641 ], [ 17.903838191658359, 68.524533440651169 ], [ 17.905609025870874, 68.524630816295328 ], [ 17.906165088855722, 68.524090638284363 ] ] ] ] } },
{ "type": "Feature", "properties": { "fid": 183366, "navn": null, "hoyde_moh": 413, "arealInnsjo_km2": 0.0053, "magasinKategori": null, "fid_2": 1092, "id": 1092, "left": 17.486919847, "top": 68.946110046000001, "right": 17.986919847, "bottom": 68.446110046000001, "row_index": 11, "col_index": 27, "tile_id": 1092 }, "geometry": { "type": "MultiPolygon", "coordinates": [ [ [ [ 17.730091738375283, 68.53094177495251 ], [ 17.730185709984365, 68.530853806380435 ], [ 17.729527583386652, 68.530332035702017 ], [ 17.728718793959274, 68.530247338752289 ], [ 17.728082118224908, 68.530756579806763 ], [ 17.728521163936264, 68.53091810994222 ], [ 17.728512667302372, 68.531056391717769 ], [ 17.730091738375283, 68.53094177495251 ] ] ] ] } },
{ "type": "Feature", "properties": { "fid": 183622, "navn": null, "hoyde_moh": 551, "arealInnsjo_km2": 0.0044, "magasinKategori": null, "fid_2": 1092, "id": 1092, "left": 17.486919847, "top": 68.946110046000001, "right": 17.986919847, "bottom": 68.446110046000001, "row_index": 11, "col_index": 27, "tile_id": 1092 }, "geometry": { "type": "MultiPolygon", "coordinates": [ [ [ [ 17.762976458500646, 68.533571724603576 ], [ 17.762530345443693, 68.533009241991124 ], [ 17.761869194792354, 68.532809439991254 ], [ 17.761485929294548, 68.533025430524347 ], [ 17.761409419334537, 68.533288978335506 ], [ 17.76252708074168, 68.533824172009275 ], [ 17.762976458500646, 68.533571724603576 ] ] ] ] } },
{ "type": "Feature", "properties": { "fid": 183624, "navn": null, "hoyde_moh": 485, "arealInnsjo_km2": 0.0046, "magasinKategori": null, "fid_2": 1092, "id": 1092, "left": 17.486919847, "top": 68.946110046000001, "right": 17.986919847, "bottom": 68.446110046000001, "row_index": 11, "col_index": 27, "tile_id": 1092 }, "geometry": { "type": "MultiPolygon", "coordinates": [ [ [ [ 17.669757104877711, 68.538171058639435 ], [ 17.668792602471875, 68.537914235610629 ], [ 17.667351204516915, 68.538007589033597 ], [ 17.667475969563526, 68.538303696423952 ], [ 17.667982665219366, 68.538438815100008 ], [ 17.668846139257912, 68.538465490962778 ], [ 17.669285864577549, 68.538306273769379 ], [ 17.6701038607054, 68.538449723842177 ], [ 17.669757104877711, 68.538171058639435 ] ] ] ] } },
{ "type": "Feature", "properties": { "fid": 183713, "navn": null, "hoyde_moh": 454, "arealInnsjo_km2": 0.0042, "magasinKategori": null, "fid_2": 1092, "id": 1092, "left": 17.486919847, "top": 68.946110046000001, "right": 17.986919847, "bottom": 68.446110046000001, "row_index": 11, "col_index": 27, "tile_id": 1092 }, "geometry": { "type": "MultiPolygon", "coordinates": [ [ [ [ 17.675120291827437, 68.529219425724051 ], [ 17.675146730797167, 68.52883528425788 ], [ 17.674665873365278, 68.528844200273554 ], [ 17.674525437733969, 68.528649685001326 ], [ 17.673671557901649, 68.528510781454173 ], [ 17.673629029057345, 68.529075504472274 ], [ 17.674172298667269, 68.529189913979494 ], [ 17.674408212695784, 68.529404451227663 ], [ 17.675120291827437, 68.529219425724051 ] ] ] ] } },
{ "type": "Feature", "properties": { "fid": 183773, "navn": null, "hoyde_moh": 541, "arealInnsjo_km2": 0.004, "magasinKategori": null, "fid_2": 1092, "id": 1092, "left": 17.486919847, "top": 68.946110046000001, "right": 17.986919847, "bottom": 68.446110046000001, "row_index": 11, "col_index": 27, "tile_id": 1092 }, "geometry": { "type": "MultiPolygon", "coordinates": [ [ [ [ 17.760278721336327, 68.536053886331388 ], [ 17.760109657943151, 68.535828215886525 ], [ 17.760288197023183, 68.535675107262563 ], [ 17.759974116894274, 68.535596070081752 ], [ 17.759922311532716, 68.53538723332818 ], [ 17.759009273826752, 68.535542534078814 ], [ 17.758405829459495, 68.535922540570525 ], [ 17.760278721336327, 68.536053886331388 ] ] ] ] } },
{ "type": "Feature", "properties": { "fid": 183774, "navn": null, "hoyde_moh": 520, "arealInnsjo_km2": 0.0031, "magasinKategori": null, "fid_2": 1092, "id": 1092, "left": 17.486919847, "top": 68.946110046000001, "right": 17.986919847, "bottom": 68.446110046000001, "row_index": 11, "col_index": 27, "tile_id": 1092 }, "geometry": { "type": "MultiPolygon", "coordinates": [ [ [ [ 17.78193090858035, 68.535624588076985 ], [ 17.782021633662399, 68.535527665286665 ], [ 17.781843489417582, 68.535452520367443 ], [ 17.781849780558183, 68.535245418271899 ], [ 17.780628045491316, 68.535017179605276 ], [ 17.781164615522194, 68.535692932410385 ], [ 17.782194184364187, 68.535839343521488 ], [ 17.78193090858035, 68.535624588076985 ] ] ] ] } },
{ "type": "Feature", "properties": { "fid": 183775, "navn": null, "hoyde_moh": 380, "arealInnsjo_km2": 0.0039, "magasinKategori": null, "fid_2": 1092, "id": 1092, "left": 17.486919847, "top": 68.946110046000001, "right": 17.986919847, "bottom": 68.446110046000001, "row_index": 11, "col_index": 27, "tile_id": 1092 }, "geometry": { "type": "MultiPolygon", "coordinates": [ [ [ [ 17.641602380941048, 68.537993669444219 ], [ 17.641492359233503, 68.537841286228385 ], [ 17.642263999183729, 68.537256858556788 ], [ 17.641231836775709, 68.537437884550954 ], [ 17.64075045888098, 68.53727249023855 ], [ 17.640245366985432, 68.53755302211934 ], [ 17.6410333910706, 68.537804431619591 ], [ 17.640739705925355, 68.538061086767968 ], [ 17.641602380941048, 68.537993669444219 ] ] ] ] } },
{ "type": "Feature", "properties": { "fid": 184003, "navn": null, "hoyde_moh": 359, "arealInnsjo_km2": 0.0031, "magasinKategori": null, "fid_2": 1092, "id": 1092, "left": 17.486919847, "top": 68.946110046000001, "right": 17.986919847, "bottom": 68.446110046000001, "row_index": 11, "col_index": 27, "tile_id": 1092 }, "geometry": { "type": "MultiPolygon", "coordinates": [ [ [ [ 17.700180042120184, 68.535786461212041 ], [ 17.700486435046159, 68.535561891820237 ], [ 17.700925335320765, 68.535594329611442 ], [ 17.701176842062431, 68.53544352688381 ], [ 17.701146806607657, 68.53530541970548 ], [ 17.69977361945913, 68.535292849031762 ], [ 17.699302171896068, 68.535651478797732 ], [ 17.699407230264811, 68.535810371807727 ], [ 17.700180042120184, 68.535786461212041 ] ] ] ] } },
{ "type": "Feature", "properties": { "fid": 184004, "navn": null, "hoyde_moh": 347, "arealInnsjo_km2": 0.0039, "magasinKategori": null, "fid_2": 1092, "id": 1092, "left": 17.486919847, "top": 68.946110046000001, "right": 17.986919847, "bottom": 68.446110046000001, "row_index": 11, "col_index": 27, "tile_id": 1092 }, "geometry": { "type": "MultiPolygon", "coordinates": [ [ [ [ 17.703802547915998, 68.535633133282445 ], [ 17.703678305045667, 68.535232915819364 ], [ 17.702897089359741, 68.534741213756973 ], [ 17.702285312013657, 68.534987755901085 ], [ 17.702921126935561, 68.53565665413683 ], [ 17.703300616287997, 68.535784200662064 ], [ 17.703802547915998, 68.535633133282445 ] ] ] ] } },
{ "type": "Feature", "properties": { "fid": 184078, "navn": null, "hoyde_moh": 662, "arealInnsjo_km2": 0.0076, "magasinKategori": null, "fid_2": 1092, "id": 1092, "left": 17.486919847, "top": 68.946110046000001, "right": 17.986919847, "bottom": 68.446110046000001, "row_index": 11, "col_index": 27, "tile_id": 1092 }, "geometry": { "type": "MultiPolygon", "coordinates": [ [ [ [ 17.899594712312805, 68.533631083417703 ], [ 17.899439866370162, 68.533433386588129 ], [ 17.899516032247206, 68.533301543618137 ], [ 17.898968003479084, 68.532966102158781 ], [ 17.899055569366222, 68.532791421100484 ], [ 17.898197812774921, 68.532738179511867 ], [ 17.897070027223847, 68.532957829385325 ], [ 17.89717674144368, 68.533240743622173 ], [ 17.897885414103385, 68.533398094892817 ], [ 17.898435667884382, 68.533720394739504 ], [ 17.899594712312805, 68.533631083417703 ] ] ] ] } },
{ "type": "Feature", "properties": { "fid": 184086, "navn": null, "hoyde_moh": 476, "arealInnsjo_km2": 0.0094, "magasinKategori": null, "fid_2": 1092, "id": 1092, "left": 17.486919847, "top": 68.946110046000001, "right": 17.986919847, "bottom": 68.446110046000001, "row_index": 11, "col_index": 27, "tile_id": 1092 }, "geometry": { "type": "MultiPolygon", "coordinates": [ [ [ [ 17.771610005295031, 68.537157116253056 ], [ 17.771837050245711, 68.536522236686608 ], [ 17.770843960564051, 68.536494726896635 ], [ 17.770647620685924, 68.536235494837783 ], [ 17.769910387889759, 68.53608607823719 ], [ 17.769110738523437, 68.536722944775775 ], [ 17.769378907815124, 68.53693853572517 ], [ 17.771093138566123, 68.537253253810263 ], [ 17.771610005295031, 68.537157116253056 ] ] ] ] } },
{ "type": "Feature", "properties": { "fid": 184100, "navn": null, "hoyde_moh": 619, "arealInnsjo_km2": 0.003, "magasinKategori": null, "fid_2": 1092, "id": 1092, "left": 17.486919847, "top": 68.946110046000001, "right": 17.986919847, "bottom": 68.446110046000001, "row_index": 11, "col_index": 27, "tile_id": 1092 }, "geometry": { "type": "MultiPolygon", "coordinates": [ [ [ [ 17.876567168930453, 68.527485072482236 ], [ 17.876816552159546, 68.527035538755356 ], [ 17.876032333769032, 68.526963063559322 ], [ 17.87538131153887, 68.527103034296417 ], [ 17.875674048665736, 68.527179442451157 ], [ 17.875474187950235, 68.527414293190944 ], [ 17.87618943857267, 68.527568297072989 ], [ 17.876567168930453, 68.527485072482236 ] ] ] ] } },
{ "type": "Feature", "properties": { "fid": 184130, "navn": null, "hoyde_moh": 347, "arealInnsjo_km2": 0.0028, "magasinKategori": null, "fid_2": 1092, "id": 1092, "left": 17.486919847, "top": 68.946110046000001, "right": 17.986919847, "bottom": 68.446110046000001, "row_index": 11, "col_index": 27, "tile_id": 1092 }, "geometry": { "type": "MultiPolygon", "coordinates": [ [ [ [ 17.706655438859102, 68.535093951018325 ], [ 17.706454124989776, 68.534772709704782 ], [ 17.704979338857338, 68.534964947482663 ], [ 17.705743678988799, 68.535303421566184 ], [ 17.706457290836049, 68.535354039215989 ], [ 17.706655438859102, 68.535093951018325 ] ] ] ] } },
{ "type": "Feature", "properties": { "fid": 184254, "navn": null, "hoyde_moh": 337, "arealInnsjo_km2": 0.0064, "magasinKategori": null, "fid_2": 1092, "id": 1092, "left": 17.486919847, "top": 68.946110046000001, "right": 17.986919847, "bottom": 68.446110046000001, "row_index": 11, "col_index": 27, "tile_id": 1092 }, "geometry": { "type": "MultiPolygon", "coordinates": [ [ [ [ 17.638624735479635, 68.589792315178272 ], [ 17.638493879236059, 68.589631906890375 ], [ 17.63862126483804, 68.589476156820965 ], [ 17.637775849180493, 68.589159193097728 ], [ 17.638205780795225, 68.588864515500205 ], [ 17.637100902859846, 68.588636794495258 ], [ 17.636228603015205, 68.588726752345991 ], [ 17.636609874445512, 68.58909335975477 ], [ 17.637242639932932, 68.589247970376888 ], [ 17.638019266733924, 68.589893447072839 ], [ 17.638624735479635, 68.589792315178272 ] ] ] ] } },
{ "type": "Feature", "properties": { "fid": 184255, "navn": null, "hoyde_moh": 340, "arealInnsjo_km2": 0.0042, "magasinKategori": null, "fid_2": 1092, "id": 1092, "left": 17.486919847, "top": 68.946110046000001, "right": 17.986919847, "bottom": 68.446110046000001, "row_index": 11, "col_index": 27, "tile_id": 1092 }, "geometry": { "type": "MultiPolygon", "coordinates": [ [ [ [ 17.634832738243041, 68.59011910101799 ], [ 17.6353142920631, 68.589949910895015 ], [ 17.634333075572819, 68.589668715070999 ], [ 17.632844752546671, 68.589994660315767 ], [ 17.633043255766388, 68.590279852745653 ], [ 17.634832738243041, 68.59011910101799 ] ] ] ] } },
{ "type": "Feature", "properties": { "fid": 184256, "navn": null, "hoyde_moh": 340, "arealInnsjo_km2": 0.0052, "magasinKategori": null, "fid_2": 1092, "id": 1092, "left": 17.486919847, "top": 68.946110046000001, "right": 17.986919847, "bottom": 68.446110046000001, "row_index": 11, "col_index": 27, "tile_id": 1092 }, "geometry": { "type": "MultiPolygon", "coordinates": [ [ [ [ 17.633630055966407, 68.591014753139106 ], [ 17.632941244776198, 68.59075733669755 ], [ 17.633132150831873, 68.59063802620733 ], [ 17.632345400876613, 68.590496489163527 ], [ 17.632353414823044, 68.590267126154757 ], [ 17.631542484832632, 68.590424493168072 ], [ 17.631663248866978, 68.590627069983739 ], [ 17.632638066985653, 68.590960529962715 ], [ 17.632782091150894, 68.591189579498547 ], [ 17.634323330670888, 68.591708223610809 ], [ 17.633630055966407, 68.591014753139106 ] ] ] ] } },
{ "type": "Feature", "properties": { "fid": 184257, "navn": null, "hoyde_moh": 740, "arealInnsjo_km2": 0.0201, "magasinKategori": null, "fid_2": 1092, "id": 1092, "left": 17.486919847, "top": 68.946110046000001, "right": 17.986919847, "bottom": 68.446110046000001, "row_index": 11, "col_index": 27, "tile_id": 1092 }, "geometry": { "type": "MultiPolygon", "coordinates": [ [ [ [ 17.574949304987737, 68.601614429474623 ], [ 17.574433552423518, 68.601379801650779 ], [ 17.574403690221423, 68.601072135387184 ], [ 17.575031630270612, 68.600997014622024 ], [ 17.575128449829439, 68.601069760026348 ], [ 17.574995861768077, 68.601216649241721 ], [ 17.575583593161227, 68.601133794222392 ], [ 17.575493996726721, 68.600899023682771 ], [ 17.575632919961048, 68.600755986251571 ], [ 17.575491745362871, 68.600667225408799 ], [ 17.575920196121533, 68.600537171452231 ], [ 17.575740832811235, 68.60043472421539 ], [ 17.575853769354353, 68.600313714574128 ], [ 17.575471064903017, 68.600210428267289 ], [ 17.5749771995252, 68.60040439845973 ], [ 17.574972913724899, 68.600782863692743 ], [ 17.574021500884545, 68.600771829570164 ], [ 17.573769133646664, 68.601070256898709 ], [ 17.572968857531961, 68.600419928596224 ], [ 17.572962861621999, 68.600082279115142 ], [ 17.57229345076232, 68.599932476334075 ], [ 17.57143908008679, 68.600064627636513 ], [ 17.571496511610711, 68.600424557963521 ], [ 17.572026192854107, 68.600485129631693 ], [ 17.572164948920332, 68.600664491012523 ], [ 17.571190679872313, 68.600928165176768 ], [ 17.571225731082684, 68.601026089087597 ], [ 17.571670807019828, 68.601148267904151 ], [ 17.572375947570563, 68.601066862282579 ], [ 17.572379258091477, 68.601200902858892 ], [ 17.572022231419165, 68.601377605145714 ], [ 17.572548958543045, 68.601656769427919 ], [ 17.574715123006328, 68.601904233122966 ], [ 17.574949304987737, 68.601614429474623 ] ] ] ] } },
{ "type": "Feature", "properties": { "fid": 184259, "navn": "Nedre Klemmeselvvatnet", "hoyde_moh": 545, "arealInnsjo_km2": 0.01, "magasinKategori": null, "fid_2": 1092, "id": 1092, "left": 17.486919847, "top": 68.946110046000001, "right": 17.986919847, "bottom": 68.446110046000001, "row_index": 11, "col_index": 27, "tile_id": 1092 }, "geometry": { "type": "MultiPolygon", "coordinates": [ [ [ [ 17.582030926734596, 68.657505187649164 ], [ 17.582875965844405, 68.65716474687504 ], [ 17.582481181394886, 68.656959061090816 ], [ 17.580528731444247, 68.656911381979185 ], [ 17.578902436069516, 68.65713693058396 ], [ 17.579434933038851, 68.657601521175351 ], [ 17.580795739447673, 68.657753041877186 ], [ 17.582030926734596, 68.657505187649164 ] ] ] ] } },
{ "type": "Feature", "properties": { "fid": 184263, "navn": null, "hoyde_moh": 337, "arealInnsjo_km2": 0.0144, "magasinKategori": null, "fid_2": 1092, "id": 1092, "left": 17.486919847, "top": 68.946110046000001, "right": 17.986919847, "bottom": 68.446110046000001, "row_index": 11, "col_index": 27, "tile_id": 1092 }, "geometry": { "type": "MultiPolygon", "coordinates": [ [ [ [ 17.639631026824368, 68.588458728981379 ], [ 17.639385526864277, 68.588321930186211 ], [ 17.639350100654497, 68.588087233345888 ], [ 17.638164359349901, 68.587961404931036 ], [ 17.638609208223301, 68.587578530516538 ], [ 17.639267354554065, 68.587499816557312 ], [ 17.639644046338798, 68.586930057184688 ], [ 17.638623769753647, 68.586796700925987 ], [ 17.63729097077178, 68.587219252129685 ], [ 17.637016021040282, 68.587448759643124 ], [ 17.637206787231246, 68.588136627271297 ], [ 17.637775893115265, 68.588228326320902 ], [ 17.638196180708285, 68.588558865034742 ], [ 17.639555251578546, 68.588746331080372 ], [ 17.639631026824368, 68.588458728981379 ] ] ] ] } },
{ "type": "Feature", "properties": { "fid": 184268, "navn": null, "hoyde_moh": 635, "arealInnsjo_km2": 0.0038, "magasinKategori": null, "fid_2": 1092, "id": 1092, "left": 17.486919847, "top": 68.946110046000001, "right": 17.986919847, "bottom": 68.446110046000001, "row_index": 11, "col_index": 27, "tile_id": 1092 }, "geometry": { "type": "MultiPolygon", "coordinates": [ [ [ [ 17.536256016369194, 68.726457523714586 ], [ 17.536854422759852, 68.726145017751023 ], [ 17.53613349684343, 68.725990595018715 ], [ 17.534915051350449, 68.726175250434196 ], [ 17.534896314659651, 68.726371455619116 ], [ 17.535106364154419, 68.726512626853975 ], [ 17.535756664731231, 68.726619647422623 ], [ 17.536256016369194, 68.726457523714586 ] ] ] ] } },
{ "type": "Feature", "properties": { "fid": 184295, "navn": null, "hoyde_moh": 785, "arealInnsjo_km2": 0.0347, "magasinKategori": null, "fid_2": 1092, "id": 1092, "left": 17.486919847, "top": 68.946110046000001, "right": 17.986919847, "bottom": 68.446110046000001, "row_index": 11, "col_index": 27, "tile_id": 1092 }, "geometry": { "type": "MultiPolygon", "coordinates": [ [ [ [ 17.561442451042975, 68.601152475331531 ], [ 17.561072236953667, 68.600908235034254 ], [ 17.561331469888902, 68.600769842990942 ], [ 17.562280670302933, 68.600617273652503 ], [ 17.563785481970982, 68.600668774942378 ], [ 17.56408703093193, 68.60031567398255 ], [ 17.563582383863928, 68.600161982057401 ], [ 17.562777930617226, 68.600344397949939 ], [ 17.561961532807747, 68.600083972817572 ], [ 17.562349826778512, 68.600025739011116 ], [ 17.562393087427672, 68.599872860308352 ], [ 17.562830301061144, 68.599872938146319 ], [ 17.562757565036453, 68.599554256530027 ], [ 17.563347855637957, 68.599500305624957 ], [ 17.563162161218735, 68.599165213583092 ], [ 17.562528219886772, 68.598967892629446 ], [ 17.562728625767093, 68.598792338128035 ], [ 17.562647841743846, 68.598609843970991 ], [ 17.5618036747105, 68.59838331920254 ], [ 17.561350061005939, 68.598661541987582 ], [ 17.559884115487023, 68.59863931744195 ], [ 17.559440257782878, 68.599206120054873 ], [ 17.559610935801267, 68.600253091024371 ], [ 17.560306982910681, 68.601077028234073 ], [ 17.561186467077469, 68.601256891622185 ], [ 17.561442451042975, 68.601152475331531 ] ] ] ] } },
{ "type": "Feature", "properties": { "fid": 184298, "navn": null, "hoyde_moh": 304, "arealInnsjo_km2": 0.0045, "magasinKategori": null, "fid_2": 1092, "id": 1092, "left": 17.486919847, "top": 68.946110046000001, "right": 17.986919847, "bottom": 68.446110046000001, "row_index": 11, "col_index": 27, "tile_id": 1092 }, "geometry": { "type": "MultiPolygon", "coordinates": [ [ [ [ 17.935190995924849, 68.678740372476668 ], [ 17.935175144778164, 68.678608323245626 ], [ 17.935544240438368, 68.678516712882981 ], [ 17.935025137932335, 68.678482196811402 ], [ 17.935935695048727, 68.678262852892502 ], [ 17.937404824093306, 68.678194660479889 ], [ 17.937698304031198, 68.678295576453692 ], [ 17.937467448212946, 68.678744685686709 ], [ 17.937982873008519, 68.678585887920775 ], [ 17.937869768274158, 68.678753935342215 ], [ 17.938202430232888, 68.678554058587181 ], [ 17.93819186082326, 68.678381609509032 ], [ 17.937519371597705, 68.678097688257452 ], [ 17.93640854396962, 68.678108570644469 ], [ 17.935104965759134, 68.678282232346149 ], [ 17.934673240334757, 68.678622163839606 ], [ 17.934909268982572, 68.678984602949157 ], [ 17.935735358155476, 68.679266043710612 ], [ 17.935190995924849, 68.678740372476668 ] ] ] ] } },
{ "type": "Feature", "properties": { "fid": 184319, "navn": null, "hoyde_moh": 795, "arealInnsjo_km2": 0.0075, "magasinKategori": null, "fid_2": 1092, "id": 1092, "left": 17.486919847, "top": 68.946110046000001, "right": 17.986919847, "bottom": 68.446110046000001, "row_index": 11, "col_index": 27, "tile_id": 1092 }, "geometry": { "type": "MultiPolygon", "coordinates": [ [ [ [ 17.78047910932202, 68.607263318494176 ], [ 17.780640367773856, 68.606828351472359 ], [ 17.781167726679044, 68.606687241303547 ], [ 17.781093472726148, 68.606466929241932 ], [ 17.778352964121471, 68.60634277739139 ], [ 17.778306502053095, 68.606706370506927 ], [ 17.779614486634657, 68.606940526069735 ], [ 17.779787840417967, 68.607300042991781 ], [ 17.78047910932202, 68.607263318494176 ] ] ] ] } },
{ "type": "Feature", "properties": { "fid": 184320, "navn": "Daudvatnet", "hoyde_moh": 269, "arealInnsjo_km2": 0.0376, "magasinKategori": null, "fid_2": 1092, "id": 1092, "left": 17.486919847, "top": 68.946110046000001, "right": 17.986919847, "bottom": 68.446110046000001, "row_index": 11, "col_index": 27, "tile_id": 1092 }, "geometry": { "type": "MultiPolygon", "coordinates": [ [ [ [ 17.63695510754204, 68.610285385195738 ], [ 17.636904576371421, 68.609934779867771 ], [ 17.636307180441925, 68.609403797061773 ], [ 17.635730503467066, 68.609183045275643 ], [ 17.632417399640602, 68.608591841191654 ], [ 17.631532992228259, 68.608998433394092 ], [ 17.630825508494453, 68.608382717852479 ], [ 17.630503050347457, 68.608859960719798 ], [ 17.630422361015317, 68.609323285071596 ], [ 17.63084833433782, 68.609561397450094 ], [ 17.632751401262471, 68.609378988748659 ], [ 17.632657230410992, 68.609928242603104 ], [ 17.632123440366534, 68.610129649755478 ], [ 17.632889294445523, 68.610340815040786 ], [ 17.633143869874484, 68.610611938621389 ], [ 17.636228271108184, 68.610647529530098 ], [ 17.63695510754204, 68.610285385195738 ] ] ] ] } },
{ "type": "Feature", "properties": { "fid": 184321, "navn": null, "hoyde_moh": 614, "arealInnsjo_km2": 0.007, "magasinKategori": null, "fid_2": 1092, "id": 1092, "left": 17.486919847, "top": 68.946110046000001, "right": 17.986919847, "bottom": 68.446110046000001, "row_index": 11, "col_index": 27, "tile_id": 1092 }, "geometry": { "type": "MultiPolygon", "coordinates": [ [ [ [ 17.674939991459624, 68.586177090495141 ], [ 17.674991202073532, 68.585816972666066 ], [ 17.677497302333592, 68.585507932984441 ], [ 17.67722362686747, 68.58530332853816 ], [ 17.676262555978823, 68.585398410538104 ], [ 17.67518949287944, 68.585272845281196 ], [ 17.675040490294652, 68.585411826500859 ], [ 17.675370754249055, 68.585576130592315 ], [ 17.674475903458621, 68.585447637769519 ], [ 17.673720004676813, 68.586063813895905 ], [ 17.67374472211657, 68.58622821794944 ], [ 17.674019069781664, 68.586341622352236 ], [ 17.67466354058579, 68.586353551585162 ], [ 17.674939991459624, 68.586177090495141 ] ] ] ] } },
{ "type": "Feature", "properties": { "fid": 184324, "navn": null, "hoyde_moh": 729, "arealInnsjo_km2": 0.0036, "magasinKategori": null, "fid_2": 1092, "id": 1092, "left": 17.486919847, "top": 68.946110046000001, "right": 17.986919847, "bottom": 68.446110046000001, "row_index": 11, "col_index": 27, "tile_id": 1092 }, "geometry": { "type": "MultiPolygon", "coordinates": [ [ [ [ 17.695724515990751, 68.602544427913955 ], [ 17.695909577283313, 68.602308718574008 ], [ 17.694243960715358, 68.602271467157962 ], [ 17.693857872836901, 68.602386791544077 ], [ 17.693813655204067, 68.60254888651717 ], [ 17.695229755470955, 68.602714812295119 ], [ 17.695724515990751, 68.602544427913955 ] ] ] ] } },
{ "type": "Feature", "properties": { "fid": 184325, "navn": null, "hoyde_moh": 975, "arealInnsjo_km2": 0.0094, "magasinKategori": null, "fid_2": 1092, "id": 1092, "left": 17.486919847, "top": 68.946110046000001, "right": 17.986919847, "bottom": 68.446110046000001, "row_index": 11, "col_index": 27, "tile_id": 1092 }, "geometry": { "type": "MultiPolygon", "coordinates": [ [ [ [ 17.908724021926972, 68.603018148813888 ], [ 17.909165257440314, 68.602693272961773 ], [ 17.908306031820207, 68.602573638382026 ], [ 17.907109665696336, 68.60209624616364 ], [ 17.906020996458562, 68.602083978544755 ], [ 17.905935757581116, 68.602525150288457 ], [ 17.906537052238495, 68.602621779308222 ], [ 17.907174838369972, 68.603129288866668 ], [ 17.908724021926972, 68.603018148813888 ] ] ] ] } },
{ "type": "Feature", "properties": { "fid": 184326, "navn": null, "hoyde_moh": 852, "arealInnsjo_km2": 0.0271, "magasinKategori": null, "fid_2": 1092, "id": 1092, "left": 17.486919847, "top": 68.946110046000001, "right": 17.986919847, "bottom": 68.446110046000001, "row_index": 11, "col_index": 27, "tile_id": 1092 }, "geometry": { "type": "MultiPolygon", "coordinates": [ [ [ [ 17.596951064183386, 68.721900562674193 ], [ 17.596870861921012, 68.721597799254525 ], [ 17.597247426241506, 68.721289728876897 ], [ 17.595948938680507, 68.720826787139956 ], [ 17.594995727731348, 68.720706333647669 ], [ 17.592284143414783, 68.720742612951952 ], [ 17.591758976402708, 68.720846067452968 ], [ 17.591504241155587, 68.721186723619269 ], [ 17.592020492740929, 68.721500040534565 ], [ 17.593559087754638, 68.721937161873313 ], [ 17.596119391273316, 68.722139236866411 ], [ 17.596951064183386, 68.721900562674193 ] ] ] ] } },
{ "type": "Feature", "properties": { "fid": 184327, "navn": null, "hoyde_moh": 1075, "arealInnsjo_km2": 0.0043, "magasinKategori": null, "fid_2": 1092, "id": 1092, "left": 17.486919847, "top": 68.946110046000001, "right": 17.986919847, "bottom": 68.446110046000001, "row_index": 11, "col_index": 27, "tile_id": 1092 }, "geometry": { "type": "MultiPolygon", "coordinates": [ [ [ [ 17.964554164031302, 68.730434822388403 ], [ 17.965260225645441, 68.730164349118525 ], [ 17.965289871355168, 68.730024679907316 ], [ 17.964453437126096, 68.729809067741542 ], [ 17.963416345835189, 68.73025105869236 ], [ 17.963807443423036, 68.73065995071174 ], [ 17.964357851250352, 68.730673020815118 ], [ 17.964554164031302, 68.730434822388403 ] ] ] ] } },
{ "type": "Feature", "properties": { "fid": 184328, "navn": null, "hoyde_moh": 26, "arealInnsjo_km2": 0.004, "magasinKategori": null, "fid_2": 1092, "id": 1092, "left": 17.486919847, "top": 68.946110046000001, "right": 17.986919847, "bottom": 68.446110046000001, "row_index": 11, "col_index": 27, "tile_id": 1092 }, "geometry": { "type": "MultiPolygon", "coordinates": [ [ [ [ 17.841205598395561, 68.722614029158905 ], [ 17.841185991194763, 68.722454214629764 ], [ 17.84161161518092, 68.722180816727061 ], [ 17.841964385637599, 68.722237816502073 ], [ 17.841841635136525, 68.722595534841886 ], [ 17.842288218442125, 68.722554638123469 ], [ 17.842541639846733, 68.722341941063817 ], [ 17.842349109532886, 68.721998496986544 ], [ 17.841260235781, 68.722066790989729 ], [ 17.840608211323396, 68.722276036783924 ], [ 17.840354203692034, 68.722526981152342 ], [ 17.840361407874607, 68.722698135032218 ], [ 17.841205598395561, 68.722614029158905 ] ] ] ] } },
{ "type": "Feature", "properties": { "fid": 184346, "navn": null, "hoyde_moh": 506, "arealInnsjo_km2": 0.0035, "magasinKategori": null, "fid_2": 1092, "id": 1092, "left": 17.486919847, "top": 68.946110046000001, "right": 17.986919847, "bottom": 68.446110046000001, "row_index": 11, "col_index": 27, "tile_id": 1092 }, "geometry": { "type": "MultiPolygon", "coordinates": [ [ [ [ 17.506621033814408, 68.611688487495513 ], [ 17.505931121942901, 68.611274684014219 ], [ 17.504765092707729, 68.61103372509794 ], [ 17.505381450327008, 68.611520157304426 ], [ 17.505869503246856, 68.611583890541553 ], [ 17.505933097297952, 68.611906851029644 ], [ 17.506571687391233, 68.612030449904523 ], [ 17.506621033814408, 68.611688487495513 ] ] ] ] } },
{ "type": "Feature", "properties": { "fid": 184349, "navn": null, "hoyde_moh": 832, "arealInnsjo_km2": 0.0038, "magasinKategori": null, "fid_2": 1092, "id": 1092, "left": 17.486919847, "top": 68.946110046000001, "right": 17.986919847, "bottom": 68.446110046000001, "row_index": 11, "col_index": 27, "tile_id": 1092 }, "geometry": { "type": "MultiPolygon", "coordinates": [ [ [ [ 17.790909149314913, 68.694199953367516 ], [ 17.790428240813892, 68.693663566325029 ], [ 17.789942126274468, 68.693516301654668 ], [ 17.78923405338892, 68.693771880425359 ], [ 17.789628188987674, 68.694216438223492 ], [ 17.790389140023816, 68.694319041084128 ], [ 17.790909149314913, 68.694199953367516 ] ] ] ] } },
{ "type": "Feature", "properties": { "fid": 184354, "navn": null, "hoyde_moh": 780, "arealInnsjo_km2": 0.0025, "magasinKategori": null, "fid_2": 1092, "id": 1092, "left": 17.486919847, "top": 68.946110046000001, "right": 17.986919847, "bottom": 68.446110046000001, "row_index": 11, "col_index": 27, "tile_id": 1092 }, "geometry": { "type": "MultiPolygon", "coordinates": [ [ [ [ 17.566709047401204, 68.598192834767318 ], [ 17.566674763066633, 68.59802183969785 ], [ 17.565240295402273, 68.597915622584395 ], [ 17.56541171876118, 68.598237467156622 ], [ 17.566132684421994, 68.598458671644181 ], [ 17.566709047401204, 68.598192834767318 ] ] ] ] } },
{ "type": "Feature", "properties": { "fid": 184355, "navn": null, "hoyde_moh": 873, "arealInnsjo_km2": 0.0118, "magasinKategori": null, "fid_2": 1092, "id": 1092, "left": 17.486919847, "top": 68.946110046000001, "right": 17.986919847, "bottom": 68.446110046000001, "row_index": 11, "col_index": 27, "tile_id": 1092 }, "geometry": { "type": "MultiPolygon", "coordinates": [ [ [ [ 17.804326172534218, 68.604388149891363 ], [ 17.804530912829822, 68.604198835623848 ], [ 17.804569654569079, 68.603891012429401 ], [ 17.804347843083637, 68.603546056846852 ], [ 17.80481518098409, 68.603451649463949 ], [ 17.804818829765146, 68.603254553095695 ], [ 17.803728228379732, 68.603263648985674 ], [ 17.802703319423593, 68.603505573387082 ], [ 17.802314943325367, 68.603732411339706 ], [ 17.802290101272344, 68.604080935349543 ], [ 17.801972481988223, 68.604317366684398 ], [ 17.803048984236604, 68.604523775341178 ], [ 17.804326172534218, 68.604388149891363 ] ] ] ] } },
{ "type": "Feature", "properties": { "fid": 184356, "navn": null, "hoyde_moh": 516, "arealInnsjo_km2": 0.005, "magasinKategori": null, "fid_2": 1092, "id": 1092, "left": 17.486919847, "top": 68.946110046000001, "right": 17.986919847, "bottom": 68.446110046000001, "row_index": 11, "col_index": 27, "tile_id": 1092 }, "geometry": { "type": "MultiPolygon", "coordinates": [ [ [ [ 17.501216263533085, 68.609238421481521 ], [ 17.500808188394878, 68.608993809979253 ], [ 17.500239723732435, 68.609211812983517 ], [ 17.499884949018526, 68.608993153584791 ], [ 17.499857201468036, 68.608721894079764 ], [ 17.498962463973253, 68.608782826567776 ], [ 17.499831384632497, 68.609552009898977 ], [ 17.500381754373937, 68.609484876463014 ], [ 17.501495762852894, 68.609761010655205 ], [ 17.501216263533085, 68.609238421481521 ] ] ] ] } },
{ "type": "Feature", "properties": { "fid": 184357, "navn": null, "hoyde_moh": 844, "arealInnsjo_km2": 0.0186, "magasinKategori": null, "fid_2": 1092, "id": 1092, "left": 17.486919847, "top": 68.946110046000001, "right": 17.986919847, "bottom": 68.446110046000001, "row_index": 11, "col_index": 27, "tile_id": 1092 }, "geometry": { "type": "MultiPolygon", "coordinates": [ [ [ [ 17.591318670980741, 68.723110640771125 ], [ 17.591317728870013, 68.722862039252789 ], [ 17.590878177637126, 68.722462459441459 ], [ 17.589577845714199, 68.722206647785114 ], [ 17.588712541406267, 68.721830183901659 ], [ 17.587026890317556, 68.721967443104646 ], [ 17.586132051473381, 68.722418939055046 ], [ 17.587817248075964, 68.722522503195407 ], [ 17.589131836711736, 68.723193037984885 ], [ 17.590532607567518, 68.723353523914128 ], [ 17.591318670980741, 68.723110640771125 ] ] ] ] } },
{ "type": "Feature", "properties": { "fid": 184360, "navn": null, "hoyde_moh": 1005, "arealInnsjo_km2": 0.006, "magasinKategori": null, "fid_2": 1092, "id": 1092, "left": 17.486919847, "top": 68.946110046000001, "right": 17.986919847, "bottom": 68.446110046000001, "row_index": 11, "col_index": 27, "tile_id": 1092 }, "geometry": { "type": "MultiPolygon", "coordinates": [ [ [ [ 17.982408987176811, 68.720673010091488 ], [ 17.981486646298812, 68.719964788245903 ], [ 17.980987339242436, 68.719892074318366 ], [ 17.980269631059734, 68.720106717060744 ], [ 17.980455113433237, 68.720444413582428 ], [ 17.981816867052636, 68.721071099244895 ], [ 17.982156995919674, 68.72104921203784 ], [ 17.982408987176811, 68.720673010091488 ] ], [ [ 17.981176857713201, 68.720596609392288 ], [ 17.981183510684588, 68.720533559858822 ], [ 17.981565426318369, 68.720621001288748 ], [ 17.981176857713201, 68.720596609392288 ] ] ] ] } },
{ "type": "Feature", "properties": { "fid": 184361, "navn": null, "hoyde_moh": 800, "arealInnsjo_km2": 0.0035, "magasinKategori": null, "fid_2": 1092, "id": 1092, "left": 17.486919847, "top": 68.946110046000001, "right": 17.986919847, "bottom": 68.446110046000001, "row_index": 11, "col_index": 27, "tile_id": 1092 }, "geometry": { "type": "MultiPolygon", "coordinates": [ [ [ [ 17.969755964986614, 68.744366768438852 ], [ 17.971260570996176, 68.743864472509344 ], [ 17.968117645035665, 68.744337418710955 ], [ 17.968360853773326, 68.744480473305146 ], [ 17.969755964986614, 68.744366768438852 ] ] ] ] } },
{ "type": "Feature", "properties": { "fid": 184381, "navn": null, "hoyde_moh": 509, "arealInnsjo_km2": 0.0111, "magasinKategori": null, "fid_2": 1092, "id": 1092, "left": 17.486919847, "top": 68.946110046000001, "right": 17.986919847, "bottom": 68.446110046000001, "row_index": 11, "col_index": 27, "tile_id": 1092 }, "geometry": { "type": "MultiPolygon", "coordinates": [ [ [ [ 17.5892843937451, 68.665952582972409 ], [ 17.587652785485393, 68.665725663674706 ], [ 17.588034883140867, 68.665431877314262 ], [ 17.587679434583038, 68.665224880236792 ], [ 17.587589545217664, 68.664954754269104 ], [ 17.586467128836816, 68.66469057938501 ], [ 17.585556572417588, 68.664732531862526 ], [ 17.58553550533113, 68.665025988644459 ], [ 17.585920485327208, 68.665175185221088 ], [ 17.586128276267665, 68.665501665733842 ], [ 17.587650820774044, 68.665902687392375 ], [ 17.588384776254838, 68.666294158612786 ], [ 17.588959719807114, 68.666314422206128 ], [ 17.5892843937451, 68.665952582972409 ] ] ] ] } },
{ "type": "Feature", "properties": { "fid": 184382, "navn": null, "hoyde_moh": 588, "arealInnsjo_km2": 0.007, "magasinKategori": null, "fid_2": 1092, "id": 1092, "left": 17.486919847, "top": 68.946110046000001, "right": 17.986919847, "bottom": 68.446110046000001, "row_index": 11, "col_index": 27, "tile_id": 1092 }, "geometry": { "type": "MultiPolygon", "coordinates": [ [ [ [ 17.690670350404581, 68.584876051922663 ], [ 17.690767431777537, 68.584396530304161 ], [ 17.68944391575069, 68.584093297101163 ], [ 17.688908407046913, 68.58428756697036 ], [ 17.688449190051003, 68.584676201892037 ], [ 17.688687441153135, 68.584971922579001 ], [ 17.690670350404581, 68.584876051922663 ] ] ] ] } },
{ "type": "Feature", "properties": { "fid": 184383, "navn": null, "hoyde_moh": 320, "arealInnsjo_km2": 0.0045, "magasinKategori": null, "fid_2": 1092, "id": 1092, "left": 17.486919847, "top": 68.946110046000001, "right": 17.986919847, "bottom": 68.446110046000001, "row_index": 11, "col_index": 27, "tile_id": 1092 }, "geometry": { "type": "MultiPolygon", "coordinates": [ [ [ [ 17.641475181035183, 68.596348142094129 ], [ 17.641819116613728, 68.595845941810353 ], [ 17.641234753536978, 68.595747492046669 ], [ 17.639603680957819, 68.596249770422247 ], [ 17.640917953552339, 68.596522395096613 ], [ 17.641475181035183, 68.596348142094129 ] ] ] ] } },
{ "type": "Feature", "properties": { "fid": 184384, "navn": null, "hoyde_moh": 409, "arealInnsjo_km2": 0.0053, "magasinKategori": null, "fid_2": 1092, "id": 1092, "left": 17.486919847, "top": 68.946110046000001, "right": 17.986919847, "bottom": 68.446110046000001, "row_index": 11, "col_index": 27, "tile_id": 1092 }, "geometry": { "type": "MultiPolygon", "coordinates": [ [ [ [ 17.862471207909419, 68.617423785953406 ], [ 17.862571603154517, 68.617130959871901 ], [ 17.862029491854521, 68.616697520232634 ], [ 17.861296510201388, 68.616869669368029 ], [ 17.860974706772133, 68.617284031091529 ], [ 17.861206507226655, 68.61771861487351 ], [ 17.862471207909419, 68.617423785953406 ] ] ] ] } },
{ "type": "Feature", "properties": { "fid": 184385, "navn": "Bergevatnet", "hoyde_moh": 278, "arealInnsjo_km2": 0.0085, "magasinKategori": null, "fid_2": 1092, "id": 1092, "left": 17.486919847, "top": 68.946110046000001, "right": 17.986919847, "bottom": 68.446110046000001, "row_index": 11, "col_index": 27, "tile_id": 1092 }, "geometry": { "type": "MultiPolygon", "coordinates": [ [ [ [ 17.672153730788608, 68.620984490956189 ], [ 17.672009746050598, 68.620814528091458 ], [ 17.672074269705238, 68.620612715892136 ], [ 17.671699894696427, 68.620375496941136 ], [ 17.671405302583835, 68.620031456873392 ], [ 17.671461869282307, 68.619787584739598 ], [ 17.671187544977915, 68.619609544969052 ], [ 17.670209460158205, 68.619704392962845 ], [ 17.669939865090715, 68.619526725156462 ], [ 17.669578524772891, 68.619597165670839 ], [ 17.670157650689859, 68.620110292242913 ], [ 17.669672445470784, 68.620185926797902 ], [ 17.670297266924596, 68.620237511061475 ], [ 17.671062658932957, 68.620783766011968 ], [ 17.672153730788608, 68.620984490956189 ] ] ] ] } },
{ "type": "Feature", "properties": { "fid": 184402, "navn": null, "hoyde_moh": 870, "arealInnsjo_km2": 0.0098, "magasinKategori": null, "fid_2": 1092, "id": 1092, "left": 17.486919847, "top": 68.946110046000001, "right": 17.986919847, "bottom": 68.446110046000001, "row_index": 11, "col_index": 27, "tile_id": 1092 }, "geometry": { "type": "MultiPolygon", "coordinates": [ [ [ [ 17.785637250440502, 68.692464291595982 ], [ 17.785358987791472, 68.691948518123581 ], [ 17.785698945366107, 68.691644448664675 ], [ 17.78564662658798, 68.691458333180222 ], [ 17.785128806595587, 68.691256014683233 ], [ 17.785172734155768, 68.691073788110543 ], [ 17.784698731009279, 68.691050722558927 ], [ 17.784605667288997, 68.691169398157399 ], [ 17.784736051626151, 68.6913819641874 ], [ 17.784197113158875, 68.691327024097959 ], [ 17.783739785181627, 68.691622162748075 ], [ 17.784051586018993, 68.692371848612112 ], [ 17.785123231119716, 68.692676888194825 ], [ 17.785637250440502, 68.692464291595982 ] ] ] ] } },
{ "type": "Feature", "properties": { "fid": 184403, "navn": null, "hoyde_moh": 514, "arealInnsjo_km2": 0.0051, "magasinKategori": null, "fid_2": 1092, "id": 1092, "left": 17.486919847, "top": 68.946110046000001, "right": 17.986919847, "bottom": 68.446110046000001, "row_index": 11, "col_index": 27, "tile_id": 1092 }, "geometry": { "type": "MultiPolygon", "coordinates": [ [ [ [ 17.50486541889358, 68.60831264123523 ], [ 17.504980800407495, 68.607791185449543 ], [ 17.504583981241211, 68.607605739967568 ], [ 17.503695609672086, 68.607765148674332 ], [ 17.50366870487305, 68.607898647152098 ], [ 17.50321697210931, 68.608031997325639 ], [ 17.50348090349955, 68.608317696734403 ], [ 17.503221464124689, 68.608431674949856 ], [ 17.503436361239295, 68.608550989497687 ], [ 17.50486541889358, 68.60831264123523 ] ] ] ] } },
{ "type": "Feature", "properties": { "fid": 184404, "navn": null, "hoyde_moh": 960, "arealInnsjo_km2": 0.0128, "magasinKategori": null, "fid_2": 1092, "id": 1092, "left": 17.486919847, "top": 68.946110046000001, "right": 17.986919847, "bottom": 68.446110046000001, "row_index": 11, "col_index": 27, "tile_id": 1092 }, "geometry": { "type": "MultiPolygon", "coordinates": [ [ [ [ 17.608769220330803, 68.710837576638838 ], [ 17.608619634089717, 68.710703009391707 ], [ 17.608992171873361, 68.710477543909604 ], [ 17.608990925720629, 68.709951065672342 ], [ 17.608446890514024, 68.709767564790525 ], [ 17.607712030823127, 68.709815249775716 ], [ 17.605848315684838, 68.710363028572644 ], [ 17.605913655731904, 68.71064357968001 ], [ 17.606120694222842, 68.710754196899316 ], [ 17.607530081423967, 68.710949584463989 ], [ 17.608769220330803, 68.710837576638838 ] ] ] ] } },
{ "type": "Feature", "properties": { "fid": 184405, "navn": null, "hoyde_moh": 540, "arealInnsjo_km2": 0.0036, "magasinKategori": null, "fid_2": 1092, "id": 1092, "left": 17.486919847, "top": 68.946110046000001, "right": 17.986919847, "bottom": 68.446110046000001, "row_index": 11, "col_index": 27, "tile_id": 1092 }, "geometry": { "type": "MultiPolygon", "coordinates": [ [ [ [ 17.895069073564613, 68.739152743049004 ], [ 17.89385158285965, 68.739007400228957 ], [ 17.893013290903564, 68.739334847574057 ], [ 17.894613471164398, 68.739587121127897 ], [ 17.895069073564613, 68.739152743049004 ] ] ] ] } },
{ "type": "Feature", "properties": { "fid": 184406, "navn": null, "hoyde_moh": 783, "arealInnsjo_km2": 0.0086, "magasinKategori": null, "fid_2": 1092, "id": 1092, "left": 17.486919847, "top": 68.946110046000001, "right": 17.986919847, "bottom": 68.446110046000001, "row_index": 11, "col_index": 27, "tile_id": 1092 }, "geometry": { "type": "MultiPolygon", "coordinates": [ [ [ [ 17.95416202813416, 68.747158745802793 ], [ 17.953864452743062, 68.74676372942811 ], [ 17.952595335182032, 68.746406936054086 ], [ 17.951803492601154, 68.746361673820488 ], [ 17.951441598225095, 68.746857515565608 ], [ 17.951494280977048, 68.747029230578178 ], [ 17.951867831527842, 68.747189246722058 ], [ 17.95370512321983, 68.747335132302041 ], [ 17.95416202813416, 68.747158745802793 ] ] ] ] } },
{ "type": "Feature", "properties": { "fid": 184429, "navn": null, "hoyde_moh": 195, "arealInnsjo_km2": 0.005, "magasinKategori": null, "fid_2": 1092, "id": 1092, "left": 17.486919847, "top": 68.946110046000001, "right": 17.986919847, "bottom": 68.446110046000001, "row_index": 11, "col_index": 27, "tile_id": 1092 }, "geometry": { "type": "MultiPolygon", "coordinates": [ [ [ [ 17.714071790124969, 68.6424383462858 ], [ 17.713385578275631, 68.642369860535794 ], [ 17.712849376710754, 68.642120695269796 ], [ 17.714431274383077, 68.641740777995068 ], [ 17.714418391502921, 68.641471794171167 ], [ 17.714138692530536, 68.641339860228612 ], [ 17.713622434170585, 68.64068995605318 ], [ 17.713861251563909, 68.640634859842834 ], [ 17.7138279504514, 68.640847858354107 ], [ 17.714472583524874, 68.641077592184544 ], [ 17.714477836963383, 68.640960370403661 ], [ 17.714074740346728, 68.640821985178562 ], [ 17.71434851059896, 68.640490312767085 ], [ 17.71350410892952, 68.640442775278004 ], [ 17.713384406817028, 68.640609231916244 ], [ 17.713487985765042, 68.640903415142091 ], [ 17.71393126284531, 68.641517961777595 ], [ 17.714233056086922, 68.641612738756947 ], [ 17.713545233855196, 68.641862210767144 ], [ 17.712706857035588, 68.641938081730089 ], [ 17.712512252332996, 68.642151071241898 ], [ 17.713214156143078, 68.642465161268447 ], [ 17.714071790124969, 68.6424383462858 ] ] ] ] } },
{ "type": "Feature", "properties": { "fid": 184430, "navn": null, "hoyde_moh": 956, "arealInnsjo_km2": 0.0035, "magasinKategori": null, "fid_2": 1092, "id": 1092, "left": 17.486919847, "top": 68.946110046000001, "right": 17.986919847, "bottom": 68.446110046000001, "row_index": 11, "col_index": 27, "tile_id": 1092 }, "geometry": { "type": "MultiPolygon", "coordinates": [ [ [ [ 17.832264514920475, 68.650420145716041 ], [ 17.832282894525875, 68.650170016066156 ], [ 17.830622834798781, 68.650157126455724 ], [ 17.829753268529821, 68.650387604658263 ], [ 17.830024225717199, 68.650512143629797 ], [ 17.832264514920475, 68.650420145716041 ] ] ] ] } },
{ "type": "Feature", "properties": { "fid": 184431, "navn": null, "hoyde_moh": 706, "arealInnsjo_km2": 0.0065, "magasinKategori": null, "fid_2": 1092, "id": 1092, "left": 17.486919847, "top": 68.946110046000001, "right": 17.986919847, "bottom": 68.446110046000001, "row_index": 11, "col_index": 27, "tile_id": 1092 }, "geometry": { "type": "MultiPolygon", "coordinates": [ [ [ [ 17.906926323386511, 68.703345334914644 ], [ 17.907259314693928, 68.703165901230307 ], [ 17.906781262200752, 68.702938475319513 ], [ 17.904960922057878, 68.703070494392364 ], [ 17.904100999085458, 68.702957977215306 ], [ 17.902978397296085, 68.703330419245418 ], [ 17.903420940900119, 68.703450202203697 ], [ 17.90362553301452, 68.70322315905949 ], [ 17.90414497388425, 68.703381656762701 ], [ 17.906926323386511, 68.703345334914644 ] ] ] ] } },
{ "type": "Feature", "properties": { "fid": 184432, "navn": null, "hoyde_moh": 589, "arealInnsjo_km2": 0.0099, "magasinKategori": null, "fid_2": 1092, "id": 1092, "left": 17.486919847, "top": 68.946110046000001, "right": 17.986919847, "bottom": 68.446110046000001, "row_index": 11, "col_index": 27, "tile_id": 1092 }, "geometry": { "type": "MultiPolygon", "coordinates": [ [ [ [ 17.69112678063906, 68.582866487624401 ], [ 17.691129507116852, 68.582556953118697 ], [ 17.690262597918366, 68.581822490379608 ], [ 17.689870189630643, 68.581773472001942 ], [ 17.689312843985821, 68.582084421324481 ], [ 17.689152911463118, 68.582827043923771 ], [ 17.689754564384799, 68.583327441085004 ], [ 17.69015590433796, 68.583354415987031 ], [ 17.69112678063906, 68.582866487624401 ] ] ] ] } },
{ "type": "Feature", "properties": { "fid": 184433, "navn": null, "hoyde_moh": 607, "arealInnsjo_km2": 0.0037, "magasinKategori": null, "fid_2": 1092, "id": 1092, "left": 17.486919847, "top": 68.946110046000001, "right": 17.986919847, "bottom": 68.446110046000001, "row_index": 11, "col_index": 27, "tile_id": 1092 }, "geometry": { "type": "MultiPolygon", "coordinates": [ [ [ [ 17.676061294023679, 68.583580227188136 ], [ 17.676422388586367, 68.583508601512932 ], [ 17.675896140704584, 68.582993407993541 ], [ 17.675238328669518, 68.582835569726186 ], [ 17.674927155115189, 68.583006749597018 ], [ 17.675016484307719, 68.583604648207569 ], [ 17.676061294023679, 68.583580227188136 ] ] ] ] } },
{ "type": "Feature", "properties": { "fid": 184434, "navn": null, "hoyde_moh": 585, "arealInnsjo_km2": 0.0098, "magasinKategori": null, "fid_2": 1092, "id": 1092, "left": 17.486919847, "top": 68.946110046000001, "right": 17.986919847, "bottom": 68.446110046000001, "row_index": 11, "col_index": 27, "tile_id": 1092 }, "geometry": { "type": "MultiPolygon", "coordinates": [ [ [ [ 17.665639762541733, 68.584355540420916 ], [ 17.666758055871281, 68.584192504158565 ], [ 17.666840975949338, 68.583959883163914 ], [ 17.666354808709912, 68.583693824520182 ], [ 17.665375549182688, 68.583637351838576 ], [ 17.66435311739972, 68.583734594628268 ], [ 17.663754196926121, 68.584021338860381 ], [ 17.663989586863817, 68.584494676811858 ], [ 17.66490691445459, 68.584652039538099 ], [ 17.665639762541733, 68.584355540420916 ] ] ] ] } },
{ "type": "Feature", "properties": { "fid": 184435, "navn": null, "hoyde_moh": 658, "arealInnsjo_km2": 0.0064, "magasinKategori": null, "fid_2": 1092, "id": 1092, "left": 17.486919847, "top": 68.946110046000001, "right": 17.986919847, "bottom": 68.446110046000001, "row_index": 11, "col_index": 27, "tile_id": 1092 }, "geometry": { "type": "MultiPolygon", "coordinates": [ [ [ [ 17.690341294240778, 68.604302195128312 ], [ 17.690426248383297, 68.604055166681874 ], [ 17.689174743329268, 68.603784066547718 ], [ 17.688709307395211, 68.603830453737757 ], [ 17.68821952421499, 68.604184743306575 ], [ 17.688466681266377, 68.604565416095639 ], [ 17.689337543264404, 68.604669185920343 ], [ 17.690341294240778, 68.604302195128312 ] ] ] ] } },
{ "type": "Feature", "properties": { "fid": 184436, "navn": null, "hoyde_moh": 924, "arealInnsjo_km2": 0.0022, "magasinKategori": null, "fid_2": 1092, "id": 1092, "left": 17.486919847, "top": 68.946110046000001, "right": 17.986919847, "bottom": 68.446110046000001, "row_index": 11, "col_index": 27, "tile_id": 1092 }, "geometry": { "type": "MultiPolygon", "coordinates": [ [ [ [ 17.981805695709198, 68.645699448782096 ], [ 17.980941167820124, 68.645529704962726 ], [ 17.978787571326908, 68.645720556106255 ], [ 17.981805695709198, 68.645699448782096 ] ] ] ] } },
{ "type": "Feature", "properties": { "fid": 184437, "navn": null, "hoyde_moh": 741, "arealInnsjo_km2": 0.0041, "magasinKategori": null, "fid_2": 1092, "id": 1092, "left": 17.486919847, "top": 68.946110046000001, "right": 17.986919847, "bottom": 68.446110046000001, "row_index": 11, "col_index": 27, "tile_id": 1092 }, "geometry": { "type": "MultiPolygon", "coordinates": [ [ [ [ 17.528160264383924, 68.721936192495662 ], [ 17.529111365722784, 68.721687819211098 ], [ 17.528058295741928, 68.7215726141131 ], [ 17.526736072814966, 68.721646576528101 ], [ 17.526026833145586, 68.721853271123024 ], [ 17.527086254211614, 68.722033283091633 ], [ 17.528160264383924, 68.721936192495662 ] ] ] ] } },
{ "type": "Feature", "properties": { "fid": 184464, "navn": null, "hoyde_moh": 736, "arealInnsjo_km2": 0.0075, "magasinKategori": null, "fid_2": 1092, "id": 1092, "left": 17.486919847, "top": 68.946110046000001, "right": 17.986919847, "bottom": 68.446110046000001, "row_index": 11, "col_index": 27, "tile_id": 1092 }, "geometry": { "type": "MultiPolygon", "coordinates": [ [ [ [ 17.816295041293962, 68.706732893950317 ], [ 17.816553255475238, 68.706493047475846 ], [ 17.816109263864604, 68.706307448572957 ], [ 17.816036938609948, 68.706109912709678 ], [ 17.815086451337354, 68.705971436802457 ], [ 17.814936738919847, 68.706239455844127 ], [ 17.814362497754111, 68.706584021199603 ], [ 17.814557838803559, 68.70710715305448 ], [ 17.815021925176385, 68.707195474849897 ], [ 17.816295041293962, 68.706732893950317 ] ] ] ] } },
{ "type": "Feature", "properties": { "fid": 184469, "navn": null, "hoyde_moh": 725, "arealInnsjo_km2": 0.0044, "magasinKategori": null, "fid_2": 1092, "id": 1092, "left": 17.486919847, "top": 68.946110046000001, "right": 17.986919847, "bottom": 68.446110046000001, "row_index": 11, "col_index": 27, "tile_id": 1092 }, "geometry": { "type": "MultiPolygon", "coordinates": [ [ [ [ 17.726990401183386, 68.616605848076091 ], [ 17.727020258161328, 68.616428535232629 ], [ 17.726307783366185, 68.61582798427429 ], [ 17.726011110917451, 68.615841760879348 ], [ 17.726130706259323, 68.616083168285328 ], [ 17.725953633583941, 68.616182526610316 ], [ 17.724732039658427, 68.61626027281622 ], [ 17.725834489669225, 68.616631195512625 ], [ 17.726990401183386, 68.616605848076091 ] ] ] ] } },
{ "type": "Feature", "properties": { "fid": 184470, "navn": null, "hoyde_moh": 826, "arealInnsjo_km2": 0.0084, "magasinKategori": null, "fid_2": 1092, "id": 1092, "left": 17.486919847, "top": 68.946110046000001, "right": 17.986919847, "bottom": 68.446110046000001, "row_index": 11, "col_index": 27, "tile_id": 1092 }, "geometry": { "type": "MultiPolygon", "coordinates": [ [ [ [ 17.803290878912936, 68.617069055219389 ], [ 17.80340864821347, 68.616948515465737 ], [ 17.803229512714005, 68.616577892333268 ], [ 17.804679805853826, 68.615798737026182 ], [ 17.804061795245797, 68.615775990775489 ], [ 17.802432923465098, 68.616385941026081 ], [ 17.801616100040381, 68.617140898306019 ], [ 17.801740167388068, 68.617289371667809 ], [ 17.802480796846165, 68.61733638866194 ], [ 17.803290878912936, 68.617069055219389 ] ] ] ] } },
{ "type": "Feature", "properties": { "fid": 184471, "navn": null, "hoyde_moh": 540, "arealInnsjo_km2": 0.0065, "magasinKategori": null, "fid_2": 1092, "id": 1092, "left": 17.486919847, "top": 68.946110046000001, "right": 17.986919847, "bottom": 68.446110046000001, "row_index": 11, "col_index": 27, "tile_id": 1092 }, "geometry": { "type": "MultiPolygon", "coordinates": [ [ [ [ 17.594776621205089, 68.664359850304606 ], [ 17.596564881981347, 68.663880620818347 ], [ 17.593562921415277, 68.663852905314982 ], [ 17.59179733932433, 68.664138963300203 ], [ 17.592739450643663, 68.66415267778585 ], [ 17.593845573710471, 68.664467234272038 ], [ 17.594776621205089, 68.664359850304606 ] ] ] ] } },
{ "type": "Feature", "properties": { "fid": 184472, "navn": null, "hoyde_moh": 1043, "arealInnsjo_km2": 0.0117, "magasinKategori": null, "fid_2": 1092, "id": 1092, "left": 17.486919847, "top": 68.946110046000001, "right": 17.986919847, "bottom": 68.446110046000001, "row_index": 11, "col_index": 27, "tile_id": 1092 }, "geometry": { "type": "MultiPolygon", "coordinates": [ [ [ [ 17.596278567775141, 68.72956755827812 ], [ 17.59624089730762, 68.729333072473025 ], [ 17.595715154101107, 68.72875756244791 ], [ 17.593846657934403, 68.728752916155329 ], [ 17.593385684350672, 68.729038036826879 ], [ 17.593480273049728, 68.729341388704981 ], [ 17.594008833764313, 68.729654513472809 ], [ 17.595583995461741, 68.729844062501314 ], [ 17.596278567775141, 68.72956755827812 ] ] ] ] } },
{ "type": "Feature", "properties": { "fid": 184492, "navn": null, "hoyde_moh": 527, "arealInnsjo_km2": 0.004, "magasinKategori": null, "fid_2": 1092, "id": 1092, "left": 17.486919847, "top": 68.946110046000001, "right": 17.986919847, "bottom": 68.446110046000001, "row_index": 11, "col_index": 27, "tile_id": 1092 }, "geometry": { "type": "MultiPolygon", "coordinates": [ [ [ [ 17.573773384352414, 68.663012898014898 ], [ 17.57216711437648, 68.662443310639915 ], [ 17.571553791443066, 68.662643559534956 ], [ 17.572433103674243, 68.663171009856853 ], [ 17.5733541915945, 68.663186767785618 ], [ 17.573773384352414, 68.663012898014898 ] ] ] ] } },
{ "type": "Feature", "properties": { "fid": 184493, "navn": null, "hoyde_moh": 760, "arealInnsjo_km2": 0.0042, "magasinKategori": null, "fid_2": 1092, "id": 1092, "left": 17.486919847, "top": 68.946110046000001, "right": 17.986919847, "bottom": 68.446110046000001, "row_index": 11, "col_index": 27, "tile_id": 1092 }, "geometry": { "type": "MultiPolygon", "coordinates": [ [ [ [ 17.939258112546781, 68.745357160620671 ], [ 17.938404956999456, 68.744936396474131 ], [ 17.937312081502068, 68.745208250910352 ], [ 17.938132647222545, 68.745578954495727 ], [ 17.938829249009668, 68.745636077489976 ], [ 17.939258112546781, 68.745357160620671 ] ] ] ] } },
{ "type": "Feature", "properties": { "fid": 184523, "navn": null, "hoyde_moh": 271, "arealInnsjo_km2": 0.0047, "magasinKategori": null, "fid_2": 1092, "id": 1092, "left": 17.486919847, "top": 68.946110046000001, "right": 17.986919847, "bottom": 68.446110046000001, "row_index": 11, "col_index": 27, "tile_id": 1092 }, "geometry": { "type": "MultiPolygon", "coordinates": [ [ [ [ 17.629979412153354, 68.602251857560802 ], [ 17.629458920814958, 68.601660773866911 ], [ 17.629250726238201, 68.601662768044662 ], [ 17.629309327846041, 68.601928159346301 ], [ 17.629147213915154, 68.602063439680322 ], [ 17.628390453771409, 68.602177126051373 ], [ 17.627168756468294, 68.60170351939901 ], [ 17.628809012416873, 68.602561121217903 ], [ 17.629428222151276, 68.602599294025239 ], [ 17.629979412153354, 68.602251857560802 ] ] ] ] } },
{ "type": "Feature", "properties": { "fid": 184524, "navn": null, "hoyde_moh": 667, "arealInnsjo_km2": 0.0029, "magasinKategori": null, "fid_2": 1092, "id": 1092, "left": 17.486919847, "top": 68.946110046000001, "right": 17.986919847, "bottom": 68.446110046000001, "row_index": 11, "col_index": 27, "tile_id": 1092 }, "geometry": { "type": "MultiPolygon", "coordinates": [ [ [ [ 17.797120292843697, 68.64683893835317 ], [ 17.796900603369647, 68.646659550908339 ], [ 17.797010009164005, 68.64642713077032 ], [ 17.796364045484957, 68.646297628953661 ], [ 17.795979489110419, 68.646825896709842 ], [ 17.796389727353048, 68.647026272998446 ], [ 17.79578725759233, 68.646909871468651 ], [ 17.795862970480446, 68.647129707132677 ], [ 17.796463332528592, 68.647118677384327 ], [ 17.797120292843697, 68.64683893835317 ] ] ] ] } },
{ "type": "Feature", "properties": { "fid": 184565, "navn": null, "hoyde_moh": 581, "arealInnsjo_km2": 0.004, "magasinKategori": null, "fid_2": 1092, "id": 1092, "left": 17.486919847, "top": 68.946110046000001, "right": 17.986919847, "bottom": 68.446110046000001, "row_index": 11, "col_index": 27, "tile_id": 1092 }, "geometry": { "type": "MultiPolygon", "coordinates": [ [ [ [ 17.69726582643489, 68.581136988669115 ], [ 17.697040298276374, 68.580878325453767 ], [ 17.697192563359337, 68.580612349675576 ], [ 17.6970611541804, 68.580411509051061 ], [ 17.696367750639268, 68.580465348262905 ], [ 17.695859941080926, 68.580983590376633 ], [ 17.69646967358452, 68.58128026019898 ], [ 17.697040948813857, 68.58132585776552 ], [ 17.69726582643489, 68.581136988669115 ] ] ] ] } },
{ "type": "Feature", "properties": { "fid": 184566, "navn": null, "hoyde_moh": 652, "arealInnsjo_km2": 0.007, "magasinKategori": null, "fid_2": 1092, "id": 1092, "left": 17.486919847, "top": 68.946110046000001, "right": 17.986919847, "bottom": 68.446110046000001, "row_index": 11, "col_index": 27, "tile_id": 1092 }, "geometry": { "type": "MultiPolygon", "coordinates": [ [ [ [ 17.608580188667418, 68.649546998935151 ], [ 17.608579438412573, 68.649331150767907 ], [ 17.608218119126104, 68.64888913129893 ], [ 17.607779908995685, 68.648704728589095 ], [ 17.606828745848421, 68.648872370848906 ], [ 17.60637906382264, 68.649205307181049 ], [ 17.607158354789672, 68.649628395482679 ], [ 17.608580188667418, 68.649546998935151 ] ] ] ] } },
{ "type": "Feature", "properties": { "fid": 184567, "navn": "Lopmevatnan", "hoyde_moh": 629, "arealInnsjo_km2": 0.0031, "magasinKategori": null, "fid_2": 1092, "id": 1092, "left": 17.486919847, "top": 68.946110046000001, "right": 17.986919847, "bottom": 68.446110046000001, "row_index": 11, "col_index": 27, "tile_id": 1092 }, "geometry": { "type": "MultiPolygon", "coordinates": [ [ [ [ 17.790701027744348, 68.64754094669604 ], [ 17.790970050740306, 68.647317918947564 ], [ 17.790433762199619, 68.647024734409328 ], [ 17.789642977360757, 68.647108728923712 ], [ 17.789393729154614, 68.647286904239053 ], [ 17.790159671252233, 68.647657978931093 ], [ 17.790701027744348, 68.64754094669604 ] ] ] ] } },
{ "type": "Feature", "properties": { "fid": 184568, "navn": "Bergevatnet", "hoyde_moh": 545, "arealInnsjo_km2": 0.0061, "magasinKategori": null, "fid_2": 1092, "id": 1092, "left": 17.486919847, "top": 68.946110046000001, "right": 17.986919847, "bottom": 68.446110046000001, "row_index": 11, "col_index": 27, "tile_id": 1092 }, "geometry": { "type": "MultiPolygon", "coordinates": [ [ [ [ 17.586602035679277, 68.661909929129678 ], [ 17.587050213186711, 68.661727771992958 ], [ 17.584028894889531, 68.661442057367893 ], [ 17.583701071416609, 68.661524802227135 ], [ 17.584055265012079, 68.661670524294891 ], [ 17.583169316122589, 68.662008004833325 ], [ 17.584988498148682, 68.662056533495374 ], [ 17.586602035679277, 68.661909929129678 ] ] ] ] } },
{ "type": "Feature", "properties": { "fid": 184569, "navn": null, "hoyde_moh": 951, "arealInnsjo_km2": 0.0092, "magasinKategori": null, "fid_2": 1092, "id": 1092, "left": 17.486919847, "top": 68.946110046000001, "right": 17.986919847, "bottom": 68.446110046000001, "row_index": 11, "col_index": 27, "tile_id": 1092 }, "geometry": { "type": "MultiPolygon", "coordinates": [ [ [ [ 17.984623747050943, 68.655498356057436 ], [ 17.984416328721206, 68.655188349183234 ], [ 17.984564943379581, 68.654874198419478 ], [ 17.984070535152554, 68.654783024124626 ], [ 17.982487742082039, 68.655197407933997 ], [ 17.982337123284793, 68.65553744718008 ], [ 17.982401160954627, 68.655818389943704 ], [ 17.982556471134483, 68.656059295211392 ], [ 17.98284865241131, 68.656093720624995 ], [ 17.984623747050943, 68.655498356057436 ] ] ] ] } },
{ "type": "Feature", "properties": { "fid": 184575, "navn": null, "hoyde_moh": 512, "arealInnsjo_km2": 0.0054, "magasinKategori": null, "fid_2": 1092, "id": 1092, "left": 17.486919847, "top": 68.946110046000001, "right": 17.986919847, "bottom": 68.446110046000001, "row_index": 11, "col_index": 27, "tile_id": 1092 }, "geometry": { "type": "MultiPolygon", "coordinates": [ [ [ [ 17.878098250308295, 68.735252129246504 ], [ 17.878528980512954, 68.735092645111635 ], [ 17.878698345103569, 68.734808877579852 ], [ 17.876919424251415, 68.734713812227 ], [ 17.876794558873538, 68.734796367705542 ], [ 17.877139838659986, 68.734913750149062 ], [ 17.87636200655173, 68.735141160839234 ], [ 17.87606314665733, 68.734683841935492 ], [ 17.875498742483412, 68.734685084804738 ], [ 17.875531305597601, 68.734857066780776 ], [ 17.875871571917457, 68.734901106168621 ], [ 17.875888255085602, 68.735204958810826 ], [ 17.877245617019526, 68.735336827061431 ], [ 17.878098250308295, 68.735252129246504 ] ] ] ] } },
{ "type": "Feature", "properties": { "fid": 184576, "navn": null, "hoyde_moh": 986, "arealInnsjo_km2": 0.0236, "magasinKategori": null, "fid_2": 1092, "id": 1092, "left": 17.486919847, "top": 68.946110046000001, "right": 17.986919847, "bottom": 68.446110046000001, "row_index": 11, "col_index": 27, "tile_id": 1092 }, "geometry": { "type": "MultiPolygon", "coordinates": [ [ [ [ 17.98146266855478, 68.734644042589849 ], [ 17.98129116566334, 68.73435089696379 ], [ 17.981655787097679, 68.734242488168846 ], [ 17.981758553665884, 68.734051162477044 ], [ 17.98164642948668, 68.73391542354257 ], [ 17.981736371509893, 68.733541272778027 ], [ 17.981471825304265, 68.733262425220303 ], [ 17.980434205421354, 68.733114532070744 ], [ 17.978044050906195, 68.733447127025116 ], [ 17.977794505994272, 68.733621013407031 ], [ 17.977899343844605, 68.734139412654102 ], [ 17.977788571748405, 68.734358078104862 ], [ 17.978087034887334, 68.734639296548778 ], [ 17.979335773568906, 68.734528886706656 ], [ 17.981253987804468, 68.734760925405652 ], [ 17.98146266855478, 68.734644042589849 ] ] ] ] } },
{ "type": "Feature", "properties": { "fid": 184596, "navn": null, "hoyde_moh": 651, "arealInnsjo_km2": 0.0055, "magasinKategori": null, "fid_2": 1092, "id": 1092, "left": 17.486919847, "top": 68.946110046000001, "right": 17.986919847, "bottom": 68.446110046000001, "row_index": 11, "col_index": 27, "tile_id": 1092 }, "geometry": { "type": "MultiPolygon", "coordinates": [ [ [ [ 17.970902335272189, 68.63382279734202 ], [ 17.972929296300308, 68.6338027720453 ], [ 17.973542535401052, 68.633531607546161 ], [ 17.972674782464882, 68.633337197846856 ], [ 17.968510795925834, 68.634043850835909 ], [ 17.970902335272189, 68.63382279734202 ] ] ] ] } },
{ "type": "Feature", "properties": { "fid": 184608, "navn": null, "hoyde_moh": 526, "arealInnsjo_km2": 0.0159, "magasinKategori": null, "fid_2": 1092, "id": 1092, "left": 17.486919847, "top": 68.946110046000001, "right": 17.986919847, "bottom": 68.446110046000001, "row_index": 11, "col_index": 27, "tile_id": 1092 }, "geometry": { "type": "MultiPolygon", "coordinates": [ [ [ [ 17.88232716723185, 68.738549544254454 ], [ 17.882608433582469, 68.738282089942118 ], [ 17.88245559942099, 68.737916819561207 ], [ 17.882943390784099, 68.737657157910775 ], [ 17.882889449565564, 68.737454211284728 ], [ 17.881408880971918, 68.737197011756663 ], [ 17.879795955166692, 68.73716898767745 ], [ 17.879626948878254, 68.737321508049249 ], [ 17.879727023430721, 68.73752187494155 ], [ 17.88064917391193, 68.737699005362472 ], [ 17.8808786791157, 68.737968804289935 ], [ 17.880636067780173, 68.738225453696529 ], [ 17.879363441493282, 68.738492716741135 ], [ 17.879665628258355, 68.738777618616538 ], [ 17.88232716723185, 68.738549544254454 ] ] ] ] } },
{ "type": "Feature", "properties": { "fid": 184625, "navn": null, "hoyde_moh": 661, "arealInnsjo_km2": 0.0023, "magasinKategori": null, "fid_2": 1092, "id": 1092, "left": 17.486919847, "top": 68.946110046000001, "right": 17.986919847, "bottom": 68.446110046000001, "row_index": 11, "col_index": 27, "tile_id": 1092 }, "geometry": { "type": "MultiPolygon", "coordinates": [ [ [ [ 17.756958158138939, 68.611266714355537 ], [ 17.756619810154774, 68.611130785451181 ], [ 17.755373790481233, 68.611120832219484 ], [ 17.755771647864826, 68.611421043345999 ], [ 17.756801963903978, 68.611570694521461 ], [ 17.756958158138939, 68.611266714355537 ] ] ] ] } },
{ "type": "Feature", "properties": { "fid": 184626, "navn": null, "hoyde_moh": 990, "arealInnsjo_km2": 0.0118, "magasinKategori": null, "fid_2": 1092, "id": 1092, "left": 17.486919847, "top": 68.946110046000001, "right": 17.986919847, "bottom": 68.446110046000001, "row_index": 11, "col_index": 27, "tile_id": 1092 }, "geometry": { "type": "MultiPolygon", "coordinates": [ [ [ [ 17.922174926451966, 68.608672609150858 ], [ 17.922609428479916, 68.608398625022289 ], [ 17.922050557265909, 68.60796664274902 ], [ 17.921275225270037, 68.60785324541375 ], [ 17.918726860877374, 68.607969697573864 ], [ 17.918187585608941, 68.608171963271772 ], [ 17.919353947194864, 68.608115570525385 ], [ 17.919417179575266, 68.608393755700533 ], [ 17.920075943909104, 68.608541052049361 ], [ 17.920149380327654, 68.60883710438317 ], [ 17.921068824409133, 68.608869097981568 ], [ 17.922174926451966, 68.608672609150858 ] ] ] ] } },
{ "type": "Feature", "properties": { "fid": 184627, "navn": null, "hoyde_moh": 402, "arealInnsjo_km2": 0.0047, "magasinKategori": null, "fid_2": 1092, "id": 1092, "left": 17.486919847, "top": 68.946110046000001, "right": 17.986919847, "bottom": 68.446110046000001, "row_index": 11, "col_index": 27, "tile_id": 1092 }, "geometry": { "type": "MultiPolygon", "coordinates": [ [ [ [ 17.655494372020478, 68.639318206144907 ], [ 17.655288221408778, 68.639147143917626 ], [ 17.655620565670205, 68.63902845746702 ], [ 17.655512006325274, 68.638926766780415 ], [ 17.65563722951488, 68.638728585636571 ], [ 17.65494053340014, 68.638516958269761 ], [ 17.654303804355493, 68.638580836141372 ], [ 17.654449567113119, 68.638892781317026 ], [ 17.654357103023983, 68.639089099427778 ], [ 17.654684778956128, 68.639224052191196 ], [ 17.654141107679759, 68.639433576052355 ], [ 17.654944063581453, 68.639523618593174 ], [ 17.655494372020478, 68.639318206144907 ] ] ] ] } },
{ "type": "Feature", "properties": { "fid": 184640, "navn": null, "hoyde_moh": 797, "arealInnsjo_km2": 0.004, "magasinKategori": null, "fid_2": 1092, "id": 1092, "left": 17.486919847, "top": 68.946110046000001, "right": 17.986919847, "bottom": 68.446110046000001, "row_index": 11, "col_index": 27, "tile_id": 1092 }, "geometry": { "type": "MultiPolygon", "coordinates": [ [ [ [ 17.968439377387934, 68.744813684146763 ], [ 17.968050758333693, 68.744548572877449 ], [ 17.967089352579638, 68.744762660181621 ], [ 17.965182475206785, 68.744840510323556 ], [ 17.965528713775754, 68.744990023261323 ], [ 17.967244788137272, 68.745030693944443 ], [ 17.968439377387934, 68.744813684146763 ] ] ] ] } },
{ "type": "Feature", "properties": { "fid": 184641, "navn": null, "hoyde_moh": 794, "arealInnsjo_km2": 0.0028, "magasinKategori": null, "fid_2": 1092, "id": 1092, "left": 17.486919847, "top": 68.946110046000001, "right": 17.986919847, "bottom": 68.446110046000001, "row_index": 11, "col_index": 27, "tile_id": 1092 }, "geometry": { "type": "MultiPolygon", "coordinates": [ [ [ [ 17.963732960679682, 68.744774324874555 ], [ 17.963415009367672, 68.744632752029347 ], [ 17.963355916287441, 68.744426498972473 ], [ 17.962037739687222, 68.744393281316931 ], [ 17.962077603280775, 68.744607591664007 ], [ 17.963576895013972, 68.744938470319752 ], [ 17.963732960679682, 68.744774324874555 ] ] ] ] } },
{ "type": "Feature", "properties": { "fid": 184696, "navn": null, "hoyde_moh": 918, "arealInnsjo_km2": 0.0285, "magasinKategori": null, "fid_2": 1092, "id": 1092, "left": 17.486919847, "top": 68.946110046000001, "right": 17.986919847, "bottom": 68.446110046000001, "row_index": 11, "col_index": 27, "tile_id": 1092 }, "geometry": { "type": "MultiPolygon", "coordinates": [ [ [ [ 17.841293738039543, 68.701969229672216 ], [ 17.841772076259645, 68.701758045263759 ], [ 17.841505123625399, 68.701449157120479 ], [ 17.840189669996938, 68.700947118914712 ], [ 17.840104932149284, 68.700680678588697 ], [ 17.839547497791806, 68.700547315735221 ], [ 17.838017723412268, 68.700598324946583 ], [ 17.836596336416381, 68.700968237379044 ], [ 17.836165299458344, 68.701239115666823 ], [ 17.83787018946758, 68.701703227426222 ], [ 17.837638397200248, 68.701907837519016 ], [ 17.83768542700258, 68.702081733944581 ], [ 17.838079554022833, 68.702431849417025 ], [ 17.841293738039543, 68.701969229672216 ] ] ] ] } },
{ "type": "Feature", "properties": { "fid": 184700, "navn": "Lauvskarvatnet", "hoyde_moh": 560, "arealInnsjo_km2": 0.0081, "magasinKategori": null, "fid_2": 1092, "id": 1092, "left": 17.486919847, "top": 68.946110046000001, "right": 17.986919847, "bottom": 68.446110046000001, "row_index": 11, "col_index": 27, "tile_id": 1092 }, "geometry": { "type": "MultiPolygon", "coordinates": [ [ [ [ 17.600517833187528, 68.65866258853913 ], [ 17.600579559626617, 68.658286016521203 ], [ 17.60119463639559, 68.658023430519208 ], [ 17.600601859528979, 68.657582718841951 ], [ 17.60074543597932, 68.657206590614024 ], [ 17.600150524814996, 68.657107963390771 ], [ 17.59894601251878, 68.657259533676708 ], [ 17.599649474704993, 68.657490944504275 ], [ 17.599768932213173, 68.657940477352497 ], [ 17.60001769104527, 68.658073250649707 ], [ 17.599587081635015, 68.658241800636759 ], [ 17.5995713675599, 68.658384482347273 ], [ 17.600241136191485, 68.65883675646198 ], [ 17.600517833187528, 68.65866258853913 ] ] ] ] } },
{ "type": "Feature", "properties": { "fid": 184721, "navn": null, "hoyde_moh": 339, "arealInnsjo_km2": 0.0091, "magasinKategori": null, "fid_2": 1092, "id": 1092, "left": 17.486919847, "top": 68.946110046000001, "right": 17.986919847, "bottom": 68.446110046000001, "row_index": 11, "col_index": 27, "tile_id": 1092 }, "geometry": { "type": "MultiPolygon", "coordinates": [ [ [ [ 17.629208770731218, 68.592442957087442 ], [ 17.629509949073096, 68.59237129472217 ], [ 17.628815864103906, 68.591938560400237 ], [ 17.629620692752312, 68.591776725265149 ], [ 17.628014219496311, 68.591541699889135 ], [ 17.627307559404816, 68.59181822923955 ], [ 17.627520021161097, 68.592397609451382 ], [ 17.629533590447672, 68.593079191348409 ], [ 17.629208770731218, 68.592442957087442 ] ], [ [ 17.628424165046468, 68.591895849619817 ], [ 17.628781895533006, 68.59206609579951 ], [ 17.628588177531821, 68.592102869150807 ], [ 17.628424165046468, 68.591895849619817 ] ] ] ] } },
{ "type": "Feature", "properties": { "fid": 184722, "navn": null, "hoyde_moh": 1078, "arealInnsjo_km2": 0.1905, "magasinKategori": null, "fid_2": 1092, "id": 1092, "left": 17.486919847, "top": 68.946110046000001, "right": 17.986919847, "bottom": 68.446110046000001, "row_index": 11, "col_index": 27, "tile_id": 1092 }, "geometry": { "type": "MultiPolygon", "coordinates": [ [ [ [ 17.934650251398146, 68.607939488191207 ], [ 17.935174611939996, 68.607549083442663 ], [ 17.934609822423859, 68.606477340034346 ], [ 17.936584026137691, 68.605531726486689 ], [ 17.93628079247911, 68.605081953879179 ], [ 17.936165808526177, 68.604484812459361 ], [ 17.936435849484624, 68.603707245730206 ], [ 17.936367125977014, 68.603450615482544 ], [ 17.935979540631465, 68.602699598464312 ], [ 17.935201255307657, 68.602070122577132 ], [ 17.931698750186968, 68.601047495753491 ], [ 17.928023578039564, 68.600564465346181 ], [ 17.926895144495038, 68.600635256938006 ], [ 17.923457643697819, 68.601668563825072 ], [ 17.924506681153879, 68.602240959243915 ], [ 17.92586350167112, 68.602456271692574 ], [ 17.924769648931399, 68.602931051521523 ], [ 17.92473125205527, 68.603210013395156 ], [ 17.92488330150163, 68.60328448685604 ], [ 17.927645617381803, 68.602991759896796 ], [ 17.930414709818361, 68.603538783734336 ], [ 17.930878246496064, 68.603750479970429 ], [ 17.932372429197837, 68.60501432358673 ], [ 17.932467419879345, 68.605494929864321 ], [ 17.931976126263645, 68.606044366846135 ], [ 17.93204983362968, 68.606493833508182 ], [ 17.932487903447843, 68.606843142903188 ], [ 17.932163224630294, 68.607446594580168 ], [ 17.933193735207368, 68.608065318961977 ], [ 17.933869562270274, 68.608154361756746 ], [ 17.934650251398146, 68.607939488191207 ] ] ] ] } },
{ "type": "Feature", "properties": { "fid": 191271, "navn": null, "hoyde_moh": 442, "arealInnsjo_km2": 0.0528, "magasinKategori": null, "fid_2": 1092, "id": 1092, "left": 17.486919847, "top": 68.946110046000001, "right": 17.986919847, "bottom": 68.446110046000001, "row_index": 11, "col_index": 27, "tile_id": 1092 }, "geometry": { "type": "MultiPolygon", "coordinates": [ [ [ [ 17.889620104775044, 68.488931569006596 ], [ 17.889460045419487, 68.488728212405036 ], [ 17.889689775517446, 68.488600547995517 ], [ 17.891979286338774, 68.488158086430332 ], [ 17.892366814087513, 68.487639344121064 ], [ 17.894437074512464, 68.486882298781083 ], [ 17.894436869708088, 68.486695577147927 ], [ 17.893585109906809, 68.486373726881993 ], [ 17.893913020595047, 68.485665064564671 ], [ 17.893417307401137, 68.485333027540989 ], [ 17.892023850055818, 68.485134798477944 ], [ 17.891439012471981, 68.485437811592149 ], [ 17.891436237350696, 68.485674048411568 ], [ 17.88913971273525, 68.486329385298873 ], [ 17.88953564853859, 68.486485945328383 ], [ 17.888592795710203, 68.48675732408212 ], [ 17.88870946902103, 68.486996439656622 ], [ 17.888578853325107, 68.487451497036773 ], [ 17.888938468293929, 68.487568736214925 ], [ 17.889302051548682, 68.487434007702362 ], [ 17.889720084757748, 68.487501223256032 ], [ 17.889562677202893, 68.487781150518842 ], [ 17.889672184306491, 68.487981338567451 ], [ 17.889100036080084, 68.48901531118878 ], [ 17.889419831722453, 68.489065817549047 ], [ 17.889620104775044, 68.488931569006596 ] ] ] ] } },
{ "type": "Feature", "properties": { "fid": 191287, "navn": "Ørnvatnet", "hoyde_moh": 484, "arealInnsjo_km2": 0.0496, "magasinKategori": null, "fid_2": 1092, "id": 1092, "left": 17.486919847, "top": 68.946110046000001, "right": 17.986919847, "bottom": 68.446110046000001, "row_index": 11, "col_index": 27, "tile_id": 1092 }, "geometry": { "type": "MultiPolygon", "coordinates": [ [ [ [ 17.966634628511752, 68.452336692488686 ], [ 17.966598450296399, 68.452064503598123 ], [ 17.967002267633418, 68.452115792021132 ], [ 17.966841925097953, 68.451900567021454 ], [ 17.966257939668637, 68.451732349945274 ], [ 17.964841165845957, 68.451530222453201 ], [ 17.965219183651712, 68.451455567048939 ], [ 17.964702090077964, 68.451197551078735 ], [ 17.965037643506502, 68.450972195641185 ], [ 17.966338405828544, 68.451386812025703 ], [ 17.966483332429501, 68.451145529118818 ], [ 17.966391896646236, 68.450835536013088 ], [ 17.966725345737924, 68.450679970283375 ], [ 17.966686877860976, 68.450440590300175 ], [ 17.965944126656723, 68.450294128907061 ], [ 17.965452118521153, 68.449942303840928 ], [ 17.965372087253872, 68.449734094138037 ], [ 17.965606632991342, 68.449530097517254 ], [ 17.965173758431341, 68.449510114360294 ], [ 17.965143172501428, 68.449744433231984 ], [ 17.964670021945732, 68.449605310959512 ], [ 17.964708618763392, 68.449480556806037 ], [ 17.963687989722047, 68.449747667711591 ], [ 17.963073969132754, 68.449638506385426 ], [ 17.963037007353119, 68.450169288070924 ], [ 17.961616381656448, 68.450830399030679 ], [ 17.961763357753316, 68.451137974788892 ], [ 17.96215093618504, 68.451354570018083 ], [ 17.961561698776517, 68.451520845561603 ], [ 17.961545860699186, 68.45167410391592 ], [ 17.962293400285287, 68.451780550019933 ], [ 17.963162620196933, 68.452137289487013 ], [ 17.963295655787679, 68.452468722127946 ], [ 17.963896139716624, 68.452757316433534 ], [ 17.964845870267073, 68.452799842819147 ], [ 17.966634628511752, 68.452336692488686 ] ], [ [ 17.964015020723298, 68.450911390846642 ], [ 17.964120943403152, 68.450743160384434 ], [ 17.964756221748743, 68.450900600586607 ], [ 17.964015020723298, 68.450911390846642 ] ] ] ] } },
{ "type": "Feature", "properties": { "fid": 191288, "navn": null, "hoyde_moh": 530, "arealInnsjo_km2": 0.0273, "magasinKategori": null, "fid_2": 1092, "id": 1092, "left": 17.486919847, "top": 68.946110046000001, "right": 17.986919847, "bottom": 68.446110046000001, "row_index": 11, "col_index": 27, "tile_id": 1092 }, "geometry": { "type": "MultiPolygon", "coordinates": [ [ [ [ 17.957317574643987, 68.475035735718876 ], [ 17.95796957196643, 68.474826721333756 ], [ 17.959819350832941, 68.474796571045687 ], [ 17.959188707635033, 68.47454125545238 ], [ 17.958171294798554, 68.474434881000874 ], [ 17.958832563668292, 68.474442507233235 ], [ 17.959126317103841, 68.474158117682023 ], [ 17.960958347347759, 68.473772755583781 ], [ 17.959329709828864, 68.473902435670908 ], [ 17.958415713526058, 68.473667114378529 ], [ 17.95735848879465, 68.473680211545883 ], [ 17.957306231671733, 68.473342500667286 ], [ 17.956797636143264, 68.473199307072065 ], [ 17.954330348306268, 68.473299117851028 ], [ 17.954442619094326, 68.473454873515763 ], [ 17.954316339289186, 68.473526675989604 ], [ 17.955115453879763, 68.473637192461979 ], [ 17.953667335519164, 68.473853947300185 ], [ 17.954817992683143, 68.474099215378544 ], [ 17.955808263083565, 68.473974019094456 ], [ 17.956613460508422, 68.474082266848995 ], [ 17.956456974701304, 68.474182883234761 ], [ 17.956588885576995, 68.474232625489222 ], [ 17.955694760320014, 68.47438835972352 ], [ 17.955647846834232, 68.474498803008601 ], [ 17.956177780093462, 68.474543319865717 ], [ 17.955840485366814, 68.474700721282829 ], [ 17.95454912426035, 68.474647276827767 ], [ 17.955127819582103, 68.474844093996722 ], [ 17.955369753616623, 68.474778061662576 ], [ 17.955172885694356, 68.474687718500817 ], [ 17.956883770259431, 68.474851630862176 ], [ 17.956937261784326, 68.474937230481814 ], [ 17.956321620351229, 68.474977629409082 ], [ 17.957422900368183, 68.475089627402838 ], [ 17.957317574643987, 68.475035735718876 ] ], [ [ 17.955218689265422, 68.473680798060116 ], [ 17.955768475627767, 68.473675409737169 ], [ 17.955571140097561, 68.473762740920264 ], [ 17.955218689265422, 68.473680798060116 ] ], [ [ 17.956970403260257, 68.474557164713772 ], [ 17.957647297606037, 68.474527263087282 ], [ 17.957516344580188, 68.474630571942825 ], [ 17.956970403260257, 68.474557164713772 ] ] ] ] } },
{ "type": "Feature", "properties": { "fid": 191290, "navn": "Rundvatnet", "hoyde_moh": 422, "arealInnsjo_km2": 0.0888, "magasinKategori": null, "fid_2": 1092, "id": 1092, "left": 17.486919847, "top": 68.946110046000001, "right": 17.986919847, "bottom": 68.446110046000001, "row_index": 11, "col_index": 27, "tile_id": 1092 }, "geometry": { "type": "MultiPolygon", "coordinates": [ [ [ [ 17.703672740648571, 68.494664987803105 ], [ 17.70369087777501, 68.494481403530614 ], [ 17.704218037316281, 68.494260619587223 ], [ 17.705872646303323, 68.494396848306906 ], [ 17.707419860259453, 68.493822898893853 ], [ 17.707469515010978, 68.493225095690931 ], [ 17.707311435835319, 68.492879823164955 ], [ 17.706655064071061, 68.492403733205165 ], [ 17.706013205832953, 68.492193458765499 ], [ 17.705984633529958, 68.49194276823394 ], [ 17.706723638473395, 68.491479971547648 ], [ 17.706641767870924, 68.491084638475783 ], [ 17.705948495745748, 68.490910380488302 ], [ 17.705336736580087, 68.49045071090255 ], [ 17.700663595549372, 68.49297632977084 ], [ 17.700439383926668, 68.493238989963785 ], [ 17.700380704107904, 68.493762881216853 ], [ 17.699996855681537, 68.493899663313073 ], [ 17.700116118536133, 68.494111463620797 ], [ 17.700522372752175, 68.494497446416062 ], [ 17.700843446661374, 68.49457000899892 ], [ 17.700746483133848, 68.494638801312135 ], [ 17.701025600577303, 68.494933209867852 ], [ 17.701721861698157, 68.49509289989463 ], [ 17.703672740648571, 68.494664987803105 ] ], [ [ 17.702658197310491, 68.492248819173298 ], [ 17.703512082567617, 68.492176980232401 ], [ 17.703072235429197, 68.49244635208413 ], [ 17.703152983102729, 68.492550788927048 ], [ 17.702572789734788, 68.492604122908489 ], [ 17.702658197310491, 68.492248819173298 ] ], [ [ 17.701306396280899, 68.493945177988621 ], [ 17.701607166539578, 68.494007564052296 ], [ 17.701061601797271, 68.49407873537811 ], [ 17.700885686326874, 68.494047818441373 ], [ 17.701306396280899, 68.493945177988621 ] ] ] ] } },
{ "type": "Feature", "properties": { "fid": 191835, "navn": "Langvatnet", "hoyde_moh": 329, "arealInnsjo_km2": 0.2085, "magasinKategori": null, "fid_2": 1092, "id": 1092, "left": 17.486919847, "top": 68.946110046000001, "right": 17.986919847, "bottom": 68.446110046000001, "row_index": 11, "col_index": 27, "tile_id": 1092 }, "geometry": { "type": "MultiPolygon", "coordinates": [ [ [ [ 17.735989297532427, 68.500280483909719 ], [ 17.73608443882814, 68.499983343586521 ], [ 17.735708851420146, 68.4997553683951 ], [ 17.735676389547702, 68.499511743372466 ], [ 17.734794494624733, 68.498986381233863 ], [ 17.734672021041177, 68.498720705888488 ], [ 17.737282792267628, 68.49819412009272 ], [ 17.736829453699169, 68.498127912234651 ], [ 17.736537081188462, 68.497799034493625 ], [ 17.734514435266984, 68.498088384076766 ], [ 17.732688341092924, 68.497105354289332 ], [ 17.731042838889447, 68.496849404053492 ], [ 17.730812312261111, 68.496545541730242 ], [ 17.730168831611934, 68.496336907492335 ], [ 17.730192353028869, 68.496106553363902 ], [ 17.72975776540272, 68.495749730507043 ], [ 17.729940655132889, 68.495295607970931 ], [ 17.72944970406164, 68.494956038755291 ], [ 17.727759415676211, 68.49500813380304 ], [ 17.727119680857932, 68.49468812273237 ], [ 17.726328312313726, 68.494824142894046 ], [ 17.726369671563059, 68.494970141975173 ], [ 17.725957314836993, 68.495252683954305 ], [ 17.726894642661044, 68.495318322187586 ], [ 17.72819803838027, 68.49574494911738 ], [ 17.728614221952409, 68.496087354071705 ], [ 17.728530572905324, 68.496322366195145 ], [ 17.72910564721618, 68.496424674088146 ], [ 17.728923554948388, 68.496885604270588 ], [ 17.730321637671064, 68.497264627716703 ], [ 17.730913396570514, 68.497680557426364 ], [ 17.732067122263707, 68.497905833064436 ], [ 17.732146100173637, 68.498166204256933 ], [ 17.731004959144862, 68.49839294713523 ], [ 17.730495126962229, 68.498330873613796 ], [ 17.730025585393697, 68.498011153164143 ], [ 17.729847937786577, 68.498061618538259 ], [ 17.730037174991178, 68.498220290367584 ], [ 17.729783719718846, 68.498329796437389 ], [ 17.728693824760473, 68.498211540524366 ], [ 17.728216753369736, 68.497960875312174 ], [ 17.729361258625318, 68.497717400938171 ], [ 17.728922011853964, 68.497324208041761 ], [ 17.728172137822522, 68.497172590652028 ], [ 17.728733293304291, 68.496892380023127 ], [ 17.727208072765421, 68.49662097172525 ], [ 17.726745117707619, 68.496351043855569 ], [ 17.72679265102078, 68.496122723883488 ], [ 17.726652594583193, 68.496046817987747 ], [ 17.724681859541228, 68.495344860385529 ], [ 17.725455217382411, 68.495255996907204 ], [ 17.72482570658196, 68.495134006031847 ], [ 17.725321015626275, 68.495100824685181 ], [ 17.72532232732053, 68.494963736591018 ], [ 17.722198326676107, 68.494493403970168 ], [ 17.721890936848286, 68.494313752766843 ], [ 17.722176316768575, 68.494249967717451 ], [ 17.722162351745776, 68.494134132164973 ], [ 17.721196501493093, 68.493859696113603 ], [ 17.723787638059026, 68.493876246977834 ], [ 17.724148652256055, 68.49365881397803 ], [ 17.723885578561291, 68.493335545275059 ], [ 17.72412857841887, 68.493194351985693 ], [ 17.723200486900105, 68.492902259528165 ], [ 17.723677051173183, 68.492647135907006 ], [ 17.724394396856194, 68.492595539452481 ], [ 17.725447138716923, 68.493217091236673 ], [ 17.727608761770856, 68.493477534299458 ], [ 17.72851890171501, 68.493970604069304 ], [ 17.72952688166124, 68.494022061932213 ], [ 17.730286007428354, 68.494386527581938 ], [ 17.730552869925408, 68.494147543885674 ], [ 17.729249142991765, 68.493485045752323 ], [ 17.728365995019054, 68.493298348431608 ], [ 17.727985758498402, 68.49303434960278 ], [ 17.728128357822516, 68.492799365981966 ], [ 17.727906500374814, 68.492669857529364 ], [ 17.727889000533928, 68.492387301200836 ], [ 17.7272623734547, 68.491913943941029 ], [ 17.724170140162098, 68.491486850635809 ], [ 17.723540526950138, 68.491178512039909 ], [ 17.723621744442219, 68.491067054853445 ], [ 17.723079597464192, 68.490984930651578 ], [ 17.723166591499961, 68.490909194958235 ], [ 17.722957291662087, 68.490859095580603 ], [ 17.722999629248545, 68.490670625889535 ], [ 17.722014024529205, 68.490746588903576 ], [ 17.721396920329436, 68.491034867115985 ], [ 17.721085508353354, 68.490981754957147 ], [ 17.721153830512868, 68.491323447123989 ], [ 17.722662787474672, 68.492137151809473 ], [ 17.722586910042374, 68.492615558552671 ], [ 17.721473887610681, 68.492793939622743 ], [ 17.72052790355724, 68.493268600217306 ], [ 17.720090272600043, 68.49332542710988 ], [ 17.719928316072536, 68.493493844058932 ], [ 17.71996807021732, 68.493834025057254 ], [ 17.721393546860135, 68.494236191704744 ], [ 17.722964276163591, 68.494915328021975 ], [ 17.723047917698544, 68.495176793173798 ], [ 17.722692312531827, 68.495952634560453 ], [ 17.727335859442245, 68.497219044102792 ], [ 17.727151591163278, 68.497540785933737 ], [ 17.727426684054457, 68.497928304539599 ], [ 17.726867812808745, 68.498152820499669 ], [ 17.727363543236624, 68.498608651712573 ], [ 17.727290904669314, 68.499167884449534 ], [ 17.727777460897023, 68.499385545257823 ], [ 17.729204658975885, 68.499550920839752 ], [ 17.730013723892821, 68.499954521741273 ], [ 17.731719425911194, 68.500057087986093 ], [ 17.732239308409653, 68.500302917958507 ], [ 17.733207961455236, 68.500283816547451 ], [ 17.733585657985085, 68.50045054467715 ], [ 17.73557922833993, 68.500543354392178 ], [ 17.735989297532427, 68.500280483909719 ] ] ] ] } },
{ "type": "Feature", "properties": { "fid": 193478, "navn": null, "hoyde_moh": 389, "arealInnsjo_km2": 0.0367, "magasinKategori": null, "fid_2": 1092, "id": 1092, "left": 17.486919847, "top": 68.946110046000001, "right": 17.986919847, "bottom": 68.446110046000001, "row_index": 11, "col_index": 27, "tile_id": 1092 }, "geometry": { "type": "MultiPolygon", "coordinates": [ [ [ [ 17.681613305423532, 68.503126607193522 ], [ 17.683288630618449, 68.502710442376483 ], [ 17.68357348488853, 68.502504644600648 ], [ 17.683549307814214, 68.502338347370014 ], [ 17.680540882143553, 68.501354117493563 ], [ 17.680315183581094, 68.501159713928473 ], [ 17.678504086366029, 68.501101394572061 ], [ 17.67844439825857, 68.501192286648703 ], [ 17.678787587042336, 68.501492258647019 ], [ 17.678523469834147, 68.501675097399129 ], [ 17.67739305751342, 68.501560657253975 ], [ 17.677620703227781, 68.501792283570097 ], [ 17.677636612111932, 68.502239929535008 ], [ 17.679905993135634, 68.503057486389622 ], [ 17.680214393911942, 68.503546327439409 ], [ 17.68082129705132, 68.503558532156916 ], [ 17.681613305423532, 68.503126607193522 ] ] ] ] } },
{ "type": "Feature", "properties": { "fid": 193479, "navn": "Karenvatnan", "hoyde_moh": 734, "arealInnsjo_km2": 0.0679, "magasinKategori": null, "fid_2": 1092, "id": 1092, "left": 17.486919847, "top": 68.946110046000001, "right": 17.986919847, "bottom": 68.446110046000001, "row_index": 11, "col_index": 27, "tile_id": 1092 }, "geometry": { "type": "MultiPolygon", "coordinates": [ [ [ [ 17.975293996823424, 68.536017585971265 ], [ 17.976316217699303, 68.535878814421693 ], [ 17.97505009668421, 68.535564677139334 ], [ 17.974887999152816, 68.535408196031995 ], [ 17.974978218044352, 68.535053777966866 ], [ 17.974777689149203, 68.534830825106283 ], [ 17.973291128944716, 68.534452260839515 ], [ 17.973167371056181, 68.534222111697886 ], [ 17.972728677966941, 68.53405526360703 ], [ 17.973527262782067, 68.533444563980126 ], [ 17.97143678332478, 68.533117076617117 ], [ 17.971066584554247, 68.533259367794614 ], [ 17.970911028598152, 68.533587108389156 ], [ 17.970012767576531, 68.533496164031433 ], [ 17.969094193531042, 68.533911280792367 ], [ 17.969366264154161, 68.534128934632179 ], [ 17.969195001064765, 68.534278207401258 ], [ 17.970746442371059, 68.53443193768797 ], [ 17.970841260781558, 68.534667717419538 ], [ 17.970601730963224, 68.534951695942127 ], [ 17.970784364726853, 68.535059697588622 ], [ 17.967628846124505, 68.535063955774689 ], [ 17.967515537860017, 68.535221628883349 ], [ 17.967624454004167, 68.535376721895943 ], [ 17.967226984714973, 68.535591575349329 ], [ 17.96748205490773, 68.5358569341237 ], [ 17.967961381302558, 68.535870818283442 ], [ 17.968405896565333, 68.536083720587968 ], [ 17.968069653688772, 68.536283309246116 ], [ 17.975293996823424, 68.536017585971265 ] ] ] ] } },
{ "type": "Feature", "properties": { "fid": 193480, "navn": "Kubergvatnet", "hoyde_moh": 685, "arealInnsjo_km2": 0.0734, "magasinKategori": null, "fid_2": 1092, "id": 1092, "left": 17.486919847, "top": 68.946110046000001, "right": 17.986919847, "bottom": 68.446110046000001, "row_index": 11, "col_index": 27, "tile_id": 1092 }, "geometry": { "type": "MultiPolygon", "coordinates": [ [ [ [ 17.922439698021254, 68.553279940860008 ], [ 17.922513649634379, 68.553063559217676 ], [ 17.922993655981404, 68.553029177255453 ], [ 17.924259852733353, 68.552447236347192 ], [ 17.926560820774569, 68.552406464418041 ], [ 17.928992512884033, 68.551754809980665 ], [ 17.929135468460604, 68.551481113427457 ], [ 17.930140297214187, 68.55107703232143 ], [ 17.929089402297343, 68.550586069373949 ], [ 17.928770847252942, 68.55009068713079 ], [ 17.92993944400401, 68.549818411858539 ], [ 17.929386324358813, 68.549846368912 ], [ 17.929203485783916, 68.549643795924183 ], [ 17.928198299804627, 68.549509239319249 ], [ 17.92723296807771, 68.549997995600052 ], [ 17.925778349644922, 68.55025332696313 ], [ 17.923867791549895, 68.551426876316768 ], [ 17.921180061943211, 68.552140180715142 ], [ 17.92014734344005, 68.553094726995326 ], [ 17.919074744567361, 68.553649751923786 ], [ 17.920087024628423, 68.553713231517506 ], [ 17.922439698021254, 68.553279940860008 ] ] ] ] } },
{ "type": "Feature", "properties": { "fid": 193482, "navn": "Stuorabalagjavrit", "hoyde_moh": 689, "arealInnsjo_km2": 0.0806, "magasinKategori": null, "fid_2": 1092, "id": 1092, "left": 17.486919847, "top": 68.946110046000001, "right": 17.986919847, "bottom": 68.446110046000001, "row_index": 11, "col_index": 27, "tile_id": 1092 }, "geometry": { "type": "MultiPolygon", "coordinates": [ [ [ [ 17.850613846034179, 68.556086449347461 ], [ 17.850855673114481, 68.556105328753731 ], [ 17.850816023898737, 68.556268751773146 ], [ 17.851357856564974, 68.556039538242331 ], [ 17.851851864844985, 68.55616868297848 ], [ 17.853828392729657, 68.555831628150187 ], [ 17.85650295622597, 68.554759419144219 ], [ 17.856889320574826, 68.554477261544193 ], [ 17.856744901539869, 68.554158881866371 ], [ 17.857190251686216, 68.553891250808391 ], [ 17.85606084057677, 68.553540957701074 ], [ 17.851728584950983, 68.553753303349239 ], [ 17.851470849639991, 68.553486664522907 ], [ 17.85042553056558, 68.553344338615076 ], [ 17.850302661087525, 68.553900474423131 ], [ 17.850682115850493, 68.554113343738308 ], [ 17.850798634244835, 68.554460028908807 ], [ 17.849469981943148, 68.554726819656423 ], [ 17.849154984709596, 68.55470145873845 ], [ 17.8493680121415, 68.55456660584035 ], [ 17.849132492369414, 68.554516019096127 ], [ 17.847650173809061, 68.554743388237995 ], [ 17.847697566793766, 68.555083077104683 ], [ 17.847146878225622, 68.555407224136417 ], [ 17.847171883260948, 68.555544774667169 ], [ 17.847898140467887, 68.555495306849892 ], [ 17.848210578492886, 68.556300981391146 ], [ 17.849566903788908, 68.556389485889625 ], [ 17.850613846034179, 68.556086449347461 ] ] ] ] } },
{ "type": "Feature", "properties": { "fid": 193483, "navn": "Árajávri", "hoyde_moh": 78, "arealInnsjo_km2": 2.3636, "magasinKategori": null, "fid_2": 1092, "id": 1092, "left": 17.486919847, "top": 68.946110046000001, "right": 17.986919847, "bottom": 68.446110046000001, "row_index": 11, "col_index": 27, "tile_id": 1092 }, "geometry": { "type": "MultiPolygon", "coordinates": [ [ [ [ 17.68837143394326, 68.561556480679059 ], [ 17.690501739150672, 68.560654429045968 ], [ 17.695212247281596, 68.56046023081926 ], [ 17.697118313027541, 68.560152844566559 ], [ 17.698810336769263, 68.559579053007056 ], [ 17.699938219986795, 68.55889043496127 ], [ 17.701440558648983, 68.559026792512228 ], [ 17.703623650324605, 68.558897091624175 ], [ 17.704406958146805, 68.558713050416699 ], [ 17.705491866924444, 68.55778093482607 ], [ 17.705533880553638, 68.556744781132267 ], [ 17.705436176959612, 68.556070726011029 ], [ 17.704927115735998, 68.554835286178786 ], [ 17.703303644529853, 68.553996561209956 ], [ 17.70354571286131, 68.553867721361186 ], [ 17.704860204515324, 68.55398247103453 ], [ 17.705061764508478, 68.553673772292868 ], [ 17.704029476283388, 68.553396685829654 ], [ 17.703816171016296, 68.553007325377493 ], [ 17.703676506084246, 68.553039103217387 ], [ 17.703700395546996, 68.553601517085582 ], [ 17.703029259306859, 68.553588704196528 ], [ 17.702774750914752, 68.553338146532624 ], [ 17.703016249880896, 68.553149446329357 ], [ 17.703087345712753, 68.552593583464514 ], [ 17.703316760366896, 68.552343142301368 ], [ 17.703315003236103, 68.551709641238915 ], [ 17.703458129223918, 68.551453496501409 ], [ 17.704299702331703, 68.551348312037035 ], [ 17.70405666832572, 68.551617913435521 ], [ 17.704541928802094, 68.551802911160365 ], [ 17.704515090881252, 68.551965360768051 ], [ 17.703680804191702, 68.552421392261735 ], [ 17.70375615690109, 68.552797622939096 ], [ 17.703912315473772, 68.552780659437957 ], [ 17.70391037537706, 68.552533759549874 ], [ 17.704312555385815, 68.552223000974053 ], [ 17.704568745533145, 68.552183333558261 ], [ 17.704455341914112, 68.552566371260852 ], [ 17.70464846279782, 68.55266110272089 ], [ 17.705023819921884, 68.55222106996932 ], [ 17.705429620142716, 68.552167144925434 ], [ 17.705429254736341, 68.552521256262168 ], [ 17.70521127628918, 68.552783005886837 ], [ 17.705357471038045, 68.553146427135815 ], [ 17.706846200468867, 68.551899649412434 ], [ 17.707115502086541, 68.551136924163472 ], [ 17.707548750745797, 68.550846480907722 ], [ 17.709050104833082, 68.550161378819482 ], [ 17.709656968981069, 68.550282825816709 ], [ 17.710334591533435, 68.550191383761671 ], [ 17.710409067221597, 68.549838320103504 ], [ 17.710065500178629, 68.549722234713926 ], [ 17.709951539394666, 68.550042723336659 ], [ 17.70958275951832, 68.550165448230729 ], [ 17.708619502784412, 68.549576616300271 ], [ 17.707587571110594, 68.549407350413617 ], [ 17.706417138750698, 68.548979284917763 ], [ 17.705072656225525, 68.549037105013127 ], [ 17.702865066385417, 68.548746345159046 ], [ 17.701267460532311, 68.549335099128058 ], [ 17.700698369310743, 68.549139502063341 ], [ 17.700026291343992, 68.548569641672088 ], [ 17.698735153842613, 68.547955327015856 ], [ 17.697565114761062, 68.547632844556333 ], [ 17.696191782347476, 68.547496278067001 ], [ 17.694438709444643, 68.547628696826294 ], [ 17.694191002983825, 68.54776766735047 ], [ 17.693187773021776, 68.547668586309641 ], [ 17.692714837595084, 68.547882433334792 ], [ 17.691862705540228, 68.547789899225265 ], [ 17.690561182891908, 68.548106321389326 ], [ 17.689059144393998, 68.548195707905435 ], [ 17.685175134972912, 68.549642621932762 ], [ 17.68340828899824, 68.549659263145088 ], [ 17.682272945621364, 68.549935624722607 ], [ 17.680629897907117, 68.549571027696388 ], [ 17.672129213280762, 68.549584059230881 ], [ 17.667522060438976, 68.549394793915894 ], [ 17.660486974874104, 68.549536737179309 ], [ 17.659129860695597, 68.549721126148654 ], [ 17.657739616369927, 68.550134013160886 ], [ 17.655651134821685, 68.550806731108551 ], [ 17.654753354244868, 68.551306145262885 ], [ 17.655077145124661, 68.5515438256961 ], [ 17.657454144624882, 68.551798062963414 ], [ 17.659940444888743, 68.552715376046407 ], [ 17.66115732842993, 68.554036293671118 ], [ 17.661228018912038, 68.554464128839101 ], [ 17.661109452098049, 68.554681156246858 ], [ 17.660064473012646, 68.555323848541633 ], [ 17.660051537445607, 68.555793488115327 ], [ 17.659694905240904, 68.556051082003577 ], [ 17.658910916563553, 68.556187888832184 ], [ 17.657066849795587, 68.556020117252089 ], [ 17.656160124637939, 68.556347522061515 ], [ 17.655907721946139, 68.55674464943408 ], [ 17.65608960214238, 68.557496011314228 ], [ 17.65683498577345, 68.558031217800561 ], [ 17.663276159351664, 68.559353136241214 ], [ 17.666292820859173, 68.559426226578466 ], [ 17.668645995246532, 68.559043051504446 ], [ 17.679539089910762, 68.560784171331193 ], [ 17.684932529780525, 68.561490973657314 ], [ 17.68837143394326, 68.561556480679059 ] ] ] ] } },
{ "type": "Feature", "properties": { "fid": 193484, "navn": null, "hoyde_moh": 617, "arealInnsjo_km2": 0.0154, "magasinKategori": null, "fid_2": 1092, "id": 1092, "left": 17.486919847, "top": 68.946110046000001, "right": 17.986919847, "bottom": 68.446110046000001, "row_index": 11, "col_index": 27, "tile_id": 1092 }, "geometry": { "type": "MultiPolygon", "coordinates": [ [ [ [ 17.679986735232237, 68.578089224252921 ], [ 17.679777673476416, 68.577865823178811 ], [ 17.680084872109575, 68.577497405862303 ], [ 17.679934710986775, 68.577133671006607 ], [ 17.680149983368672, 68.576978728477002 ], [ 17.67929158978832, 68.576667294396088 ], [ 17.678811846092003, 68.576690013632842 ], [ 17.676920134649329, 68.577680185401789 ], [ 17.677076859588279, 68.577903524834412 ], [ 17.679372347154523, 68.578313354285342 ], [ 17.679986735232237, 68.578089224252921 ] ] ] ] } },
{ "type": "Feature", "properties": { "fid": 193485, "navn": "Roašmejávrrit", "hoyde_moh": 703, "arealInnsjo_km2": 0.0821, "magasinKategori": null, "fid_2": 1092, "id": 1092, "left": 17.486919847, "top": 68.946110046000001, "right": 17.986919847, "bottom": 68.446110046000001, "row_index": 11, "col_index": 27, "tile_id": 1092 }, "geometry": { "type": "MultiPolygon", "coordinates": [ [ [ [ 17.738266085044881, 68.615028336504608 ], [ 17.737973456448909, 68.614786875816122 ], [ 17.739106722154496, 68.614486153032857 ], [ 17.73934555232368, 68.614188119975836 ], [ 17.738780355690977, 68.613863484977557 ], [ 17.739392718699712, 68.613696086067364 ], [ 17.738930222276135, 68.612973572647675 ], [ 17.739186997869158, 68.612725963289989 ], [ 17.739235103365878, 68.612328253870245 ], [ 17.738629239587912, 68.611851326009159 ], [ 17.738350954070221, 68.611803698406888 ], [ 17.738239159780246, 68.611987911817678 ], [ 17.736768042929775, 68.611945215540857 ], [ 17.73644278953039, 68.611826987280551 ], [ 17.736794657191929, 68.611665354701458 ], [ 17.736760910920744, 68.611497509854999 ], [ 17.736299216653393, 68.611434008714639 ], [ 17.735577533612279, 68.61172102944866 ], [ 17.735317808109777, 68.612081870349613 ], [ 17.73401330688387, 68.612349084211985 ], [ 17.733665072979147, 68.612229877260518 ], [ 17.733237932858476, 68.61158388249882 ], [ 17.732284359218909, 68.610942118245376 ], [ 17.731889688853258, 68.61114419966286 ], [ 17.731992622522036, 68.611357509110675 ], [ 17.730655252864747, 68.611384848920409 ], [ 17.730514654091778, 68.611306522266474 ], [ 17.730611194512953, 68.611176329178065 ], [ 17.729270363089132, 68.61135711643395 ], [ 17.729016997448152, 68.612804494248564 ], [ 17.730719260329248, 68.613501553184108 ], [ 17.732294347761826, 68.613551144593913 ], [ 17.732881511696913, 68.613097749453104 ], [ 17.73351055034674, 68.612935846442284 ], [ 17.734299524969309, 68.613008854356607 ], [ 17.735355929422656, 68.6134599910677 ], [ 17.736089212372132, 68.61332008274556 ], [ 17.736704491222806, 68.612924471883531 ], [ 17.737149458380003, 68.612915088262284 ], [ 17.737705384248102, 68.613141948616118 ], [ 17.737628910465425, 68.613869813337985 ], [ 17.737322463092074, 68.614277015598233 ], [ 17.737720515265519, 68.614709392930394 ], [ 17.737533186673193, 68.614869340646862 ], [ 17.737488642396961, 68.615221930709026 ], [ 17.737762546608305, 68.615301855967331 ], [ 17.738266085044881, 68.615028336504608 ] ] ] ] } },
{ "type": "Feature", "properties": { "fid": 196800, "navn": "Gregusvatnet", "hoyde_moh": 510, "arealInnsjo_km2": 0.015, "magasinKategori": null, "fid_2": 1092, "id": 1092, "left": 17.486919847, "top": 68.946110046000001, "right": 17.986919847, "bottom": 68.446110046000001, "row_index": 11, "col_index": 27, "tile_id": 1092 }, "geometry": { "type": "MultiPolygon", "coordinates": [ [ [ [ 17.636630419600184, 68.639970172562514 ], [ 17.637433941131178, 68.639799816489173 ], [ 17.637546841125612, 68.639342807335339 ], [ 17.637008661887531, 68.639163005164747 ], [ 17.636746799008279, 68.63871176682774 ], [ 17.636428152347513, 68.638541634679981 ], [ 17.635287950947721, 68.638409025866878 ], [ 17.635015040204021, 68.638539846643454 ], [ 17.635316441641717, 68.638825138606066 ], [ 17.635043973069131, 68.639064467532748 ], [ 17.635304881310638, 68.639302642092986 ], [ 17.63490656342487, 68.639416034935252 ], [ 17.634719106895929, 68.639746124569726 ], [ 17.635484471339463, 68.640080354411197 ], [ 17.636311859442511, 68.640188144119747 ], [ 17.636630419600184, 68.639970172562514 ] ] ] ] } },
{ "type": "Feature", "properties": { "fid": 196801, "navn": "Botnvatnet", "hoyde_moh": 466, "arealInnsjo_km2": 0.0116, "magasinKategori": null, "fid_2": 1092, "id": 1092, "left": 17.486919847, "top": 68.946110046000001, "right": 17.986919847, "bottom": 68.446110046000001, "row_index": 11, "col_index": 27, "tile_id": 1092 }, "geometry": { "type": "MultiPolygon", "coordinates": [ [ [ [ 17.496883011356822, 68.648957862271459 ], [ 17.496998997501166, 68.648646153099591 ], [ 17.496850222987003, 68.648257050005498 ], [ 17.495581010067333, 68.647919796184496 ], [ 17.49398544844782, 68.647814153158265 ], [ 17.49444378023221, 68.648245619953002 ], [ 17.494302260092326, 68.648414555261269 ], [ 17.494440595566726, 68.648703654818931 ], [ 17.496322811058899, 68.649095839271567 ], [ 17.496883011356822, 68.648957862271459 ] ] ] ] } },
{ "type": "Feature", "properties": { "fid": 196804, "navn": "Åsevatnet", "hoyde_moh": 526, "arealInnsjo_km2": 0.1873, "magasinKategori": null, "fid_2": 1092, "id": 1092, "left": 17.486919847, "top": 68.946110046000001, "right": 17.986919847, "bottom": 68.446110046000001, "row_index": 11, "col_index": 27, "tile_id": 1092 }, "geometry": { "type": "MultiPolygon", "coordinates": [ [ [ [ 17.881720621052843, 68.741101590490544 ], [ 17.883622932480435, 68.741085082493115 ], [ 17.884095165540767, 68.740815629320167 ], [ 17.883701520306012, 68.74029476346098 ], [ 17.884043777301148, 68.739751125543521 ], [ 17.883649208715937, 68.73962454123911 ], [ 17.881702636987413, 68.739615323060818 ], [ 17.879889315568814, 68.739911901983589 ], [ 17.879526059419444, 68.740196096298618 ], [ 17.879037709882553, 68.740264458884852 ], [ 17.87777122618073, 68.740020819516687 ], [ 17.876431194852483, 68.739321947453348 ], [ 17.875470275233109, 68.739636486399718 ], [ 17.874366615358028, 68.739208634175341 ], [ 17.873324809202526, 68.739394729022877 ], [ 17.871820575254127, 68.738896280463763 ], [ 17.871794724021417, 68.738580375341286 ], [ 17.871403100461972, 68.738449045857664 ], [ 17.871352580055451, 68.738156629740743 ], [ 17.872195748321857, 68.737722925036891 ], [ 17.872075786326, 68.737532766673638 ], [ 17.871029982975816, 68.737564424797654 ], [ 17.868326873525938, 68.738172835282967 ], [ 17.868542436526361, 68.738429599434866 ], [ 17.869433553753009, 68.738467906084068 ], [ 17.869292007686546, 68.738551905083952 ], [ 17.867927472721341, 68.738436520069442 ], [ 17.866432603430265, 68.738540390846865 ], [ 17.865696576913749, 68.738059579242631 ], [ 17.864635307388308, 68.737974940423058 ], [ 17.860697284341082, 68.738380780403816 ], [ 17.860833354457526, 68.738662505616048 ], [ 17.861475627798082, 68.738972388492385 ], [ 17.864084418381587, 68.739710860014327 ], [ 17.866827189189479, 68.740127988852066 ], [ 17.869331363980134, 68.740037709963744 ], [ 17.870704229439895, 68.740587691744153 ], [ 17.873072172706085, 68.741059913260571 ], [ 17.874539945316755, 68.741636801596258 ], [ 17.878459136051614, 68.74195207690245 ], [ 17.881720621052843, 68.741101590490544 ] ] ] ] } },
{ "type": "Feature", "properties": { "fid": 198174, "navn": "Andersvatnet", "hoyde_moh": 312, "arealInnsjo_km2": 0.0525, "magasinKategori": null, "fid_2": 1092, "id": 1092, "left": 17.486919847, "top": 68.946110046000001, "right": 17.986919847, "bottom": 68.446110046000001, "row_index": 11, "col_index": 27, "tile_id": 1092 }, "geometry": { "type": "MultiPolygon", "coordinates": [ [ [ [ 17.787652670535547, 68.521532709484788 ], [ 17.787406239265433, 68.52064291812944 ], [ 17.788740874310488, 68.520130183574722 ], [ 17.788573427953743, 68.519869413997796 ], [ 17.788732875849202, 68.519677360095983 ], [ 17.787782190678577, 68.519656257739044 ], [ 17.787664056875087, 68.518762091865781 ], [ 17.786813129741322, 68.518015998757647 ], [ 17.786296551251716, 68.51785078895611 ], [ 17.78641056427038, 68.517572419146035 ], [ 17.786199141221363, 68.517359684144992 ], [ 17.786401164426834, 68.51715741058382 ], [ 17.785881274331206, 68.516808594991971 ], [ 17.786549740694547, 68.516457198092084 ], [ 17.78661086764917, 68.516284013318483 ], [ 17.786215906773069, 68.516216872920921 ], [ 17.784032884669696, 68.516903895225767 ], [ 17.783450672674778, 68.517228357699409 ], [ 17.783637518913199, 68.51751798329235 ], [ 17.783530258375375, 68.517682685842743 ], [ 17.783664386787574, 68.51818601888121 ], [ 17.783393447715319, 68.518798491195454 ], [ 17.783598676898631, 68.519193286190344 ], [ 17.784148477598748, 68.51931010856552 ], [ 17.784984193062026, 68.519225420483224 ], [ 17.786653932192088, 68.519755959837553 ], [ 17.78806387601287, 68.519838740248758 ], [ 17.787807673563609, 68.520066421368398 ], [ 17.78803244053714, 68.520267892093216 ], [ 17.787313638248396, 68.520391137909826 ], [ 17.786067305034674, 68.520927080404434 ], [ 17.786472670477735, 68.521593053360675 ], [ 17.78730479730374, 68.521748177586005 ], [ 17.787652670535547, 68.521532709484788 ] ] ] ] } },
{ "type": "Feature", "properties": { "fid": 198512, "navn": null, "hoyde_moh": 945, "arealInnsjo_km2": 0.0663, "magasinKategori": null, "fid_2": 1092, "id": 1092, "left": 17.486919847, "top": 68.946110046000001, "right": 17.986919847, "bottom": 68.446110046000001, "row_index": 11, "col_index": 27, "tile_id": 1092 }, "geometry": { "type": "MultiPolygon", "coordinates": [ [ [ [ 17.986919847, 68.735170622105727 ], [ 17.986919847, 68.732104307024571 ], [ 17.986463885890103, 68.732132099158946 ], [ 17.985925469393255, 68.73236415438349 ], [ 17.985579192754152, 68.732729275721027 ], [ 17.985606523571544, 68.733273279737972 ], [ 17.986594488159891, 68.733310427670872 ], [ 17.986800038130689, 68.733632055056802 ], [ 17.985979461703192, 68.734122974409473 ], [ 17.985528948333798, 68.734620377813201 ], [ 17.985582678545573, 68.735319047413867 ], [ 17.986919847, 68.735170622105727 ] ] ] ] } },
{ "type": "Feature", "properties": { "fid": 198516, "navn": "Litle Læigasvatnet", "hoyde_moh": 579, "arealInnsjo_km2": 0.2689, "magasinKategori": null, "fid_2": 1092, "id": 1092, "left": 17.486919847, "top": 68.946110046000001, "right": 17.986919847, "bottom": 68.446110046000001, "row_index": 11, "col_index": 27, "tile_id": 1092 }, "geometry": { "type": "MultiPolygon", "coordinates": [ [ [ [ 17.70459905580271, 68.584228383421078 ], [ 17.704688841108691, 68.583909099257284 ], [ 17.706376337317309, 68.583747506881636 ], [ 17.706735780081615, 68.58309796412307 ], [ 17.708770154461874, 68.582664716473474 ], [ 17.709242439419082, 68.582289902703081 ], [ 17.710108994046173, 68.582215539260361 ], [ 17.709524789546382, 68.581875689238615 ], [ 17.710141031670915, 68.581507620122579 ], [ 17.708693567375988, 68.580985722514583 ], [ 17.708880485310569, 68.580380779262853 ], [ 17.708621713619277, 68.580185587176899 ], [ 17.709023299329363, 68.579817476566859 ], [ 17.709635604891172, 68.57980627022944 ], [ 17.710909945727828, 68.580355094128748 ], [ 17.711240455529968, 68.580973874418149 ], [ 17.712147322655294, 68.581315519250865 ], [ 17.71293966409845, 68.581348972554565 ], [ 17.713471393802163, 68.580714676045588 ], [ 17.713066697650131, 68.58059670395717 ], [ 17.712769366605183, 68.580155566739734 ], [ 17.712290929447207, 68.579829280393497 ], [ 17.710427896620747, 68.579245071313153 ], [ 17.709217369105112, 68.579225163464713 ], [ 17.708405087636525, 68.579388320945426 ], [ 17.707133583363603, 68.578906933817166 ], [ 17.704103037357523, 68.578423390785616 ], [ 17.698892754178807, 68.578410471351148 ], [ 17.698478288442089, 68.578568095844375 ], [ 17.698358578591002, 68.579105074998751 ], [ 17.697554220674483, 68.579580416524834 ], [ 17.69756329014027, 68.579815621612482 ], [ 17.698007467275048, 68.580032181334175 ], [ 17.698294183171502, 68.580465073475622 ], [ 17.697966218287302, 68.581063466293813 ], [ 17.698250429401551, 68.581444697073849 ], [ 17.698308352377865, 68.582047942357548 ], [ 17.697597737256842, 68.582339387154235 ], [ 17.697827905883706, 68.582843199532533 ], [ 17.700788713278666, 68.583549957577091 ], [ 17.702253806641725, 68.584228899458935 ], [ 17.704367929008015, 68.584336489125633 ], [ 17.70459905580271, 68.584228383421078 ] ] ] ] } },
{ "type": "Feature", "properties": { "fid": 198517, "navn": "Diamantdalsvatnan", "hoyde_moh": 341, "arealInnsjo_km2": 0.0221, "magasinKategori": null, "fid_2": 1092, "id": 1092, "left": 17.486919847, "top": 68.946110046000001, "right": 17.986919847, "bottom": 68.446110046000001, "row_index": 11, "col_index": 27, "tile_id": 1092 }, "geometry": { "type": "MultiPolygon", "coordinates": [ [ [ [ 17.624960884547697, 68.593465239841137 ], [ 17.624786183549578, 68.59326116620052 ], [ 17.625053114613408, 68.593087544851414 ], [ 17.625071574806654, 68.592751390299398 ], [ 17.625408257087468, 68.592663833586997 ], [ 17.624984936778286, 68.591978327127848 ], [ 17.625899243435377, 68.591819649767302 ], [ 17.624265643938443, 68.591267904651602 ], [ 17.622939417025247, 68.591319810207409 ], [ 17.622157475969541, 68.591589591703325 ], [ 17.622624282004498, 68.592170668866601 ], [ 17.622945683452439, 68.592244736127583 ], [ 17.623317790732592, 68.593119173252475 ], [ 17.623986269246608, 68.593451083783492 ], [ 17.624960884547697, 68.593465239841137 ] ] ] ] } },
{ "type": "Feature", "properties": { "fid": 198518, "navn": "Litle Britavatnet", "hoyde_moh": 831, "arealInnsjo_km2": 0.0092, "magasinKategori": null, "fid_2": 1092, "id": 1092, "left": 17.486919847, "top": 68.946110046000001, "right": 17.986919847, "bottom": 68.446110046000001, "row_index": 11, "col_index": 27, "tile_id": 1092 }, "geometry": { "type": "MultiPolygon", "coordinates": [ [ [ [ 17.799300385273426, 68.618613389357392 ], [ 17.799652745894321, 68.618328275175756 ], [ 17.798959238253293, 68.618245095095119 ], [ 17.797612025750521, 68.618389909706764 ], [ 17.796501274731391, 68.618730695550482 ], [ 17.796028860706834, 68.61912273005612 ], [ 17.796416149170007, 68.61934439576207 ], [ 17.797004276445001, 68.619355638867248 ], [ 17.799300385273426, 68.618613389357392 ] ] ] ] } },
{ "type": "Feature", "properties": { "fid": 198519, "navn": "Middagselvvatnan", "hoyde_moh": 733, "arealInnsjo_km2": 0.028, "magasinKategori": null, "fid_2": 1092, "id": 1092, "left": 17.486919847, "top": 68.946110046000001, "right": 17.986919847, "bottom": 68.446110046000001, "row_index": 11, "col_index": 27, "tile_id": 1092 }, "geometry": { "type": "MultiPolygon", "coordinates": [ [ [ [ 17.795141542704879, 68.70257502170881 ], [ 17.794690832537238, 68.701990209743315 ], [ 17.795811733898692, 68.701794118749334 ], [ 17.795630305993633, 68.701441383666804 ], [ 17.794291179262988, 68.701308056222814 ], [ 17.794017271005579, 68.701777204042614 ], [ 17.79365509167004, 68.701822956214983 ], [ 17.792697750469209, 68.701295165028725 ], [ 17.791450262827592, 68.701031489789244 ], [ 17.789760548670408, 68.701467275870243 ], [ 17.790226110409662, 68.70183408638222 ], [ 17.792493462551946, 68.702692846792942 ], [ 17.794499153051429, 68.702881775744117 ], [ 17.795141542704879, 68.70257502170881 ] ] ] ] } },
{ "type": "Feature", "properties": { "fid": 198520, "navn": null, "hoyde_moh": 808, "arealInnsjo_km2": 0.0518, "magasinKategori": null, "fid_2": 1092, "id": 1092, "left": 17.486919847, "top": 68.946110046000001, "right": 17.986919847, "bottom": 68.446110046000001, "row_index": 11, "col_index": 27, "tile_id": 1092 }, "geometry": { "type": "MultiPolygon", "coordinates": [ [ [ [ 17.975483691470544, 68.742999827811957 ], [ 17.975942265297277, 68.742706283316039 ], [ 17.978345569240947, 68.741925706321936 ], [ 17.97921713935542, 68.741266952619441 ], [ 17.979206186739098, 68.741098009870896 ], [ 17.978850060283566, 68.740876609344625 ], [ 17.978832300226699, 68.740256848194093 ], [ 17.978600562769586, 68.739975802274898 ], [ 17.977715232249242, 68.739855372229115 ], [ 17.974502450589057, 68.740064752251399 ], [ 17.974931191593786, 68.740404374565344 ], [ 17.974738028993023, 68.740916252045167 ], [ 17.975037356539467, 68.741146110264793 ], [ 17.975110477429411, 68.741447454679289 ], [ 17.974678895819604, 68.742054374181109 ], [ 17.973376759085081, 68.742292621905023 ], [ 17.973359155992085, 68.742652118250746 ], [ 17.973752153211361, 68.743046236435944 ], [ 17.973417867350896, 68.743205353671286 ], [ 17.975483691470544, 68.742999827811957 ] ] ] ] } },
{ "type": "Feature", "properties": { "fid": 199327, "navn": null, "hoyde_moh": 746, "arealInnsjo_km2": 0.042, "magasinKategori": null, "fid_2": 1092, "id": 1092, "left": 17.486919847, "top": 68.946110046000001, "right": 17.986919847, "bottom": 68.446110046000001, "row_index": 11, "col_index": 27, "tile_id": 1092 }, "geometry": { "type": "MultiPolygon", "coordinates": [ [ [ [ 17.891487148116031, 68.449017678639223 ], [ 17.892221851329719, 68.447718555914321 ], [ 17.892715669210336, 68.447568722344798 ], [ 17.890316228603773, 68.447609629523058 ], [ 17.889759040763625, 68.447378032227405 ], [ 17.890134135304884, 68.446889212834137 ], [ 17.89129566648219, 68.446964761636792 ], [ 17.891176757859625, 68.446790772810587 ], [ 17.891281878287675, 68.446505188337738 ], [ 17.890860585390833, 68.446228785550304 ], [ 17.89056810566159, 68.446257446427722 ], [ 17.890797903479719, 68.446645960497548 ], [ 17.890175812214004, 68.446510105156293 ], [ 17.890122518501791, 68.446293508252495 ], [ 17.890336758740176, 68.446110046 ], [ 17.888718533797039, 68.446110046 ], [ 17.887681395076577, 68.446192272548046 ], [ 17.887260052421944, 68.446334198069337 ], [ 17.887585157324192, 68.446777448418899 ], [ 17.887507142142276, 68.446931405955823 ], [ 17.886189010767719, 68.447032957349876 ], [ 17.886444873736465, 68.447222452268193 ], [ 17.885944994036358, 68.447317341401401 ], [ 17.886318918890854, 68.447546185806289 ], [ 17.887182115426025, 68.44765428741124 ], [ 17.887472856595078, 68.447412814230333 ], [ 17.887120735393811, 68.447073625988054 ], [ 17.887782179590175, 68.447114194438882 ], [ 17.888397157521617, 68.447400908097464 ], [ 17.888520886838695, 68.447605158273035 ], [ 17.888337436946934, 68.447698185084207 ], [ 17.888466177069372, 68.448324275764776 ], [ 17.889084385935369, 68.448385425175928 ], [ 17.888972527325841, 68.448656760498423 ], [ 17.890019039439235, 68.448790770716272 ], [ 17.890871821801348, 68.449189535609818 ], [ 17.891487148116031, 68.449017678639223 ] ] ] ] } },
{ "type": "Feature", "properties": { "fid": 200391, "navn": null, "hoyde_moh": 550, "arealInnsjo_km2": 0.0179, "magasinKategori": null, "fid_2": 1092, "id": 1092, "left": 17.486919847, "top": 68.946110046000001, "right": 17.986919847, "bottom": 68.446110046000001, "row_index": 11, "col_index": 27, "tile_id": 1092 }, "geometry": { "type": "MultiPolygon", "coordinates": [ [ [ [ 17.812643944313265, 68.450152030565448 ], [ 17.812306401547495, 68.449799529163769 ], [ 17.812431285307284, 68.449761165343673 ], [ 17.813160350990117, 68.449786618803728 ], [ 17.814135669794634, 68.450121397961723 ], [ 17.814472849716218, 68.449919049645672 ], [ 17.814494049053735, 68.449769499765239 ], [ 17.814150738197025, 68.449574999627131 ], [ 17.814574974896956, 68.449136266165709 ], [ 17.813171906812812, 68.448432014356868 ], [ 17.811836902799129, 68.448288641946917 ], [ 17.812057170642863, 68.448577852985494 ], [ 17.811493661956842, 68.448927625121868 ], [ 17.811656312419082, 68.449242400511224 ], [ 17.812141569999742, 68.449541972656732 ], [ 17.8120827162066, 68.44973640977976 ], [ 17.811647014454923, 68.449851448216222 ], [ 17.811815473779006, 68.450016394142594 ], [ 17.811747174430476, 68.450166285603544 ], [ 17.812235573344751, 68.450268945260646 ], [ 17.812643944313265, 68.450152030565448 ] ] ] ] } },
{ "type": "Feature", "properties": { "fid": 200398, "navn": null, "hoyde_moh": 313, "arealInnsjo_km2": 0.0337, "magasinKategori": null, "fid_2": 1092, "id": 1092, "left": 17.486919847, "top": 68.946110046000001, "right": 17.986919847, "bottom": 68.446110046000001, "row_index": 11, "col_index": 27, "tile_id": 1092 }, "geometry": { "type": "MultiPolygon", "coordinates": [ [ [ [ 17.763306478920185, 68.46216282522677 ], [ 17.764125874395738, 68.462069235666121 ], [ 17.763868528864649, 68.461980396362307 ], [ 17.764016137828943, 68.461902917525094 ], [ 17.763737640310495, 68.46175491321091 ], [ 17.763739246263835, 68.461452200740453 ], [ 17.76344562426512, 68.461396274685242 ], [ 17.763708046271571, 68.46123485703967 ], [ 17.764175156265349, 68.461273198290556 ], [ 17.764188824582238, 68.461097213733041 ], [ 17.763785380816341, 68.461072094613854 ], [ 17.763073894240467, 68.460549016169736 ], [ 17.760189706952957, 68.460712725649998 ], [ 17.760060040877168, 68.460685060645616 ], [ 17.760253984215765, 68.460586893964262 ], [ 17.759436223146551, 68.460371200202545 ], [ 17.757292497792225, 68.460250942947837 ], [ 17.755123175137783, 68.460349475591485 ], [ 17.755942550142052, 68.460677009340145 ], [ 17.758184485797205, 68.460797103331444 ], [ 17.759414081024897, 68.461218850135936 ], [ 17.760570787045573, 68.461105088788329 ], [ 17.760404352593245, 68.461184490512039 ], [ 17.760638787021751, 68.461249924887909 ], [ 17.760428164606186, 68.461279517579129 ], [ 17.760550029344447, 68.461431365255592 ], [ 17.761529465154624, 68.461810363209551 ], [ 17.761142663615669, 68.462027686093023 ], [ 17.761367138883255, 68.462215542859539 ], [ 17.761373706321223, 68.462515427171411 ], [ 17.761805524896154, 68.462404630086823 ], [ 17.761913015921678, 68.462208607554459 ], [ 17.762454579596305, 68.46216036019139 ], [ 17.761998586414737, 68.462547224215598 ], [ 17.763306478920185, 68.46216282522677 ] ], [ [ 17.762847199059816, 68.461438820892766 ], [ 17.762807250638083, 68.461381761269493 ], [ 17.763110954707514, 68.461314275457156 ], [ 17.763047257822215, 68.461424749122003 ], [ 17.763359628235712, 68.46151016837608 ], [ 17.762847199059816, 68.461438820892766 ] ], [ [ 17.762649097344799, 68.462028878694412 ], [ 17.76313512697779, 68.461980018977471 ], [ 17.762896113213255, 68.462217169701887 ], [ 17.762595007589173, 68.462230035297651 ], [ 17.762649097344799, 68.462028878694412 ] ] ] ] } },
{ "type": "Feature", "properties": { "fid": 200399, "navn": null, "hoyde_moh": 545, "arealInnsjo_km2": 0.0311, "magasinKategori": null, "fid_2": 1092, "id": 1092, "left": 17.486919847, "top": 68.946110046000001, "right": 17.986919847, "bottom": 68.446110046000001, "row_index": 11, "col_index": 27, "tile_id": 1092 }, "geometry": { "type": "MultiPolygon", "coordinates": [ [ [ [ 17.95707304159211, 68.462328823848026 ], [ 17.955796466712613, 68.4619849839343 ], [ 17.955846479756136, 68.461814335792155 ], [ 17.955216544700061, 68.461342549847714 ], [ 17.956144217563203, 68.46103431800303 ], [ 17.957176836332891, 68.46118881631331 ], [ 17.958389371899422, 68.460955531516788 ], [ 17.957877101557621, 68.460550534463053 ], [ 17.958542098542434, 68.460352593415649 ], [ 17.958598904566969, 68.459968876128443 ], [ 17.957669805774028, 68.459961137702791 ], [ 17.956949217103258, 68.460419598135559 ], [ 17.95468580282909, 68.460505960006145 ], [ 17.953535612307849, 68.460722856498066 ], [ 17.95412391478877, 68.461046534726364 ], [ 17.951176016186277, 68.461184511038056 ], [ 17.95076183765336, 68.46115024290954 ], [ 17.950771772329663, 68.46100543999799 ], [ 17.950543864047187, 68.460925156411648 ], [ 17.950114718449015, 68.46105328442377 ], [ 17.950413619566575, 68.461243280090514 ], [ 17.951564209951332, 68.461347255629022 ], [ 17.951615727472401, 68.461489269928876 ], [ 17.952233602522018, 68.461597870526631 ], [ 17.954391424247355, 68.461796378416281 ], [ 17.954592563736746, 68.461897867455662 ], [ 17.954606274443723, 68.462348747145839 ], [ 17.955448639974477, 68.462649266186048 ], [ 17.956728046672538, 68.462562316103202 ], [ 17.95707304159211, 68.462328823848026 ] ], [ [ 17.954361033478655, 68.461019549087254 ], [ 17.954768349953387, 68.460776882374901 ], [ 17.955795418461328, 68.460917122729398 ], [ 17.955511265830175, 68.461130057543599 ], [ 17.95470664134762, 68.46116472372492 ], [ 17.954361033478655, 68.461019549087254 ] ] ] ] } },
{ "type": "Feature", "properties": { "fid": 200401, "navn": "Nedre Haugfjellvatnet", "hoyde_moh": 538, "arealInnsjo_km2": 0.2306, "magasinKategori": null, "fid_2": 1092, "id": 1092, "left": 17.486919847, "top": 68.946110046000001, "right": 17.986919847, "bottom": 68.446110046000001, "row_index": 11, "col_index": 27, "tile_id": 1092 }, "geometry": { "type": "MultiPolygon", "coordinates": [ [ [ [ 17.85564297713433, 68.471787102344422 ], [ 17.85664437756293, 68.471694715700565 ], [ 17.857607308449129, 68.471396688236126 ], [ 17.858109555433074, 68.470834152511529 ], [ 17.859296097322545, 68.470542264327989 ], [ 17.861400334906225, 68.470337483596509 ], [ 17.863305604862088, 68.470478100253743 ], [ 17.863682266167036, 68.470239248081839 ], [ 17.863552496925134, 68.470040560638012 ], [ 17.863734342278015, 68.469787981480437 ], [ 17.863667433523595, 68.469265585994378 ], [ 17.862836660394574, 68.468749422617265 ], [ 17.862661511046014, 68.468445042881172 ], [ 17.861802406533673, 68.468218149262938 ], [ 17.857455026692698, 68.46817161487121 ], [ 17.854925653100597, 68.467777648971335 ], [ 17.854552383792306, 68.467896670363345 ], [ 17.852777113234488, 68.467833190408214 ], [ 17.852920315207999, 68.468129504676 ], [ 17.852337053234301, 68.468091140110758 ], [ 17.85217173337794, 68.467991348234762 ], [ 17.852418661907215, 68.467910929904477 ], [ 17.852053851576795, 68.467692268418574 ], [ 17.850917910818172, 68.467388882128645 ], [ 17.849726979418321, 68.467397295104632 ], [ 17.849850171801258, 68.467226971811826 ], [ 17.849300305224741, 68.467176089664477 ], [ 17.849366605404068, 68.467068136565757 ], [ 17.851032978565211, 68.467030180400982 ], [ 17.851613512181444, 68.466843723143043 ], [ 17.851522732043549, 68.46636805419088 ], [ 17.848858794630402, 68.466088503110001 ], [ 17.847421692686755, 68.466378742965716 ], [ 17.846527654639598, 68.466813787031469 ], [ 17.846404552474741, 68.466928718482478 ], [ 17.846679576549811, 68.467399372904111 ], [ 17.844761912988069, 68.468200100756235 ], [ 17.844574184571155, 68.468475467942071 ], [ 17.843188371164914, 68.468615511923218 ], [ 17.841628718637125, 68.468344748250757 ], [ 17.843022304295122, 68.468622190156111 ], [ 17.8437320636347, 68.468964911214769 ], [ 17.844811750067478, 68.469011753842707 ], [ 17.844485866149892, 68.469239914143628 ], [ 17.844628579828321, 68.469338930064325 ], [ 17.844319843358697, 68.469441212000788 ], [ 17.844667777637799, 68.469801921401682 ], [ 17.844697004741974, 68.4700652562409 ], [ 17.84398239248161, 68.469882499487099 ], [ 17.842524365589583, 68.470199170811199 ], [ 17.843492989597529, 68.470409850082135 ], [ 17.844157864561385, 68.470776043463786 ], [ 17.846234345534377, 68.471093125887307 ], [ 17.846039634241034, 68.471252900853486 ], [ 17.846681403299755, 68.471256541152499 ], [ 17.846677142490769, 68.471438126657361 ], [ 17.846010264105633, 68.471468037551205 ], [ 17.846219399714169, 68.471554792801385 ], [ 17.847988865365515, 68.471467273527409 ], [ 17.846642916504877, 68.470401695512294 ], [ 17.84825615207475, 68.469464826923854 ], [ 17.850731411057101, 68.469192739256215 ], [ 17.850903374772788, 68.468969249841223 ], [ 17.851410445383358, 68.468796701609378 ], [ 17.851177156869397, 68.468586212892532 ], [ 17.851342201465524, 68.46851912914083 ], [ 17.853268951378436, 68.468709762173859 ], [ 17.853664161636871, 68.468919285725718 ], [ 17.854819904028666, 68.468925718884222 ], [ 17.856585559755498, 68.469504171557233 ], [ 17.856342139705212, 68.469562093748891 ], [ 17.856628648252656, 68.469661431523548 ], [ 17.855339607238879, 68.469491926482846 ], [ 17.854743028571601, 68.46979159958164 ], [ 17.854831285700765, 68.470140197089378 ], [ 17.855668859158886, 68.470067034515367 ], [ 17.856703985029753, 68.470284674661542 ], [ 17.855492933838175, 68.470576153995637 ], [ 17.854907212724275, 68.470276968942414 ], [ 17.854492058938749, 68.470283324320647 ], [ 17.854256627674403, 68.470623342598145 ], [ 17.854401709731491, 68.470761988714429 ], [ 17.854310630710305, 68.470876829491019 ], [ 17.85318990004161, 68.470858125148325 ], [ 17.853040932685275, 68.471147565043594 ], [ 17.852694679981404, 68.471266211052196 ], [ 17.852565627274132, 68.471583768235149 ], [ 17.852600847881888, 68.471820249679297 ], [ 17.852823137837603, 68.471970329910746 ], [ 17.855150077492667, 68.472056641814675 ], [ 17.85564297713433, 68.471787102344422 ] ], [ [ 17.849774807727503, 68.466807415314662 ], [ 17.850148644113006, 68.466909945721099 ], [ 17.850123133138606, 68.466940183162137 ], [ 17.849645886996687, 68.466982683566172 ], [ 17.849774807727503, 68.466807415314662 ] ], [ [ 17.848384923243199, 68.468620961575425 ], [ 17.848147095059641, 68.468498340531681 ], [ 17.848379612078698, 68.468516740043853 ], [ 17.848605593815208, 68.468502664127925 ], [ 17.848384923243199, 68.468620961575425 ] ], [ [ 17.860085057658893, 68.469030180032789 ], [ 17.858799826645416, 68.468826973025315 ], [ 17.85859424363316, 68.469025550693146 ], [ 17.859146120517075, 68.469155545960604 ], [ 17.858501772196735, 68.469189073157168 ], [ 17.857405297083883, 68.468868627335809 ], [ 17.858458689670552, 68.468672464919763 ], [ 17.859928705147922, 68.468752408021246 ], [ 17.860515317924115, 68.468944465229157 ], [ 17.860085057658893, 68.469030180032789 ] ], [ [ 17.8608532773566, 68.469220482372847 ], [ 17.860588448345716, 68.469112971487121 ], [ 17.860880622819149, 68.46897889340174 ], [ 17.861445478778283, 68.469163060232802 ], [ 17.861884056326343, 68.469052333537235 ], [ 17.862527109477519, 68.469365686692512 ], [ 17.861954595684153, 68.469420352519407 ], [ 17.8608532773566, 68.469220482372847 ] ], [ [ 17.84810258417458, 68.46916922429476 ], [ 17.847196046824919, 68.469478626564126 ], [ 17.84584570084569, 68.469248509884423 ], [ 17.847719831610767, 68.469007772375875 ], [ 17.84810258417458, 68.46916922429476 ] ], [ [ 17.845214687777197, 68.469329875352642 ], [ 17.84543871746029, 68.469451657565486 ], [ 17.845181958032729, 68.469689237975373 ], [ 17.844825344764789, 68.469665490228365 ], [ 17.844797396501473, 68.469462817521574 ], [ 17.845214687777197, 68.469329875352642 ] ] ] ] } },
{ "type": "Feature", "properties": { "fid": 201237, "navn": null, "hoyde_moh": 338, "arealInnsjo_km2": 0.0328, "magasinKategori": null, "fid_2": 1092, "id": 1092, "left": 17.486919847, "top": 68.946110046000001, "right": 17.986919847, "bottom": 68.446110046000001, "row_index": 11, "col_index": 27, "tile_id": 1092 }, "geometry": { "type": "MultiPolygon", "coordinates": [ [ [ [ 17.726415142373572, 68.488974902228378 ], [ 17.726747218670482, 68.488579395501446 ], [ 17.726053032228798, 68.487976799250418 ], [ 17.726219277211221, 68.487362366565264 ], [ 17.725862590825898, 68.487022940340324 ], [ 17.721836523577647, 68.486412260130791 ], [ 17.722493195988811, 68.487051924264904 ], [ 17.722364955317548, 68.487329127217549 ], [ 17.723086994687666, 68.487605897279479 ], [ 17.723857690473093, 68.487683679276998 ], [ 17.723540955846939, 68.487809195499239 ], [ 17.723468657883235, 68.488043212735107 ], [ 17.723868495230288, 68.488625018547964 ], [ 17.72623339797055, 68.489286729158167 ], [ 17.727129300199579, 68.489264530643283 ], [ 17.726415142373572, 68.488974902228378 ] ] ] ] } },
{ "type": "Feature", "properties": { "fid": 201240, "navn": "Skomakaren", "hoyde_moh": 523, "arealInnsjo_km2": 0.1936, "magasinKategori": null, "fid_2": 1092, "id": 1092, "left": 17.486919847, "top": 68.946110046000001, "right": 17.986919847, "bottom": 68.446110046000001, "row_index": 11, "col_index": 27, "tile_id": 1092 }, "geometry": { "type": "MultiPolygon", "coordinates": [ [ [ [ 17.94394767372188, 68.47822259514345 ], [ 17.94625406341185, 68.478174522411791 ], [ 17.947662749831547, 68.477615410790122 ], [ 17.947125769003126, 68.477322313745148 ], [ 17.947980736016873, 68.47723617409558 ], [ 17.948752830663878, 68.476693007461861 ], [ 17.949678127357419, 68.476600863053847 ], [ 17.950511256992215, 68.476269110604164 ], [ 17.951934571047939, 68.476313978744557 ], [ 17.952292420587813, 68.475980444023733 ], [ 17.951547242543889, 68.475978309198624 ], [ 17.951393014496823, 68.475622912623749 ], [ 17.952099115202799, 68.475571153087273 ], [ 17.952212075312687, 68.475434679777152 ], [ 17.95177228342142, 68.475380392800218 ], [ 17.951832440896702, 68.475178416269685 ], [ 17.951618775050044, 68.475159646478247 ], [ 17.951365566915364, 68.474770711776003 ], [ 17.952324422501494, 68.474728413986355 ], [ 17.952675541332567, 68.474478307939179 ], [ 17.952637215013034, 68.474171862262793 ], [ 17.951666868131966, 68.474528398154021 ], [ 17.950672139055143, 68.474578595785673 ], [ 17.949563636794231, 68.473880719730204 ], [ 17.947201657232245, 68.472993021250787 ], [ 17.946752124226204, 68.472602955688927 ], [ 17.945415037487493, 68.472576371591032 ], [ 17.944721649482208, 68.472150997136907 ], [ 17.944984618003406, 68.471816811915943 ], [ 17.944674065423538, 68.471588766069374 ], [ 17.943159132208294, 68.471164446556116 ], [ 17.940798034901697, 68.471135972067557 ], [ 17.940741298136711, 68.471011732441141 ], [ 17.940281104580219, 68.470966932069686 ], [ 17.938961621682722, 68.471219636468319 ], [ 17.938472714345401, 68.470991566579656 ], [ 17.937254136531262, 68.470984565769569 ], [ 17.93709461473615, 68.471052897606995 ], [ 17.937359360504697, 68.47111343245588 ], [ 17.935497149592702, 68.47132409268329 ], [ 17.935879805742093, 68.471423052127903 ], [ 17.935045044299436, 68.471574942297735 ], [ 17.93503247979713, 68.471690881352373 ], [ 17.935710347549193, 68.472135686856689 ], [ 17.936534490407372, 68.472423065779253 ], [ 17.93796006497254, 68.472526990756151 ], [ 17.937517097137526, 68.473128345418871 ], [ 17.937619958438585, 68.473240824802957 ], [ 17.93732253031758, 68.473105811598387 ], [ 17.937397437073429, 68.472956191230153 ], [ 17.937167372522232, 68.472826011729367 ], [ 17.936116907110609, 68.472744055186183 ], [ 17.935952062417794, 68.472812927837424 ], [ 17.935910271134535, 68.473166742232252 ], [ 17.933796940840647, 68.473284016693782 ], [ 17.933438652598557, 68.473632867639381 ], [ 17.934270754490701, 68.473922991472094 ], [ 17.936481031195697, 68.474090482636853 ], [ 17.938808213785563, 68.473483655330483 ], [ 17.939507951880444, 68.473123953930468 ], [ 17.940701285890114, 68.473242254656824 ], [ 17.941324459287191, 68.473156623993106 ], [ 17.941323766808395, 68.472877078153545 ], [ 17.942645446198917, 68.472777742527967 ], [ 17.943144314672022, 68.47306290267295 ], [ 17.943722322964149, 68.473000320344084 ], [ 17.943867829195693, 68.473160345916327 ], [ 17.944849996856146, 68.473044154954749 ], [ 17.945784723632404, 68.473164181757951 ], [ 17.945678440689978, 68.47344399312918 ], [ 17.945961170545147, 68.473642093111877 ], [ 17.945797800627666, 68.473795248419364 ], [ 17.946934996859998, 68.474714117596108 ], [ 17.94781396552564, 68.474477271963124 ], [ 17.947781545919977, 68.474652274990973 ], [ 17.946503765679676, 68.474933390166527 ], [ 17.946495185527368, 68.475051325649659 ], [ 17.946918158386833, 68.47511364262121 ], [ 17.946514798522696, 68.475484862637146 ], [ 17.94465680522956, 68.475521832207761 ], [ 17.943971422061129, 68.475826540384503 ], [ 17.944347080813312, 68.475996616870717 ], [ 17.944338009481445, 68.476202809236838 ], [ 17.944705332093935, 68.476327605498966 ], [ 17.944805555211136, 68.476558271107052 ], [ 17.945507328075465, 68.476758075223586 ], [ 17.946679478837897, 68.476781547650376 ], [ 17.946844555921416, 68.476845706672904 ], [ 17.946796061353442, 68.477131863932286 ], [ 17.945218966081285, 68.477655594417271 ], [ 17.943590140111819, 68.477979840554809 ], [ 17.942561481274257, 68.478452254753122 ], [ 17.941555660740654, 68.478568933523931 ], [ 17.942305631396643, 68.478663587472568 ], [ 17.94394767372188, 68.47822259514345 ] ], [ [ 17.939323227380441, 68.472414026324145 ], [ 17.939282257872968, 68.472358366688496 ], [ 17.939612498370902, 68.472273930619082 ], [ 17.939801849102675, 68.472611571881345 ], [ 17.939323227380441, 68.472414026324145 ] ], [ [ 17.938618189359516, 68.472806138996873 ], [ 17.938418412253874, 68.472724716074737 ], [ 17.939078547742842, 68.472767361543617 ], [ 17.938618189359516, 68.472806138996873 ] ], [ [ 17.948771498972153, 68.475043153457705 ], [ 17.948704182172509, 68.47498625364733 ], [ 17.948925393676696, 68.474920505803894 ], [ 17.949023102184547, 68.475043573491192 ], [ 17.948771498972153, 68.475043153457705 ] ] ] ] } },
{ "type": "Feature", "properties": { "fid": 201241, "navn": "Daltindvatnet", "hoyde_moh": 431, "arealInnsjo_km2": 0.0741, "magasinKategori": null, "fid_2": 1092, "id": 1092, "left": 17.486919847, "top": 68.946110046000001, "right": 17.986919847, "bottom": 68.446110046000001, "row_index": 11, "col_index": 27, "tile_id": 1092 }, "geometry": { "type": "MultiPolygon", "coordinates": [ [ [ [ 17.671489963446231, 68.491639521934928 ], [ 17.67137755336347, 68.491479117677358 ], [ 17.67153157138101, 68.49141230672808 ], [ 17.672151103225541, 68.49157127314119 ], [ 17.67233389291982, 68.491522313866298 ], [ 17.672299762919163, 68.491407517043484 ], [ 17.673209803664481, 68.491324077489139 ], [ 17.674236437026625, 68.491578782254351 ], [ 17.675059587043528, 68.491490704398387 ], [ 17.675386770943394, 68.491281461617774 ], [ 17.675508934090889, 68.490950005557195 ], [ 17.67418065346309, 68.491312188805807 ], [ 17.673957760073119, 68.491183527494982 ], [ 17.674315921206894, 68.490992103841435 ], [ 17.674307535478874, 68.490820079022114 ], [ 17.674794467191973, 68.490392238651225 ], [ 17.675728488497274, 68.490559100493186 ], [ 17.676249528943664, 68.490398733114318 ], [ 17.676309703955635, 68.490545337388468 ], [ 17.676003212969896, 68.490590530691037 ], [ 17.676032393211699, 68.490715010262136 ], [ 17.67684492927113, 68.490556272211847 ], [ 17.676900978604515, 68.490874382931878 ], [ 17.677217966587474, 68.490793924440382 ], [ 17.677029755647748, 68.490788761035219 ], [ 17.677082110666849, 68.490547459360116 ], [ 17.677786499203123, 68.490514311314541 ], [ 17.677987024504258, 68.490662533523519 ], [ 17.678685332911328, 68.490547169234077 ], [ 17.678268724800418, 68.490402129877694 ], [ 17.678576999482424, 68.49025242361877 ], [ 17.678516733688962, 68.490169101965307 ], [ 17.677457122884906, 68.49010030368872 ], [ 17.677725361188386, 68.49027096197041 ], [ 17.677812805216778, 68.490449443843346 ], [ 17.677702187572315, 68.490467456739779 ], [ 17.67691875754625, 68.490310409118649 ], [ 17.676833804899349, 68.490134310617108 ], [ 17.675672827848125, 68.490004646661077 ], [ 17.675002119179585, 68.489667439764318 ], [ 17.673474796444253, 68.489415787489904 ], [ 17.673284740023618, 68.489514770339966 ], [ 17.673465098296742, 68.489606591034033 ], [ 17.673205009510074, 68.489721410845519 ], [ 17.673418752741139, 68.490099390821953 ], [ 17.673372317852969, 68.490302179459775 ], [ 17.671572360986421, 68.490597181340164 ], [ 17.671176019968044, 68.490490757592895 ], [ 17.671317969892311, 68.489949761307017 ], [ 17.67153689543359, 68.489803197301924 ], [ 17.670224821353035, 68.488815022899885 ], [ 17.669242521595066, 68.488592531687132 ], [ 17.668636087654889, 68.488893362932302 ], [ 17.666524382752009, 68.489151265272 ], [ 17.666059096593429, 68.489461061760878 ], [ 17.666373939410096, 68.489998289782079 ], [ 17.667321147019269, 68.490519805221481 ], [ 17.668193934920446, 68.490667755809284 ], [ 17.668356553003303, 68.490868293087672 ], [ 17.668758864969202, 68.490969422351029 ], [ 17.66880205578012, 68.491140354413659 ], [ 17.669424210280109, 68.49119965615202 ], [ 17.669380842460903, 68.491343871365856 ], [ 17.66958534669191, 68.491439261245347 ], [ 17.669887972525849, 68.491162562874607 ], [ 17.670194146356874, 68.491151763838872 ], [ 17.670887302727454, 68.491521842934006 ], [ 17.670638182677752, 68.491700751166931 ], [ 17.671489963446231, 68.491639521934928 ] ], [ [ 17.673562923821553, 68.49075529776097 ], [ 17.673820233646552, 68.490608657269064 ], [ 17.674125529398104, 68.490728913660874 ], [ 17.673562923821553, 68.49075529776097 ] ] ] ] } },
{ "type": "Feature", "properties": { "fid": 201242, "navn": null, "hoyde_moh": 275, "arealInnsjo_km2": 0.0101, "magasinKategori": null, "fid_2": 1092, "id": 1092, "left": 17.486919847, "top": 68.946110046000001, "right": 17.986919847, "bottom": 68.446110046000001, "row_index": 11, "col_index": 27, "tile_id": 1092 }, "geometry": { "type": "MultiPolygon", "coordinates": [ [ [ [ 17.800030144460134, 68.496805117359472 ], [ 17.800237462921103, 68.496569071672454 ], [ 17.801647562225188, 68.496774695744406 ], [ 17.801695113699004, 68.496590059931236 ], [ 17.801487995621983, 68.496421437644102 ], [ 17.801668817374178, 68.495822189027649 ], [ 17.800828786592479, 68.495809469547012 ], [ 17.799638248891238, 68.495509420787883 ], [ 17.799619473902627, 68.495626340550146 ], [ 17.799992718440347, 68.495795153689045 ], [ 17.800022844634999, 68.496006499091322 ], [ 17.799598090416865, 68.4963141273346 ], [ 17.799760114836616, 68.496415192413039 ], [ 17.799489473377264, 68.496624018088951 ], [ 17.799016741937795, 68.496546809808891 ], [ 17.798660128281131, 68.496672060215587 ], [ 17.799010537028334, 68.497025636481908 ], [ 17.800128794858058, 68.497014600605581 ], [ 17.800030144460134, 68.496805117359472 ] ] ] ] } },
{ "type": "Feature", "properties": { "fid": 203648, "navn": "Gaddjajavri", "hoyde_moh": 776, "arealInnsjo_km2": 0.1345, "magasinKategori": null, "fid_2": 1092, "id": 1092, "left": 17.486919847, "top": 68.946110046000001, "right": 17.986919847, "bottom": 68.446110046000001, "row_index": 11, "col_index": 27, "tile_id": 1092 }, "geometry": { "type": "MultiPolygon", "coordinates": [ [ [ [ 17.984495944300388, 68.543371758132253 ], [ 17.985441810493981, 68.542838017737651 ], [ 17.986570138286684, 68.542628443119881 ], [ 17.986919847, 68.54262163869349 ], [ 17.986919847, 68.541079054785115 ], [ 17.985594683723704, 68.541455433821923 ], [ 17.984833061230407, 68.541778608252571 ], [ 17.984767040135583, 68.542185122684586 ], [ 17.983236193941689, 68.542045511046879 ], [ 17.981625460797428, 68.542317222794779 ], [ 17.98119902314901, 68.54254285800566 ], [ 17.981316847469284, 68.542830924271541 ], [ 17.981912092135055, 68.543302368984612 ], [ 17.983768450906656, 68.543577431117441 ], [ 17.984495944300388, 68.543371758132253 ] ] ] ] } },
{ "type": "Feature", "properties": { "fid": 203650, "navn": "Stuorabálakjávrrit", "hoyde_moh": 662, "arealInnsjo_km2": 0.0466, "magasinKategori": null, "fid_2": 1092, "id": 1092, "left": 17.486919847, "top": 68.946110046000001, "right": 17.986919847, "bottom": 68.446110046000001, "row_index": 11, "col_index": 27, "tile_id": 1092 }, "geometry": { "type": "MultiPolygon", "coordinates": [ [ [ [ 17.834858159933216, 68.559230954946742 ], [ 17.835176332598191, 68.559008530838582 ], [ 17.836714738314608, 68.558683830739724 ], [ 17.837166207542463, 68.55843689064298 ], [ 17.837237721155425, 68.558122573389412 ], [ 17.836048568349625, 68.557760677989066 ], [ 17.830592310171088, 68.557722301116556 ], [ 17.828694191524171, 68.557947252336106 ], [ 17.828776386681582, 68.558144434611251 ], [ 17.829879260605541, 68.558872647336912 ], [ 17.831133571182011, 68.559023432499643 ], [ 17.832062913901257, 68.559338841351817 ], [ 17.834858159933216, 68.559230954946742 ] ] ] ] } },
{ "type": "Feature", "properties": { "fid": 203651, "navn": "Stuorabalagjavrit", "hoyde_moh": 682, "arealInnsjo_km2": 0.0217, "magasinKategori": null, "fid_2": 1092, "id": 1092, "left": 17.486919847, "top": 68.946110046000001, "right": 17.986919847, "bottom": 68.446110046000001, "row_index": 11, "col_index": 27, "tile_id": 1092 }, "geometry": { "type": "MultiPolygon", "coordinates": [ [ [ [ 17.847649141324077, 68.559239279254456 ], [ 17.848427059215876, 68.559162813116714 ], [ 17.849331609792834, 68.558805645208523 ], [ 17.849994001728074, 68.558919464099887 ], [ 17.851444627237061, 68.558794323466358 ], [ 17.851228608880902, 68.558611448274561 ], [ 17.852277803839641, 68.558131968869404 ], [ 17.854337490319946, 68.557870880171805 ], [ 17.854955719014342, 68.557526351402942 ], [ 17.854722001471384, 68.557364607425271 ], [ 17.855168152524755, 68.557063934507369 ], [ 17.854110350447236, 68.557064573302497 ], [ 17.851453572627079, 68.557641183030896 ], [ 17.848875777064116, 68.558592719869694 ], [ 17.84869499136769, 68.558877925986977 ], [ 17.847927005876659, 68.558918407638998 ], [ 17.847140574980511, 68.559358039185355 ], [ 17.84746658256017, 68.559425319662864 ], [ 17.847649141324077, 68.559239279254456 ] ] ] ] } },
{ "type": "Feature", "properties": { "fid": 203653, "navn": "Britavatnet", "hoyde_moh": 781, "arealInnsjo_km2": 0.157, "magasinKategori": null, "fid_2": 1092, "id": 1092, "left": 17.486919847, "top": 68.946110046000001, "right": 17.986919847, "bottom": 68.446110046000001, "row_index": 11, "col_index": 27, "tile_id": 1092 }, "geometry": { "type": "MultiPolygon", "coordinates": [ [ [ [ 17.774322635770606, 68.605147676461826 ], [ 17.773776332577967, 68.604767369410283 ], [ 17.772573070176819, 68.604511698919282 ], [ 17.773703361598173, 68.604240400561508 ], [ 17.776617272936384, 68.604655832178949 ], [ 17.778486195088057, 68.60435409869973 ], [ 17.780091300739596, 68.603782469548563 ], [ 17.781720188058223, 68.603419312715545 ], [ 17.783732127348461, 68.603185890378754 ], [ 17.78443602487242, 68.602827851366939 ], [ 17.78453159920014, 68.602369549113291 ], [ 17.785478508500454, 68.601632539760359 ], [ 17.784852328216644, 68.601443440448577 ], [ 17.7847287611486, 68.600686883983911 ], [ 17.784073917353485, 68.600468544227297 ], [ 17.782829118386633, 68.600475837216209 ], [ 17.782431611733543, 68.600013207974627 ], [ 17.781920889231337, 68.599743646833176 ], [ 17.782073498788812, 68.599592654934753 ], [ 17.783938965778155, 68.599167843843532 ], [ 17.782793952037476, 68.598894858767594 ], [ 17.781759402516737, 68.599289234703448 ], [ 17.781641431210222, 68.599819088075535 ], [ 17.781433762940711, 68.599930415582676 ], [ 17.780005911032728, 68.600150401330652 ], [ 17.780019925658284, 68.6003350843513 ], [ 17.780265034767453, 68.600460567059201 ], [ 17.781554270284104, 68.600389364824466 ], [ 17.781565296625576, 68.600539897036214 ], [ 17.78124699868922, 68.600770194237455 ], [ 17.77915567530103, 68.601093497177402 ], [ 17.777939836063013, 68.601754386916866 ], [ 17.775893315324648, 68.601755193928895 ], [ 17.775774030465847, 68.602040994221142 ], [ 17.775318025126531, 68.602201917365804 ], [ 17.774855570602892, 68.603008886997728 ], [ 17.77399404243662, 68.603337883609782 ], [ 17.772473406053265, 68.603630961343256 ], [ 17.770556054629253, 68.603396906842804 ], [ 17.769894604456187, 68.603614693523781 ], [ 17.770686145540765, 68.604098514084882 ], [ 17.77198988722883, 68.604505321512534 ], [ 17.77233834432813, 68.604916268964971 ], [ 17.772172459131959, 68.60532491166677 ], [ 17.773241464031017, 68.605396985279583 ], [ 17.774322635770606, 68.605147676461826 ] ] ] ] } },
{ "type": "Feature", "properties": { "fid": 203654, "navn": null, "hoyde_moh": 647, "arealInnsjo_km2": 0.0177, "magasinKategori": null, "fid_2": 1092, "id": 1092, "left": 17.486919847, "top": 68.946110046000001, "right": 17.986919847, "bottom": 68.446110046000001, "row_index": 11, "col_index": 27, "tile_id": 1092 }, "geometry": { "type": "MultiPolygon", "coordinates": [ [ [ [ 17.70654161240752, 68.61291253055083 ], [ 17.706167633291873, 68.612747904622651 ], [ 17.705759166404093, 68.612107475096593 ], [ 17.704134855774615, 68.611353901694471 ], [ 17.70281863077069, 68.611258786651206 ], [ 17.702345885029519, 68.611402806317486 ], [ 17.702363112789421, 68.611605118059643 ], [ 17.703491562433776, 68.61256036850186 ], [ 17.704946522228024, 68.612775504926972 ], [ 17.705520633323296, 68.613141751888051 ], [ 17.705967775916051, 68.613199287183519 ], [ 17.70654161240752, 68.61291253055083 ] ] ] ] } },
{ "type": "Feature", "properties": { "fid": 203656, "navn": "Reisvatnet", "hoyde_moh": 233, "arealInnsjo_km2": 0.1591, "magasinKategori": null, "fid_2": 1092, "id": 1092, "left": 17.486919847, "top": 68.946110046000001, "right": 17.986919847, "bottom": 68.446110046000001, "row_index": 11, "col_index": 27, "tile_id": 1092 }, "geometry": { "type": "MultiPolygon", "coordinates": [ [ [ [ 17.679979167161804, 68.635884367049172 ], [ 17.679785750022479, 68.635339286143051 ], [ 17.679893091481173, 68.635036709580149 ], [ 17.680705228541367, 68.634870401733508 ], [ 17.681360641851938, 68.634494931603015 ], [ 17.681360819843821, 68.634226819891481 ], [ 17.68109372543293, 68.634045536518272 ], [ 17.681178486893653, 68.633517305757877 ], [ 17.681876273279133, 68.63323307188378 ], [ 17.682681094055003, 68.633129700862142 ], [ 17.682981250164886, 68.632902322912472 ], [ 17.682967865964446, 68.632708208366864 ], [ 17.682783143758414, 68.632437743054822 ], [ 17.682299109886639, 68.632319334016401 ], [ 17.681987815652334, 68.632336314219387 ], [ 17.682314663340613, 68.632737361851028 ], [ 17.681965176537375, 68.632832231761469 ], [ 17.68095024108181, 68.632761308646153 ], [ 17.680562695008994, 68.632455560057593 ], [ 17.679844362459786, 68.63234338257999 ], [ 17.680949125521458, 68.631928636080659 ], [ 17.680931663938939, 68.631689976428063 ], [ 17.679653608831799, 68.631181887748866 ], [ 17.679739105332608, 68.630853179395572 ], [ 17.679230955692557, 68.630553115323707 ], [ 17.679347401372098, 68.630318610531802 ], [ 17.679259422630093, 68.630140491849829 ], [ 17.678476076888586, 68.629808896112493 ], [ 17.67794531702004, 68.629760152532981 ], [ 17.678094305798702, 68.629491023513438 ], [ 17.678005388014476, 68.629255473856375 ], [ 17.677444621673118, 68.629095456367878 ], [ 17.67708338757814, 68.628809209602082 ], [ 17.677139269734958, 68.628611481922221 ], [ 17.678464288847277, 68.628342160753846 ], [ 17.679453039172, 68.628469611382798 ], [ 17.679568958693547, 68.628418221990344 ], [ 17.679458130462713, 68.628195048870722 ], [ 17.678592261854497, 68.628094996786913 ], [ 17.678206054305647, 68.62824663202845 ], [ 17.677674198198098, 68.627819483946865 ], [ 17.676098688737088, 68.627676387225733 ], [ 17.677918167069848, 68.628356133529522 ], [ 17.676817525958473, 68.628569378651036 ], [ 17.676870504178073, 68.628877126672691 ], [ 17.674948448137798, 68.628410287824821 ], [ 17.675001429085075, 68.628679080949155 ], [ 17.675339827927569, 68.628906184462551 ], [ 17.675243803259058, 68.62929977269421 ], [ 17.676097335528542, 68.629791115309288 ], [ 17.675366172938965, 68.630059339992911 ], [ 17.675218668580367, 68.630260764792865 ], [ 17.676376738284457, 68.630849508098137 ], [ 17.675399888228146, 68.631593940931666 ], [ 17.674255310732349, 68.632115106439926 ], [ 17.67404978916969, 68.632895133948324 ], [ 17.674535841060024, 68.633301029818142 ], [ 17.674140218457758, 68.633775035386904 ], [ 17.675182926787084, 68.63414041499081 ], [ 17.675304187220178, 68.634335600025736 ], [ 17.67631060571264, 68.634815183081741 ], [ 17.676971294817115, 68.635534609210026 ], [ 17.678242662159903, 68.635643132606177 ], [ 17.679058368195854, 68.636064604524691 ], [ 17.679541080463565, 68.636119944482246 ], [ 17.679979167161804, 68.635884367049172 ] ] ] ] } },
{ "type": "Feature", "properties": { "fid": 203657, "navn": "Bukkemyrvatnet", "hoyde_moh": 418, "arealInnsjo_km2": 0.0467, "magasinKategori": null, "fid_2": 1092, "id": 1092, "left": 17.486919847, "top": 68.946110046000001, "right": 17.986919847, "bottom": 68.446110046000001, "row_index": 11, "col_index": 27, "tile_id": 1092 }, "geometry": { "type": "MultiPolygon", "coordinates": [ [ [ [ 17.843591625858384, 68.667510165729865 ], [ 17.846247993737947, 68.667274549305787 ], [ 17.846103997970584, 68.667057316318079 ], [ 17.843990486878312, 68.666941412570822 ], [ 17.84293667571718, 68.666713471813608 ], [ 17.842463273995687, 68.666390831734731 ], [ 17.839500535832951, 68.665987195502709 ], [ 17.838800953130711, 68.665665029596539 ], [ 17.837940641338264, 68.665774290934593 ], [ 17.837161166823503, 68.666315135075024 ], [ 17.83737294613984, 68.66663994278305 ], [ 17.838686705721702, 68.667491107349875 ], [ 17.840864236996573, 68.667821800662182 ], [ 17.842342341492145, 68.667870796340452 ], [ 17.843591625858384, 68.667510165729865 ] ] ] ] } },
{ "type": "Feature", "properties": { "fid": 204398, "navn": "Kvanndalsvatnet", "hoyde_moh": 300, "arealInnsjo_km2": 0.0362, "magasinKategori": null, "fid_2": 1092, "id": 1092, "left": 17.486919847, "top": 68.946110046000001, "right": 17.986919847, "bottom": 68.446110046000001, "row_index": 11, "col_index": 27, "tile_id": 1092 }, "geometry": { "type": "MultiPolygon", "coordinates": [ [ [ [ 17.575298854465544, 68.497368232993168 ], [ 17.575084319227805, 68.497179632205473 ], [ 17.575228445202907, 68.496986871510018 ], [ 17.578382138348964, 68.496871467748903 ], [ 17.577842202521765, 68.496549919461188 ], [ 17.579145321723843, 68.496358815676231 ], [ 17.579577681467786, 68.496164759859369 ], [ 17.579709520931679, 68.49582202456547 ], [ 17.579216157117258, 68.495492673860085 ], [ 17.578251644932955, 68.495525184217712 ], [ 17.577629537219728, 68.495831383695091 ], [ 17.577245617059408, 68.495594767139465 ], [ 17.57605801521759, 68.495674582310087 ], [ 17.573248769062843, 68.496855516116739 ], [ 17.571799348739646, 68.496871103356298 ], [ 17.571159228763189, 68.497181323012981 ], [ 17.57194917959163, 68.497451937692517 ], [ 17.574959716340327, 68.497560756244013 ], [ 17.575298854465544, 68.497368232993168 ] ] ] ] } },
{ "type": "Feature", "properties": { "fid": 204402, "navn": null, "hoyde_moh": 482, "arealInnsjo_km2": 0.0372, "magasinKategori": null, "fid_2": 1092, "id": 1092, "left": 17.486919847, "top": 68.946110046000001, "right": 17.986919847, "bottom": 68.446110046000001, "row_index": 11, "col_index": 27, "tile_id": 1092 }, "geometry": { "type": "MultiPolygon", "coordinates": [ [ [ [ 17.96413507788991, 68.448890021250648 ], [ 17.962927265488791, 68.448225334934079 ], [ 17.963743358762304, 68.448033849611832 ], [ 17.963734265312546, 68.447794757334933 ], [ 17.96293679239545, 68.447792715118808 ], [ 17.962142931184502, 68.447566434532007 ], [ 17.961873011711262, 68.447130859552189 ], [ 17.962054203840452, 68.44712172814279 ], [ 17.961747947640536, 68.44690656765232 ], [ 17.961037064773787, 68.447157409726614 ], [ 17.961315324502809, 68.447181035990852 ], [ 17.961257239686944, 68.447386483395348 ], [ 17.961922826126404, 68.447455505832707 ], [ 17.961941344837399, 68.447569014101646 ], [ 17.961197512700018, 68.447821965768981 ], [ 17.96135246149111, 68.448056322937731 ], [ 17.961886617700536, 68.448266464513068 ], [ 17.958224815697353, 68.447883862819566 ], [ 17.957966395284817, 68.447701965226926 ], [ 17.958102845992823, 68.447350505843602 ], [ 17.957829616841231, 68.44727381767953 ], [ 17.957405671702453, 68.447347921901638 ], [ 17.957496401376105, 68.447539606036031 ], [ 17.956212739533029, 68.447905223782101 ], [ 17.955148712006753, 68.447864489972829 ], [ 17.955224231996706, 68.44768181006242 ], [ 17.954468681166677, 68.447518289249714 ], [ 17.953421154428302, 68.447659946644109 ], [ 17.953709366206635, 68.447868347456151 ], [ 17.954415110200031, 68.447942077550067 ], [ 17.955284853132255, 68.448293727543643 ], [ 17.956227173683256, 68.448354026638228 ], [ 17.957074636776486, 68.448682450423135 ], [ 17.95877186319904, 68.449018297109589 ], [ 17.95971131010258, 68.448968562787911 ], [ 17.960220973983933, 68.448715181071918 ], [ 17.959884058006082, 68.448558734069337 ], [ 17.96003685429767, 68.448461229002334 ], [ 17.959963451028042, 68.448366736101391 ], [ 17.961114912122476, 68.448278590926648 ], [ 17.962578233520812, 68.448894059439013 ], [ 17.964059652346016, 68.449138151277509 ], [ 17.96413507788991, 68.448890021250648 ] ] ] ] } },
{ "type": "Feature", "properties": { "fid": 204406, "navn": "Lakselvvatnet", "hoyde_moh": 90, "arealInnsjo_km2": 0.2172, "magasinKategori": null, "fid_2": 1092, "id": 1092, "left": 17.486919847, "top": 68.946110046000001, "right": 17.986919847, "bottom": 68.446110046000001, "row_index": 11, "col_index": 27, "tile_id": 1092 }, "geometry": { "type": "MultiPolygon", "coordinates": [ [ [ [ 17.772158026446544, 68.455574849632512 ], [ 17.772003134033877, 68.455181729389921 ], [ 17.772499356847504, 68.454822802406937 ], [ 17.771734030512697, 68.454290867396779 ], [ 17.770819150616656, 68.454084827334796 ], [ 17.772471413397813, 68.453648150547536 ], [ 17.773771318867809, 68.452989020992348 ], [ 17.773805302488665, 68.452770238953775 ], [ 17.773429003181988, 68.452610855485347 ], [ 17.772482835513781, 68.452537657180358 ], [ 17.773322725218506, 68.452514771791542 ], [ 17.772824660033873, 68.452361981849506 ], [ 17.773570106704053, 68.452283837738861 ], [ 17.77391949402071, 68.452046455818632 ], [ 17.774366875052884, 68.451513019539718 ], [ 17.774357727750406, 68.451287052579204 ], [ 17.774168048073843, 68.451159946145737 ], [ 17.773407217511689, 68.450873183680287 ], [ 17.772255829634094, 68.450790458156717 ], [ 17.769442605712779, 68.450172754100052 ], [ 17.766736172496913, 68.449874059525499 ], [ 17.765233306309227, 68.449949425323538 ], [ 17.764243764111072, 68.449701857678377 ], [ 17.762149381998579, 68.449903834293139 ], [ 17.75661286526794, 68.449493030686625 ], [ 17.755501522459927, 68.449587624558177 ], [ 17.753633259872345, 68.449112092784688 ], [ 17.752676944179953, 68.449455457419404 ], [ 17.754535348577299, 68.450335369941996 ], [ 17.754731473722313, 68.450558528314588 ], [ 17.756769697398973, 68.451223436671654 ], [ 17.758906456082784, 68.451211490941631 ], [ 17.759091379204595, 68.45129829789407 ], [ 17.758929737686394, 68.451424477162504 ], [ 17.759471095025567, 68.45150675669143 ], [ 17.759707012097344, 68.451781407340064 ], [ 17.760286211600818, 68.451847531432719 ], [ 17.763672522862308, 68.451729824859612 ], [ 17.766131732431543, 68.452108058164342 ], [ 17.768154106572016, 68.452811066824893 ], [ 17.769548176745428, 68.453553080906445 ], [ 17.770353671969648, 68.454413707923138 ], [ 17.7703714296938, 68.454752187055433 ], [ 17.770892981163144, 68.454962853608819 ], [ 17.770905426923616, 68.455247920757387 ], [ 17.771063098093389, 68.455251146464192 ], [ 17.770929764462018, 68.455482522748369 ], [ 17.771332838463241, 68.455802417749226 ], [ 17.772158026446544, 68.455574849632512 ] ] ] ] } },
{ "type": "Feature", "properties": { "fid": 204407, "navn": null, "hoyde_moh": 518, "arealInnsjo_km2": 0.0247, "magasinKategori": null, "fid_2": 1092, "id": 1092, "left": 17.486919847, "top": 68.946110046000001, "right": 17.986919847, "bottom": 68.446110046000001, "row_index": 11, "col_index": 27, "tile_id": 1092 }, "geometry": { "type": "MultiPolygon", "coordinates": [ [ [ [ 17.961081207013564, 68.469393119190556 ], [ 17.963242344780006, 68.469470718010896 ], [ 17.963369345808445, 68.469291074414485 ], [ 17.963990234326946, 68.469167062623313 ], [ 17.963577530316158, 68.468356774645272 ], [ 17.964187567481524, 68.468098020419887 ], [ 17.962522399460887, 68.468121012435788 ], [ 17.962214813228385, 68.468284008239962 ], [ 17.96272327613579, 68.468380144109418 ], [ 17.958640882675358, 68.469154159065724 ], [ 17.957195296132742, 68.468952550564993 ], [ 17.958055821977965, 68.468917158800963 ], [ 17.958299860124917, 68.468845338337943 ], [ 17.958214055855624, 68.468686424519248 ], [ 17.956999549188332, 68.468750868712547 ], [ 17.955872669394232, 68.468539763215361 ], [ 17.955719680669755, 68.468642562167005 ], [ 17.956968554177461, 68.468984742383142 ], [ 17.95702877504408, 68.469097604573435 ], [ 17.956768294210715, 68.469234351651323 ], [ 17.958179458884224, 68.469381988296163 ], [ 17.958525064970228, 68.469608134848741 ], [ 17.961081207013564, 68.469393119190556 ] ] ] ] } },
{ "type": "Feature", "properties": { "fid": 210769, "navn": null, "hoyde_moh": 610, "arealInnsjo_km2": 0.0216, "magasinKategori": null, "fid_2": 1092, "id": 1092, "left": 17.486919847, "top": 68.946110046000001, "right": 17.986919847, "bottom": 68.446110046000001, "row_index": 11, "col_index": 27, "tile_id": 1092 }, "geometry": { "type": "MultiPolygon", "coordinates": [ [ [ [ 17.827590148109579, 68.450092016133567 ], [ 17.827512035489107, 68.449781480687463 ], [ 17.827041069388827, 68.449801283452743 ], [ 17.825951787430043, 68.449439146462055 ], [ 17.825263672058821, 68.449602917046818 ], [ 17.824562890896377, 68.449356209648585 ], [ 17.82446273819853, 68.449158255260727 ], [ 17.824046780746869, 68.449417251082764 ], [ 17.822484548655272, 68.449175818237762 ], [ 17.822049617915187, 68.449247603534971 ], [ 17.822303418098887, 68.448839369639472 ], [ 17.821636090436204, 68.448715607376968 ], [ 17.822730568403045, 68.448568250411967 ], [ 17.822173757856181, 68.448224490916758 ], [ 17.821832786361671, 68.448197922162336 ], [ 17.822079747068845, 68.44837123038613 ], [ 17.821222619054932, 68.44857365077857 ], [ 17.821842155662061, 68.448993646220899 ], [ 17.821467571919467, 68.449095113456437 ], [ 17.821554529274533, 68.449197240043517 ], [ 17.821190766205422, 68.449411003320336 ], [ 17.821355396403362, 68.449493777779651 ], [ 17.821280827085282, 68.449686868278249 ], [ 17.822362434297037, 68.449892070317702 ], [ 17.822996785020536, 68.44966700948342 ], [ 17.823560025045893, 68.449729235885059 ], [ 17.82375622845743, 68.449916234874195 ], [ 17.824505041078663, 68.450058632928645 ], [ 17.824537292076474, 68.450227032236455 ], [ 17.825213582255103, 68.45015610517099 ], [ 17.825810299465189, 68.450648556376706 ], [ 17.827590148109579, 68.450092016133567 ] ] ] ] } },
{ "type": "Feature", "properties": { "fid": 211202, "navn": "Øvre Haugfjellvatnet", "hoyde_moh": 638, "arealInnsjo_km2": 0.1972, "magasinKategori": null, "fid_2": 1092, "id": 1092, "left": 17.486919847, "top": 68.946110046000001, "right": 17.986919847, "bottom": 68.446110046000001, "row_index": 11, "col_index": 27, "tile_id": 1092 }, "geometry": { "type": "MultiPolygon", "coordinates": [ [ [ [ 17.87531873465759, 68.463296011464834 ], [ 17.876226621224188, 68.463209505142899 ], [ 17.877017555340693, 68.46277606316059 ], [ 17.877983399312875, 68.462528938623109 ], [ 17.877649150768153, 68.462392394580917 ], [ 17.878017091550877, 68.462336788463418 ], [ 17.878398424089081, 68.462025552909182 ], [ 17.878978288119448, 68.462210748943818 ], [ 17.879427735894271, 68.46210265888881 ], [ 17.88344890456505, 68.462298844643044 ], [ 17.884433540380765, 68.461950724407799 ], [ 17.886731201539469, 68.461594335935288 ], [ 17.887214111802795, 68.461316248693478 ], [ 17.888929545869392, 68.46084158071379 ], [ 17.889358856524847, 68.460589816560713 ], [ 17.889396641415097, 68.460409441881978 ], [ 17.888923766973157, 68.460035172252319 ], [ 17.888830554594129, 68.459632448771899 ], [ 17.887754401077039, 68.459413652192865 ], [ 17.886436163264822, 68.459477941526089 ], [ 17.885614707476485, 68.459329072427209 ], [ 17.883880236029665, 68.460050636821009 ], [ 17.883563987213282, 68.459810018989899 ], [ 17.882605820329974, 68.45986493572623 ], [ 17.881820129573683, 68.45969182276761 ], [ 17.879781404579628, 68.459897546117418 ], [ 17.87891653474124, 68.459768153239324 ], [ 17.87489625181037, 68.460724238338159 ], [ 17.871931008951378, 68.461970676234515 ], [ 17.870014428534649, 68.462045720393618 ], [ 17.868841515891834, 68.461849288046736 ], [ 17.868146720985319, 68.462005358519775 ], [ 17.868588966060312, 68.462238818501405 ], [ 17.867517667058369, 68.462205993600463 ], [ 17.866970038751788, 68.462565292929057 ], [ 17.866229191463596, 68.46269368600521 ], [ 17.865730389594223, 68.463045232969478 ], [ 17.866065615499913, 68.463265179741001 ], [ 17.866900372150301, 68.463091103137842 ], [ 17.868691412553591, 68.463169688874515 ], [ 17.869033999933553, 68.463093082072717 ], [ 17.868359188630663, 68.46301020085177 ], [ 17.870827842438903, 68.462829930381886 ], [ 17.873252344938674, 68.463098515614476 ], [ 17.874949581981951, 68.463519054633792 ], [ 17.87531873465759, 68.463296011464834 ] ], [ [ 17.877597832424435, 68.462119654423603 ], [ 17.877834080753132, 68.462177268040833 ], [ 17.877826204958506, 68.462234407918146 ], [ 17.87752402103709, 68.462251898321938 ], [ 17.877597832424435, 68.462119654423603 ] ], [ [ 17.874365743700267, 68.462433781550004 ], [ 17.874711716037112, 68.462478205377991 ], [ 17.874537221406118, 68.462568098237483 ], [ 17.874308322089419, 68.462549045115722 ], [ 17.874365743700267, 68.462433781550004 ] ] ] ] } },
{ "type": "Feature", "properties": { "fid": 212455, "navn": null, "hoyde_moh": 471, "arealInnsjo_km2": 0.0254, "magasinKategori": null, "fid_2": 1092, "id": 1092, "left": 17.486919847, "top": 68.946110046000001, "right": 17.986919847, "bottom": 68.446110046000001, "row_index": 11, "col_index": 27, "tile_id": 1092 }, "geometry": { "type": "MultiPolygon", "coordinates": [ [ [ [ 17.956312879516133, 68.489130961709748 ], [ 17.956271330547494, 68.488989220923287 ], [ 17.957208582028066, 68.488801669385282 ], [ 17.957492960869416, 68.488573022475208 ], [ 17.957565689165836, 68.488287869651245 ], [ 17.95685781546716, 68.487912436749255 ], [ 17.956035593461021, 68.487810587853119 ], [ 17.955100462661875, 68.488227202395507 ], [ 17.953321840291718, 68.488056101351816 ], [ 17.951824595050052, 68.488495525581612 ], [ 17.951987751070089, 68.488871683150848 ], [ 17.951890794668493, 68.48894583878257 ], [ 17.952171778298997, 68.489074386770682 ], [ 17.954503678619027, 68.489257746735063 ], [ 17.955226906035378, 68.48912990818701 ], [ 17.955446075745026, 68.489210253954113 ], [ 17.955431217907478, 68.489412599998474 ], [ 17.956312879516133, 68.489130961709748 ] ], [ [ 17.954119763775353, 68.48833686476442 ], [ 17.954591487765246, 68.488332232703542 ], [ 17.954455862710038, 68.488456627380899 ], [ 17.954119763775353, 68.48833686476442 ] ] ] ] } },
{ "type": "Feature", "properties": { "fid": 212463, "navn": null, "hoyde_moh": 383, "arealInnsjo_km2": 0.0497, "magasinKategori": null, "fid_2": 1092, "id": 1092, "left": 17.486919847, "top": 68.946110046000001, "right": 17.986919847, "bottom": 68.446110046000001, "row_index": 11, "col_index": 27, "tile_id": 1092 }, "geometry": { "type": "MultiPolygon", "coordinates": [ [ [ [ 17.693917027417793, 68.499249675052198 ], [ 17.693126107734855, 68.498697064486947 ], [ 17.69312290416401, 68.498251814780502 ], [ 17.691431134588431, 68.497237031458695 ], [ 17.686862026973312, 68.496753145228567 ], [ 17.685456185905633, 68.496232252939535 ], [ 17.685317100570138, 68.496389584997885 ], [ 17.684650748678141, 68.496365514997535 ], [ 17.684708247205823, 68.49659599573468 ], [ 17.684430594431458, 68.496785524658961 ], [ 17.684908069726376, 68.497163311287594 ], [ 17.684712313295197, 68.497379085942441 ], [ 17.68487008749284, 68.49743436592837 ], [ 17.685069222459855, 68.497954658202161 ], [ 17.687186468685429, 68.497900376889106 ], [ 17.688269042142586, 68.498166851523877 ], [ 17.68871237134082, 68.498004460797887 ], [ 17.689528420825617, 68.498013369194169 ], [ 17.69000438084646, 68.498371330073326 ], [ 17.693912730868131, 68.499410504920291 ], [ 17.693917027417793, 68.499249675052198 ] ] ] ] } },
{ "type": "Feature", "properties": { "fid": 212465, "navn": "Smalvatnet", "hoyde_moh": 468, "arealInnsjo_km2": 0.0667, "magasinKategori": null, "fid_2": 1092, "id": 1092, "left": 17.486919847, "top": 68.946110046000001, "right": 17.986919847, "bottom": 68.446110046000001, "row_index": 11, "col_index": 27, "tile_id": 1092 }, "geometry": { "type": "MultiPolygon", "coordinates": [ [ [ [ 17.907003397891042, 68.484587352083338 ], [ 17.907954197964983, 68.484494015553011 ], [ 17.908762615381189, 68.484797245819081 ], [ 17.908579548394826, 68.48438594243494 ], [ 17.909012889188499, 68.484273837783377 ], [ 17.908806474837164, 68.484100926889099 ], [ 17.909415337281981, 68.484166846541044 ], [ 17.909648375523556, 68.484673607863584 ], [ 17.910020399647877, 68.484719577257295 ], [ 17.909905768208581, 68.484583407105248 ], [ 17.910067810651608, 68.48437573294359 ], [ 17.91060645003958, 68.484355877778711 ], [ 17.910971197798105, 68.484045573749299 ], [ 17.910869190350134, 68.483696154381221 ], [ 17.911134461383444, 68.4835723294606 ], [ 17.911168795094042, 68.48339281615894 ], [ 17.910627823155092, 68.483020497115888 ], [ 17.910774802256125, 68.482650505191927 ], [ 17.911418313424633, 68.482435275590035 ], [ 17.911437377222867, 68.482129717142612 ], [ 17.911924081646639, 68.481743408852253 ], [ 17.913091758203183, 68.48170220163334 ], [ 17.912532592861464, 68.481416297140626 ], [ 17.912576253523657, 68.481191645050046 ], [ 17.91220545244596, 68.480902466336659 ], [ 17.910817290858994, 68.480756012056773 ], [ 17.910946556432371, 68.480430854553077 ], [ 17.911737257930902, 68.480333720848421 ], [ 17.911796606653727, 68.480181422653303 ], [ 17.911630961820045, 68.47993769456636 ], [ 17.910803770373004, 68.479929888989517 ], [ 17.910994029221282, 68.479689135678072 ], [ 17.9109357411619, 68.479411313952681 ], [ 17.911227446306135, 68.479096441411372 ], [ 17.911195816225007, 68.47880540893955 ], [ 17.911467789008675, 68.478542408131744 ], [ 17.911415121071155, 68.478361353686253 ], [ 17.911771992730305, 68.478049567081754 ], [ 17.91136047555954, 68.477256033122828 ], [ 17.911489954399428, 68.476837866377835 ], [ 17.910960126391576, 68.476774803496042 ], [ 17.910780038233657, 68.476953886199396 ], [ 17.910858985037557, 68.477187180894788 ], [ 17.910199472895986, 68.477504849771108 ], [ 17.91025792609668, 68.477789760771259 ], [ 17.909826182441996, 68.47815437343921 ], [ 17.910123932996882, 68.478288889702 ], [ 17.909983695038022, 68.478595295122119 ], [ 17.910356689396345, 68.478626792084867 ], [ 17.909681304000042, 68.479100668925113 ], [ 17.909753619211617, 68.479341350757977 ], [ 17.910161446287852, 68.479510313969172 ], [ 17.910133244605856, 68.479819083060292 ], [ 17.9102884790518, 68.479913790936223 ], [ 17.909961836008183, 68.480286004406665 ], [ 17.909381634681544, 68.480468440452896 ], [ 17.909289738744, 68.480685220608464 ], [ 17.908929974839822, 68.480633292339391 ], [ 17.908230655457803, 68.481005505912805 ], [ 17.908094841469932, 68.481342803824248 ], [ 17.909134607702097, 68.481523696345775 ], [ 17.909466548991105, 68.481817057084967 ], [ 17.909360876369576, 68.4820768978622 ], [ 17.909516400155333, 68.482173756134785 ], [ 17.90923243022478, 68.482361192862157 ], [ 17.908238417252232, 68.481816107232078 ], [ 17.908162113443087, 68.482146537332824 ], [ 17.908805056071277, 68.482371213452225 ], [ 17.908542627807549, 68.482657653286765 ], [ 17.909552886691145, 68.482943102617128 ], [ 17.909859842774747, 68.482935978718373 ], [ 17.90972546121473, 68.482707146977276 ], [ 17.910402469041703, 68.482888494282449 ], [ 17.910200144861523, 68.483085197920346 ], [ 17.909868928955071, 68.483103336734587 ], [ 17.909869545087187, 68.483387187129935 ], [ 17.90960543997959, 68.483233412787541 ], [ 17.909294156795124, 68.483279123711156 ], [ 17.909233088762154, 68.483492316275886 ], [ 17.909749964454974, 68.483734618281261 ], [ 17.909457391311925, 68.483794637561928 ], [ 17.909481395476565, 68.483922146895708 ], [ 17.909116140971054, 68.483833686362033 ], [ 17.908649997847039, 68.484127790957331 ], [ 17.907996363438301, 68.484234559670497 ], [ 17.907413354465781, 68.484008481224464 ], [ 17.907523946845902, 68.484157111487534 ], [ 17.907058035720262, 68.484447526551449 ], [ 17.90606786861813, 68.484474390691275 ], [ 17.905573189788164, 68.484664934446599 ], [ 17.907336349963142, 68.484795326055931 ], [ 17.907003397891042, 68.484587352083338 ] ], [ [ 17.909961565277719, 68.480730024725673 ], [ 17.910247642069759, 68.480692021282863 ], [ 17.910064394595132, 68.480920891530857 ], [ 17.909874147905136, 68.480880924146575 ], [ 17.909961565277719, 68.480730024725673 ] ] ] ] } },
{ "type": "Feature", "properties": { "fid": 212466, "navn": "Mikal Johan-vatnet", "hoyde_moh": 373, "arealInnsjo_km2": 0.0293, "magasinKategori": null, "fid_2": 1092, "id": 1092, "left": 17.486919847, "top": 68.946110046000001, "right": 17.986919847, "bottom": 68.446110046000001, "row_index": 11, "col_index": 27, "tile_id": 1092 }, "geometry": { "type": "MultiPolygon", "coordinates": [ [ [ [ 17.943689701919226, 68.496284208312773 ], [ 17.94429431037446, 68.49602518815108 ], [ 17.943294055929744, 68.495456698770312 ], [ 17.942557993708856, 68.495484339141129 ], [ 17.942574682657547, 68.495330801294855 ], [ 17.941220181861667, 68.49510382374072 ], [ 17.94064298132086, 68.494666062216183 ], [ 17.938762849663295, 68.49479696562878 ], [ 17.937135577655514, 68.495145161117904 ], [ 17.93717038368511, 68.495440895935673 ], [ 17.937810398421092, 68.495523139830311 ], [ 17.937322802999716, 68.495670202658488 ], [ 17.937259277588147, 68.495937944543968 ], [ 17.937896187903714, 68.495845811462488 ], [ 17.93776187871585, 68.495699318788255 ], [ 17.940028171842744, 68.495992844103924 ], [ 17.941902819346101, 68.495935549342761 ], [ 17.942114082761638, 68.49597762800461 ], [ 17.942026731062803, 68.496172893691323 ], [ 17.943689701919226, 68.496284208312773 ] ] ] ] } },
{ "type": "Feature", "properties": { "fid": 213049, "navn": null, "hoyde_moh": 787, "arealInnsjo_km2": 0.0164, "magasinKategori": null, "fid_2": 1092, "id": 1092, "left": 17.486919847, "top": 68.946110046000001, "right": 17.986919847, "bottom": 68.446110046000001, "row_index": 11, "col_index": 27, "tile_id": 1092 }, "geometry": { "type": "MultiPolygon", "coordinates": [ [ [ [ 17.9563908973983, 68.542843113258868 ], [ 17.955923206540902, 68.542741458756083 ], [ 17.955072500590965, 68.542243451967167 ], [ 17.954487531631433, 68.5421391884407 ], [ 17.951038021287086, 68.542695197250254 ], [ 17.951631130049435, 68.542983188158232 ], [ 17.952461317786163, 68.543109994890855 ], [ 17.95606549549565, 68.543113765152341 ], [ 17.9563908973983, 68.542843113258868 ] ] ] ] } },
{ "type": "Feature", "properties": { "fid": 213050, "navn": null, "hoyde_moh": 575, "arealInnsjo_km2": 0.0182, "magasinKategori": null, "fid_2": 1092, "id": 1092, "left": 17.486919847, "top": 68.946110046000001, "right": 17.986919847, "bottom": 68.446110046000001, "row_index": 11, "col_index": 27, "tile_id": 1092 }, "geometry": { "type": "MultiPolygon", "coordinates": [ [ [ [ 17.784031780282515, 68.581978814973951 ], [ 17.783510187532787, 68.581628206549851 ], [ 17.783462191685576, 68.581317966125155 ], [ 17.783164577060234, 68.581100093623817 ], [ 17.783354107130769, 68.580716805182703 ], [ 17.782409993070431, 68.580402536227751 ], [ 17.781637549612942, 68.580498969368222 ], [ 17.781105640719641, 68.580773016656465 ], [ 17.780928949837019, 68.581051963003759 ], [ 17.78100754513164, 68.581607832126977 ], [ 17.782011690321095, 68.582190589939884 ], [ 17.782828358173553, 68.582462805730813 ], [ 17.784031780282515, 68.581978814973951 ] ] ] ] } },
{ "type": "Feature", "properties": { "fid": 213051, "navn": "Øyvatnet", "hoyde_moh": 337, "arealInnsjo_km2": 0.0203, "magasinKategori": null, "fid_2": 1092, "id": 1092, "left": 17.486919847, "top": 68.946110046000001, "right": 17.986919847, "bottom": 68.446110046000001, "row_index": 11, "col_index": 27, "tile_id": 1092 }, "geometry": { "type": "MultiPolygon", "coordinates": [ [ [ [ 17.635469085207564, 68.588023197434822 ], [ 17.634995205098583, 68.587786120311677 ], [ 17.634873034720474, 68.587531867912517 ], [ 17.635032190308557, 68.587202842059909 ], [ 17.634557316399846, 68.586967574664854 ], [ 17.634550019711813, 68.586653900220696 ], [ 17.632072777660031, 68.586334083611234 ], [ 17.631588773146735, 68.586383299329199 ], [ 17.63134543802515, 68.586610507500112 ], [ 17.6315215572181, 68.587038494414813 ], [ 17.632553076326392, 68.587383452739573 ], [ 17.632401916483012, 68.587558777552658 ], [ 17.632546518018973, 68.587715384623479 ], [ 17.633380692738008, 68.587786616264523 ], [ 17.634625932472712, 68.588445418065149 ], [ 17.635526470041558, 68.588434999355741 ], [ 17.635469085207564, 68.588023197434822 ] ], [ [ 17.632206465662833, 68.586869453862789 ], [ 17.632746145231941, 68.586737687263494 ], [ 17.633048215164219, 68.586942722413355 ], [ 17.632419365226745, 68.587045098230931 ], [ 17.632206465662833, 68.586869453862789 ] ] ] ] } },
{ "type": "Feature", "properties": { "fid": 214389, "navn": "Middagsselvvatnan", "hoyde_moh": 793, "arealInnsjo_km2": 0.0396, "magasinKategori": null, "fid_2": 1092, "id": 1092, "left": 17.486919847, "top": 68.946110046000001, "right": 17.986919847, "bottom": 68.446110046000001, "row_index": 11, "col_index": 27, "tile_id": 1092 }, "geometry": { "type": "MultiPolygon", "coordinates": [ [ [ [ 17.793400546772812, 68.69891458398925 ], [ 17.794029110689337, 68.698373686727621 ], [ 17.795173184022083, 68.69791429462768 ], [ 17.795687385594178, 68.698208025630379 ], [ 17.797115046506597, 68.697703085342283 ], [ 17.797496942868282, 68.697217960328558 ], [ 17.797502412505121, 68.696670127008232 ], [ 17.796321219217841, 68.696194895414706 ], [ 17.794794806374902, 68.696103094440616 ], [ 17.79446826028736, 68.696519884565191 ], [ 17.79402371588089, 68.696768970378926 ], [ 17.792265687395815, 68.697433468513324 ], [ 17.792150347035278, 68.697707628926494 ], [ 17.79250975562887, 68.697976009713557 ], [ 17.792408705102304, 68.698240060110408 ], [ 17.792558351889941, 68.698599875611677 ], [ 17.79312958167057, 68.69894114445988 ], [ 17.793208366635959, 68.699269187233952 ], [ 17.79341719385657, 68.699316273005792 ], [ 17.793400546772812, 68.69891458398925 ] ] ] ] } },
{ "type": "Feature", "properties": { "fid": 214392, "navn": null, "hoyde_moh": 745, "arealInnsjo_km2": 0.0518, "magasinKategori": null, "fid_2": 1092, "id": 1092, "left": 17.486919847, "top": 68.946110046000001, "right": 17.986919847, "bottom": 68.446110046000001, "row_index": 11, "col_index": 27, "tile_id": 1092 }, "geometry": { "type": "MultiPolygon", "coordinates": [ [ [ [ 17.942665935746781, 68.741531552918786 ], [ 17.942517472364731, 68.74124829825935 ], [ 17.944921084129803, 68.740760505100596 ], [ 17.945321800072833, 68.74042146342974 ], [ 17.945299901203242, 68.74028754457818 ], [ 17.944902361610332, 68.740178744970365 ], [ 17.940167552224789, 68.740319053767934 ], [ 17.942846256240486, 68.739770043387807 ], [ 17.943615639783857, 68.739834496888804 ], [ 17.944087508615841, 68.739609039814567 ], [ 17.942582733118545, 68.73970379464231 ], [ 17.941653725888479, 68.739951736191571 ], [ 17.939882830239473, 68.740024518898394 ], [ 17.937098802900739, 68.739596522321477 ], [ 17.936262201007683, 68.739626209699878 ], [ 17.936869481059514, 68.739722143006745 ], [ 17.936276118094156, 68.739912161861781 ], [ 17.937339171244922, 68.740009073516717 ], [ 17.937412736544868, 68.740150624390054 ], [ 17.936980395901291, 68.740488937596496 ], [ 17.937016818851557, 68.740733473408355 ], [ 17.937902710679815, 68.741223875628364 ], [ 17.938037134455413, 68.74161689929447 ], [ 17.941460326260021, 68.74168608970723 ], [ 17.942490830906298, 68.742107166051966 ], [ 17.944000819369538, 68.742063763485291 ], [ 17.942665935746781, 68.741531552918786 ] ], [ [ 17.938469041751564, 68.740256264436098 ], [ 17.937976763600467, 68.739921970034871 ], [ 17.939307072877583, 68.740132190926289 ], [ 17.938896314285707, 68.740506402667961 ], [ 17.938554701671762, 68.740483876109423 ], [ 17.938469041751564, 68.740256264436098 ] ] ] ] } },
{ "type": "Feature", "properties": { "fid": 218832, "navn": "Kubergvatnet", "hoyde_moh": 743, "arealInnsjo_km2": 0.1618, "magasinKategori": null, "fid_2": 1092, "id": 1092, "left": 17.486919847, "top": 68.946110046000001, "right": 17.986919847, "bottom": 68.446110046000001, "row_index": 11, "col_index": 27, "tile_id": 1092 }, "geometry": { "type": "MultiPolygon", "coordinates": [ [ [ [ 17.951051262242355, 68.539018335725316 ], [ 17.951285988623201, 68.53871984063349 ], [ 17.951271684024711, 68.538374908520154 ], [ 17.951772012339081, 68.537907098754744 ], [ 17.957270812911105, 68.538906255294009 ], [ 17.958244580332902, 68.538542396884935 ], [ 17.959436106462913, 68.538640179641334 ], [ 17.961315247542515, 68.538510102678046 ], [ 17.963270845891412, 68.538014706253293 ], [ 17.965425316858585, 68.537794168381225 ], [ 17.966657184781422, 68.537371835979272 ], [ 17.966891361448763, 68.5370317593256 ], [ 17.96511082998957, 68.536771971054776 ], [ 17.963851126822252, 68.53701810543248 ], [ 17.962379752277791, 68.536898179030374 ], [ 17.961449236960473, 68.537058588387438 ], [ 17.960626208921138, 68.536613808378874 ], [ 17.960083377601556, 68.536592403960725 ], [ 17.959905847475522, 68.536364361717759 ], [ 17.959026157434479, 68.53618944972412 ], [ 17.958302855792873, 68.536559496398155 ], [ 17.955083823208984, 68.536563108296704 ], [ 17.954373455726195, 68.536768800942141 ], [ 17.953762824257932, 68.537228594551422 ], [ 17.951780228720903, 68.537518948247907 ], [ 17.950567632336551, 68.537139770012914 ], [ 17.949786342103739, 68.53650101195916 ], [ 17.947890696117863, 68.536202488415427 ], [ 17.947620816463644, 68.536333627542732 ], [ 17.947453058610858, 68.536780685727237 ], [ 17.945591393888524, 68.537266885648876 ], [ 17.945273030995423, 68.537484874639247 ], [ 17.94552532339355, 68.538289496304259 ], [ 17.945784673797625, 68.538424367484865 ], [ 17.949157389399929, 68.539411055654824 ], [ 17.951051262242355, 68.539018335725316 ] ], [ [ 17.954901820836952, 68.53691167436503 ], [ 17.95592209814841, 68.536818579490031 ], [ 17.955549914671995, 68.536973078370551 ], [ 17.954901820836952, 68.53691167436503 ] ], [ [ 17.954644632643394, 68.537720581550246 ], [ 17.955356583808786, 68.537321215899865 ], [ 17.955478114717508, 68.53758983847878 ], [ 17.955132988193391, 68.537769445922621 ], [ 17.954644632643394, 68.537720581550246 ] ], [ [ 17.95045283377172, 68.537975792625687 ], [ 17.950309291433005, 68.537894285048125 ], [ 17.950604383041714, 68.537854538175509 ], [ 17.95093734468815, 68.538002831670283 ], [ 17.95045283377172, 68.537975792625687 ] ] ] ] } },
{ "type": "Feature", "properties": { "fid": 218833, "navn": "Bálakjávri", "hoyde_moh": 419, "arealInnsjo_km2": 0.089, "magasinKategori": null, "fid_2": 1092, "id": 1092, "left": 17.486919847, "top": 68.946110046000001, "right": 17.986919847, "bottom": 68.446110046000001, "row_index": 11, "col_index": 27, "tile_id": 1092 }, "geometry": { "type": "MultiPolygon", "coordinates": [ [ [ [ 17.768834527855962, 68.544660404710882 ], [ 17.769123601671865, 68.544018315461173 ], [ 17.76953718586476, 68.543744899066908 ], [ 17.77027199012911, 68.542493231173907 ], [ 17.768226456109332, 68.541865744891027 ], [ 17.766910282393887, 68.541732583471969 ], [ 17.764606486786764, 68.541891690853703 ], [ 17.763978435084145, 68.542069793246853 ], [ 17.763323480363209, 68.542012705586473 ], [ 17.762354910731339, 68.542424850906386 ], [ 17.763119389872948, 68.54287303746213 ], [ 17.763148272624012, 68.543664009987296 ], [ 17.762843635679989, 68.544014700036854 ], [ 17.76292733442968, 68.544365197768073 ], [ 17.763268060636818, 68.544598366268318 ], [ 17.766333797698639, 68.545021065513367 ], [ 17.767625091321612, 68.545048004162993 ], [ 17.768834527855962, 68.544660404710882 ] ] ] ] } },
{ "type": "Feature", "properties": { "fid": 218837, "navn": null, "hoyde_moh": 585, "arealInnsjo_km2": 0.027, "magasinKategori": null, "fid_2": 1092, "id": 1092, "left": 17.486919847, "top": 68.946110046000001, "right": 17.986919847, "bottom": 68.446110046000001, "row_index": 11, "col_index": 27, "tile_id": 1092 }, "geometry": { "type": "MultiPolygon", "coordinates": [ [ [ [ 17.696817887665027, 68.584405862092382 ], [ 17.696714673096288, 68.584059427520032 ], [ 17.696080131008866, 68.583802290363536 ], [ 17.695833589871061, 68.583354209886139 ], [ 17.696095177977728, 68.583204967067928 ], [ 17.696059700222083, 68.583044326882856 ], [ 17.695857677737902, 68.582797403016599 ], [ 17.695303448156739, 68.582591127228227 ], [ 17.694753286298592, 68.5826583722923 ], [ 17.693794905413807, 68.583317473973281 ], [ 17.692890537000817, 68.583331141164308 ], [ 17.692895010346426, 68.583694416563517 ], [ 17.692204498137286, 68.584203900265791 ], [ 17.692267280610849, 68.584328200225357 ], [ 17.694067916996389, 68.584687503658003 ], [ 17.696173408151896, 68.58469453423109 ], [ 17.696817887665027, 68.584405862092382 ] ] ] ] } },
{ "type": "Feature", "properties": { "fid": 219210, "navn": "Store Læigasvatnet", "hoyde_moh": 576, "arealInnsjo_km2": 1.7874, "magasinKategori": null, "fid_2": 1092, "id": 1092, "left": 17.486919847, "top": 68.946110046000001, "right": 17.986919847, "bottom": 68.446110046000001, "row_index": 11, "col_index": 27, "tile_id": 1092 }, "geometry": { "type": "MultiPolygon", "coordinates": [ [ [ [ 17.733697151733537, 68.586511366778581 ], [ 17.735168307736856, 68.586543923261189 ], [ 17.743758813223796, 68.585948630631748 ], [ 17.745953567839713, 68.586284539264412 ], [ 17.748274245459367, 68.586060758351877 ], [ 17.753371286254083, 68.58611379138344 ], [ 17.75531823377646, 68.585316695826137 ], [ 17.756237305137766, 68.585364209937055 ], [ 17.7579515639971, 68.584803917879938 ], [ 17.760936112962884, 68.58486179504628 ], [ 17.761948199996255, 68.584714850195681 ], [ 17.763330568181626, 68.584868720258882 ], [ 17.764493825732327, 68.584736781282501 ], [ 17.766702674863581, 68.584044127202517 ], [ 17.767115495595331, 68.583481073524922 ], [ 17.767068471685398, 68.583238766716775 ], [ 17.767460965435934, 68.5830753151332 ], [ 17.767834288690885, 68.583296725767511 ], [ 17.768842291908598, 68.583330858584958 ], [ 17.769629190450136, 68.582973843492084 ], [ 17.770133740857602, 68.582450382994111 ], [ 17.770886775935502, 68.582237451292698 ], [ 17.771557528650071, 68.582357190160153 ], [ 17.773650403651633, 68.582181145742311 ], [ 17.774374145545828, 68.582298294549801 ], [ 17.776146267143258, 68.582003094017253 ], [ 17.777370981971547, 68.582209268085634 ], [ 17.777081474049176, 68.581682911429951 ], [ 17.776452563001243, 68.581156410594133 ], [ 17.776534422721085, 68.580994022697979 ], [ 17.776345837717862, 68.580566715163968 ], [ 17.774667201180211, 68.580323139396597 ], [ 17.773529446251683, 68.579865341384249 ], [ 17.770995432909533, 68.579232070781273 ], [ 17.767559250006503, 68.579253892289074 ], [ 17.762091867527367, 68.578367114760056 ], [ 17.752765544120287, 68.577619023584461 ], [ 17.742360125951869, 68.57818616173482 ], [ 17.736746174325212, 68.578188175372333 ], [ 17.732959975500876, 68.577934748936357 ], [ 17.731382184765376, 68.578036400577602 ], [ 17.728340660914174, 68.57843528476883 ], [ 17.725688721884477, 68.578562735724589 ], [ 17.722983153503538, 68.579125457183693 ], [ 17.720625583405742, 68.579107227036744 ], [ 17.71802427241693, 68.57930500707721 ], [ 17.714358723982222, 68.580631965926116 ], [ 17.714566775607267, 68.581065565145423 ], [ 17.715719814399659, 68.581503123621729 ], [ 17.716353131424182, 68.58192554834595 ], [ 17.721774128908475, 68.583705877717605 ], [ 17.72215777807418, 68.584016259704512 ], [ 17.722342129805664, 68.58502524542341 ], [ 17.724027509780431, 68.585885980794714 ], [ 17.729842770378117, 68.586733080020963 ], [ 17.732385781285696, 68.586724215007223 ], [ 17.733697151733537, 68.586511366778581 ] ], [ [ 17.773450582021475, 68.58091400870434 ], [ 17.773499457285237, 68.581047400331585 ], [ 17.773242160471955, 68.581042036704801 ], [ 17.773159229213793, 68.5809451119692 ], [ 17.773450582021475, 68.58091400870434 ] ] ] ] } },
{ "type": "Feature", "properties": { "fid": 219469, "navn": null, "hoyde_moh": 442, "arealInnsjo_km2": 0.033, "magasinKategori": null, "fid_2": 1092, "id": 1092, "left": 17.486919847, "top": 68.946110046000001, "right": 17.986919847, "bottom": 68.446110046000001, "row_index": 11, "col_index": 27, "tile_id": 1092 }, "geometry": { "type": "MultiPolygon", "coordinates": [ [ [ [ 17.883472006681043, 68.490480668123581 ], [ 17.88446422615786, 68.49003682977289 ], [ 17.885938193096163, 68.49008229526622 ], [ 17.886170510206721, 68.489980355992586 ], [ 17.88642673408485, 68.489432021336214 ], [ 17.888195924491761, 68.489123801650749 ], [ 17.888394439457144, 68.488838050934774 ], [ 17.887351392411173, 68.488493071772652 ], [ 17.888052161988163, 68.488368787618612 ], [ 17.887999364588406, 68.488195002091587 ], [ 17.887616440818043, 68.488209228409161 ], [ 17.886858145745137, 68.488444112034244 ], [ 17.887012807194075, 68.488685806266233 ], [ 17.885932172934854, 68.488951820372051 ], [ 17.88508683990386, 68.489382637825926 ], [ 17.884424176712177, 68.489277067658492 ], [ 17.883644682021099, 68.488902036686696 ], [ 17.883671262873037, 68.488629393603716 ], [ 17.883327730917319, 68.488607383108416 ], [ 17.882725555757357, 68.488927537845484 ], [ 17.88158062361309, 68.489226856279515 ], [ 17.881865412858982, 68.489516859035646 ], [ 17.881673355106013, 68.489725466259046 ], [ 17.882070997810239, 68.489832101980298 ], [ 17.881756392348702, 68.489895052745581 ], [ 17.881830305476601, 68.490228897344807 ], [ 17.882131190103117, 68.49031906233553 ], [ 17.881827316710872, 68.490594585824752 ], [ 17.882311567974341, 68.490737615957741 ], [ 17.883472006681043, 68.490480668123581 ] ] ] ] } },
{ "type": "Feature", "properties": { "fid": 219484, "navn": null, "hoyde_moh": 540, "arealInnsjo_km2": 0.0332, "magasinKategori": null, "fid_2": 1092, "id": 1092, "left": 17.486919847, "top": 68.946110046000001, "right": 17.986919847, "bottom": 68.446110046000001, "row_index": 11, "col_index": 27, "tile_id": 1092 }, "geometry": { "type": "MultiPolygon", "coordinates": [ [ [ [ 17.83681714387108, 68.47900542011493 ], [ 17.837190405664977, 68.478656365782413 ], [ 17.837121905244182, 68.478574220205459 ], [ 17.837497055753829, 68.478458351644392 ], [ 17.837806198730519, 68.47847879126968 ], [ 17.837576806112043, 68.478567775781329 ], [ 17.838011228411318, 68.47871751508427 ], [ 17.837793841166793, 68.478872904828307 ], [ 17.838326055114084, 68.479075118045429 ], [ 17.839994656272648, 68.478909685640787 ], [ 17.840884558798685, 68.47906121462421 ], [ 17.841155670368874, 68.478821873808215 ], [ 17.841691011530155, 68.478698791554976 ], [ 17.841723570607058, 68.478281173860182 ], [ 17.842181126980506, 68.478074307882096 ], [ 17.839813353784827, 68.477801691131532 ], [ 17.838840624479722, 68.477949771553071 ], [ 17.838667578781134, 68.47805324344553 ], [ 17.838864367735852, 68.478173790867004 ], [ 17.838768363974939, 68.47825028402076 ], [ 17.837909008355155, 68.478287100216718 ], [ 17.837692451622281, 68.478266080662138 ], [ 17.837951150564059, 68.478128214445903 ], [ 17.83775022093581, 68.477996066227988 ], [ 17.836448980523262, 68.478014323650598 ], [ 17.83634487029461, 68.478088618526371 ], [ 17.83665914435776, 68.478161667436922 ], [ 17.836381300914571, 68.478378851778601 ], [ 17.836534736032728, 68.478603997606299 ], [ 17.83614480166721, 68.478678102452051 ], [ 17.835354987585131, 68.478166500318892 ], [ 17.834563531046026, 68.478042991331506 ], [ 17.834734674425203, 68.478212631480702 ], [ 17.833669170368687, 68.478143754265716 ], [ 17.834092611455272, 68.478523944660338 ], [ 17.833008720739222, 68.478519109450389 ], [ 17.833343247803239, 68.478771268951007 ], [ 17.834925974571597, 68.479178175966936 ], [ 17.836976858714603, 68.479107207233312 ], [ 17.83681714387108, 68.47900542011493 ] ], [ [ 17.835107108264133, 68.478630397567116 ], [ 17.835735450482971, 68.478689068610436 ], [ 17.835704963849413, 68.478720823838501 ], [ 17.835107108264133, 68.478630397567116 ] ], [ [ 17.838633890034998, 68.47878147817292 ], [ 17.838334274423154, 68.478905046967654 ], [ 17.838060821711959, 68.478779513284906 ], [ 17.838633890034998, 68.47878147817292 ] ] ] ] } },
{ "type": "Feature", "properties": { "fid": 220378, "navn": "Rundvatnet", "hoyde_moh": 696, "arealInnsjo_km2": 0.1699, "magasinKategori": null, "fid_2": 1092, "id": 1092, "left": 17.486919847, "top": 68.946110046000001, "right": 17.986919847, "bottom": 68.446110046000001, "row_index": 11, "col_index": 27, "tile_id": 1092 }, "geometry": { "type": "MultiPolygon", "coordinates": [ [ [ [ 17.721637686825826, 68.614454210843959 ], [ 17.721445427451091, 68.614138396128268 ], [ 17.72216644191478, 68.613851899143924 ], [ 17.721602196970487, 68.612981358365374 ], [ 17.721374809633822, 68.611771374185025 ], [ 17.721532479205155, 68.610865203398689 ], [ 17.721336786018966, 68.610524849873173 ], [ 17.721364674779476, 68.610162662663114 ], [ 17.721188694827802, 68.610021349634252 ], [ 17.718379861731027, 68.609144231426043 ], [ 17.716351108283604, 68.609432958588272 ], [ 17.715831282371337, 68.609780277106779 ], [ 17.71372075972128, 68.610416406338814 ], [ 17.713369809033377, 68.610816647176506 ], [ 17.713436629249305, 68.611265630039227 ], [ 17.713050582163071, 68.611465192240772 ], [ 17.711844164485672, 68.612843052465308 ], [ 17.713132859078993, 68.613246330852562 ], [ 17.716152125437279, 68.613665061355888 ], [ 17.717342092201356, 68.614011556490979 ], [ 17.718475324090356, 68.614616213557994 ], [ 17.719595152194742, 68.614720125043533 ], [ 17.721637686825826, 68.614454210843959 ] ] ] ] } },
{ "type": "Feature", "properties": { "fid": 220384, "navn": null, "hoyde_moh": 689, "arealInnsjo_km2": 0.0186, "magasinKategori": null, "fid_2": 1092, "id": 1092, "left": 17.486919847, "top": 68.946110046000001, "right": 17.986919847, "bottom": 68.446110046000001, "row_index": 11, "col_index": 27, "tile_id": 1092 }, "geometry": { "type": "MultiPolygon", "coordinates": [ [ [ [ 17.784978465974799, 68.703891844061175 ], [ 17.785095257497748, 68.703681847519377 ], [ 17.785947892138712, 68.703319334027753 ], [ 17.785596261800293, 68.703044078855186 ], [ 17.784071788103283, 68.702668041224982 ], [ 17.781646187070653, 68.70253446302921 ], [ 17.781690347101129, 68.702873221965106 ], [ 17.782263774546703, 68.703188997587091 ], [ 17.782273315212677, 68.70338057550822 ], [ 17.782780187973238, 68.703932984760996 ], [ 17.784978465974799, 68.703891844061175 ] ] ] ] } },
{ "type": "Feature", "properties": { "fid": 223892, "navn": "Hesteskovatnet", "hoyde_moh": 317, "arealInnsjo_km2": 0.0725, "magasinKategori": null, "fid_2": 1092, "id": 1092, "left": 17.486919847, "top": 68.946110046000001, "right": 17.986919847, "bottom": 68.446110046000001, "row_index": 11, "col_index": 27, "tile_id": 1092 }, "geometry": { "type": "MultiPolygon", "coordinates": [ [ [ [ 17.759861718168942, 68.505140603834647 ], [ 17.759632669735371, 68.504844739486145 ], [ 17.7597150770284, 68.504071593575674 ], [ 17.759030981956144, 68.503969204218237 ], [ 17.758088391749588, 68.503337685176717 ], [ 17.758090749798644, 68.503024550046661 ], [ 17.758876664314904, 68.502945112204728 ], [ 17.758464555404583, 68.502839145540889 ], [ 17.756495452247272, 68.502925280386052 ], [ 17.756046667239485, 68.502713271230988 ], [ 17.756007000573806, 68.501879389239434 ], [ 17.756329451456271, 68.50170030873582 ], [ 17.75633228137556, 68.501509065383075 ], [ 17.757371488160768, 68.501323948959083 ], [ 17.757392491514633, 68.501025138937507 ], [ 17.755169609951473, 68.501125934055366 ], [ 17.754847281801695, 68.501310037077303 ], [ 17.754822858094276, 68.501615185929012 ], [ 17.754118957851805, 68.502109762135134 ], [ 17.753490020496557, 68.50209369602139 ], [ 17.753775897956295, 68.501947625728732 ], [ 17.753005336616628, 68.501635149390054 ], [ 17.75222385364545, 68.501602193173397 ], [ 17.752078350537403, 68.501962288033454 ], [ 17.751508199988432, 68.502360137083173 ], [ 17.751830706666439, 68.50300410666901 ], [ 17.752670393616967, 68.503096521241517 ], [ 17.752790561737633, 68.503543995655619 ], [ 17.752323999031038, 68.503936556752137 ], [ 17.752335099819966, 68.504111862358457 ], [ 17.75298171445522, 68.504749884581258 ], [ 17.753338695220556, 68.504765031155841 ], [ 17.754822986812282, 68.504194633134944 ], [ 17.756771470790689, 68.504000872537006 ], [ 17.758442734340885, 68.50451476764961 ], [ 17.759016519898079, 68.505134128725757 ], [ 17.75979083919766, 68.50537757964797 ], [ 17.759861718168942, 68.505140603834647 ] ] ] ] } },
{ "type": "Feature", "properties": { "fid": 225102, "navn": "Hallagasjávri", "hoyde_moh": 384, "arealInnsjo_km2": 0.7007, "magasinKategori": null, "fid_2": 1092, "id": 1092, "left": 17.486919847, "top": 68.946110046000001, "right": 17.986919847, "bottom": 68.446110046000001, "row_index": 11, "col_index": 27, "tile_id": 1092 }, "geometry": { "type": "MultiPolygon", "coordinates": [ [ [ [ 17.691431236497397, 68.508108340374406 ], [ 17.691700940265118, 68.507952050184656 ], [ 17.690372835399206, 68.507558298643403 ], [ 17.689136629721798, 68.506791278186483 ], [ 17.688204538600189, 68.506593751988476 ], [ 17.685385458473817, 68.505487812854767 ], [ 17.685297506600492, 68.505273168483058 ], [ 17.686080401831671, 68.505075372140354 ], [ 17.687341248865703, 68.505074749504999 ], [ 17.687244762067184, 68.504940667570352 ], [ 17.687362375112119, 68.504836995939257 ], [ 17.68719509670299, 68.504712664826386 ], [ 17.686187075059532, 68.504425328325894 ], [ 17.685524113339298, 68.504487284057348 ], [ 17.685000352958689, 68.505023993424629 ], [ 17.685021308368828, 68.50562181781207 ], [ 17.684204388022621, 68.505823923067126 ], [ 17.684683470624023, 68.506238308848296 ], [ 17.685794051749021, 68.506638277883269 ], [ 17.686100851742452, 68.506916828490688 ], [ 17.686099552729985, 68.50706629953433 ], [ 17.685899457318381, 68.507131077920079 ], [ 17.682650132419184, 68.507083246174645 ], [ 17.68072114742214, 68.50656205369495 ], [ 17.68113748082289, 68.506848377046481 ], [ 17.679746535670159, 68.50707336398041 ], [ 17.679052945809769, 68.506845140625231 ], [ 17.67840188418592, 68.506034773676944 ], [ 17.678351424831448, 68.505733358914441 ], [ 17.67799793162294, 68.505747169464982 ], [ 17.678077899947365, 68.506022980618781 ], [ 17.677767744380855, 68.50610503416749 ], [ 17.676630418873863, 68.505742242275772 ], [ 17.676205420445235, 68.505415206446727 ], [ 17.676599308966189, 68.505343757978565 ], [ 17.676596211052992, 68.505210335151546 ], [ 17.677850949736111, 68.505405736560391 ], [ 17.678506087784392, 68.504945494202531 ], [ 17.677861846566806, 68.504142467168549 ], [ 17.676978712657917, 68.503980362773603 ], [ 17.676386110453379, 68.504078499496998 ], [ 17.6758130057271, 68.503783805319443 ], [ 17.676216473761965, 68.503580796816351 ], [ 17.675749328202727, 68.503188908358197 ], [ 17.675827263528554, 68.502917399825009 ], [ 17.674838348969381, 68.502180178589796 ], [ 17.674840267378297, 68.501919666379379 ], [ 17.675513781199445, 68.501577624412434 ], [ 17.675808467218793, 68.501022878708099 ], [ 17.676226230769878, 68.500767491209729 ], [ 17.67565517636265, 68.500346922168191 ], [ 17.674547413433537, 68.500133816180679 ], [ 17.675206654672021, 68.498596048176765 ], [ 17.674880479790314, 68.498399650293635 ], [ 17.67428164141376, 68.49834277678049 ], [ 17.673030738177744, 68.497634767618635 ], [ 17.672150974005195, 68.497535868173244 ], [ 17.671432233620202, 68.497176701049028 ], [ 17.669596711389215, 68.496658484183556 ], [ 17.668142421323189, 68.49663288541889 ], [ 17.665749510385911, 68.496883662116502 ], [ 17.664718925649545, 68.497500435005477 ], [ 17.661586794907866, 68.498589839078193 ], [ 17.659352571465362, 68.49964789408682 ], [ 17.658891826668246, 68.500129750998752 ], [ 17.657067672128075, 68.500335388547924 ], [ 17.655803032096571, 68.500295097007836 ], [ 17.652385734684803, 68.501892375522075 ], [ 17.650944541510324, 68.501862107983996 ], [ 17.650488426781205, 68.502112289793104 ], [ 17.650553307528831, 68.50255018159983 ], [ 17.650835485667596, 68.502744178311843 ], [ 17.655391643889267, 68.503260671684259 ], [ 17.658786555983152, 68.503164358986595 ], [ 17.661512850968027, 68.503441389898114 ], [ 17.662474797197927, 68.503023918328097 ], [ 17.663841775095509, 68.50343844652771 ], [ 17.664865945405591, 68.50346957450742 ], [ 17.666511634403417, 68.50317064925656 ], [ 17.667136209786474, 68.503425779279993 ], [ 17.667721776071243, 68.504193422730978 ], [ 17.668074202920291, 68.50440054735472 ], [ 17.669269196512776, 68.504489160833572 ], [ 17.669994074713603, 68.504892313669501 ], [ 17.67048212591104, 68.504876108943321 ], [ 17.670551076732355, 68.505072032677589 ], [ 17.671260562701182, 68.505133892092445 ], [ 17.671164430299264, 68.505260457050113 ], [ 17.670067027600684, 68.505124167244233 ], [ 17.669981795968713, 68.505607709252288 ], [ 17.670325416042616, 68.50582484333583 ], [ 17.670984124914089, 68.505988940126073 ], [ 17.671161526057492, 68.505912064735 ], [ 17.671060569841565, 68.505638111449798 ], [ 17.671545105348642, 68.505649964659455 ], [ 17.671730951416624, 68.505735418198483 ], [ 17.671680312763534, 68.506235913688229 ], [ 17.671838452821262, 68.506320910739575 ], [ 17.673309972216867, 68.506697349483034 ], [ 17.674733115237181, 68.506698276141776 ], [ 17.676321211927466, 68.507423431239431 ], [ 17.677520759068052, 68.507474486206178 ], [ 17.677783380704568, 68.507794057708395 ], [ 17.679078570167015, 68.507836125486847 ], [ 17.680816659835575, 68.508369363582418 ], [ 17.681388146284618, 68.508366695158543 ], [ 17.681903688417329, 68.508086933225769 ], [ 17.68172580717399, 68.507636489853667 ], [ 17.681203322133609, 68.507124412984666 ], [ 17.681666734665754, 68.507057047928797 ], [ 17.682344078201886, 68.507230677454515 ], [ 17.684900283580077, 68.507262410317068 ], [ 17.686832672593003, 68.507675162081753 ], [ 17.687682846900906, 68.508125874955923 ], [ 17.688911269236137, 68.508274853625309 ], [ 17.691431236497397, 68.508108340374406 ] ] ] ] } },
{ "type": "Feature", "properties": { "fid": 225415, "navn": null, "hoyde_moh": 536, "arealInnsjo_km2": 0.0245, "magasinKategori": null, "fid_2": 1092, "id": 1092, "left": 17.486919847, "top": 68.946110046000001, "right": 17.986919847, "bottom": 68.446110046000001, "row_index": 11, "col_index": 27, "tile_id": 1092 }, "geometry": { "type": "MultiPolygon", "coordinates": [ [ [ [ 17.838438133610115, 68.467485618121273 ], [ 17.836930483076252, 68.467466540310284 ], [ 17.833860541256293, 68.466984555721496 ], [ 17.830944615400082, 68.466886545947375 ], [ 17.830155604223805, 68.466615222221421 ], [ 17.828878302737543, 68.466677012102636 ], [ 17.829271253562315, 68.466567950714705 ], [ 17.828687830791637, 68.46629907293341 ], [ 17.827919647823439, 68.466365813286686 ], [ 17.826513145893024, 68.466162167801912 ], [ 17.824586534639806, 68.466315042057047 ], [ 17.824816221548708, 68.466493038948144 ], [ 17.825309735443007, 68.466480766755652 ], [ 17.825929523039015, 68.466741771166056 ], [ 17.826463478445767, 68.466654216249523 ], [ 17.827791718431747, 68.46680236044071 ], [ 17.827312104988181, 68.466634689660125 ], [ 17.827632117401169, 68.466589072440712 ], [ 17.829915736949243, 68.467129337161126 ], [ 17.830209346876295, 68.467105077030425 ], [ 17.829322321317306, 68.466958477371108 ], [ 17.830629111714025, 68.466853007541701 ], [ 17.830449628392113, 68.466926149079455 ], [ 17.830769010141616, 68.467094095111648 ], [ 17.830677478710612, 68.46722957590886 ], [ 17.830842657053349, 68.467496897469388 ], [ 17.832922488305606, 68.467304556221151 ], [ 17.833291452434864, 68.467522827305331 ], [ 17.835474886924189, 68.467897564842914 ], [ 17.835259077623409, 68.467745289415262 ], [ 17.835393667164833, 68.467583133930191 ], [ 17.834817034716693, 68.46760698587795 ], [ 17.835017038504951, 68.467728738698298 ], [ 17.834788028772191, 68.4677556844035 ], [ 17.833818136637188, 68.467351976943092 ], [ 17.834797963583494, 68.467259994434144 ], [ 17.835474830796425, 68.467355453876522 ], [ 17.835493065589898, 68.467528129133541 ], [ 17.836075807697988, 68.467689363858767 ], [ 17.837523596849913, 68.467614937119293 ], [ 17.839781519721299, 68.467996437213074 ], [ 17.838438133610115, 68.467485618121273 ] ], [ [ 17.826437347200621, 68.466449088437415 ], [ 17.826216763564002, 68.466336201334755 ], [ 17.826917264583248, 68.466380846103036 ], [ 17.827168280468623, 68.466547528420421 ], [ 17.826437347200621, 68.466449088437415 ] ] ] ] } },
{ "type": "Feature", "properties": { "fid": 225417, "navn": "Lille Trollvatnet", "hoyde_moh": 256, "arealInnsjo_km2": 0.0472, "magasinKategori": null, "fid_2": 1092, "id": 1092, "left": 17.486919847, "top": 68.946110046000001, "right": 17.986919847, "bottom": 68.446110046000001, "row_index": 11, "col_index": 27, "tile_id": 1092 }, "geometry": { "type": "MultiPolygon", "coordinates": [ [ [ [ 17.735583284125426, 68.474136251262422 ], [ 17.735796025809776, 68.473795808481754 ], [ 17.735521070095253, 68.473492948952398 ], [ 17.736087146455212, 68.473394213771684 ], [ 17.736167608869728, 68.473225043370348 ], [ 17.734596702835709, 68.472399913640416 ], [ 17.733552507244426, 68.472037074646849 ], [ 17.731210561760715, 68.472047795207999 ], [ 17.731014270692562, 68.472140487805561 ], [ 17.731056378740757, 68.47240810205497 ], [ 17.731496790056365, 68.472743906801171 ], [ 17.729498294796407, 68.473197008579731 ], [ 17.72949000942134, 68.473375322182918 ], [ 17.729897575130682, 68.473588960595208 ], [ 17.732145057263704, 68.473895406322157 ], [ 17.732998727906775, 68.474303191592156 ], [ 17.734715098027586, 68.474614854054579 ], [ 17.735583284125426, 68.474136251262422 ] ] ] ] } },
{ "type": "Feature", "properties": { "fid": 225521, "navn": "Beađvajávri", "hoyde_moh": 494, "arealInnsjo_km2": 0.2643, "magasinKategori": null, "fid_2": 1092, "id": 1092, "left": 17.486919847, "top": 68.946110046000001, "right": 17.986919847, "bottom": 68.446110046000001, "row_index": 11, "col_index": 27, "tile_id": 1092 }, "geometry": { "type": "MultiPolygon", "coordinates": [ [ [ [ 17.495961132753926, 68.605359505598813 ], [ 17.495961044890091, 68.605108837426798 ], [ 17.49703987475403, 68.604814713925705 ], [ 17.496734654169213, 68.604026124753673 ], [ 17.496381713591028, 68.603758788057718 ], [ 17.49630092691007, 68.603538394661754 ], [ 17.496468599339355, 68.603454776060644 ], [ 17.496294472501901, 68.603146465742228 ], [ 17.497529483672029, 68.603468574836768 ], [ 17.498046813526617, 68.603339920386404 ], [ 17.497950325849533, 68.602845935342145 ], [ 17.497155148127856, 68.602509320923474 ], [ 17.496806976010564, 68.602145434162153 ], [ 17.496869898252548, 68.601970836472262 ], [ 17.497991828117204, 68.601698862051322 ], [ 17.498547124854191, 68.601717459502481 ], [ 17.499061912567406, 68.601553118798535 ], [ 17.499221079890386, 68.601351333651493 ], [ 17.498803169963388, 68.600822449394585 ], [ 17.497577592642216, 68.600290108107856 ], [ 17.495885050120535, 68.598770528120468 ], [ 17.495557139237629, 68.598714358643662 ], [ 17.49603287235292, 68.599561181826914 ], [ 17.494953934756133, 68.599064613304236 ], [ 17.494702518368776, 68.598772345404583 ], [ 17.494833685771361, 68.598537323468776 ], [ 17.495531338728817, 68.598347217944351 ], [ 17.495151107831969, 68.598182777864352 ], [ 17.495307644193108, 68.597828910555108 ], [ 17.494882056816426, 68.597632114427796 ], [ 17.494190149256905, 68.597665789341818 ], [ 17.494588573699748, 68.598319453889061 ], [ 17.493902363632898, 68.598592762897098 ], [ 17.493491091911658, 68.598956593462233 ], [ 17.491337610655549, 68.599418993783274 ], [ 17.490366132127054, 68.599793077471702 ], [ 17.48992993995881, 68.600325187080699 ], [ 17.48927437362304, 68.600450295936554 ], [ 17.48898885591397, 68.600876515377962 ], [ 17.489413397224727, 68.601263340327947 ], [ 17.487646670767774, 68.601519114297986 ], [ 17.488000793888709, 68.601949254494571 ], [ 17.487315869140499, 68.601789836318432 ], [ 17.48736564642428, 68.602092811013705 ], [ 17.486919847, 68.60213888918851 ], [ 17.486919847, 68.602392590440317 ], [ 17.487047453143692, 68.602655029605231 ], [ 17.486919847, 68.602731979173328 ], [ 17.486919847, 68.604470348308695 ], [ 17.48716107814511, 68.604530895668304 ], [ 17.48781875468373, 68.604490219160667 ], [ 17.488290675300636, 68.604796201892242 ], [ 17.489283069150229, 68.605100774464987 ], [ 17.490067452620607, 68.605034433197559 ], [ 17.490763616310367, 68.605342838128109 ], [ 17.492649537569889, 68.605542811421017 ], [ 17.494264005923007, 68.605615660621297 ], [ 17.495093049573171, 68.6053561227302 ], [ 17.496256820448838, 68.605624640436474 ], [ 17.495961132753926, 68.605359505598813 ] ], [ [ 17.487509752122698, 68.602366480602981 ], [ 17.487526145321443, 68.602183868931547 ], [ 17.488056522759265, 68.602121736146785 ], [ 17.487837938060924, 68.602466997988742 ], [ 17.487509752122698, 68.602366480602981 ] ], [ [ 17.489652702857935, 68.603206994734393 ], [ 17.48896756374651, 68.603003967893542 ], [ 17.488860558028261, 68.602814653446131 ], [ 17.489410341375798, 68.602969601541574 ], [ 17.489652702857935, 68.603206994734393 ] ], [ [ 17.492176816060198, 68.603026692832017 ], [ 17.492119034828274, 68.602973339443935 ], [ 17.492839146760165, 68.603057187925089 ], [ 17.492806707985903, 68.60318565020502 ], [ 17.492176816060198, 68.603026692832017 ] ], [ [ 17.488272388727513, 68.603519884979605 ], [ 17.488242064984107, 68.603408146966331 ], [ 17.488986959922855, 68.60356703479529 ], [ 17.488702952102848, 68.603665737249983 ], [ 17.488272388727513, 68.603519884979605 ] ] ] ] } },
{ "type": "Feature", "properties": { "fid": 226771, "navn": "Riikojávri", "hoyde_moh": 404, "arealInnsjo_km2": 1.4086, "magasinKategori": null, "fid_2": 1092, "id": 1092, "left": 17.486919847, "top": 68.946110046000001, "right": 17.986919847, "bottom": 68.446110046000001, "row_index": 11, "col_index": 27, "tile_id": 1092 }, "geometry": { "type": "MultiPolygon", "coordinates": [ [ [ [ 17.856464879384021, 68.616729303022325 ], [ 17.858960873736613, 68.616203919405422 ], [ 17.859324446029706, 68.615974314892171 ], [ 17.859494571691393, 68.615556696119853 ], [ 17.860293120824849, 68.615217997412131 ], [ 17.86075703367495, 68.614830308501169 ], [ 17.860450752067155, 68.614218259750118 ], [ 17.860391004048822, 68.61388461649571 ], [ 17.860587775764277, 68.613697518519558 ], [ 17.860435664331465, 68.613221993303554 ], [ 17.85908517491302, 68.612677762262535 ], [ 17.857923200102203, 68.611689828411215 ], [ 17.857916739066688, 68.611403486432707 ], [ 17.858817261670978, 68.610902915264262 ], [ 17.858987246910175, 68.610644638168665 ], [ 17.858559021096138, 68.610358273136512 ], [ 17.858605893147462, 68.609934667281905 ], [ 17.8575617279445, 68.609096262818483 ], [ 17.857385554883766, 68.608716837590848 ], [ 17.854199857867691, 68.606749629645691 ], [ 17.85424967085298, 68.6063466228332 ], [ 17.854024284557987, 68.605972068792724 ], [ 17.851612557453532, 68.604346196588196 ], [ 17.851598148569771, 68.603855318232846 ], [ 17.85095462427638, 68.603486315475692 ], [ 17.850517511043595, 68.602841459578414 ], [ 17.849498132567032, 68.602466426284295 ], [ 17.849669541345634, 68.602087306924432 ], [ 17.849612067780843, 68.60177391136402 ], [ 17.84905769046847, 68.600853294453557 ], [ 17.848322322555443, 68.600325062739969 ], [ 17.84520275408676, 68.599443952223552 ], [ 17.843846286050962, 68.599217494880563 ], [ 17.843174849128498, 68.598790947414187 ], [ 17.841436632062777, 68.598450988228436 ], [ 17.840900016944289, 68.59806380932487 ], [ 17.840236265071741, 68.597926622535894 ], [ 17.838763241636023, 68.597770495509096 ], [ 17.836383221122585, 68.597856751127011 ], [ 17.831964705372304, 68.598358158040782 ], [ 17.831973012681029, 68.598718343933513 ], [ 17.832424575493654, 68.599009133892906 ], [ 17.833418417756604, 68.598980831016675 ], [ 17.833854009373837, 68.599228618410564 ], [ 17.83358119355977, 68.599637791452537 ], [ 17.831571448443945, 68.600192432709377 ], [ 17.831224547996648, 68.600616850714857 ], [ 17.831097151952367, 68.60118560315378 ], [ 17.831447813341647, 68.602081417872427 ], [ 17.831871209691396, 68.602680495401785 ], [ 17.83272491342159, 68.603498367683656 ], [ 17.832990307081008, 68.603976760869102 ], [ 17.833299793792289, 68.604108987520419 ], [ 17.83317976777397, 68.604211815593359 ], [ 17.833301629259385, 68.604458600082438 ], [ 17.834013743157122, 68.604967985454408 ], [ 17.833976876678836, 68.605423815773946 ], [ 17.834419984242579, 68.606596618739843 ], [ 17.835824356746947, 68.607413647893779 ], [ 17.838912667049541, 68.608455973303123 ], [ 17.840814699739955, 68.609540431546407 ], [ 17.840346329026115, 68.610481554821249 ], [ 17.840413385096525, 68.610791827839762 ], [ 17.8432529273345, 68.612291604975368 ], [ 17.843365275765855, 68.61265811543602 ], [ 17.843853154269546, 68.6130748400615 ], [ 17.844067701160828, 68.613510182328383 ], [ 17.845168761074145, 68.614681371976644 ], [ 17.846146999306011, 68.615265394545929 ], [ 17.846235827801692, 68.615550702220787 ], [ 17.848116413935713, 68.616010937335858 ], [ 17.848679132455981, 68.616539223333973 ], [ 17.849657632589338, 68.616972861923912 ], [ 17.851246413820604, 68.617061422703671 ], [ 17.856464879384021, 68.616729303022325 ] ] ] ] } },
{ "type": "Feature", "properties": { "fid": 226772, "navn": null, "hoyde_moh": 442, "arealInnsjo_km2": 0.0067, "magasinKategori": null, "fid_2": 1092, "id": 1092, "left": 17.486919847, "top": 68.946110046000001, "right": 17.986919847, "bottom": 68.446110046000001, "row_index": 11, "col_index": 27, "tile_id": 1092 }, "geometry": { "type": "MultiPolygon", "coordinates": [ [ [ [ 17.903684830253855, 68.626506418107354 ], [ 17.903652689942394, 68.626303819802445 ], [ 17.90394678455165, 68.626125224799821 ], [ 17.903899757554331, 68.625990121618059 ], [ 17.902844543820045, 68.625610255915419 ], [ 17.902011954514528, 68.625754314512335 ], [ 17.901970302965225, 68.625953515513359 ], [ 17.90164263198897, 68.626146599492088 ], [ 17.90190670724564, 68.626355887108105 ], [ 17.903684830253855, 68.626506418107354 ] ] ] ] } },
{ "type": "Feature", "properties": { "fid": 226773, "navn": "Hestvatnet", "hoyde_moh": 194, "arealInnsjo_km2": 0.166, "magasinKategori": null, "fid_2": 1092, "id": 1092, "left": 17.486919847, "top": 68.946110046000001, "right": 17.986919847, "bottom": 68.446110046000001, "row_index": 11, "col_index": 27, "tile_id": 1092 }, "geometry": { "type": "MultiPolygon", "coordinates": [ [ [ [ 17.693361815488089, 68.647501022767131 ], [ 17.693401551801259, 68.647149340363796 ], [ 17.692939842137999, 68.646326440352013 ], [ 17.6933114300308, 68.645842450349846 ], [ 17.692203403925024, 68.645057423929273 ], [ 17.692226353063312, 68.644592554383451 ], [ 17.691911220920279, 68.64437192993897 ], [ 17.691251923958287, 68.644340803014984 ], [ 17.690810348978875, 68.644506721813741 ], [ 17.690831382601708, 68.644735181956278 ], [ 17.690393796528642, 68.644768282341616 ], [ 17.690625058745603, 68.644196239349213 ], [ 17.689298314275977, 68.643491429102866 ], [ 17.687724157718264, 68.642197246495172 ], [ 17.685906262825068, 68.641400965884841 ], [ 17.684870423359843, 68.641393225045448 ], [ 17.684757634843081, 68.641224568848358 ], [ 17.683812594338789, 68.640903734055669 ], [ 17.683374444291783, 68.640919233395948 ], [ 17.683569914294822, 68.64113280039561 ], [ 17.683121992285972, 68.641286772545612 ], [ 17.681795800172985, 68.641482267811142 ], [ 17.682279454372036, 68.641680212953048 ], [ 17.682319191705318, 68.641827054268887 ], [ 17.682162152209404, 68.642206089043157 ], [ 17.682228190951825, 68.642949137220526 ], [ 17.682007686141951, 68.643221829772401 ], [ 17.682246337397995, 68.643666468259113 ], [ 17.68305317812721, 68.643638555440717 ], [ 17.683298536593618, 68.64381407952483 ], [ 17.683313858732145, 68.644129157737723 ], [ 17.684907880953848, 68.644445411861938 ], [ 17.685555128704877, 68.64517328301784 ], [ 17.68693676113605, 68.645746559209542 ], [ 17.686973156685081, 68.646277979751986 ], [ 17.686608006850495, 68.646915428522547 ], [ 17.686647367702427, 68.647134800328132 ], [ 17.687401017233821, 68.647323585432844 ], [ 17.688863314414743, 68.64697293154984 ], [ 17.691196828609829, 68.646719757562224 ], [ 17.69182222414106, 68.647009304377164 ], [ 17.692108307009718, 68.647436749105836 ], [ 17.693361815488089, 68.647501022767131 ] ] ] ] } },
{ "type": "Feature", "properties": { "fid": 226774, "navn": "Sølvfjellvatnet", "hoyde_moh": 967, "arealInnsjo_km2": 0.0191, "magasinKategori": null, "fid_2": 1092, "id": 1092, "left": 17.486919847, "top": 68.946110046000001, "right": 17.986919847, "bottom": 68.446110046000001, "row_index": 11, "col_index": 27, "tile_id": 1092 }, "geometry": { "type": "MultiPolygon", "coordinates": [ [ [ [ 17.810758768800579, 68.690665322949187 ], [ 17.809710628891505, 68.69004093609415 ], [ 17.80900544023185, 68.689207343908848 ], [ 17.808086854766294, 68.689014180366073 ], [ 17.807137192562227, 68.688483024326786 ], [ 17.80674542214317, 68.688729475789728 ], [ 17.806770588567179, 68.689161815000105 ], [ 17.806529270800464, 68.68942542459088 ], [ 17.807623263259117, 68.689885336024417 ], [ 17.808053040434199, 68.68986472838202 ], [ 17.807790816278477, 68.690071866038238 ], [ 17.808548957916251, 68.690753507985022 ], [ 17.809482445487362, 68.690860427187147 ], [ 17.810758768800579, 68.690665322949187 ] ] ] ] } },
{ "type": "Feature", "properties": { "fid": 227251, "navn": "Spanstindvatnet", "hoyde_moh": 923, "arealInnsjo_km2": 0.1784, "magasinKategori": null, "fid_2": 1092, "id": 1092, "left": 17.486919847, "top": 68.946110046000001, "right": 17.986919847, "bottom": 68.446110046000001, "row_index": 11, "col_index": 27, "tile_id": 1092 }, "geometry": { "type": "MultiPolygon", "coordinates": [ [ [ [ 17.845238492294843, 68.701398558102383 ], [ 17.845417631446121, 68.701133960828813 ], [ 17.844905703031607, 68.700937550521914 ], [ 17.843703525237949, 68.700922324063754 ], [ 17.843703518096305, 68.700573130311525 ], [ 17.845254555801763, 68.699917578511872 ], [ 17.846135062061588, 68.699295926226611 ], [ 17.846625843343705, 68.699132811783926 ], [ 17.847963299440309, 68.699135054160749 ], [ 17.849169530713144, 68.699794530954478 ], [ 17.851244414321535, 68.699565730419252 ], [ 17.852333695796197, 68.699045279522252 ], [ 17.853599092884973, 68.697793292850676 ], [ 17.853572963138816, 68.69758870475907 ], [ 17.850801713387732, 68.697073533174546 ], [ 17.847981748564337, 68.697312017658618 ], [ 17.844905230830236, 68.696877749520738 ], [ 17.841328356011374, 68.69711638576355 ], [ 17.838449781917493, 68.696773737010673 ], [ 17.835876070901058, 68.696807612327277 ], [ 17.835550929260442, 68.69692805951118 ], [ 17.835633066024009, 68.697199841112266 ], [ 17.836163893327505, 68.69719057389095 ], [ 17.835669672414589, 68.697459101244931 ], [ 17.835838679386178, 68.697767575901977 ], [ 17.836540323974301, 68.697896105510296 ], [ 17.836586678521446, 68.698140659771099 ], [ 17.836933546106913, 68.698317602191395 ], [ 17.838997289219694, 68.69885233624133 ], [ 17.839597962296857, 68.698797899671391 ], [ 17.840684004434504, 68.698244367826277 ], [ 17.84113907409883, 68.69839632340215 ], [ 17.842256601723832, 68.698178069616333 ], [ 17.84232325368292, 68.698391491741319 ], [ 17.84131011560768, 68.698784203277398 ], [ 17.842221938535765, 68.699271835052897 ], [ 17.84234802129216, 68.699523485868028 ], [ 17.841931205309066, 68.699882112741221 ], [ 17.842167075004411, 68.700041881238732 ], [ 17.8422471846491, 68.700337752499451 ], [ 17.842984561075337, 68.700862516092954 ], [ 17.843125928470155, 68.701439763737 ], [ 17.844465986971478, 68.701641723770919 ], [ 17.845238492294843, 68.701398558102383 ] ], [ [ 17.846506178706914, 68.698028894967194 ], [ 17.846794270519545, 68.697844687116543 ], [ 17.847269744019446, 68.697844576230437 ], [ 17.846813315511508, 68.698151101024536 ], [ 17.846506178706914, 68.698028894967194 ] ] ] ] } },
{ "type": "Feature", "properties": { "fid": 227252, "navn": null, "hoyde_moh": 814, "arealInnsjo_km2": 0.0121, "magasinKategori": null, "fid_2": 1092, "id": 1092, "left": 17.486919847, "top": 68.946110046000001, "right": 17.986919847, "bottom": 68.446110046000001, "row_index": 11, "col_index": 27, "tile_id": 1092 }, "geometry": { "type": "MultiPolygon", "coordinates": [ [ [ [ 17.971853428877889, 68.748908084186681 ], [ 17.971752686934153, 68.748199110188551 ], [ 17.971853004362831, 68.74800316770245 ], [ 17.97137405489449, 68.747510454838348 ], [ 17.971710541041109, 68.74710191152505 ], [ 17.971212641404822, 68.74717582663294 ], [ 17.970415109096852, 68.747634203605102 ], [ 17.970060789461265, 68.748029859912421 ], [ 17.970072721524531, 68.748418282645716 ], [ 17.969904681456008, 68.748609396924408 ], [ 17.970026105430861, 68.748865008313459 ], [ 17.96988539747128, 68.748940014034034 ], [ 17.970631418622059, 68.749104589195852 ], [ 17.971853428877889, 68.748908084186681 ] ] ] ] } },
{ "type": "Feature", "properties": { "fid": 240290, "navn": null, "hoyde_moh": 457, "arealInnsjo_km2": 0.0026, "magasinKategori": null, "fid_2": 1092, "id": 1092, "left": 17.486919847, "top": 68.946110046000001, "right": 17.986919847, "bottom": 68.446110046000001, "row_index": 11, "col_index": 27, "tile_id": 1092 }, "geometry": { "type": "MultiPolygon", "coordinates": [ [ [ [ 17.523532218005389, 68.62101553859442 ], [ 17.523776889629183, 68.620903276692744 ], [ 17.523666425557813, 68.620754419398764 ], [ 17.522966455980651, 68.620475275265832 ], [ 17.522351812561858, 68.620434215632457 ], [ 17.522906861218953, 68.620789665617224 ], [ 17.523136633667193, 68.621233900789221 ], [ 17.523457602902539, 68.621285996903154 ], [ 17.523532218005389, 68.62101553859442 ] ] ] ] } },
{ "type": "Feature", "properties": { "fid": 240291, "navn": null, "hoyde_moh": 310, "arealInnsjo_km2": 0.0029, "magasinKategori": null, "fid_2": 1092, "id": 1092, "left": 17.486919847, "top": 68.946110046000001, "right": 17.986919847, "bottom": 68.446110046000001, "row_index": 11, "col_index": 27, "tile_id": 1092 }, "geometry": { "type": "MultiPolygon", "coordinates": [ [ [ [ 17.749143565697409, 68.519974110880838 ], [ 17.749056871625712, 68.51980138996727 ], [ 17.749286630380077, 68.519697182123011 ], [ 17.749170896736111, 68.519571523989114 ], [ 17.747932895058465, 68.519627968980501 ], [ 17.747917225203757, 68.520048047818435 ], [ 17.749143565697409, 68.519974110880838 ] ] ] ] } },
{ "type": "Feature", "properties": { "fid": 240292, "navn": null, "hoyde_moh": 419, "arealInnsjo_km2": 0.0046, "magasinKategori": null, "fid_2": 1092, "id": 1092, "left": 17.486919847, "top": 68.946110046000001, "right": 17.986919847, "bottom": 68.446110046000001, "row_index": 11, "col_index": 27, "tile_id": 1092 }, "geometry": { "type": "MultiPolygon", "coordinates": [ [ [ [ 17.659889131663931, 68.526358145323442 ], [ 17.659620526480278, 68.525927341334949 ], [ 17.659159197402932, 68.525833400404963 ], [ 17.658534556587203, 68.526172165666054 ], [ 17.656876635048544, 68.526434291100571 ], [ 17.659426790157394, 68.526515275048595 ], [ 17.659889131663931, 68.526358145323442 ] ] ] ] } },
{ "type": "Feature", "properties": { "fid": 240293, "navn": null, "hoyde_moh": 455, "arealInnsjo_km2": 0.0074, "magasinKategori": null, "fid_2": 1092, "id": 1092, "left": 17.486919847, "top": 68.946110046000001, "right": 17.986919847, "bottom": 68.446110046000001, "row_index": 11, "col_index": 27, "tile_id": 1092 }, "geometry": { "type": "MultiPolygon", "coordinates": [ [ [ [ 17.53299120661686, 68.624548216374905 ], [ 17.533492307794901, 68.62448459073407 ], [ 17.533457396109718, 68.624351925135542 ], [ 17.532336251450904, 68.624325603081147 ], [ 17.531244660826989, 68.624009562932827 ], [ 17.531397795833222, 68.624261257878246 ], [ 17.531070499722215, 68.624256121047907 ], [ 17.530513059455487, 68.624073321965213 ], [ 17.530813108963418, 68.623756304650129 ], [ 17.530159765157475, 68.623525761189882 ], [ 17.529880432363932, 68.623598972565915 ], [ 17.529838673686143, 68.623883121933375 ], [ 17.529248359736918, 68.623836246144137 ], [ 17.531642606189113, 68.624717015402183 ], [ 17.532663927047203, 68.624848325040816 ], [ 17.53299120661686, 68.624548216374905 ] ] ] ] } },
{ "type": "Feature", "properties": { "fid": 240294, "navn": null, "hoyde_moh": 368, "arealInnsjo_km2": 0.0027, "magasinKategori": null, "fid_2": 1092, "id": 1092, "left": 17.486919847, "top": 68.946110046000001, "right": 17.986919847, "bottom": 68.446110046000001, "row_index": 11, "col_index": 27, "tile_id": 1092 }, "geometry": { "type": "MultiPolygon", "coordinates": [ [ [ [ 17.609693329089247, 68.529530108019827 ], [ 17.609230218190604, 68.529366588581411 ], [ 17.607763957716802, 68.529618957682871 ], [ 17.608039366916117, 68.529839428928739 ], [ 17.608952216265642, 68.529866717643216 ], [ 17.609693329089247, 68.529530108019827 ] ] ] ] } },
{ "type": "Feature", "properties": { "fid": 240295, "navn": null, "hoyde_moh": 327, "arealInnsjo_km2": 0.003, "magasinKategori": null, "fid_2": 1092, "id": 1092, "left": 17.486919847, "top": 68.946110046000001, "right": 17.986919847, "bottom": 68.446110046000001, "row_index": 11, "col_index": 27, "tile_id": 1092 }, "geometry": { "type": "MultiPolygon", "coordinates": [ [ [ [ 17.715409002125909, 68.535403267440159 ], [ 17.715598874747919, 68.535199401866407 ], [ 17.71336398219912, 68.535241712909055 ], [ 17.713567504032923, 68.535519377498744 ], [ 17.714530005493373, 68.535576980799092 ], [ 17.715409002125909, 68.535403267440159 ] ] ] ] } },
{ "type": "Feature", "properties": { "fid": 240296, "navn": null, "hoyde_moh": 407, "arealInnsjo_km2": 0.0033, "magasinKategori": null, "fid_2": 1092, "id": 1092, "left": 17.486919847, "top": 68.946110046000001, "right": 17.986919847, "bottom": 68.446110046000001, "row_index": 11, "col_index": 27, "tile_id": 1092 }, "geometry": { "type": "MultiPolygon", "coordinates": [ [ [ [ 17.879367752312422, 68.622062151114193 ], [ 17.879151109840119, 68.621754531485408 ], [ 17.878667431709243, 68.621662881631877 ], [ 17.877658384539039, 68.621929317759808 ], [ 17.877712190153876, 68.622116645836911 ], [ 17.87797796890856, 68.62222054840332 ], [ 17.87887434777366, 68.622226421895334 ], [ 17.879367752312422, 68.622062151114193 ] ] ] ] } },
{ "type": "Feature", "properties": { "fid": 240298, "navn": null, "hoyde_moh": 447, "arealInnsjo_km2": 0.0035, "magasinKategori": null, "fid_2": 1092, "id": 1092, "left": 17.486919847, "top": 68.946110046000001, "right": 17.986919847, "bottom": 68.446110046000001, "row_index": 11, "col_index": 27, "tile_id": 1092 }, "geometry": { "type": "MultiPolygon", "coordinates": [ [ [ [ 17.487630007528985, 68.557048553848105 ], [ 17.486919847, 68.556663107448045 ], [ 17.486919847, 68.55703972872044 ], [ 17.487630007528985, 68.557048553848105 ] ] ] ] } },
{ "type": "Feature", "properties": { "fid": 240299, "navn": null, "hoyde_moh": 673, "arealInnsjo_km2": 0.0025, "magasinKategori": null, "fid_2": 1092, "id": 1092, "left": 17.486919847, "top": 68.946110046000001, "right": 17.986919847, "bottom": 68.446110046000001, "row_index": 11, "col_index": 27, "tile_id": 1092 }, "geometry": { "type": "MultiPolygon", "coordinates": [ [ [ [ 17.87691213223631, 68.550871052700259 ], [ 17.876882621451252, 68.55055951673954 ], [ 17.876286587899173, 68.550432550563698 ], [ 17.875729792720918, 68.550599267128177 ], [ 17.875989011364723, 68.550952295741325 ], [ 17.87666208371537, 68.551000652320184 ], [ 17.87691213223631, 68.550871052700259 ] ] ] ] } },
{ "type": "Feature", "properties": { "fid": 240301, "navn": null, "hoyde_moh": 272, "arealInnsjo_km2": 0.0028, "magasinKategori": null, "fid_2": 1092, "id": 1092, "left": 17.486919847, "top": 68.946110046000001, "right": 17.986919847, "bottom": 68.446110046000001, "row_index": 11, "col_index": 27, "tile_id": 1092 }, "geometry": { "type": "MultiPolygon", "coordinates": [ [ [ [ 17.635750993305049, 68.601997007845071 ], [ 17.635797475711332, 68.601802496188611 ], [ 17.634257335752526, 68.601596999123913 ], [ 17.634202030322768, 68.601833743927216 ], [ 17.634385805983651, 68.601937858627963 ], [ 17.635750993305049, 68.601997007845071 ] ] ] ] } },
{ "type": "Feature", "properties": { "fid": 240302, "navn": null, "hoyde_moh": 891, "arealInnsjo_km2": 0.0026, "magasinKategori": null, "fid_2": 1092, "id": 1092, "left": 17.486919847, "top": 68.946110046000001, "right": 17.986919847, "bottom": 68.446110046000001, "row_index": 11, "col_index": 27, "tile_id": 1092 }, "geometry": { "type": "MultiPolygon", "coordinates": [ [ [ [ 17.93568983271361, 68.613687946666843 ], [ 17.935215075553291, 68.613352927921497 ], [ 17.934645189201085, 68.61324767878672 ], [ 17.93436503414258, 68.613371778109766 ], [ 17.934455867452115, 68.613633769360504 ], [ 17.935417267119966, 68.613892621480176 ], [ 17.93568983271361, 68.613687946666843 ] ] ] ] } },
{ "type": "Feature", "properties": { "fid": 240303, "navn": null, "hoyde_moh": 845, "arealInnsjo_km2": 0.0037, "magasinKategori": null, "fid_2": 1092, "id": 1092, "left": 17.486919847, "top": 68.946110046000001, "right": 17.986919847, "bottom": 68.446110046000001, "row_index": 11, "col_index": 27, "tile_id": 1092 }, "geometry": { "type": "MultiPolygon", "coordinates": [ [ [ [ 17.813351646096052, 68.647264846708438 ], [ 17.813519909968281, 68.646774791398187 ], [ 17.8141091271685, 68.646516310378985 ], [ 17.812888399184672, 68.646671052587379 ], [ 17.812100672365744, 68.647226103365469 ], [ 17.813351646096052, 68.647264846708438 ] ] ] ] } },
{ "type": "Feature", "properties": { "fid": 240304, "navn": null, "hoyde_moh": 989, "arealInnsjo_km2": 0.0042, "magasinKategori": null, "fid_2": 1092, "id": 1092, "left": 17.486919847, "top": 68.946110046000001, "right": 17.986919847, "bottom": 68.446110046000001, "row_index": 11, "col_index": 27, "tile_id": 1092 }, "geometry": { "type": "MultiPolygon", "coordinates": [ [ [ [ 17.979872674991263, 68.719016303316124 ], [ 17.97980888294202, 68.718494129396433 ], [ 17.979073385596589, 68.718341991604888 ], [ 17.978484834723282, 68.718472387559714 ], [ 17.978561822997762, 68.71898256859167 ], [ 17.979505381151863, 68.719125118185062 ], [ 17.979872674991263, 68.719016303316124 ] ] ] ] } },
{ "type": "Feature", "properties": { "fid": 240306, "navn": "Lomvatnet", "hoyde_moh": 229, "arealInnsjo_km2": 0.0026, "magasinKategori": null, "fid_2": 1092, "id": 1092, "left": 17.486919847, "top": 68.946110046000001, "right": 17.986919847, "bottom": 68.446110046000001, "row_index": 11, "col_index": 27, "tile_id": 1092 }, "geometry": { "type": "MultiPolygon", "coordinates": [ [ [ [ 17.717417717783221, 68.765760156554208 ], [ 17.717106876587113, 68.765591008085167 ], [ 17.717172560612983, 68.765477935008391 ], [ 17.716692106715069, 68.765282333919913 ], [ 17.716074937345745, 68.765293395034973 ], [ 17.715869009549408, 68.765450363924103 ], [ 17.717195154432122, 68.765918740299384 ], [ 17.717417717783221, 68.765760156554208 ] ] ] ] } },
{ "type": "Feature", "properties": { "fid": 240307, "navn": null, "hoyde_moh": 705, "arealInnsjo_km2": 0.0026, "magasinKategori": null, "fid_2": 1092, "id": 1092, "left": 17.486919847, "top": 68.946110046000001, "right": 17.986919847, "bottom": 68.446110046000001, "row_index": 11, "col_index": 27, "tile_id": 1092 }, "geometry": { "type": "MultiPolygon", "coordinates": [ [ [ [ 17.940635852007716, 68.765004495901252 ], [ 17.940475682453961, 68.764913015174145 ], [ 17.940805464410982, 68.764603142654678 ], [ 17.940765957496026, 68.764474646224002 ], [ 17.940048978575483, 68.764427122708412 ], [ 17.939448244127373, 68.764682355701368 ], [ 17.940437277273734, 68.765074104667363 ], [ 17.940635852007716, 68.765004495901252 ] ] ] ] } },
{ "type": "Feature", "properties": { "fid": 240308, "navn": null, "hoyde_moh": 711, "arealInnsjo_km2": 0.0041, "magasinKategori": null, "fid_2": 1092, "id": 1092, "left": 17.486919847, "top": 68.946110046000001, "right": 17.986919847, "bottom": 68.446110046000001, "row_index": 11, "col_index": 27, "tile_id": 1092 }, "geometry": { "type": "MultiPolygon", "coordinates": [ [ [ [ 17.94096403345554, 68.766229127428872 ], [ 17.940046770140754, 68.765904990488949 ], [ 17.940025696687687, 68.765616020502591 ], [ 17.939463040252171, 68.765572818101433 ], [ 17.939555762103208, 68.766440113809423 ], [ 17.939849986666729, 68.766575232780696 ], [ 17.940451138930932, 68.766544063209111 ], [ 17.94096403345554, 68.766229127428872 ] ] ] ] } },
{ "type": "Feature", "properties": { "fid": 240309, "navn": null, "hoyde_moh": 844, "arealInnsjo_km2": 0.0066, "magasinKategori": null, "fid_2": 1092, "id": 1092, "left": 17.486919847, "top": 68.946110046000001, "right": 17.986919847, "bottom": 68.446110046000001, "row_index": 11, "col_index": 27, "tile_id": 1092 }, "geometry": { "type": "MultiPolygon", "coordinates": [ [ [ [ 17.955330580209779, 68.773560375138189 ], [ 17.954650158980673, 68.773473489201962 ], [ 17.954781550151658, 68.773156992932329 ], [ 17.95464607945857, 68.77306958193995 ], [ 17.952489624616849, 68.772873756649659 ], [ 17.951993169819904, 68.77305297372402 ], [ 17.951988651071431, 68.773205666227554 ], [ 17.952350121494952, 68.773316073988056 ], [ 17.954337171299755, 68.773541786857777 ], [ 17.954964839688046, 68.773791095508955 ], [ 17.95540380214274, 68.773738644256909 ], [ 17.955330580209779, 68.773560375138189 ] ] ] ] } },
{ "type": "Feature", "properties": { "fid": 240326, "navn": null, "hoyde_moh": 763, "arealInnsjo_km2": 0.0032, "magasinKategori": null, "fid_2": 1092, "id": 1092, "left": 17.486919847, "top": 68.946110046000001, "right": 17.986919847, "bottom": 68.446110046000001, "row_index": 11, "col_index": 27, "tile_id": 1092 }, "geometry": { "type": "MultiPolygon", "coordinates": [ [ [ [ 17.891341107855805, 68.796542232673062 ], [ 17.892521559749234, 68.796563670224842 ], [ 17.891478283992768, 68.796085034550629 ], [ 17.890470948650115, 68.796258131986974 ], [ 17.890762996219177, 68.796577939380299 ], [ 17.891426736229821, 68.796674349423597 ], [ 17.891341107855805, 68.796542232673062 ] ] ] ] } },
{ "type": "Feature", "properties": { "fid": 240327, "navn": null, "hoyde_moh": 810, "arealInnsjo_km2": 0.0025, "magasinKategori": null, "fid_2": 1092, "id": 1092, "left": 17.486919847, "top": 68.946110046000001, "right": 17.986919847, "bottom": 68.446110046000001, "row_index": 11, "col_index": 27, "tile_id": 1092 }, "geometry": { "type": "MultiPolygon", "coordinates": [ [ [ [ 17.920803508685175, 68.797295151107818 ], [ 17.919485132034978, 68.797013524457896 ], [ 17.918920316143872, 68.797076658346896 ], [ 17.919363493800734, 68.797341126508428 ], [ 17.920546921891532, 68.79759213199155 ], [ 17.920803508685175, 68.797295151107818 ] ] ] ] } },
{ "type": "Feature", "properties": { "fid": 240329, "navn": null, "hoyde_moh": 483, "arealInnsjo_km2": 0.0043, "magasinKategori": null, "fid_2": 1092, "id": 1092, "left": 17.486919847, "top": 68.946110046000001, "right": 17.986919847, "bottom": 68.446110046000001, "row_index": 11, "col_index": 27, "tile_id": 1092 }, "geometry": { "type": "MultiPolygon", "coordinates": [ [ [ [ 17.531574590988772, 68.782353106209072 ], [ 17.531558123464624, 68.782219266381617 ], [ 17.532184854565237, 68.782026639863361 ], [ 17.532220199511737, 68.781418507979339 ], [ 17.531413431392551, 68.781359113818112 ], [ 17.531376458603852, 68.781693982493934 ], [ 17.530853559285369, 68.782065362911055 ], [ 17.531133149649257, 68.782406096683403 ], [ 17.531574590988772, 68.782353106209072 ] ] ] ] } },
{ "type": "Feature", "properties": { "fid": 240330, "navn": null, "hoyde_moh": 497, "arealInnsjo_km2": 0.0032, "magasinKategori": null, "fid_2": 1092, "id": 1092, "left": 17.486919847, "top": 68.946110046000001, "right": 17.986919847, "bottom": 68.446110046000001, "row_index": 11, "col_index": 27, "tile_id": 1092 }, "geometry": { "type": "MultiPolygon", "coordinates": [ [ [ [ 17.537923601230087, 68.781729123121181 ], [ 17.538108084323429, 68.781141821340455 ], [ 17.536885259461588, 68.781207868235526 ], [ 17.537089390774049, 68.781724823963685 ], [ 17.537703371894406, 68.781874941912278 ], [ 17.537923601230087, 68.781729123121181 ] ] ] ] } },
{ "type": "Feature", "properties": { "fid": 240331, "navn": null, "hoyde_moh": 444, "arealInnsjo_km2": 0.0185, "magasinKategori": null, "fid_2": 1092, "id": 1092, "left": 17.486919847, "top": 68.946110046000001, "right": 17.986919847, "bottom": 68.446110046000001, "row_index": 11, "col_index": 27, "tile_id": 1092 }, "geometry": { "type": "MultiPolygon", "coordinates": [ [ [ [ 17.508381539963185, 68.795361882778053 ], [ 17.510199768210292, 68.794929776408964 ], [ 17.509776197350412, 68.794893323033008 ], [ 17.509927154185029, 68.79468673297616 ], [ 17.509703858931527, 68.794382020521795 ], [ 17.50877799523677, 68.79448564267777 ], [ 17.508750829715471, 68.79469309346905 ], [ 17.508536192637965, 68.794792387670412 ], [ 17.507802022469008, 68.7947890617789 ], [ 17.507008809732945, 68.795000833933742 ], [ 17.506120970823918, 68.794960461809453 ], [ 17.506245380895582, 68.794704995935817 ], [ 17.505955840997693, 68.794617101868496 ], [ 17.505835332958757, 68.794748837067857 ], [ 17.504772782806469, 68.794818915638899 ], [ 17.504483634965993, 68.795313298125251 ], [ 17.504177276220943, 68.795463481362631 ], [ 17.504376003369156, 68.795684917815763 ], [ 17.504639869038186, 68.795694484731627 ], [ 17.504895915541216, 68.795476206814811 ], [ 17.506890565440301, 68.795840828350052 ], [ 17.508381539963185, 68.795361882778053 ] ] ] ] } },
{ "type": "Feature", "properties": { "fid": 240334, "navn": null, "hoyde_moh": 680, "arealInnsjo_km2": 0.0033, "magasinKategori": null, "fid_2": 1092, "id": 1092, "left": 17.486919847, "top": 68.946110046000001, "right": 17.986919847, "bottom": 68.446110046000001, "row_index": 11, "col_index": 27, "tile_id": 1092 }, "geometry": { "type": "MultiPolygon", "coordinates": [ [ [ [ 17.874239192658905, 68.798571236851231 ], [ 17.873513550955739, 68.798114761523578 ], [ 17.872288616881139, 68.798085326257237 ], [ 17.872588951401756, 68.798444249731759 ], [ 17.874204781008292, 68.798799920466422 ], [ 17.874239192658905, 68.798571236851231 ] ] ] ] } },
{ "type": "Feature", "properties": { "fid": 240364, "navn": null, "hoyde_moh": 681, "arealInnsjo_km2": 0.0062, "magasinKategori": null, "fid_2": 1092, "id": 1092, "left": 17.486919847, "top": 68.946110046000001, "right": 17.986919847, "bottom": 68.446110046000001, "row_index": 11, "col_index": 27, "tile_id": 1092 }, "geometry": { "type": "MultiPolygon", "coordinates": [ [ [ [ 17.59716139716971, 68.830567724827773 ], [ 17.594865593213367, 68.830046344862978 ], [ 17.594677773982458, 68.830138966111662 ], [ 17.59486699459806, 68.830270704265473 ], [ 17.594803108812844, 68.830361432453884 ], [ 17.594306320076775, 68.830360044932959 ], [ 17.595413025919044, 68.830693173813074 ], [ 17.595609951943768, 68.831103025828199 ], [ 17.596037633983524, 68.831150342032771 ], [ 17.59716139716971, 68.830567724827773 ] ] ] ] } },
{ "type": "Feature", "properties": { "fid": 240432, "navn": null, "hoyde_moh": 615, "arealInnsjo_km2": 0.01, "magasinKategori": null, "fid_2": 1092, "id": 1092, "left": 17.486919847, "top": 68.946110046000001, "right": 17.986919847, "bottom": 68.446110046000001, "row_index": 11, "col_index": 27, "tile_id": 1092 }, "geometry": { "type": "MultiPolygon", "coordinates": [ [ [ [ 17.679842875244926, 68.836018529898951 ], [ 17.680150061614075, 68.835672518705223 ], [ 17.679052920164015, 68.835252706972398 ], [ 17.678263974483507, 68.835229332836903 ], [ 17.677750387266443, 68.835561180694171 ], [ 17.676319155170393, 68.835820240738627 ], [ 17.676882939599974, 68.835949494423346 ], [ 17.677356331872144, 68.835735146103502 ], [ 17.677694483666201, 68.835779183219017 ], [ 17.677852777885171, 68.836102864226888 ], [ 17.678836223328755, 68.836284467022551 ], [ 17.679842875244926, 68.836018529898951 ] ] ] ] } },
{ "type": "Feature", "properties": { "fid": 240447, "navn": null, "hoyde_moh": 636, "arealInnsjo_km2": 0.0046, "magasinKategori": null, "fid_2": 1092, "id": 1092, "left": 17.486919847, "top": 68.946110046000001, "right": 17.986919847, "bottom": 68.446110046000001, "row_index": 11, "col_index": 27, "tile_id": 1092 }, "geometry": { "type": "MultiPolygon", "coordinates": [ [ [ [ 17.871120922812786, 68.802115920888056 ], [ 17.872337550698507, 68.802188776493878 ], [ 17.87142133495729, 68.801697725263722 ], [ 17.869603241874355, 68.801486472068731 ], [ 17.870704910828767, 68.801817929344068 ], [ 17.870565643426914, 68.802394979150606 ], [ 17.870891205000728, 68.802507335780547 ], [ 17.871120922812786, 68.802115920888056 ] ] ] ] } },
{ "type": "Feature", "properties": { "fid": 240448, "navn": null, "hoyde_moh": 605, "arealInnsjo_km2": 0.0033, "magasinKategori": null, "fid_2": 1092, "id": 1092, "left": 17.486919847, "top": 68.946110046000001, "right": 17.986919847, "bottom": 68.446110046000001, "row_index": 11, "col_index": 27, "tile_id": 1092 }, "geometry": { "type": "MultiPolygon", "coordinates": [ [ [ [ 17.67450053347001, 68.838083097420082 ], [ 17.675243264738846, 68.838062339685507 ], [ 17.675290636569684, 68.837837202464996 ], [ 17.675109463881551, 68.837570785305928 ], [ 17.674046581663358, 68.837614442976573 ], [ 17.673923810997358, 68.83824458061919 ], [ 17.674249387479755, 68.838266473527611 ], [ 17.67450053347001, 68.838083097420082 ] ] ] ] } },
{ "type": "Feature", "properties": { "fid": 240454, "navn": null, "hoyde_moh": 665, "arealInnsjo_km2": 0.0038, "magasinKategori": null, "fid_2": 1092, "id": 1092, "left": 17.486919847, "top": 68.946110046000001, "right": 17.986919847, "bottom": 68.446110046000001, "row_index": 11, "col_index": 27, "tile_id": 1092 }, "geometry": { "type": "MultiPolygon", "coordinates": [ [ [ [ 17.658559446371001, 68.809767773644097 ], [ 17.660018135250827, 68.809603284721462 ], [ 17.659743398739028, 68.809442887982271 ], [ 17.658435229690934, 68.809337185667346 ], [ 17.658132309222218, 68.809426300464196 ], [ 17.658087961388148, 68.809592684296049 ], [ 17.657354607963725, 68.809683960324108 ], [ 17.657965315913355, 68.809927868407172 ], [ 17.658559446371001, 68.809767773644097 ] ] ] ] } },
{ "type": "Feature", "properties": { "fid": 240455, "navn": null, "hoyde_moh": 689, "arealInnsjo_km2": 0.0057, "magasinKategori": null, "fid_2": 1092, "id": 1092, "left": 17.486919847, "top": 68.946110046000001, "right": 17.986919847, "bottom": 68.446110046000001, "row_index": 11, "col_index": 27, "tile_id": 1092 }, "geometry": { "type": "MultiPolygon", "coordinates": [ [ [ [ 17.605707811838268, 68.824261844396702 ], [ 17.6063867100472, 68.823910365472557 ], [ 17.606161127575074, 68.823680469623284 ], [ 17.605489980936621, 68.82367281703219 ], [ 17.603236971056631, 68.824147156327996 ], [ 17.603509987178072, 68.82435837800945 ], [ 17.604235515186122, 68.82419458460474 ], [ 17.605707811838268, 68.824261844396702 ] ] ] ] } },
{ "type": "Feature", "properties": { "fid": 240460, "navn": null, "hoyde_moh": 668, "arealInnsjo_km2": 0.0108, "magasinKategori": null, "fid_2": 1092, "id": 1092, "left": 17.486919847, "top": 68.946110046000001, "right": 17.986919847, "bottom": 68.446110046000001, "row_index": 11, "col_index": 27, "tile_id": 1092 }, "geometry": { "type": "MultiPolygon", "coordinates": [ [ [ [ 17.5806646271384, 68.842521478941691 ], [ 17.581038331985056, 68.841930444729329 ], [ 17.580952255623902, 68.841812023461827 ], [ 17.581562156460365, 68.841747832078141 ], [ 17.581201254890296, 68.841445376456761 ], [ 17.581269356860904, 68.841281263582474 ], [ 17.581738663887492, 68.84138811916587 ], [ 17.582030427198593, 68.841216120426822 ], [ 17.581676517637082, 68.840751737564631 ], [ 17.581416941495789, 68.840594038220871 ], [ 17.581040393417037, 68.840620220949731 ], [ 17.581175059190372, 68.840865889796817 ], [ 17.580741163266751, 68.841050456685295 ], [ 17.581034342249065, 68.841377366817227 ], [ 17.580987448268058, 68.841557223003321 ], [ 17.579990107414485, 68.841346911051431 ], [ 17.579554637118346, 68.841622775753876 ], [ 17.580140054763444, 68.841796622927035 ], [ 17.579417864077158, 68.842433422200756 ], [ 17.57962576566575, 68.84278119475141 ], [ 17.579946096244182, 68.842841671429454 ], [ 17.5806646271384, 68.842521478941691 ] ] ] ] } },
{ "type": "Feature", "properties": { "fid": 240484, "navn": "Elveskardvatnan", "hoyde_moh": 664, "arealInnsjo_km2": 0.3049, "magasinKategori": null, "fid_2": 1092, "id": 1092, "left": 17.486919847, "top": 68.946110046000001, "right": 17.986919847, "bottom": 68.446110046000001, "row_index": 11, "col_index": 27, "tile_id": 1092 }, "geometry": { "type": "MultiPolygon", "coordinates": [ [ [ [ 17.628836895114212, 68.851996712063382 ], [ 17.631173038330118, 68.851818043322496 ], [ 17.632773076063117, 68.85127233952511 ], [ 17.633756382892052, 68.850287224861574 ], [ 17.63428711604957, 68.849968003072902 ], [ 17.635569216081024, 68.849653467317822 ], [ 17.636171170465172, 68.849231263670944 ], [ 17.637639526059537, 68.848782422365858 ], [ 17.638476528951923, 68.848051217589656 ], [ 17.639663652342211, 68.847409980231845 ], [ 17.641203025352961, 68.846200768164778 ], [ 17.641174179686683, 68.84524299579833 ], [ 17.640660202454626, 68.844805978517158 ], [ 17.639817879349046, 68.844562006209642 ], [ 17.638688350036354, 68.84475250310831 ], [ 17.637409250863218, 68.844675870384748 ], [ 17.634950157050945, 68.844919369682245 ], [ 17.633452612392514, 68.845229523762868 ], [ 17.63226905634259, 68.845191671493595 ], [ 17.630793235705365, 68.845540867012346 ], [ 17.627746506365011, 68.847119737716056 ], [ 17.627311905913828, 68.847774389090574 ], [ 17.62686268098431, 68.848104445749186 ], [ 17.626671711618208, 68.848537766487183 ], [ 17.625601892305827, 68.848840518849869 ], [ 17.625944189796151, 68.848933511944026 ], [ 17.625990689390868, 68.849242175009692 ], [ 17.626742602747488, 68.849536798190883 ], [ 17.62689965029239, 68.849991757061659 ], [ 17.626227210966515, 68.850450018132079 ], [ 17.626743504288111, 68.850702327616673 ], [ 17.62670271782212, 68.850867835599459 ], [ 17.62605597338235, 68.851226430854894 ], [ 17.625358826665444, 68.851331708829974 ], [ 17.626054856148389, 68.851451999392722 ], [ 17.628120792242946, 68.852244105476515 ], [ 17.628836895114212, 68.851996712063382 ] ], [ [ 17.627700106867394, 68.850892721651988 ], [ 17.628199683398979, 68.850789949715534 ], [ 17.62865357192209, 68.850978954714563 ], [ 17.627700106867394, 68.850892721651988 ] ] ] ] } },
{ "type": "Feature", "properties": { "fid": 240487, "navn": "Elveskardvatnan", "hoyde_moh": 478, "arealInnsjo_km2": 0.2667, "magasinKategori": null, "fid_2": 1092, "id": 1092, "left": 17.486919847, "top": 68.946110046000001, "right": 17.986919847, "bottom": 68.446110046000001, "row_index": 11, "col_index": 27, "tile_id": 1092 }, "geometry": { "type": "MultiPolygon", "coordinates": [ [ [ [ 17.607272170980242, 68.857184863806268 ], [ 17.607671705258994, 68.856798275413894 ], [ 17.609311803248907, 68.856789899951607 ], [ 17.609573672203137, 68.856579449783439 ], [ 17.608573446357511, 68.856217655517156 ], [ 17.60871526213046, 68.856104545374549 ], [ 17.609212559543383, 68.856179218576713 ], [ 17.609285877583314, 68.856092469286921 ], [ 17.609099020042532, 68.855998223957386 ], [ 17.609557682949525, 68.855863018442975 ], [ 17.610386866485864, 68.855908181646299 ], [ 17.610918528799321, 68.856369516535111 ], [ 17.616019087088354, 68.85657070392476 ], [ 17.616421212100867, 68.856373791308059 ], [ 17.6162224708469, 68.856322369019296 ], [ 17.61773070916648, 68.856159769835756 ], [ 17.619022923239001, 68.855273751311103 ], [ 17.618153238998268, 68.853755593732444 ], [ 17.617532972449663, 68.853199339003822 ], [ 17.616985938705803, 68.853006263804701 ], [ 17.615481875529888, 68.852696872520042 ], [ 17.613656694284856, 68.852549652831556 ], [ 17.608248985397726, 68.852594464620083 ], [ 17.607206789560092, 68.852772274145167 ], [ 17.60598426546672, 68.853344611749804 ], [ 17.605517646968863, 68.854056860222855 ], [ 17.605067161554018, 68.85442438911754 ], [ 17.603459264887118, 68.855217567805838 ], [ 17.60338202231204, 68.855442503605971 ], [ 17.60276533277435, 68.855504539466281 ], [ 17.602748705893202, 68.855616984628767 ], [ 17.603130597771187, 68.855757076230134 ], [ 17.604550093118814, 68.855917806128346 ], [ 17.604307003591078, 68.856064146333992 ], [ 17.604438809416205, 68.856246479416797 ], [ 17.604214750416684, 68.856362281324394 ], [ 17.603964960484017, 68.856377595040939 ], [ 17.60389846749969, 68.856230611279685 ], [ 17.603234339913669, 68.856288977122404 ], [ 17.6028426605648, 68.855936501475938 ], [ 17.60013134978308, 68.855501487295527 ], [ 17.598613486539243, 68.855582581309278 ], [ 17.598363252774796, 68.855958787604749 ], [ 17.59901137958796, 68.856236718082314 ], [ 17.598971366318906, 68.856450940178945 ], [ 17.599427177170426, 68.856759272820526 ], [ 17.600935635061091, 68.856832511076519 ], [ 17.602510615913697, 68.857313361095024 ], [ 17.603859511237257, 68.85745642016802 ], [ 17.607272170980242, 68.857184863806268 ] ] ] ] } },
{ "type": "Feature", "properties": { "fid": 240492, "navn": null, "hoyde_moh": 539, "arealInnsjo_km2": 0.0038, "magasinKategori": null, "fid_2": 1092, "id": 1092, "left": 17.486919847, "top": 68.946110046000001, "right": 17.986919847, "bottom": 68.446110046000001, "row_index": 11, "col_index": 27, "tile_id": 1092 }, "geometry": { "type": "MultiPolygon", "coordinates": [ [ [ [ 17.648306181832435, 68.513687372221739 ], [ 17.648484264252701, 68.513456667006722 ], [ 17.648035664965004, 68.513232888255104 ], [ 17.647242224149043, 68.51343353728285 ], [ 17.646999093198776, 68.513324905470938 ], [ 17.64652716764968, 68.51373688585501 ], [ 17.646974083836408, 68.513875425232769 ], [ 17.648306181832435, 68.513687372221739 ] ] ] ] } },
{ "type": "Feature", "properties": { "fid": 240493, "navn": null, "hoyde_moh": 285, "arealInnsjo_km2": 0.0047, "magasinKategori": null, "fid_2": 1092, "id": 1092, "left": 17.486919847, "top": 68.946110046000001, "right": 17.986919847, "bottom": 68.446110046000001, "row_index": 11, "col_index": 27, "tile_id": 1092 }, "geometry": { "type": "MultiPolygon", "coordinates": [ [ [ [ 17.814330646828424, 68.514529928716584 ], [ 17.814115145900001, 68.514372769833244 ], [ 17.814193494386434, 68.514243179162094 ], [ 17.81321411296863, 68.514035630790573 ], [ 17.812856272109705, 68.513791358899795 ], [ 17.812848762676463, 68.514006027492925 ], [ 17.812486500945194, 68.514197557074354 ], [ 17.812542722136399, 68.51454042177572 ], [ 17.813455287686875, 68.514763816144637 ], [ 17.814330646828424, 68.514529928716584 ] ] ] ] } },
{ "type": "Feature", "properties": { "fid": 240504, "navn": null, "hoyde_moh": 386, "arealInnsjo_km2": 0.0027, "magasinKategori": null, "fid_2": 1092, "id": 1092, "left": 17.486919847, "top": 68.946110046000001, "right": 17.986919847, "bottom": 68.446110046000001, "row_index": 11, "col_index": 27, "tile_id": 1092 }, "geometry": { "type": "MultiPolygon", "coordinates": [ [ [ [ 17.692577849032464, 68.512114973501497 ], [ 17.692401129668134, 68.511657877404716 ], [ 17.691445873218974, 68.511610816822639 ], [ 17.691495513799875, 68.512150017810882 ], [ 17.692577849032464, 68.512114973501497 ] ] ] ] } },
{ "type": "Feature", "properties": { "fid": 240505, "navn": null, "hoyde_moh": 396, "arealInnsjo_km2": 0.0037, "magasinKategori": null, "fid_2": 1092, "id": 1092, "left": 17.486919847, "top": 68.946110046000001, "right": 17.986919847, "bottom": 68.446110046000001, "row_index": 11, "col_index": 27, "tile_id": 1092 }, "geometry": { "type": "MultiPolygon", "coordinates": [ [ [ [ 17.857494835120264, 68.509111337507136 ], [ 17.857319247876895, 68.508828681484076 ], [ 17.857769160162558, 68.508664012423651 ], [ 17.857741721305693, 68.508532428939688 ], [ 17.856862151613605, 68.508416613559874 ], [ 17.856929106430691, 68.508823565108955 ], [ 17.856453277535284, 68.508971167967118 ], [ 17.856601759508493, 68.509416858518037 ], [ 17.856971100922738, 68.509505097325629 ], [ 17.857494835120264, 68.509111337507136 ] ] ] ] } },
{ "type": "Feature", "properties": { "fid": 240508, "navn": null, "hoyde_moh": 496, "arealInnsjo_km2": 0.0028, "magasinKategori": null, "fid_2": 1092, "id": 1092, "left": 17.486919847, "top": 68.946110046000001, "right": 17.986919847, "bottom": 68.446110046000001, "row_index": 11, "col_index": 27, "tile_id": 1092 }, "geometry": { "type": "MultiPolygon", "coordinates": [ [ [ [ 17.622553706021058, 68.513524925787209 ], [ 17.622377123815749, 68.513364328092493 ], [ 17.622755684213956, 68.513219559582623 ], [ 17.622050744884305, 68.513109223310551 ], [ 17.622077910713106, 68.512906936639595 ], [ 17.621686662383599, 68.512824548780259 ], [ 17.621242483337685, 68.513089356720727 ], [ 17.621405721911842, 68.513276372762931 ], [ 17.62217425551448, 68.513485168387575 ], [ 17.622051039380235, 68.51364255153652 ], [ 17.622553706021058, 68.513524925787209 ] ] ] ] } },
{ "type": "Feature", "properties": { "fid": 240510, "navn": null, "hoyde_moh": 360, "arealInnsjo_km2": 0.0026, "magasinKategori": null, "fid_2": 1092, "id": 1092, "left": 17.486919847, "top": 68.946110046000001, "right": 17.986919847, "bottom": 68.446110046000001, "row_index": 11, "col_index": 27, "tile_id": 1092 }, "geometry": { "type": "MultiPolygon", "coordinates": [ [ [ [ 17.579626104811251, 68.506808251917064 ], [ 17.579024525106103, 68.506499948420753 ], [ 17.578777156199266, 68.506534805208432 ], [ 17.578261756196483, 68.507081340324774 ], [ 17.579228611886922, 68.507150671435582 ], [ 17.579626104811251, 68.506808251917064 ] ] ] ] } },
{ "type": "Feature", "properties": { "fid": 240511, "navn": null, "hoyde_moh": 468, "arealInnsjo_km2": 0.0126, "magasinKategori": null, "fid_2": 1092, "id": 1092, "left": 17.486919847, "top": 68.946110046000001, "right": 17.986919847, "bottom": 68.446110046000001, "row_index": 11, "col_index": 27, "tile_id": 1092 }, "geometry": { "type": "MultiPolygon", "coordinates": [ [ [ [ 17.592197338064359, 68.857734578796851 ], [ 17.59140704316221, 68.857318417513625 ], [ 17.590636240961064, 68.857464341190322 ], [ 17.590394147509851, 68.857320207890325 ], [ 17.591503807546285, 68.857076497490098 ], [ 17.593084400153085, 68.857313759912174 ], [ 17.593644377167379, 68.857053285923612 ], [ 17.592953750994138, 68.856879198434939 ], [ 17.591662828518256, 68.856935407227226 ], [ 17.591842794955209, 68.856792741010111 ], [ 17.592142534651888, 68.856832419814353 ], [ 17.591935900086145, 68.856313392760924 ], [ 17.591425903882627, 68.85651018334319 ], [ 17.5909297522232, 68.85643418483167 ], [ 17.590145896255731, 68.856714933329414 ], [ 17.589929409249329, 68.856945123388286 ], [ 17.590046334813859, 68.857005361015368 ], [ 17.589065302401799, 68.856992477556432 ], [ 17.589225458508121, 68.857124846215939 ], [ 17.589247721270478, 68.857453716829141 ], [ 17.589538396189585, 68.857681747847579 ], [ 17.590128945834213, 68.857731361911718 ], [ 17.590384284530149, 68.857512337357065 ], [ 17.592197338064359, 68.857734578796851 ] ] ] ] } },
{ "type": "Feature", "properties": { "fid": 240527, "navn": null, "hoyde_moh": 254, "arealInnsjo_km2": 0.0044, "magasinKategori": null, "fid_2": 1092, "id": 1092, "left": 17.486919847, "top": 68.946110046000001, "right": 17.986919847, "bottom": 68.446110046000001, "row_index": 11, "col_index": 27, "tile_id": 1092 }, "geometry": { "type": "MultiPolygon", "coordinates": [ [ [ [ 17.928490790250606, 68.8938676276438 ], [ 17.928628530401134, 68.89368517881671 ], [ 17.928060909734629, 68.893692877017713 ], [ 17.927151481791409, 68.893404552430809 ], [ 17.927469901199416, 68.893299971046133 ], [ 17.92692804049792, 68.89309572365444 ], [ 17.92624061311496, 68.893069387971977 ], [ 17.925764809658691, 68.893345529678115 ], [ 17.926748509137749, 68.893685190067274 ], [ 17.928490790250606, 68.8938676276438 ] ] ] ] } },
{ "type": "Feature", "properties": { "fid": 240533, "navn": null, "hoyde_moh": 190, "arealInnsjo_km2": 0.0021, "magasinKategori": null, "fid_2": 1092, "id": 1092, "left": 17.486919847, "top": 68.946110046000001, "right": 17.986919847, "bottom": 68.446110046000001, "row_index": 11, "col_index": 27, "tile_id": 1092 }, "geometry": { "type": "MultiPolygon", "coordinates": [ [ [ [ 17.908820020315236, 68.905093395685427 ], [ 17.907911775857738, 68.904997500123883 ], [ 17.907681411344484, 68.905174776987124 ], [ 17.909591795478672, 68.905462541336576 ], [ 17.908820020315236, 68.905093395685427 ] ] ] ] } },
{ "type": "Feature", "properties": { "fid": 240534, "navn": null, "hoyde_moh": 385, "arealInnsjo_km2": 0.0032, "magasinKategori": null, "fid_2": 1092, "id": 1092, "left": 17.486919847, "top": 68.946110046000001, "right": 17.986919847, "bottom": 68.446110046000001, "row_index": 11, "col_index": 27, "tile_id": 1092 }, "geometry": { "type": "MultiPolygon", "coordinates": [ [ [ [ 17.915194488467904, 68.920619216971531 ], [ 17.914242239570317, 68.920442497872443 ], [ 17.913834815643064, 68.920202867447514 ], [ 17.913086256377088, 68.920290262132212 ], [ 17.913664756552439, 68.920647170874972 ], [ 17.914358709793341, 68.920618339517588 ], [ 17.915378517006349, 68.92104417978048 ], [ 17.91566384112873, 68.920910300204355 ], [ 17.915194488467904, 68.920619216971531 ] ] ] ] } },
{ "type": "Feature", "properties": { "fid": 240538, "navn": null, "hoyde_moh": 530, "arealInnsjo_km2": 0.01, "magasinKategori": null, "fid_2": 1092, "id": 1092, "left": 17.486919847, "top": 68.946110046000001, "right": 17.986919847, "bottom": 68.446110046000001, "row_index": 11, "col_index": 27, "tile_id": 1092 }, "geometry": { "type": "MultiPolygon", "coordinates": [ [ [ [ 17.824069671486853, 68.930887828066915 ], [ 17.824905061655695, 68.930964920963831 ], [ 17.8247238959726, 68.930886596007369 ], [ 17.824933509812205, 68.930853860248249 ], [ 17.824863461773511, 68.930694432740907 ], [ 17.825499368251876, 68.93046047333938 ], [ 17.824488194320168, 68.930134417497655 ], [ 17.822264493197707, 68.93057598520204 ], [ 17.822426512837058, 68.93084026145786 ], [ 17.822207579555219, 68.931020630538796 ], [ 17.822799474533682, 68.931222586083322 ], [ 17.822659708727528, 68.931497243770366 ], [ 17.822903819799702, 68.931527402720619 ], [ 17.824069671486853, 68.930887828066915 ] ] ] ] } },
{ "type": "Feature", "properties": { "fid": 240539, "navn": "Kvannvatnet", "hoyde_moh": 213, "arealInnsjo_km2": 0.0455, "magasinKategori": null, "fid_2": 1092, "id": 1092, "left": 17.486919847, "top": 68.946110046000001, "right": 17.986919847, "bottom": 68.446110046000001, "row_index": 11, "col_index": 27, "tile_id": 1092 }, "geometry": { "type": "MultiPolygon", "coordinates": [ [ [ [ 17.969639438945403, 68.899532058627244 ], [ 17.969646488261379, 68.898920492556655 ], [ 17.970387851963086, 68.898591651162391 ], [ 17.970436654334843, 68.898305860539608 ], [ 17.969888670838547, 68.898076712669564 ], [ 17.967797554597944, 68.897722929099714 ], [ 17.963884084097483, 68.898033837429651 ], [ 17.963227892782175, 68.898403898951912 ], [ 17.963427197463862, 68.898784926267965 ], [ 17.963887835903314, 68.898976204322551 ], [ 17.966182675443296, 68.899395882518462 ], [ 17.967133687036974, 68.899756180563088 ], [ 17.968538941724351, 68.899838160307624 ], [ 17.969639438945403, 68.899532058627244 ] ] ] ] } },
{ "type": "Feature", "properties": { "fid": 240542, "navn": null, "hoyde_moh": 412, "arealInnsjo_km2": 0.0593, "magasinKategori": null, "fid_2": 1092, "id": 1092, "left": 17.486919847, "top": 68.946110046000001, "right": 17.986919847, "bottom": 68.446110046000001, "row_index": 11, "col_index": 27, "tile_id": 1092 }, "geometry": { "type": "MultiPolygon", "coordinates": [ [ [ [ 17.902909003815108, 68.926536854451797 ], [ 17.902960034050654, 68.926369105465184 ], [ 17.905135935948124, 68.925954201353463 ], [ 17.90406998636438, 68.925767511522849 ], [ 17.903167036415297, 68.925342576029394 ], [ 17.901391873143947, 68.925160496373152 ], [ 17.895543370569065, 68.923795101116539 ], [ 17.894604560079301, 68.923739680341683 ], [ 17.894130596483141, 68.923997822502187 ], [ 17.896518293224624, 68.924806474549897 ], [ 17.896934045444052, 68.925256779330837 ], [ 17.896636793436805, 68.925371348000795 ], [ 17.897004969562946, 68.925441843359238 ], [ 17.897215805408269, 68.925780726503049 ], [ 17.896994704682818, 68.926076500529035 ], [ 17.89731115937197, 68.926269779798261 ], [ 17.898584636268112, 68.926601100842646 ], [ 17.900237106164663, 68.926515005357331 ], [ 17.902376238383589, 68.926694672471129 ], [ 17.902909003815108, 68.926536854451797 ] ] ] ] } },
{ "type": "Feature", "properties": { "fid": 240543, "navn": null, "hoyde_moh": 537, "arealInnsjo_km2": 0.0057, "magasinKategori": null, "fid_2": 1092, "id": 1092, "left": 17.486919847, "top": 68.946110046000001, "right": 17.986919847, "bottom": 68.446110046000001, "row_index": 11, "col_index": 27, "tile_id": 1092 }, "geometry": { "type": "MultiPolygon", "coordinates": [ [ [ [ 17.822674494336599, 68.92840732197115 ], [ 17.823686389456263, 68.927975317562428 ], [ 17.822582811812399, 68.9280394609128 ], [ 17.822737818928132, 68.927800276646678 ], [ 17.822192982942461, 68.927620343196182 ], [ 17.821958964558927, 68.927975194028065 ], [ 17.821054009064923, 68.928121854045429 ], [ 17.82109797075347, 68.928325339564338 ], [ 17.820681060798066, 68.928662478904968 ], [ 17.822674494336599, 68.92840732197115 ] ] ] ] } },
{ "type": "Feature", "properties": { "fid": 240544, "navn": null, "hoyde_moh": 562, "arealInnsjo_km2": 0.0041, "magasinKategori": null, "fid_2": 1092, "id": 1092, "left": 17.486919847, "top": 68.946110046000001, "right": 17.986919847, "bottom": 68.446110046000001, "row_index": 11, "col_index": 27, "tile_id": 1092 }, "geometry": { "type": "MultiPolygon", "coordinates": [ [ [ [ 17.836462135794573, 68.93025349972433 ], [ 17.836823318136933, 68.930035645869552 ], [ 17.836284402872337, 68.929841024906409 ], [ 17.835503341026953, 68.929821790436037 ], [ 17.834334637038225, 68.930579985567789 ], [ 17.836462135794573, 68.93025349972433 ] ] ] ] } },
{ "type": "Feature", "properties": { "fid": 240545, "navn": null, "hoyde_moh": 533, "arealInnsjo_km2": 0.0034, "magasinKategori": null, "fid_2": 1092, "id": 1092, "left": 17.486919847, "top": 68.946110046000001, "right": 17.986919847, "bottom": 68.446110046000001, "row_index": 11, "col_index": 27, "tile_id": 1092 }, "geometry": { "type": "MultiPolygon", "coordinates": [ [ [ [ 17.805040064031612, 68.931197989914025 ], [ 17.80506880362185, 68.931115922574776 ], [ 17.804695479132402, 68.9309796097792 ], [ 17.803214727434142, 68.931359869429969 ], [ 17.803494908254617, 68.931623205372659 ], [ 17.804202051058844, 68.931702597296109 ], [ 17.805040064031612, 68.931197989914025 ] ] ] ] } },
{ "type": "Feature", "properties": { "fid": 240546, "navn": null, "hoyde_moh": 633, "arealInnsjo_km2": 0.0049, "magasinKategori": null, "fid_2": 1092, "id": 1092, "left": 17.486919847, "top": 68.946110046000001, "right": 17.986919847, "bottom": 68.446110046000001, "row_index": 11, "col_index": 27, "tile_id": 1092 }, "geometry": { "type": "MultiPolygon", "coordinates": [ [ [ [ 17.856860939113012, 68.933223945319781 ], [ 17.856829027961641, 68.932869455613115 ], [ 17.855920220288237, 68.932891770497122 ], [ 17.855547797094644, 68.933162457795916 ], [ 17.854829067360996, 68.933269374531477 ], [ 17.855095007769396, 68.933631705299476 ], [ 17.855670834482666, 68.933787501808666 ], [ 17.856860939113012, 68.933223945319781 ] ] ] ] } },
{ "type": "Feature", "properties": { "fid": 240547, "navn": null, "hoyde_moh": 638, "arealInnsjo_km2": 0.0045, "magasinKategori": null, "fid_2": 1092, "id": 1092, "left": 17.486919847, "top": 68.946110046000001, "right": 17.986919847, "bottom": 68.446110046000001, "row_index": 11, "col_index": 27, "tile_id": 1092 }, "geometry": { "type": "MultiPolygon", "coordinates": [ [ [ [ 17.857492294775724, 68.935668376381088 ], [ 17.857310757609149, 68.935538295151019 ], [ 17.858036759644403, 68.935438877095194 ], [ 17.857592446960897, 68.935256647262165 ], [ 17.857119029313061, 68.935431633876206 ], [ 17.855403710556796, 68.935385229059264 ], [ 17.855045398531512, 68.93566698873471 ], [ 17.857057046673333, 68.935814446851211 ], [ 17.857492294775724, 68.935668376381088 ] ] ] ] } },
{ "type": "Feature", "properties": { "fid": 240548, "navn": null, "hoyde_moh": 512, "arealInnsjo_km2": 0.0025, "magasinKategori": null, "fid_2": 1092, "id": 1092, "left": 17.486919847, "top": 68.946110046000001, "right": 17.986919847, "bottom": 68.446110046000001, "row_index": 11, "col_index": 27, "tile_id": 1092 }, "geometry": { "type": "MultiPolygon", "coordinates": [ [ [ [ 17.814550411109039, 68.93795360243189 ], [ 17.814804576402068, 68.937839088671083 ], [ 17.814038390896339, 68.937433613612001 ], [ 17.813739875745725, 68.937458645664094 ], [ 17.813346013307527, 68.937765401587441 ], [ 17.81370775579332, 68.937921098168559 ], [ 17.813506945602651, 68.938035268652527 ], [ 17.814550411109039, 68.93795360243189 ] ] ] ] } },
{ "type": "Feature", "properties": { "fid": 240550, "navn": "Mangevatnan", "hoyde_moh": 434, "arealInnsjo_km2": 0.0085, "magasinKategori": null, "fid_2": 1092, "id": 1092, "left": 17.486919847, "top": 68.946110046000001, "right": 17.986919847, "bottom": 68.446110046000001, "row_index": 11, "col_index": 27, "tile_id": 1092 }, "geometry": { "type": "MultiPolygon", "coordinates": [ [ [ [ 17.780231896838703, 68.940230728432965 ], [ 17.780261520449951, 68.940059788487318 ], [ 17.780657930383381, 68.939824793941995 ], [ 17.781614589048008, 68.939577700840672 ], [ 17.78180776023612, 68.938970006173832 ], [ 17.781270380557647, 68.938793232326745 ], [ 17.780449572993113, 68.939015040755024 ], [ 17.779313602434932, 68.939948582864261 ], [ 17.779431147100929, 68.940251677020157 ], [ 17.780231896838703, 68.940230728432965 ] ] ] ] } },
{ "type": "Feature", "properties": { "fid": 240551, "navn": null, "hoyde_moh": 674, "arealInnsjo_km2": 0.0077, "magasinKategori": null, "fid_2": 1092, "id": 1092, "left": 17.486919847, "top": 68.946110046000001, "right": 17.986919847, "bottom": 68.446110046000001, "row_index": 11, "col_index": 27, "tile_id": 1092 }, "geometry": { "type": "MultiPolygon", "coordinates": [ [ [ [ 17.870355925850607, 68.942744996187017 ], [ 17.86988844234175, 68.942192807695136 ], [ 17.868597328979558, 68.942174668458932 ], [ 17.868823485199091, 68.941984689235085 ], [ 17.868602164739261, 68.941881678845618 ], [ 17.867789102131791, 68.942084577910308 ], [ 17.867526906504935, 68.942425610106042 ], [ 17.866745434746957, 68.942627882944151 ], [ 17.867602628210108, 68.942804588079582 ], [ 17.86752254338947, 68.942566796381684 ], [ 17.867731228260592, 68.942539948944301 ], [ 17.870091999130082, 68.942832650659966 ], [ 17.870355925850607, 68.942744996187017 ] ] ] ] } },
{ "type": "Feature", "properties": { "fid": 240931, "navn": null, "hoyde_moh": 539, "arealInnsjo_km2": 0.0044, "magasinKategori": null, "fid_2": 1092, "id": 1092, "left": 17.486919847, "top": 68.946110046000001, "right": 17.986919847, "bottom": 68.446110046000001, "row_index": 11, "col_index": 27, "tile_id": 1092 }, "geometry": { "type": "MultiPolygon", "coordinates": [ [ [ [ 17.814562181846593, 68.932667235844363 ], [ 17.813646402399527, 68.932552730297388 ], [ 17.813802051137984, 68.932427186034303 ], [ 17.813658119388599, 68.932405863457518 ], [ 17.813102546022684, 68.932490430975847 ], [ 17.812586496763988, 68.932802972114686 ], [ 17.812899597384344, 68.933141511754471 ], [ 17.81371705675539, 68.933183319766371 ], [ 17.814562181846593, 68.932667235844363 ] ] ] ] } },
{ "type": "Feature", "properties": { "fid": 240936, "navn": "Rognsavatnet", "hoyde_moh": 285, "arealInnsjo_km2": 0.0168, "magasinKategori": null, "fid_2": 1092, "id": 1092, "left": 17.486919847, "top": 68.946110046000001, "right": 17.986919847, "bottom": 68.446110046000001, "row_index": 11, "col_index": 27, "tile_id": 1092 }, "geometry": { "type": "MultiPolygon", "coordinates": [ [ [ [ 17.798488938574092, 68.915805862585088 ], [ 17.798311223508065, 68.915453859048171 ], [ 17.799027701747718, 68.915058266673711 ], [ 17.798940989153458, 68.914802789886437 ], [ 17.798449189734196, 68.914667426134699 ], [ 17.796782224399454, 68.914797751020842 ], [ 17.79431912310876, 68.915203043065134 ], [ 17.794102937253058, 68.915374174439833 ], [ 17.79500852509069, 68.915515151560797 ], [ 17.79520461030107, 68.915707348440819 ], [ 17.796277089976606, 68.91568158529644 ], [ 17.796170455161299, 68.915764839463989 ], [ 17.796542451399166, 68.915869502369688 ], [ 17.798272336552859, 68.915945948538607 ], [ 17.798488938574092, 68.915805862585088 ] ] ] ] } },
{ "type": "Feature", "properties": { "fid": 240937, "navn": null, "hoyde_moh": 440, "arealInnsjo_km2": 0.0064, "magasinKategori": null, "fid_2": 1092, "id": 1092, "left": 17.486919847, "top": 68.946110046000001, "right": 17.986919847, "bottom": 68.446110046000001, "row_index": 11, "col_index": 27, "tile_id": 1092 }, "geometry": { "type": "MultiPolygon", "coordinates": [ [ [ [ 17.841538383018232, 68.924314765942171 ], [ 17.838320832397713, 68.923925110467323 ], [ 17.837059775736002, 68.924138020505907 ], [ 17.839981763254904, 68.924533342359084 ], [ 17.841538383018232, 68.924314765942171 ] ] ] ] } },
{ "type": "Feature", "properties": { "fid": 240938, "navn": null, "hoyde_moh": 475, "arealInnsjo_km2": 0.0051, "magasinKategori": null, "fid_2": 1092, "id": 1092, "left": 17.486919847, "top": 68.946110046000001, "right": 17.986919847, "bottom": 68.446110046000001, "row_index": 11, "col_index": 27, "tile_id": 1092 }, "geometry": { "type": "MultiPolygon", "coordinates": [ [ [ [ 17.797908754873301, 68.926753777441391 ], [ 17.797720419993421, 68.926531204980265 ], [ 17.79917955096494, 68.926224231971105 ], [ 17.796930817055962, 68.926143909594231 ], [ 17.796055419190864, 68.926386714756305 ], [ 17.795888974877691, 68.926585036983795 ], [ 17.797908754873301, 68.926753777441391 ] ] ] ] } },
{ "type": "Feature", "properties": { "fid": 240939, "navn": null, "hoyde_moh": 185, "arealInnsjo_km2": 0.0024, "magasinKategori": null, "fid_2": 1092, "id": 1092, "left": 17.486919847, "top": 68.946110046000001, "right": 17.986919847, "bottom": 68.446110046000001, "row_index": 11, "col_index": 27, "tile_id": 1092 }, "geometry": { "type": "MultiPolygon", "coordinates": [ [ [ [ 17.91663819575334, 68.905861797434014 ], [ 17.916781988569507, 68.905795688533814 ], [ 17.915973296014631, 68.905512307161516 ], [ 17.91495475476497, 68.905587642019299 ], [ 17.915312144850876, 68.90585613077883 ], [ 17.915266788629705, 68.905961937463829 ], [ 17.91663819575334, 68.905861797434014 ] ] ] ] } },
{ "type": "Feature", "properties": { "fid": 240940, "navn": null, "hoyde_moh": 624, "arealInnsjo_km2": 0.0115, "magasinKategori": null, "fid_2": 1092, "id": 1092, "left": 17.486919847, "top": 68.946110046000001, "right": 17.986919847, "bottom": 68.446110046000001, "row_index": 11, "col_index": 27, "tile_id": 1092 }, "geometry": { "type": "MultiPolygon", "coordinates": [ [ [ [ 17.857529352846743, 68.939783793661022 ], [ 17.858520185102716, 68.939434967172815 ], [ 17.858326324857195, 68.939246655408127 ], [ 17.858378132144352, 68.938721823106405 ], [ 17.857169952020708, 68.938920341723005 ], [ 17.854485933003232, 68.939697052888505 ], [ 17.854079033795486, 68.939972351347564 ], [ 17.855781939042163, 68.939945194832873 ], [ 17.856350855040915, 68.939572027060137 ], [ 17.856639022962863, 68.93978138242575 ], [ 17.857118019959312, 68.939797147468497 ], [ 17.856998188110417, 68.939862439670591 ], [ 17.857163514148599, 68.939996204321758 ], [ 17.857536056017995, 68.93997622929291 ], [ 17.857529352846743, 68.939783793661022 ] ], [ [ 17.857023073687415, 68.939060054200908 ], [ 17.857582431976951, 68.939083627718048 ], [ 17.857396028766495, 68.939261165824718 ], [ 17.857000178777469, 68.939193560551345 ], [ 17.857023073687415, 68.939060054200908 ] ] ] ] } },
{ "type": "Feature", "properties": { "fid": 240941, "navn": null, "hoyde_moh": 694, "arealInnsjo_km2": 0.0028, "magasinKategori": null, "fid_2": 1092, "id": 1092, "left": 17.486919847, "top": 68.946110046000001, "right": 17.986919847, "bottom": 68.446110046000001, "row_index": 11, "col_index": 27, "tile_id": 1092 }, "geometry": { "type": "MultiPolygon", "coordinates": [ [ [ [ 17.878631213910019, 68.941049076856942 ], [ 17.878341974880893, 68.940823705195271 ], [ 17.879075196759455, 68.94061635632562 ], [ 17.877478049303001, 68.940557220801097 ], [ 17.877554580867198, 68.941065537498446 ], [ 17.878309599047061, 68.941233679437488 ], [ 17.878631213910019, 68.941049076856942 ] ] ] ] } },
{ "type": "Feature", "properties": { "fid": 242381, "navn": "Isvatnan", "hoyde_moh": 677, "arealInnsjo_km2": 0.2369, "magasinKategori": null, "fid_2": 1092, "id": 1092, "left": 17.486919847, "top": 68.946110046000001, "right": 17.986919847, "bottom": 68.446110046000001, "row_index": 11, "col_index": 27, "tile_id": 1092 }, "geometry": { "type": "MultiPolygon", "coordinates": [ [ [ [ 17.580612561004923, 68.839345066939259 ], [ 17.580519168737833, 68.839120939669002 ], [ 17.581323926097273, 68.838987821656445 ], [ 17.581757247508182, 68.838595935275137 ], [ 17.58167845175905, 68.838347892333303 ], [ 17.582608754183411, 68.838192486701772 ], [ 17.583112656668913, 68.838383627258665 ], [ 17.585215970513154, 68.838399388857326 ], [ 17.585999562285288, 68.838189562965923 ], [ 17.586306116374601, 68.837435559531372 ], [ 17.586234195767958, 68.837023167608038 ], [ 17.586025350270479, 68.836925554953183 ], [ 17.585937664461888, 68.836648479374034 ], [ 17.586640988847019, 68.836447410340782 ], [ 17.586849532232513, 68.83623143385411 ], [ 17.585801525987584, 68.83610270625536 ], [ 17.584312724862787, 68.836484094742389 ], [ 17.583146409743218, 68.836382370417041 ], [ 17.583254161190347, 68.835968143863951 ], [ 17.584170618148221, 68.835684145005359 ], [ 17.584495374008295, 68.835220484300322 ], [ 17.58413871030605, 68.834923984485613 ], [ 17.584279829017468, 68.834408368437551 ], [ 17.587672638492709, 68.832621643774118 ], [ 17.589941941715413, 68.831813041739579 ], [ 17.59015485789056, 68.831579850811323 ], [ 17.589947084043775, 68.831129411694803 ], [ 17.590536315637593, 68.830514331431871 ], [ 17.593957193666252, 68.829384922559839 ], [ 17.594624792121198, 68.828734254080985 ], [ 17.594497394805824, 68.828468558600861 ], [ 17.593766289057783, 68.828050977489298 ], [ 17.593812141214535, 68.827635980748923 ], [ 17.594585492168509, 68.827431650596239 ], [ 17.597635868777171, 68.827293749079558 ], [ 17.597888360560788, 68.827062454559325 ], [ 17.595298195167107, 68.826838269369247 ], [ 17.592645832985404, 68.826935589758691 ], [ 17.592034835921176, 68.827186528005782 ], [ 17.591378745642245, 68.827825432420923 ], [ 17.591328424305622, 68.828043041341019 ], [ 17.591478133934476, 68.828221607935617 ], [ 17.591059642593837, 68.828592744878833 ], [ 17.591259817392235, 68.828850511043314 ], [ 17.591102826417512, 68.829003061188786 ], [ 17.591154620054752, 68.829178723826246 ], [ 17.591761843963653, 68.829466898729905 ], [ 17.590360229058685, 68.829854556459139 ], [ 17.589309440524382, 68.830470030586014 ], [ 17.589221806160804, 68.830738378603925 ], [ 17.588162567643685, 68.831145748871151 ], [ 17.588113124405112, 68.831592659140057 ], [ 17.587807334615643, 68.832024087989652 ], [ 17.585649289140207, 68.833291752776589 ], [ 17.584919018145794, 68.833454725423522 ], [ 17.58496071575664, 68.833701805893782 ], [ 17.584358836033729, 68.834014143812539 ], [ 17.583689725411993, 68.834058515918386 ], [ 17.583213454526859, 68.83434497552004 ], [ 17.582641762133399, 68.834443328653137 ], [ 17.582298118111684, 68.834727859071151 ], [ 17.581926991547267, 68.834754949945832 ], [ 17.580486366790989, 68.83452957082045 ], [ 17.579413817351124, 68.834116037636065 ], [ 17.57806921420563, 68.83407738973483 ], [ 17.577766016051964, 68.834238067919685 ], [ 17.577600234819897, 68.834553366693328 ], [ 17.576905317088215, 68.834384315509055 ], [ 17.576804175799502, 68.834484306724676 ], [ 17.577024912292895, 68.835050520859355 ], [ 17.57752149063932, 68.835201040474288 ], [ 17.576765017496204, 68.835370387295583 ], [ 17.576908889150868, 68.835713119709055 ], [ 17.576479682782953, 68.836095776424202 ], [ 17.576475859034957, 68.83640933573092 ], [ 17.576139788538988, 68.836946118009791 ], [ 17.576194340157681, 68.837473656762853 ], [ 17.574393022997459, 68.837865436793422 ], [ 17.574220538997135, 68.838215656198258 ], [ 17.574415811652408, 68.839010047387973 ], [ 17.574025488751396, 68.839225618943985 ], [ 17.574422717988096, 68.839313570993397 ], [ 17.576734086548534, 68.838412438790371 ], [ 17.577621740022025, 68.838475444436966 ], [ 17.578995892133722, 68.837930535822693 ], [ 17.580082821811295, 68.838833539495894 ], [ 17.580148630299966, 68.83909820467106 ], [ 17.579958749413986, 68.839494647797068 ], [ 17.580612561004923, 68.839345066939259 ] ], [ [ 17.592666896440662, 68.828601697867711 ], [ 17.592616076712599, 68.82855562288438 ], [ 17.593107731235346, 68.828628176979592 ], [ 17.592666896440662, 68.828601697867711 ] ], [ [ 17.58120845971278, 68.838245266115095 ], [ 17.581394950622528, 68.83814657851525 ], [ 17.581723520191677, 68.838182333977215 ], [ 17.58120845971278, 68.838245266115095 ] ] ] ] } },
{ "type": "Feature", "properties": { "fid": 242382, "navn": null, "hoyde_moh": 749, "arealInnsjo_km2": 0.0855, "magasinKategori": null, "fid_2": 1092, "id": 1092, "left": 17.486919847, "top": 68.946110046000001, "right": 17.986919847, "bottom": 68.446110046000001, "row_index": 11, "col_index": 27, "tile_id": 1092 }, "geometry": { "type": "MultiPolygon", "coordinates": [ [ [ [ 17.621800105731491, 68.846212512753581 ], [ 17.621235740687979, 68.845419717496526 ], [ 17.621375101744878, 68.844938014768445 ], [ 17.621765863609696, 68.844594603747623 ], [ 17.621684489608519, 68.844198429937819 ], [ 17.621227049092401, 68.843649731169634 ], [ 17.620341365407896, 68.843156370804422 ], [ 17.618707210838707, 68.84294146769372 ], [ 17.616155309943174, 68.843078420932628 ], [ 17.614497693788159, 68.844171005374619 ], [ 17.614488033618549, 68.844371483204057 ], [ 17.614818797378451, 68.844780695846268 ], [ 17.615731310486105, 68.84544303572865 ], [ 17.61816028725443, 68.846316724713603 ], [ 17.619358589603831, 68.846388734264508 ], [ 17.620391069566118, 68.846142512785065 ], [ 17.621402002967869, 68.846441511071063 ], [ 17.621800105731491, 68.846212512753581 ] ] ] ] } },
{ "type": "Feature", "properties": { "fid": 242383, "navn": null, "hoyde_moh": 626, "arealInnsjo_km2": 0.0046, "magasinKategori": null, "fid_2": 1092, "id": 1092, "left": 17.486919847, "top": 68.946110046000001, "right": 17.986919847, "bottom": 68.446110046000001, "row_index": 11, "col_index": 27, "tile_id": 1092 }, "geometry": { "type": "MultiPolygon", "coordinates": [ [ [ [ 17.91138223684192, 68.811513235959438 ], [ 17.91194250324131, 68.81099794898887 ], [ 17.911700768417738, 68.810749662818196 ], [ 17.91142217916628, 68.810725625976332 ], [ 17.910233486200834, 68.811111287889574 ], [ 17.910352117694472, 68.811620853112473 ], [ 17.91138223684192, 68.811513235959438 ] ] ] ] } },
{ "type": "Feature", "properties": { "fid": 242384, "navn": null, "hoyde_moh": 1007, "arealInnsjo_km2": 0.017, "magasinKategori": null, "fid_2": 1092, "id": 1092, "left": 17.486919847, "top": 68.946110046000001, "right": 17.986919847, "bottom": 68.446110046000001, "row_index": 11, "col_index": 27, "tile_id": 1092 }, "geometry": { "type": "MultiPolygon", "coordinates": [ [ [ [ 17.689927847859078, 68.815759148201394 ], [ 17.68975753461071, 68.815582331632044 ], [ 17.688944327682808, 68.815424674715999 ], [ 17.68951344151677, 68.814796242971838 ], [ 17.689325975634478, 68.814682617853379 ], [ 17.687709736004159, 68.81486080178982 ], [ 17.687524766417294, 68.815177881051596 ], [ 17.684852895426275, 68.815040643345384 ], [ 17.685094364036459, 68.815395853386249 ], [ 17.686155382778153, 68.81575604937666 ], [ 17.687624504489111, 68.816002070189484 ], [ 17.689927847859078, 68.815759148201394 ] ] ] ] } },
{ "type": "Feature", "properties": { "fid": 242385, "navn": null, "hoyde_moh": 517, "arealInnsjo_km2": 0.0119, "magasinKategori": null, "fid_2": 1092, "id": 1092, "left": 17.486919847, "top": 68.946110046000001, "right": 17.986919847, "bottom": 68.446110046000001, "row_index": 11, "col_index": 27, "tile_id": 1092 }, "geometry": { "type": "MultiPolygon", "coordinates": [ [ [ [ 17.739799987881064, 68.819022527119103 ], [ 17.739373046735817, 68.818710498010091 ], [ 17.737868824778406, 68.818433885226312 ], [ 17.735950128162706, 68.818422986694145 ], [ 17.735238764431354, 68.818596106203117 ], [ 17.736314275606656, 68.81880999798399 ], [ 17.735508383826897, 68.819054026380115 ], [ 17.735653725824285, 68.819355342744444 ], [ 17.736151955428699, 68.819279366108603 ], [ 17.736314357743282, 68.819056387985626 ], [ 17.737074804549479, 68.819247168044285 ], [ 17.738733920343776, 68.819324266472407 ], [ 17.739799987881064, 68.819022527119103 ] ], [ [ 17.737142699745988, 68.818930118000722 ], [ 17.737127301434096, 68.818881716270155 ], [ 17.738345997342826, 68.819042752302025 ], [ 17.737813477234731, 68.819098194861965 ], [ 17.737142699745988, 68.818930118000722 ] ] ] ] } },
{ "type": "Feature", "properties": { "fid": 242386, "navn": null, "hoyde_moh": 680, "arealInnsjo_km2": 0.015, "magasinKategori": null, "fid_2": 1092, "id": 1092, "left": 17.486919847, "top": 68.946110046000001, "right": 17.986919847, "bottom": 68.446110046000001, "row_index": 11, "col_index": 27, "tile_id": 1092 }, "geometry": { "type": "MultiPolygon", "coordinates": [ [ [ [ 17.595473957895479, 68.832902125018023 ], [ 17.596795777586863, 68.83294367548973 ], [ 17.59695080504828, 68.832850835362407 ], [ 17.596826120120188, 68.832797633296337 ], [ 17.597468718125175, 68.83261001008151 ], [ 17.597420709938106, 68.832206229848026 ], [ 17.597618902055405, 68.831883950035476 ], [ 17.5993380190341, 68.83144443411814 ], [ 17.598617524907162, 68.831242115201889 ], [ 17.598214817494789, 68.831365760925905 ], [ 17.598198069760066, 68.831506928479328 ], [ 17.595644486552793, 68.832047949441872 ], [ 17.595243342373383, 68.832229813083671 ], [ 17.594924181344709, 68.832666845798727 ], [ 17.593952257718922, 68.832782211026213 ], [ 17.593739128836976, 68.833032463227411 ], [ 17.595473957895479, 68.832902125018023 ] ] ] ] } },
{ "type": "Feature", "properties": { "fid": 242388, "navn": "Sorjjosjávri", "hoyde_moh": 504, "arealInnsjo_km2": 0.6342, "magasinKategori": null, "fid_2": 1092, "id": 1092, "left": 17.486919847, "top": 68.946110046000001, "right": 17.986919847, "bottom": 68.446110046000001, "row_index": 11, "col_index": 27, "tile_id": 1092 }, "geometry": { "type": "MultiPolygon", "coordinates": [ [ [ [ 17.693525437829393, 68.849794729326959 ], [ 17.694881768443356, 68.850083165337566 ], [ 17.695326507874782, 68.849995960840687 ], [ 17.695677030095691, 68.849638822380825 ], [ 17.695413374228441, 68.849320324834892 ], [ 17.695442067513131, 68.848914435006861 ], [ 17.697482361568962, 68.848806673408021 ], [ 17.699111316616019, 68.848153857683485 ], [ 17.698793109329927, 68.847873390839624 ], [ 17.69882194273201, 68.847724383971965 ], [ 17.700393919618548, 68.847359684050616 ], [ 17.700746372744831, 68.847066320546602 ], [ 17.700694276203901, 68.846924253815772 ], [ 17.700100418805611, 68.846749505599803 ], [ 17.699956419333169, 68.846324097077925 ], [ 17.699705995414416, 68.846177730589048 ], [ 17.696776811544428, 68.845376380968531 ], [ 17.696648185676128, 68.844819321433903 ], [ 17.696223769568025, 68.844424928086724 ], [ 17.696047171552969, 68.843914585268806 ], [ 17.69548913301692, 68.843675795632848 ], [ 17.69547566337075, 68.843209269756883 ], [ 17.694675416041033, 68.842721202886992 ], [ 17.694637778968477, 68.842489148070968 ], [ 17.694995166399885, 68.841997174328625 ], [ 17.694725973595151, 68.841734504108601 ], [ 17.695009025254844, 68.841285176877136 ], [ 17.694729293689779, 68.840860033163949 ], [ 17.695149221942398, 68.840613092454305 ], [ 17.695473876133907, 68.840062665465027 ], [ 17.695106943861354, 68.839543403541498 ], [ 17.693783473111679, 68.839297271113651 ], [ 17.693721073757668, 68.839051427093395 ], [ 17.692710763348281, 68.83867107131087 ], [ 17.693154994401663, 68.838485323742162 ], [ 17.692414435965389, 68.838476954185694 ], [ 17.692358830973298, 68.8382480561405 ], [ 17.692112713060435, 68.838135989136831 ], [ 17.689808039433974, 68.837798918482832 ], [ 17.689414491035961, 68.837935655242177 ], [ 17.689121904762917, 68.8377228939069 ], [ 17.689510168055914, 68.837679858339541 ], [ 17.68896452077027, 68.837469666152899 ], [ 17.686308911504454, 68.83757925951295 ], [ 17.681330063353201, 68.839149212552343 ], [ 17.679371217995506, 68.84035834820358 ], [ 17.678905513537302, 68.840978459670808 ], [ 17.678350415141971, 68.84247151575849 ], [ 17.679355841752979, 68.843433207570186 ], [ 17.679086946919508, 68.843805090086718 ], [ 17.67855824846237, 68.844025698043481 ], [ 17.679114306309604, 68.844634190234359 ], [ 17.679024181593228, 68.845052351197509 ], [ 17.68146006430381, 68.845376465684637 ], [ 17.681776636547038, 68.845676374880071 ], [ 17.681975576045311, 68.845509070541752 ], [ 17.686644789281964, 68.844739709891499 ], [ 17.688999116956097, 68.844822931294658 ], [ 17.689261735922489, 68.845086970719237 ], [ 17.691236724850139, 68.846038821434931 ], [ 17.692114095121532, 68.846289800996971 ], [ 17.69223122754622, 68.846763300867167 ], [ 17.691832257284794, 68.847527979838461 ], [ 17.69208896664767, 68.848062099488061 ], [ 17.691638456694662, 68.848580581558068 ], [ 17.691575360537168, 68.849121291546652 ], [ 17.691181865228415, 68.849620379133285 ], [ 17.691486967227998, 68.849906093125313 ], [ 17.691395252749007, 68.85018247189474 ], [ 17.692369309487894, 68.850202860674898 ], [ 17.693525437829393, 68.849794729326959 ] ], [ [ 17.685573307144047, 68.838639520089274 ], [ 17.686062225839656, 68.838465382279949 ], [ 17.686268159877049, 68.838732026449179 ], [ 17.685573307144047, 68.838639520089274 ] ] ] ] } },
{ "type": "Feature", "properties": { "fid": 242389, "navn": null, "hoyde_moh": 792, "arealInnsjo_km2": 0.0044, "magasinKategori": null, "fid_2": 1092, "id": 1092, "left": 17.486919847, "top": 68.946110046000001, "right": 17.986919847, "bottom": 68.446110046000001, "row_index": 11, "col_index": 27, "tile_id": 1092 }, "geometry": { "type": "MultiPolygon", "coordinates": [ [ [ [ 17.973569821935069, 68.752481218175362 ], [ 17.973103359590755, 68.75225743229808 ], [ 17.971603564178302, 68.751994417100022 ], [ 17.970279128131516, 68.752097823228311 ], [ 17.970813578629659, 68.752399245274972 ], [ 17.972078498070395, 68.752369058290256 ], [ 17.973569821935069, 68.752481218175362 ] ] ] ] } },
{ "type": "Feature", "properties": { "fid": 242390, "navn": null, "hoyde_moh": 545, "arealInnsjo_km2": 0.0101, "magasinKategori": null, "fid_2": 1092, "id": 1092, "left": 17.486919847, "top": 68.946110046000001, "right": 17.986919847, "bottom": 68.446110046000001, "row_index": 11, "col_index": 27, "tile_id": 1092 }, "geometry": { "type": "MultiPolygon", "coordinates": [ [ [ [ 17.597231241159136, 68.852211154845079 ], [ 17.597262224615061, 68.85193038520525 ], [ 17.597456428490556, 68.851878054526921 ], [ 17.597331815837755, 68.851705479898996 ], [ 17.597546236703653, 68.85167509879129 ], [ 17.597708989609025, 68.851322578132425 ], [ 17.596639085193374, 68.851210935988902 ], [ 17.597021812032235, 68.851062114606208 ], [ 17.597085469477108, 68.850860815116476 ], [ 17.596641487904488, 68.850815540673736 ], [ 17.597110864382, 68.850394433396772 ], [ 17.595923144265043, 68.850303524890194 ], [ 17.595982936922699, 68.850406634665589 ], [ 17.595721979211884, 68.850536182655745 ], [ 17.596248635981652, 68.851344795998813 ], [ 17.595807698089562, 68.851913557288427 ], [ 17.596472721035923, 68.85182136871299 ], [ 17.596273229086648, 68.85229121653478 ], [ 17.596866300260935, 68.852407991483361 ], [ 17.597231241159136, 68.852211154845079 ] ] ] ] } },
{ "type": "Feature", "properties": { "fid": 242391, "navn": null, "hoyde_moh": 593, "arealInnsjo_km2": 0.0059, "magasinKategori": null, "fid_2": 1092, "id": 1092, "left": 17.486919847, "top": 68.946110046000001, "right": 17.986919847, "bottom": 68.446110046000001, "row_index": 11, "col_index": 27, "tile_id": 1092 }, "geometry": { "type": "MultiPolygon", "coordinates": [ [ [ [ 17.68413911977964, 68.850810697572598 ], [ 17.684783559349555, 68.850465368671919 ], [ 17.684436450940076, 68.850369873724134 ], [ 17.683282677582838, 68.850435570702487 ], [ 17.682000262936661, 68.851095953529352 ], [ 17.683834978166729, 68.851068075381917 ], [ 17.68450503047093, 68.851242036016288 ], [ 17.68413911977964, 68.850810697572598 ] ] ] ] } },
{ "type": "Feature", "properties": { "fid": 242392, "navn": null, "hoyde_moh": 357, "arealInnsjo_km2": 0.0123, "magasinKategori": null, "fid_2": 1092, "id": 1092, "left": 17.486919847, "top": 68.946110046000001, "right": 17.986919847, "bottom": 68.446110046000001, "row_index": 11, "col_index": 27, "tile_id": 1092 }, "geometry": { "type": "MultiPolygon", "coordinates": [ [ [ [ 17.727898976029259, 68.858636219203376 ], [ 17.727832356022187, 68.858468720050979 ], [ 17.726791407084317, 68.858087961951014 ], [ 17.726664505194943, 68.857870984480854 ], [ 17.725338577310904, 68.857447035847471 ], [ 17.724613701482216, 68.857692923698139 ], [ 17.724615204418139, 68.857913437670831 ], [ 17.725279992584728, 68.858119013968022 ], [ 17.72504499710465, 68.858424101391108 ], [ 17.725634020870302, 68.85849670079935 ], [ 17.72586342457544, 68.858807180534853 ], [ 17.726903031331489, 68.859059700168388 ], [ 17.72753885169686, 68.859033525772361 ], [ 17.727898976029259, 68.858636219203376 ] ] ] ] } },
{ "type": "Feature", "properties": { "fid": 242393, "navn": "Trollvatnet", "hoyde_moh": 200, "arealInnsjo_km2": 0.0044, "magasinKategori": null, "fid_2": 1092, "id": 1092, "left": 17.486919847, "top": 68.946110046000001, "right": 17.986919847, "bottom": 68.446110046000001, "row_index": 11, "col_index": 27, "tile_id": 1092 }, "geometry": { "type": "MultiPolygon", "coordinates": [ [ [ [ 17.903417114201854, 68.858586088647584 ], [ 17.903683136831116, 68.858498329678028 ], [ 17.903297745263188, 68.858290003257537 ], [ 17.901065593130987, 68.858149014530255 ], [ 17.900816401652492, 68.858247613532399 ], [ 17.90099439587317, 68.858547278158127 ], [ 17.903417114201854, 68.858586088647584 ] ] ] ] } },
{ "type": "Feature", "properties": { "fid": 242394, "navn": "Løskålvatnet", "hoyde_moh": 5, "arealInnsjo_km2": 0.0105, "magasinKategori": null, "fid_2": 1092, "id": 1092, "left": 17.486919847, "top": 68.946110046000001, "right": 17.986919847, "bottom": 68.446110046000001, "row_index": 11, "col_index": 27, "tile_id": 1092 }, "geometry": { "type": "MultiPolygon", "coordinates": [ [ [ [ 17.986765291903708, 68.860646746280466 ], [ 17.986908851232151, 68.860827902557304 ], [ 17.986919847, 68.860831153710279 ], [ 17.986919847, 68.860561493555096 ], [ 17.986765291903708, 68.860646746280466 ] ] ] ] } },
{ "type": "Feature", "properties": { "fid": 242397, "navn": null, "hoyde_moh": 501, "arealInnsjo_km2": 0.0029, "magasinKategori": null, "fid_2": 1092, "id": 1092, "left": 17.486919847, "top": 68.946110046000001, "right": 17.986919847, "bottom": 68.446110046000001, "row_index": 11, "col_index": 27, "tile_id": 1092 }, "geometry": { "type": "MultiPolygon", "coordinates": [ [ [ [ 17.636615424887207, 68.522486235829589 ], [ 17.636465130792498, 68.522143479806104 ], [ 17.636010918941643, 68.521930796657799 ], [ 17.635532562370841, 68.52211494847009 ], [ 17.635456399137087, 68.522488007627942 ], [ 17.635884364975912, 68.52266888159788 ], [ 17.636615424887207, 68.522486235829589 ] ] ] ] } },
{ "type": "Feature", "properties": { "fid": 242398, "navn": null, "hoyde_moh": 440, "arealInnsjo_km2": 0.0028, "magasinKategori": null, "fid_2": 1092, "id": 1092, "left": 17.486919847, "top": 68.946110046000001, "right": 17.986919847, "bottom": 68.446110046000001, "row_index": 11, "col_index": 27, "tile_id": 1092 }, "geometry": { "type": "MultiPolygon", "coordinates": [ [ [ [ 17.842269816320929, 68.51964016412677 ], [ 17.844608485147088, 68.519478013757748 ], [ 17.84318720345134, 68.5195150204557 ], [ 17.842595463920084, 68.519309059479113 ], [ 17.840897927505711, 68.519616349609876 ], [ 17.842269816320929, 68.51964016412677 ] ] ] ] } },
{ "type": "Feature", "properties": { "fid": 242399, "navn": null, "hoyde_moh": 500, "arealInnsjo_km2": 0.0045, "magasinKategori": null, "fid_2": 1092, "id": 1092, "left": 17.486919847, "top": 68.946110046000001, "right": 17.986919847, "bottom": 68.446110046000001, "row_index": 11, "col_index": 27, "tile_id": 1092 }, "geometry": { "type": "MultiPolygon", "coordinates": [ [ [ [ 17.628345970793934, 68.523523784198886 ], [ 17.627873152029959, 68.523417912156404 ], [ 17.627643593317377, 68.523186252692085 ], [ 17.628254702822499, 68.52327874101735 ], [ 17.629547392546023, 68.523051342070929 ], [ 17.628048257799207, 68.522961720671972 ], [ 17.6275198181606, 68.522689501757753 ], [ 17.626959461538764, 68.52285588283975 ], [ 17.627085899511886, 68.523419730322658 ], [ 17.628345970793934, 68.523523784198886 ] ] ] ] } },
{ "type": "Feature", "properties": { "fid": 242400, "navn": null, "hoyde_moh": 326, "arealInnsjo_km2": 0.0044, "magasinKategori": null, "fid_2": 1092, "id": 1092, "left": 17.486919847, "top": 68.946110046000001, "right": 17.986919847, "bottom": 68.446110046000001, "row_index": 11, "col_index": 27, "tile_id": 1092 }, "geometry": { "type": "MultiPolygon", "coordinates": [ [ [ [ 17.811144182303487, 68.520792854783281 ], [ 17.811241192761425, 68.520667262404615 ], [ 17.810283647226807, 68.520772523587624 ], [ 17.809372977395441, 68.520448089972561 ], [ 17.809249351246486, 68.520715957744258 ], [ 17.808826442801916, 68.520984075686911 ], [ 17.809405119247682, 68.521264338169146 ], [ 17.811144182303487, 68.520792854783281 ] ] ] ] } },
{ "type": "Feature", "properties": { "fid": 242403, "navn": null, "hoyde_moh": 875, "arealInnsjo_km2": 0.0037, "magasinKategori": null, "fid_2": 1092, "id": 1092, "left": 17.486919847, "top": 68.946110046000001, "right": 17.986919847, "bottom": 68.446110046000001, "row_index": 11, "col_index": 27, "tile_id": 1092 }, "geometry": { "type": "MultiPolygon", "coordinates": [ [ [ [ 17.906199930947622, 68.596892995500028 ], [ 17.906319442497498, 68.596547825464029 ], [ 17.905810834459459, 68.596529943576627 ], [ 17.904123701767926, 68.597064830054777 ], [ 17.905102708444812, 68.597226852459229 ], [ 17.906199930947622, 68.596892995500028 ] ] ] ] } },
{ "type": "Feature", "properties": { "fid": 242404, "navn": null, "hoyde_moh": 719, "arealInnsjo_km2": 0.0036, "magasinKategori": null, "fid_2": 1092, "id": 1092, "left": 17.486919847, "top": 68.946110046000001, "right": 17.986919847, "bottom": 68.446110046000001, "row_index": 11, "col_index": 27, "tile_id": 1092 }, "geometry": { "type": "MultiPolygon", "coordinates": [ [ [ [ 17.691598453739385, 68.601273461809541 ], [ 17.69112336667045, 68.601249100805788 ], [ 17.690593517883887, 68.601532859772362 ], [ 17.689938941066618, 68.601448531695965 ], [ 17.689578602550785, 68.601951284768816 ], [ 17.690737534060769, 68.601963467971814 ], [ 17.691598453739385, 68.601273461809541 ] ] ] ] } },
{ "type": "Feature", "properties": { "fid": 242405, "navn": null, "hoyde_moh": 880, "arealInnsjo_km2": 0.0063, "magasinKategori": null, "fid_2": 1092, "id": 1092, "left": 17.486919847, "top": 68.946110046000001, "right": 17.986919847, "bottom": 68.446110046000001, "row_index": 11, "col_index": 27, "tile_id": 1092 }, "geometry": { "type": "MultiPolygon", "coordinates": [ [ [ [ 17.80106564155431, 68.605795809073655 ], [ 17.803365758737836, 68.605558436126756 ], [ 17.803556919449697, 68.605388200149505 ], [ 17.801048935307886, 68.605470777080498 ], [ 17.799553243661421, 68.606007759200267 ], [ 17.799618128045719, 68.606269782758304 ], [ 17.800154094453593, 68.606354407600293 ], [ 17.80106564155431, 68.605795809073655 ] ] ] ] } },
{ "type": "Feature", "properties": { "fid": 242406, "navn": null, "hoyde_moh": 265, "arealInnsjo_km2": 0.0038, "magasinKategori": null, "fid_2": 1092, "id": 1092, "left": 17.486919847, "top": 68.946110046000001, "right": 17.986919847, "bottom": 68.446110046000001, "row_index": 11, "col_index": 27, "tile_id": 1092 }, "geometry": { "type": "MultiPolygon", "coordinates": [ [ [ [ 17.664298675054688, 68.620585846332474 ], [ 17.663655595952619, 68.620374221146506 ], [ 17.664449839219515, 68.620236811692152 ], [ 17.663360012906555, 68.619459235369135 ], [ 17.662175040792629, 68.619465035337072 ], [ 17.662952714341497, 68.619584062921817 ], [ 17.663180803422787, 68.619737893295166 ], [ 17.663442572842346, 68.620459267776809 ], [ 17.664298675054688, 68.620585846332474 ] ] ] ] } },
{ "type": "Feature", "properties": { "fid": 242407, "navn": null, "hoyde_moh": 572, "arealInnsjo_km2": 0.0032, "magasinKategori": null, "fid_2": 1092, "id": 1092, "left": 17.486919847, "top": 68.946110046000001, "right": 17.986919847, "bottom": 68.446110046000001, "row_index": 11, "col_index": 27, "tile_id": 1092 }, "geometry": { "type": "MultiPolygon", "coordinates": [ [ [ [ 17.584327077817537, 68.659687124687352 ], [ 17.584408791475777, 68.659532574896659 ], [ 17.582853239017226, 68.659157255930097 ], [ 17.582422693568493, 68.659346851165395 ], [ 17.583655413957537, 68.659845770312558 ], [ 17.584327077817537, 68.659687124687352 ] ] ] ] } },
{ "type": "Feature", "properties": { "fid": 242420, "navn": null, "hoyde_moh": 330, "arealInnsjo_km2": 0.0028, "magasinKategori": null, "fid_2": 1092, "id": 1092, "left": 17.486919847, "top": 68.946110046000001, "right": 17.986919847, "bottom": 68.446110046000001, "row_index": 11, "col_index": 27, "tile_id": 1092 }, "geometry": { "type": "MultiPolygon", "coordinates": [ [ [ [ 17.974598209838557, 68.508054226989785 ], [ 17.975247711837653, 68.507896374624806 ], [ 17.974419677281976, 68.507383441989205 ], [ 17.973765606354643, 68.507800017541228 ], [ 17.973995512898661, 68.507896760918896 ], [ 17.974057652067142, 68.508135990346801 ], [ 17.974598209838557, 68.508054226989785 ] ] ] ] } },
{ "type": "Feature", "properties": { "fid": 242421, "navn": null, "hoyde_moh": 419, "arealInnsjo_km2": 0.0028, "magasinKategori": null, "fid_2": 1092, "id": 1092, "left": 17.486919847, "top": 68.946110046000001, "right": 17.986919847, "bottom": 68.446110046000001, "row_index": 11, "col_index": 27, "tile_id": 1092 }, "geometry": { "type": "MultiPolygon", "coordinates": [ [ [ [ 17.621847860222612, 68.516688737594308 ], [ 17.621649628848793, 68.516274645960053 ], [ 17.622017447492482, 68.516070718633955 ], [ 17.621363425763196, 68.515880956397822 ], [ 17.620643909283441, 68.516001963502177 ], [ 17.62112623161914, 68.516275549499454 ], [ 17.621347982730502, 68.516710905622844 ], [ 17.621847860222612, 68.516688737594308 ] ] ] ] } },
{ "type": "Feature", "properties": { "fid": 242422, "navn": null, "hoyde_moh": 401, "arealInnsjo_km2": 0.0026, "magasinKategori": null, "fid_2": 1092, "id": 1092, "left": 17.486919847, "top": 68.946110046000001, "right": 17.986919847, "bottom": 68.446110046000001, "row_index": 11, "col_index": 27, "tile_id": 1092 }, "geometry": { "type": "MultiPolygon", "coordinates": [ [ [ [ 17.721677475112735, 68.517087912497303 ], [ 17.721270720832344, 68.516826030064621 ], [ 17.720521714727543, 68.516786020051782 ], [ 17.720130741072573, 68.516930948504722 ], [ 17.720515814386921, 68.517244618387878 ], [ 17.72130797910124, 68.51726875920383 ], [ 17.721677475112735, 68.517087912497303 ] ] ] ] } },
{ "type": "Feature", "properties": { "fid": 242424, "navn": "Råggejavrit", "hoyde_moh": 790, "arealInnsjo_km2": 0.1466, "magasinKategori": null, "fid_2": 1092, "id": 1092, "left": 17.486919847, "top": 68.946110046000001, "right": 17.986919847, "bottom": 68.446110046000001, "row_index": 11, "col_index": 27, "tile_id": 1092 }, "geometry": { "type": "MultiPolygon", "coordinates": [ [ [ [ 17.986919847, 68.752499871347538 ], [ 17.986919847, 68.75210339138826 ], [ 17.985436460994372, 68.751282644777277 ], [ 17.983674098076641, 68.751281031025172 ], [ 17.985563887759838, 68.751068169866215 ], [ 17.985582305307389, 68.750897182828908 ], [ 17.98632621706432, 68.75074733649484 ], [ 17.986533515283494, 68.750584149882314 ], [ 17.986386082607453, 68.750315091010378 ], [ 17.986856158855041, 68.749928217595723 ], [ 17.986919847, 68.749915129817225 ], [ 17.986919847, 68.748128583609443 ], [ 17.986552857652139, 68.748149198388631 ], [ 17.986121056936678, 68.748343188018737 ], [ 17.986107261197418, 68.748653873491619 ], [ 17.985696202005574, 68.749030457507743 ], [ 17.98564499294136, 68.749433193566091 ], [ 17.984229927109858, 68.749673241947534 ], [ 17.983223931888642, 68.75012045328468 ], [ 17.98013480207279, 68.750437983284129 ], [ 17.975943003171249, 68.750490254684237 ], [ 17.974415929793526, 68.75071189807251 ], [ 17.972301075069808, 68.750616529550697 ], [ 17.973907603742219, 68.751449884138324 ], [ 17.976455142013933, 68.752067477337533 ], [ 17.976392152571506, 68.752301818562387 ], [ 17.975580007918893, 68.752753293399536 ], [ 17.975668015283237, 68.75287850831883 ], [ 17.980635985524923, 68.752260385679847 ], [ 17.986092189410915, 68.752801387010365 ], [ 17.986919847, 68.752499871347538 ] ] ] ] } },
{ "type": "Feature", "properties": { "fid": 242426, "navn": null, "hoyde_moh": 806, "arealInnsjo_km2": 0.0402, "magasinKategori": null, "fid_2": 1092, "id": 1092, "left": 17.486919847, "top": 68.946110046000001, "right": 17.986919847, "bottom": 68.446110046000001, "row_index": 11, "col_index": 27, "tile_id": 1092 }, "geometry": { "type": "MultiPolygon", "coordinates": [ [ [ [ 17.936456709676758, 68.75431314164625 ], [ 17.936582605022739, 68.754058968434521 ], [ 17.936420984992633, 68.753640291241823 ], [ 17.936632414201576, 68.753407885682805 ], [ 17.934824800395841, 68.75237784904435 ], [ 17.933669255808109, 68.752505778306116 ], [ 17.932592631959853, 68.752893030121896 ], [ 17.929642561552573, 68.753153890072397 ], [ 17.931286849778729, 68.753713440127243 ], [ 17.931534338906935, 68.754136469515572 ], [ 17.93182869842412, 68.754291167365878 ], [ 17.932865630189571, 68.754224107020633 ], [ 17.935652140731815, 68.754437959322189 ], [ 17.936456709676758, 68.75431314164625 ] ] ] ] } },
{ "type": "Feature", "properties": { "fid": 242428, "navn": null, "hoyde_moh": 608, "arealInnsjo_km2": 0.0046, "magasinKategori": null, "fid_2": 1092, "id": 1092, "left": 17.486919847, "top": 68.946110046000001, "right": 17.986919847, "bottom": 68.446110046000001, "row_index": 11, "col_index": 27, "tile_id": 1092 }, "geometry": { "type": "MultiPolygon", "coordinates": [ [ [ [ 17.560628941329579, 68.763519222012107 ], [ 17.560430770410655, 68.763246860315448 ], [ 17.559180062078941, 68.76324224056377 ], [ 17.55886773352934, 68.763462808813372 ], [ 17.560074541901553, 68.764119148631124 ], [ 17.560628941329579, 68.763519222012107 ] ] ] ] } },
{ "type": "Feature", "properties": { "fid": 242430, "navn": null, "hoyde_moh": 640, "arealInnsjo_km2": 0.0036, "magasinKategori": null, "fid_2": 1092, "id": 1092, "left": 17.486919847, "top": 68.946110046000001, "right": 17.986919847, "bottom": 68.446110046000001, "row_index": 11, "col_index": 27, "tile_id": 1092 }, "geometry": { "type": "MultiPolygon", "coordinates": [ [ [ [ 17.923242451780574, 68.76443741974461 ], [ 17.924743234264945, 68.76349791467392 ], [ 17.924207599558358, 68.763542890297302 ], [ 17.921899609951325, 68.764634023044039 ], [ 17.922448379868673, 68.764736053243212 ], [ 17.923242451780574, 68.76443741974461 ] ] ] ] } },
{ "type": "Feature", "properties": { "fid": 242432, "navn": "Sennevatnet", "hoyde_moh": 428, "arealInnsjo_km2": 0.0047, "magasinKategori": null, "fid_2": 1092, "id": 1092, "left": 17.486919847, "top": 68.946110046000001, "right": 17.986919847, "bottom": 68.446110046000001, "row_index": 11, "col_index": 27, "tile_id": 1092 }, "geometry": { "type": "MultiPolygon", "coordinates": [ [ [ [ 17.52557169425344, 68.793008962259307 ], [ 17.525445110210164, 68.792651760873298 ], [ 17.524334004200828, 68.792491493466954 ], [ 17.523944961640495, 68.792798390244513 ], [ 17.524174926953819, 68.793066369426697 ], [ 17.52506747072448, 68.793467188099768 ], [ 17.52557169425344, 68.793008962259307 ] ] ] ] } },
{ "type": "Feature", "properties": { "fid": 242434, "navn": null, "hoyde_moh": 726, "arealInnsjo_km2": 0.0042, "magasinKategori": null, "fid_2": 1092, "id": 1092, "left": 17.486919847, "top": 68.946110046000001, "right": 17.986919847, "bottom": 68.446110046000001, "row_index": 11, "col_index": 27, "tile_id": 1092 }, "geometry": { "type": "MultiPolygon", "coordinates": [ [ [ [ 17.883925915054093, 68.79520173639105 ], [ 17.881867290871927, 68.794813287786823 ], [ 17.881717540077322, 68.794515017837668 ], [ 17.881177531031003, 68.794360364274056 ], [ 17.8807953313021, 68.794323228774076 ], [ 17.880575166381607, 68.794474547378812 ], [ 17.881303072492958, 68.794887057776776 ], [ 17.88266921226078, 68.795293387728634 ], [ 17.884139895977903, 68.795369825428338 ], [ 17.883925915054093, 68.79520173639105 ] ] ] ] } },
{ "type": "Feature", "properties": { "fid": 242435, "navn": null, "hoyde_moh": 204, "arealInnsjo_km2": 0.0025, "magasinKategori": null, "fid_2": 1092, "id": 1092, "left": 17.486919847, "top": 68.946110046000001, "right": 17.986919847, "bottom": 68.446110046000001, "row_index": 11, "col_index": 27, "tile_id": 1092 }, "geometry": { "type": "MultiPolygon", "coordinates": [ [ [ [ 17.972346151842785, 68.697993385201599 ], [ 17.972569960121294, 68.697817978710574 ], [ 17.971857191619819, 68.697684542308622 ], [ 17.97056528563304, 68.697976851340897 ], [ 17.971410989699326, 68.698085063164271 ], [ 17.972346151842785, 68.697993385201599 ] ] ] ] } },
{ "type": "Feature", "properties": { "fid": 242436, "navn": null, "hoyde_moh": 538, "arealInnsjo_km2": 0.0043, "magasinKategori": null, "fid_2": 1092, "id": 1092, "left": 17.486919847, "top": 68.946110046000001, "right": 17.986919847, "bottom": 68.446110046000001, "row_index": 11, "col_index": 27, "tile_id": 1092 }, "geometry": { "type": "MultiPolygon", "coordinates": [ [ [ [ 17.867222061563307, 68.752488824043141 ], [ 17.867303155157121, 68.752418957991907 ], [ 17.867134435328769, 68.752265618379838 ], [ 17.867695313301251, 68.752066261713878 ], [ 17.867635836531559, 68.751832974369876 ], [ 17.86661730486242, 68.751675979959245 ], [ 17.866118446598197, 68.751922668283598 ], [ 17.866434622251528, 68.752448922415383 ], [ 17.866754341739899, 68.752577533814275 ], [ 17.867222061563307, 68.752488824043141 ] ] ] ] } },
{ "type": "Feature", "properties": { "fid": 242438, "navn": null, "hoyde_moh": 734, "arealInnsjo_km2": 0.0089, "magasinKategori": null, "fid_2": 1092, "id": 1092, "left": 17.486919847, "top": 68.946110046000001, "right": 17.986919847, "bottom": 68.446110046000001, "row_index": 11, "col_index": 27, "tile_id": 1092 }, "geometry": { "type": "MultiPolygon", "coordinates": [ [ [ [ 17.892302435880005, 68.802045385518923 ], [ 17.892621937374162, 68.801889305959975 ], [ 17.894302917511872, 68.802085509357269 ], [ 17.894516053299679, 68.802057456034476 ], [ 17.894647379152936, 68.801829805013469 ], [ 17.893486513386911, 68.801490440945884 ], [ 17.892103853962904, 68.800784463367847 ], [ 17.891610174096463, 68.801113443746431 ], [ 17.892035570240115, 68.801429989676365 ], [ 17.89202482718683, 68.801591398021429 ], [ 17.891434618154658, 68.801922112771649 ], [ 17.892328292302064, 68.802369818964337 ], [ 17.892302435880005, 68.802045385518923 ] ] ] ] } },
{ "type": "Feature", "properties": { "fid": 242439, "navn": "Mørkevatnan", "hoyde_moh": 254, "arealInnsjo_km2": 0.0164, "magasinKategori": null, "fid_2": 1092, "id": 1092, "left": 17.486919847, "top": 68.946110046000001, "right": 17.986919847, "bottom": 68.446110046000001, "row_index": 11, "col_index": 27, "tile_id": 1092 }, "geometry": { "type": "MultiPolygon", "coordinates": [ [ [ [ 17.949582822789935, 68.890860643464734 ], [ 17.95011499744399, 68.89089208847912 ], [ 17.950196945417016, 68.890703583924434 ], [ 17.950824615149862, 68.890388647885558 ], [ 17.950804986636349, 68.890243378227211 ], [ 17.949727913451714, 68.889772968423372 ], [ 17.948455844341911, 68.889571205446956 ], [ 17.948293551981006, 68.889582993572617 ], [ 17.948381566952598, 68.889692157633263 ], [ 17.948236078740919, 68.889917849856616 ], [ 17.948008909025933, 68.889999705923785 ], [ 17.946647093247208, 68.890081366449081 ], [ 17.947640197278552, 68.890475237410513 ], [ 17.948524408970776, 68.891077643592382 ], [ 17.949547738185036, 68.891211989565704 ], [ 17.949582822789935, 68.890860643464734 ] ] ] ] } },
{ "type": "Feature", "properties": { "fid": 242440, "navn": null, "hoyde_moh": 281, "arealInnsjo_km2": 0.0029, "magasinKategori": null, "fid_2": 1092, "id": 1092, "left": 17.486919847, "top": 68.946110046000001, "right": 17.986919847, "bottom": 68.446110046000001, "row_index": 11, "col_index": 27, "tile_id": 1092 }, "geometry": { "type": "MultiPolygon", "coordinates": [ [ [ [ 17.859408420011221, 68.892490470167914 ], [ 17.859079854942383, 68.892320404986606 ], [ 17.858247514337869, 68.892046589578925 ], [ 17.857908343372198, 68.892123916910577 ], [ 17.85797829984487, 68.892353083018605 ], [ 17.858247781765886, 68.892499635898076 ], [ 17.859537546331314, 68.892770706640619 ], [ 17.859408420011221, 68.892490470167914 ] ] ] ] } },
{ "type": "Feature", "properties": { "fid": 242441, "navn": null, "hoyde_moh": 249, "arealInnsjo_km2": 0.0042, "magasinKategori": null, "fid_2": 1092, "id": 1092, "left": 17.486919847, "top": 68.946110046000001, "right": 17.986919847, "bottom": 68.446110046000001, "row_index": 11, "col_index": 27, "tile_id": 1092 }, "geometry": { "type": "MultiPolygon", "coordinates": [ [ [ [ 17.955423430025693, 68.891300042483209 ], [ 17.955582901118841, 68.891138467031226 ], [ 17.955302245791117, 68.891121883924299 ], [ 17.955505284613711, 68.891094389884941 ], [ 17.95535719717579, 68.891020564756133 ], [ 17.955486194006415, 68.890942198521657 ], [ 17.954928299555025, 68.890584087189268 ], [ 17.953907424663758, 68.890751634173043 ], [ 17.953855224122648, 68.890894110405654 ], [ 17.954033916319663, 68.890943526326666 ], [ 17.953893228638194, 68.891091039142907 ], [ 17.954913112055298, 68.891337269142909 ], [ 17.955423430025693, 68.891300042483209 ] ] ] ] } },
{ "type": "Feature", "properties": { "fid": 242442, "navn": "Trollvatnet", "hoyde_moh": 218, "arealInnsjo_km2": 0.0153, "magasinKategori": null, "fid_2": 1092, "id": 1092, "left": 17.486919847, "top": 68.946110046000001, "right": 17.986919847, "bottom": 68.446110046000001, "row_index": 11, "col_index": 27, "tile_id": 1092 }, "geometry": { "type": "MultiPolygon", "coordinates": [ [ [ [ 17.886917461588492, 68.892289068406313 ], [ 17.887145269774098, 68.891819129650358 ], [ 17.886009823377506, 68.891503905883837 ], [ 17.885368710737598, 68.891533893435408 ], [ 17.883260210870635, 68.890883610088949 ], [ 17.882697150010475, 68.891011728577553 ], [ 17.882725089071236, 68.891216554426606 ], [ 17.883096112905918, 68.891451208305213 ], [ 17.885271387399726, 68.892301801962475 ], [ 17.885072601446268, 68.892479051173382 ], [ 17.885268528303595, 68.892562446718443 ], [ 17.885266257092692, 68.892768412836759 ], [ 17.886917461588492, 68.892289068406313 ] ] ] ] } },
{ "type": "Feature", "properties": { "fid": 242443, "navn": "Mørkevatnan", "hoyde_moh": 243, "arealInnsjo_km2": 0.0379, "magasinKategori": null, "fid_2": 1092, "id": 1092, "left": 17.486919847, "top": 68.946110046000001, "right": 17.986919847, "bottom": 68.446110046000001, "row_index": 11, "col_index": 27, "tile_id": 1092 }, "geometry": { "type": "MultiPolygon", "coordinates": [ [ [ [ 17.932762168972406, 68.891930643343414 ], [ 17.933704201247359, 68.891890084557858 ], [ 17.933895374547589, 68.891737231902837 ], [ 17.933522146728006, 68.891330538429898 ], [ 17.932919592563426, 68.891324133297175 ], [ 17.932159380994396, 68.890953189598719 ], [ 17.928797333769651, 68.890553055003451 ], [ 17.928653897479904, 68.890331186198267 ], [ 17.929123918674463, 68.890121205477257 ], [ 17.928662673449892, 68.889680827427071 ], [ 17.928757534311003, 68.889464374541916 ], [ 17.927836228479112, 68.889773682710143 ], [ 17.92765378684312, 68.890073601590743 ], [ 17.927203984758169, 68.890229457911559 ], [ 17.926789542258604, 68.890607425369154 ], [ 17.926791836568245, 68.890991782737714 ], [ 17.927690781175581, 68.891273196209013 ], [ 17.927774833537992, 68.891387015950585 ], [ 17.927634643893857, 68.891447418562137 ], [ 17.927784075776877, 68.89152833522391 ], [ 17.930198328905995, 68.892052442507605 ], [ 17.932204788510909, 68.892182445714027 ], [ 17.932762168972406, 68.891930643343414 ] ] ] ] } },
{ "type": "Feature", "properties": { "fid": 242445, "navn": "Jordbruvatnet", "hoyde_moh": 196, "arealInnsjo_km2": 0.009, "magasinKategori": null, "fid_2": 1092, "id": 1092, "left": 17.486919847, "top": 68.946110046000001, "right": 17.986919847, "bottom": 68.446110046000001, "row_index": 11, "col_index": 27, "tile_id": 1092 }, "geometry": { "type": "MultiPolygon", "coordinates": [ [ [ [ 17.933076488688783, 68.904051455507201 ], [ 17.931702327269473, 68.903657950060449 ], [ 17.931125896762715, 68.903338054107081 ], [ 17.929557894190886, 68.90318100225879 ], [ 17.929228423307947, 68.903413788231219 ], [ 17.929405441823125, 68.903589386877826 ], [ 17.931106405824796, 68.90409120533333 ], [ 17.932666477916982, 68.904340036388035 ], [ 17.933076488688783, 68.904051455507201 ] ] ] ] } },
{ "type": "Feature", "properties": { "fid": 242608, "navn": null, "hoyde_moh": 540, "arealInnsjo_km2": 0.0032, "magasinKategori": null, "fid_2": 1092, "id": 1092, "left": 17.486919847, "top": 68.946110046000001, "right": 17.986919847, "bottom": 68.446110046000001, "row_index": 11, "col_index": 27, "tile_id": 1092 }, "geometry": { "type": "MultiPolygon", "coordinates": [ [ [ [ 17.827465188711489, 68.929801870041047 ], [ 17.827434212008537, 68.929604812548149 ], [ 17.825723353063449, 68.929335606904431 ], [ 17.825288721645858, 68.929469556556469 ], [ 17.825295237383571, 68.929653016290516 ], [ 17.827057069658416, 68.92987596061964 ], [ 17.827465188711489, 68.929801870041047 ] ] ] ] } },
{ "type": "Feature", "properties": { "fid": 242611, "navn": "Øvervatnet", "hoyde_moh": 168, "arealInnsjo_km2": 0.1053, "magasinKategori": null, "fid_2": 1092, "id": 1092, "left": 17.486919847, "top": 68.946110046000001, "right": 17.986919847, "bottom": 68.446110046000001, "row_index": 11, "col_index": 27, "tile_id": 1092 }, "geometry": { "type": "MultiPolygon", "coordinates": [ [ [ [ 17.495561396402788, 68.923693984899373 ], [ 17.496019646056109, 68.92331402135251 ], [ 17.497376758058781, 68.922947367061894 ], [ 17.497433040039194, 68.922701983387128 ], [ 17.49676969442713, 68.922220157907589 ], [ 17.495190070853603, 68.921581315084097 ], [ 17.49493410128073, 68.921220062773088 ], [ 17.493690237598702, 68.920822467438413 ], [ 17.493212132123595, 68.920441038432983 ], [ 17.491626709684191, 68.919947639068013 ], [ 17.490620105452919, 68.920076685565789 ], [ 17.489709879239385, 68.920704832599782 ], [ 17.488836243255832, 68.920927954308269 ], [ 17.488664437449735, 68.921195482640982 ], [ 17.487609244601096, 68.921347566480335 ], [ 17.487055733985006, 68.921721626515634 ], [ 17.487669109215577, 68.922244422366248 ], [ 17.487609978856725, 68.922421187356449 ], [ 17.4880357371615, 68.922876269045886 ], [ 17.488599262926602, 68.922752541084719 ], [ 17.488861308117524, 68.92293834927132 ], [ 17.488708382492504, 68.923041635734663 ], [ 17.489282161296867, 68.923157108678595 ], [ 17.490188085419824, 68.923047132779104 ], [ 17.492189081797491, 68.923586705869255 ], [ 17.494072417434904, 68.923754722919981 ], [ 17.495561396402788, 68.923693984899373 ] ] ] ] } },
{ "type": "Feature", "properties": { "fid": 242612, "navn": "Fagerdalsvatnet", "hoyde_moh": 420, "arealInnsjo_km2": 0.0092, "magasinKategori": null, "fid_2": 1092, "id": 1092, "left": 17.486919847, "top": 68.946110046000001, "right": 17.986919847, "bottom": 68.446110046000001, "row_index": 11, "col_index": 27, "tile_id": 1092 }, "geometry": { "type": "MultiPolygon", "coordinates": [ [ [ [ 17.897843871548204, 68.922734172990687 ], [ 17.898493408531387, 68.922657059247243 ], [ 17.897805308554599, 68.922119106957538 ], [ 17.896696122144096, 68.921697826734516 ], [ 17.895610674462688, 68.921833867077581 ], [ 17.895651046939804, 68.922115143443079 ], [ 17.89589424356398, 68.922284713362743 ], [ 17.895736695410729, 68.922397445983279 ], [ 17.895810697014845, 68.922507232150707 ], [ 17.897021110074064, 68.922622034359478 ], [ 17.897345441775361, 68.922870027521512 ], [ 17.897844632183538, 68.922920519313223 ], [ 17.897843871548204, 68.922734172990687 ] ] ] ] } },
{ "type": "Feature", "properties": { "fid": 242613, "navn": null, "hoyde_moh": 555, "arealInnsjo_km2": 0.0037, "magasinKategori": null, "fid_2": 1092, "id": 1092, "left": 17.486919847, "top": 68.946110046000001, "right": 17.986919847, "bottom": 68.446110046000001, "row_index": 11, "col_index": 27, "tile_id": 1092 }, "geometry": { "type": "MultiPolygon", "coordinates": [ [ [ [ 17.806362058646425, 68.933021047648424 ], [ 17.807726850059943, 68.932832968725336 ], [ 17.807757845514541, 68.932633363754448 ], [ 17.806495871367577, 68.932538972125641 ], [ 17.805827151717438, 68.93291522243679 ], [ 17.805652611369293, 68.933100582428096 ], [ 17.805767516172441, 68.933231182083532 ], [ 17.805550093279496, 68.933375597446641 ], [ 17.806362058646425, 68.933021047648424 ] ] ] ] } },
{ "type": "Feature", "properties": { "fid": 242618, "navn": null, "hoyde_moh": 694, "arealInnsjo_km2": 0.0035, "magasinKategori": null, "fid_2": 1092, "id": 1092, "left": 17.486919847, "top": 68.946110046000001, "right": 17.986919847, "bottom": 68.446110046000001, "row_index": 11, "col_index": 27, "tile_id": 1092 }, "geometry": { "type": "MultiPolygon", "coordinates": [ [ [ [ 17.876093082004289, 68.794957258357201 ], [ 17.875469890894902, 68.794720961977092 ], [ 17.875413166330183, 68.794552710680705 ], [ 17.875917656341358, 68.794456094856699 ], [ 17.875767988585356, 68.794315003472647 ], [ 17.875044513289929, 68.794112184044195 ], [ 17.874422598897404, 68.794391759832777 ], [ 17.874684219620217, 68.794679610857443 ], [ 17.876093082004289, 68.794957258357201 ] ] ] ] } },
{ "type": "Feature", "properties": { "fid": 242619, "navn": null, "hoyde_moh": 760, "arealInnsjo_km2": 0.0031, "magasinKategori": null, "fid_2": 1092, "id": 1092, "left": 17.486919847, "top": 68.946110046000001, "right": 17.986919847, "bottom": 68.446110046000001, "row_index": 11, "col_index": 27, "tile_id": 1092 }, "geometry": { "type": "MultiPolygon", "coordinates": [ [ [ [ 17.891907805230005, 68.795334244508922 ], [ 17.891520334872819, 68.795058616344491 ], [ 17.891361348582233, 68.794726577756251 ], [ 17.890875889383437, 68.794553429375853 ], [ 17.890446161784126, 68.794591454144054 ], [ 17.890702653675842, 68.794761953004169 ], [ 17.890460485356755, 68.794983859709262 ], [ 17.890626870409569, 68.795041079676807 ], [ 17.890616186028975, 68.795197280317964 ], [ 17.891907805230005, 68.795334244508922 ] ] ] ] } },
{ "type": "Feature", "properties": { "fid": 242620, "navn": "Småvatnan", "hoyde_moh": 647, "arealInnsjo_km2": 0.0117, "magasinKategori": null, "fid_2": 1092, "id": 1092, "left": 17.486919847, "top": 68.946110046000001, "right": 17.986919847, "bottom": 68.446110046000001, "row_index": 11, "col_index": 27, "tile_id": 1092 }, "geometry": { "type": "MultiPolygon", "coordinates": [ [ [ [ 17.649321460123652, 68.808438075381559 ], [ 17.650272099729776, 68.808506796033228 ], [ 17.650697284472574, 68.808117797912629 ], [ 17.652372479699995, 68.808163161941891 ], [ 17.652665039736576, 68.808045407878538 ], [ 17.650637849394901, 68.807854575800164 ], [ 17.647159444392901, 68.808046369498015 ], [ 17.647189373176317, 68.808341287334045 ], [ 17.647523923869244, 68.808548609575297 ], [ 17.648784934271944, 68.808761131735409 ], [ 17.649321460123652, 68.808438075381559 ] ] ] ] } },
{ "type": "Feature", "properties": { "fid": 242621, "navn": null, "hoyde_moh": 646, "arealInnsjo_km2": 0.0025, "magasinKategori": null, "fid_2": 1092, "id": 1092, "left": 17.486919847, "top": 68.946110046000001, "right": 17.986919847, "bottom": 68.446110046000001, "row_index": 11, "col_index": 27, "tile_id": 1092 }, "geometry": { "type": "MultiPolygon", "coordinates": [ [ [ [ 17.650643394280845, 68.809298385366901 ], [ 17.650752220111055, 68.809095992602565 ], [ 17.649315521145855, 68.808958300586966 ], [ 17.648711459474207, 68.80922272336295 ], [ 17.65020026449783, 68.809426923658023 ], [ 17.650643394280845, 68.809298385366901 ] ] ] ] } },
{ "type": "Feature", "properties": { "fid": 242622, "navn": null, "hoyde_moh": 639, "arealInnsjo_km2": 0.0047, "magasinKategori": null, "fid_2": 1092, "id": 1092, "left": 17.486919847, "top": 68.946110046000001, "right": 17.986919847, "bottom": 68.446110046000001, "row_index": 11, "col_index": 27, "tile_id": 1092 }, "geometry": { "type": "MultiPolygon", "coordinates": [ [ [ [ 17.64695740038098, 68.818435546892431 ], [ 17.646645132729311, 68.817985356009856 ], [ 17.645342619407341, 68.817847416318259 ], [ 17.645322282482837, 68.817545437986297 ], [ 17.644804814562352, 68.817732830220947 ], [ 17.644971518024089, 68.817992677214377 ], [ 17.645622363627574, 68.818347750580344 ], [ 17.646627617242345, 68.818569306899633 ], [ 17.64695740038098, 68.818435546892431 ] ] ] ] } },
{ "type": "Feature", "properties": { "fid": 242623, "navn": "Cubbojávri", "hoyde_moh": 421, "arealInnsjo_km2": 0.4259, "magasinKategori": null, "fid_2": 1092, "id": 1092, "left": 17.486919847, "top": 68.946110046000001, "right": 17.986919847, "bottom": 68.446110046000001, "row_index": 11, "col_index": 27, "tile_id": 1092 }, "geometry": { "type": "MultiPolygon", "coordinates": [ [ [ [ 17.958331828893474, 68.82009338002338 ], [ 17.958975249123846, 68.820219609186822 ], [ 17.960780251145671, 68.82006829301038 ], [ 17.961808914046703, 68.819834894828091 ], [ 17.961805322474746, 68.819612589670797 ], [ 17.962100054106319, 68.819492089075936 ], [ 17.962004555232408, 68.819382885599211 ], [ 17.96219270724702, 68.819152027978504 ], [ 17.963098315509207, 68.818741042460644 ], [ 17.963739045028039, 68.818769088534353 ], [ 17.963989873752482, 68.81908412228519 ], [ 17.964340403156999, 68.819076745033925 ], [ 17.964410695489558, 68.819166278310149 ], [ 17.964220421545591, 68.819256501195738 ], [ 17.963455375224385, 68.819331262561832 ], [ 17.964329674200101, 68.819572749722539 ], [ 17.96619954023107, 68.819214481572047 ], [ 17.966749347456403, 68.818857361604614 ], [ 17.967884252063055, 68.818832766301483 ], [ 17.968173746996658, 68.818604707722855 ], [ 17.968020902537877, 68.818206003093735 ], [ 17.967079723346231, 68.817662718967711 ], [ 17.96763435603344, 68.817570522056144 ], [ 17.968931555030611, 68.81781895535434 ], [ 17.969690687885141, 68.817616972844561 ], [ 17.97140085305098, 68.817551047150872 ], [ 17.971215899286598, 68.817111251701121 ], [ 17.973560871553477, 68.817029702364579 ], [ 17.974651633552654, 68.817704633060799 ], [ 17.975670068406806, 68.817900535248341 ], [ 17.975539134235856, 68.817999696383765 ], [ 17.977059103439423, 68.818079518898728 ], [ 17.976918996766933, 68.817917689584206 ], [ 17.977391163780684, 68.81789567331613 ], [ 17.979417785283154, 68.818484225120088 ], [ 17.979544644932183, 68.81826232130669 ], [ 17.978865017184784, 68.817998103593013 ], [ 17.979119213627925, 68.817946331816387 ], [ 17.978397990426259, 68.817599532108119 ], [ 17.979917923876776, 68.817588567745958 ], [ 17.981462148577975, 68.817274175059325 ], [ 17.981594061565627, 68.817132618253837 ], [ 17.982072244710039, 68.817231319153848 ], [ 17.982146399896635, 68.817003515906478 ], [ 17.983489930318768, 68.816657258312588 ], [ 17.98455128310102, 68.816642191415326 ], [ 17.984499815236465, 68.816503048230999 ], [ 17.985686123972517, 68.81568579645608 ], [ 17.985801111903857, 68.81553492765542 ], [ 17.985622801290109, 68.815297917348673 ], [ 17.986186400891732, 68.815042649039626 ], [ 17.986058691407905, 68.814919839882194 ], [ 17.986461093472851, 68.814697031864043 ], [ 17.986463807892978, 68.814560347219654 ], [ 17.98568751857086, 68.814459362316114 ], [ 17.984882226716671, 68.814609713870937 ], [ 17.983055922493961, 68.814596305417325 ], [ 17.982409832066722, 68.814305927750993 ], [ 17.982024939386065, 68.813814712382779 ], [ 17.981032516970831, 68.813595321350888 ], [ 17.976044855542199, 68.813059190259395 ], [ 17.975141402388473, 68.813128983712019 ], [ 17.972877146600968, 68.81285005230059 ], [ 17.972141362640212, 68.812917251874524 ], [ 17.96787558997945, 68.814036233682273 ], [ 17.967763273071874, 68.814479074953709 ], [ 17.967555659597309, 68.814569156722328 ], [ 17.965713553931881, 68.814556107495008 ], [ 17.96544267566987, 68.814687330825294 ], [ 17.965254283730825, 68.814947463481644 ], [ 17.965413275894111, 68.815387178407647 ], [ 17.96688789867806, 68.815876080544953 ], [ 17.966435118557801, 68.816046663266192 ], [ 17.966764525040542, 68.81609333389855 ], [ 17.965195421062514, 68.816811466723948 ], [ 17.965327203345765, 68.816973000904653 ], [ 17.965124926188746, 68.81705867685308 ], [ 17.965315378625352, 68.817282207060842 ], [ 17.965214190445963, 68.817582111637051 ], [ 17.964932476009658, 68.817665942990686 ], [ 17.963484064634955, 68.817282856649697 ], [ 17.961589013319742, 68.817430928552795 ], [ 17.960709935592146, 68.817323992217652 ], [ 17.959968209088995, 68.817526707280493 ], [ 17.959764757037881, 68.817789967803307 ], [ 17.959087252521119, 68.817923421287631 ], [ 17.958908970934921, 68.818271346502257 ], [ 17.957681394392658, 68.818408814997184 ], [ 17.957793507865077, 68.818998823523131 ], [ 17.958170120127793, 68.819297129911021 ], [ 17.957790431359189, 68.819458334324821 ], [ 17.956752884135671, 68.819509623880592 ], [ 17.95638916218488, 68.819893362742206 ], [ 17.957086745426405, 68.820180336338112 ], [ 17.958080063402246, 68.820230989809005 ], [ 17.958331828893474, 68.82009338002338 ] ], [ [ 17.970670726038545, 68.81659121881053 ], [ 17.970996607966228, 68.816487123490319 ], [ 17.971332716301994, 68.816648668223877 ], [ 17.970853520188957, 68.816716306189917 ], [ 17.970670726038545, 68.81659121881053 ] ], [ [ 17.956931641883166, 68.819621599115166 ], [ 17.957745445482008, 68.819579054548754 ], [ 17.957368694081875, 68.819792185158306 ], [ 17.956975358377242, 68.819813759316602 ], [ 17.956931641883166, 68.819621599115166 ] ] ] ] } },
{ "type": "Feature", "properties": { "fid": 242624, "navn": null, "hoyde_moh": 683, "arealInnsjo_km2": 0.0038, "magasinKategori": null, "fid_2": 1092, "id": 1092, "left": 17.486919847, "top": 68.946110046000001, "right": 17.986919847, "bottom": 68.446110046000001, "row_index": 11, "col_index": 27, "tile_id": 1092 }, "geometry": { "type": "MultiPolygon", "coordinates": [ [ [ [ 17.600768412775956, 68.826562705112792 ], [ 17.600340882227339, 68.826132424964001 ], [ 17.601188629283076, 68.825485520473478 ], [ 17.600786265747885, 68.825494554473863 ], [ 17.598935070802238, 68.826631784932118 ], [ 17.600768412775956, 68.826562705112792 ] ], [ [ 17.599699994246354, 68.826415532514261 ], [ 17.600029667792164, 68.826324144129245 ], [ 17.600243302858097, 68.826507469369432 ], [ 17.599699994246354, 68.826415532514261 ] ] ] ] } },
{ "type": "Feature", "properties": { "fid": 242625, "navn": "Gamvikelvvatnan", "hoyde_moh": 848, "arealInnsjo_km2": 0.0649, "magasinKategori": null, "fid_2": 1092, "id": 1092, "left": 17.486919847, "top": 68.946110046000001, "right": 17.986919847, "bottom": 68.446110046000001, "row_index": 11, "col_index": 27, "tile_id": 1092 }, "geometry": { "type": "MultiPolygon", "coordinates": [ [ [ [ 17.704405447037789, 68.828038297385191 ], [ 17.704076578835107, 68.827485057972865 ], [ 17.704048332337827, 68.825977390314534 ], [ 17.703728910310399, 68.825711316245034 ], [ 17.704048203828169, 68.825173338270858 ], [ 17.70397993935093, 68.825047058269476 ], [ 17.704155510193026, 68.824986278950604 ], [ 17.701445279212823, 68.824452806175501 ], [ 17.700946603333961, 68.824524915024043 ], [ 17.700746408050346, 68.824730233980731 ], [ 17.699348056628793, 68.824861970882424 ], [ 17.699699501439476, 68.825622558540417 ], [ 17.69908374625199, 68.825971451132659 ], [ 17.699038562599437, 68.826322673945924 ], [ 17.699682931840726, 68.826623354045836 ], [ 17.699695453849476, 68.827061084119563 ], [ 17.701451013036124, 68.827798626480643 ], [ 17.704008755616577, 68.828285703757402 ], [ 17.704405447037789, 68.828038297385191 ] ] ] ] } },
{ "type": "Feature", "properties": { "fid": 242627, "navn": null, "hoyde_moh": 679, "arealInnsjo_km2": 0.0128, "magasinKategori": null, "fid_2": 1092, "id": 1092, "left": 17.486919847, "top": 68.946110046000001, "right": 17.986919847, "bottom": 68.446110046000001, "row_index": 11, "col_index": 27, "tile_id": 1092 }, "geometry": { "type": "MultiPolygon", "coordinates": [ [ [ [ 17.589144983351421, 68.83615644145857 ], [ 17.589425138581937, 68.835811563358462 ], [ 17.58928146597324, 68.835631825609809 ], [ 17.58894039681951, 68.835682437431799 ], [ 17.588889326983931, 68.835566179029939 ], [ 17.590098919229831, 68.835551513653016 ], [ 17.590003426350467, 68.83541645651195 ], [ 17.590167921642355, 68.835374547768637 ], [ 17.590889928187018, 68.835476627051506 ], [ 17.591125900882645, 68.835002548133488 ], [ 17.589436702140684, 68.834893403725403 ], [ 17.588739594239104, 68.835151383102428 ], [ 17.586209253256829, 68.8351813013998 ], [ 17.588313118324024, 68.835659952864077 ], [ 17.588592020463118, 68.835898213705661 ], [ 17.588058419697777, 68.836125247265514 ], [ 17.587969438821567, 68.836309965738664 ], [ 17.58849266403092, 68.836387798426543 ], [ 17.589144983351421, 68.83615644145857 ] ] ] ] } },
{ "type": "Feature", "properties": { "fid": 242794, "navn": null, "hoyde_moh": 239, "arealInnsjo_km2": 0.0046, "magasinKategori": null, "fid_2": 1092, "id": 1092, "left": 17.486919847, "top": 68.946110046000001, "right": 17.986919847, "bottom": 68.446110046000001, "row_index": 11, "col_index": 27, "tile_id": 1092 }, "geometry": { "type": "MultiPolygon", "coordinates": [ [ [ [ 17.899339169756566, 68.889810600368932 ], [ 17.898347653402041, 68.889499739003028 ], [ 17.897993511074329, 68.889073711494419 ], [ 17.896734635162471, 68.889021707417456 ], [ 17.897033790963619, 68.889294270899939 ], [ 17.897687740365011, 68.889383771167061 ], [ 17.897771257637736, 68.889719071844041 ], [ 17.899731941185351, 68.890124474761308 ], [ 17.899339169756566, 68.889810600368932 ] ] ] ] } },
{ "type": "Feature", "properties": { "fid": 242796, "navn": "Isvatnan", "hoyde_moh": 657, "arealInnsjo_km2": 0.0348, "magasinKategori": null, "fid_2": 1092, "id": 1092, "left": 17.486919847, "top": 68.946110046000001, "right": 17.986919847, "bottom": 68.446110046000001, "row_index": 11, "col_index": 27, "tile_id": 1092 }, "geometry": { "type": "MultiPolygon", "coordinates": [ [ [ [ 17.578839692159757, 68.846550564906522 ], [ 17.578757256887965, 68.845820342093504 ], [ 17.579136820504189, 68.845684712935338 ], [ 17.580575949354348, 68.845739517654692 ], [ 17.580634418251666, 68.845629133196823 ], [ 17.580033756301312, 68.845248281805738 ], [ 17.578247062845644, 68.845106032274956 ], [ 17.57727616690585, 68.844857157311395 ], [ 17.577175705488422, 68.844465211012022 ], [ 17.57747197581104, 68.844053427079771 ], [ 17.577582794444183, 68.843546805665198 ], [ 17.57714231768756, 68.843527906153781 ], [ 17.57542508656298, 68.84439966163238 ], [ 17.575345289521117, 68.844703152718978 ], [ 17.575655802434447, 68.844939968027418 ], [ 17.575515100422859, 68.845373713556896 ], [ 17.575944125950755, 68.845541868029386 ], [ 17.57562171153161, 68.845587770195593 ], [ 17.575552016644156, 68.845832769980888 ], [ 17.576007226885359, 68.846226251912867 ], [ 17.576658810273759, 68.846134702327475 ], [ 17.576870150587663, 68.846426600615885 ], [ 17.577322482684469, 68.846570524826305 ], [ 17.578084058098472, 68.847230494983876 ], [ 17.578456421610493, 68.84715879011766 ], [ 17.578839692159757, 68.846550564906522 ] ], [ [ 17.576982630584371, 68.845437990606086 ], [ 17.577670105952933, 68.845621249585875 ], [ 17.577501635204388, 68.845674693354113 ], [ 17.577045234620069, 68.845660252829632 ], [ 17.576982630584371, 68.845437990606086 ] ], [ [ 17.576438107085664, 68.845674482707182 ], [ 17.576848852557585, 68.845757917707843 ], [ 17.576703103999467, 68.845820888808419 ], [ 17.576394434189687, 68.845792629039863 ], [ 17.576438107085664, 68.845674482707182 ] ] ] ] } },
{ "type": "Feature", "properties": { "fid": 242797, "navn": "Nakkevatnet", "hoyde_moh": 170, "arealInnsjo_km2": 0.019, "magasinKategori": null, "fid_2": 1092, "id": 1092, "left": 17.486919847, "top": 68.946110046000001, "right": 17.986919847, "bottom": 68.446110046000001, "row_index": 11, "col_index": 27, "tile_id": 1092 }, "geometry": { "type": "MultiPolygon", "coordinates": [ [ [ [ 17.707507970323935, 68.895775534854934 ], [ 17.707478158908096, 68.895603225027969 ], [ 17.70764117083931, 68.895508631400759 ], [ 17.70719579857176, 68.895375959458676 ], [ 17.70749732474706, 68.895287780581967 ], [ 17.70764449512826, 68.894697616500181 ], [ 17.70837774793214, 68.894380689052298 ], [ 17.708372907786824, 68.894184555305642 ], [ 17.707431622653893, 68.894449948565949 ], [ 17.70679794823371, 68.89400351447054 ], [ 17.70589578885301, 68.893774519770503 ], [ 17.705359940164296, 68.893828182278 ], [ 17.705201219205673, 68.894090193489433 ], [ 17.704594150597199, 68.894347657730123 ], [ 17.705083480596038, 68.894634379969418 ], [ 17.705155008088923, 68.89496059002083 ], [ 17.705637214945384, 68.895349747896447 ], [ 17.706803150551739, 68.895993541496054 ], [ 17.707507970323935, 68.895775534854934 ] ] ] ] } },
{ "type": "Feature", "properties": { "fid": 242798, "navn": null, "hoyde_moh": 245, "arealInnsjo_km2": 0.015, "magasinKategori": null, "fid_2": 1092, "id": 1092, "left": 17.486919847, "top": 68.946110046000001, "right": 17.986919847, "bottom": 68.446110046000001, "row_index": 11, "col_index": 27, "tile_id": 1092 }, "geometry": { "type": "MultiPolygon", "coordinates": [ [ [ [ 17.946766628428335, 68.898427961988119 ], [ 17.946717344643243, 68.898314266377369 ], [ 17.945838149987591, 68.898101009954232 ], [ 17.945470121534534, 68.897728361291371 ], [ 17.944768593066513, 68.897604939913307 ], [ 17.944728689779776, 68.897451223167664 ], [ 17.944081672438539, 68.897203869663613 ], [ 17.942039042244343, 68.897036381149462 ], [ 17.941008417106804, 68.897240280906686 ], [ 17.941514867832201, 68.89736008517869 ], [ 17.941248189295433, 68.897638224622511 ], [ 17.941421011137614, 68.897765048545068 ], [ 17.942170668786815, 68.897855244505863 ], [ 17.94259772123193, 68.897685289444425 ], [ 17.942738477682546, 68.897814461688526 ], [ 17.944116385045778, 68.89795851600833 ], [ 17.944460800311852, 68.897826611572555 ], [ 17.944566934808709, 68.897931424699181 ], [ 17.94407869776402, 68.898004771457977 ], [ 17.94409044347071, 68.898115436015317 ], [ 17.946541847879761, 68.898506002922048 ], [ 17.946766628428335, 68.898427961988119 ] ] ] ] } },
{ "type": "Feature", "properties": { "fid": 242799, "navn": "Skårvikvatnet", "hoyde_moh": 187, "arealInnsjo_km2": 0.0573, "magasinKategori": null, "fid_2": 1092, "id": 1092, "left": 17.486919847, "top": 68.946110046000001, "right": 17.986919847, "bottom": 68.446110046000001, "row_index": 11, "col_index": 27, "tile_id": 1092 }, "geometry": { "type": "MultiPolygon", "coordinates": [ [ [ [ 17.926392244653037, 68.904842760257196 ], [ 17.927112540548897, 68.904431444217451 ], [ 17.925903772545258, 68.903965209510588 ], [ 17.925459962486848, 68.904038634508581 ], [ 17.925226883523298, 68.903751782258055 ], [ 17.920652183709713, 68.902251685548023 ], [ 17.919901973231422, 68.902206737291294 ], [ 17.919806380784703, 68.902048944821729 ], [ 17.917976114413289, 68.902044225518438 ], [ 17.917514916414405, 68.90228409172677 ], [ 17.917722782252962, 68.902505404042373 ], [ 17.917630313811962, 68.902614711837529 ], [ 17.9168206899183, 68.902937207649572 ], [ 17.916926532743339, 68.903133157642145 ], [ 17.917473812260798, 68.903305567606779 ], [ 17.919891123207918, 68.903611103866695 ], [ 17.923651748750913, 68.904686133828079 ], [ 17.925704743812741, 68.904991829370474 ], [ 17.926392244653037, 68.904842760257196 ] ] ] ] } },
{ "type": "Feature", "properties": { "fid": 242800, "navn": null, "hoyde_moh": 447, "arealInnsjo_km2": 0.005, "magasinKategori": null, "fid_2": 1092, "id": 1092, "left": 17.486919847, "top": 68.946110046000001, "right": 17.986919847, "bottom": 68.446110046000001, "row_index": 11, "col_index": 27, "tile_id": 1092 }, "geometry": { "type": "MultiPolygon", "coordinates": [ [ [ [ 17.515113161298235, 68.91896453752922 ], [ 17.514946227323822, 68.918665359417275 ], [ 17.513951190946603, 68.918278866486929 ], [ 17.513947249921426, 68.918658286792976 ], [ 17.513807869202179, 68.918771988074553 ], [ 17.514078088589081, 68.91926035700989 ], [ 17.514353042195875, 68.919417846924958 ], [ 17.514217041310278, 68.919471457644576 ], [ 17.515057157012656, 68.919582826181056 ], [ 17.515113161298235, 68.91896453752922 ] ] ] ] } },
{ "type": "Feature", "properties": { "fid": 242803, "navn": null, "hoyde_moh": 387, "arealInnsjo_km2": 0.0026, "magasinKategori": null, "fid_2": 1092, "id": 1092, "left": 17.486919847, "top": 68.946110046000001, "right": 17.986919847, "bottom": 68.446110046000001, "row_index": 11, "col_index": 27, "tile_id": 1092 }, "geometry": { "type": "MultiPolygon", "coordinates": [ [ [ [ 17.910225147785244, 68.920057086473278 ], [ 17.90939689607308, 68.919785671853376 ], [ 17.908007925320184, 68.919706142945898 ], [ 17.909185456620911, 68.920151230297776 ], [ 17.909837458029951, 68.920212902453429 ], [ 17.910225147785244, 68.920057086473278 ] ] ] ] } },
{ "type": "Feature", "properties": { "fid": 242804, "navn": null, "hoyde_moh": 388, "arealInnsjo_km2": 0.0032, "magasinKategori": null, "fid_2": 1092, "id": 1092, "left": 17.486919847, "top": 68.946110046000001, "right": 17.986919847, "bottom": 68.446110046000001, "row_index": 11, "col_index": 27, "tile_id": 1092 }, "geometry": { "type": "MultiPolygon", "coordinates": [ [ [ [ 17.917941677885505, 68.922193713989572 ], [ 17.917303635146371, 68.921828680865914 ], [ 17.916599957576771, 68.921848354081433 ], [ 17.9161699106958, 68.922098808353823 ], [ 17.916346629597129, 68.922296329837195 ], [ 17.917383503611283, 68.922433258509443 ], [ 17.917941677885505, 68.922193713989572 ] ] ] ] } },
{ "type": "Feature", "properties": { "fid": 242805, "navn": null, "hoyde_moh": 478, "arealInnsjo_km2": 0.0052, "magasinKategori": null, "fid_2": 1092, "id": 1092, "left": 17.486919847, "top": 68.946110046000001, "right": 17.986919847, "bottom": 68.446110046000001, "row_index": 11, "col_index": 27, "tile_id": 1092 }, "geometry": { "type": "MultiPolygon", "coordinates": [ [ [ [ 17.799070983713392, 68.927856733153646 ], [ 17.798530403515699, 68.927608437306759 ], [ 17.799148717855712, 68.927450717006252 ], [ 17.798670988874445, 68.927434503413281 ], [ 17.798411935279233, 68.927234635449622 ], [ 17.798076781927499, 68.92734749244002 ], [ 17.7974250798657, 68.92723189097326 ], [ 17.79727717876456, 68.927352086209297 ], [ 17.79751193681431, 68.927480364830927 ], [ 17.796905112356509, 68.927687529222496 ], [ 17.798058987782021, 68.927949104260108 ], [ 17.797997661609809, 68.92816590002424 ], [ 17.798344545012412, 68.928198625363365 ], [ 17.799070983713392, 68.927856733153646 ] ] ] ] } },
{ "type": "Feature", "properties": { "fid": 242952, "navn": null, "hoyde_moh": 534, "arealInnsjo_km2": 0.0357, "magasinKategori": null, "fid_2": 1092, "id": 1092, "left": 17.486919847, "top": 68.946110046000001, "right": 17.986919847, "bottom": 68.446110046000001, "row_index": 11, "col_index": 27, "tile_id": 1092 }, "geometry": { "type": "MultiPolygon", "coordinates": [ [ [ [ 17.815512791006302, 68.931147643935915 ], [ 17.816130971384503, 68.931092643358397 ], [ 17.817331999154526, 68.931249278729595 ], [ 17.817645828966469, 68.930965735885877 ], [ 17.818414005017793, 68.930858519065566 ], [ 17.818768342041309, 68.930644230287768 ], [ 17.82041826476495, 68.930602404891744 ], [ 17.820186664759397, 68.930400586674082 ], [ 17.819692684255237, 68.930333983099061 ], [ 17.819830802081832, 68.930153607518193 ], [ 17.819578630573837, 68.930107061186746 ], [ 17.820031710191842, 68.929822287658297 ], [ 17.820005211420089, 68.930064011164049 ], [ 17.820352793320858, 68.930004044738212 ], [ 17.820748839596799, 68.929757195256585 ], [ 17.820677446131334, 68.9296143053039 ], [ 17.820821943998716, 68.929534717810071 ], [ 17.820650819770474, 68.929339529696065 ], [ 17.817072841869244, 68.92942381762451 ], [ 17.814702458767762, 68.930137897364602 ], [ 17.814768742759163, 68.930278180733424 ], [ 17.81422217436949, 68.930791045333365 ], [ 17.815030718840202, 68.93128593992175 ], [ 17.815440161371743, 68.931305839684256 ], [ 17.815512791006302, 68.931147643935915 ] ] ] ] } },
{ "type": "Feature", "properties": { "fid": 242953, "navn": null, "hoyde_moh": 520, "arealInnsjo_km2": 0.0151, "magasinKategori": null, "fid_2": 1092, "id": 1092, "left": 17.486919847, "top": 68.946110046000001, "right": 17.986919847, "bottom": 68.446110046000001, "row_index": 11, "col_index": 27, "tile_id": 1092 }, "geometry": { "type": "MultiPolygon", "coordinates": [ [ [ [ 17.824560167002264, 68.934249268026576 ], [ 17.825451217382899, 68.93407795842127 ], [ 17.825738281621799, 68.933860640446198 ], [ 17.824978537922803, 68.93339684984862 ], [ 17.823586818309984, 68.933030413501726 ], [ 17.823355495617122, 68.933090615445138 ], [ 17.823624344661095, 68.933351057601357 ], [ 17.822714318467362, 68.933684067623162 ], [ 17.821697723596511, 68.933695057316669 ], [ 17.822663961377156, 68.934070706714891 ], [ 17.822674047258221, 68.934233461378469 ], [ 17.823672177973076, 68.934725450481409 ], [ 17.824809687818316, 68.934777615569473 ], [ 17.824560167002264, 68.934249268026576 ] ] ] ] } },
{ "type": "Feature", "properties": { "fid": 242955, "navn": null, "hoyde_moh": 537, "arealInnsjo_km2": 0.0028, "magasinKategori": null, "fid_2": 1092, "id": 1092, "left": 17.486919847, "top": 68.946110046000001, "right": 17.986919847, "bottom": 68.446110046000001, "row_index": 11, "col_index": 27, "tile_id": 1092 }, "geometry": { "type": "MultiPolygon", "coordinates": [ [ [ [ 17.834433841433949, 68.934583635548719 ], [ 17.834244616456129, 68.934464431349724 ], [ 17.834342932097702, 68.934369262569234 ], [ 17.833941112062437, 68.934244166111455 ], [ 17.833060043789384, 68.934481152496602 ], [ 17.832638699524701, 68.934779347911999 ], [ 17.833476011346882, 68.934879708176652 ], [ 17.834433841433949, 68.934583635548719 ] ] ] ] } },
{ "type": "Feature", "properties": { "fid": 242956, "navn": null, "hoyde_moh": 543, "arealInnsjo_km2": 0.0065, "magasinKategori": null, "fid_2": 1092, "id": 1092, "left": 17.486919847, "top": 68.946110046000001, "right": 17.986919847, "bottom": 68.446110046000001, "row_index": 11, "col_index": 27, "tile_id": 1092 }, "geometry": { "type": "MultiPolygon", "coordinates": [ [ [ [ 17.809465181758192, 68.93556015830616 ], [ 17.809772586841532, 68.93527781533875 ], [ 17.80967748737968, 68.935193299212642 ], [ 17.810339530391744, 68.935023240399644 ], [ 17.810183034238232, 68.934852396653937 ], [ 17.810294755361141, 68.934665733089318 ], [ 17.809818150707844, 68.934351964786742 ], [ 17.808945501235527, 68.934161052375245 ], [ 17.808579965817337, 68.934249295966012 ], [ 17.809327986033114, 68.934566675189615 ], [ 17.80961823826976, 68.93488665679655 ], [ 17.809128176307439, 68.935141488874081 ], [ 17.808283390477481, 68.935116803912692 ], [ 17.807930214985007, 68.935498457473031 ], [ 17.809465181758192, 68.93556015830616 ] ] ] ] } },
{ "type": "Feature", "properties": { "fid": 242957, "navn": null, "hoyde_moh": 441, "arealInnsjo_km2": 0.0064, "magasinKategori": null, "fid_2": 1092, "id": 1092, "left": 17.486919847, "top": 68.946110046000001, "right": 17.986919847, "bottom": 68.446110046000001, "row_index": 11, "col_index": 27, "tile_id": 1092 }, "geometry": { "type": "MultiPolygon", "coordinates": [ [ [ [ 17.782844823491804, 68.937372117120361 ], [ 17.783778536963506, 68.937100430631034 ], [ 17.783737033975825, 68.93687033062038 ], [ 17.784964853182441, 68.936619867470355 ], [ 17.783958140282294, 68.936417464090837 ], [ 17.782686773665446, 68.936674824065449 ], [ 17.781987671272461, 68.937132882868852 ], [ 17.782024372024676, 68.93735076404073 ], [ 17.782461388205363, 68.937636258130368 ], [ 17.782844823491804, 68.937372117120361 ] ] ] ] } },
{ "type": "Feature", "properties": { "fid": 242958, "navn": null, "hoyde_moh": 675, "arealInnsjo_km2": 0.0032, "magasinKategori": null, "fid_2": 1092, "id": 1092, "left": 17.486919847, "top": 68.946110046000001, "right": 17.986919847, "bottom": 68.446110046000001, "row_index": 11, "col_index": 27, "tile_id": 1092 }, "geometry": { "type": "MultiPolygon", "coordinates": [ [ [ [ 17.629627339703255, 68.939855961804554 ], [ 17.628506919477932, 68.939586198821189 ], [ 17.628728950448565, 68.939918723667361 ], [ 17.629457473272463, 68.940315244643173 ], [ 17.630516842401033, 68.940388575952738 ], [ 17.629627339703255, 68.939855961804554 ] ] ] ] } },
{ "type": "Feature", "properties": { "fid": 242959, "navn": null, "hoyde_moh": 633, "arealInnsjo_km2": 0.0021, "magasinKategori": null, "fid_2": 1092, "id": 1092, "left": 17.486919847, "top": 68.946110046000001, "right": 17.986919847, "bottom": 68.446110046000001, "row_index": 11, "col_index": 27, "tile_id": 1092 }, "geometry": { "type": "MultiPolygon", "coordinates": [ [ [ [ 17.868758607612598, 68.937477702221244 ], [ 17.868176672458407, 68.937190003346203 ], [ 17.867341065849942, 68.937302617716554 ], [ 17.867623172410021, 68.93755308085062 ], [ 17.868562926664165, 68.937656038457575 ], [ 17.868758607612598, 68.937477702221244 ] ] ] ] } },
{ "type": "Feature", "properties": { "fid": 242960, "navn": "Storelvvatnet", "hoyde_moh": 598, "arealInnsjo_km2": 0.0379, "magasinKategori": null, "fid_2": 1092, "id": 1092, "left": 17.486919847, "top": 68.946110046000001, "right": 17.986919847, "bottom": 68.446110046000001, "row_index": 11, "col_index": 27, "tile_id": 1092 }, "geometry": { "type": "MultiPolygon", "coordinates": [ [ [ [ 17.63975904444176, 68.943310003679002 ], [ 17.639389442990229, 68.942788777766452 ], [ 17.639356350134346, 68.942263871361305 ], [ 17.638960819019289, 68.941965904470536 ], [ 17.637966719905581, 68.941804823192129 ], [ 17.637386475670418, 68.941429110354505 ], [ 17.635898937779828, 68.941467897356205 ], [ 17.634515389735082, 68.94237764880566 ], [ 17.63458619266282, 68.942631993838503 ], [ 17.634985128330076, 68.942954689614083 ], [ 17.63644452258406, 68.943600628084084 ], [ 17.639033165962477, 68.943710046353729 ], [ 17.63975904444176, 68.943310003679002 ] ] ] ] } },
{ "type": "Feature", "properties": { "fid": 242961, "navn": null, "hoyde_moh": 498, "arealInnsjo_km2": 0.0037, "magasinKategori": null, "fid_2": 1092, "id": 1092, "left": 17.486919847, "top": 68.946110046000001, "right": 17.986919847, "bottom": 68.446110046000001, "row_index": 11, "col_index": 27, "tile_id": 1092 }, "geometry": { "type": "MultiPolygon", "coordinates": [ [ [ [ 17.825185967803538, 68.942278083019858 ], [ 17.82482261309055, 68.941992098018659 ], [ 17.825141895860007, 68.941694179668687 ], [ 17.823846887681515, 68.941631154533155 ], [ 17.823633149820925, 68.941841149789951 ], [ 17.824315706858201, 68.94213863830619 ], [ 17.824163918758305, 68.942282709161091 ], [ 17.824273374962996, 68.942390947660826 ], [ 17.82500198579902, 68.942429958752214 ], [ 17.825185967803538, 68.942278083019858 ] ] ] ] } },
{ "type": "Feature", "properties": { "fid": 243405, "navn": null, "hoyde_moh": 659, "arealInnsjo_km2": 0.0034, "magasinKategori": null, "fid_2": 1092, "id": 1092, "left": 17.486919847, "top": 68.946110046000001, "right": 17.986919847, "bottom": 68.446110046000001, "row_index": 11, "col_index": 27, "tile_id": 1092 }, "geometry": { "type": "MultiPolygon", "coordinates": [ [ [ [ 17.891744944650249, 68.537918885815245 ], [ 17.891149974894127, 68.537504151345601 ], [ 17.889911684620426, 68.537399781741058 ], [ 17.889547741670629, 68.537537916792516 ], [ 17.889598175339032, 68.537741906643433 ], [ 17.891593723276532, 68.538029842949769 ], [ 17.891744944650249, 68.537918885815245 ] ] ] ] } },
{ "type": "Feature", "properties": { "fid": 243410, "navn": null, "hoyde_moh": 401, "arealInnsjo_km2": 0.003, "magasinKategori": null, "fid_2": 1092, "id": 1092, "left": 17.486919847, "top": 68.946110046000001, "right": 17.986919847, "bottom": 68.446110046000001, "row_index": 11, "col_index": 27, "tile_id": 1092 }, "geometry": { "type": "MultiPolygon", "coordinates": [ [ [ [ 17.878847625713878, 68.503338366620795 ], [ 17.877613154452408, 68.503454075821438 ], [ 17.878205549817835, 68.503155389972932 ], [ 17.878658767031897, 68.503200936960525 ], [ 17.878630239981813, 68.503103935546164 ], [ 17.877620014209079, 68.50311247074599 ], [ 17.877018235283103, 68.503512307261431 ], [ 17.878266279119323, 68.503719813288782 ], [ 17.878847625713878, 68.503338366620795 ] ] ] ] } },
{ "type": "Feature", "properties": { "fid": 243411, "navn": null, "hoyde_moh": 371, "arealInnsjo_km2": 0.0036, "magasinKategori": null, "fid_2": 1092, "id": 1092, "left": 17.486919847, "top": 68.946110046000001, "right": 17.986919847, "bottom": 68.446110046000001, "row_index": 11, "col_index": 27, "tile_id": 1092 }, "geometry": { "type": "MultiPolygon", "coordinates": [ [ [ [ 17.850949039322742, 68.513398650742914 ], [ 17.851180725280308, 68.513271192439007 ], [ 17.848144574126746, 68.513300934968541 ], [ 17.847743234236066, 68.51350442940641 ], [ 17.847873399483333, 68.513629692276709 ], [ 17.848735095059961, 68.513670634068859 ], [ 17.850949039322742, 68.513398650742914 ] ] ] ] } },
{ "type": "Feature", "properties": { "fid": 243412, "navn": null, "hoyde_moh": 747, "arealInnsjo_km2": 0.0036, "magasinKategori": null, "fid_2": 1092, "id": 1092, "left": 17.486919847, "top": 68.946110046000001, "right": 17.986919847, "bottom": 68.446110046000001, "row_index": 11, "col_index": 27, "tile_id": 1092 }, "geometry": { "type": "MultiPolygon", "coordinates": [ [ [ [ 17.943605670543292, 68.536106445185041 ], [ 17.941536440951339, 68.535487527665254 ], [ 17.941545276580094, 68.535735418692511 ], [ 17.942174437935606, 68.536063474878532 ], [ 17.943287800484473, 68.53629820769666 ], [ 17.943605670543292, 68.536106445185041 ] ] ] ] } },
{ "type": "Feature", "properties": { "fid": 243415, "navn": null, "hoyde_moh": 700, "arealInnsjo_km2": 0.0026, "magasinKategori": null, "fid_2": 1092, "id": 1092, "left": 17.486919847, "top": 68.946110046000001, "right": 17.986919847, "bottom": 68.446110046000001, "row_index": 11, "col_index": 27, "tile_id": 1092 }, "geometry": { "type": "MultiPolygon", "coordinates": [ [ [ [ 17.860086872477673, 68.553909490249467 ], [ 17.860773673696922, 68.553486478890207 ], [ 17.859745751616426, 68.553417883774031 ], [ 17.859216797663688, 68.553778239693102 ], [ 17.859198760080936, 68.5539201124827 ], [ 17.860086872477673, 68.553909490249467 ] ] ] ] } },
{ "type": "Feature", "properties": { "fid": 243416, "navn": null, "hoyde_moh": 604, "arealInnsjo_km2": 0.0048, "magasinKategori": null, "fid_2": 1092, "id": 1092, "left": 17.486919847, "top": 68.946110046000001, "right": 17.986919847, "bottom": 68.446110046000001, "row_index": 11, "col_index": 27, "tile_id": 1092 }, "geometry": { "type": "MultiPolygon", "coordinates": [ [ [ [ 17.677910496687048, 68.582449379157183 ], [ 17.676272724673083, 68.582111373782567 ], [ 17.674363636598589, 68.582206801627635 ], [ 17.674723007782109, 68.582401520706853 ], [ 17.676952935191455, 68.582591444557337 ], [ 17.677910496687048, 68.582449379157183 ] ] ] ] } },
{ "type": "Feature", "properties": { "fid": 243417, "navn": null, "hoyde_moh": 266, "arealInnsjo_km2": 0.0048, "magasinKategori": null, "fid_2": 1092, "id": 1092, "left": 17.486919847, "top": 68.946110046000001, "right": 17.986919847, "bottom": 68.446110046000001, "row_index": 11, "col_index": 27, "tile_id": 1092 }, "geometry": { "type": "MultiPolygon", "coordinates": [ [ [ [ 17.663133642810326, 68.618907482070668 ], [ 17.662353558775525, 68.618546147931426 ], [ 17.662750254320191, 68.618213969323264 ], [ 17.662708276083901, 68.618046785762203 ], [ 17.66135412521735, 68.618033712499539 ], [ 17.660954170504457, 68.618185077456644 ], [ 17.662329408592207, 68.618620400087792 ], [ 17.662372318103479, 68.618778862500335 ], [ 17.661530682029575, 68.618474954868475 ], [ 17.662652390815722, 68.61918220632198 ], [ 17.663133642810326, 68.618907482070668 ] ] ] ] } },
{ "type": "Feature", "properties": { "fid": 243418, "navn": null, "hoyde_moh": 554, "arealInnsjo_km2": 0.0036, "magasinKategori": null, "fid_2": 1092, "id": 1092, "left": 17.486919847, "top": 68.946110046000001, "right": 17.986919847, "bottom": 68.446110046000001, "row_index": 11, "col_index": 27, "tile_id": 1092 }, "geometry": { "type": "MultiPolygon", "coordinates": [ [ [ [ 17.768970923547958, 68.625080499730629 ], [ 17.768903589708838, 68.624859980029598 ], [ 17.768468001156378, 68.624618311770121 ], [ 17.76788489646108, 68.624604820315596 ], [ 17.767876459012818, 68.624867427073397 ], [ 17.767131777704027, 68.625076057911699 ], [ 17.768482457870306, 68.625299558267656 ], [ 17.768970923547958, 68.625080499730629 ] ] ] ] } },
{ "type": "Feature", "properties": { "fid": 243419, "navn": null, "hoyde_moh": 543, "arealInnsjo_km2": 0.0032, "magasinKategori": null, "fid_2": 1092, "id": 1092, "left": 17.486919847, "top": 68.946110046000001, "right": 17.986919847, "bottom": 68.446110046000001, "row_index": 11, "col_index": 27, "tile_id": 1092 }, "geometry": { "type": "MultiPolygon", "coordinates": [ [ [ [ 17.892514153199095, 68.738109046733769 ], [ 17.892582987021168, 68.737806513793743 ], [ 17.891748186799862, 68.737788821497318 ], [ 17.891223637936882, 68.73805991023255 ], [ 17.891298303676109, 68.738433512190667 ], [ 17.891620962687142, 68.738497481458111 ], [ 17.892514153199095, 68.738109046733769 ] ] ] ] } },
{ "type": "Feature", "properties": { "fid": 243420, "navn": null, "hoyde_moh": 583, "arealInnsjo_km2": 0.0073, "magasinKategori": null, "fid_2": 1092, "id": 1092, "left": 17.486919847, "top": 68.946110046000001, "right": 17.986919847, "bottom": 68.446110046000001, "row_index": 11, "col_index": 27, "tile_id": 1092 }, "geometry": { "type": "MultiPolygon", "coordinates": [ [ [ [ 17.568209810267071, 68.758225017862657 ], [ 17.56730963575993, 68.757481967222233 ], [ 17.567192246549396, 68.757111905761249 ], [ 17.566038628183552, 68.757504635299767 ], [ 17.566208959881187, 68.757608231057603 ], [ 17.566016783879739, 68.757974635456449 ], [ 17.56650722354895, 68.757945755348842 ], [ 17.566456752818784, 68.758059786318796 ], [ 17.566789651908486, 68.758281095861719 ], [ 17.568237473506198, 68.758441348470228 ], [ 17.568209810267071, 68.758225017862657 ] ] ] ] } },
{ "type": "Feature", "properties": { "fid": 243421, "navn": null, "hoyde_moh": 811, "arealInnsjo_km2": 0.0032, "magasinKategori": null, "fid_2": 1092, "id": 1092, "left": 17.486919847, "top": 68.946110046000001, "right": 17.986919847, "bottom": 68.446110046000001, "row_index": 11, "col_index": 27, "tile_id": 1092 }, "geometry": { "type": "MultiPolygon", "coordinates": [ [ [ [ 17.916886543382216, 68.753207208034254 ], [ 17.917325204139932, 68.75291112783097 ], [ 17.916809858882836, 68.752787862502998 ], [ 17.916282340984356, 68.752930796386977 ], [ 17.914680346642001, 68.752938897298193 ], [ 17.915479374262379, 68.7531457991727 ], [ 17.916089264178794, 68.753091310108417 ], [ 17.916494437429186, 68.753410918857796 ], [ 17.916879226154489, 68.753414076439427 ], [ 17.916886543382216, 68.753207208034254 ] ] ] ] } },
{ "type": "Feature", "properties": { "fid": 243423, "navn": "Rennelvvatnet", "hoyde_moh": 620, "arealInnsjo_km2": 0.0938, "magasinKategori": null, "fid_2": 1092, "id": 1092, "left": 17.486919847, "top": 68.946110046000001, "right": 17.986919847, "bottom": 68.446110046000001, "row_index": 11, "col_index": 27, "tile_id": 1092 }, "geometry": { "type": "MultiPolygon", "coordinates": [ [ [ [ 17.552625517285374, 68.761741843960451 ], [ 17.552842366655401, 68.76141358942219 ], [ 17.552464744525238, 68.760853041557013 ], [ 17.551680461538048, 68.76022771529631 ], [ 17.55302156867835, 68.759510866014452 ], [ 17.554108259678262, 68.759254762199973 ], [ 17.553390201841882, 68.758788201815833 ], [ 17.553291772639369, 68.758564321136689 ], [ 17.554831316902941, 68.758301475852164 ], [ 17.556233780338044, 68.758315322461357 ], [ 17.556697522383033, 68.758232664279134 ], [ 17.556728240040869, 68.758090573682097 ], [ 17.55497051133348, 68.757721829808347 ], [ 17.552818303693972, 68.758138947574793 ], [ 17.549340202570264, 68.758370735048558 ], [ 17.547436623910084, 68.759056612859112 ], [ 17.546594956773227, 68.75973315057972 ], [ 17.546565366261433, 68.759946303848054 ], [ 17.546119170511183, 68.760107290998633 ], [ 17.546905577838601, 68.760789421043114 ], [ 17.547137692351843, 68.761505281313205 ], [ 17.547737782851904, 68.761388917175225 ], [ 17.54985882844522, 68.761522060547591 ], [ 17.552144477703763, 68.761929220192982 ], [ 17.552625517285374, 68.761741843960451 ] ] ] ] } },
{ "type": "Feature", "properties": { "fid": 243424, "navn": null, "hoyde_moh": 815, "arealInnsjo_km2": 0.0103, "magasinKategori": null, "fid_2": 1092, "id": 1092, "left": 17.486919847, "top": 68.946110046000001, "right": 17.986919847, "bottom": 68.446110046000001, "row_index": 11, "col_index": 27, "tile_id": 1092 }, "geometry": { "type": "MultiPolygon", "coordinates": [ [ [ [ 17.951171438080515, 68.756412719222126 ], [ 17.950970394057816, 68.755960265904008 ], [ 17.950033859819044, 68.755724051146984 ], [ 17.950783029447113, 68.755582983324658 ], [ 17.949588763058614, 68.755105099829251 ], [ 17.949039321419821, 68.755219702771782 ], [ 17.948336653255449, 68.755983245457813 ], [ 17.948989063452871, 68.756014259064301 ], [ 17.949792791968271, 68.756445804370884 ], [ 17.951171438080515, 68.756412719222126 ] ], [ [ 17.949682349313253, 68.755419290585749 ], [ 17.949864573668954, 68.755531744009502 ], [ 17.949356720165046, 68.755614651824715 ], [ 17.949334245182634, 68.755486039723337 ], [ 17.949682349313253, 68.755419290585749 ] ] ] ] } },
{ "type": "Feature", "properties": { "fid": 243580, "navn": "Lægdevatnet", "hoyde_moh": 638, "arealInnsjo_km2": 0.0248, "magasinKategori": null, "fid_2": 1092, "id": 1092, "left": 17.486919847, "top": 68.946110046000001, "right": 17.986919847, "bottom": 68.446110046000001, "row_index": 11, "col_index": 27, "tile_id": 1092 }, "geometry": { "type": "MultiPolygon", "coordinates": [ [ [ [ 17.921403882893802, 68.764530448071014 ], [ 17.921056158982132, 68.764324314930107 ], [ 17.921234349326326, 68.764195203861036 ], [ 17.921121834643223, 68.764003866871249 ], [ 17.921244030934137, 68.763810367901286 ], [ 17.92255165947973, 68.763155286979512 ], [ 17.922710184223973, 68.76290101326785 ], [ 17.921683639420525, 68.762976892765465 ], [ 17.920599642101063, 68.763639871526607 ], [ 17.920425664041367, 68.763644396926566 ], [ 17.920336823832702, 68.763422039503808 ], [ 17.919607096705803, 68.763429590220341 ], [ 17.919117029237647, 68.76314035500917 ], [ 17.918435804940678, 68.76318728239049 ], [ 17.916065110889143, 68.763990529980006 ], [ 17.91764667608982, 68.764205949768382 ], [ 17.918589022135372, 68.764161619600898 ], [ 17.918295859548032, 68.764416861352586 ], [ 17.918540920488198, 68.764574855807268 ], [ 17.921032115881417, 68.764737496768007 ], [ 17.921403882893802, 68.764530448071014 ] ] ] ] } },
{ "type": "Feature", "properties": { "fid": 243581, "navn": null, "hoyde_moh": 768, "arealInnsjo_km2": 0.004, "magasinKategori": null, "fid_2": 1092, "id": 1092, "left": 17.486919847, "top": 68.946110046000001, "right": 17.986919847, "bottom": 68.446110046000001, "row_index": 11, "col_index": 27, "tile_id": 1092 }, "geometry": { "type": "MultiPolygon", "coordinates": [ [ [ [ 17.955024521205981, 68.765568730927072 ], [ 17.954395900796968, 68.765146270179542 ], [ 17.954186499403992, 68.764908163045931 ], [ 17.954247416008528, 68.764745778672577 ], [ 17.953212858302017, 68.76462682283092 ], [ 17.953752337876345, 68.765342693615622 ], [ 17.954599829517523, 68.765720044155984 ], [ 17.955024521205981, 68.765568730927072 ] ] ] ] } },
{ "type": "Feature", "properties": { "fid": 243582, "navn": null, "hoyde_moh": 491, "arealInnsjo_km2": 0.0029, "magasinKategori": null, "fid_2": 1092, "id": 1092, "left": 17.486919847, "top": 68.946110046000001, "right": 17.986919847, "bottom": 68.446110046000001, "row_index": 11, "col_index": 27, "tile_id": 1092 }, "geometry": { "type": "MultiPolygon", "coordinates": [ [ [ [ 17.540623700197187, 68.783026499902476 ], [ 17.540833925621779, 68.782866915898495 ], [ 17.539799608411791, 68.782803072164867 ], [ 17.539022747281454, 68.783236530424503 ], [ 17.539723313319662, 68.78343704118646 ], [ 17.540623700197187, 68.783026499902476 ] ] ] ] } },
{ "type": "Feature", "properties": { "fid": 243584, "navn": null, "hoyde_moh": 663, "arealInnsjo_km2": 0.0068, "magasinKategori": null, "fid_2": 1092, "id": 1092, "left": 17.486919847, "top": 68.946110046000001, "right": 17.986919847, "bottom": 68.446110046000001, "row_index": 11, "col_index": 27, "tile_id": 1092 }, "geometry": { "type": "MultiPolygon", "coordinates": [ [ [ [ 17.919233059039534, 68.78142450454736 ], [ 17.920054360804603, 68.780886726140395 ], [ 17.920021805264387, 68.780767083738581 ], [ 17.919327407429986, 68.780723385616128 ], [ 17.919131436703783, 68.78091070074349 ], [ 17.918503677264347, 68.780953737267353 ], [ 17.917870520159845, 68.781293825914773 ], [ 17.917020507621057, 68.781093453620514 ], [ 17.916325951566829, 68.781216809026802 ], [ 17.917496400012723, 68.7817158135434 ], [ 17.918094116339731, 68.781740177439531 ], [ 17.919233059039534, 68.78142450454736 ] ], [ [ 17.919182138279844, 68.781051575765076 ], [ 17.919466294837481, 68.781033934849219 ], [ 17.919062187165871, 68.78134611456656 ], [ 17.918867040426704, 68.781356566626684 ], [ 17.919182138279844, 68.781051575765076 ] ] ] ] } },
{ "type": "Feature", "properties": { "fid": 243588, "navn": null, "hoyde_moh": 693, "arealInnsjo_km2": 0.0022, "magasinKategori": null, "fid_2": 1092, "id": 1092, "left": 17.486919847, "top": 68.946110046000001, "right": 17.986919847, "bottom": 68.446110046000001, "row_index": 11, "col_index": 27, "tile_id": 1092 }, "geometry": { "type": "MultiPolygon", "coordinates": [ [ [ [ 17.875354447265991, 68.793002153586016 ], [ 17.874268798555168, 68.792741915426021 ], [ 17.873481003213218, 68.793034622633854 ], [ 17.87456992248142, 68.793166711393354 ], [ 17.875354447265991, 68.793002153586016 ] ] ] ] } },
{ "type": "Feature", "properties": { "fid": 243590, "navn": "Storvatnet", "hoyde_moh": 429, "arealInnsjo_km2": 0.3932, "magasinKategori": null, "fid_2": 1092, "id": 1092, "left": 17.486919847, "top": 68.946110046000001, "right": 17.986919847, "bottom": 68.446110046000001, "row_index": 11, "col_index": 27, "tile_id": 1092 }, "geometry": { "type": "MultiPolygon", "coordinates": [ [ [ [ 17.490421195264521, 68.79976993065641 ], [ 17.491031553092572, 68.79927328483852 ], [ 17.491101548849041, 68.798811494822615 ], [ 17.49086502238502, 68.798674423028217 ], [ 17.490889149797539, 68.798511357071177 ], [ 17.489981303288523, 68.798051983648662 ], [ 17.491614788513679, 68.796893418592234 ], [ 17.491129776029087, 68.79650556282364 ], [ 17.490318628449437, 68.796552472333104 ], [ 17.49188460153465, 68.795296979568306 ], [ 17.494025784031066, 68.794843972461877 ], [ 17.494266505087843, 68.794563383073879 ], [ 17.495939423774058, 68.793638880040305 ], [ 17.496888734617077, 68.793463544049686 ], [ 17.497673818628957, 68.793421831653106 ], [ 17.498657373378954, 68.79368601418183 ], [ 17.498737516413335, 68.793920511161659 ], [ 17.498512683865304, 68.794251491386376 ], [ 17.498722026180456, 68.79443122413312 ], [ 17.499271160254388, 68.794535229977853 ], [ 17.500670048975913, 68.794398482004908 ], [ 17.501098049507689, 68.793912560298963 ], [ 17.50354387235009, 68.792240198939552 ], [ 17.503046049853577, 68.792168926201356 ], [ 17.503813568032498, 68.791973885113052 ], [ 17.503188846890435, 68.791948911105706 ], [ 17.50358513917428, 68.791825133879982 ], [ 17.504769204593206, 68.791902068910602 ], [ 17.506645913889329, 68.791060511121643 ], [ 17.505102441884798, 68.790523285150655 ], [ 17.506604627665848, 68.790516080959492 ], [ 17.506952916939014, 68.790298858870443 ], [ 17.505097857035029, 68.789413169606647 ], [ 17.503949739582836, 68.789451841710431 ], [ 17.502705488636686, 68.789752911448844 ], [ 17.502388631065159, 68.790144040878872 ], [ 17.502482197437381, 68.790352221829522 ], [ 17.500133202441038, 68.790627026284298 ], [ 17.49800114567871, 68.791242695419129 ], [ 17.498055180490276, 68.791434677669244 ], [ 17.499647959893327, 68.791811758045171 ], [ 17.499578292338516, 68.792120350160047 ], [ 17.499759539913939, 68.792295020886129 ], [ 17.499196039063605, 68.792706739834671 ], [ 17.498411913525231, 68.792705994861137 ], [ 17.498085202022679, 68.792496309457491 ], [ 17.497910004478882, 68.792037765907878 ], [ 17.497301679994518, 68.791757017331946 ], [ 17.495599647409616, 68.791256325032649 ], [ 17.494908809853843, 68.791240460635564 ], [ 17.493907268372698, 68.791667667885974 ], [ 17.49208387509168, 68.791872614211584 ], [ 17.49033153239894, 68.792617135038668 ], [ 17.48952742197686, 68.793099841514987 ], [ 17.489539657135534, 68.794088137880692 ], [ 17.489111120968012, 68.79417071118732 ], [ 17.489033571717076, 68.794467835237455 ], [ 17.486919847, 68.794544913388606 ], [ 17.486919847, 68.799486813538778 ], [ 17.486991528526712, 68.799489066269231 ], [ 17.487836496316103, 68.799632570288637 ], [ 17.488785063929761, 68.80014098827435 ], [ 17.490421195264521, 68.79976993065641 ] ] ] ] } },
{ "type": "Feature", "properties": { "fid": 243592, "navn": null, "hoyde_moh": 770, "arealInnsjo_km2": 0.0023, "magasinKategori": null, "fid_2": 1092, "id": 1092, "left": 17.486919847, "top": 68.946110046000001, "right": 17.986919847, "bottom": 68.446110046000001, "row_index": 11, "col_index": 27, "tile_id": 1092 }, "geometry": { "type": "MultiPolygon", "coordinates": [ [ [ [ 17.902130306426319, 68.800299138427121 ], [ 17.902014813680022, 68.80004338544218 ], [ 17.900870052337837, 68.799861790530372 ], [ 17.900631640812598, 68.799962010317316 ], [ 17.900745745610351, 68.800188253551184 ], [ 17.902130306426319, 68.800299138427121 ] ] ] ] } },
{ "type": "Feature", "properties": { "fid": 243593, "navn": null, "hoyde_moh": 667, "arealInnsjo_km2": 0.0061, "magasinKategori": null, "fid_2": 1092, "id": 1092, "left": 17.486919847, "top": 68.946110046000001, "right": 17.986919847, "bottom": 68.446110046000001, "row_index": 11, "col_index": 27, "tile_id": 1092 }, "geometry": { "type": "MultiPolygon", "coordinates": [ [ [ [ 17.878796129457303, 68.800893113640015 ], [ 17.878697662329934, 68.800328256847763 ], [ 17.878393549346686, 68.79998134574781 ], [ 17.877622911395964, 68.799770268025028 ], [ 17.877313713795417, 68.800169325595732 ], [ 17.877342580433087, 68.800520637593806 ], [ 17.877663522276904, 68.800681534537205 ], [ 17.877254732461775, 68.800788469733533 ], [ 17.878126132549273, 68.801013190578416 ], [ 17.878796129457303, 68.800893113640015 ] ] ] ] } },
{ "type": "Feature", "properties": { "fid": 243706, "navn": null, "hoyde_moh": 779, "arealInnsjo_km2": 0.0026, "magasinKategori": null, "fid_2": 1092, "id": 1092, "left": 17.486919847, "top": 68.946110046000001, "right": 17.986919847, "bottom": 68.446110046000001, "row_index": 11, "col_index": 27, "tile_id": 1092 }, "geometry": { "type": "MultiPolygon", "coordinates": [ [ [ [ 17.646894821673957, 68.860711667698368 ], [ 17.646583060367146, 68.860599748625418 ], [ 17.645364758884316, 68.8606008424198 ], [ 17.645106713123425, 68.860730512736538 ], [ 17.645706455875267, 68.860963521517732 ], [ 17.646841765605011, 68.860892003094335 ], [ 17.646894821673957, 68.860711667698368 ] ] ] ] } },
{ "type": "Feature", "properties": { "fid": 243734, "navn": null, "hoyde_moh": 299, "arealInnsjo_km2": 0.0021, "magasinKategori": null, "fid_2": 1092, "id": 1092, "left": 17.486919847, "top": 68.946110046000001, "right": 17.986919847, "bottom": 68.446110046000001, "row_index": 11, "col_index": 27, "tile_id": 1092 }, "geometry": { "type": "MultiPolygon", "coordinates": [ [ [ [ 17.694197493770307, 68.868482250535564 ], [ 17.693348381784013, 68.868297243066479 ], [ 17.692271135137887, 68.868363572214705 ], [ 17.692605800200685, 68.868568935553782 ], [ 17.693988253182226, 68.868621008076474 ], [ 17.694197493770307, 68.868482250535564 ] ] ] ] } },
{ "type": "Feature", "properties": { "fid": 243742, "navn": null, "hoyde_moh": 618, "arealInnsjo_km2": 0.0045, "magasinKategori": null, "fid_2": 1092, "id": 1092, "left": 17.486919847, "top": 68.946110046000001, "right": 17.986919847, "bottom": 68.446110046000001, "row_index": 11, "col_index": 27, "tile_id": 1092 }, "geometry": { "type": "MultiPolygon", "coordinates": [ [ [ [ 17.851896882040531, 68.940447176428819 ], [ 17.852490963392814, 68.940327907958789 ], [ 17.853274496144156, 68.93982665709251 ], [ 17.85276003678468, 68.939633110041356 ], [ 17.851674402497949, 68.939901889713454 ], [ 17.851663445963602, 68.940350092968345 ], [ 17.851070375200187, 68.940736035056247 ], [ 17.851256274116249, 68.940809048909358 ], [ 17.851896882040531, 68.940447176428819 ] ] ] ] } },
{ "type": "Feature", "properties": { "fid": 243749, "navn": null, "hoyde_moh": 638, "arealInnsjo_km2": 0.0022, "magasinKategori": null, "fid_2": 1092, "id": 1092, "left": 17.486919847, "top": 68.946110046000001, "right": 17.986919847, "bottom": 68.446110046000001, "row_index": 11, "col_index": 27, "tile_id": 1092 }, "geometry": { "type": "MultiPolygon", "coordinates": [ [ [ [ 17.6443772743323, 68.807143451623645 ], [ 17.644150661906306, 68.80700059172338 ], [ 17.645664175600814, 68.806820202300131 ], [ 17.644863851211248, 68.806708993940148 ], [ 17.643763625139933, 68.806937509816009 ], [ 17.64344226887648, 68.807199215031233 ], [ 17.6443772743323, 68.807143451623645 ] ] ] ] } },
{ "type": "Feature", "properties": { "fid": 243750, "navn": "Småvatnan", "hoyde_moh": 648, "arealInnsjo_km2": 0.0066, "magasinKategori": null, "fid_2": 1092, "id": 1092, "left": 17.486919847, "top": 68.946110046000001, "right": 17.986919847, "bottom": 68.446110046000001, "row_index": 11, "col_index": 27, "tile_id": 1092 }, "geometry": { "type": "MultiPolygon", "coordinates": [ [ [ [ 17.652518572889701, 68.810008137990252 ], [ 17.653217664580385, 68.809962117116072 ], [ 17.653177348063426, 68.810129333693709 ], [ 17.653448190443875, 68.810188916111557 ], [ 17.653596649118921, 68.810087953807709 ], [ 17.653426028034968, 68.809889119837649 ], [ 17.65411461434535, 68.809800894761096 ], [ 17.653654339065511, 68.809522040285771 ], [ 17.652274239169909, 68.809461934152324 ], [ 17.652052773733558, 68.80957480668647 ], [ 17.651705984459504, 68.809385993954066 ], [ 17.650515382468846, 68.809647738043552 ], [ 17.651610007750076, 68.809814460322372 ], [ 17.651224613249308, 68.80996947468617 ], [ 17.652218345389073, 68.810176184579475 ], [ 17.652518572889701, 68.810008137990252 ] ], [ [ 17.652336508002946, 68.809752846148626 ], [ 17.652696840379637, 68.809762024702636 ], [ 17.652542838788875, 68.80989969308682 ], [ 17.652261828452747, 68.809894121511334 ], [ 17.652336508002946, 68.809752846148626 ] ] ] ] } },
{ "type": "Feature", "properties": { "fid": 243751, "navn": null, "hoyde_moh": 697, "arealInnsjo_km2": 0.003, "magasinKategori": null, "fid_2": 1092, "id": 1092, "left": 17.486919847, "top": 68.946110046000001, "right": 17.986919847, "bottom": 68.446110046000001, "row_index": 11, "col_index": 27, "tile_id": 1092 }, "geometry": { "type": "MultiPolygon", "coordinates": [ [ [ [ 17.584267584532711, 68.843585216557784 ], [ 17.583905792006707, 68.843160537684383 ], [ 17.582818883837461, 68.843028968641136 ], [ 17.582784987190635, 68.843382207472061 ], [ 17.583731303013138, 68.843701610410179 ], [ 17.584267584532711, 68.843585216557784 ] ] ] ] } },
{ "type": "Feature", "properties": { "fid": 243753, "navn": "Flågvatnet", "hoyde_moh": 224, "arealInnsjo_km2": 0.0082, "magasinKategori": null, "fid_2": 1092, "id": 1092, "left": 17.486919847, "top": 68.946110046000001, "right": 17.986919847, "bottom": 68.446110046000001, "row_index": 11, "col_index": 27, "tile_id": 1092 }, "geometry": { "type": "MultiPolygon", "coordinates": [ [ [ [ 17.962263894197186, 68.883838743704317 ], [ 17.961758728549231, 68.883260243893304 ], [ 17.961278819009589, 68.88335953478942 ], [ 17.960126983000915, 68.883133417297245 ], [ 17.959699736442694, 68.882811203890185 ], [ 17.958969509309892, 68.882624786943026 ], [ 17.958297296283444, 68.882764219636783 ], [ 17.958520916968688, 68.883002986879958 ], [ 17.959468747775905, 68.883064698482741 ], [ 17.959587803456035, 68.883264256894392 ], [ 17.959503145689965, 68.883452186396838 ], [ 17.959673097828187, 68.883544569157394 ], [ 17.961077725303483, 68.883689356808361 ], [ 17.961296054022398, 68.883903166513932 ], [ 17.962263894197186, 68.883838743704317 ] ] ] ] } },
{ "type": "Feature", "properties": { "fid": 243754, "navn": null, "hoyde_moh": 517, "arealInnsjo_km2": 0.0026, "magasinKategori": null, "fid_2": 1092, "id": 1092, "left": 17.486919847, "top": 68.946110046000001, "right": 17.986919847, "bottom": 68.446110046000001, "row_index": 11, "col_index": 27, "tile_id": 1092 }, "geometry": { "type": "MultiPolygon", "coordinates": [ [ [ [ 17.524736777324033, 68.919158376382967 ], [ 17.524753687210669, 68.919103469437403 ], [ 17.524098082218728, 68.918914117749381 ], [ 17.523373935712492, 68.918984521425742 ], [ 17.523309186651513, 68.919408551298062 ], [ 17.524018514042798, 68.919487618241519 ], [ 17.524736777324033, 68.919158376382967 ] ] ] ] } },
{ "type": "Feature", "properties": { "fid": 243755, "navn": null, "hoyde_moh": 391, "arealInnsjo_km2": 0.0026, "magasinKategori": null, "fid_2": 1092, "id": 1092, "left": 17.486919847, "top": 68.946110046000001, "right": 17.986919847, "bottom": 68.446110046000001, "row_index": 11, "col_index": 27, "tile_id": 1092 }, "geometry": { "type": "MultiPolygon", "coordinates": [ [ [ [ 17.902352657388441, 68.918553053400927 ], [ 17.902132955771233, 68.918142961101012 ], [ 17.900669117540243, 68.91820621432673 ], [ 17.901801162370834, 68.918694045618579 ], [ 17.902352657388441, 68.918553053400927 ] ] ] ] } },
{ "type": "Feature", "properties": { "fid": 243756, "navn": null, "hoyde_moh": 394, "arealInnsjo_km2": 0.0064, "magasinKategori": null, "fid_2": 1092, "id": 1092, "left": 17.486919847, "top": 68.946110046000001, "right": 17.986919847, "bottom": 68.446110046000001, "row_index": 11, "col_index": 27, "tile_id": 1092 }, "geometry": { "type": "MultiPolygon", "coordinates": [ [ [ [ 17.918004741414155, 68.924994343912161 ], [ 17.91765927015285, 68.924654464979056 ], [ 17.916765136923765, 68.924337619693702 ], [ 17.915897397698568, 68.924581198293623 ], [ 17.916206191087259, 68.924953306726024 ], [ 17.917131931331735, 68.925414861412449 ], [ 17.917524291151178, 68.925407338663561 ], [ 17.918004741414155, 68.924994343912161 ] ] ] ] } },
{ "type": "Feature", "properties": { "fid": 243757, "navn": null, "hoyde_moh": 689, "arealInnsjo_km2": 0.0125, "magasinKategori": null, "fid_2": 1092, "id": 1092, "left": 17.486919847, "top": 68.946110046000001, "right": 17.986919847, "bottom": 68.446110046000001, "row_index": 11, "col_index": 27, "tile_id": 1092 }, "geometry": { "type": "MultiPolygon", "coordinates": [ [ [ [ 17.882431280898672, 68.939729865367909 ], [ 17.882364294633369, 68.939532342167539 ], [ 17.882901223564694, 68.939231074673671 ], [ 17.882865061805688, 68.939097573375321 ], [ 17.8839660788292, 68.938716568555321 ], [ 17.8823545200176, 68.938683756692626 ], [ 17.880968081919487, 68.939509162621704 ], [ 17.8794940618364, 68.939388900414414 ], [ 17.878765526307532, 68.939593569405176 ], [ 17.878602641745928, 68.939776032368883 ], [ 17.879841492173046, 68.939983667151282 ], [ 17.881607257659947, 68.940004024481652 ], [ 17.882431280898672, 68.939729865367909 ] ] ] ] } },
{ "type": "Feature", "properties": { "fid": 244160, "navn": null, "hoyde_moh": 999, "arealInnsjo_km2": 0.0029, "magasinKategori": null, "fid_2": 1092, "id": 1092, "left": 17.486919847, "top": 68.946110046000001, "right": 17.986919847, "bottom": 68.446110046000001, "row_index": 11, "col_index": 27, "tile_id": 1092 }, "geometry": { "type": "MultiPolygon", "coordinates": [ [ [ [ 17.901174120672948, 68.605959317215323 ], [ 17.900950386917881, 68.605839556709682 ], [ 17.901582393691481, 68.60573386970151 ], [ 17.901802558544386, 68.605567320813037 ], [ 17.901672091411694, 68.605358786243556 ], [ 17.901254031290613, 68.605291569198343 ], [ 17.900558552412747, 68.605689925027519 ], [ 17.900697528065301, 68.605888259403756 ], [ 17.90039538923109, 68.606160712128357 ], [ 17.900890928077779, 68.606296528562211 ], [ 17.901174120672948, 68.605959317215323 ] ] ] ] } },
{ "type": "Feature", "properties": { "fid": 244168, "navn": null, "hoyde_moh": 394, "arealInnsjo_km2": 0.0074, "magasinKategori": null, "fid_2": 1092, "id": 1092, "left": 17.486919847, "top": 68.946110046000001, "right": 17.986919847, "bottom": 68.446110046000001, "row_index": 11, "col_index": 27, "tile_id": 1092 }, "geometry": { "type": "MultiPolygon", "coordinates": [ [ [ [ 17.678489344058299, 68.499888350051734 ], [ 17.679499800352836, 68.499495850648344 ], [ 17.677863280458141, 68.498882536828518 ], [ 17.677453261490555, 68.49881700505577 ], [ 17.676885603698402, 68.498973719268463 ], [ 17.677503113461576, 68.49942091916671 ], [ 17.677315670635458, 68.499693099710925 ], [ 17.677450599330214, 68.499949812548834 ], [ 17.678489344058299, 68.499888350051734 ] ] ] ] } },
{ "type": "Feature", "properties": { "fid": 244169, "navn": null, "hoyde_moh": 462, "arealInnsjo_km2": 0.0034, "magasinKategori": null, "fid_2": 1092, "id": 1092, "left": 17.486919847, "top": 68.946110046000001, "right": 17.986919847, "bottom": 68.446110046000001, "row_index": 11, "col_index": 27, "tile_id": 1092 }, "geometry": { "type": "MultiPolygon", "coordinates": [ [ [ [ 17.610989429170679, 68.513055838969933 ], [ 17.610767109210098, 68.512973131754975 ], [ 17.610130466046453, 68.51302503951112 ], [ 17.609753118656577, 68.512852921660311 ], [ 17.609516444476583, 68.513020675236589 ], [ 17.608984470907437, 68.512993312428364 ], [ 17.608105360516205, 68.513222299649854 ], [ 17.608816680578617, 68.513352430476615 ], [ 17.611033558594229, 68.51330808451101 ], [ 17.610989429170679, 68.513055838969933 ] ], [ [ 17.610509427612723, 68.513162395967228 ], [ 17.610118743260831, 68.513118388367417 ], [ 17.610696712878557, 68.513079869428324 ], [ 17.610849921329535, 68.513255023314187 ], [ 17.610509427612723, 68.513162395967228 ] ] ] ] } },
{ "type": "Feature", "properties": { "fid": 244170, "navn": null, "hoyde_moh": 369, "arealInnsjo_km2": 0.0036, "magasinKategori": null, "fid_2": 1092, "id": 1092, "left": 17.486919847, "top": 68.946110046000001, "right": 17.986919847, "bottom": 68.446110046000001, "row_index": 11, "col_index": 27, "tile_id": 1092 }, "geometry": { "type": "MultiPolygon", "coordinates": [ [ [ [ 17.745730550856329, 68.513584802332048 ], [ 17.745321802818928, 68.513211791284817 ], [ 17.744335496835902, 68.51315674044281 ], [ 17.744600875514379, 68.512844603215257 ], [ 17.745026391060762, 68.512939076023642 ], [ 17.745269113159235, 68.512704414637867 ], [ 17.744511213011908, 68.512791852664307 ], [ 17.744047407682999, 68.513107144494796 ], [ 17.744440256278939, 68.51352072193086 ], [ 17.744871503737652, 68.513547509983965 ], [ 17.744988371879092, 68.513745321334511 ], [ 17.745616970439695, 68.513747964784116 ], [ 17.745730550856329, 68.513584802332048 ] ] ] ] } },
{ "type": "Feature", "properties": { "fid": 244171, "navn": null, "hoyde_moh": 389, "arealInnsjo_km2": 0.0048, "magasinKategori": null, "fid_2": 1092, "id": 1092, "left": 17.486919847, "top": 68.946110046000001, "right": 17.986919847, "bottom": 68.446110046000001, "row_index": 11, "col_index": 27, "tile_id": 1092 }, "geometry": { "type": "MultiPolygon", "coordinates": [ [ [ [ 17.73687410994733, 68.516128008919523 ], [ 17.738653390985995, 68.515975114073996 ], [ 17.738819916971906, 68.515894572583065 ], [ 17.738633071041654, 68.515747268871934 ], [ 17.739307044377419, 68.515645251099983 ], [ 17.739040845192712, 68.515558306783774 ], [ 17.739114988109847, 68.515384483104484 ], [ 17.738878324038719, 68.515351183482494 ], [ 17.738053787155923, 68.515703490604324 ], [ 17.735808015473392, 68.516181114697744 ], [ 17.735901460938006, 68.516394303536117 ], [ 17.736475432810703, 68.516398231677201 ], [ 17.73687410994733, 68.516128008919523 ] ] ] ] } },
{ "type": "Feature", "properties": { "fid": 244172, "navn": null, "hoyde_moh": 472, "arealInnsjo_km2": 0.0031, "magasinKategori": null, "fid_2": 1092, "id": 1092, "left": 17.486919847, "top": 68.946110046000001, "right": 17.986919847, "bottom": 68.446110046000001, "row_index": 11, "col_index": 27, "tile_id": 1092 }, "geometry": { "type": "MultiPolygon", "coordinates": [ [ [ [ 17.679834771094594, 68.535060119236803 ], [ 17.679878377017904, 68.534928105619031 ], [ 17.679541993796949, 68.5348279151805 ], [ 17.678196790772684, 68.535013179969127 ], [ 17.67752609301154, 68.535265235101306 ], [ 17.678306154251793, 68.535382770209992 ], [ 17.679834771094594, 68.535060119236803 ] ] ] ] } },
{ "type": "Feature", "properties": { "fid": 244173, "navn": null, "hoyde_moh": 379, "arealInnsjo_km2": 0.0026, "magasinKategori": null, "fid_2": 1092, "id": 1092, "left": 17.486919847, "top": 68.946110046000001, "right": 17.986919847, "bottom": 68.446110046000001, "row_index": 11, "col_index": 27, "tile_id": 1092 }, "geometry": { "type": "MultiPolygon", "coordinates": [ [ [ [ 17.637577022158336, 68.536715139845256 ], [ 17.637820381446311, 68.536319439171905 ], [ 17.636262001402311, 68.536705354659276 ], [ 17.636964819018697, 68.536951836441744 ], [ 17.637577022158336, 68.536715139845256 ] ] ] ] } },
{ "type": "Feature", "properties": { "fid": 244174, "navn": null, "hoyde_moh": 481, "arealInnsjo_km2": 0.004, "magasinKategori": null, "fid_2": 1092, "id": 1092, "left": 17.486919847, "top": 68.946110046000001, "right": 17.986919847, "bottom": 68.446110046000001, "row_index": 11, "col_index": 27, "tile_id": 1092 }, "geometry": { "type": "MultiPolygon", "coordinates": [ [ [ [ 17.664785722252642, 68.538436240552798 ], [ 17.66497441692751, 68.538067122301044 ], [ 17.665980042681198, 68.537706583017624 ], [ 17.664943428892375, 68.537759562670431 ], [ 17.663215494825437, 68.538219780581358 ], [ 17.664220934131194, 68.538423207741744 ], [ 17.664087899365956, 68.538608155497784 ], [ 17.664785722252642, 68.538436240552798 ] ] ] ] } },
{ "type": "Feature", "properties": { "fid": 244176, "navn": null, "hoyde_moh": 644, "arealInnsjo_km2": 0.006, "magasinKategori": null, "fid_2": 1092, "id": 1092, "left": 17.486919847, "top": 68.946110046000001, "right": 17.986919847, "bottom": 68.446110046000001, "row_index": 11, "col_index": 27, "tile_id": 1092 }, "geometry": { "type": "MultiPolygon", "coordinates": [ [ [ [ 17.884832942631675, 68.552475111554571 ], [ 17.884790343183202, 68.552303483182101 ], [ 17.884474628037925, 68.552178824616973 ], [ 17.883645010269809, 68.552258773764407 ], [ 17.884385700478667, 68.551632211566542 ], [ 17.883715734402177, 68.551644786322072 ], [ 17.88283569322342, 68.55203377913837 ], [ 17.882864689948153, 68.552198908338127 ], [ 17.88337248608536, 68.552258691812682 ], [ 17.88364048791113, 68.552497281972848 ], [ 17.883376183050078, 68.552835224594361 ], [ 17.883941290692015, 68.552894202841415 ], [ 17.884832942631675, 68.552475111554571 ] ] ] ] } },
{ "type": "Feature", "properties": { "fid": 244177, "navn": null, "hoyde_moh": 693, "arealInnsjo_km2": 0.0042, "magasinKategori": null, "fid_2": 1092, "id": 1092, "left": 17.486919847, "top": 68.946110046000001, "right": 17.986919847, "bottom": 68.446110046000001, "row_index": 11, "col_index": 27, "tile_id": 1092 }, "geometry": { "type": "MultiPolygon", "coordinates": [ [ [ [ 17.86434058274369, 68.554086340394946 ], [ 17.864153585464596, 68.553619225127235 ], [ 17.863606033377991, 68.553534028146402 ], [ 17.862688952513984, 68.553878027350009 ], [ 17.863910904902056, 68.554347350883376 ], [ 17.86434058274369, 68.554086340394946 ] ] ] ] } },
{ "type": "Feature", "properties": { "fid": 244178, "navn": null, "hoyde_moh": 594, "arealInnsjo_km2": 0.0027, "magasinKategori": null, "fid_2": 1092, "id": 1092, "left": 17.486919847, "top": 68.946110046000001, "right": 17.986919847, "bottom": 68.446110046000001, "row_index": 11, "col_index": 27, "tile_id": 1092 }, "geometry": { "type": "MultiPolygon", "coordinates": [ [ [ [ 17.684720420853871, 68.584744795969925 ], [ 17.684480754240717, 68.584541634681955 ], [ 17.684693712064075, 68.584391660659193 ], [ 17.684422924620193, 68.584022492567215 ], [ 17.684127238338021, 68.583958902428719 ], [ 17.684297906219175, 68.583841467901394 ], [ 17.68355196238889, 68.583801933214431 ], [ 17.683918474089488, 68.584047323849305 ], [ 17.683630509229594, 68.584140957450927 ], [ 17.684381931020653, 68.584705405906718 ], [ 17.684372613449703, 68.58488444454197 ], [ 17.684720420853871, 68.584744795969925 ] ] ] ] } },
{ "type": "Feature", "properties": { "fid": 244179, "navn": null, "hoyde_moh": 700, "arealInnsjo_km2": 0.0052, "magasinKategori": null, "fid_2": 1092, "id": 1092, "left": 17.486919847, "top": 68.946110046000001, "right": 17.986919847, "bottom": 68.446110046000001, "row_index": 11, "col_index": 27, "tile_id": 1092 }, "geometry": { "type": "MultiPolygon", "coordinates": [ [ [ [ 17.876411004023286, 68.59535616566653 ], [ 17.876114205500741, 68.594936446374092 ], [ 17.876200854693309, 68.594693844201075 ], [ 17.875499878907242, 68.594633555506491 ], [ 17.875180296063757, 68.595047377023789 ], [ 17.873924669890169, 68.59534064153317 ], [ 17.875953886707595, 68.595517302849288 ], [ 17.876411004023286, 68.59535616566653 ] ] ] ] } },
{ "type": "Feature", "properties": { "fid": 244180, "navn": null, "hoyde_moh": 857, "arealInnsjo_km2": 0.0009, "magasinKategori": null, "fid_2": 1092, "id": 1092, "left": 17.486919847, "top": 68.946110046000001, "right": 17.986919847, "bottom": 68.446110046000001, "row_index": 11, "col_index": 27, "tile_id": 1092 }, "geometry": { "type": "MultiPolygon", "coordinates": [ [ [ [ 17.560797592796298, 68.603590626427732 ], [ 17.560487126118616, 68.603314511374265 ], [ 17.560046216136833, 68.603312777482842 ], [ 17.560715493400345, 68.603754416506362 ], [ 17.560797592796298, 68.603590626427732 ] ] ] ] } },
{ "type": "Feature", "properties": { "fid": 244181, "navn": null, "hoyde_moh": 404, "arealInnsjo_km2": 0.0026, "magasinKategori": null, "fid_2": 1092, "id": 1092, "left": 17.486919847, "top": 68.946110046000001, "right": 17.986919847, "bottom": 68.446110046000001, "row_index": 11, "col_index": 27, "tile_id": 1092 }, "geometry": { "type": "MultiPolygon", "coordinates": [ [ [ [ 17.653300309990499, 68.636422084551143 ], [ 17.653177683560852, 68.636053676524256 ], [ 17.651681890337386, 68.636100902389231 ], [ 17.65203354268802, 68.636384927875199 ], [ 17.653128080115003, 68.636539324624493 ], [ 17.653300309990499, 68.636422084551143 ] ] ] ] } },
{ "type": "Feature", "properties": { "fid": 244353, "navn": null, "hoyde_moh": 241, "arealInnsjo_km2": 0.0033, "magasinKategori": null, "fid_2": 1092, "id": 1092, "left": 17.486919847, "top": 68.946110046000001, "right": 17.986919847, "bottom": 68.446110046000001, "row_index": 11, "col_index": 27, "tile_id": 1092 }, "geometry": { "type": "MultiPolygon", "coordinates": [ [ [ [ 17.693833431256525, 68.635955934893246 ], [ 17.69345613676446, 68.635653459973312 ], [ 17.69365060736229, 68.635471104055199 ], [ 17.692952025876178, 68.635287036874757 ], [ 17.692629230784355, 68.635395056253131 ], [ 17.692629956964755, 68.635638830588945 ], [ 17.692910708576967, 68.635783257303316 ], [ 17.692812134348159, 68.636007793462838 ], [ 17.693308841447529, 68.63622847669059 ], [ 17.693833431256525, 68.635955934893246 ] ] ] ] } },
{ "type": "Feature", "properties": { "fid": 244354, "navn": null, "hoyde_moh": 615, "arealInnsjo_km2": 0.0066, "magasinKategori": null, "fid_2": 1092, "id": 1092, "left": 17.486919847, "top": 68.946110046000001, "right": 17.986919847, "bottom": 68.446110046000001, "row_index": 11, "col_index": 27, "tile_id": 1092 }, "geometry": { "type": "MultiPolygon", "coordinates": [ [ [ [ 17.525484417222959, 68.757294386437508 ], [ 17.524459666470992, 68.757258144242769 ], [ 17.524042429348746, 68.757068348952686 ], [ 17.524119054903473, 68.756910235732519 ], [ 17.524706245183783, 68.75670197272828 ], [ 17.523322443262899, 68.756438624283277 ], [ 17.52325517533157, 68.756266410218061 ], [ 17.522688401451827, 68.756123893416216 ], [ 17.521556955517585, 68.756115250547779 ], [ 17.522492014920314, 68.756284417544876 ], [ 17.522585200064505, 68.756473567497096 ], [ 17.523761139570951, 68.756811459197934 ], [ 17.523822032360734, 68.756918610128366 ], [ 17.523327037582909, 68.757270172414849 ], [ 17.523533560345822, 68.757373897689192 ], [ 17.524313913749541, 68.757332564371069 ], [ 17.524455755615865, 68.757472613611654 ], [ 17.525125667930133, 68.757533351830133 ], [ 17.525484417222959, 68.757294386437508 ] ] ] ] } },
{ "type": "Feature", "properties": { "fid": 244355, "navn": null, "hoyde_moh": 814, "arealInnsjo_km2": 0.0076, "magasinKategori": null, "fid_2": 1092, "id": 1092, "left": 17.486919847, "top": 68.946110046000001, "right": 17.986919847, "bottom": 68.446110046000001, "row_index": 11, "col_index": 27, "tile_id": 1092 }, "geometry": { "type": "MultiPolygon", "coordinates": [ [ [ [ 17.954197222541225, 68.752420812284768 ], [ 17.954564517355571, 68.752066263784116 ], [ 17.954152155482667, 68.751700181793225 ], [ 17.953656221123108, 68.751691148017542 ], [ 17.952035253204087, 68.752171961107763 ], [ 17.952196211040789, 68.752406065899748 ], [ 17.952102312323859, 68.752584645491183 ], [ 17.952865378939851, 68.752657612614072 ], [ 17.954197222541225, 68.752420812284768 ] ] ] ] } },
{ "type": "Feature", "properties": { "fid": 244356, "navn": null, "hoyde_moh": 813, "arealInnsjo_km2": 0.0446, "magasinKategori": null, "fid_2": 1092, "id": 1092, "left": 17.486919847, "top": 68.946110046000001, "right": 17.986919847, "bottom": 68.446110046000001, "row_index": 11, "col_index": 27, "tile_id": 1092 }, "geometry": { "type": "MultiPolygon", "coordinates": [ [ [ [ 17.92209052714281, 68.754877005051227 ], [ 17.923736199263701, 68.754979937012422 ], [ 17.924744199734715, 68.75480336702573 ], [ 17.924820816158032, 68.754546105695965 ], [ 17.925922857876586, 68.753725140680771 ], [ 17.925145265872032, 68.753354442410938 ], [ 17.921422354363074, 68.753147331450251 ], [ 17.920957953371133, 68.753318456705642 ], [ 17.920379625387309, 68.75393842585072 ], [ 17.919296033458863, 68.753844087285046 ], [ 17.918936805159131, 68.75400962308882 ], [ 17.918952134451143, 68.754974756261291 ], [ 17.921211340223415, 68.755022430690843 ], [ 17.92209052714281, 68.754877005051227 ] ] ] ] } },
{ "type": "Feature", "properties": { "fid": 244357, "navn": null, "hoyde_moh": 814, "arealInnsjo_km2": 0.0197, "magasinKategori": null, "fid_2": 1092, "id": 1092, "left": 17.486919847, "top": 68.946110046000001, "right": 17.986919847, "bottom": 68.446110046000001, "row_index": 11, "col_index": 27, "tile_id": 1092 }, "geometry": { "type": "MultiPolygon", "coordinates": [ [ [ [ 17.951576093555165, 68.754534709698518 ], [ 17.951280230254369, 68.753994226279289 ], [ 17.951322340693441, 68.753598401714342 ], [ 17.950801405394365, 68.753200988256467 ], [ 17.951428639937074, 68.753121021796943 ], [ 17.951471937440154, 68.752963972448782 ], [ 17.948869023646438, 68.752936694099645 ], [ 17.947939503747349, 68.753298503489447 ], [ 17.948088472873206, 68.753582554447462 ], [ 17.949094893337431, 68.753930585264058 ], [ 17.949354498093594, 68.754335966709078 ], [ 17.951394921687754, 68.754772084856896 ], [ 17.951576093555165, 68.754534709698518 ] ] ] ] } },
{ "type": "Feature", "properties": { "fid": 244358, "navn": null, "hoyde_moh": 801, "arealInnsjo_km2": 0.0039, "magasinKategori": null, "fid_2": 1092, "id": 1092, "left": 17.486919847, "top": 68.946110046000001, "right": 17.986919847, "bottom": 68.446110046000001, "row_index": 11, "col_index": 27, "tile_id": 1092 }, "geometry": { "type": "MultiPolygon", "coordinates": [ [ [ [ 17.959606612846017, 68.754857783593422 ], [ 17.959279330431112, 68.754630092202106 ], [ 17.959723548696235, 68.754433804823449 ], [ 17.959148451991091, 68.753644871878848 ], [ 17.958850944564677, 68.753641182882674 ], [ 17.958592953689951, 68.754121399578011 ], [ 17.959166271751858, 68.75452433976497 ], [ 17.959030566274826, 68.754993442863366 ], [ 17.959537333490115, 68.755083427869664 ], [ 17.959606612846017, 68.754857783593422 ] ] ] ] } },
{ "type": "Feature", "properties": { "fid": 244359, "navn": null, "hoyde_moh": 613, "arealInnsjo_km2": 0.0029, "magasinKategori": null, "fid_2": 1092, "id": 1092, "left": 17.486919847, "top": 68.946110046000001, "right": 17.986919847, "bottom": 68.446110046000001, "row_index": 11, "col_index": 27, "tile_id": 1092 }, "geometry": { "type": "MultiPolygon", "coordinates": [ [ [ [ 17.563761388714784, 68.762844224242386 ], [ 17.564072498278151, 68.762581302063197 ], [ 17.562851243484747, 68.762496744560323 ], [ 17.562377942649807, 68.762662583129483 ], [ 17.562271446898791, 68.762868736615843 ], [ 17.563761388714784, 68.762844224242386 ] ] ] ] } },
{ "type": "Feature", "properties": { "fid": 244360, "navn": null, "hoyde_moh": 695, "arealInnsjo_km2": 0.0138, "magasinKategori": null, "fid_2": 1092, "id": 1092, "left": 17.486919847, "top": 68.946110046000001, "right": 17.986919847, "bottom": 68.446110046000001, "row_index": 11, "col_index": 27, "tile_id": 1092 }, "geometry": { "type": "MultiPolygon", "coordinates": [ [ [ [ 17.93859206341445, 68.763525772901417 ], [ 17.93823188217139, 68.763477798057735 ], [ 17.937324745672107, 68.76384866744452 ], [ 17.936840046082505, 68.763763438654905 ], [ 17.937974107402592, 68.763066803702756 ], [ 17.937777107880478, 68.762900550996278 ], [ 17.93652364214671, 68.762639232978032 ], [ 17.937372265533895, 68.76239380598274 ], [ 17.937527138035563, 68.762289588241359 ], [ 17.937375587978423, 68.762073621297901 ], [ 17.93618561877549, 68.761818382204481 ], [ 17.935281906600995, 68.761876865367157 ], [ 17.936093797749475, 68.762083454451002 ], [ 17.935687059296374, 68.762294375880472 ], [ 17.936874319027517, 68.762827420299317 ], [ 17.93699056386918, 68.763275072920408 ], [ 17.936555357425416, 68.763733991098533 ], [ 17.933961502224928, 68.763196494227188 ], [ 17.935150991544418, 68.763676905837258 ], [ 17.938219375781717, 68.764246194586889 ], [ 17.93859206341445, 68.763525772901417 ] ] ] ] } },
{ "type": "Feature", "properties": { "fid": 244361, "navn": null, "hoyde_moh": 700, "arealInnsjo_km2": 0.0033, "magasinKategori": null, "fid_2": 1092, "id": 1092, "left": 17.486919847, "top": 68.946110046000001, "right": 17.986919847, "bottom": 68.446110046000001, "row_index": 11, "col_index": 27, "tile_id": 1092 }, "geometry": { "type": "MultiPolygon", "coordinates": [ [ [ [ 17.933996629037054, 68.764306812145094 ], [ 17.933467411492657, 68.764188141694234 ], [ 17.931649096404954, 68.764353736240594 ], [ 17.933476772434453, 68.764708386642297 ], [ 17.933996629037054, 68.764306812145094 ] ] ] ] } },
{ "type": "Feature", "properties": { "fid": 244363, "navn": "Rundvatnet", "hoyde_moh": 481, "arealInnsjo_km2": 0.008, "magasinKategori": null, "fid_2": 1092, "id": 1092, "left": 17.486919847, "top": 68.946110046000001, "right": 17.986919847, "bottom": 68.446110046000001, "row_index": 11, "col_index": 27, "tile_id": 1092 }, "geometry": { "type": "MultiPolygon", "coordinates": [ [ [ [ 17.563356205953589, 68.771787691047678 ], [ 17.564305082694272, 68.771294156222922 ], [ 17.5634624886038, 68.771314889919779 ], [ 17.562743763937998, 68.771013334915366 ], [ 17.562305365868895, 68.771012782982552 ], [ 17.561478505439315, 68.77121106597717 ], [ 17.561039526434165, 68.771489645305493 ], [ 17.561115500433928, 68.771818511984108 ], [ 17.563356205953589, 68.771787691047678 ] ] ] ] } },
{ "type": "Feature", "properties": { "fid": 244364, "navn": null, "hoyde_moh": 712, "arealInnsjo_km2": 0.0046, "magasinKategori": null, "fid_2": 1092, "id": 1092, "left": 17.486919847, "top": 68.946110046000001, "right": 17.986919847, "bottom": 68.446110046000001, "row_index": 11, "col_index": 27, "tile_id": 1092 }, "geometry": { "type": "MultiPolygon", "coordinates": [ [ [ [ 17.943557096217116, 68.766509340592151 ], [ 17.943353893029428, 68.766369773756352 ], [ 17.942616241919012, 68.766376213333018 ], [ 17.942981314763649, 68.766082331424926 ], [ 17.941839798562988, 68.766111582623154 ], [ 17.941137693624125, 68.766424509441464 ], [ 17.941242512782019, 68.766604927416736 ], [ 17.941787841406274, 68.766539262139247 ], [ 17.942928906393231, 68.766806178367446 ], [ 17.943557096217116, 68.766509340592151 ] ] ] ] } },
{ "type": "Feature", "properties": { "fid": 244365, "navn": null, "hoyde_moh": 715, "arealInnsjo_km2": 0.0118, "magasinKategori": null, "fid_2": 1092, "id": 1092, "left": 17.486919847, "top": 68.946110046000001, "right": 17.986919847, "bottom": 68.446110046000001, "row_index": 11, "col_index": 27, "tile_id": 1092 }, "geometry": { "type": "MultiPolygon", "coordinates": [ [ [ [ 17.943884243390997, 68.76840270138554 ], [ 17.944679353045736, 68.76799693846786 ], [ 17.946692560708684, 68.767393587941498 ], [ 17.946787098323121, 68.767220927021214 ], [ 17.946594397983912, 68.767056134473776 ], [ 17.946804435525063, 68.766872936372081 ], [ 17.946129625530972, 68.766721824517191 ], [ 17.944488551201964, 68.767078740562454 ], [ 17.944357730657508, 68.767276807665368 ], [ 17.944662690239099, 68.767462812820227 ], [ 17.943797521861875, 68.767713230180092 ], [ 17.943711584120887, 68.768022283407078 ], [ 17.942949942804653, 68.768325389077802 ], [ 17.943322583674199, 68.768461295175769 ], [ 17.943884243390997, 68.76840270138554 ] ] ] ] } },
{ "type": "Feature", "properties": { "fid": 244370, "navn": "Roggejávrrit", "hoyde_moh": 712, "arealInnsjo_km2": 0.4877, "magasinKategori": null, "fid_2": 1092, "id": 1092, "left": 17.486919847, "top": 68.946110046000001, "right": 17.986919847, "bottom": 68.446110046000001, "row_index": 11, "col_index": 27, "tile_id": 1092 }, "geometry": { "type": "MultiPolygon", "coordinates": [ [ [ [ 17.982305829988086, 68.768309100248104 ], [ 17.981621192770355, 68.767909353435869 ], [ 17.981435631444892, 68.76762973899541 ], [ 17.980343028655795, 68.767395797805776 ], [ 17.979290841632015, 68.766936254089245 ], [ 17.979008557918995, 68.766514699184185 ], [ 17.979087393964253, 68.766030415944925 ], [ 17.97842748731496, 68.7652073854658 ], [ 17.977503239603728, 68.764570164117416 ], [ 17.97688422647391, 68.763642900412819 ], [ 17.975296828757777, 68.762168953872418 ], [ 17.973547975310218, 68.761099300089668 ], [ 17.972397754800859, 68.760055933867491 ], [ 17.971416667717264, 68.759860024153099 ], [ 17.970562554451202, 68.760259507909666 ], [ 17.969676131267413, 68.760186713828432 ], [ 17.969022658313531, 68.760358775167873 ], [ 17.96811525614066, 68.760089556313929 ], [ 17.966792435093797, 68.760190206189236 ], [ 17.965501883386978, 68.759997797791968 ], [ 17.964722878858808, 68.759485630309513 ], [ 17.962354389872768, 68.75987359687683 ], [ 17.96109814038617, 68.759864232348662 ], [ 17.960514730090541, 68.760183789761967 ], [ 17.960914791668134, 68.760628536879125 ], [ 17.961447254789817, 68.76081017655703 ], [ 17.960848874884071, 68.760855289784132 ], [ 17.96068143330886, 68.761318484941413 ], [ 17.960976804783332, 68.761709402454727 ], [ 17.961765821229964, 68.762261540635123 ], [ 17.961943836665895, 68.762726776384866 ], [ 17.961670445162294, 68.763573631630351 ], [ 17.961257404987325, 68.763612721843984 ], [ 17.961187854502814, 68.763456564758243 ], [ 17.960424304839957, 68.763293595030476 ], [ 17.960173458086793, 68.763423930631234 ], [ 17.960190334210861, 68.76370731962345 ], [ 17.960691216947883, 68.763917254447961 ], [ 17.960995776191407, 68.764185201735643 ], [ 17.96091973318746, 68.76430422379218 ], [ 17.961349614563236, 68.764445643930344 ], [ 17.962142231122961, 68.764424694681978 ], [ 17.961916234067608, 68.764157350662529 ], [ 17.962157681797695, 68.763917294047531 ], [ 17.962594938296871, 68.764236962067216 ], [ 17.963198288260468, 68.764355055149508 ], [ 17.963211106196997, 68.764589050153376 ], [ 17.962749094602476, 68.764751541191998 ], [ 17.963102019797354, 68.765215153653898 ], [ 17.963623541666216, 68.765250379429588 ], [ 17.963566475680661, 68.764979812637975 ], [ 17.963809656896903, 68.76486073802873 ], [ 17.964418393088849, 68.765030262936932 ], [ 17.964653443561218, 68.765220240419836 ], [ 17.964531695144153, 68.765470146121203 ], [ 17.964899278097999, 68.765697573901264 ], [ 17.964985478306378, 68.765991510412974 ], [ 17.96535252956102, 68.766159067662713 ], [ 17.966121251928993, 68.766172094243046 ], [ 17.966350508328283, 68.76665851426398 ], [ 17.966699724765103, 68.766872345318674 ], [ 17.967744355734169, 68.767180647243677 ], [ 17.968647816293352, 68.767145158957661 ], [ 17.969425939588767, 68.767852227965875 ], [ 17.971249098098642, 68.7678487239681 ], [ 17.973138899748925, 68.768533316627824 ], [ 17.974835162830683, 68.768376781882765 ], [ 17.974888391484395, 68.768041168990052 ], [ 17.975613658180233, 68.767300543315429 ], [ 17.975685315624748, 68.766915769048779 ], [ 17.976730125641733, 68.766659513216652 ], [ 17.977327191708444, 68.76721469016411 ], [ 17.977912634611798, 68.767179174515974 ], [ 17.978417036868855, 68.76778930291556 ], [ 17.978801493802052, 68.76797672623367 ], [ 17.979971165516975, 68.768033274200917 ], [ 17.981821647767212, 68.768551574732101 ], [ 17.982389463718867, 68.768559894969442 ], [ 17.982305829988086, 68.768309100248104 ] ], [ [ 17.961319696106923, 68.763718014493563 ], [ 17.96156538198241, 68.763783473524228 ], [ 17.961358735969746, 68.763920309814935 ], [ 17.961198938201331, 68.763815464783022 ], [ 17.961319696106923, 68.763718014493563 ] ] ] ] } },
{ "type": "Feature", "properties": { "fid": 244532, "navn": null, "hoyde_moh": 697, "arealInnsjo_km2": 0.0044, "magasinKategori": null, "fid_2": 1092, "id": 1092, "left": 17.486919847, "top": 68.946110046000001, "right": 17.986919847, "bottom": 68.446110046000001, "row_index": 11, "col_index": 27, "tile_id": 1092 }, "geometry": { "type": "MultiPolygon", "coordinates": [ [ [ [ 17.931967623590396, 68.780058978098509 ], [ 17.932890197195029, 68.780111603933577 ], [ 17.932645307403554, 68.7798555031071 ], [ 17.931709700253336, 68.779908852414835 ], [ 17.930496645231205, 68.779400445302969 ], [ 17.929287391398464, 68.779477543590062 ], [ 17.931994592322081, 68.780216599376203 ], [ 17.931967623590396, 68.780058978098509 ] ] ] ] } },
{ "type": "Feature", "properties": { "fid": 244536, "navn": null, "hoyde_moh": 851, "arealInnsjo_km2": 0.008, "magasinKategori": null, "fid_2": 1092, "id": 1092, "left": 17.486919847, "top": 68.946110046000001, "right": 17.986919847, "bottom": 68.446110046000001, "row_index": 11, "col_index": 27, "tile_id": 1092 }, "geometry": { "type": "MultiPolygon", "coordinates": [ [ [ [ 17.96273035887511, 68.774689165367093 ], [ 17.962100870751225, 68.774453112323386 ], [ 17.962493511170806, 68.774117857993559 ], [ 17.962426774768645, 68.773994329281777 ], [ 17.961232506473099, 68.773754858616371 ], [ 17.96069920284954, 68.773327159873773 ], [ 17.959456385814384, 68.773539995400725 ], [ 17.959619417788225, 68.773752514340487 ], [ 17.961702462085558, 68.774387717964686 ], [ 17.961988949195085, 68.774803479050746 ], [ 17.962542698152294, 68.774831594725953 ], [ 17.96273035887511, 68.774689165367093 ] ] ] ] } },
{ "type": "Feature", "properties": { "fid": 244537, "navn": null, "hoyde_moh": 666, "arealInnsjo_km2": 0.0346, "magasinKategori": null, "fid_2": 1092, "id": 1092, "left": 17.486919847, "top": 68.946110046000001, "right": 17.986919847, "bottom": 68.446110046000001, "row_index": 11, "col_index": 27, "tile_id": 1092 }, "geometry": { "type": "MultiPolygon", "coordinates": [ [ [ [ 17.914538444547816, 68.775914730564779 ], [ 17.914850975688157, 68.775711322029196 ], [ 17.915432143696844, 68.775644680791842 ], [ 17.915107964222905, 68.775199339081226 ], [ 17.913694432643144, 68.77488610860398 ], [ 17.913095579597925, 68.774898916465631 ], [ 17.913144142720956, 68.774694572015534 ], [ 17.912619784147527, 68.774608337747537 ], [ 17.911567827559367, 68.77462497666049 ], [ 17.910797345771851, 68.77492035955899 ], [ 17.911790200841395, 68.775201701596274 ], [ 17.912222258619401, 68.775640796338294 ], [ 17.912111312596089, 68.775646832081009 ], [ 17.911691506793026, 68.775441468297004 ], [ 17.910468488611489, 68.775288948734755 ], [ 17.90979546853886, 68.774632344423068 ], [ 17.908985448507828, 68.774382863691528 ], [ 17.907725615217061, 68.774171709023349 ], [ 17.906425615603069, 68.774274980714154 ], [ 17.907872660271039, 68.774570907737768 ], [ 17.908474042751536, 68.774964195345675 ], [ 17.911621491553156, 68.775875813323239 ], [ 17.912710659585937, 68.776417446377053 ], [ 17.914257368453821, 68.776594817865899 ], [ 17.914538444547816, 68.775914730564779 ] ] ] ] } },
{ "type": "Feature", "properties": { "fid": 244543, "navn": "Småvatnan", "hoyde_moh": 650, "arealInnsjo_km2": 0.0039, "magasinKategori": null, "fid_2": 1092, "id": 1092, "left": 17.486919847, "top": 68.946110046000001, "right": 17.986919847, "bottom": 68.446110046000001, "row_index": 11, "col_index": 27, "tile_id": 1092 }, "geometry": { "type": "MultiPolygon", "coordinates": [ [ [ [ 17.653225245487437, 68.810810817212001 ], [ 17.653009741641046, 68.810689066367516 ], [ 17.653152690550485, 68.810562700059393 ], [ 17.653884655090309, 68.810536268080668 ], [ 17.65433353589297, 68.810298038616438 ], [ 17.653808741374373, 68.810204012859458 ], [ 17.653868580702134, 68.810430787282911 ], [ 17.651846795573974, 68.810503314580501 ], [ 17.65120604285698, 68.810687000794744 ], [ 17.652451393348574, 68.810995601266569 ], [ 17.653225245487437, 68.810810817212001 ] ] ] ] } },
{ "type": "Feature", "properties": { "fid": 244544, "navn": null, "hoyde_moh": 679, "arealInnsjo_km2": 0.0026, "magasinKategori": null, "fid_2": 1092, "id": 1092, "left": 17.486919847, "top": 68.946110046000001, "right": 17.986919847, "bottom": 68.446110046000001, "row_index": 11, "col_index": 27, "tile_id": 1092 }, "geometry": { "type": "MultiPolygon", "coordinates": [ [ [ [ 17.58800616626122, 68.836912269905113 ], [ 17.588203000822514, 68.836547033044852 ], [ 17.587018254951641, 68.836572883900288 ], [ 17.586691477478507, 68.8367547597976 ], [ 17.587457217072959, 68.836858880812485 ], [ 17.587183960415988, 68.837084369804799 ], [ 17.587592228329715, 68.837205062133734 ], [ 17.58800616626122, 68.836912269905113 ] ] ] ] } },
{ "type": "Feature", "properties": { "fid": 244545, "navn": "Mielkejávri", "hoyde_moh": 600, "arealInnsjo_km2": 0.3814, "magasinKategori": null, "fid_2": 1092, "id": 1092, "left": 17.486919847, "top": 68.946110046000001, "right": 17.986919847, "bottom": 68.446110046000001, "row_index": 11, "col_index": 27, "tile_id": 1092 }, "geometry": { "type": "MultiPolygon", "coordinates": [ [ [ [ 17.667928882285228, 68.842183518400631 ], [ 17.668276284893302, 68.841849466988776 ], [ 17.668476123001007, 68.841375199157511 ], [ 17.669852543703264, 68.841307265903168 ], [ 17.670203832468108, 68.84081598571052 ], [ 17.668680782026769, 68.840135773674646 ], [ 17.667980832039795, 68.839568914665577 ], [ 17.667637389250466, 68.837979430049657 ], [ 17.66798578088229, 68.837408316747144 ], [ 17.667939844955704, 68.836949935297923 ], [ 17.665695799122279, 68.834954875066572 ], [ 17.665420755939444, 68.834447580877409 ], [ 17.663722409572109, 68.833541473529124 ], [ 17.663327613021075, 68.833471909211994 ], [ 17.663130420669056, 68.832979458009575 ], [ 17.662691640987489, 68.832592935689419 ], [ 17.661614261113112, 68.83214326801739 ], [ 17.661252363287261, 68.832140680224313 ], [ 17.661303458029678, 68.832376206908975 ], [ 17.660987802299633, 68.832400987648853 ], [ 17.660542529913279, 68.832390728660926 ], [ 17.660149246331954, 68.832074574541238 ], [ 17.659658992150423, 68.832124076986204 ], [ 17.659306300165515, 68.833087292076328 ], [ 17.659634336593605, 68.833756222412191 ], [ 17.659461672201083, 68.833830370965458 ], [ 17.654998197630626, 68.832882446160738 ], [ 17.654016074194878, 68.832968429785993 ], [ 17.654462116087355, 68.833545589468855 ], [ 17.65364924057566, 68.833690947010197 ], [ 17.655180331964161, 68.834709624430545 ], [ 17.655279965261329, 68.835104248047145 ], [ 17.65595395492123, 68.835460274726032 ], [ 17.655851317808921, 68.835993052306861 ], [ 17.654425290170252, 68.836117209651988 ], [ 17.654962492538132, 68.836529769210998 ], [ 17.655364245235432, 68.837101336766523 ], [ 17.656185366747039, 68.837656654778939 ], [ 17.658316466797974, 68.838436423302909 ], [ 17.659989978099418, 68.839351681385281 ], [ 17.66370743968773, 68.840841557800999 ], [ 17.666112577390109, 68.842248912442585 ], [ 17.666383782732787, 68.842644789874257 ], [ 17.667928882285228, 68.842183518400631 ] ] ] ] } },
{ "type": "Feature", "properties": { "fid": 244546, "navn": "Gardsvatnet", "hoyde_moh": 600, "arealInnsjo_km2": 0.0143, "magasinKategori": null, "fid_2": 1092, "id": 1092, "left": 17.486919847, "top": 68.946110046000001, "right": 17.986919847, "bottom": 68.446110046000001, "row_index": 11, "col_index": 27, "tile_id": 1092 }, "geometry": { "type": "MultiPolygon", "coordinates": [ [ [ [ 17.677813848013425, 68.853073763438601 ], [ 17.679545537006835, 68.851941395515624 ], [ 17.677110891608493, 68.852217785954167 ], [ 17.675899570375943, 68.852145394432611 ], [ 17.675521401841973, 68.852290827845565 ], [ 17.675485192263647, 68.852857850553789 ], [ 17.676143890726706, 68.85328378951553 ], [ 17.677813848013425, 68.853073763438601 ] ] ] ] } },
{ "type": "Feature", "properties": { "fid": 244704, "navn": "Reingjerdskogtrollvatnet", "hoyde_moh": 208, "arealInnsjo_km2": 0.0031, "magasinKategori": null, "fid_2": 1092, "id": 1092, "left": 17.486919847, "top": 68.946110046000001, "right": 17.986919847, "bottom": 68.446110046000001, "row_index": 11, "col_index": 27, "tile_id": 1092 }, "geometry": { "type": "MultiPolygon", "coordinates": [ [ [ [ 17.905313988379181, 68.849679711113097 ], [ 17.905241454824321, 68.849494230483387 ], [ 17.90454470935293, 68.849361519910673 ], [ 17.903558441903105, 68.849612579422683 ], [ 17.903672887429504, 68.849854348111975 ], [ 17.904357453262072, 68.849988886368038 ], [ 17.905313988379181, 68.849679711113097 ] ] ] ] } },
{ "type": "Feature", "properties": { "fid": 244705, "navn": "Kvanndalsvatnan", "hoyde_moh": 363, "arealInnsjo_km2": 0.0033, "magasinKategori": null, "fid_2": 1092, "id": 1092, "left": 17.486919847, "top": 68.946110046000001, "right": 17.986919847, "bottom": 68.446110046000001, "row_index": 11, "col_index": 27, "tile_id": 1092 }, "geometry": { "type": "MultiPolygon", "coordinates": [ [ [ [ 17.713959749691274, 68.859527693294211 ], [ 17.713443422669357, 68.859063803407665 ], [ 17.712695420349917, 68.859079597091096 ], [ 17.712366994630742, 68.859309501201423 ], [ 17.71299905806649, 68.859693188624505 ], [ 17.713689977678751, 68.859688268002017 ], [ 17.713959749691274, 68.859527693294211 ] ] ] ] } },
{ "type": "Feature", "properties": { "fid": 244706, "navn": null, "hoyde_moh": 727, "arealInnsjo_km2": 0.005, "magasinKategori": null, "fid_2": 1092, "id": 1092, "left": 17.486919847, "top": 68.946110046000001, "right": 17.986919847, "bottom": 68.446110046000001, "row_index": 11, "col_index": 27, "tile_id": 1092 }, "geometry": { "type": "MultiPolygon", "coordinates": [ [ [ [ 17.63624462036363, 68.862366204610723 ], [ 17.636509318424434, 68.862112135923979 ], [ 17.636173952566871, 68.86195828988771 ], [ 17.634811479039854, 68.861926986354703 ], [ 17.634924309797352, 68.861805147252866 ], [ 17.633537779515638, 68.861673861281105 ], [ 17.634055315691288, 68.86204245494126 ], [ 17.635515018244469, 68.862439532173624 ], [ 17.63624462036363, 68.862366204610723 ] ] ] ] } },
{ "type": "Feature", "properties": { "fid": 244708, "navn": null, "hoyde_moh": 263, "arealInnsjo_km2": 0.0096, "magasinKategori": null, "fid_2": 1092, "id": 1092, "left": 17.486919847, "top": 68.946110046000001, "right": 17.986919847, "bottom": 68.446110046000001, "row_index": 11, "col_index": 27, "tile_id": 1092 }, "geometry": { "type": "MultiPolygon", "coordinates": [ [ [ [ 17.942670833367213, 68.890801169948077 ], [ 17.942451979957124, 68.890784754347465 ], [ 17.942632394108212, 68.890575879953388 ], [ 17.942509716699391, 68.890381939912288 ], [ 17.942816861588337, 68.89045365436597 ], [ 17.942931050915156, 68.890325461807493 ], [ 17.940855552296711, 68.890194355410259 ], [ 17.940324221902088, 68.889931078068017 ], [ 17.939316689666054, 68.890077748338953 ], [ 17.939437465370595, 68.890328817536343 ], [ 17.93989487150882, 68.890553067035142 ], [ 17.941247983044654, 68.890877557305586 ], [ 17.942264148449311, 68.890934148543806 ], [ 17.942670833367213, 68.890801169948077 ] ] ] ] } },
{ "type": "Feature", "properties": { "fid": 244710, "navn": null, "hoyde_moh": 259, "arealInnsjo_km2": 0.0064, "magasinKategori": null, "fid_2": 1092, "id": 1092, "left": 17.486919847, "top": 68.946110046000001, "right": 17.986919847, "bottom": 68.446110046000001, "row_index": 11, "col_index": 27, "tile_id": 1092 }, "geometry": { "type": "MultiPolygon", "coordinates": [ [ [ [ 17.952144433393549, 68.892765098227812 ], [ 17.952420381729549, 68.892468284947682 ], [ 17.951332054801362, 68.891864228624925 ], [ 17.950465575375546, 68.891877272896025 ], [ 17.950508822146805, 68.892455371903083 ], [ 17.951152095547727, 68.892841282932594 ], [ 17.952144433393549, 68.892765098227812 ] ] ] ] } },
{ "type": "Feature", "properties": { "fid": 244711, "navn": null, "hoyde_moh": 506, "arealInnsjo_km2": 0.0073, "magasinKategori": null, "fid_2": 1092, "id": 1092, "left": 17.486919847, "top": 68.946110046000001, "right": 17.986919847, "bottom": 68.446110046000001, "row_index": 11, "col_index": 27, "tile_id": 1092 }, "geometry": { "type": "MultiPolygon", "coordinates": [ [ [ [ 17.815060020727284, 68.926869447289576 ], [ 17.815215755655437, 68.926600188042215 ], [ 17.813453204564912, 68.926366546438899 ], [ 17.812786326892045, 68.926596304161848 ], [ 17.812939729217085, 68.92689196738155 ], [ 17.812492432713345, 68.927050059840866 ], [ 17.812669639782442, 68.927240845918817 ], [ 17.813901510759582, 68.92730471646621 ], [ 17.815060020727284, 68.926869447289576 ] ] ] ] } },
{ "type": "Feature", "properties": { "fid": 244712, "navn": null, "hoyde_moh": 592, "arealInnsjo_km2": 0.0027, "magasinKategori": null, "fid_2": 1092, "id": 1092, "left": 17.486919847, "top": 68.946110046000001, "right": 17.986919847, "bottom": 68.446110046000001, "row_index": 11, "col_index": 27, "tile_id": 1092 }, "geometry": { "type": "MultiPolygon", "coordinates": [ [ [ [ 17.844804170833143, 68.930384174614744 ], [ 17.843481686367564, 68.930174909644535 ], [ 17.843032515999724, 68.930373509892775 ], [ 17.842987531502501, 68.930620844884558 ], [ 17.844586956801987, 68.930628728560478 ], [ 17.844804170833143, 68.930384174614744 ] ] ] ] } },
{ "type": "Feature", "properties": { "fid": 244713, "navn": null, "hoyde_moh": 539, "arealInnsjo_km2": 0.0089, "magasinKategori": null, "fid_2": 1092, "id": 1092, "left": 17.486919847, "top": 68.946110046000001, "right": 17.986919847, "bottom": 68.446110046000001, "row_index": 11, "col_index": 27, "tile_id": 1092 }, "geometry": { "type": "MultiPolygon", "coordinates": [ [ [ [ 17.812620107744262, 68.932624237376245 ], [ 17.81303254577012, 68.932250481173568 ], [ 17.813692835673145, 68.932231957360386 ], [ 17.813513569704241, 68.932086087447416 ], [ 17.81374593690872, 68.93182454236053 ], [ 17.811944549741149, 68.931653457205968 ], [ 17.811079157519526, 68.932137906257921 ], [ 17.811002120954534, 68.932639875999257 ], [ 17.81203522190112, 68.932749049935794 ], [ 17.812620107744262, 68.932624237376245 ] ] ] ] } },
{ "type": "Feature", "properties": { "fid": 244714, "navn": null, "hoyde_moh": 686, "arealInnsjo_km2": 0.0071, "magasinKategori": null, "fid_2": 1092, "id": 1092, "left": 17.486919847, "top": 68.946110046000001, "right": 17.986919847, "bottom": 68.446110046000001, "row_index": 11, "col_index": 27, "tile_id": 1092 }, "geometry": { "type": "MultiPolygon", "coordinates": [ [ [ [ 17.66707771871717, 68.945401678571699 ], [ 17.666795404349436, 68.945327376056056 ], [ 17.666939565372701, 68.945198388421218 ], [ 17.665658369242191, 68.944996624910601 ], [ 17.664846925872411, 68.945430969953392 ], [ 17.664858758853711, 68.945679765742781 ], [ 17.66512948852542, 68.94588547433662 ], [ 17.666349985054254, 68.946003910885324 ], [ 17.66707771871717, 68.945401678571699 ] ] ] ] } },
{ "type": "Feature", "properties": { "fid": 244854, "navn": null, "hoyde_moh": 756, "arealInnsjo_km2": 0.0026, "magasinKategori": null, "fid_2": 1092, "id": 1092, "left": 17.486919847, "top": 68.946110046000001, "right": 17.986919847, "bottom": 68.446110046000001, "row_index": 11, "col_index": 27, "tile_id": 1092 }, "geometry": { "type": "MultiPolygon", "coordinates": [ [ [ [ 17.912793781002424, 68.535116427196115 ], [ 17.911843835978587, 68.534912239396675 ], [ 17.911237041665892, 68.535108228419304 ], [ 17.911250584545389, 68.535285114421058 ], [ 17.911477155429594, 68.535393940890202 ], [ 17.912023646713894, 68.535408345796853 ], [ 17.912793781002424, 68.535116427196115 ] ] ] ] } },
{ "type": "Feature", "properties": { "fid": 245040, "navn": null, "hoyde_moh": 602, "arealInnsjo_km2": 0.0026, "magasinKategori": null, "fid_2": 1092, "id": 1092, "left": 17.486919847, "top": 68.946110046000001, "right": 17.986919847, "bottom": 68.446110046000001, "row_index": 11, "col_index": 27, "tile_id": 1092 }, "geometry": { "type": "MultiPolygon", "coordinates": [ [ [ [ 17.966081252221503, 68.525783094673216 ], [ 17.965713097173623, 68.52568887042986 ], [ 17.965866268585188, 68.525584897658291 ], [ 17.965304080364891, 68.525539167665229 ], [ 17.964226426491731, 68.525750767249505 ], [ 17.964393601197841, 68.525904114618925 ], [ 17.965439407478602, 68.525943909547991 ], [ 17.966081252221503, 68.525783094673216 ] ] ] ] } },
{ "type": "Feature", "properties": { "fid": 245062, "navn": null, "hoyde_moh": 544, "arealInnsjo_km2": 0.0027, "magasinKategori": null, "fid_2": 1092, "id": 1092, "left": 17.486919847, "top": 68.946110046000001, "right": 17.986919847, "bottom": 68.446110046000001, "row_index": 11, "col_index": 27, "tile_id": 1092 }, "geometry": { "type": "MultiPolygon", "coordinates": [ [ [ [ 17.653865871480512, 68.515698008846911 ], [ 17.654069731092449, 68.515628454258646 ], [ 17.654069324844581, 68.515483501312957 ], [ 17.653029363908225, 68.515376704404389 ], [ 17.65210267406011, 68.515735481469662 ], [ 17.652900864107934, 68.515830936551453 ], [ 17.653865871480512, 68.515698008846911 ] ] ] ] } },
{ "type": "Feature", "properties": { "fid": 245088, "navn": null, "hoyde_moh": 409, "arealInnsjo_km2": 0.0027, "magasinKategori": null, "fid_2": 1092, "id": 1092, "left": 17.486919847, "top": 68.946110046000001, "right": 17.986919847, "bottom": 68.446110046000001, "row_index": 11, "col_index": 27, "tile_id": 1092 }, "geometry": { "type": "MultiPolygon", "coordinates": [ [ [ [ 17.875966673868881, 68.504193383652051 ], [ 17.875444144162177, 68.503953586925377 ], [ 17.875823064589984, 68.503763690388979 ], [ 17.875727536808778, 68.5037074260336 ], [ 17.874981811884936, 68.503750101576529 ], [ 17.874526246924237, 68.504139612326696 ], [ 17.874883433816333, 68.5043169822941 ], [ 17.875966673868881, 68.504193383652051 ] ] ] ] } },
{ "type": "Feature", "properties": { "fid": 245089, "navn": null, "hoyde_moh": 320, "arealInnsjo_km2": 0.0027, "magasinKategori": null, "fid_2": 1092, "id": 1092, "left": 17.486919847, "top": 68.946110046000001, "right": 17.986919847, "bottom": 68.446110046000001, "row_index": 11, "col_index": 27, "tile_id": 1092 }, "geometry": { "type": "MultiPolygon", "coordinates": [ [ [ [ 17.94673352212957, 68.507160726008209 ], [ 17.945749889304235, 68.506990101805627 ], [ 17.944604775286539, 68.507062004305013 ], [ 17.945005671980411, 68.507170058341387 ], [ 17.945162842357046, 68.507410139371757 ], [ 17.945800390262434, 68.507463134956211 ], [ 17.94673352212957, 68.507160726008209 ] ] ] ] } },
{ "type": "Feature", "properties": { "fid": 245091, "navn": null, "hoyde_moh": 645, "arealInnsjo_km2": 0.0026, "magasinKategori": null, "fid_2": 1092, "id": 1092, "left": 17.486919847, "top": 68.946110046000001, "right": 17.986919847, "bottom": 68.446110046000001, "row_index": 11, "col_index": 27, "tile_id": 1092 }, "geometry": { "type": "MultiPolygon", "coordinates": [ [ [ [ 17.531657938527015, 68.593119691964077 ], [ 17.531234752727332, 68.592708623051863 ], [ 17.530392604593921, 68.592667432605893 ], [ 17.530424801947664, 68.592955498223134 ], [ 17.531047404644227, 68.593200224145107 ], [ 17.53090407334723, 68.593386907134615 ], [ 17.531257649839297, 68.593387245641765 ], [ 17.531657938527015, 68.593119691964077 ] ] ] ] } },
{ "type": "Feature", "properties": { "fid": 245092, "navn": null, "hoyde_moh": 260, "arealInnsjo_km2": 0.0026, "magasinKategori": null, "fid_2": 1092, "id": 1092, "left": 17.486919847, "top": 68.946110046000001, "right": 17.986919847, "bottom": 68.446110046000001, "row_index": 11, "col_index": 27, "tile_id": 1092 }, "geometry": { "type": "MultiPolygon", "coordinates": [ [ [ [ 17.690596842609022, 68.637939946987856 ], [ 17.690656442661204, 68.637663256163734 ], [ 17.690071594757015, 68.637518471247901 ], [ 17.689307487630071, 68.637699586092495 ], [ 17.689365893352697, 68.637886789409663 ], [ 17.689734649821897, 68.638066978092482 ], [ 17.690166316560866, 68.638104612430311 ], [ 17.690596842609022, 68.637939946987856 ] ] ] ] } },
{ "type": "Feature", "properties": { "fid": 245093, "navn": null, "hoyde_moh": 900, "arealInnsjo_km2": 0.005, "magasinKategori": null, "fid_2": 1092, "id": 1092, "left": 17.486919847, "top": 68.946110046000001, "right": 17.986919847, "bottom": 68.446110046000001, "row_index": 11, "col_index": 27, "tile_id": 1092 }, "geometry": { "type": "MultiPolygon", "coordinates": [ [ [ [ 17.79986018800307, 68.691120608163644 ], [ 17.799831848687063, 68.690988944237446 ], [ 17.798671807948967, 68.690556468804942 ], [ 17.798855628183393, 68.690309802575015 ], [ 17.798573621986254, 68.690044282780207 ], [ 17.798059342786811, 68.690089783985201 ], [ 17.79846347719365, 68.691133694848887 ], [ 17.799643529928254, 68.691223298610296 ], [ 17.79986018800307, 68.691120608163644 ] ] ] ] } },
{ "type": "Feature", "properties": { "fid": 245094, "navn": null, "hoyde_moh": 687, "arealInnsjo_km2": 0.0026, "magasinKategori": null, "fid_2": 1092, "id": 1092, "left": 17.486919847, "top": 68.946110046000001, "right": 17.986919847, "bottom": 68.446110046000001, "row_index": 11, "col_index": 27, "tile_id": 1092 }, "geometry": { "type": "MultiPolygon", "coordinates": [ [ [ [ 17.776154470811104, 68.699455029995178 ], [ 17.775734931087619, 68.699066872933614 ], [ 17.774900228578794, 68.698951590235907 ], [ 17.775285954309698, 68.699506904903004 ], [ 17.775991513026831, 68.699601956204859 ], [ 17.776154470811104, 68.699455029995178 ] ] ] ] } },
{ "type": "Feature", "properties": { "fid": 245095, "navn": null, "hoyde_moh": 758, "arealInnsjo_km2": 0.0025, "magasinKategori": null, "fid_2": 1092, "id": 1092, "left": 17.486919847, "top": 68.946110046000001, "right": 17.986919847, "bottom": 68.446110046000001, "row_index": 11, "col_index": 27, "tile_id": 1092 }, "geometry": { "type": "MultiPolygon", "coordinates": [ [ [ [ 17.911159084716271, 68.699427503530401 ], [ 17.911761640513483, 68.699324119867669 ], [ 17.910567602709261, 68.699077710018969 ], [ 17.90976836752257, 68.699280441124628 ], [ 17.910398918800468, 68.699528392639891 ], [ 17.911231254022365, 68.699570163200747 ], [ 17.911159084716271, 68.699427503530401 ] ] ] ] } },
{ "type": "Feature", "properties": { "fid": 245228, "navn": null, "hoyde_moh": 482, "arealInnsjo_km2": 0.0027, "magasinKategori": null, "fid_2": 1092, "id": 1092, "left": 17.486919847, "top": 68.946110046000001, "right": 17.986919847, "bottom": 68.446110046000001, "row_index": 11, "col_index": 27, "tile_id": 1092 }, "geometry": { "type": "MultiPolygon", "coordinates": [ [ [ [ 17.609995580019, 68.507290482001039 ], [ 17.60832418898697, 68.50728882587957 ], [ 17.607927042506837, 68.507495064302063 ], [ 17.609331109038077, 68.507621064756847 ], [ 17.609995580019, 68.507290482001039 ] ] ] ] } },
{ "type": "Feature", "properties": { "fid": 245229, "navn": null, "hoyde_moh": 659, "arealInnsjo_km2": 0.0035, "magasinKategori": null, "fid_2": 1092, "id": 1092, "left": 17.486919847, "top": 68.946110046000001, "right": 17.986919847, "bottom": 68.446110046000001, "row_index": 11, "col_index": 27, "tile_id": 1092 }, "geometry": { "type": "MultiPolygon", "coordinates": [ [ [ [ 17.89380364586177, 68.533818676440944 ], [ 17.893885755836582, 68.533385551369562 ], [ 17.892771316349471, 68.533060658254541 ], [ 17.892373829638359, 68.533221282732242 ], [ 17.89252444200482, 68.533462866432131 ], [ 17.893654733231699, 68.533899612626982 ], [ 17.89380364586177, 68.533818676440944 ] ] ] ] } },
{ "type": "Feature", "properties": { "fid": 245244, "navn": null, "hoyde_moh": 760, "arealInnsjo_km2": 0.0031, "magasinKategori": null, "fid_2": 1092, "id": 1092, "left": 17.486919847, "top": 68.946110046000001, "right": 17.986919847, "bottom": 68.446110046000001, "row_index": 11, "col_index": 27, "tile_id": 1092 }, "geometry": { "type": "MultiPolygon", "coordinates": [ [ [ [ 17.937249801199787, 68.534537334528068 ], [ 17.936766188364444, 68.534281408205146 ], [ 17.936485972927947, 68.534342955351789 ], [ 17.936310067902628, 68.534685824758341 ], [ 17.935965494626142, 68.53482345724484 ], [ 17.936198220532837, 68.535035025200216 ], [ 17.937044214509768, 68.535056680645312 ], [ 17.937249801199787, 68.534537334528068 ] ] ] ] } },
{ "type": "Feature", "properties": { "fid": 245245, "navn": null, "hoyde_moh": 646, "arealInnsjo_km2": 0.0029, "magasinKategori": null, "fid_2": 1092, "id": 1092, "left": 17.486919847, "top": 68.946110046000001, "right": 17.986919847, "bottom": 68.446110046000001, "row_index": 11, "col_index": 27, "tile_id": 1092 }, "geometry": { "type": "MultiPolygon", "coordinates": [ [ [ [ 17.888381605301412, 68.547897159498248 ], [ 17.888593325102562, 68.547654998750502 ], [ 17.888515493630536, 68.547451659119261 ], [ 17.887313244308402, 68.547529236946829 ], [ 17.887511549859578, 68.547635618977381 ], [ 17.887413186448192, 68.547767387194 ], [ 17.887767086350337, 68.547968316998109 ], [ 17.8888096904432, 68.548093221204894 ], [ 17.888381605301412, 68.547897159498248 ] ] ] ] } },
{ "type": "Feature", "properties": { "fid": 245246, "navn": null, "hoyde_moh": 631, "arealInnsjo_km2": 0.0029, "magasinKategori": null, "fid_2": 1092, "id": 1092, "left": 17.486919847, "top": 68.946110046000001, "right": 17.986919847, "bottom": 68.446110046000001, "row_index": 11, "col_index": 27, "tile_id": 1092 }, "geometry": { "type": "MultiPolygon", "coordinates": [ [ [ [ 17.84496689743602, 68.71096431259808 ], [ 17.844185812894072, 68.710816950356701 ], [ 17.843199219042543, 68.711144855777462 ], [ 17.843476674073536, 68.711288754194598 ], [ 17.844506383875633, 68.711328346154303 ], [ 17.84496689743602, 68.71096431259808 ] ] ] ] } },
{ "type": "Feature", "properties": { "fid": 245247, "navn": null, "hoyde_moh": 793, "arealInnsjo_km2": 0.0029, "magasinKategori": null, "fid_2": 1092, "id": 1092, "left": 17.486919847, "top": 68.946110046000001, "right": 17.986919847, "bottom": 68.446110046000001, "row_index": 11, "col_index": 27, "tile_id": 1092 }, "geometry": { "type": "MultiPolygon", "coordinates": [ [ [ [ 17.914558508492618, 68.724737948945929 ], [ 17.914731515804974, 68.72455991452965 ], [ 17.913817493603844, 68.724486608774953 ], [ 17.912978695872184, 68.724671350876719 ], [ 17.913290623104302, 68.725017611684876 ], [ 17.913649200578977, 68.725045279469484 ], [ 17.914558508492618, 68.724737948945929 ] ] ] ] } },
{ "type": "Feature", "properties": { "fid": 245248, "navn": null, "hoyde_moh": 508, "arealInnsjo_km2": 0.0048, "magasinKategori": null, "fid_2": 1092, "id": 1092, "left": 17.486919847, "top": 68.946110046000001, "right": 17.986919847, "bottom": 68.446110046000001, "row_index": 11, "col_index": 27, "tile_id": 1092 }, "geometry": { "type": "MultiPolygon", "coordinates": [ [ [ [ 17.624443501963437, 68.748809276204923 ], [ 17.624388387706325, 68.748475704823079 ], [ 17.623620536973963, 68.74798892694443 ], [ 17.623343782980061, 68.748038002148007 ], [ 17.623442348736031, 68.74831839410686 ], [ 17.623110387172257, 68.748510136273723 ], [ 17.622327774824388, 68.748635707005576 ], [ 17.622413036229805, 68.748857785526326 ], [ 17.623521939578946, 68.748803271552148 ], [ 17.624002157014232, 68.748973455321988 ], [ 17.624443501963437, 68.748809276204923 ] ] ] ] } },
{ "type": "Feature", "properties": { "fid": 245250, "navn": null, "hoyde_moh": 804, "arealInnsjo_km2": 0.0043, "magasinKategori": null, "fid_2": 1092, "id": 1092, "left": 17.486919847, "top": 68.946110046000001, "right": 17.986919847, "bottom": 68.446110046000001, "row_index": 11, "col_index": 27, "tile_id": 1092 }, "geometry": { "type": "MultiPolygon", "coordinates": [ [ [ [ 17.985673818596048, 68.75395133062338 ], [ 17.983444871381735, 68.753757200605961 ], [ 17.984392639369847, 68.754180396960322 ], [ 17.985490498292862, 68.754430370076363 ], [ 17.986186224758082, 68.754265485502046 ], [ 17.985673818596048, 68.75395133062338 ] ] ] ] } },
{ "type": "Feature", "properties": { "fid": 245251, "navn": null, "hoyde_moh": 637, "arealInnsjo_km2": 0.0052, "magasinKategori": null, "fid_2": 1092, "id": 1092, "left": 17.486919847, "top": 68.946110046000001, "right": 17.986919847, "bottom": 68.446110046000001, "row_index": 11, "col_index": 27, "tile_id": 1092 }, "geometry": { "type": "MultiPolygon", "coordinates": [ [ [ [ 17.921984282985715, 68.761946969992081 ], [ 17.922513124109244, 68.761486387864565 ], [ 17.922057734541983, 68.761455732150367 ], [ 17.921580223196841, 68.761650872016347 ], [ 17.922148384104055, 68.761252183350479 ], [ 17.921835963056047, 68.761114746697487 ], [ 17.92108222522522, 68.761167065953714 ], [ 17.920455324734025, 68.761682478378347 ], [ 17.921348516917455, 68.76202678974245 ], [ 17.921984282985715, 68.761946969992081 ] ] ] ] } },
{ "type": "Feature", "properties": { "fid": 245252, "navn": "Reinlandsvatnet", "hoyde_moh": 455, "arealInnsjo_km2": 0.008, "magasinKategori": null, "fid_2": 1092, "id": 1092, "left": 17.486919847, "top": 68.946110046000001, "right": 17.986919847, "bottom": 68.446110046000001, "row_index": 11, "col_index": 27, "tile_id": 1092 }, "geometry": { "type": "MultiPolygon", "coordinates": [ [ [ [ 17.539971601729878, 68.77521788491353 ], [ 17.539819306404034, 68.774949032183983 ], [ 17.539154378603495, 68.774893565574573 ], [ 17.539012882197344, 68.775008051826518 ], [ 17.537176207906199, 68.774555479576918 ], [ 17.535956391023028, 68.774590425945505 ], [ 17.538425671469977, 68.775408155372986 ], [ 17.539398127579499, 68.775466916548609 ], [ 17.539971601729878, 68.77521788491353 ] ] ] ] } },
{ "type": "Feature", "properties": { "fid": 245255, "navn": "Tårlevatnet", "hoyde_moh": 468, "arealInnsjo_km2": 0.1926, "magasinKategori": null, "fid_2": 1092, "id": 1092, "left": 17.486919847, "top": 68.946110046000001, "right": 17.986919847, "bottom": 68.446110046000001, "row_index": 11, "col_index": 27, "tile_id": 1092 }, "geometry": { "type": "MultiPolygon", "coordinates": [ [ [ [ 17.527165228507162, 68.780291014623913 ], [ 17.528312904919467, 68.779954128000568 ], [ 17.527571137851233, 68.779716133251625 ], [ 17.527499965058627, 68.779469037523626 ], [ 17.528172544832064, 68.779111231276985 ], [ 17.529361035032977, 68.778887799400366 ], [ 17.529491101556335, 68.778560966189545 ], [ 17.529358836862176, 68.777970503848323 ], [ 17.529479085371495, 68.777415674085759 ], [ 17.529919044204089, 68.777219737997399 ], [ 17.529934047947624, 68.776952958337077 ], [ 17.529586828474525, 68.776576525130082 ], [ 17.528944585798339, 68.776339385975689 ], [ 17.528153317525572, 68.775686414656548 ], [ 17.527654759982962, 68.775577803210496 ], [ 17.526796734304718, 68.775051829705788 ], [ 17.52427276994457, 68.774979399789217 ], [ 17.523456366698266, 68.775142961449731 ], [ 17.522523201305756, 68.775692561950365 ], [ 17.521288286485458, 68.775938177475766 ], [ 17.520161575553072, 68.776583981074538 ], [ 17.520131203988459, 68.776834203801528 ], [ 17.520564106475998, 68.777104643501502 ], [ 17.518044371382402, 68.777953685793889 ], [ 17.517883890042189, 68.778295588915299 ], [ 17.517961492446283, 68.778572029425277 ], [ 17.519171094080985, 68.779420765359262 ], [ 17.522738887827522, 68.779472543793688 ], [ 17.524315146294754, 68.779947908533799 ], [ 17.524598357767996, 68.780138267866207 ], [ 17.524572432311569, 68.780342115129031 ], [ 17.527165228507162, 68.780291014623913 ] ] ] ] } },
{ "type": "Feature", "properties": { "fid": 245256, "navn": "Kollvatnet", "hoyde_moh": 490, "arealInnsjo_km2": 0.0221, "magasinKategori": null, "fid_2": 1092, "id": 1092, "left": 17.486919847, "top": 68.946110046000001, "right": 17.986919847, "bottom": 68.446110046000001, "row_index": 11, "col_index": 27, "tile_id": 1092 }, "geometry": { "type": "MultiPolygon", "coordinates": [ [ [ [ 17.505868867211916, 68.782655055838177 ], [ 17.505612199555259, 68.782074408780304 ], [ 17.505358401867959, 68.781897585626751 ], [ 17.505429795474591, 68.781132235683074 ], [ 17.505282461203102, 68.780829269001131 ], [ 17.505055873680853, 68.780856579501105 ], [ 17.505155114398612, 68.781051482181184 ], [ 17.504806639688603, 68.781298950217803 ], [ 17.504333163600624, 68.781457259118241 ], [ 17.502784369785093, 68.781443330049214 ], [ 17.502570828493287, 68.781685839708601 ], [ 17.502526352636469, 68.782250831408319 ], [ 17.50310690107769, 68.782544085074633 ], [ 17.503202473671777, 68.783054417383752 ], [ 17.503840550357186, 68.78335660220597 ], [ 17.505868867211916, 68.782655055838177 ] ] ] ] } },
{ "type": "Feature", "properties": { "fid": 245257, "navn": "Vardhågvatnet", "hoyde_moh": 466, "arealInnsjo_km2": 0.0074, "magasinKategori": null, "fid_2": 1092, "id": 1092, "left": 17.486919847, "top": 68.946110046000001, "right": 17.986919847, "bottom": 68.446110046000001, "row_index": 11, "col_index": 27, "tile_id": 1092 }, "geometry": { "type": "MultiPolygon", "coordinates": [ [ [ [ 17.535080448303667, 68.78667539383234 ], [ 17.53530509203723, 68.786317704267162 ], [ 17.535769302623837, 68.786211680327369 ], [ 17.535869681996651, 68.785766187920842 ], [ 17.534982428086209, 68.7854717014404 ], [ 17.534905787715807, 68.785740749589834 ], [ 17.534423617295328, 68.785697786112479 ], [ 17.534312461893119, 68.785918436186577 ], [ 17.533996892184497, 68.785965334004345 ], [ 17.534086635072153, 68.78618100745652 ], [ 17.533642892951121, 68.786651732217663 ], [ 17.535080448303667, 68.78667539383234 ] ] ] ] } },
{ "type": "Feature", "properties": { "fid": 245405, "navn": null, "hoyde_moh": 241, "arealInnsjo_km2": 0.0045, "magasinKategori": null, "fid_2": 1092, "id": 1092, "left": 17.486919847, "top": 68.946110046000001, "right": 17.986919847, "bottom": 68.446110046000001, "row_index": 11, "col_index": 27, "tile_id": 1092 }, "geometry": { "type": "MultiPolygon", "coordinates": [ [ [ [ 17.956115406093229, 68.914665027534681 ], [ 17.956164746328227, 68.914554919048086 ], [ 17.955509090358522, 68.914353982461321 ], [ 17.955403377513978, 68.914161998531924 ], [ 17.956325243185869, 68.91420606350249 ], [ 17.956383223409762, 68.913964917468618 ], [ 17.954738012895891, 68.913990852365018 ], [ 17.955032094750727, 68.914180198229516 ], [ 17.954226938373175, 68.914432773735797 ], [ 17.954719659589546, 68.914683132229342 ], [ 17.956115406093229, 68.914665027534681 ] ] ] ] } },
{ "type": "Feature", "properties": { "fid": 245410, "navn": null, "hoyde_moh": 697, "arealInnsjo_km2": 0.0028, "magasinKategori": null, "fid_2": 1092, "id": 1092, "left": 17.486919847, "top": 68.946110046000001, "right": 17.986919847, "bottom": 68.446110046000001, "row_index": 11, "col_index": 27, "tile_id": 1092 }, "geometry": { "type": "MultiPolygon", "coordinates": [ [ [ [ 17.873089516842086, 68.55491388655318 ], [ 17.874153124012608, 68.55492290230265 ], [ 17.874014968455871, 68.554688182203094 ], [ 17.873455270331412, 68.554525662848619 ], [ 17.873084969784127, 68.554593844699625 ], [ 17.873108033317184, 68.554859079684235 ], [ 17.872074116662311, 68.554669381888658 ], [ 17.872687793212584, 68.555039608448197 ], [ 17.873089516842086, 68.55491388655318 ] ] ] ] } },
{ "type": "Feature", "properties": { "fid": 245412, "navn": null, "hoyde_moh": 715, "arealInnsjo_km2": 0.0025, "magasinKategori": null, "fid_2": 1092, "id": 1092, "left": 17.486919847, "top": 68.946110046000001, "right": 17.986919847, "bottom": 68.446110046000001, "row_index": 11, "col_index": 27, "tile_id": 1092 }, "geometry": { "type": "MultiPolygon", "coordinates": [ [ [ [ 17.899721910056797, 68.703438924155506 ], [ 17.899626954858849, 68.703318106509386 ], [ 17.900328287619473, 68.703202119371426 ], [ 17.898912124511174, 68.703168422686176 ], [ 17.897481055421402, 68.70342905675497 ], [ 17.899721910056797, 68.703438924155506 ] ] ] ] } },
{ "type": "Feature", "properties": { "fid": 245413, "navn": null, "hoyde_moh": 535, "arealInnsjo_km2": 0.0044, "magasinKategori": null, "fid_2": 1092, "id": 1092, "left": 17.486919847, "top": 68.946110046000001, "right": 17.986919847, "bottom": 68.446110046000001, "row_index": 11, "col_index": 27, "tile_id": 1092 }, "geometry": { "type": "MultiPolygon", "coordinates": [ [ [ [ 17.89179466439311, 68.740788214958258 ], [ 17.891629580932467, 68.740587258463961 ], [ 17.891697694479706, 68.74044111704417 ], [ 17.891140406937168, 68.740359161845348 ], [ 17.889749891989151, 68.740554726121417 ], [ 17.889814368369212, 68.7407620698919 ], [ 17.890100454171062, 68.740889056623971 ], [ 17.891341954140628, 68.740955738415394 ], [ 17.89179466439311, 68.740788214958258 ] ] ] ] } },
{ "type": "Feature", "properties": { "fid": 245414, "navn": "Håkavikvatnet", "hoyde_moh": 169, "arealInnsjo_km2": 0.0187, "magasinKategori": null, "fid_2": 1092, "id": 1092, "left": 17.486919847, "top": 68.946110046000001, "right": 17.986919847, "bottom": 68.446110046000001, "row_index": 11, "col_index": 27, "tile_id": 1092 }, "geometry": { "type": "MultiPolygon", "coordinates": [ [ [ [ 17.65278890830794, 68.882246399959584 ], [ 17.652824163820391, 68.882110679498396 ], [ 17.652500735080142, 68.882003885474759 ], [ 17.65266370332353, 68.881754160523229 ], [ 17.652211191485161, 68.881548403471456 ], [ 17.652323192733341, 68.881382227096381 ], [ 17.653071213938137, 68.881341488076089 ], [ 17.653217263791635, 68.881206104750376 ], [ 17.652132917633967, 68.880903477392465 ], [ 17.650982769619887, 68.880356658125379 ], [ 17.650522785300105, 68.880362475980405 ], [ 17.650516701715038, 68.880644221456137 ], [ 17.649963069264206, 68.88081583717937 ], [ 17.650032877365437, 68.880723290091211 ], [ 17.649773162450167, 68.880618281653639 ], [ 17.64922316075474, 68.880695506099627 ], [ 17.649464303628097, 68.880992610460879 ], [ 17.650295517922142, 68.881330789942993 ], [ 17.650444264835031, 68.881550347627851 ], [ 17.650313942996483, 68.881713307406272 ], [ 17.651048366990267, 68.88214077110004 ], [ 17.650931742274135, 68.882399376208369 ], [ 17.65278890830794, 68.882246399959584 ] ] ] ] } },
{ "type": "Feature", "properties": { "fid": 245415, "navn": "Litle Åsevatnet", "hoyde_moh": 539, "arealInnsjo_km2": 0.0331, "magasinKategori": null, "fid_2": 1092, "id": 1092, "left": 17.486919847, "top": 68.946110046000001, "right": 17.986919847, "bottom": 68.446110046000001, "row_index": 11, "col_index": 27, "tile_id": 1092 }, "geometry": { "type": "MultiPolygon", "coordinates": [ [ [ [ 17.865607396217275, 68.751637865956383 ], [ 17.865720424555526, 68.75156036859687 ], [ 17.865342182327424, 68.751488401910223 ], [ 17.865257786297505, 68.751226630496404 ], [ 17.866468292234345, 68.750888993201769 ], [ 17.865796220329024, 68.750698929576771 ], [ 17.86551088545794, 68.750391007014144 ], [ 17.864617313651596, 68.750177487657353 ], [ 17.863921868832293, 68.750250024358792 ], [ 17.863805226420936, 68.750488086516711 ], [ 17.863318231802733, 68.750609519380347 ], [ 17.861947731234185, 68.75051096358105 ], [ 17.861074601046127, 68.750194296480601 ], [ 17.860212962143923, 68.7504604717642 ], [ 17.86051061360925, 68.750888033928533 ], [ 17.860429581533023, 68.751305475688525 ], [ 17.860723200928987, 68.751468291265923 ], [ 17.86269413869185, 68.751952135070638 ], [ 17.865607396217275, 68.751637865956383 ] ], [ [ 17.863770056034177, 68.750609149747035 ], [ 17.864157770916261, 68.750610581452591 ], [ 17.864138906326193, 68.750698693483812 ], [ 17.863770056034177, 68.750609149747035 ] ] ] ] } },
{ "type": "Feature", "properties": { "fid": 245416, "navn": "Råggejavrit", "hoyde_moh": 786, "arealInnsjo_km2": 0.0467, "magasinKategori": null, "fid_2": 1092, "id": 1092, "left": 17.486919847, "top": 68.946110046000001, "right": 17.986919847, "bottom": 68.446110046000001, "row_index": 11, "col_index": 27, "tile_id": 1092 }, "geometry": { "type": "MultiPolygon", "coordinates": [ [ [ [ 17.976648663762752, 68.756064694038699 ], [ 17.977033599936465, 68.755727647544987 ], [ 17.976923101092041, 68.755432436546556 ], [ 17.97704000073465, 68.755247690555294 ], [ 17.97686774812146, 68.754925645283322 ], [ 17.975555353898855, 68.75482571933064 ], [ 17.978030554334694, 68.754415750084249 ], [ 17.978536189362568, 68.75420055539476 ], [ 17.978500576184743, 68.754008256270382 ], [ 17.974648038369743, 68.753482835082451 ], [ 17.972981908012191, 68.753706456015621 ], [ 17.974762691838539, 68.7545842372935 ], [ 17.974082533270387, 68.754807063632839 ], [ 17.972761522032364, 68.754885379678313 ], [ 17.973344619129755, 68.755170320488148 ], [ 17.972938248015545, 68.755454677658832 ], [ 17.973135133798824, 68.755868940663589 ], [ 17.97425919399123, 68.756634368938251 ], [ 17.975227061735076, 68.756674734257686 ], [ 17.976648663762752, 68.756064694038699 ] ] ] ] } },
{ "type": "Feature", "properties": { "fid": 245417, "navn": "Holbåtvatnet", "hoyde_moh": 444, "arealInnsjo_km2": 0.0294, "magasinKategori": null, "fid_2": 1092, "id": 1092, "left": 17.486919847, "top": 68.946110046000001, "right": 17.986919847, "bottom": 68.446110046000001, "row_index": 11, "col_index": 27, "tile_id": 1092 }, "geometry": { "type": "MultiPolygon", "coordinates": [ [ [ [ 17.529480324284702, 68.791918967165614 ], [ 17.530008063783637, 68.791492057302463 ], [ 17.529996807175674, 68.79073294614652 ], [ 17.529493400446675, 68.790427857292968 ], [ 17.528774941245103, 68.789606774029437 ], [ 17.527830755488395, 68.789572922232338 ], [ 17.525692411308402, 68.790350682173411 ], [ 17.525325997076045, 68.790797433982618 ], [ 17.52561183501243, 68.790992151882136 ], [ 17.525342400270432, 68.791280219210236 ], [ 17.525471455132397, 68.791414806139926 ], [ 17.52579303100449, 68.79140032514637 ], [ 17.526003134615145, 68.79110712742056 ], [ 17.52636035311513, 68.791074792924007 ], [ 17.528917172705484, 68.791657577681079 ], [ 17.529078577952291, 68.791888968039999 ], [ 17.528800135941079, 68.792077912913115 ], [ 17.529480324284702, 68.791918967165614 ] ] ] ] } },
{ "type": "Feature", "properties": { "fid": 245418, "navn": "Gamvikelvvatnan", "hoyde_moh": 634, "arealInnsjo_km2": 0.0213, "magasinKategori": null, "fid_2": 1092, "id": 1092, "left": 17.486919847, "top": 68.946110046000001, "right": 17.986919847, "bottom": 68.446110046000001, "row_index": 11, "col_index": 27, "tile_id": 1092 }, "geometry": { "type": "MultiPolygon", "coordinates": [ [ [ [ 17.724228710958045, 68.827235812591852 ], [ 17.724653582000304, 68.826819425316515 ], [ 17.72470245060239, 68.8261192365336 ], [ 17.724476427479594, 68.825748386621754 ], [ 17.722986117003966, 68.825640072686326 ], [ 17.722460177700572, 68.825813482011895 ], [ 17.722297966108307, 68.826136702156333 ], [ 17.721889857037301, 68.82636405093578 ], [ 17.721858984786909, 68.826883712832242 ], [ 17.722134676552347, 68.827343977679305 ], [ 17.722610053706333, 68.827741800287811 ], [ 17.723201733283599, 68.827796223176463 ], [ 17.724228710958045, 68.827235812591852 ] ] ] ] } },
{ "type": "Feature", "properties": { "fid": 268124, "navn": "Fiskelausvatnet", "hoyde_moh": 441, "arealInnsjo_km2": 0.2946, "magasinKategori": 1, "fid_2": 1092, "id": 1092, "left": 17.486919847, "top": 68.946110046000001, "right": 17.986919847, "bottom": 68.446110046000001, "row_index": 11, "col_index": 27, "tile_id": 1092 }, "geometry": { "type": "MultiPolygon", "coordinates": [ [ [ [ 17.986183295653177, 68.482369424093491 ], [ 17.985416883662221, 68.482626552574075 ], [ 17.985148113021275, 68.483068733580836 ], [ 17.984694540133216, 68.483141450480176 ], [ 17.984955480083372, 68.483304327729385 ], [ 17.984675801273472, 68.483580793957799 ], [ 17.984760194900925, 68.483732720161896 ], [ 17.985341968963898, 68.48420248735988 ], [ 17.986919847, 68.484305375096042 ], [ 17.986919847, 68.482451279100587 ], [ 17.986183295653177, 68.482369424093491 ] ] ] ] } },
{ "type": "Feature", "properties": { "fid": 268253, "navn": "Nygårdsvatnet", "hoyde_moh": 259, "arealInnsjo_km2": 0.5648, "magasinKategori": 1, "fid_2": 1092, "id": 1092, "left": 17.486919847, "top": 68.946110046000001, "right": 17.986919847, "bottom": 68.446110046000001, "row_index": 11, "col_index": 27, "tile_id": 1092 }, "geometry": { "type": "MultiPolygon", "coordinates": [ [ [ [ 17.772133672260193, 68.493098768899117 ], [ 17.77275714186451, 68.493365026616402 ], [ 17.774236298656152, 68.493379970177628 ], [ 17.773250819934344, 68.493056420575613 ], [ 17.773074400114293, 68.492579994063561 ], [ 17.773155413158769, 68.492434940939816 ], [ 17.772645540320283, 68.492225064103508 ], [ 17.772526080322404, 68.491885663868658 ], [ 17.774374902150306, 68.492534964767074 ], [ 17.774599141889968, 68.49243080782405 ], [ 17.774021069790603, 68.492231398930443 ], [ 17.774638358770044, 68.492148746070782 ], [ 17.774444999070301, 68.492068194705936 ], [ 17.775250520493003, 68.492062226074992 ], [ 17.772219842377105, 68.491327901898927 ], [ 17.771825590657372, 68.491105160191339 ], [ 17.771793684707156, 68.490713685036226 ], [ 17.771258258558856, 68.490899101974193 ], [ 17.770679291808573, 68.490622050842873 ], [ 17.769146823047183, 68.490304464827005 ], [ 17.768536344250855, 68.489929635079548 ], [ 17.768165836816021, 68.489485044428193 ], [ 17.768603247571598, 68.488689689693587 ], [ 17.769772235546899, 68.488128473854488 ], [ 17.77084650993049, 68.487826349249872 ], [ 17.771367839903998, 68.487022327544182 ], [ 17.772001305173394, 68.486839417151003 ], [ 17.772783026907977, 68.48634624878494 ], [ 17.773496753681513, 68.486355178833321 ], [ 17.773447251649692, 68.485977908157778 ], [ 17.77384961260184, 68.485472697298931 ], [ 17.773759781671632, 68.48525892739741 ], [ 17.774066778319582, 68.484735994078065 ], [ 17.774076331313456, 68.484300027383881 ], [ 17.775298800471994, 68.483279363172201 ], [ 17.775407027101547, 68.482701369892226 ], [ 17.774967438069009, 68.482438993454238 ], [ 17.774428254738126, 68.482400881486143 ], [ 17.773995894044788, 68.481964239148752 ], [ 17.772508360250328, 68.481874937633052 ], [ 17.772065800543164, 68.481625798825092 ], [ 17.771914086732529, 68.481130561817508 ], [ 17.770960824426616, 68.480831787218804 ], [ 17.770093191096006, 68.480278007110741 ], [ 17.770413817029713, 68.480845137732913 ], [ 17.771255066904487, 68.481259319706368 ], [ 17.770568539627078, 68.481223631735247 ], [ 17.768603184140073, 68.480462765004418 ], [ 17.76780682563896, 68.479863542790696 ], [ 17.768005828632088, 68.479691858134785 ], [ 17.767624088465521, 68.479469441687954 ], [ 17.767941695527874, 68.47920423871075 ], [ 17.765784751442283, 68.478685459472288 ], [ 17.765910808323202, 68.478461032609175 ], [ 17.766568225921848, 68.47812792756875 ], [ 17.766431072812139, 68.47773845901385 ], [ 17.766632191705483, 68.477456330516418 ], [ 17.766269401450774, 68.477296434008338 ], [ 17.766195960946998, 68.477069913543772 ], [ 17.765247087333659, 68.477478201903111 ], [ 17.76476374791709, 68.477317957320167 ], [ 17.763955871427275, 68.477492229970366 ], [ 17.763871285171302, 68.477304311779449 ], [ 17.763985154480594, 68.477156028169205 ], [ 17.764557023645853, 68.477190760134008 ], [ 17.764414879272106, 68.476830097409746 ], [ 17.764646853620921, 68.47676208934854 ], [ 17.764525232046658, 68.476671099614308 ], [ 17.764802614581093, 68.476570655423913 ], [ 17.764812727982889, 68.476431533199985 ], [ 17.764192831663532, 68.476305765503596 ], [ 17.763934124797647, 68.47609720088353 ], [ 17.763342301332639, 68.476188915164073 ], [ 17.763211409800039, 68.4759860514976 ], [ 17.764344318824957, 68.475867550295163 ], [ 17.763344374326351, 68.475430192415459 ], [ 17.762042049769803, 68.475240356237236 ], [ 17.761063502906051, 68.474883510664526 ], [ 17.760074322138028, 68.474183127760028 ], [ 17.759030735211656, 68.472834281617466 ], [ 17.75898263590943, 68.47211983265224 ], [ 17.758609145960332, 68.471855073540723 ], [ 17.758491090448853, 68.470997794581777 ], [ 17.757481964119606, 68.471237737633587 ], [ 17.757536490651066, 68.471592575428261 ], [ 17.757326142330001, 68.471717397979916 ], [ 17.757605637417587, 68.472063237592863 ], [ 17.757387162288694, 68.472173562354996 ], [ 17.757710769213254, 68.472233854500772 ], [ 17.75764204357775, 68.472347639471209 ], [ 17.756350461574222, 68.472440431805296 ], [ 17.756209627526196, 68.47250809654301 ], [ 17.756913148527936, 68.472589339432304 ], [ 17.75576904153791, 68.472727185833676 ], [ 17.754697103081881, 68.472514745938312 ], [ 17.754622144891037, 68.472304763644146 ], [ 17.753999811337877, 68.472087351687492 ], [ 17.753766681840446, 68.471762557478939 ], [ 17.753434487040543, 68.471623586393008 ], [ 17.753369383673583, 68.471273679441623 ], [ 17.752890279457748, 68.470660744628802 ], [ 17.752813759602745, 68.46999020915743 ], [ 17.752617039309804, 68.469777469249678 ], [ 17.752454172472273, 68.469951144914617 ], [ 17.751287414009223, 68.469827672948483 ], [ 17.751442242005101, 68.470045680129616 ], [ 17.751304992809452, 68.470116692919404 ], [ 17.750899146929736, 68.469846076355395 ], [ 17.74998326356992, 68.469932652581107 ], [ 17.749998806305197, 68.469720914213624 ], [ 17.749381230543349, 68.469859141968627 ], [ 17.749197663705704, 68.469529220627706 ], [ 17.748719288329674, 68.469429532360508 ], [ 17.748481907779183, 68.469503083065447 ], [ 17.748492012438277, 68.469694742157287 ], [ 17.74714539786504, 68.469830377219736 ], [ 17.747201190384732, 68.469989869904722 ], [ 17.746954009473637, 68.47018799122543 ], [ 17.747677956338237, 68.47036983081766 ], [ 17.748018441750016, 68.470834787705272 ], [ 17.74926523090642, 68.470926809209729 ], [ 17.749592540770525, 68.471120354775621 ], [ 17.749382095251228, 68.471152263029651 ], [ 17.749621122366531, 68.471260904480687 ], [ 17.749403213406538, 68.471356039062201 ], [ 17.750311559442974, 68.471419944763866 ], [ 17.749323529990843, 68.471448366845522 ], [ 17.751309726403225, 68.471974814768387 ], [ 17.752040292733028, 68.472400954875127 ], [ 17.753037278100855, 68.472534034849772 ], [ 17.752750979143975, 68.472780023438759 ], [ 17.75303230860661, 68.472992899478896 ], [ 17.752456384446308, 68.473403514740653 ], [ 17.752609616398647, 68.473790752260911 ], [ 17.751526383045903, 68.473845075682959 ], [ 17.751340998592394, 68.473994703663479 ], [ 17.752869027308549, 68.474453705469145 ], [ 17.752717832919746, 68.474613096213801 ], [ 17.753448659872639, 68.475088597460569 ], [ 17.754179058809115, 68.475183234813258 ], [ 17.754418890858673, 68.47535810281741 ], [ 17.753466168126614, 68.475282468990017 ], [ 17.758801199717492, 68.477023134215017 ], [ 17.759404737497952, 68.477283298679851 ], [ 17.759189652960128, 68.477357663678958 ], [ 17.759249827097303, 68.477440063908972 ], [ 17.760023170172641, 68.477463146217943 ], [ 17.760937844921603, 68.477878679931706 ], [ 17.759957812906908, 68.478092930820679 ], [ 17.759248167642845, 68.477971046124537 ], [ 17.759265155531043, 68.478090152757488 ], [ 17.759060946890028, 68.478115506737439 ], [ 17.757826733108121, 68.477837713109906 ], [ 17.758078338631687, 68.477766070269013 ], [ 17.757259587674852, 68.47749911890719 ], [ 17.756205507252851, 68.477657565660721 ], [ 17.756564852236529, 68.4776995898129 ], [ 17.75672613554525, 68.477889480869194 ], [ 17.756118399281924, 68.477981609829399 ], [ 17.756306609893631, 68.478077614162217 ], [ 17.756150714977458, 68.478236546667333 ], [ 17.75999891873272, 68.479250122007926 ], [ 17.763276270968895, 68.479671245381724 ], [ 17.766417206824148, 68.480550651415939 ], [ 17.767957426044099, 68.480807533814911 ], [ 17.769956993101694, 68.481496390169269 ], [ 17.771783013188031, 68.482461697172923 ], [ 17.772482422920568, 68.483227673846713 ], [ 17.771649757392595, 68.483826978741916 ], [ 17.769554749454365, 68.484709340811179 ], [ 17.768517389632795, 68.484870637154003 ], [ 17.767478621486706, 68.485248103117527 ], [ 17.769559505547868, 68.485773332388661 ], [ 17.769986767800063, 68.486030899797768 ], [ 17.771458190967422, 68.486170133562041 ], [ 17.770551486703713, 68.486900634100778 ], [ 17.769867462180642, 68.487104122339261 ], [ 17.769531165214179, 68.487522774727324 ], [ 17.769042015126036, 68.487626363592483 ], [ 17.767613287997396, 68.487530836185371 ], [ 17.766898062010085, 68.487803406765096 ], [ 17.766809922297355, 68.488016256617229 ], [ 17.766424424401265, 68.488193529166807 ], [ 17.765867263987126, 68.488149401078104 ], [ 17.765336597563643, 68.488579328764203 ], [ 17.764281843399523, 68.488344393785866 ], [ 17.762838611431381, 68.488578319760279 ], [ 17.762270759308713, 68.488954721691684 ], [ 17.760861529797086, 68.488911057517214 ], [ 17.761549318766708, 68.489553393746007 ], [ 17.762448240986256, 68.48992385445753 ], [ 17.762845003660416, 68.490413982941988 ], [ 17.762494019953763, 68.490554052931287 ], [ 17.763701149721683, 68.491349849542473 ], [ 17.765545518397687, 68.491813504797278 ], [ 17.769459598587328, 68.492312449727777 ], [ 17.769413578229599, 68.492170573832198 ], [ 17.769979287681167, 68.492215717326758 ], [ 17.770471833613378, 68.492531810455588 ], [ 17.770517293024216, 68.492798647805515 ], [ 17.77135468318605, 68.493119902615987 ], [ 17.771509866436119, 68.493319936898629 ], [ 17.77215882266373, 68.493476980761614 ], [ 17.772374372539495, 68.493676465298307 ], [ 17.772693920161593, 68.493553410967351 ], [ 17.772133672260193, 68.493098768899117 ] ], [ [ 17.757121233173624, 68.473902575064287 ], [ 17.757810251841104, 68.47405487729749 ], [ 17.757776177046576, 68.47408209799174 ], [ 17.757356072711261, 68.474140625292833 ], [ 17.757121233173624, 68.473902575064287 ] ], [ [ 17.756672814434243, 68.476011507488707 ], [ 17.756322889485492, 68.475950299035773 ], [ 17.757118221999288, 68.475749340358718 ], [ 17.758094821650122, 68.476032364789873 ], [ 17.756672814434243, 68.476011507488707 ] ], [ [ 17.765288102466968, 68.478850203477748 ], [ 17.765618977084927, 68.478793129618865 ], [ 17.766327071641705, 68.478997686892058 ], [ 17.765620146086803, 68.479114287650148 ], [ 17.765288102466968, 68.478850203477748 ] ], [ [ 17.766525345872488, 68.479315232759006 ], [ 17.766572072935634, 68.479221644964156 ], [ 17.76690758122896, 68.479258296067783 ], [ 17.76691211090365, 68.479403101278038 ], [ 17.766525345872488, 68.479315232759006 ] ] ] ] } },
{ "type": "Feature", "properties": { "fid": 268806, "navn": "Store Trollvatnet", "hoyde_moh": 259, "arealInnsjo_km2": 0.4503, "magasinKategori": 1, "fid_2": 1092, "id": 1092, "left": 17.486919847, "top": 68.946110046000001, "right": 17.986919847, "bottom": 68.446110046000001, "row_index": 11, "col_index": 27, "tile_id": 1092 }, "geometry": { "type": "MultiPolygon", "coordinates": [ [ [ [ 17.717738715320451, 68.482676873584253 ], [ 17.719109985597001, 68.482606434638782 ], [ 17.720219201100026, 68.482258294607306 ], [ 17.722044253879059, 68.48226107328675 ], [ 17.72398566552193, 68.482048666437109 ], [ 17.728084700918867, 68.482573003207264 ], [ 17.729259524824663, 68.482497868246128 ], [ 17.730119873142772, 68.482165471065002 ], [ 17.730946975525914, 68.480975660233412 ], [ 17.733864525469265, 68.479921323172817 ], [ 17.736765500092783, 68.479194567402047 ], [ 17.737269451840273, 68.478842187122481 ], [ 17.737161238867255, 68.4786168541454 ], [ 17.736673464873807, 68.478384164771541 ], [ 17.735495352489203, 68.478143443507449 ], [ 17.735441096102729, 68.47800016991107 ], [ 17.735864466242187, 68.477844432855335 ], [ 17.735954903533127, 68.477626269046425 ], [ 17.734705453404853, 68.47714713047516 ], [ 17.734699093189075, 68.476965285063642 ], [ 17.734980988089244, 68.476842467542227 ], [ 17.73621142809921, 68.476884050950019 ], [ 17.736443335462702, 68.476580636121895 ], [ 17.735196696547295, 68.476487884905438 ], [ 17.733944178171367, 68.476063547059056 ], [ 17.734801375991157, 68.476111677288415 ], [ 17.734592694252079, 68.475827392662765 ], [ 17.735077017655151, 68.475666623166219 ], [ 17.735905499050059, 68.475762341733926 ], [ 17.735627629930629, 68.475591122000495 ], [ 17.734741816986656, 68.475500287274713 ], [ 17.733111435624053, 68.475882075092983 ], [ 17.731928263604285, 68.475654698408434 ], [ 17.731810720433771, 68.475845026260686 ], [ 17.731581298915689, 68.475862050623903 ], [ 17.731208572489262, 68.475704577775289 ], [ 17.731076743117523, 68.475432860396651 ], [ 17.730383683014367, 68.475593877187791 ], [ 17.729485006548565, 68.475137262720025 ], [ 17.728140030930508, 68.475194798458105 ], [ 17.728034568840119, 68.476364324614948 ], [ 17.727905059646133, 68.476496318884102 ], [ 17.726303428533214, 68.476935556390089 ], [ 17.726233828452237, 68.477300854334359 ], [ 17.725380411935252, 68.477878171796789 ], [ 17.723795511468555, 68.478457409521255 ], [ 17.720521488139909, 68.47914816268387 ], [ 17.72042289258275, 68.479358728882431 ], [ 17.719795974097256, 68.47892529905485 ], [ 17.718067953125601, 68.478804235683285 ], [ 17.717164504922604, 68.478388206690823 ], [ 17.715923220269602, 68.478378703511282 ], [ 17.715684078107373, 68.478457529428724 ], [ 17.715389391869753, 68.478914343866649 ], [ 17.71420493355793, 68.479469764481379 ], [ 17.714158568617329, 68.480180799230126 ], [ 17.713423876326637, 68.480667084027857 ], [ 17.713345701165565, 68.481341471713989 ], [ 17.713131013826573, 68.481502119184853 ], [ 17.713259726303143, 68.481895974258904 ], [ 17.714498797686449, 68.482502091568378 ], [ 17.715253564333068, 68.482524336525756 ], [ 17.716629514963927, 68.482901573718365 ], [ 17.717738715320451, 68.482676873584253 ] ], [ [ 17.718758293404669, 68.480303552770778 ], [ 17.719033162857805, 68.480395588319837 ], [ 17.718718543869208, 68.480517741042732 ], [ 17.718152536608134, 68.480489040802325 ], [ 17.718758293404669, 68.480303552770778 ] ] ] ] } },
{ "type": "Feature", "properties": { "fid": 269112, "navn": "Vuolit Ruovdejávri", "hoyde_moh": 295, "arealInnsjo_km2": 3.6645, "magasinKategori": 1, "fid_2": 1092, "id": 1092, "left": 17.486919847, "top": 68.946110046000001, "right": 17.986919847, "bottom": 68.446110046000001, "row_index": 11, "col_index": 27, "tile_id": 1092 }, "geometry": { "type": "MultiPolygon", "coordinates": [ [ [ [ 17.934839145668036, 68.511948316204098 ], [ 17.936628269264407, 68.511978060902536 ], [ 17.936156640572957, 68.511864939739439 ], [ 17.936921003792289, 68.51177031764712 ], [ 17.937931729360031, 68.511326376946741 ], [ 17.937884169470355, 68.5111886882964 ], [ 17.936555942665642, 68.510608118906958 ], [ 17.935180580352959, 68.510266893826426 ], [ 17.934394684650371, 68.509875669990507 ], [ 17.934213911089074, 68.509553131873716 ], [ 17.934420097419569, 68.509304981946002 ], [ 17.938319649662411, 68.509154053766466 ], [ 17.938325172793565, 68.509027285785109 ], [ 17.93787941445224, 68.508993975175855 ], [ 17.937992186171751, 68.508869189533542 ], [ 17.937316469501638, 68.508763865511611 ], [ 17.937327404983268, 68.508528196742262 ], [ 17.93661168115764, 68.508169958921741 ], [ 17.936860505503407, 68.507926176192925 ], [ 17.936565684255196, 68.507767678721862 ], [ 17.936456409342533, 68.507498024989971 ], [ 17.938552468431016, 68.507507469003627 ], [ 17.939038049993783, 68.506901426430019 ], [ 17.938914670970441, 68.506645846208258 ], [ 17.937624070959629, 68.505675548555445 ], [ 17.937814163604852, 68.505505509254149 ], [ 17.937495482502399, 68.505287642050732 ], [ 17.938011931898838, 68.505183886337591 ], [ 17.938424153893905, 68.504667018574224 ], [ 17.939590717367057, 68.504168712453165 ], [ 17.941680618567457, 68.503847851176019 ], [ 17.942031566493139, 68.503635305214772 ], [ 17.942014345121329, 68.503358653343412 ], [ 17.941560799321458, 68.503150251148512 ], [ 17.941452449605283, 68.502399752437711 ], [ 17.94103590679002, 68.501934215056608 ], [ 17.941978809496181, 68.501702400847094 ], [ 17.941447408957202, 68.501531094528644 ], [ 17.941461085551417, 68.501309291601942 ], [ 17.940920497041091, 68.501296506824914 ], [ 17.940676349842903, 68.501135782224694 ], [ 17.939183048425647, 68.501677798897319 ], [ 17.936339427653202, 68.501640791494609 ], [ 17.936426217087206, 68.501790541417648 ], [ 17.937622912916964, 68.50220894194797 ], [ 17.937412239597752, 68.502480158192043 ], [ 17.937609496583164, 68.502621060534707 ], [ 17.937325890851376, 68.502843459880836 ], [ 17.937836370184225, 68.503109767564382 ], [ 17.9350409281537, 68.504291381063823 ], [ 17.933625423706019, 68.504630439558923 ], [ 17.931856069600268, 68.504795404349366 ], [ 17.931440003059141, 68.505091657071731 ], [ 17.930516319092511, 68.505333845403925 ], [ 17.926651615563433, 68.505101289123544 ], [ 17.924721400071792, 68.504845433033296 ], [ 17.924077055467897, 68.504465074416331 ], [ 17.922973330301271, 68.504185095377537 ], [ 17.922723496024208, 68.503735914063881 ], [ 17.923531604980642, 68.503498925233046 ], [ 17.924971307354209, 68.503610372939207 ], [ 17.924309522689484, 68.503250069862062 ], [ 17.926137962701155, 68.503337493599474 ], [ 17.926203804460279, 68.503127980910079 ], [ 17.926820082802653, 68.503084372096552 ], [ 17.927950326957088, 68.502651958720918 ], [ 17.931568585469876, 68.502477083901923 ], [ 17.930101103904796, 68.501987423512674 ], [ 17.928172601695298, 68.501782661635133 ], [ 17.925486080149987, 68.501737700473797 ], [ 17.924988492611366, 68.501877267734756 ], [ 17.924093296463706, 68.50122056327254 ], [ 17.923361873049128, 68.501075850242643 ], [ 17.923291163081604, 68.500518603012338 ], [ 17.922347198054631, 68.500537206968971 ], [ 17.921821724004165, 68.49992064227078 ], [ 17.920719639824586, 68.499797008201313 ], [ 17.920535920818494, 68.499595165512389 ], [ 17.92000949749313, 68.499479546590365 ], [ 17.919189518943732, 68.498412952578576 ], [ 17.919210726854988, 68.498238244149022 ], [ 17.919044575996637, 68.498137986812921 ], [ 17.919182950569578, 68.497970485695788 ], [ 17.918326198189519, 68.497500711442271 ], [ 17.917192089762477, 68.497631850447149 ], [ 17.916844765120441, 68.497504219601851 ], [ 17.917107857907933, 68.497407985465017 ], [ 17.916002052790539, 68.49714829158161 ], [ 17.915095206901171, 68.497356619491399 ], [ 17.913897293651125, 68.497275993856078 ], [ 17.913232249970612, 68.496940665648609 ], [ 17.912974182530991, 68.497513948211662 ], [ 17.912446476142112, 68.497681651668088 ], [ 17.912960544023552, 68.4980889997248 ], [ 17.912414145517289, 68.498055039017544 ], [ 17.912039176844875, 68.498213714687751 ], [ 17.910731244185911, 68.49813219322462 ], [ 17.910143194558518, 68.498319878227065 ], [ 17.909703206717399, 68.498004690184231 ], [ 17.909136413367424, 68.497854188964681 ], [ 17.907051530150881, 68.497720849873204 ], [ 17.905375644428709, 68.497380926448656 ], [ 17.905137116611233, 68.497177864108977 ], [ 17.904263740194789, 68.497000429452456 ], [ 17.904150544290442, 68.496833797476469 ], [ 17.902083102835544, 68.497231008458968 ], [ 17.899452185502152, 68.496587154935995 ], [ 17.898789964031167, 68.496532979425439 ], [ 17.898399075719585, 68.496743517584832 ], [ 17.896901941725389, 68.496589841487932 ], [ 17.895527984238022, 68.495980858104815 ], [ 17.893598429467708, 68.495906167066295 ], [ 17.89256834977316, 68.495677065509639 ], [ 17.888770893762203, 68.495716219138828 ], [ 17.887395990835312, 68.495407563919457 ], [ 17.886944955735171, 68.495089100465094 ], [ 17.883043346687991, 68.49541350523802 ], [ 17.880778059412677, 68.495316520733311 ], [ 17.878301904443585, 68.495463351688443 ], [ 17.875044055031594, 68.495285921628636 ], [ 17.867220000784243, 68.496592988628976 ], [ 17.862322237901815, 68.496639126895474 ], [ 17.8585299658628, 68.497172493686634 ], [ 17.855650725705321, 68.497278546407713 ], [ 17.848627043270955, 68.497032181000279 ], [ 17.84167229194605, 68.497349449113699 ], [ 17.840495210203368, 68.497171269430922 ], [ 17.840162673145056, 68.496770518988384 ], [ 17.839283250848197, 68.496595010436593 ], [ 17.839555281581056, 68.496330076263604 ], [ 17.840448898521039, 68.496042855355014 ], [ 17.840196363030564, 68.495811130846903 ], [ 17.840348252321597, 68.495604604348131 ], [ 17.840173620843476, 68.495542838788552 ], [ 17.837722139856474, 68.495844935421772 ], [ 17.834940383537443, 68.495898354900973 ], [ 17.833457799707535, 68.495710031021318 ], [ 17.831846749394273, 68.495909507254282 ], [ 17.829274413748298, 68.495273738633728 ], [ 17.82696600403467, 68.49527137363765 ], [ 17.825009294369796, 68.494869152284465 ], [ 17.82306579455722, 68.494679615377933 ], [ 17.819583397579642, 68.4947793146561 ], [ 17.816137338337224, 68.493913244076055 ], [ 17.814138800227756, 68.494122826675152 ], [ 17.810791167687086, 68.494170621016281 ], [ 17.808937557392955, 68.494094407518602 ], [ 17.808111335927791, 68.493899177827615 ], [ 17.807359595451306, 68.494129717554429 ], [ 17.806514605487237, 68.494161275595985 ], [ 17.806638027299424, 68.49597877978934 ], [ 17.805764122836063, 68.496522396661348 ], [ 17.806197899790952, 68.496764331374877 ], [ 17.804834128065131, 68.497000878232882 ], [ 17.805477373420104, 68.49760528988071 ], [ 17.806133511070044, 68.497758047664576 ], [ 17.80577489810214, 68.497939899856178 ], [ 17.80608637168903, 68.498053988861642 ], [ 17.808289847536077, 68.497985780926172 ], [ 17.810367281609395, 68.498404845527958 ], [ 17.810770590697263, 68.498198984475749 ], [ 17.811745841583861, 68.498355529236733 ], [ 17.811872144780576, 68.498430521623803 ], [ 17.81053748548646, 68.49845513552701 ], [ 17.812467102200252, 68.498920458393272 ], [ 17.812751904132234, 68.499142164641412 ], [ 17.812164993351768, 68.499475076891684 ], [ 17.813559177069358, 68.499652684881283 ], [ 17.814913949663023, 68.500379419738849 ], [ 17.814976930068834, 68.500764720250558 ], [ 17.814215255317968, 68.501228939027641 ], [ 17.812760715400387, 68.501351360792995 ], [ 17.813032423697315, 68.501719068059643 ], [ 17.812262371153945, 68.501935930062388 ], [ 17.8125224650211, 68.50217313220945 ], [ 17.812420407242339, 68.502326280061254 ], [ 17.811067323147199, 68.502332532316416 ], [ 17.810938386029697, 68.502248337232146 ], [ 17.811098914908033, 68.501977064872548 ], [ 17.810689636759186, 68.501893797087206 ], [ 17.809260988511287, 68.50246063769562 ], [ 17.807906472057738, 68.502689509604451 ], [ 17.807129032185504, 68.502662664421834 ], [ 17.807428672199176, 68.502812856568454 ], [ 17.807202488969267, 68.502902997142144 ], [ 17.808043250413878, 68.50317905160081 ], [ 17.808448154049355, 68.503105128047764 ], [ 17.808403912380768, 68.503317987342939 ], [ 17.809427353970054, 68.503480563921173 ], [ 17.809890958845838, 68.503838778395476 ], [ 17.810388373856838, 68.503902349443251 ], [ 17.810419586734479, 68.5040586491113 ], [ 17.810208288797266, 68.504313535664963 ], [ 17.810204430355562, 68.504602918567727 ], [ 17.808526485256024, 68.505286223914041 ], [ 17.807323255226905, 68.505394692388137 ], [ 17.806962129439885, 68.505986192305443 ], [ 17.811561692967153, 68.506532696125106 ], [ 17.812758190946653, 68.5058141651445 ], [ 17.814039702814132, 68.505691597737496 ], [ 17.815317001022997, 68.505362716626564 ], [ 17.815039860937695, 68.505134601137328 ], [ 17.815712942242119, 68.505161905774671 ], [ 17.81553023714342, 68.505427810007205 ], [ 17.815736951186043, 68.505485741463517 ], [ 17.817596508224028, 68.50508432188164 ], [ 17.818054264158665, 68.504847547528271 ], [ 17.818748115571278, 68.504911834205913 ], [ 17.819829788667917, 68.504712596224095 ], [ 17.821570817030931, 68.504170751770872 ], [ 17.823590289004375, 68.504045570439814 ], [ 17.824551521918771, 68.504153806969143 ], [ 17.825700513797401, 68.503795046314679 ], [ 17.826605877546907, 68.50376596986122 ], [ 17.827522503165195, 68.504076828652572 ], [ 17.827952361301818, 68.504438708098661 ], [ 17.828455272617852, 68.504315147531827 ], [ 17.828542288235358, 68.504581727072107 ], [ 17.830202444277234, 68.504635955517003 ], [ 17.831733874730357, 68.505097912197897 ], [ 17.833748093520633, 68.504583642770669 ], [ 17.835694596311281, 68.504468075842084 ], [ 17.837863254373161, 68.504077538080509 ], [ 17.838489127584374, 68.504383293189875 ], [ 17.840931434055296, 68.504520142496276 ], [ 17.844879053206132, 68.504476316320364 ], [ 17.848088090141914, 68.504229761565938 ], [ 17.849311305478079, 68.503996417366864 ], [ 17.850276270399398, 68.503576962001759 ], [ 17.850274087600297, 68.503156610668711 ], [ 17.849474199982453, 68.502789848351583 ], [ 17.849762156329881, 68.502457569152853 ], [ 17.849782237273097, 68.502097164462413 ], [ 17.850670304597845, 68.501844635807075 ], [ 17.852970580512938, 68.501771236921599 ], [ 17.853750048468463, 68.50156407638211 ], [ 17.854463927002982, 68.501142222774675 ], [ 17.854286728310342, 68.500871172472998 ], [ 17.854495298535372, 68.500720760656336 ], [ 17.854419366391337, 68.500491884343063 ], [ 17.85516047834475, 68.500094160412843 ], [ 17.856753770171522, 68.499681920788987 ], [ 17.862383028004153, 68.499268254103427 ], [ 17.86804164494988, 68.499397182100651 ], [ 17.872807361525982, 68.498941370384713 ], [ 17.877020615532853, 68.498959820140826 ], [ 17.879048671383455, 68.498730935567522 ], [ 17.879158763374431, 68.49861755048012 ], [ 17.878856874085852, 68.498418593923148 ], [ 17.878980384268072, 68.498283792729026 ], [ 17.880525468369967, 68.497705083140715 ], [ 17.882391126530692, 68.497667643623771 ], [ 17.882578305032627, 68.497807431731047 ], [ 17.883960559687782, 68.497885738460425 ], [ 17.888113223333832, 68.497607805878673 ], [ 17.88948086237879, 68.498586904964412 ], [ 17.892715229894851, 68.499378236003125 ], [ 17.895517729401988, 68.499769579989447 ], [ 17.896111696976604, 68.499619191457782 ], [ 17.898300769867635, 68.499768463034457 ], [ 17.90119225314378, 68.50025495090776 ], [ 17.901550718329268, 68.50040109331448 ], [ 17.901482706439957, 68.500671585874812 ], [ 17.902873047107455, 68.500983905543038 ], [ 17.903166943868818, 68.501630564466907 ], [ 17.903516069277615, 68.501848413193215 ], [ 17.903636292625475, 68.501578721399198 ], [ 17.90436908892303, 68.501430747976755 ], [ 17.907365558499201, 68.501319766797579 ], [ 17.908834554102157, 68.501884372375855 ], [ 17.909560318551357, 68.502405302786698 ], [ 17.9104348058579, 68.502596968009328 ], [ 17.910629846587149, 68.502919368338922 ], [ 17.910383736887738, 68.503214411696007 ], [ 17.911291808547734, 68.503751473765931 ], [ 17.913177524522251, 68.50434912036205 ], [ 17.911892892667296, 68.504729796234287 ], [ 17.910905071561842, 68.50551413578377 ], [ 17.909063067235031, 68.505971608327712 ], [ 17.90907035478071, 68.506180023271256 ], [ 17.909792975341041, 68.506738085114449 ], [ 17.912074345302756, 68.50717519382269 ], [ 17.913033793024432, 68.507668715459943 ], [ 17.915226541951295, 68.508096998369126 ], [ 17.915653605646401, 68.508372541142592 ], [ 17.915961063040523, 68.508813637981845 ], [ 17.917612350307738, 68.509404094882868 ], [ 17.91726014009117, 68.509575221603015 ], [ 17.917269710923268, 68.509770400942088 ], [ 17.916649615963351, 68.510314341972403 ], [ 17.916977729313729, 68.51061754651279 ], [ 17.917882478837903, 68.510750569226929 ], [ 17.917549691121813, 68.51054763405304 ], [ 17.921688145688343, 68.509624664655135 ], [ 17.924234715804342, 68.50950076232111 ], [ 17.926838862805059, 68.509720815825133 ], [ 17.929146827198437, 68.510039005927354 ], [ 17.92939012957039, 68.510185577912765 ], [ 17.929029739523166, 68.51029878978386 ], [ 17.930261190137649, 68.510844747393321 ], [ 17.932120001256315, 68.511352982751731 ], [ 17.933449774473502, 68.512130522833289 ], [ 17.934189670060661, 68.512323886806186 ], [ 17.934748296375222, 68.512288891264774 ], [ 17.934839145668036, 68.511948316204098 ] ], [ [ 17.808408721634351, 68.49632938986781 ], [ 17.8080635564611, 68.49630823938007 ], [ 17.808601718139506, 68.496110717807454 ], [ 17.809153352472205, 68.496218175725787 ], [ 17.808408721634351, 68.49632938986781 ] ], [ [ 17.89337528273802, 68.496761410805661 ], [ 17.892918282261093, 68.496645499593143 ], [ 17.894108645698946, 68.496670116953766 ], [ 17.89337528273802, 68.496761410805661 ] ], [ [ 17.914143975449264, 68.497587079417656 ], [ 17.913902539268996, 68.497453114148897 ], [ 17.914733421336845, 68.497457976988471 ], [ 17.914143975449264, 68.497587079417656 ] ], [ [ 17.905267340604549, 68.49824102540687 ], [ 17.904821842230582, 68.497977540066501 ], [ 17.905365736416687, 68.497693685115223 ], [ 17.906076543636633, 68.497805525058553 ], [ 17.906364594434528, 68.497927471631371 ], [ 17.906094678975091, 68.498292315327305 ], [ 17.905267340604549, 68.49824102540687 ] ], [ [ 17.904298699092088, 68.499575298581348 ], [ 17.904519865309275, 68.499133649730354 ], [ 17.905076394576444, 68.498955329093391 ], [ 17.90551194171254, 68.499076697418104 ], [ 17.905405496213739, 68.499529198091395 ], [ 17.904878668099997, 68.499660772550712 ], [ 17.904298699092088, 68.499575298581348 ] ], [ [ 17.90512118785551, 68.49979769405769 ], [ 17.905205001931972, 68.499899390623014 ], [ 17.904608369923345, 68.500026786810622 ], [ 17.904066803097987, 68.49989558125769 ], [ 17.90512118785551, 68.49979769405769 ] ], [ [ 17.908128723201077, 68.500161759451316 ], [ 17.907870314765493, 68.499924482584348 ], [ 17.906870156904407, 68.499803031271327 ], [ 17.907974345889812, 68.499778414725156 ], [ 17.908744160505311, 68.500000000628603 ], [ 17.908658491355183, 68.500197369746374 ], [ 17.908128723201077, 68.500161759451316 ] ], [ [ 17.814169801833824, 68.502450263564171 ], [ 17.814598497429898, 68.502661564233179 ], [ 17.814620887077865, 68.502856790917093 ], [ 17.812790453159778, 68.503064692275714 ], [ 17.812149266326838, 68.502923556384161 ], [ 17.812170873573923, 68.502651110741439 ], [ 17.812368212887744, 68.502492685277417 ], [ 17.814169801833824, 68.502450263564171 ] ] ] ] } },
{ "type": "Feature", "properties": { "fid": 269113, "navn": "Sierggaljávri", "hoyde_moh": 273, "arealInnsjo_km2": 1.2726, "magasinKategori": 1, "fid_2": 1092, "id": 1092, "left": 17.486919847, "top": 68.946110046000001, "right": 17.986919847, "bottom": 68.446110046000001, "row_index": 11, "col_index": 27, "tile_id": 1092 }, "geometry": { "type": "MultiPolygon", "coordinates": [ [ [ [ 17.762512701346303, 68.515007374650452 ], [ 17.762679953443463, 68.514655619139361 ], [ 17.76198781583108, 68.514328331358215 ], [ 17.762666458677451, 68.514005680435162 ], [ 17.7628026125148, 68.513735942297387 ], [ 17.763862155542782, 68.513364915801333 ], [ 17.76669584600846, 68.513060242115799 ], [ 17.767541089655488, 68.51278922048381 ], [ 17.76949835672497, 68.512510169326973 ], [ 17.770307567459238, 68.512139550496755 ], [ 17.771736674727169, 68.511824846362742 ], [ 17.772095453910197, 68.511475032076319 ], [ 17.773182815858839, 68.511111293027952 ], [ 17.776323725472455, 68.510781715164129 ], [ 17.776594292189465, 68.5109988678647 ], [ 17.777212671825367, 68.51103235040236 ], [ 17.777889053491823, 68.510817119420253 ], [ 17.778226560573998, 68.511003180087926 ], [ 17.778693849388993, 68.510956844124522 ], [ 17.778978989150787, 68.510749522818671 ], [ 17.781804979263104, 68.510731962437603 ], [ 17.782711647223767, 68.51081217060613 ], [ 17.782928550629869, 68.511060185401192 ], [ 17.78320186849589, 68.51109667518844 ], [ 17.790745862157586, 68.510771924695902 ], [ 17.791494011529352, 68.510801401290564 ], [ 17.791674375607553, 68.510992743470538 ], [ 17.792234843244298, 68.511117887514231 ], [ 17.792027318307888, 68.511530043643816 ], [ 17.792664968083258, 68.511946269233619 ], [ 17.795695583198, 68.51199410148827 ], [ 17.796108546252963, 68.511562897750878 ], [ 17.798491686513518, 68.511641483876886 ], [ 17.798788584646537, 68.511842096682585 ], [ 17.798411876924174, 68.512314534049608 ], [ 17.79739021442014, 68.512613073815047 ], [ 17.795678056965588, 68.512783166253158 ], [ 17.79565385897471, 68.512973154891384 ], [ 17.796474309199432, 68.513442964494359 ], [ 17.79697888286983, 68.513331863638712 ], [ 17.797529969108041, 68.513587936582752 ], [ 17.798308821292366, 68.513644969191944 ], [ 17.798804490385887, 68.514190290803313 ], [ 17.799614050263425, 68.514460987462996 ], [ 17.79974027842411, 68.514266692553363 ], [ 17.799218946951122, 68.513980417441218 ], [ 17.799211657614453, 68.513465910160363 ], [ 17.799823295122401, 68.513420518856918 ], [ 17.799936761075628, 68.513652107483608 ], [ 17.800162003221232, 68.51370517138767 ], [ 17.801006751544303, 68.513647986760105 ], [ 17.801630840109063, 68.513247445502657 ], [ 17.801651319394551, 68.513041718531213 ], [ 17.802597895447363, 68.512771695244098 ], [ 17.802528519036866, 68.51249116730277 ], [ 17.802871208066563, 68.512277635094534 ], [ 17.802690827054519, 68.511917543170853 ], [ 17.802939878091095, 68.511762306830178 ], [ 17.803754068818829, 68.51172976478442 ], [ 17.805746187126523, 68.512264421314057 ], [ 17.808507637951053, 68.512234117516641 ], [ 17.807772842380373, 68.512104043573515 ], [ 17.806838805831696, 68.511287623051643 ], [ 17.807019906934329, 68.511147340748636 ], [ 17.806609424085519, 68.510766325595114 ], [ 17.806594230683348, 68.510484802645422 ], [ 17.807116706329158, 68.510313855008079 ], [ 17.806909403078084, 68.510206102078968 ], [ 17.807125667498408, 68.510023848938758 ], [ 17.807013292139565, 68.509795567428895 ], [ 17.807431763549403, 68.509530667185004 ], [ 17.807318876096875, 68.509016936768148 ], [ 17.807654208443775, 68.508809979617723 ], [ 17.806734776130916, 68.508253459299226 ], [ 17.807106663599413, 68.507576951144841 ], [ 17.805517430978504, 68.507157123456153 ], [ 17.805407725637995, 68.507064254200031 ], [ 17.805517522235697, 68.506962957043029 ], [ 17.805167401565729, 68.50685597472004 ], [ 17.804955629816856, 68.506865529613037 ], [ 17.804843307617336, 68.507206455217883 ], [ 17.803911040134121, 68.507101032382664 ], [ 17.804330402504682, 68.507379121732413 ], [ 17.804260647442586, 68.507473734426853 ], [ 17.80319349089579, 68.507508173714243 ], [ 17.801384307663589, 68.507250240510757 ], [ 17.801282066658192, 68.507199613827254 ], [ 17.801423146222952, 68.50708002360264 ], [ 17.800553131717585, 68.506693023597606 ], [ 17.799342210304538, 68.506663411534817 ], [ 17.799033867206514, 68.506401591416051 ], [ 17.799438635091143, 68.506223295101407 ], [ 17.799260353151336, 68.505924655523174 ], [ 17.798804081681407, 68.505725177202478 ], [ 17.797965624202558, 68.504806223533237 ], [ 17.797198186412842, 68.504441913696638 ], [ 17.796337722090733, 68.504316223273932 ], [ 17.79716117498452, 68.5039340062295 ], [ 17.797110970265731, 68.503809350391464 ], [ 17.796539900672325, 68.503664563169792 ], [ 17.796264858542894, 68.503866453471161 ], [ 17.795351188887011, 68.503893888208935 ], [ 17.795234832511369, 68.503847622660658 ], [ 17.795489006497871, 68.50374195193713 ], [ 17.794040249591607, 68.50333583920478 ], [ 17.79453064301299, 68.503131712006578 ], [ 17.795314347597024, 68.503141994261085 ], [ 17.795264450146206, 68.502922899146938 ], [ 17.795572031710901, 68.502853321789118 ], [ 17.797489983103837, 68.503204380820307 ], [ 17.797620153626184, 68.503000775027814 ], [ 17.797230472487492, 68.502603415711917 ], [ 17.797659485901338, 68.502372384958548 ], [ 17.796493926617742, 68.502307977808186 ], [ 17.796067249805194, 68.501761862344225 ], [ 17.796418562621025, 68.501644427087115 ], [ 17.797061204113103, 68.501887301882746 ], [ 17.797757544919083, 68.501866353962143 ], [ 17.797906004283814, 68.501761005921836 ], [ 17.797613974012389, 68.50146426246107 ], [ 17.797932083515892, 68.50135743140595 ], [ 17.797804843452198, 68.501266735526826 ], [ 17.799945089618976, 68.50073156578496 ], [ 17.797454987907408, 68.500993038798057 ], [ 17.79637864816775, 68.501450659295017 ], [ 17.794040139315509, 68.501990699503182 ], [ 17.793838923249346, 68.502314514944558 ], [ 17.793247759767119, 68.502473550240751 ], [ 17.791330436567016, 68.502253132930932 ], [ 17.791277358887982, 68.502130678016059 ], [ 17.791762271184894, 68.501714084781611 ], [ 17.791435873193237, 68.501338640535607 ], [ 17.789791446436038, 68.501448222305811 ], [ 17.789694868024977, 68.501209346322185 ], [ 17.789406523120615, 68.501125632478093 ], [ 17.788766972197369, 68.500540491999118 ], [ 17.789358200123509, 68.499999967208566 ], [ 17.788940974789472, 68.499423607893235 ], [ 17.788967829074888, 68.499223073832923 ], [ 17.788782498281915, 68.499067808766412 ], [ 17.788917209237869, 68.498799503684907 ], [ 17.788723868486503, 68.498583331174814 ], [ 17.789164640632293, 68.498308769902579 ], [ 17.788803605930198, 68.498121597597148 ], [ 17.787801512477621, 68.498334663499861 ], [ 17.787848844423422, 68.49854356913329 ], [ 17.788558916633445, 68.498594960425919 ], [ 17.787343500252103, 68.499046396261349 ], [ 17.786887207767286, 68.498745633708538 ], [ 17.78644565221521, 68.498740582036035 ], [ 17.786312240700774, 68.498520090163453 ], [ 17.7856379010728, 68.498431022900633 ], [ 17.785907858648283, 68.498042971466404 ], [ 17.785476716202972, 68.497929846433763 ], [ 17.786488021359322, 68.497846891149351 ], [ 17.786323212274777, 68.497752592627123 ], [ 17.786445050871915, 68.497645453158583 ], [ 17.786341669042862, 68.497565124988498 ], [ 17.784624421489497, 68.497318333860491 ], [ 17.784806446393233, 68.497163518386728 ], [ 17.78426026290073, 68.497037938157703 ], [ 17.783587005799777, 68.497308445315525 ], [ 17.782437615592375, 68.497402471118377 ], [ 17.782002154267794, 68.49713492323211 ], [ 17.782203537637269, 68.497069554962579 ], [ 17.782156477687309, 68.496953730538877 ], [ 17.781599655246048, 68.496866737917486 ], [ 17.782192336609693, 68.496835722750859 ], [ 17.782062456017421, 68.496726837597237 ], [ 17.78248965969728, 68.496619752221775 ], [ 17.781881818325431, 68.496692491519482 ], [ 17.781118440921812, 68.496446089265319 ], [ 17.781198867996999, 68.496354182497058 ], [ 17.780576189598989, 68.496260738521059 ], [ 17.780149491702392, 68.496385853404931 ], [ 17.780369743084247, 68.496559129394669 ], [ 17.779866696633324, 68.49663452252608 ], [ 17.779990777454486, 68.49651559168241 ], [ 17.779271818379467, 68.496242233719457 ], [ 17.778530353500862, 68.496247068620079 ], [ 17.777674956355931, 68.496365903692194 ], [ 17.778065440556635, 68.496509074457705 ], [ 17.777705738360943, 68.496683700605061 ], [ 17.777900254923065, 68.496874640700995 ], [ 17.777940150355636, 68.49731418755853 ], [ 17.776598277572941, 68.497327430704729 ], [ 17.776500052791128, 68.497487671392335 ], [ 17.77616503139388, 68.497310096569237 ], [ 17.775790373138147, 68.497331467795419 ], [ 17.777230002391267, 68.497880156952405 ], [ 17.777430640175446, 68.498252052267233 ], [ 17.775948472832944, 68.497990418514092 ], [ 17.775315125264122, 68.498176569291559 ], [ 17.77528674972076, 68.498576671952605 ], [ 17.776740194708871, 68.499764263898555 ], [ 17.777654485618179, 68.500091130784298 ], [ 17.778780901100745, 68.500799122342357 ], [ 17.778781823419383, 68.50106104142489 ], [ 17.780935430436152, 68.501904153001661 ], [ 17.780956415307763, 68.502245271722373 ], [ 17.780033790025524, 68.502821416391555 ], [ 17.780292765031533, 68.503533001163674 ], [ 17.779753689286714, 68.503716527376739 ], [ 17.779847285314904, 68.503884273423296 ], [ 17.779461528705692, 68.50389389650546 ], [ 17.779226318390432, 68.504112421419009 ], [ 17.779289340335385, 68.504447278125355 ], [ 17.778666699781297, 68.504590444018547 ], [ 17.778497429992949, 68.504827803368855 ], [ 17.778509928963167, 68.505269240080267 ], [ 17.777181380045171, 68.505671032413446 ], [ 17.777517781067964, 68.505767257059659 ], [ 17.777401408899838, 68.505847907380669 ], [ 17.777527219423543, 68.505935410034553 ], [ 17.777140281943389, 68.505997379758895 ], [ 17.776295193733382, 68.5064915181418 ], [ 17.778628223894923, 68.506557921842017 ], [ 17.781193040492166, 68.506266597187391 ], [ 17.782950283490873, 68.506459358551382 ], [ 17.7861156399739, 68.506478727164264 ], [ 17.787530743949869, 68.506732866845098 ], [ 17.787663215860551, 68.506931381499996 ], [ 17.787147968442905, 68.506988953352092 ], [ 17.787137573182875, 68.507124761623572 ], [ 17.786340424316617, 68.507490330756056 ], [ 17.786105584563938, 68.507810743204104 ], [ 17.784095792274101, 68.5084409528165 ], [ 17.783916210344778, 68.508683785196425 ], [ 17.784532754778297, 68.508768257164675 ], [ 17.783757472277678, 68.508976540057574 ], [ 17.783876608598582, 68.509158402750842 ], [ 17.782983148733837, 68.509355446897715 ], [ 17.774911723923232, 68.510537840695676 ], [ 17.769915236391686, 68.511763809593063 ], [ 17.768420064281333, 68.511480500407416 ], [ 17.768166425415412, 68.511344831648742 ], [ 17.768175680824854, 68.511007254755839 ], [ 17.767356490912498, 68.510745638405908 ], [ 17.766850291355247, 68.510876064896806 ], [ 17.766048399511867, 68.511450221359851 ], [ 17.765103312922189, 68.511681410059438 ], [ 17.764331088951561, 68.511489290558814 ], [ 17.763453047740935, 68.511496481038023 ], [ 17.762552715018973, 68.511901419292187 ], [ 17.760864944138561, 68.513036342965776 ], [ 17.760868213387045, 68.513349116499455 ], [ 17.761147886172083, 68.513697646785474 ], [ 17.761694214477764, 68.513952204571112 ], [ 17.76130775396987, 68.514395534405537 ], [ 17.760767016538864, 68.514532792593101 ], [ 17.761914882463323, 68.514742535684562 ], [ 17.761031551612479, 68.514853565874617 ], [ 17.75996521365261, 68.515452146212169 ], [ 17.760935387764253, 68.51543421489697 ], [ 17.762512701346303, 68.515007374650452 ] ], [ [ 17.781071847773795, 68.496764989725705 ], [ 17.780956410603512, 68.496658108427468 ], [ 17.781265170216898, 68.496687817464093 ], [ 17.781071847773795, 68.496764989725705 ] ], [ [ 17.782789100118251, 68.498292766588122 ], [ 17.782625720428609, 68.497993596549577 ], [ 17.782092423598577, 68.497871385975586 ], [ 17.782297418995814, 68.497688365290827 ], [ 17.783062919045292, 68.497766956362852 ], [ 17.783335685040171, 68.49764151625908 ], [ 17.784326684608775, 68.49773915975436 ], [ 17.784635138465422, 68.497916980811979 ], [ 17.78442532439345, 68.497993353556353 ], [ 17.784475227740629, 68.498090459124825 ], [ 17.783579738145409, 68.498336917486355 ], [ 17.782789100118251, 68.498292766588122 ] ], [ [ 17.787117187608441, 68.499847274630213 ], [ 17.786999398617898, 68.499483886176876 ], [ 17.787414976711293, 68.499163519432301 ], [ 17.787701559875448, 68.499159923665459 ], [ 17.788044909234625, 68.499516869769479 ], [ 17.787927904115374, 68.499633445158167 ], [ 17.788036792747768, 68.50000389305896 ], [ 17.787864974325174, 68.500116532078891 ], [ 17.787117187608441, 68.499847274630213 ] ], [ [ 17.789651398692623, 68.510054314590377 ], [ 17.789490731385659, 68.509950792905741 ], [ 17.790615006369734, 68.509953553405026 ], [ 17.789651398692623, 68.510054314590377 ] ], [ [ 17.785650910807739, 68.510577768895345 ], [ 17.787204867123247, 68.510293171552718 ], [ 17.787874034322517, 68.510390940899626 ], [ 17.785650910807739, 68.510577768895345 ] ], [ [ 17.766632848228479, 68.512285089123083 ], [ 17.766437188364947, 68.512105105799691 ], [ 17.767058625227403, 68.511919909754013 ], [ 17.767661428944475, 68.512009966689249 ], [ 17.767210347748676, 68.512282569138335 ], [ 17.766632848228479, 68.512285089123083 ] ] ] ] } },
{ "type": "Feature", "properties": { "fid": 269114, "navn": "Baikajávri", "hoyde_moh": 379, "arealInnsjo_km2": 0.3919, "magasinKategori": 1, "fid_2": 1092, "id": 1092, "left": 17.486919847, "top": 68.946110046000001, "right": 17.986919847, "bottom": 68.446110046000001, "row_index": 11, "col_index": 27, "tile_id": 1092 }, "geometry": { "type": "MultiPolygon", "coordinates": [ [ [ [ 17.884579100847954, 68.515355487015654 ], [ 17.884680788736254, 68.515269803371154 ], [ 17.88424628958704, 68.514867107995258 ], [ 17.884947802488647, 68.514694270399588 ], [ 17.886807118128218, 68.514982780066049 ], [ 17.887445955990636, 68.514712620786298 ], [ 17.888682627476744, 68.514540792506594 ], [ 17.889047284338467, 68.514619438831559 ], [ 17.889135004686732, 68.514791905251585 ], [ 17.890014157351896, 68.514795978959555 ], [ 17.889857107273919, 68.514598493567448 ], [ 17.890528746626011, 68.514641956439135 ], [ 17.889643196269944, 68.514305034235775 ], [ 17.890416296852138, 68.514406538013858 ], [ 17.890596371665154, 68.514283053147963 ], [ 17.891275822424113, 68.514572800612669 ], [ 17.892468610622903, 68.514694893258806 ], [ 17.895958475274163, 68.514396094666864 ], [ 17.895423227986065, 68.51419050695776 ], [ 17.894204528815024, 68.51306685299366 ], [ 17.893344844893829, 68.51264520886626 ], [ 17.893432509314191, 68.512526904678566 ], [ 17.893092816505821, 68.512302946651786 ], [ 17.893300334519193, 68.512254303501408 ], [ 17.893006083088281, 68.512119243518555 ], [ 17.893952717228487, 68.511913412974408 ], [ 17.895325966619819, 68.511943048464047 ], [ 17.895325894153483, 68.511822306959289 ], [ 17.893887979907351, 68.51178669483707 ], [ 17.89201048843676, 68.51129210513443 ], [ 17.890045228506374, 68.509842314864557 ], [ 17.889490676108043, 68.509758054662313 ], [ 17.889285881862161, 68.509560224391336 ], [ 17.888476257359947, 68.509501000445951 ], [ 17.888398264763733, 68.50932208253009 ], [ 17.887197659518645, 68.509035100551017 ], [ 17.886958632276741, 68.508839293221968 ], [ 17.885942313602019, 68.508884516493694 ], [ 17.885040828546192, 68.508602518733554 ], [ 17.884981413765772, 68.508461432879542 ], [ 17.884139056890781, 68.508329588242958 ], [ 17.883521617502591, 68.507890717816863 ], [ 17.883560078064477, 68.507511672394955 ], [ 17.88233111623077, 68.506823241103405 ], [ 17.881962057848373, 68.506806689555404 ], [ 17.880102763360796, 68.507208652734533 ], [ 17.880014710841756, 68.507491146600685 ], [ 17.879331903336318, 68.507855126223859 ], [ 17.880109252698436, 68.507997805499656 ], [ 17.880658093789449, 68.507901844205634 ], [ 17.881163872762563, 68.508335190864514 ], [ 17.88264808281442, 68.508440044631243 ], [ 17.883141424539836, 68.508842718532847 ], [ 17.882465872334311, 68.509140784304265 ], [ 17.88147966669916, 68.509067324542869 ], [ 17.880537223360239, 68.509198503212673 ], [ 17.879634174769297, 68.508775294774892 ], [ 17.879215754893771, 68.509024407360897 ], [ 17.879448902739611, 68.509245640994422 ], [ 17.878914584505438, 68.509311814051912 ], [ 17.87910424918676, 68.509570241113053 ], [ 17.880759553262195, 68.509367494840248 ], [ 17.882197176656639, 68.509498109668812 ], [ 17.882033678650973, 68.509749493455317 ], [ 17.879337678591092, 68.509818580863381 ], [ 17.8794244391622, 68.510009201227334 ], [ 17.878890504768304, 68.51015526321298 ], [ 17.877145983114548, 68.510098646619028 ], [ 17.877651964017154, 68.510280373184855 ], [ 17.879387750568032, 68.510306792154566 ], [ 17.879408350687221, 68.510443249131995 ], [ 17.878769644108932, 68.51047440664297 ], [ 17.878107136325706, 68.511050159191697 ], [ 17.878405949802108, 68.511216046638069 ], [ 17.87810777340141, 68.511362190782165 ], [ 17.878387306025395, 68.511403807439279 ], [ 17.878602126298023, 68.511634782731861 ], [ 17.878486461686883, 68.511760650293624 ], [ 17.879129431722589, 68.511941010617818 ], [ 17.879460876355214, 68.512205084290613 ], [ 17.879265363342551, 68.512595440254501 ], [ 17.878853985313583, 68.512810137572785 ], [ 17.879302163844599, 68.512970050065292 ], [ 17.879095975321217, 68.51323464066337 ], [ 17.879831135364444, 68.513325442033718 ], [ 17.879299627877693, 68.514045455892003 ], [ 17.879725246091439, 68.514197226496606 ], [ 17.878420837497366, 68.514546638828435 ], [ 17.879425643250052, 68.514647001223253 ], [ 17.879636827166305, 68.514847246789259 ], [ 17.879380411545856, 68.515021582141529 ], [ 17.879398341410955, 68.515267515319309 ], [ 17.880528434784889, 68.515604601807709 ], [ 17.884579100847954, 68.515355487015654 ] ] ] ] } },
{ "type": "Feature", "properties": { "fid": 269115, "navn": "Roggejávri", "hoyde_moh": 348, "arealInnsjo_km2": 1.4625, "magasinKategori": 1, "fid_2": 1092, "id": 1092, "left": 17.486919847, "top": 68.946110046000001, "right": 17.986919847, "bottom": 68.446110046000001, "row_index": 11, "col_index": 27, "tile_id": 1092 }, "geometry": { "type": "MultiPolygon", "coordinates": [ [ [ [ 17.706548907290049, 68.534488615497835 ], [ 17.706389814393766, 68.53435357576052 ], [ 17.706976742894735, 68.534392319093797 ], [ 17.707614975971719, 68.533934125190299 ], [ 17.707552769012675, 68.533636673189392 ], [ 17.709361507727891, 68.533575281668973 ], [ 17.709886067385057, 68.533344122092757 ], [ 17.710501182302266, 68.5324642326934 ], [ 17.710874662449179, 68.532285235285528 ], [ 17.710689837345633, 68.531587992665749 ], [ 17.711019899488207, 68.531410772614905 ], [ 17.710694067625894, 68.531024225094185 ], [ 17.711012580859453, 68.530744953501369 ], [ 17.710959074743407, 68.530092356743637 ], [ 17.711264207013006, 68.529905664581918 ], [ 17.710878303533324, 68.529555273785391 ], [ 17.711296659603757, 68.529234445839293 ], [ 17.711250773934704, 68.528793921188537 ], [ 17.712730566599031, 68.528689776352138 ], [ 17.713148501171702, 68.528553050200557 ], [ 17.713275213271086, 68.528290874931926 ], [ 17.710408755877655, 68.528060971180395 ], [ 17.709293207510896, 68.528341613947319 ], [ 17.709175340421673, 68.528304738829064 ], [ 17.709204520823185, 68.528050154717945 ], [ 17.707699300231521, 68.528058634699093 ], [ 17.706762606338593, 68.527643871225933 ], [ 17.706206263220388, 68.526962577432016 ], [ 17.70424236960114, 68.526833096319947 ], [ 17.703985387779223, 68.526579890804101 ], [ 17.703209740275721, 68.526461059703408 ], [ 17.703481509558472, 68.526343316570234 ], [ 17.703335128584659, 68.526111397949151 ], [ 17.703900120084246, 68.525985432304765 ], [ 17.7037856227821, 68.525806946787753 ], [ 17.703442762365679, 68.525738325075835 ], [ 17.703295768531738, 68.525378686883457 ], [ 17.706256766656519, 68.524987563622702 ], [ 17.707095079753984, 68.524510614181722 ], [ 17.707392416406336, 68.524106383837221 ], [ 17.707274830227842, 68.523631021135103 ], [ 17.707378405817639, 68.523498120504328 ], [ 17.709122125471463, 68.523440551467843 ], [ 17.709705073997853, 68.52365841900297 ], [ 17.712128156133033, 68.52381353785762 ], [ 17.712841255297302, 68.524039884408538 ], [ 17.713324107437483, 68.523942589952838 ], [ 17.714260892203853, 68.52433801637433 ], [ 17.715110175075555, 68.523976100465589 ], [ 17.717410491769009, 68.524138335456726 ], [ 17.720223269251409, 68.524657656984431 ], [ 17.72128627609246, 68.525279624208252 ], [ 17.721498234125868, 68.525578416339272 ], [ 17.722767202385416, 68.525736738662474 ], [ 17.723959461063064, 68.525681765402851 ], [ 17.72435462031115, 68.525497446301287 ], [ 17.72444299785364, 68.525170625660564 ], [ 17.72512655393972, 68.52488162994382 ], [ 17.727907646911664, 68.524418087441944 ], [ 17.731351330561591, 68.524489114676669 ], [ 17.733687842740551, 68.524845234698546 ], [ 17.736246712923464, 68.524976076104622 ], [ 17.739391669806523, 68.524809269309486 ], [ 17.740036885532838, 68.524657903285672 ], [ 17.740241506675417, 68.524434824725589 ], [ 17.740094108440129, 68.524028271483687 ], [ 17.739706260331801, 68.523664778595418 ], [ 17.738954558737714, 68.523447520272967 ], [ 17.739369550653237, 68.523300719869795 ], [ 17.739305417184692, 68.523141809220334 ], [ 17.7394381867372, 68.523037044143422 ], [ 17.739226929300948, 68.52299578929609 ], [ 17.737327874164496, 68.523211763722315 ], [ 17.736734297355774, 68.52311031453317 ], [ 17.736343544295956, 68.522833303457318 ], [ 17.730628409498433, 68.522229710649825 ], [ 17.725523258237669, 68.522244359033976 ], [ 17.722781176914268, 68.521842557355242 ], [ 17.722035225971151, 68.521875927339764 ], [ 17.719636050184445, 68.521310804346797 ], [ 17.712298951351631, 68.521507147530997 ], [ 17.710705425980144, 68.521694275511933 ], [ 17.711648055727839, 68.52108043551182 ], [ 17.711453310852974, 68.520473205089189 ], [ 17.71157093811788, 68.520345460010418 ], [ 17.711080985040994, 68.520211999411515 ], [ 17.711466463565163, 68.520114127499809 ], [ 17.710966692476731, 68.52002525698795 ], [ 17.711483849011159, 68.519849320516741 ], [ 17.711244661074844, 68.519538391363753 ], [ 17.710259465205588, 68.519606092481141 ], [ 17.710081685728579, 68.519510494717537 ], [ 17.710115324067459, 68.5192992823482 ], [ 17.709619296498808, 68.519363659619458 ], [ 17.70947449896277, 68.519163406054815 ], [ 17.708384153006612, 68.519568768925666 ], [ 17.708024893477887, 68.519371076627564 ], [ 17.706824663522518, 68.519232634548857 ], [ 17.706888151024561, 68.518786306838408 ], [ 17.707038203605951, 68.518700050390805 ], [ 17.707801539356545, 68.518773460552552 ], [ 17.707429512098884, 68.518983308408821 ], [ 17.707543222916065, 68.51913694037404 ], [ 17.708143168726473, 68.518914170090383 ], [ 17.70972511879479, 68.518776888723622 ], [ 17.708807489219286, 68.518446567718684 ], [ 17.709178555318665, 68.517902731100847 ], [ 17.709692111522976, 68.517695082321339 ], [ 17.711380154345257, 68.517931811689721 ], [ 17.711543512416409, 68.517194657066923 ], [ 17.711434412081768, 68.516918608561312 ], [ 17.712559202758239, 68.516619931342831 ], [ 17.712574213946258, 68.516290713732175 ], [ 17.712839494246104, 68.516073602374746 ], [ 17.712344904853854, 68.515821467372874 ], [ 17.712522997002281, 68.5155207614727 ], [ 17.713242889378844, 68.515191011656697 ], [ 17.712681821101796, 68.514548862590658 ], [ 17.710865413475336, 68.513957152882227 ], [ 17.710969649011574, 68.513604143907671 ], [ 17.711677464763742, 68.513392182517819 ], [ 17.710780942218268, 68.513274626762708 ], [ 17.710561072994796, 68.513036181805248 ], [ 17.709694437098008, 68.512828915249358 ], [ 17.709494312775941, 68.512618155771051 ], [ 17.707587942099277, 68.513447257213826 ], [ 17.705376140498437, 68.513125228046874 ], [ 17.70456797142651, 68.51321122921685 ], [ 17.704357983866789, 68.513687742413623 ], [ 17.704588132901719, 68.513885816159174 ], [ 17.704336808726985, 68.514042100351446 ], [ 17.702968689845001, 68.514412500860004 ], [ 17.702552832660992, 68.514284915532912 ], [ 17.702502203435039, 68.514469291467947 ], [ 17.702027188451446, 68.514620466788699 ], [ 17.703941418026321, 68.514618362227239 ], [ 17.705695432520486, 68.514848247574022 ], [ 17.705989756560616, 68.515291230052071 ], [ 17.706861564712703, 68.51571044848059 ], [ 17.706947406414585, 68.516054374491972 ], [ 17.707763037612306, 68.516421356308413 ], [ 17.708313750384271, 68.517216640297093 ], [ 17.708894094947464, 68.517526376045026 ], [ 17.70857893174465, 68.517801642611971 ], [ 17.708016342720743, 68.517645918462605 ], [ 17.707052732127998, 68.5177540947697 ], [ 17.707013442156285, 68.518030653546063 ], [ 17.707396064852873, 68.518223303233199 ], [ 17.707339204346063, 68.518308595618635 ], [ 17.7053146973868, 68.518345364437323 ], [ 17.705260034892234, 68.518618490033944 ], [ 17.705440875315031, 68.51882965518412 ], [ 17.705978174355799, 68.518823508105058 ], [ 17.706038171735006, 68.518952065896059 ], [ 17.705986558395573, 68.51924237674929 ], [ 17.70554609866317, 68.519516873864703 ], [ 17.705544824596988, 68.519667513109894 ], [ 17.705121721837813, 68.519833657140339 ], [ 17.707049740007218, 68.519995742990744 ], [ 17.707383426905015, 68.520280289600365 ], [ 17.707248629647147, 68.520510007464395 ], [ 17.707363284610043, 68.52064288961418 ], [ 17.708064769831878, 68.520863517570106 ], [ 17.709046857385172, 68.520899913373526 ], [ 17.709377791412575, 68.521095996550912 ], [ 17.708827626713735, 68.521354320553542 ], [ 17.70882357555158, 68.521587674798624 ], [ 17.708597805491443, 68.521690054609124 ], [ 17.705536149800771, 68.52191813675887 ], [ 17.703846748584553, 68.521553548070145 ], [ 17.701076004159781, 68.521331470919321 ], [ 17.700176508414991, 68.521174857073078 ], [ 17.700023523717263, 68.520858577915376 ], [ 17.699155288214758, 68.520580279503719 ], [ 17.700040430872114, 68.520308432885443 ], [ 17.698979375981054, 68.520223706760021 ], [ 17.698990912581621, 68.520047949756204 ], [ 17.696400980493937, 68.519976022620853 ], [ 17.695683648466879, 68.519728135654063 ], [ 17.69370596636098, 68.519428127860778 ], [ 17.691497637318257, 68.51927783536658 ], [ 17.687067106281027, 68.519949306212325 ], [ 17.683996293046992, 68.52061642634807 ], [ 17.682921645684683, 68.521050986332526 ], [ 17.681458708496933, 68.521161785048974 ], [ 17.685882587343194, 68.52124132498399 ], [ 17.68966874114065, 68.521550879042678 ], [ 17.691805848045885, 68.521876295436144 ], [ 17.693319038773883, 68.522286645475674 ], [ 17.694201880971132, 68.523175108975479 ], [ 17.694688119445733, 68.523195849310824 ], [ 17.694863836376179, 68.523682312048194 ], [ 17.694221712615672, 68.523746922298514 ], [ 17.693206316247561, 68.524119381417805 ], [ 17.693435760748859, 68.525160329525946 ], [ 17.694454055598225, 68.525326204847133 ], [ 17.693616116675368, 68.525716462547678 ], [ 17.693243877547808, 68.525731768672273 ], [ 17.693250426067831, 68.525561029614622 ], [ 17.692853786472693, 68.52554225840241 ], [ 17.692465987354993, 68.525242664679809 ], [ 17.692141971509365, 68.525267876617292 ], [ 17.691689187736475, 68.525650781560145 ], [ 17.691305913948948, 68.525739863503929 ], [ 17.690856643481769, 68.525528498311147 ], [ 17.689053845975685, 68.525236129003318 ], [ 17.685468216383942, 68.525547804256902 ], [ 17.682878038871294, 68.525221285882566 ], [ 17.682014983448564, 68.525266130630158 ], [ 17.680828663338822, 68.525719601277743 ], [ 17.681129866328487, 68.525937036540881 ], [ 17.681533072455601, 68.525658895856509 ], [ 17.681933531058224, 68.525604837731393 ], [ 17.683230010003534, 68.525832220286119 ], [ 17.686125855651255, 68.525662140782416 ], [ 17.68727064506022, 68.526157877632826 ], [ 17.6879581720105, 68.526011066421816 ], [ 17.68903540668158, 68.526165888169857 ], [ 17.689796398876151, 68.526565069376872 ], [ 17.689589865183954, 68.526868804152997 ], [ 17.68999241829934, 68.527051928846561 ], [ 17.689531691690959, 68.527182010706795 ], [ 17.689901251623805, 68.527704507896999 ], [ 17.692424364802083, 68.528727638940879 ], [ 17.695236734362098, 68.529637303598832 ], [ 17.69686073295631, 68.530784488372589 ], [ 17.697363010519478, 68.530802721638693 ], [ 17.696431411589536, 68.531236772446192 ], [ 17.697424722456983, 68.531482113647442 ], [ 17.69762509724444, 68.531925811892734 ], [ 17.698152296096694, 68.532111045906433 ], [ 17.698092207313266, 68.532546541054543 ], [ 17.698798735396547, 68.532753755966411 ], [ 17.699182905963099, 68.533354721707653 ], [ 17.699647693285442, 68.533489073086116 ], [ 17.700004066255445, 68.533792300018206 ], [ 17.699969354875108, 68.534230709385994 ], [ 17.702187510978732, 68.534372494852022 ], [ 17.702494746861049, 68.534320786520126 ], [ 17.702563009834979, 68.534129844565442 ], [ 17.704336303838137, 68.53431179103292 ], [ 17.704967352735959, 68.534160794914428 ], [ 17.705510125290729, 68.534360477279463 ], [ 17.70526478124664, 68.534484708401038 ], [ 17.706548907290049, 68.534488615497835 ] ], [ [ 17.703088904321486, 68.524296990222197 ], [ 17.70304618369784, 68.524443269812792 ], [ 17.703336402072207, 68.524577636624016 ], [ 17.703133027029295, 68.52473036251871 ], [ 17.703214213493528, 68.52487832745912 ], [ 17.702203437984213, 68.524689763956928 ], [ 17.702491088639903, 68.524279595687489 ], [ 17.703088904321486, 68.524296990222197 ] ], [ [ 17.701386535175619, 68.525125501943521 ], [ 17.702492431293408, 68.524963101389744 ], [ 17.70229445488518, 68.525122112249932 ], [ 17.701386535175619, 68.525125501943521 ] ], [ [ 17.696194351697052, 68.525498793255437 ], [ 17.695976202621427, 68.525555075105899 ], [ 17.694975959250623, 68.525462522384331 ], [ 17.695535939372029, 68.525005540105511 ], [ 17.696253186391314, 68.525267703090037 ], [ 17.696194351697052, 68.525498793255437 ] ], [ [ 17.701889018137539, 68.525606342879911 ], [ 17.701873121671809, 68.525424653932077 ], [ 17.703002463497938, 68.525514908213992 ], [ 17.701889018137539, 68.525606342879911 ] ], [ [ 17.701475217822203, 68.526035234794307 ], [ 17.701460092651839, 68.526001010076868 ], [ 17.701562642181845, 68.525707907541147 ], [ 17.702269120529294, 68.525656685473194 ], [ 17.702303156882746, 68.525891579818634 ], [ 17.701475217822203, 68.526035234794307 ] ], [ [ 17.699593900954721, 68.526068633870622 ], [ 17.69976036686349, 68.526212895344401 ], [ 17.699252717457906, 68.526167380017853 ], [ 17.699593900954721, 68.526068633870622 ] ], [ [ 17.701556816436032, 68.526691597724096 ], [ 17.701217840349216, 68.526367181053388 ], [ 17.702108229032611, 68.526047489393036 ], [ 17.703010321351066, 68.526389499368833 ], [ 17.702516896580669, 68.526709988154849 ], [ 17.701556816436032, 68.526691597724096 ] ], [ [ 17.702100001356481, 68.531566372077819 ], [ 17.702018937625461, 68.531358264911617 ], [ 17.702174869421317, 68.531275240855194 ], [ 17.702035841254681, 68.531090506468459 ], [ 17.702765842209285, 68.531138001866609 ], [ 17.702816883808634, 68.531406282727616 ], [ 17.702100001356481, 68.531566372077819 ] ], [ [ 17.701787008590529, 68.532947346927116 ], [ 17.702116456474283, 68.533260876450086 ], [ 17.701663295240504, 68.53337893087668 ], [ 17.701651410741853, 68.533114238727791 ], [ 17.701302683442123, 68.532874891390762 ], [ 17.701787008590529, 68.532947346927116 ] ], [ [ 17.709611039855449, 68.517340308779083 ], [ 17.709629877435198, 68.516816338459861 ], [ 17.710107134700422, 68.516956918802421 ], [ 17.710087589379231, 68.51738727989914 ], [ 17.709611039855449, 68.517340308779083 ] ], [ [ 17.714917689942983, 68.522507845352891 ], [ 17.714865954046587, 68.522354831041014 ], [ 17.715409606363604, 68.522331587257028 ], [ 17.714917689942983, 68.522507845352891 ] ], [ [ 17.715240409434699, 68.522728645412499 ], [ 17.714799101665683, 68.522719086431565 ], [ 17.715680937462775, 68.522617845844152 ], [ 17.715240409434699, 68.522728645412499 ] ], [ [ 17.703647826968815, 68.524884720144001 ], [ 17.703802961219395, 68.524707637447861 ], [ 17.70451857451835, 68.524532747512083 ], [ 17.704464429556047, 68.524308050885864 ], [ 17.705177139511775, 68.524129524468265 ], [ 17.70620844402811, 68.524066678094016 ], [ 17.706290873840061, 68.524316679849079 ], [ 17.706731010293087, 68.524418285348375 ], [ 17.705978073510018, 68.524708590631164 ], [ 17.703647826968815, 68.524884720144001 ] ], [ [ 17.703107139324185, 68.528700534283786 ], [ 17.702193650887317, 68.528411396477281 ], [ 17.701793555544494, 68.528145590342632 ], [ 17.701714140495326, 68.527548434301934 ], [ 17.702160705835215, 68.527241448384288 ], [ 17.702518715621313, 68.527311624358077 ], [ 17.702303618680251, 68.527624311338016 ], [ 17.703370055888108, 68.527914307058396 ], [ 17.70356019284603, 68.528049297870155 ], [ 17.703534489900367, 68.528237401249982 ], [ 17.703999453709311, 68.52845557321649 ], [ 17.703843147846264, 68.528657807558204 ], [ 17.703107139324185, 68.528700534283786 ] ], [ [ 17.707690872301967, 68.5304909316162 ], [ 17.707694513642569, 68.53038459602638 ], [ 17.70806394482981, 68.530200553578723 ], [ 17.707957939332545, 68.530456196506947 ], [ 17.707690872301967, 68.5304909316162 ] ], [ [ 17.703001376033018, 68.532237638391592 ], [ 17.702419324723778, 68.531952949315396 ], [ 17.702930564326547, 68.531628854699107 ], [ 17.703559041767623, 68.531614250744056 ], [ 17.70402033024039, 68.531772612333924 ], [ 17.703909073809349, 68.532046198856804 ], [ 17.703001376033018, 68.532237638391592 ] ], [ [ 17.706753472934235, 68.533606740343757 ], [ 17.705647798247345, 68.533478335102529 ], [ 17.705571634489104, 68.53331341489006 ], [ 17.705965256255016, 68.533211927257483 ], [ 17.705724837080094, 68.533007645344554 ], [ 17.706075928652705, 68.532576522882763 ], [ 17.708368329172487, 68.532680496122524 ], [ 17.70809178885651, 68.532993463480693 ], [ 17.707352546863628, 68.533024679961969 ], [ 17.707041948961415, 68.533233802482883 ], [ 17.707380481356719, 68.533399968535818 ], [ 17.708105642994241, 68.533222938183627 ], [ 17.70846762891405, 68.533366014481317 ], [ 17.706753472934235, 68.533606740343757 ] ] ] ] } },
{ "type": "Feature", "properties": { "fid": 269125, "navn": "Bjørnarvatnet", "hoyde_moh": 199, "arealInnsjo_km2": 0.0852, "magasinKategori": 1, "fid_2": 1092, "id": 1092, "left": 17.486919847, "top": 68.946110046000001, "right": 17.986919847, "bottom": 68.446110046000001, "row_index": 11, "col_index": 27, "tile_id": 1092 }, "geometry": { "type": "MultiPolygon", "coordinates": [ [ [ [ 17.700671103856674, 68.647483251069531 ], [ 17.700931752686682, 68.647171202583181 ], [ 17.700645436287555, 68.64660222354685 ], [ 17.699595996978918, 68.645909384262993 ], [ 17.699512424805743, 68.645608232407241 ], [ 17.699598835501966, 68.645127623572492 ], [ 17.700217773407047, 68.644138978293242 ], [ 17.700013716513244, 68.643553243157655 ], [ 17.700288120652228, 68.643079766727141 ], [ 17.699309765075441, 68.642472676851042 ], [ 17.697414017961549, 68.642307781613354 ], [ 17.696245376605241, 68.642488125564356 ], [ 17.695531454691697, 68.643603307417322 ], [ 17.695447349880329, 68.644597119724651 ], [ 17.69569646437796, 68.644839796879651 ], [ 17.695701251716809, 68.645080185443135 ], [ 17.695219064292544, 68.645397650371734 ], [ 17.695318978716109, 68.645683642390637 ], [ 17.698258440609219, 68.646702896805635 ], [ 17.698804816214334, 68.647077877313237 ], [ 17.700000000921175, 68.647514459517055 ], [ 17.700671103856674, 68.647483251069531 ] ] ] ] } },
{ "type": "Feature", "properties": { "fid": 269135, "navn": "Rotvikvatnet", "hoyde_moh": 7, "arealInnsjo_km2": 0.2336, "magasinKategori": 1, "fid_2": 1092, "id": 1092, "left": 17.486919847, "top": 68.946110046000001, "right": 17.986919847, "bottom": 68.446110046000001, "row_index": 11, "col_index": 27, "tile_id": 1092 }, "geometry": { "type": "MultiPolygon", "coordinates": [ [ [ [ 17.687484091037415, 68.89213956433241 ], [ 17.687928669154093, 68.891947557890475 ], [ 17.687979310445332, 68.891780259593489 ], [ 17.687669671462494, 68.891287446256499 ], [ 17.687602454861477, 68.889877440997637 ], [ 17.687178219845535, 68.888223547452597 ], [ 17.687507645676963, 68.887543286501895 ], [ 17.687296316948615, 68.886401864460112 ], [ 17.687038730324844, 68.886328739742908 ], [ 17.687041331055788, 68.886054940503925 ], [ 17.686648823426427, 68.885834230644207 ], [ 17.684162698311621, 68.885192915471904 ], [ 17.683487561738556, 68.884790500139857 ], [ 17.681671923336658, 68.884937233080308 ], [ 17.68111232798422, 68.884851085668586 ], [ 17.680442178850544, 68.88514078220237 ], [ 17.679941016243443, 68.886159958452282 ], [ 17.680331068329327, 68.886971318814176 ], [ 17.680282726935939, 68.887406680457147 ], [ 17.679460644357931, 68.888210554608818 ], [ 17.680769318079243, 68.889472751107206 ], [ 17.680655338887675, 68.889908877025618 ], [ 17.679325710899846, 68.891216463734395 ], [ 17.679366738177823, 68.891384559995572 ], [ 17.680217072935513, 68.891883685412921 ], [ 17.681598255335167, 68.892172405828944 ], [ 17.685547094436348, 68.892370373531364 ], [ 17.687484091037415, 68.89213956433241 ] ] ] ] } },
{ "type": "Feature", "properties": { "fid": 269163, "navn": "Storvatnet", "hoyde_moh": 268, "arealInnsjo_km2": 1.9288, "magasinKategori": 1, "fid_2": 1092, "id": 1092, "left": 17.486919847, "top": 68.946110046000001, "right": 17.986919847, "bottom": 68.446110046000001, "row_index": 11, "col_index": 27, "tile_id": 1092 }, "geometry": { "type": "MultiPolygon", "coordinates": [ [ [ [ 17.633972372874272, 68.626402805908796 ], [ 17.63454968088034, 68.626009447559596 ], [ 17.632422897384522, 68.624100625364179 ], [ 17.632386453407605, 68.623714615259829 ], [ 17.632113109150684, 68.623400070958425 ], [ 17.628116592433106, 68.622105959560372 ], [ 17.627234644834171, 68.621641761276493 ], [ 17.626480835585109, 68.620956378213222 ], [ 17.626020423448995, 68.620179626703617 ], [ 17.624860389861052, 68.619240275916624 ], [ 17.623861258019556, 68.618115311393566 ], [ 17.622041758236673, 68.616485489984683 ], [ 17.620364619430081, 68.615291175645254 ], [ 17.619183638904357, 68.614227088259241 ], [ 17.618276632046413, 68.613760905205638 ], [ 17.617905731081695, 68.613127969724985 ], [ 17.617920413758839, 68.612709930256926 ], [ 17.619890702039068, 68.6134816255462 ], [ 17.620595820937876, 68.614192023965842 ], [ 17.621796945347647, 68.614070207496397 ], [ 17.622285151893063, 68.613656016514554 ], [ 17.623533737402195, 68.613814293918267 ], [ 17.61963011489836, 68.6108593425989 ], [ 17.618770565414479, 68.61035625425707 ], [ 17.617897927877326, 68.610160149397601 ], [ 17.617541147900766, 68.609584437812842 ], [ 17.618195356212503, 68.609598684169399 ], [ 17.619099694577937, 68.609959175155694 ], [ 17.61998250731817, 68.610050729906519 ], [ 17.620810027521216, 68.610544706754084 ], [ 17.621739652971172, 68.610718907325449 ], [ 17.622434853537985, 68.611136310317889 ], [ 17.62403809601939, 68.611216538157294 ], [ 17.625552644529396, 68.611494877988719 ], [ 17.626008682523885, 68.611817712112881 ], [ 17.62689273885109, 68.612078671659688 ], [ 17.62710607226651, 68.612327738472985 ], [ 17.628561204267257, 68.612238441343052 ], [ 17.629038913189287, 68.612441374926092 ], [ 17.629144140481898, 68.612709898228317 ], [ 17.629547469938725, 68.612716528131131 ], [ 17.629820479868599, 68.612962506343536 ], [ 17.630369150583181, 68.612927193309034 ], [ 17.630464121226456, 68.613099657676671 ], [ 17.631144432851944, 68.61313839982023 ], [ 17.631544533364657, 68.613444591582706 ], [ 17.631675414953321, 68.614002894489872 ], [ 17.632293501148034, 68.613902943822396 ], [ 17.63239645649303, 68.614254435828485 ], [ 17.633911594177093, 68.614579099276099 ], [ 17.634010513004551, 68.614942052793296 ], [ 17.63514002757751, 68.615668290262647 ], [ 17.637950549108513, 68.616608847787987 ], [ 17.639359764802677, 68.617588730322694 ], [ 17.641469705587213, 68.618489763471445 ], [ 17.644111769165566, 68.620124531998258 ], [ 17.644811440392225, 68.620252405779112 ], [ 17.645809665159497, 68.62008747017849 ], [ 17.645496544389015, 68.619580772524614 ], [ 17.644548241953085, 68.619282137362362 ], [ 17.645100952579305, 68.619117195704874 ], [ 17.645171478524318, 68.618872488738845 ], [ 17.645453649500546, 68.618808101474045 ], [ 17.64691069382868, 68.619463782009802 ], [ 17.648258932725795, 68.619709625487801 ], [ 17.649146017318493, 68.619807967921844 ], [ 17.650237707920528, 68.619680849573172 ], [ 17.650583470814066, 68.620044402467983 ], [ 17.653177660487483, 68.620324818452303 ], [ 17.653988745249723, 68.620564264090746 ], [ 17.655486945089343, 68.620411052261829 ], [ 17.655660329019717, 68.620256899338571 ], [ 17.655629201633726, 68.619941982660507 ], [ 17.656688826199506, 68.619654392482147 ], [ 17.656256908692438, 68.619249574237728 ], [ 17.656741381308905, 68.618885061148703 ], [ 17.657039557303527, 68.618254032446771 ], [ 17.656803609916675, 68.61807904590664 ], [ 17.656849294973689, 68.617876999704578 ], [ 17.656447993722292, 68.617695195426137 ], [ 17.656610623238269, 68.61745459478216 ], [ 17.656282637860233, 68.617191839943445 ], [ 17.656316932216654, 68.616953801256315 ], [ 17.65657125347041, 68.616916401864813 ], [ 17.657464317155835, 68.617344104855533 ], [ 17.658104899281714, 68.618206532845079 ], [ 17.658589681064797, 68.618104549505802 ], [ 17.658442869918623, 68.618017646900398 ], [ 17.658692728744235, 68.617813814662014 ], [ 17.658354859440092, 68.617586224848438 ], [ 17.658434796256046, 68.617347465338995 ], [ 17.657565905932874, 68.617094951537069 ], [ 17.657666010082476, 68.616752294268522 ], [ 17.657313258685587, 68.616446579193152 ], [ 17.657624366541135, 68.616043508173249 ], [ 17.65866306456909, 68.615969227357112 ], [ 17.658497511034874, 68.616209786832798 ], [ 17.658580289242032, 68.61633135871277 ], [ 17.659868488925454, 68.616081516998079 ], [ 17.661377005660032, 68.616119717943576 ], [ 17.661537003987281, 68.616031651496712 ], [ 17.661461981705354, 68.615828368630076 ], [ 17.661092921889317, 68.615708986171313 ], [ 17.660523299805355, 68.615787723722846 ], [ 17.660436457166583, 68.615555186686706 ], [ 17.660956431164795, 68.615576325927378 ], [ 17.661673944974062, 68.615085686177125 ], [ 17.661271887971068, 68.614466067519359 ], [ 17.660539948975927, 68.614276929731204 ], [ 17.660456220955599, 68.614002157475582 ], [ 17.659812175771947, 68.613714062282796 ], [ 17.659337989962737, 68.613126365575312 ], [ 17.658138795313974, 68.612674961831289 ], [ 17.657114791306391, 68.612516896890909 ], [ 17.655959147120015, 68.61282351104262 ], [ 17.655069380565244, 68.612548697244762 ], [ 17.654314081685861, 68.612857606379478 ], [ 17.653549904916861, 68.612719301444073 ], [ 17.653564426156809, 68.613072985635185 ], [ 17.653370992806295, 68.613148735718283 ], [ 17.652452749576728, 68.612840877432177 ], [ 17.652356267236669, 68.612565495507909 ], [ 17.652650044340874, 68.612398319582738 ], [ 17.650318825667107, 68.611125903828778 ], [ 17.649444646206891, 68.610871550746538 ], [ 17.648026792444277, 68.610112510189509 ], [ 17.64771993230805, 68.609587229016086 ], [ 17.648207355593488, 68.609367111858916 ], [ 17.648723163269551, 68.609398046061216 ], [ 17.648800913388026, 68.609158877515426 ], [ 17.648266719107159, 68.608744880454964 ], [ 17.646734005514631, 68.608161226994852 ], [ 17.646449596503089, 68.607867613052463 ], [ 17.645850503060078, 68.607832685050909 ], [ 17.645658702501098, 68.60747568293398 ], [ 17.646373075098843, 68.607337364539902 ], [ 17.645670770843086, 68.607242215191249 ], [ 17.645434147189022, 68.606859438695963 ], [ 17.644031991540647, 68.606816920784922 ], [ 17.642978299629302, 68.60646195540113 ], [ 17.641954276250576, 68.606465365793923 ], [ 17.641710234228341, 68.606610201461166 ], [ 17.641869406230093, 68.606926610395263 ], [ 17.643211496204444, 68.60730254805695 ], [ 17.643538275082893, 68.607749703990606 ], [ 17.643092423218498, 68.608061963681351 ], [ 17.643638388848888, 68.60847040553395 ], [ 17.643597395667943, 68.608702711158045 ], [ 17.644708945327789, 68.608836143411551 ], [ 17.644727818250423, 68.608954595377213 ], [ 17.644403518563092, 68.609098630495268 ], [ 17.642816706947169, 68.608556002748173 ], [ 17.642245283318683, 68.608041865334059 ], [ 17.639884836375153, 68.606992732436552 ], [ 17.640072991069871, 68.606853353245299 ], [ 17.641010711326317, 68.6068559751549 ], [ 17.640657225484222, 68.606519814027394 ], [ 17.639618025790522, 68.606220609399671 ], [ 17.637309182525687, 68.605974315034047 ], [ 17.636200472301585, 68.606252863600645 ], [ 17.636611201534905, 68.606802834416669 ], [ 17.637072648172218, 68.606947208854876 ], [ 17.637104772850126, 68.607342083022672 ], [ 17.63669890586014, 68.607405163163946 ], [ 17.635199428655252, 68.607099134254426 ], [ 17.634997342873959, 68.607155700905309 ], [ 17.635029631505262, 68.607303024450189 ], [ 17.636531272897336, 68.60821981349747 ], [ 17.636576964288516, 68.60840579161777 ], [ 17.636250175792533, 68.608537373278381 ], [ 17.636367973481299, 68.608677883226193 ], [ 17.638643274592457, 68.609073715227296 ], [ 17.638356919186847, 68.609252238557389 ], [ 17.637799017945646, 68.60928556936544 ], [ 17.637525308765699, 68.609523670911713 ], [ 17.637800190698293, 68.610193168325026 ], [ 17.638387834742559, 68.610739019345189 ], [ 17.638412745909289, 68.610886099076922 ], [ 17.637598434026799, 68.611688169334798 ], [ 17.638061387859054, 68.611953241247633 ], [ 17.637883102207951, 68.612187514931776 ], [ 17.637957024615002, 68.612531919715849 ], [ 17.638566892693554, 68.613075896997231 ], [ 17.638486199464484, 68.6133998353001 ], [ 17.638623959959212, 68.613783002249875 ], [ 17.639750275134091, 68.614702865026359 ], [ 17.639629945583327, 68.614997087290647 ], [ 17.640042751239378, 68.615292919251061 ], [ 17.640538111900291, 68.615276539815198 ], [ 17.642300321539949, 68.615891121170293 ], [ 17.642332653577256, 68.616291018517259 ], [ 17.642817158374076, 68.616604120121252 ], [ 17.643047760826459, 68.617064724444646 ], [ 17.642719036507845, 68.617487608091309 ], [ 17.642940543374401, 68.618096453763883 ], [ 17.64363795790339, 68.618303891342705 ], [ 17.643987754331636, 68.618529526518842 ], [ 17.64406230247182, 68.618876164038127 ], [ 17.644621652201927, 68.619124449491252 ], [ 17.643784552443158, 68.619203556428872 ], [ 17.643125209940905, 68.618954144081826 ], [ 17.642074272505742, 68.618082124772442 ], [ 17.642404816810501, 68.618019138251867 ], [ 17.64235109209481, 68.617748825965919 ], [ 17.641891269582931, 68.617114904706781 ], [ 17.641901536315981, 68.616742523040429 ], [ 17.641438338755307, 68.616374243621678 ], [ 17.636457415475533, 68.61461009758321 ], [ 17.636458588874806, 68.614130241775612 ], [ 17.635457307906886, 68.61354705372527 ], [ 17.635495058752905, 68.613342895869167 ], [ 17.634700853298085, 68.612968827792628 ], [ 17.634470591131482, 68.613112628014875 ], [ 17.632720092184694, 68.611657041279258 ], [ 17.630493656262448, 68.610953488290576 ], [ 17.628638151387655, 68.609743909767019 ], [ 17.625219992841071, 68.608026333485427 ], [ 17.625210699193627, 68.607862763736406 ], [ 17.625392002206681, 68.607830049204253 ], [ 17.625825150744699, 68.608027222492936 ], [ 17.627020392878428, 68.608167004396776 ], [ 17.6281709228582, 68.60867655218216 ], [ 17.629112519719371, 68.608602529193092 ], [ 17.629301457194753, 68.608263443750644 ], [ 17.629938473455411, 68.608229803215664 ], [ 17.629338200528785, 68.608020887942757 ], [ 17.629645512581273, 68.607613624350023 ], [ 17.629086148010618, 68.607273115705667 ], [ 17.629525863011168, 68.607026602912711 ], [ 17.630589495172828, 68.607314895684311 ], [ 17.630943063737316, 68.607191433715116 ], [ 17.630927567953627, 68.607052912802956 ], [ 17.630482951840555, 68.60659653624522 ], [ 17.629542046942287, 68.606318893069911 ], [ 17.62899059247426, 68.605772719714295 ], [ 17.627186663471498, 68.605211710445815 ], [ 17.625166542458206, 68.605353250962452 ], [ 17.623764567821802, 68.604940769552343 ], [ 17.621187485311644, 68.604737570359518 ], [ 17.620257748962331, 68.604977324401773 ], [ 17.620408741812771, 68.60524531899452 ], [ 17.620074820629704, 68.605528935810426 ], [ 17.619109509575267, 68.605558939166698 ], [ 17.618486911519707, 68.606084534401504 ], [ 17.616788479030891, 68.606344295053177 ], [ 17.617616498539142, 68.607673002647445 ], [ 17.617545655766385, 68.607993184052731 ], [ 17.617316773869629, 68.608098702875054 ], [ 17.617587920108488, 68.608811096542823 ], [ 17.617341018110334, 68.609015177459455 ], [ 17.617336312795658, 68.609527305036423 ], [ 17.617028401590151, 68.60992943606486 ], [ 17.616481348308504, 68.610037203540074 ], [ 17.616138345518667, 68.610349404326456 ], [ 17.615632733573715, 68.610506967719175 ], [ 17.615742283829533, 68.610866800966789 ], [ 17.615522259692145, 68.611143611857045 ], [ 17.615809721742142, 68.611753523332126 ], [ 17.61663705186837, 68.612007786698243 ], [ 17.616689668465625, 68.612170144612364 ], [ 17.616259539096699, 68.612211919401986 ], [ 17.615387405106979, 68.611908715070513 ], [ 17.611715550974353, 68.612296607352263 ], [ 17.611192076947091, 68.613100220766967 ], [ 17.611520812444816, 68.614636219279348 ], [ 17.611926204295333, 68.614918138525923 ], [ 17.611949143445422, 68.616040708309868 ], [ 17.613021639985966, 68.616371790157004 ], [ 17.613439022002474, 68.616663303738576 ], [ 17.615220098301808, 68.616753248027479 ], [ 17.617872568004657, 68.617797917857786 ], [ 17.619575233585824, 68.618127515886712 ], [ 17.620221041681368, 68.618585818747803 ], [ 17.621880025202273, 68.618812316535255 ], [ 17.622804773403391, 68.619507802293612 ], [ 17.622995024454649, 68.620036822398546 ], [ 17.623656865626351, 68.620330342041896 ], [ 17.623734734058537, 68.620634388557136 ], [ 17.623482822505839, 68.621004513382317 ], [ 17.622236054767267, 68.621913305754532 ], [ 17.620436610724457, 68.622030063256588 ], [ 17.619044656020797, 68.621831710662406 ], [ 17.618187211122756, 68.621504053464363 ], [ 17.615709767192378, 68.619886272032531 ], [ 17.614720650112346, 68.618822406368466 ], [ 17.613756584301182, 68.618076239585903 ], [ 17.613376905701202, 68.617392809413545 ], [ 17.612300664204586, 68.617049041993141 ], [ 17.611846162807428, 68.617222493620602 ], [ 17.612348035487067, 68.617591146120617 ], [ 17.612312514462587, 68.617978989848993 ], [ 17.612650523757523, 68.618245617383025 ], [ 17.61257383455921, 68.61846787313489 ], [ 17.613585588621831, 68.618943682392853 ], [ 17.613717855542365, 68.619331616811522 ], [ 17.613772406127634, 68.619979341094279 ], [ 17.613341220445754, 68.620302684438983 ], [ 17.61358782292788, 68.62065635449926 ], [ 17.61355825670617, 68.621593497101983 ], [ 17.613264623396972, 68.622008231275913 ], [ 17.613341652225309, 68.622348465077508 ], [ 17.615113149774281, 68.623388533418378 ], [ 17.615286390392615, 68.623749712615094 ], [ 17.617249550940702, 68.624433779497309 ], [ 17.620455126220488, 68.624639952961346 ], [ 17.621104302423504, 68.62479473932261 ], [ 17.621004714060884, 68.625037371151976 ], [ 17.621226958048759, 68.625107424682142 ], [ 17.624678840294543, 68.625625808192154 ], [ 17.626589903286458, 68.626144714766909 ], [ 17.630076166280272, 68.626261336532181 ], [ 17.63228607578468, 68.626609917670791 ], [ 17.633972372874272, 68.626402805908796 ] ], [ [ 17.621215444882292, 68.60647839421415 ], [ 17.620878738879497, 68.606258078163734 ], [ 17.621446155309979, 68.606121435652213 ], [ 17.622171622897298, 68.606637187864465 ], [ 17.621215444882292, 68.60647839421415 ] ], [ [ 17.639333964011016, 68.60669430843167 ], [ 17.638939404675792, 68.606479061478453 ], [ 17.639441876950496, 68.606478817196347 ], [ 17.639857161868171, 68.606707201683818 ], [ 17.639333964011016, 68.60669430843167 ] ], [ [ 17.628188361545991, 68.611246800732047 ], [ 17.628278012373574, 68.611479036741713 ], [ 17.627988233956572, 68.61146336249297 ], [ 17.627987095303975, 68.611266725019689 ], [ 17.628188361545991, 68.611246800732047 ] ], [ [ 17.629281251628772, 68.611695131314718 ], [ 17.629378081230627, 68.611946552397896 ], [ 17.628988294346456, 68.611811898420811 ], [ 17.628960485963734, 68.611708843753732 ], [ 17.629281251628772, 68.611695131314718 ] ], [ [ 17.631616510070486, 68.612611338434334 ], [ 17.632056528369521, 68.612855332697393 ], [ 17.632765411491413, 68.612884017936295 ], [ 17.632884018000745, 68.613050277656754 ], [ 17.632657160233933, 68.613393011431185 ], [ 17.632476340447219, 68.613411275020212 ], [ 17.631631054766014, 68.613024797129242 ], [ 17.631158395386048, 68.613085494934893 ], [ 17.630636766507553, 68.61260464996154 ], [ 17.631616510070486, 68.612611338434334 ] ], [ [ 17.644916100719005, 68.614846956677312 ], [ 17.64446625588463, 68.614942697776755 ], [ 17.644081862100794, 68.614402112181864 ], [ 17.64287266448148, 68.614024450256125 ], [ 17.642169043771439, 68.614114023636148 ], [ 17.641756511416318, 68.613559424099336 ], [ 17.64237852061958, 68.613505778359539 ], [ 17.643246726560339, 68.612988892824916 ], [ 17.643753331396628, 68.613072585093676 ], [ 17.643910608391071, 68.61315098772215 ], [ 17.644118177903117, 68.613929690958912 ], [ 17.644883253014012, 68.614188477950321 ], [ 17.644916100719005, 68.614846956677312 ] ], [ [ 17.659795528336215, 68.614681642691565 ], [ 17.659919602932899, 68.61481755150669 ], [ 17.659361105164852, 68.61502320646305 ], [ 17.658482864454658, 68.614651648004767 ], [ 17.658563837685815, 68.614523453126736 ], [ 17.659795528336215, 68.614681642691565 ] ], [ [ 17.660185556132813, 68.615330805035555 ], [ 17.660110479968598, 68.615008683533816 ], [ 17.660353243322703, 68.614718433812769 ], [ 17.660836125151516, 68.614655068622795 ], [ 17.66048871733496, 68.614840519094088 ], [ 17.660427054241186, 68.615073426516815 ], [ 17.660593358887784, 68.615243942808547 ], [ 17.660185556132813, 68.615330805035555 ] ], [ [ 17.648604658096634, 68.618031122126396 ], [ 17.648491822311907, 68.617989991906541 ], [ 17.648684342126145, 68.617768497275833 ], [ 17.648792153420167, 68.617923338673265 ], [ 17.648604658096634, 68.618031122126396 ] ], [ [ 17.648216930472866, 68.618711919213425 ], [ 17.647943697123146, 68.618385099860305 ], [ 17.648529262481233, 68.618400939065438 ], [ 17.648443521380131, 68.618635206021835 ], [ 17.648216930472866, 68.618711919213425 ] ] ] ] } },
{ "type": "Feature", "properties": { "fid": 270222, "navn": "Nervatnet", "hoyde_moh": 5, "arealInnsjo_km2": 1.1932, "magasinKategori": null, "fid_2": 1092, "id": 1092, "left": 17.486919847, "top": 68.946110046000001, "right": 17.986919847, "bottom": 68.446110046000001, "row_index": 11, "col_index": 27, "tile_id": 1092 }, "geometry": { "type": "MultiPolygon", "coordinates": [ [ [ [ 17.922955421587652, 68.877909143103437 ], [ 17.924486203729643, 68.875974950171624 ], [ 17.924032090833631, 68.876017047470299 ], [ 17.921790345252838, 68.875593781434929 ], [ 17.916679525328799, 68.874120374329109 ], [ 17.915073323269276, 68.87298753861289 ], [ 17.912726699938961, 68.872086766458935 ], [ 17.91072906828083, 68.870835457729669 ], [ 17.908109628459528, 68.870059407280536 ], [ 17.906344523952953, 68.869865510431794 ], [ 17.904828338658472, 68.869928304299535 ], [ 17.901471237329968, 68.86947840504736 ], [ 17.897677277518838, 68.869191094493559 ], [ 17.895958844266751, 68.868899975273763 ], [ 17.893264696328689, 68.868134584161012 ], [ 17.891948579271158, 68.868204633375299 ], [ 17.888160911716216, 68.867987566410122 ], [ 17.886929325640708, 68.868152642164958 ], [ 17.882992320094477, 68.868159991831561 ], [ 17.872289983255762, 68.869523379715417 ], [ 17.869710198017579, 68.869294657484375 ], [ 17.868198041850466, 68.86962312574812 ], [ 17.868966603669111, 68.870038174731661 ], [ 17.869978078182601, 68.871586203771088 ], [ 17.871241510926154, 68.872439576406009 ], [ 17.872886405252657, 68.872891343863031 ], [ 17.874015590888217, 68.872988969238918 ], [ 17.873923627588177, 68.873072211155645 ], [ 17.874984502029903, 68.873241541501031 ], [ 17.87495531824818, 68.87339814032687 ], [ 17.876281612530939, 68.873737036744501 ], [ 17.878343810343537, 68.873953599100119 ], [ 17.88064423533541, 68.874438189805389 ], [ 17.882980669858448, 68.874550680934433 ], [ 17.887104279656022, 68.874215669456063 ], [ 17.890260298090691, 68.874302211445482 ], [ 17.890499329147804, 68.874076422631902 ], [ 17.89240844228252, 68.873975034041464 ], [ 17.893788062944004, 68.874241615482632 ], [ 17.896530154105026, 68.874186424628249 ], [ 17.898287730047976, 68.874465386771504 ], [ 17.901821479876194, 68.874492047182684 ], [ 17.904461399716801, 68.874947731980939 ], [ 17.904593104547107, 68.87522888489957 ], [ 17.905150860155224, 68.875511830072284 ], [ 17.90512833295432, 68.875757374494569 ], [ 17.905802259957191, 68.875867233951837 ], [ 17.905722930656978, 68.87605539861913 ], [ 17.906079727278367, 68.876160888006368 ], [ 17.908200185816565, 68.876138481245832 ], [ 17.909796739319816, 68.876748278352807 ], [ 17.912952641071211, 68.876839614621517 ], [ 17.916069949787481, 68.877673053240201 ], [ 17.917490640231048, 68.877471044658051 ], [ 17.920858165652874, 68.877429697605564 ], [ 17.921518973205501, 68.877620155980736 ], [ 17.921071510628405, 68.877926054864162 ], [ 17.922955421587652, 68.877909143103437 ] ] ] ] } },
{ "type": "Feature", "properties": { "fid": 270226, "navn": "Øvervatnet", "hoyde_moh": 5, "arealInnsjo_km2": 2.8934, "magasinKategori": null, "fid_2": 1092, "id": 1092, "left": 17.486919847, "top": 68.946110046000001, "right": 17.986919847, "bottom": 68.446110046000001, "row_index": 11, "col_index": 27, "tile_id": 1092 }, "geometry": { "type": "MultiPolygon", "coordinates": [ [ [ [ 17.93910735826751, 68.875617878031562 ], [ 17.940895086524293, 68.875256806426634 ], [ 17.942475027019825, 68.873750414002004 ], [ 17.943760998749742, 68.873135764383619 ], [ 17.946579999811071, 68.872816478405355 ], [ 17.947452764925579, 68.872504842902458 ], [ 17.95050563671504, 68.872077930507658 ], [ 17.952655023577414, 68.871974833778779 ], [ 17.954602858533907, 68.871579141726741 ], [ 17.956281240568948, 68.871594149537685 ], [ 17.959242841240549, 68.871299999304554 ], [ 17.961375537765758, 68.871325904733581 ], [ 17.967577888464742, 68.871858793122442 ], [ 17.97088914958006, 68.871165131588128 ], [ 17.971636412379983, 68.871169045978476 ], [ 17.97160501404349, 68.871051901793919 ], [ 17.971870944184932, 68.870993930612258 ], [ 17.971964444068576, 68.870804401630693 ], [ 17.973674652237527, 68.870289556949217 ], [ 17.974716367296207, 68.86963691349986 ], [ 17.975461011206107, 68.868838460841317 ], [ 17.975867681281752, 68.867859996877073 ], [ 17.975758278516111, 68.866931049566176 ], [ 17.975548687804974, 68.866626524175899 ], [ 17.976080047052928, 68.866370798493634 ], [ 17.976082032393109, 68.866218956708295 ], [ 17.974887624437262, 68.86622791372109 ], [ 17.974303551479174, 68.865602174400038 ], [ 17.976184907344535, 68.865823768798592 ], [ 17.976259259948797, 68.865730988367105 ], [ 17.974519314813076, 68.865374954659998 ], [ 17.975009479167852, 68.864923797496004 ], [ 17.974980590378546, 68.864356844702726 ], [ 17.975678537159379, 68.864210152721867 ], [ 17.976550531305069, 68.864355407392054 ], [ 17.976775227226213, 68.863808074807849 ], [ 17.97264199195196, 68.862821678877324 ], [ 17.974232667130007, 68.862102968103983 ], [ 17.974987971257704, 68.861457839714546 ], [ 17.97672773997974, 68.860930046179405 ], [ 17.976931171019714, 68.860578252793971 ], [ 17.976209265427105, 68.860216175375669 ], [ 17.972411993640872, 68.859558039140794 ], [ 17.970412194944934, 68.858597133155953 ], [ 17.968212788612341, 68.857798858876293 ], [ 17.966126210410682, 68.857355527475278 ], [ 17.962379185332882, 68.856879259052178 ], [ 17.95893415950848, 68.856153113985954 ], [ 17.951166545283442, 68.855671216076928 ], [ 17.94648028667963, 68.856129992484028 ], [ 17.943422969241787, 68.856632888258943 ], [ 17.941855581462587, 68.857559438585966 ], [ 17.940290024956504, 68.857919842026917 ], [ 17.940316740223256, 68.858488441250088 ], [ 17.940847006300555, 68.859247803838414 ], [ 17.940654514444741, 68.859779887020011 ], [ 17.941654862714195, 68.859992218858764 ], [ 17.941654587786186, 68.860168086016884 ], [ 17.942165605971738, 68.860345520404323 ], [ 17.942135832447637, 68.860456544350171 ], [ 17.94117074332166, 68.860686088733033 ], [ 17.937780911495285, 68.860729517960053 ], [ 17.937342406870432, 68.860991864329165 ], [ 17.937261293414434, 68.861378025059707 ], [ 17.936209703708894, 68.861830050731342 ], [ 17.935946674403286, 68.862226892278144 ], [ 17.932383893024216, 68.863597946056643 ], [ 17.930965482281362, 68.863867831950799 ], [ 17.93045860852736, 68.864360880697305 ], [ 17.929244049682634, 68.86482410561436 ], [ 17.929029254811038, 68.865208792105236 ], [ 17.929032077703724, 68.866663478004838 ], [ 17.930149934205762, 68.866937055219211 ], [ 17.929513114229437, 68.867334218937472 ], [ 17.929698085218639, 68.868405229607191 ], [ 17.930207629194872, 68.868894231131591 ], [ 17.930998577316981, 68.869191390065765 ], [ 17.93109838518707, 68.869357092759714 ], [ 17.930283762713099, 68.869862533608 ], [ 17.92842835145543, 68.870251594169105 ], [ 17.928371768526048, 68.870674131226977 ], [ 17.928769759875365, 68.871446398873459 ], [ 17.929424220932429, 68.871962083764373 ], [ 17.930674651053213, 68.872351606481345 ], [ 17.934031793879512, 68.873961502637258 ], [ 17.934247720847452, 68.87537283821932 ], [ 17.935584102022791, 68.875653929143866 ], [ 17.93910735826751, 68.875617878031562 ] ], [ [ 17.969928150471592, 68.864275125793199 ], [ 17.969484546440356, 68.86411311136402 ], [ 17.970517622258672, 68.8633824491788 ], [ 17.971337676203831, 68.863255995469245 ], [ 17.97270768154922, 68.86353171504264 ], [ 17.973346066358097, 68.863864206729218 ], [ 17.972846061324976, 68.864071616811842 ], [ 17.969928150471592, 68.864275125793199 ] ], [ [ 17.973861330877106, 68.86510816428023 ], [ 17.970273678652209, 68.864649908975863 ], [ 17.973460798262433, 68.86404623610531 ], [ 17.97456514131953, 68.864167687689289 ], [ 17.974430057977305, 68.864990041115263 ], [ 17.97402881815983, 68.865279126492098 ], [ 17.973574015407589, 68.865362040098489 ], [ 17.973861330877106, 68.86510816428023 ] ] ] ] } }
]
}
