{
"type": "FeatureCollection",
"name": "innsjo_tile_id_813",
"crs": { "type": "name", "properties": { "name": "urn:ogc:def:crs:OGC:1.3:CRS84" } },
"xy_coordinate_resolution": 1e-15,
"features": [
{ "type": "Feature", "properties": { "fid": 469, "navn": null, "hoyde_moh": 7, "arealInnsjo_km2": 0.0147, "magasinKategori": null, "fid_2": 813, "id": 813, "left": 13.986919847, "top": 68.446110046000001, "right": 14.486919847, "bottom": 67.946110046000001, "row_index": 12, "col_index": 20, "tile_id": 813 }, "geometry": { "type": "MultiPolygon", "coordinates": [ [ [ [ 14.466060904422552, 68.386350573396598 ], [ 14.468122726593558, 68.386036498298324 ], [ 14.468315182442113, 68.385619505259839 ], [ 14.469186813070271, 68.38556747380936 ], [ 14.469182392680068, 68.385465121361705 ], [ 14.468208486557458, 68.385303450461436 ], [ 14.466958657772198, 68.385435352598734 ], [ 14.464853812556864, 68.385243413182877 ], [ 14.464792222830102, 68.385462153927321 ], [ 14.46531238561411, 68.386017935200528 ], [ 14.465154297800986, 68.386667336883519 ], [ 14.466060904422552, 68.386350573396598 ] ] ] ] } },
{ "type": "Feature", "properties": { "fid": 470, "navn": null, "hoyde_moh": 1, "arealInnsjo_km2": 0.0429, "magasinKategori": null, "fid_2": 813, "id": 813, "left": 13.986919847, "top": 68.446110046000001, "right": 14.486919847, "bottom": 67.946110046000001, "row_index": 12, "col_index": 20, "tile_id": 813 }, "geometry": { "type": "MultiPolygon", "coordinates": [ [ [ [ 14.424010600853142, 68.387083580127154 ], [ 14.42438279115246, 68.38679694979318 ], [ 14.429302713658995, 68.386495860339707 ], [ 14.429425527345453, 68.386381294094065 ], [ 14.42920320675055, 68.386302413082674 ], [ 14.430078119216478, 68.386037039139239 ], [ 14.43220001456379, 68.385713475421255 ], [ 14.431192625595033, 68.385674801283102 ], [ 14.429207726370317, 68.386122505784996 ], [ 14.427191692759505, 68.386267727454538 ], [ 14.425952863607334, 68.386068038022813 ], [ 14.426238348120659, 68.385812677543967 ], [ 14.425216601396354, 68.385543588158797 ], [ 14.424837884549197, 68.385599150366787 ], [ 14.423816614936346, 68.386156479344578 ], [ 14.422619803972628, 68.385960856402605 ], [ 14.420767049139025, 68.385988798483041 ], [ 14.418793480464823, 68.387192167416458 ], [ 14.419695293774582, 68.387460879706381 ], [ 14.424010600853142, 68.387083580127154 ] ] ] ] } },
{ "type": "Feature", "properties": { "fid": 535, "navn": null, "hoyde_moh": 8, "arealInnsjo_km2": 0.0103, "magasinKategori": null, "fid_2": 813, "id": 813, "left": 13.986919847, "top": 68.446110046000001, "right": 14.486919847, "bottom": 67.946110046000001, "row_index": 12, "col_index": 20, "tile_id": 813 }, "geometry": { "type": "MultiPolygon", "coordinates": [ [ [ [ 14.454988639340106, 68.376107434345045 ], [ 14.45542742931254, 68.376224388428483 ], [ 14.45602510778572, 68.376052870745227 ], [ 14.456087762299465, 68.375659954227572 ], [ 14.455488338544608, 68.375498708696952 ], [ 14.455002094194436, 68.374927488738777 ], [ 14.454752187163576, 68.374894743002415 ], [ 14.454486413192269, 68.375209143313512 ], [ 14.454453047627952, 68.375515332981635 ], [ 14.453560342771755, 68.375750548490572 ], [ 14.453577686202845, 68.375979947982174 ], [ 14.454040938929881, 68.376161294982268 ], [ 14.453981443589193, 68.376694499603062 ], [ 14.454328211632642, 68.376724782319371 ], [ 14.454988639340106, 68.376107434345045 ] ] ] ] } },
{ "type": "Feature", "properties": { "fid": 637, "navn": null, "hoyde_moh": 2, "arealInnsjo_km2": 0.0046, "magasinKategori": null, "fid_2": 813, "id": 813, "left": 13.986919847, "top": 68.446110046000001, "right": 14.486919847, "bottom": 67.946110046000001, "row_index": 12, "col_index": 20, "tile_id": 813 }, "geometry": { "type": "MultiPolygon", "coordinates": [ [ [ [ 14.46836225972433, 68.206410869944847 ], [ 14.467877261985752, 68.206175664043542 ], [ 14.468058412862344, 68.205889224306901 ], [ 14.467552528451224, 68.205649824573698 ], [ 14.466862990281673, 68.205690395945666 ], [ 14.466473853284914, 68.2059629812655 ], [ 14.46737049409796, 68.206452090038766 ], [ 14.468082541363643, 68.206524244022162 ], [ 14.46836225972433, 68.206410869944847 ] ] ] ] } },
{ "type": "Feature", "properties": { "fid": 7204, "navn": "Kleppstadvatnet", "hoyde_moh": null, "arealInnsjo_km2": 0.1184, "magasinKategori": null, "fid_2": 813, "id": 813, "left": 13.986919847, "top": 68.446110046000001, "right": 14.486919847, "bottom": 67.946110046000001, "row_index": 12, "col_index": 20, "tile_id": 813 }, "geometry": { "type": "MultiPolygon", "coordinates": [ [ [ [ 14.299230150807732, 68.255255167765668 ], [ 14.300071120159293, 68.25464886998256 ], [ 14.298194050716555, 68.254335996710637 ], [ 14.297153076389014, 68.253578160201101 ], [ 14.296737068842203, 68.252948534074747 ], [ 14.296310051797184, 68.252677552122265 ], [ 14.29610896104119, 68.252138618473822 ], [ 14.29381982017286, 68.251088447673951 ], [ 14.290175489721658, 68.250059374585931 ], [ 14.287756927996261, 68.250066973467298 ], [ 14.288369708518159, 68.250580861224833 ], [ 14.289025650230906, 68.250485001537868 ], [ 14.288983910178695, 68.251049904908342 ], [ 14.29079165380252, 68.251245983907268 ], [ 14.291043751822507, 68.25169553615784 ], [ 14.29090949685475, 68.25212559185681 ], [ 14.291338667756042, 68.252324661363005 ], [ 14.290914222585444, 68.252753390672893 ], [ 14.29044084795642, 68.252809673961337 ], [ 14.290323260400703, 68.253091713056818 ], [ 14.290918631535796, 68.253399216879927 ], [ 14.291363986186285, 68.253849592181126 ], [ 14.294866938156186, 68.25477040267144 ], [ 14.296153647189147, 68.255394750349708 ], [ 14.299230150807732, 68.255255167765668 ] ], [ [ 14.298548260817912, 68.254624515944897 ], [ 14.299052329380041, 68.254743244799172 ], [ 14.298493322921583, 68.254830583566331 ], [ 14.298328156560178, 68.25469525420003 ], [ 14.298548260817912, 68.254624515944897 ] ] ] ] } },
{ "type": "Feature", "properties": { "fid": 9538, "navn": "Nøkkåsvatnet", "hoyde_moh": null, "arealInnsjo_km2": 0.0088, "magasinKategori": null, "fid_2": 813, "id": 813, "left": 13.986919847, "top": 68.446110046000001, "right": 14.486919847, "bottom": 67.946110046000001, "row_index": 12, "col_index": 20, "tile_id": 813 }, "geometry": { "type": "MultiPolygon", "coordinates": [ [ [ [ 14.378708160625415, 68.285735229244494 ], [ 14.378567731995702, 68.285555317339202 ], [ 14.378744819685773, 68.285286896171655 ], [ 14.377415534254789, 68.285174299003288 ], [ 14.376463207937812, 68.285466726072841 ], [ 14.376643735235879, 68.285942780078216 ], [ 14.376417197981473, 68.286255860922353 ], [ 14.377312804211384, 68.286277150887642 ], [ 14.378708160625415, 68.285735229244494 ] ] ] ] } },
{ "type": "Feature", "properties": { "fid": 9825, "navn": null, "hoyde_moh": null, "arealInnsjo_km2": 0.0072, "magasinKategori": null, "fid_2": 813, "id": 813, "left": 13.986919847, "top": 68.446110046000001, "right": 14.486919847, "bottom": 67.946110046000001, "row_index": 12, "col_index": 20, "tile_id": 813 }, "geometry": { "type": "MultiPolygon", "coordinates": [ [ [ [ 14.167497701200421, 68.302021633889836 ], [ 14.166547373599938, 68.301886822678952 ], [ 14.166528052988046, 68.301752180752217 ], [ 14.167805919501179, 68.301937961544098 ], [ 14.167682764500073, 68.301327228512136 ], [ 14.167199394006358, 68.301289113906137 ], [ 14.166482860691856, 68.301662257831083 ], [ 14.165577679233307, 68.301890849469586 ], [ 14.165565213673869, 68.302231724846322 ], [ 14.167501365626435, 68.302313166917116 ], [ 14.167497701200421, 68.302021633889836 ] ] ] ] } },
{ "type": "Feature", "properties": { "fid": 9826, "navn": null, "hoyde_moh": null, "arealInnsjo_km2": 0.0034, "magasinKategori": null, "fid_2": 813, "id": 813, "left": 13.986919847, "top": 68.446110046000001, "right": 14.486919847, "bottom": 67.946110046000001, "row_index": 12, "col_index": 20, "tile_id": 813 }, "geometry": { "type": "MultiPolygon", "coordinates": [ [ [ [ 14.149471251722339, 68.319766851626696 ], [ 14.148997570990659, 68.319459465002424 ], [ 14.14863478349724, 68.319430703855588 ], [ 14.148091842322655, 68.319678992460993 ], [ 14.147957833674923, 68.320019335607924 ], [ 14.148631238883977, 68.320175170563218 ], [ 14.149119657728884, 68.320087966783731 ], [ 14.149471251722339, 68.319766851626696 ] ] ] ] } },
{ "type": "Feature", "properties": { "fid": 9827, "navn": null, "hoyde_moh": null, "arealInnsjo_km2": 0.0039, "magasinKategori": null, "fid_2": 813, "id": 813, "left": 13.986919847, "top": 68.446110046000001, "right": 14.486919847, "bottom": 67.946110046000001, "row_index": 12, "col_index": 20, "tile_id": 813 }, "geometry": { "type": "MultiPolygon", "coordinates": [ [ [ [ 14.086346329636129, 68.31930731545603 ], [ 14.08712659426187, 68.319212921497424 ], [ 14.087135571566435, 68.318988725525116 ], [ 14.08646238102385, 68.318832641325969 ], [ 14.085620560842672, 68.319258487745515 ], [ 14.085202180729018, 68.320018626413997 ], [ 14.085613519745564, 68.320038822353297 ], [ 14.086346329636129, 68.31930731545603 ] ] ] ] } },
{ "type": "Feature", "properties": { "fid": 9898, "navn": "Lomtjønna", "hoyde_moh": null, "arealInnsjo_km2": 0.0062, "magasinKategori": null, "fid_2": 813, "id": 813, "left": 13.986919847, "top": 68.446110046000001, "right": 14.486919847, "bottom": 67.946110046000001, "row_index": 12, "col_index": 20, "tile_id": 813 }, "geometry": { "type": "MultiPolygon", "coordinates": [ [ [ [ 14.006279468182226, 68.2801618117754 ], [ 14.006403639367216, 68.280090792888359 ], [ 14.006289221117854, 68.279937620007274 ], [ 14.006398932954228, 68.279642264839339 ], [ 14.004891689747355, 68.279776782554322 ], [ 14.00336682215767, 68.280314831428939 ], [ 14.004936973928901, 68.280404953351464 ], [ 14.006279468182226, 68.2801618117754 ] ] ] ] } },
{ "type": "Feature", "properties": { "fid": 9955, "navn": "Lomtjønna", "hoyde_moh": null, "arealInnsjo_km2": 0.0145, "magasinKategori": null, "fid_2": 813, "id": 813, "left": 13.986919847, "top": 68.446110046000001, "right": 14.486919847, "bottom": 67.946110046000001, "row_index": 12, "col_index": 20, "tile_id": 813 }, "geometry": { "type": "MultiPolygon", "coordinates": [ [ [ [ 14.030179910637075, 68.263645534037579 ], [ 14.030127115150577, 68.263178787837433 ], [ 14.030802357290108, 68.262662464328955 ], [ 14.030265725831745, 68.26219289896693 ], [ 14.029638656030077, 68.262144393016314 ], [ 14.028490996140691, 68.262388944522357 ], [ 14.028079399159399, 68.262969499309165 ], [ 14.028060337180293, 68.263417886686923 ], [ 14.028627380575578, 68.263735147185344 ], [ 14.030179910637075, 68.263645534037579 ] ] ] ] } },
{ "type": "Feature", "properties": { "fid": 10048, "navn": null, "hoyde_moh": null, "arealInnsjo_km2": 0.0028, "magasinKategori": null, "fid_2": 813, "id": 813, "left": 13.986919847, "top": 68.446110046000001, "right": 14.486919847, "bottom": 67.946110046000001, "row_index": 12, "col_index": 20, "tile_id": 813 }, "geometry": { "type": "MultiPolygon", "coordinates": [ [ [ [ 14.132687546889427, 68.321608881935362 ], [ 14.132618873402434, 68.321500977756415 ], [ 14.128733985828859, 68.321588270975639 ], [ 14.129357767578892, 68.321770833996737 ], [ 14.131950775311028, 68.321838260855216 ], [ 14.132127633356427, 68.321659786993834 ], [ 14.132687546889427, 68.321608881935362 ] ] ] ] } },
{ "type": "Feature", "properties": { "fid": 10507, "navn": null, "hoyde_moh": null, "arealInnsjo_km2": 0.0025, "magasinKategori": null, "fid_2": 813, "id": 813, "left": 13.986919847, "top": 68.446110046000001, "right": 14.486919847, "bottom": 67.946110046000001, "row_index": 12, "col_index": 20, "tile_id": 813 }, "geometry": { "type": "MultiPolygon", "coordinates": [ [ [ [ 14.041718505345797, 68.225060795700401 ], [ 14.039981807703528, 68.224996950119817 ], [ 14.040088904959498, 68.225329458595567 ], [ 14.04027973561827, 68.225393350917344 ], [ 14.041418171976192, 68.225310222930531 ], [ 14.041718505345797, 68.225060795700401 ] ] ] ] } },
{ "type": "Feature", "properties": { "fid": 10524, "navn": null, "hoyde_moh": null, "arealInnsjo_km2": 0.0037, "magasinKategori": null, "fid_2": 813, "id": 813, "left": 13.986919847, "top": 68.446110046000001, "right": 14.486919847, "bottom": 67.946110046000001, "row_index": 12, "col_index": 20, "tile_id": 813 }, "geometry": { "type": "MultiPolygon", "coordinates": [ [ [ [ 14.036235745000624, 68.203213926858595 ], [ 14.036106044353287, 68.202854462650023 ], [ 14.035008954572181, 68.202543108341985 ], [ 14.034836281740716, 68.202631804799566 ], [ 14.034899232074714, 68.202856421404803 ], [ 14.035671344587648, 68.203434989697627 ], [ 14.036472133718387, 68.20333199897054 ], [ 14.036235745000624, 68.203213926858595 ] ] ] ] } },
{ "type": "Feature", "properties": { "fid": 10533, "navn": null, "hoyde_moh": null, "arealInnsjo_km2": 0.0036, "magasinKategori": null, "fid_2": 813, "id": 813, "left": 13.986919847, "top": 68.446110046000001, "right": 14.486919847, "bottom": 67.946110046000001, "row_index": 12, "col_index": 20, "tile_id": 813 }, "geometry": { "type": "MultiPolygon", "coordinates": [ [ [ [ 14.033335596336094, 68.2010174380557 ], [ 14.034609029919565, 68.201150429006589 ], [ 14.035385998106214, 68.20103824559753 ], [ 14.034065438451286, 68.200878255698854 ], [ 14.033280226235123, 68.200613464239382 ], [ 14.032368634659253, 68.201056654595064 ], [ 14.033335596336094, 68.2010174380557 ] ] ] ] } },
{ "type": "Feature", "properties": { "fid": 22013, "navn": null, "hoyde_moh": 2, "arealInnsjo_km2": 0.0086, "magasinKategori": null, "fid_2": 813, "id": 813, "left": 13.986919847, "top": 68.446110046000001, "right": 14.486919847, "bottom": 67.946110046000001, "row_index": 12, "col_index": 20, "tile_id": 813 }, "geometry": { "type": "MultiPolygon", "coordinates": [ [ [ [ 14.439032331087372, 68.357182271911611 ], [ 14.439442447285094, 68.357162930279713 ], [ 14.43941471574397, 68.356986770826936 ], [ 14.439750257302572, 68.356858111997781 ], [ 14.439745645041729, 68.356690192188012 ], [ 14.438289946837358, 68.356636149882036 ], [ 14.437536412391987, 68.355992132315706 ], [ 14.437068629699915, 68.356035402087983 ], [ 14.437048608936523, 68.356353653348165 ], [ 14.437787416896629, 68.356482429740865 ], [ 14.437062640250559, 68.356621253440068 ], [ 14.436967165377899, 68.35701369505037 ], [ 14.437742219157016, 68.357200535147882 ], [ 14.438971692381383, 68.356941602607449 ], [ 14.438194562782515, 68.357252106147584 ], [ 14.438996697675739, 68.357336602659316 ], [ 14.439032331087372, 68.357182271911611 ] ] ] ] } },
{ "type": "Feature", "properties": { "fid": 22188, "navn": null, "hoyde_moh": 1, "arealInnsjo_km2": 0.0027, "magasinKategori": null, "fid_2": 813, "id": 813, "left": 13.986919847, "top": 68.446110046000001, "right": 14.486919847, "bottom": 67.946110046000001, "row_index": 12, "col_index": 20, "tile_id": 813 }, "geometry": { "type": "MultiPolygon", "coordinates": [ [ [ [ 14.425131163713562, 68.377516633075174 ], [ 14.42450417849521, 68.377413301825044 ], [ 14.424150859287812, 68.377105157065387 ], [ 14.423610433196004, 68.377127600428281 ], [ 14.423395581203629, 68.377563930482324 ], [ 14.425165157162342, 68.377711023815678 ], [ 14.425131163713562, 68.377516633075174 ] ] ] ] } },
{ "type": "Feature", "properties": { "fid": 25118, "navn": "Svarttjørna", "hoyde_moh": 24, "arealInnsjo_km2": 0.0185, "magasinKategori": null, "fid_2": 813, "id": 813, "left": 13.986919847, "top": 68.446110046000001, "right": 14.486919847, "bottom": 67.946110046000001, "row_index": 12, "col_index": 20, "tile_id": 813 }, "geometry": { "type": "MultiPolygon", "coordinates": [ [ [ [ 14.459084136711564, 68.226269335860579 ], [ 14.458590520910489, 68.225853522838676 ], [ 14.458168609424204, 68.225225726819403 ], [ 14.458275702234562, 68.225089562189254 ], [ 14.456167048658196, 68.224562450451884 ], [ 14.455548417025994, 68.224542216686771 ], [ 14.455065015062512, 68.224828459217548 ], [ 14.455108965734812, 68.225113380966647 ], [ 14.455586267346847, 68.225155217984437 ], [ 14.455249064652632, 68.225367673597333 ], [ 14.455324867606075, 68.225664359867579 ], [ 14.458862665147764, 68.226379565853307 ], [ 14.459084136711564, 68.226269335860579 ] ] ] ] } },
{ "type": "Feature", "properties": { "fid": 25696, "navn": null, "hoyde_moh": null, "arealInnsjo_km2": 0.0037, "magasinKategori": null, "fid_2": 813, "id": 813, "left": 13.986919847, "top": 68.446110046000001, "right": 14.486919847, "bottom": 67.946110046000001, "row_index": 12, "col_index": 20, "tile_id": 813 }, "geometry": { "type": "MultiPolygon", "coordinates": [ [ [ [ 14.036952860905691, 68.203953719738678 ], [ 14.037197924882417, 68.203865440919685 ], [ 14.036535478734363, 68.203547647118384 ], [ 14.035564266928937, 68.203685528344224 ], [ 14.035434943160029, 68.203891087563193 ], [ 14.03501832130271, 68.204041156903216 ], [ 14.035445870512099, 68.204205101855749 ], [ 14.036952860905691, 68.203953719738678 ] ] ] ] } },
{ "type": "Feature", "properties": { "fid": 25890, "navn": null, "hoyde_moh": null, "arealInnsjo_km2": 0.0056, "magasinKategori": null, "fid_2": 813, "id": 813, "left": 13.986919847, "top": 68.446110046000001, "right": 14.486919847, "bottom": 67.946110046000001, "row_index": 12, "col_index": 20, "tile_id": 813 }, "geometry": { "type": "MultiPolygon", "coordinates": [ [ [ [ 14.409615754626726, 68.221931860975303 ], [ 14.409736621287404, 68.220990410754226 ], [ 14.409618182495651, 68.220900295616062 ], [ 14.40876252404998, 68.221300877047469 ], [ 14.40878043369878, 68.221552174505575 ], [ 14.408413546787132, 68.221730167394242 ], [ 14.40872031873749, 68.222000432033525 ], [ 14.408473485435835, 68.22220576056958 ], [ 14.408591926449189, 68.222295876510842 ], [ 14.40933969226981, 68.222334414323115 ], [ 14.409615754626726, 68.221931860975303 ] ] ] ] } },
{ "type": "Feature", "properties": { "fid": 25891, "navn": null, "hoyde_moh": null, "arealInnsjo_km2": 0.0035, "magasinKategori": null, "fid_2": 813, "id": 813, "left": 13.986919847, "top": 68.446110046000001, "right": 14.486919847, "bottom": 67.946110046000001, "row_index": 12, "col_index": 20, "tile_id": 813 }, "geometry": { "type": "MultiPolygon", "coordinates": [ [ [ [ 14.01395005528051, 68.223068518314633 ], [ 14.014077751406289, 68.222907815368956 ], [ 14.013966656501657, 68.222682815228424 ], [ 14.011915503526668, 68.222634748436462 ], [ 14.013040865365872, 68.222865688901692 ], [ 14.013164516749496, 68.223359775954435 ], [ 14.01395005528051, 68.223068518314633 ] ] ] ] } },
{ "type": "Feature", "properties": { "fid": 25892, "navn": null, "hoyde_moh": null, "arealInnsjo_km2": 0.0095, "magasinKategori": null, "fid_2": 813, "id": 813, "left": 13.986919847, "top": 68.446110046000001, "right": 14.486919847, "bottom": 67.946110046000001, "row_index": 12, "col_index": 20, "tile_id": 813 }, "geometry": { "type": "MultiPolygon", "coordinates": [ [ [ [ 14.073263988324346, 68.223779884921555 ], [ 14.072524396986873, 68.223199170579989 ], [ 14.071747866625639, 68.222857384816606 ], [ 14.072217082120449, 68.222639793898495 ], [ 14.07197093337461, 68.222550513739307 ], [ 14.070553001234277, 68.223104822805496 ], [ 14.071385853382738, 68.223344133541318 ], [ 14.071446237432291, 68.223481352246225 ], [ 14.071164363609451, 68.223611724376894 ], [ 14.072204889324134, 68.224253058064534 ], [ 14.073263988324346, 68.223779884921555 ] ] ] ] } },
{ "type": "Feature", "properties": { "fid": 31284, "navn": "Storvatnet", "hoyde_moh": 20, "arealInnsjo_km2": 0.3274, "magasinKategori": null, "fid_2": 813, "id": 813, "left": 13.986919847, "top": 68.446110046000001, "right": 14.486919847, "bottom": 67.946110046000001, "row_index": 12, "col_index": 20, "tile_id": 813 }, "geometry": { "type": "MultiPolygon", "coordinates": [ [ [ [ 14.304004450369568, 68.240645991263648 ], [ 14.30564316846001, 68.240016006105606 ], [ 14.305021296119971, 68.239798138612173 ], [ 14.303936405766237, 68.239703904365399 ], [ 14.302837461537706, 68.239277730892027 ], [ 14.302724813360685, 68.239008172075103 ], [ 14.303023026435476, 68.238740336240284 ], [ 14.304946198925949, 68.23829094145141 ], [ 14.307446917732358, 68.238713977184275 ], [ 14.30766738514939, 68.238625200103044 ], [ 14.307796903361675, 68.238338714184678 ], [ 14.307608443909507, 68.238176477625757 ], [ 14.304540797330132, 68.238109855053338 ], [ 14.303800875548461, 68.237801883052626 ], [ 14.302903553963342, 68.237107377759486 ], [ 14.301006452122918, 68.236704840806041 ], [ 14.299622683129734, 68.236905226275255 ], [ 14.296554404164013, 68.236865361636859 ], [ 14.292870283355146, 68.236419191398625 ], [ 14.288822921896926, 68.236778646403963 ], [ 14.288680712312038, 68.23668834224506 ], [ 14.289536260387946, 68.236378066246061 ], [ 14.288801056876506, 68.235926443870511 ], [ 14.286691572235743, 68.235370260985022 ], [ 14.28468703918157, 68.235325768416857 ], [ 14.284265031969063, 68.235682645130623 ], [ 14.282814016027576, 68.235712358853348 ], [ 14.282221141252281, 68.235351016616562 ], [ 14.28274685701961, 68.234770263379176 ], [ 14.281982613398965, 68.234479937210537 ], [ 14.276471913366759, 68.234500888452885 ], [ 14.274549923349298, 68.23490511208756 ], [ 14.274533441882786, 68.235425276365035 ], [ 14.274186040994376, 68.23571078664601 ], [ 14.274611872456093, 68.236008641951969 ], [ 14.275216607860733, 68.235984460813128 ], [ 14.275462518935718, 68.235850899367165 ], [ 14.275396555165184, 68.235644221608368 ], [ 14.275016732078404, 68.235427384985428 ], [ 14.275142097549212, 68.235284418311565 ], [ 14.276466886654502, 68.235424734063045 ], [ 14.278167168588292, 68.235154069357151 ], [ 14.278770709662588, 68.235174628418392 ], [ 14.279316042964087, 68.235508868317126 ], [ 14.281301483978941, 68.235391890649566 ], [ 14.281492545685046, 68.235464562983182 ], [ 14.280276425709266, 68.235710360275505 ], [ 14.280656864088353, 68.235909337871519 ], [ 14.281259582720157, 68.23595679299234 ], [ 14.282832562406103, 68.235891830419504 ], [ 14.281566130661423, 68.236200296836259 ], [ 14.28172966095117, 68.23638039511215 ], [ 14.285305885532146, 68.236404779275105 ], [ 14.287349912320298, 68.236736459594979 ], [ 14.287659325998412, 68.236890268500545 ], [ 14.287482347804655, 68.237140657945659 ], [ 14.287913995355813, 68.237250142390351 ], [ 14.28972258838394, 68.237383453962352 ], [ 14.290199556933111, 68.237583001096752 ], [ 14.289435878098525, 68.238054946100846 ], [ 14.287910024453872, 68.238147082189286 ], [ 14.287321592172448, 68.238422617160239 ], [ 14.289238580505911, 68.238960118445661 ], [ 14.289371900040409, 68.239337320408552 ], [ 14.290748958664715, 68.239361229914195 ], [ 14.293125605868839, 68.239891497175151 ], [ 14.294988163360644, 68.240634909769426 ], [ 14.296092542308106, 68.2408817672937 ], [ 14.297972606482048, 68.241060138198563 ], [ 14.302133504197252, 68.240961051855379 ], [ 14.304004450369568, 68.240645991263648 ] ], [ [ 14.292630486235151, 68.239494730607589 ], [ 14.292945271292446, 68.239469161037292 ], [ 14.292627717605555, 68.239584324726337 ], [ 14.292385785997221, 68.23958329513475 ], [ 14.292630486235151, 68.239494730607589 ] ], [ [ 14.295852329151861, 68.240046491855963 ], [ 14.296554617218476, 68.240004796547638 ], [ 14.297294237086852, 68.24032176908797 ], [ 14.296395819668568, 68.240452512530652 ], [ 14.295847363194435, 68.240207922800863 ], [ 14.295852329151861, 68.240046491855963 ] ] ] ] } },
{ "type": "Feature", "properties": { "fid": 35887, "navn": null, "hoyde_moh": 6, "arealInnsjo_km2": 0.0027, "magasinKategori": null, "fid_2": 813, "id": 813, "left": 13.986919847, "top": 68.446110046000001, "right": 14.486919847, "bottom": 67.946110046000001, "row_index": 12, "col_index": 20, "tile_id": 813 }, "geometry": { "type": "MultiPolygon", "coordinates": [ [ [ [ 14.465249931695574, 68.368452187298629 ], [ 14.464702565022534, 68.368325672444271 ], [ 14.464379034296815, 68.368459263192307 ], [ 14.464351705796531, 68.368195301422162 ], [ 14.463924556480929, 68.368053204245655 ], [ 14.463731656679142, 68.368141469946679 ], [ 14.463698794863356, 68.368535112766139 ], [ 14.464808817412685, 68.368799766501667 ], [ 14.465249931695574, 68.368452187298629 ] ] ] ] } },
{ "type": "Feature", "properties": { "fid": 36336, "navn": null, "hoyde_moh": 5, "arealInnsjo_km2": 0.0032, "magasinKategori": null, "fid_2": 813, "id": 813, "left": 13.986919847, "top": 68.446110046000001, "right": 14.486919847, "bottom": 67.946110046000001, "row_index": 12, "col_index": 20, "tile_id": 813 }, "geometry": { "type": "MultiPolygon", "coordinates": [ [ [ [ 14.444620906922916, 68.370226885262397 ], [ 14.444319826681904, 68.369684501352793 ], [ 14.444752625674525, 68.369571582785582 ], [ 14.44492953628813, 68.369345159521075 ], [ 14.444591227432076, 68.369053252612602 ], [ 14.443911813649214, 68.36918131519603 ], [ 14.4438013499267, 68.369364278510417 ], [ 14.444150369078111, 68.369545990825245 ], [ 14.444093832538838, 68.369939462191994 ], [ 14.444214190584148, 68.370047941882632 ], [ 14.443792738822012, 68.370272922541076 ], [ 14.444620906922916, 68.370226885262397 ] ] ] ] } },
{ "type": "Feature", "properties": { "fid": 36337, "navn": null, "hoyde_moh": 1, "arealInnsjo_km2": 0.0026, "magasinKategori": null, "fid_2": 813, "id": 813, "left": 13.986919847, "top": 68.446110046000001, "right": 14.486919847, "bottom": 67.946110046000001, "row_index": 12, "col_index": 20, "tile_id": 813 }, "geometry": { "type": "MultiPolygon", "coordinates": [ [ [ [ 14.43956498183447, 68.373534356490723 ], [ 14.438449892775701, 68.373516620318981 ], [ 14.437659198899626, 68.37324147556771 ], [ 14.437342448909337, 68.373258796067105 ], [ 14.437300351691217, 68.373387900945403 ], [ 14.437417131747704, 68.373571625344127 ], [ 14.437961222414611, 68.373682163643011 ], [ 14.439602171678807, 68.373732073387515 ], [ 14.43956498183447, 68.373534356490723 ] ] ] ] } },
{ "type": "Feature", "properties": { "fid": 36339, "navn": null, "hoyde_moh": 12, "arealInnsjo_km2": 0.0029, "magasinKategori": null, "fid_2": 813, "id": 813, "left": 13.986919847, "top": 68.446110046000001, "right": 14.486919847, "bottom": 67.946110046000001, "row_index": 12, "col_index": 20, "tile_id": 813 }, "geometry": { "type": "MultiPolygon", "coordinates": [ [ [ [ 14.470982442307754, 68.375606693151241 ], [ 14.470573609831527, 68.375234163260657 ], [ 14.470534321720407, 68.375000032456825 ], [ 14.470179056391668, 68.374802480901678 ], [ 14.46976575276094, 68.374810497769957 ], [ 14.470126740978101, 68.375075337332319 ], [ 14.469920517613938, 68.375295504821395 ], [ 14.470034298459261, 68.375431838759212 ], [ 14.469929478134778, 68.375641206054198 ], [ 14.470580502746564, 68.375752604576988 ], [ 14.470982442307754, 68.375606693151241 ] ] ] ] } },
{ "type": "Feature", "properties": { "fid": 36713, "navn": null, "hoyde_moh": 7, "arealInnsjo_km2": 0.0054, "magasinKategori": null, "fid_2": 813, "id": 813, "left": 13.986919847, "top": 68.446110046000001, "right": 14.486919847, "bottom": 67.946110046000001, "row_index": 12, "col_index": 20, "tile_id": 813 }, "geometry": { "type": "MultiPolygon", "coordinates": [ [ [ [ 14.472364914953479, 68.38563870600295 ], [ 14.472853182973878, 68.385239055065853 ], [ 14.472851340327949, 68.385045853067183 ], [ 14.472286051073413, 68.384980746868649 ], [ 14.470735247400421, 68.385701809270557 ], [ 14.470784780912245, 68.385914715144821 ], [ 14.47135401225791, 68.386103972322175 ], [ 14.472364914953479, 68.38563870600295 ] ] ] ] } },
{ "type": "Feature", "properties": { "fid": 38439, "navn": "Haugvatnet", "hoyde_moh": 57, "arealInnsjo_km2": 0.0957, "magasinKategori": null, "fid_2": 813, "id": 813, "left": 13.986919847, "top": 68.446110046000001, "right": 14.486919847, "bottom": 67.946110046000001, "row_index": 12, "col_index": 20, "tile_id": 813 }, "geometry": { "type": "MultiPolygon", "coordinates": [ [ [ [ 14.114959394670031, 68.271464359581643 ], [ 14.117011739068564, 68.270972951518004 ], [ 14.11748714818663, 68.270571742259975 ], [ 14.11695888678522, 68.270461392331953 ], [ 14.117071279876161, 68.270058347473309 ], [ 14.117608188599972, 68.269944497869787 ], [ 14.117809747370636, 68.269739350646333 ], [ 14.118408866526247, 68.269894922307998 ], [ 14.118407148141838, 68.26931196578893 ], [ 14.118150293688485, 68.269068509983043 ], [ 14.118471115430895, 68.268908573834452 ], [ 14.118474583445176, 68.268191097681481 ], [ 14.118271571310155, 68.267813290424613 ], [ 14.117316923281084, 68.267458407149931 ], [ 14.116349723029979, 68.267435244790718 ], [ 14.11428217236555, 68.267702317335463 ], [ 14.112468559655104, 68.268284752088263 ], [ 14.112241025803726, 68.268534603541539 ], [ 14.112044805880315, 68.269224322042135 ], [ 14.112049656758431, 68.270345484816588 ], [ 14.11300856520656, 68.271202819763431 ], [ 14.112907824471252, 68.271309920564278 ], [ 14.114169990774373, 68.271845951379433 ], [ 14.114959394670031, 68.271464359581643 ] ] ] ] } },
{ "type": "Feature", "properties": { "fid": 38440, "navn": "Øvre Jenndalsvatnet", "hoyde_moh": 40, "arealInnsjo_km2": 0.2678, "magasinKategori": null, "fid_2": 813, "id": 813, "left": 13.986919847, "top": 68.446110046000001, "right": 14.486919847, "bottom": 67.946110046000001, "row_index": 12, "col_index": 20, "tile_id": 813 }, "geometry": { "type": "MultiPolygon", "coordinates": [ [ [ [ 14.19785438406341, 68.281464110496586 ], [ 14.202200783970781, 68.281825840022009 ], [ 14.205792756566707, 68.281600831880255 ], [ 14.210152644323502, 68.281576723171312 ], [ 14.210632564660717, 68.28170457402851 ], [ 14.212574560017874, 68.281570255356556 ], [ 14.214015777953239, 68.281209310119863 ], [ 14.214001443470675, 68.280922124548141 ], [ 14.214252818031847, 68.280654311800348 ], [ 14.214064676086803, 68.280491970416733 ], [ 14.214122972893616, 68.28020521737065 ], [ 14.215041538221444, 68.279554767564164 ], [ 14.215029411867855, 68.279195925124213 ], [ 14.215329486767816, 68.27891928110418 ], [ 14.215203943252593, 68.278344632890324 ], [ 14.212668329021145, 68.277444666594491 ], [ 14.212066825738271, 68.277334185093792 ], [ 14.20835982454537, 68.277406294873245 ], [ 14.205941186759722, 68.278013771346167 ], [ 14.20455706859248, 68.278141618780865 ], [ 14.204789796590392, 68.278411820061734 ], [ 14.204494597464617, 68.278544954498742 ], [ 14.203525899561708, 68.278549202888982 ], [ 14.198684249667345, 68.27989841666367 ], [ 14.197114881042852, 68.280455944442664 ], [ 14.196694693795523, 68.280705068098953 ], [ 14.196587194864126, 68.281000548156271 ], [ 14.195243514084034, 68.281334906076566 ], [ 14.194645020556605, 68.281825343626736 ], [ 14.19785438406341, 68.281464110496586 ] ] ] ] } },
{ "type": "Feature", "properties": { "fid": 38442, "navn": "Smedvikvatnet", "hoyde_moh": 56, "arealInnsjo_km2": 0.0967, "magasinKategori": null, "fid_2": 813, "id": 813, "left": 13.986919847, "top": 68.446110046000001, "right": 14.486919847, "bottom": 67.946110046000001, "row_index": 12, "col_index": 20, "tile_id": 813 }, "geometry": { "type": "MultiPolygon", "coordinates": [ [ [ [ 13.986927253403124, 68.297707163494195 ], [ 13.988575199420154, 68.297708116948144 ], [ 13.988880248543699, 68.29683996686002 ], [ 13.988205474592323, 68.296207968655068 ], [ 13.986919847, 68.295867371777689 ], [ 13.986919847, 68.297709224206542 ], [ 13.986927253403124, 68.297707163494195 ] ] ] ] } },
{ "type": "Feature", "properties": { "fid": 38463, "navn": null, "hoyde_moh": 7, "arealInnsjo_km2": 0.0204, "magasinKategori": null, "fid_2": 813, "id": 813, "left": 13.986919847, "top": 68.446110046000001, "right": 14.486919847, "bottom": 67.946110046000001, "row_index": 12, "col_index": 20, "tile_id": 813 }, "geometry": { "type": "MultiPolygon", "coordinates": [ [ [ [ 14.145830748201318, 68.310751715885331 ], [ 14.148136568513026, 68.31069166905975 ], [ 14.148846657939005, 68.310506932853784 ], [ 14.14910348075561, 68.310122457098331 ], [ 14.148135979692734, 68.30940899785422 ], [ 14.147701297006559, 68.309361927055036 ], [ 14.145818205379653, 68.309791713098079 ], [ 14.144918575273635, 68.310504766902866 ], [ 14.144259632943985, 68.310617991403262 ], [ 14.144251224308604, 68.310842101373524 ], [ 14.144731049043296, 68.310979199532426 ], [ 14.145459370368103, 68.310956025960522 ], [ 14.145830748201318, 68.310751715885331 ] ] ] ] } },
{ "type": "Feature", "properties": { "fid": 38464, "navn": "Trolldalsvatnet", "hoyde_moh": 241, "arealInnsjo_km2": 0.0261, "magasinKategori": null, "fid_2": 813, "id": 813, "left": 13.986919847, "top": 68.446110046000001, "right": 14.486919847, "bottom": 67.946110046000001, "row_index": 12, "col_index": 20, "tile_id": 813 }, "geometry": { "type": "MultiPolygon", "coordinates": [ [ [ [ 14.374350623637779, 68.317479417341616 ], [ 14.374478770116511, 68.317228845563463 ], [ 14.373307845278879, 68.31570862478624 ], [ 14.371166916458852, 68.315951705632415 ], [ 14.371053838498074, 68.316534198648782 ], [ 14.371301308076044, 68.317234832765322 ], [ 14.3721117873664, 68.317749141137455 ], [ 14.374217051631396, 68.317927563828007 ], [ 14.374465975686018, 68.317695204681883 ], [ 14.374350623637779, 68.317479417341616 ] ] ] ] } },
{ "type": "Feature", "properties": { "fid": 41129, "navn": null, "hoyde_moh": null, "arealInnsjo_km2": 0.0103, "magasinKategori": null, "fid_2": 813, "id": 813, "left": 13.986919847, "top": 68.446110046000001, "right": 14.486919847, "bottom": 67.946110046000001, "row_index": 12, "col_index": 20, "tile_id": 813 }, "geometry": { "type": "MultiPolygon", "coordinates": [ [ [ [ 14.26961852089268, 68.258428675515617 ], [ 14.269196882180514, 68.257996194644264 ], [ 14.269191892475025, 68.257395301000685 ], [ 14.268518079415117, 68.257284704619039 ], [ 14.267490711868708, 68.257638966996836 ], [ 14.267484969656262, 68.257818243533819 ], [ 14.267745293103973, 68.257998870808819 ], [ 14.267376434992284, 68.258185607890738 ], [ 14.267610565405088, 68.258428817333311 ], [ 14.269072035512659, 68.258874753982212 ], [ 14.269252823429701, 68.258516765297131 ], [ 14.26961852089268, 68.258428675515617 ] ] ] ] } },
{ "type": "Feature", "properties": { "fid": 41494, "navn": null, "hoyde_moh": null, "arealInnsjo_km2": 0.0025, "magasinKategori": null, "fid_2": 813, "id": 813, "left": 13.986919847, "top": 68.446110046000001, "right": 14.486919847, "bottom": 67.946110046000001, "row_index": 12, "col_index": 20, "tile_id": 813 }, "geometry": { "type": "MultiPolygon", "coordinates": [ [ [ [ 14.083251757481744, 68.31965800156425 ], [ 14.083312637683891, 68.31934448258805 ], [ 14.082767103301014, 68.31903650869765 ], [ 14.082030215207659, 68.319866645873532 ], [ 14.083251757481744, 68.31965800156425 ] ] ] ] } },
{ "type": "Feature", "properties": { "fid": 41525, "navn": "Svartåsvatnet", "hoyde_moh": null, "arealInnsjo_km2": 0.009, "magasinKategori": null, "fid_2": 813, "id": 813, "left": 13.986919847, "top": 68.446110046000001, "right": 14.486919847, "bottom": 67.946110046000001, "row_index": 12, "col_index": 20, "tile_id": 813 }, "geometry": { "type": "MultiPolygon", "coordinates": [ [ [ [ 14.247687508149369, 68.302201164944634 ], [ 14.247553040092212, 68.301868684140956 ], [ 14.247923359164389, 68.301664056174403 ], [ 14.247976261586956, 68.301529751579096 ], [ 14.247809577441595, 68.30143930362452 ], [ 14.246521908143217, 68.30153206120518 ], [ 14.246179602112884, 68.302355802162623 ], [ 14.246424570986614, 68.30301159830168 ], [ 14.246783665927737, 68.303147854926479 ], [ 14.247151941365281, 68.30300600626488 ], [ 14.247687508149369, 68.302201164944634 ] ] ] ] } },
{ "type": "Feature", "properties": { "fid": 41860, "navn": null, "hoyde_moh": null, "arealInnsjo_km2": 0.0097, "magasinKategori": null, "fid_2": 813, "id": 813, "left": 13.986919847, "top": 68.446110046000001, "right": 14.486919847, "bottom": 67.946110046000001, "row_index": 12, "col_index": 20, "tile_id": 813 }, "geometry": { "type": "MultiPolygon", "coordinates": [ [ [ [ 14.088941411490985, 68.230062550874734 ], [ 14.088931524514736, 68.229703700818703 ], [ 14.088146713978629, 68.229394419755721 ], [ 14.08773044467438, 68.229526683555591 ], [ 14.087059049263694, 68.229397417836395 ], [ 14.086331244269099, 68.229483116864586 ], [ 14.084962556381248, 68.22986129185955 ], [ 14.085318471549206, 68.230024709501336 ], [ 14.088647593049568, 68.230159608674953 ], [ 14.088941411490985, 68.230062550874734 ] ] ] ] } },
{ "type": "Feature", "properties": { "fid": 42762, "navn": null, "hoyde_moh": null, "arealInnsjo_km2": 0.0049, "magasinKategori": null, "fid_2": 813, "id": 813, "left": 13.986919847, "top": 68.446110046000001, "right": 14.486919847, "bottom": 67.946110046000001, "row_index": 12, "col_index": 20, "tile_id": 813 }, "geometry": { "type": "MultiPolygon", "coordinates": [ [ [ [ 14.162057938666969, 68.283548173170544 ], [ 14.162667582024444, 68.283434633726557 ], [ 14.162795229947189, 68.28325588134885 ], [ 14.161891206034396, 68.282811817555327 ], [ 14.161110759255331, 68.282960372528038 ], [ 14.161282078443877, 68.283571176124397 ], [ 14.16175814550833, 68.28379781620454 ], [ 14.162057938666969, 68.283548173170544 ] ] ] ] } },
{ "type": "Feature", "properties": { "fid": 49867, "navn": null, "hoyde_moh": null, "arealInnsjo_km2": 0.0078, "magasinKategori": null, "fid_2": 813, "id": 813, "left": 13.986919847, "top": 68.446110046000001, "right": 14.486919847, "bottom": 67.946110046000001, "row_index": 12, "col_index": 20, "tile_id": 813 }, "geometry": { "type": "MultiPolygon", "coordinates": [ [ [ [ 14.153439499988529, 68.295864853963081 ], [ 14.154403227689269, 68.295367534422383 ], [ 14.154409875574132, 68.295188084214473 ], [ 14.154220801315823, 68.295052578652644 ], [ 14.153421981789212, 68.295030491814288 ], [ 14.152883665173002, 68.295171270647998 ], [ 14.152103308315526, 68.295956725253205 ], [ 14.152595778862343, 68.296398747120946 ], [ 14.153080587894951, 68.296401212512805 ], [ 14.153439499988529, 68.295864853963081 ] ] ] ] } },
{ "type": "Feature", "properties": { "fid": 49892, "navn": null, "hoyde_moh": null, "arealInnsjo_km2": 0.0037, "magasinKategori": null, "fid_2": 813, "id": 813, "left": 13.986919847, "top": 68.446110046000001, "right": 14.486919847, "bottom": 67.946110046000001, "row_index": 12, "col_index": 20, "tile_id": 813 }, "geometry": { "type": "MultiPolygon", "coordinates": [ [ [ [ 14.149862697068436, 68.294312816812806 ], [ 14.15077216640692, 68.293958667039462 ], [ 14.149859938528133, 68.293729770818445 ], [ 14.149542337686169, 68.293799817669623 ], [ 14.149361058954367, 68.294112922032681 ], [ 14.148890735858521, 68.294379611315975 ], [ 14.149437912849624, 68.294651497803216 ], [ 14.149940342442148, 68.294628767851947 ], [ 14.149862697068436, 68.294312816812806 ] ] ] ] } },
{ "type": "Feature", "properties": { "fid": 49893, "navn": null, "hoyde_moh": null, "arealInnsjo_km2": 0.0095, "magasinKategori": null, "fid_2": 813, "id": 813, "left": 13.986919847, "top": 68.446110046000001, "right": 14.486919847, "bottom": 67.946110046000001, "row_index": 12, "col_index": 20, "tile_id": 813 }, "geometry": { "type": "MultiPolygon", "coordinates": [ [ [ [ 14.148895783714316, 68.29294448130014 ], [ 14.149130518576206, 68.292497194317463 ], [ 14.148756311208199, 68.292136403624866 ], [ 14.148347514515407, 68.292053676088059 ], [ 14.148168913790901, 68.292294945413218 ], [ 14.147926674287163, 68.292293706401594 ], [ 14.147792043420424, 68.292005986363947 ], [ 14.147367759468908, 68.29234457497752 ], [ 14.146888731181757, 68.292189726503139 ], [ 14.146278104932419, 68.292321143823727 ], [ 14.146285560461484, 68.292769668506324 ], [ 14.146593102635505, 68.292968578499583 ], [ 14.147245493456877, 68.293016768335249 ], [ 14.147369966560046, 68.292927708257864 ], [ 14.147254873429812, 68.292765663988902 ], [ 14.14749946219148, 68.292704127889621 ], [ 14.147738361328997, 68.292794957982466 ], [ 14.147847094140261, 68.293127483858314 ], [ 14.148402592625418, 68.29317517341461 ], [ 14.148895783714316, 68.29294448130014 ] ] ] ] } },
{ "type": "Feature", "properties": { "fid": 50251, "navn": null, "hoyde_moh": 398, "arealInnsjo_km2": 0.0074, "magasinKategori": null, "fid_2": 813, "id": 813, "left": 13.986919847, "top": 68.446110046000001, "right": 14.486919847, "bottom": 67.946110046000001, "row_index": 12, "col_index": 20, "tile_id": 813 }, "geometry": { "type": "MultiPolygon", "coordinates": [ [ [ [ 14.419450986130125, 68.281911426615792 ], [ 14.419741344987349, 68.281625329777341 ], [ 14.415835701099439, 68.281977712601659 ], [ 14.41601319620642, 68.282110812602681 ], [ 14.415605567749983, 68.282302492694271 ], [ 14.417447850792064, 68.282384021775101 ], [ 14.419450986130125, 68.281911426615792 ] ] ] ] } },
{ "type": "Feature", "properties": { "fid": 56547, "navn": null, "hoyde_moh": null, "arealInnsjo_km2": 0.0025, "magasinKategori": null, "fid_2": 813, "id": 813, "left": 13.986919847, "top": 68.446110046000001, "right": 14.486919847, "bottom": 67.946110046000001, "row_index": 12, "col_index": 20, "tile_id": 813 }, "geometry": { "type": "MultiPolygon", "coordinates": [ [ [ [ 14.080145847241779, 68.285053209899587 ], [ 14.079585034170636, 68.284893228247626 ], [ 14.078937641434932, 68.284261758620914 ], [ 14.078555707219214, 68.284237220891043 ], [ 14.078592136137088, 68.284528942837241 ], [ 14.07903746653311, 68.284939534914386 ], [ 14.079523959001667, 68.285242714987461 ], [ 14.080145847241779, 68.285053209899587 ] ] ] ] } },
{ "type": "Feature", "properties": { "fid": 56549, "navn": null, "hoyde_moh": null, "arealInnsjo_km2": 0.0027, "magasinKategori": null, "fid_2": 813, "id": 813, "left": 13.986919847, "top": 68.446110046000001, "right": 14.486919847, "bottom": 67.946110046000001, "row_index": 12, "col_index": 20, "tile_id": 813 }, "geometry": { "type": "MultiPolygon", "coordinates": [ [ [ [ 14.155554238736425, 68.291758489159321 ], [ 14.155911603507148, 68.29126696627587 ], [ 14.154941691497797, 68.291288957284493 ], [ 14.154585962683283, 68.291735727595807 ], [ 14.15494201393081, 68.291934778457787 ], [ 14.155554238736425, 68.291758489159321 ] ] ] ] } },
{ "type": "Feature", "properties": { "fid": 56554, "navn": null, "hoyde_moh": null, "arealInnsjo_km2": 0.0089, "magasinKategori": null, "fid_2": 813, "id": 813, "left": 13.986919847, "top": 68.446110046000001, "right": 14.486919847, "bottom": 67.946110046000001, "row_index": 12, "col_index": 20, "tile_id": 813 }, "geometry": { "type": "MultiPolygon", "coordinates": [ [ [ [ 14.326289017858221, 68.269502965104536 ], [ 14.326939652704375, 68.268770100188846 ], [ 14.326701086849081, 68.268652531944966 ], [ 14.326685054566415, 68.268383382628755 ], [ 14.325186025601516, 68.268323494192217 ], [ 14.325062379693742, 68.268412687625343 ], [ 14.325251476095028, 68.268565935632068 ], [ 14.325176228913676, 68.268655325370602 ], [ 14.324645686217368, 68.268590386872219 ], [ 14.324811113798795, 68.268725510667636 ], [ 14.324631108954835, 68.269083739042955 ], [ 14.324771809626991, 68.269236701480551 ], [ 14.32512740267391, 68.269489289327382 ], [ 14.326289017858221, 68.269502965104536 ] ] ] ] } },
{ "type": "Feature", "properties": { "fid": 56582, "navn": "Steinvatnet", "hoyde_moh": null, "arealInnsjo_km2": 0.0119, "magasinKategori": null, "fid_2": 813, "id": 813, "left": 13.986919847, "top": 68.446110046000001, "right": 14.486919847, "bottom": 67.946110046000001, "row_index": 12, "col_index": 20, "tile_id": 813 }, "geometry": { "type": "MultiPolygon", "coordinates": [ [ [ [ 14.10562175837852, 68.307795965008438 ], [ 14.105384280974294, 68.307669113438564 ], [ 14.10575772472427, 68.307419963698919 ], [ 14.105681860948266, 68.306881369554546 ], [ 14.10617823991017, 68.306588029671857 ], [ 14.106168056272615, 68.30622918368185 ], [ 14.106417470079734, 68.306051035852548 ], [ 14.105988448650022, 68.305869428855999 ], [ 14.105198169257511, 68.306232858932432 ], [ 14.104065213124306, 68.307913271255515 ], [ 14.104055706295, 68.308155314680576 ], [ 14.104779644524838, 68.308248902717978 ], [ 14.10562175837852, 68.307795965008438 ] ] ] ] } },
{ "type": "Feature", "properties": { "fid": 56583, "navn": "Stengvatnet", "hoyde_moh": null, "arealInnsjo_km2": 0.008, "magasinKategori": null, "fid_2": 813, "id": 813, "left": 13.986919847, "top": 68.446110046000001, "right": 14.486919847, "bottom": 67.946110046000001, "row_index": 12, "col_index": 20, "tile_id": 813 }, "geometry": { "type": "MultiPolygon", "coordinates": [ [ [ [ 14.134813244594541, 68.327602724854799 ], [ 14.134685481925217, 68.327126667288553 ], [ 14.134518282492156, 68.327063011724078 ], [ 14.133166540782351, 68.327513447009792 ], [ 14.133112215212266, 68.327665739496481 ], [ 14.133673355528432, 68.328224687717196 ], [ 14.135613639856178, 68.328252694108969 ], [ 14.134813244594541, 68.327602724854799 ] ] ] ] } },
{ "type": "Feature", "properties": { "fid": 56774, "navn": null, "hoyde_moh": null, "arealInnsjo_km2": 0.0073, "magasinKategori": null, "fid_2": 813, "id": 813, "left": 13.986919847, "top": 68.446110046000001, "right": 14.486919847, "bottom": 67.946110046000001, "row_index": 12, "col_index": 20, "tile_id": 813 }, "geometry": { "type": "MultiPolygon", "coordinates": [ [ [ [ 14.097151754474522, 68.231416962158221 ], [ 14.095826812230092, 68.230701138236256 ], [ 14.09498835480653, 68.230517176600927 ], [ 14.094617117283484, 68.230739401625527 ], [ 14.094729755942046, 68.230946322595628 ], [ 14.094603643968897, 68.231080183852754 ], [ 14.094863361804721, 68.231234176330105 ], [ 14.095703622227463, 68.231373119465374 ], [ 14.09641459292838, 68.231726901641494 ], [ 14.097089292055788, 68.231775418005228 ], [ 14.097263005199903, 68.231659753252671 ], [ 14.097151754474522, 68.231416962158221 ] ] ] ] } },
{ "type": "Feature", "properties": { "fid": 56783, "navn": null, "hoyde_moh": null, "arealInnsjo_km2": 0.0161, "magasinKategori": null, "fid_2": 813, "id": 813, "left": 13.986919847, "top": 68.446110046000001, "right": 14.486919847, "bottom": 67.946110046000001, "row_index": 12, "col_index": 20, "tile_id": 813 }, "geometry": { "type": "MultiPolygon", "coordinates": [ [ [ [ 14.031516342202744, 68.204666607199485 ], [ 14.030493271573999, 68.203745692796986 ], [ 14.029533400997467, 68.203614504147552 ], [ 14.02776206589375, 68.20383736126864 ], [ 14.028318378370036, 68.204378820391611 ], [ 14.02890896366177, 68.204687257049528 ], [ 14.029515782483699, 68.204601104931285 ], [ 14.030290472214375, 68.205116923349109 ], [ 14.031033987217416, 68.205228904664978 ], [ 14.031516342202744, 68.204666607199485 ] ] ] ] } },
{ "type": "Feature", "properties": { "fid": 56790, "navn": null, "hoyde_moh": null, "arealInnsjo_km2": 0.0099, "magasinKategori": null, "fid_2": 813, "id": 813, "left": 13.986919847, "top": 68.446110046000001, "right": 14.486919847, "bottom": 67.946110046000001, "row_index": 12, "col_index": 20, "tile_id": 813 }, "geometry": { "type": "MultiPolygon", "coordinates": [ [ [ [ 14.09976495714311, 68.228255801714624 ], [ 14.100596115069374, 68.228009235588829 ], [ 14.100974622983747, 68.228208531444793 ], [ 14.101626369234936, 68.22822999602856 ], [ 14.100058157638648, 68.227557739357295 ], [ 14.100236051241163, 68.227334455750054 ], [ 14.099998730605321, 68.227225531968969 ], [ 14.099750132835277, 68.227403582889977 ], [ 14.099891970119129, 68.22755683921946 ], [ 14.099760188545888, 68.227762432542448 ], [ 14.099397857914955, 68.227760469166412 ], [ 14.099044346553518, 68.227534305804596 ], [ 14.09891070588732, 68.227246544956913 ], [ 14.098670216339373, 68.227218330995086 ], [ 14.09776023902168, 68.227626007115603 ], [ 14.098312779293197, 68.228319687208383 ], [ 14.09976495714311, 68.228255801714624 ] ] ] ] } },
{ "type": "Feature", "properties": { "fid": 60632, "navn": "Blålyngvatnan", "hoyde_moh": 179, "arealInnsjo_km2": 0.1814, "magasinKategori": null, "fid_2": 813, "id": 813, "left": 13.986919847, "top": 68.446110046000001, "right": 14.486919847, "bottom": 67.946110046000001, "row_index": 12, "col_index": 20, "tile_id": 813 }, "geometry": { "type": "MultiPolygon", "coordinates": [ [ [ [ 14.46572699198135, 68.304663477598709 ], [ 14.46586360790128, 68.304315728219109 ], [ 14.466099116499722, 68.304258092914935 ], [ 14.469688889924072, 68.304172148828869 ], [ 14.471070792525362, 68.30373381742838 ], [ 14.471029568502688, 68.303211764635634 ], [ 14.471340943878751, 68.302776487348879 ], [ 14.470835430676075, 68.302657116281452 ], [ 14.471223407855838, 68.302074806967752 ], [ 14.470981762554782, 68.301980490455918 ], [ 14.471363838492252, 68.30179872983841 ], [ 14.471069607400661, 68.301766852139821 ], [ 14.471237342866905, 68.30171401731198 ], [ 14.470844098682973, 68.301332202672441 ], [ 14.471056517888591, 68.301223182882168 ], [ 14.470938124869182, 68.301123696528748 ], [ 14.471287272593585, 68.301117719022088 ], [ 14.471355528005439, 68.300943841968916 ], [ 14.471164763983559, 68.300693801103023 ], [ 14.470559292296324, 68.300518322866623 ], [ 14.471113512333416, 68.300447700908578 ], [ 14.47092032200891, 68.300375781842021 ], [ 14.471083615629809, 68.300315488583578 ], [ 14.470931702519094, 68.300156698574725 ], [ 14.471437886740048, 68.299888957739384 ], [ 14.470578678593972, 68.299515529685195 ], [ 14.470336055873254, 68.299245321495619 ], [ 14.469753501049304, 68.299128482417487 ], [ 14.46952044042621, 68.298801976351584 ], [ 14.469058690985404, 68.298607755734849 ], [ 14.468451787047657, 68.298590483141851 ], [ 14.468169093182768, 68.298731026561867 ], [ 14.467794533524943, 68.298560400826219 ], [ 14.467580461206406, 68.298771840372481 ], [ 14.466397193876452, 68.298539876442561 ], [ 14.466299668815012, 68.298616879286158 ], [ 14.466538295473807, 68.298755052897221 ], [ 14.465838628223606, 68.298600781886208 ], [ 14.465355836100301, 68.298706326584977 ], [ 14.465487971854516, 68.299014217561833 ], [ 14.46618149579024, 68.299524819886628 ], [ 14.466276548808741, 68.299947487843312 ], [ 14.466137881922529, 68.300156386619321 ], [ 14.466378555553737, 68.300186935585899 ], [ 14.466492587370949, 68.300378615493386 ], [ 14.465300450021223, 68.300594541529065 ], [ 14.464152277891179, 68.301135647264559 ], [ 14.46361197654586, 68.300993988055552 ], [ 14.463492511331273, 68.301333270171028 ], [ 14.461827314136022, 68.301934223862716 ], [ 14.462524950726049, 68.303073152684647 ], [ 14.463131343735908, 68.303364277039663 ], [ 14.462892130842508, 68.303496969091242 ], [ 14.462862347738294, 68.303969285094325 ], [ 14.462526924175746, 68.303925778905807 ], [ 14.462654205598113, 68.30416154328951 ], [ 14.462838707156212, 68.3043453804965 ], [ 14.464041705481504, 68.304543259326408 ], [ 14.464382570020952, 68.304820160525665 ], [ 14.46572699198135, 68.304663477598709 ] ] ] ] } },
{ "type": "Feature", "properties": { "fid": 70871, "navn": null, "hoyde_moh": null, "arealInnsjo_km2": 0.0084, "magasinKategori": null, "fid_2": 813, "id": 813, "left": 13.986919847, "top": 68.446110046000001, "right": 14.486919847, "bottom": 67.946110046000001, "row_index": 12, "col_index": 20, "tile_id": 813 }, "geometry": { "type": "MultiPolygon", "coordinates": [ [ [ [ 14.039253962282336, 68.202029618003678 ], [ 14.038753671063889, 68.201874141882925 ], [ 14.038760436858128, 68.201712720715491 ], [ 14.038404916274931, 68.201558171403903 ], [ 14.03793982076224, 68.201012790388248 ], [ 14.037560793683548, 68.200970228222047 ], [ 14.037445471756214, 68.201417970986327 ], [ 14.036835508804515, 68.201575983205643 ], [ 14.036657953283898, 68.201781263470153 ], [ 14.036770304794603, 68.201979255910672 ], [ 14.037555231477153, 68.202252909059894 ], [ 14.0390553104461, 68.202162839096232 ], [ 14.039253962282336, 68.202029618003678 ] ] ] ] } },
{ "type": "Feature", "properties": { "fid": 70934, "navn": null, "hoyde_moh": null, "arealInnsjo_km2": 0.0054, "magasinKategori": null, "fid_2": 813, "id": 813, "left": 13.986919847, "top": 68.446110046000001, "right": 14.486919847, "bottom": 67.946110046000001, "row_index": 12, "col_index": 20, "tile_id": 813 }, "geometry": { "type": "MultiPolygon", "coordinates": [ [ [ [ 14.32974083738401, 68.182297345531964 ], [ 14.329624224001012, 68.182162241092101 ], [ 14.327611963265216, 68.181714588343866 ], [ 14.327622938436216, 68.182163111506497 ], [ 14.328767307967492, 68.182607254706923 ], [ 14.329491369352423, 68.182583274000336 ], [ 14.32974083738401, 68.182297345531964 ] ] ] ] } },
{ "type": "Feature", "properties": { "fid": 75767, "navn": null, "hoyde_moh": null, "arealInnsjo_km2": 0.0029, "magasinKategori": null, "fid_2": 813, "id": 813, "left": 13.986919847, "top": 68.446110046000001, "right": 14.486919847, "bottom": 67.946110046000001, "row_index": 12, "col_index": 20, "tile_id": 813 }, "geometry": { "type": "MultiPolygon", "coordinates": [ [ [ [ 14.170377190467327, 68.286549830495858 ], [ 14.170124071051161, 68.286189781467002 ], [ 14.169646650670266, 68.285990068272383 ], [ 14.168867450982702, 68.286102787212826 ], [ 14.169229079169243, 68.286149529875061 ], [ 14.169335490697426, 68.286553607392506 ], [ 14.169689591447254, 68.286661036316687 ], [ 14.170377190467327, 68.286549830495858 ] ] ] ] } },
{ "type": "Feature", "properties": { "fid": 75949, "navn": null, "hoyde_moh": null, "arealInnsjo_km2": 0.0029, "magasinKategori": null, "fid_2": 813, "id": 813, "left": 13.986919847, "top": 68.446110046000001, "right": 14.486919847, "bottom": 67.946110046000001, "row_index": 12, "col_index": 20, "tile_id": 813 }, "geometry": { "type": "MultiPolygon", "coordinates": [ [ [ [ 14.149671179583251, 68.297496089921452 ], [ 14.149370903071016, 68.297099889370458 ], [ 14.148765842298179, 68.297078949106549 ], [ 14.148222766344194, 68.297345175255103 ], [ 14.14870066588025, 68.297526922686345 ], [ 14.148598729629143, 68.297660947571686 ], [ 14.14876599244451, 68.297724680019329 ], [ 14.149671179583251, 68.297496089921452 ] ] ] ] } },
{ "type": "Feature", "properties": { "fid": 81699, "navn": null, "hoyde_moh": null, "arealInnsjo_km2": 0.0051, "magasinKategori": null, "fid_2": 813, "id": 813, "left": 13.986919847, "top": 68.446110046000001, "right": 14.486919847, "bottom": 67.946110046000001, "row_index": 12, "col_index": 20, "tile_id": 813 }, "geometry": { "type": "MultiPolygon", "coordinates": [ [ [ [ 14.042271318052636, 68.219350099036802 ], [ 14.042231647403026, 68.219143560450107 ], [ 14.040479137012081, 68.218891256732192 ], [ 14.040610869022389, 68.21920596751599 ], [ 14.041696450485748, 68.219813313084842 ], [ 14.042300115609866, 68.219816794428652 ], [ 14.042530551116066, 68.219504173019118 ], [ 14.042271318052636, 68.219350099036802 ] ] ] ] } },
{ "type": "Feature", "properties": { "fid": 81852, "navn": null, "hoyde_moh": null, "arealInnsjo_km2": 0.0028, "magasinKategori": null, "fid_2": 813, "id": 813, "left": 13.986919847, "top": 68.446110046000001, "right": 14.486919847, "bottom": 67.946110046000001, "row_index": 12, "col_index": 20, "tile_id": 813 }, "geometry": { "type": "MultiPolygon", "coordinates": [ [ [ [ 14.267314461408697, 68.237465589633132 ], [ 14.266462595197412, 68.237650194333682 ], [ 14.268140704486397, 68.238097190772024 ], [ 14.268768000777944, 68.238117800777331 ], [ 14.267314461408697, 68.237465589633132 ] ] ] ] } },
{ "type": "Feature", "properties": { "fid": 81893, "navn": "Svarttjørna", "hoyde_moh": null, "arealInnsjo_km2": 0.0055, "magasinKategori": null, "fid_2": 813, "id": 813, "left": 13.986919847, "top": 68.446110046000001, "right": 14.486919847, "bottom": 67.946110046000001, "row_index": 12, "col_index": 20, "tile_id": 813 }, "geometry": { "type": "MultiPolygon", "coordinates": [ [ [ [ 14.054463467917687, 68.225313303313413 ], [ 14.052282663916266, 68.224888170192045 ], [ 14.051867254145481, 68.225002409771946 ], [ 14.051928575668999, 68.22527185877604 ], [ 14.05278063395958, 68.225698306972276 ], [ 14.054463467917687, 68.225313303313413 ] ] ] ] } },
{ "type": "Feature", "properties": { "fid": 81894, "navn": null, "hoyde_moh": null, "arealInnsjo_km2": 0.0037, "magasinKategori": null, "fid_2": 813, "id": 813, "left": 13.986919847, "top": 68.446110046000001, "right": 14.486919847, "bottom": 67.946110046000001, "row_index": 12, "col_index": 20, "tile_id": 813 }, "geometry": { "type": "MultiPolygon", "coordinates": [ [ [ [ 14.417014951698322, 68.230146975714987 ], [ 14.417019974259116, 68.229949666297756 ], [ 14.416003449394482, 68.230017852587551 ], [ 14.415694194034124, 68.229837377317224 ], [ 14.415031343303921, 68.230238669050877 ], [ 14.416069067762777, 68.230287165511314 ], [ 14.416061750148055, 68.230574160965389 ], [ 14.416423465622223, 68.230602339732798 ], [ 14.417014951698322, 68.230146975714987 ] ] ] ] } },
{ "type": "Feature", "properties": { "fid": 81895, "navn": null, "hoyde_moh": null, "arealInnsjo_km2": 0.003, "magasinKategori": null, "fid_2": 813, "id": 813, "left": 13.986919847, "top": 68.446110046000001, "right": 14.486919847, "bottom": 67.946110046000001, "row_index": 12, "col_index": 20, "tile_id": 813 }, "geometry": { "type": "MultiPolygon", "coordinates": [ [ [ [ 14.10042306093141, 68.229954672367498 ], [ 14.099687922206192, 68.229600866062256 ], [ 14.099694268045027, 68.229439442649152 ], [ 14.099260144895915, 68.229419150370674 ], [ 14.098836064433842, 68.229757706569458 ], [ 14.09949942669866, 68.230093187995905 ], [ 14.10042306093141, 68.229954672367498 ] ] ] ] } },
{ "type": "Feature", "properties": { "fid": 82205, "navn": "Kalvtjønna", "hoyde_moh": null, "arealInnsjo_km2": 0.0178, "magasinKategori": null, "fid_2": 813, "id": 813, "left": 13.986919847, "top": 68.446110046000001, "right": 14.486919847, "bottom": 67.946110046000001, "row_index": 12, "col_index": 20, "tile_id": 813 }, "geometry": { "type": "MultiPolygon", "coordinates": [ [ [ [ 14.340033693195009, 68.20336304682445 ], [ 14.340213703060195, 68.202978162010595 ], [ 14.339551475405635, 68.202509113106771 ], [ 14.337174789023301, 68.202069193152283 ], [ 14.336859166993934, 68.202193326893081 ], [ 14.336704378152332, 68.202488793037048 ], [ 14.337264584438174, 68.203145716879405 ], [ 14.338046919809443, 68.203633282648809 ], [ 14.33907888078126, 68.203834723665864 ], [ 14.340033693195009, 68.20336304682445 ] ], [ [ 14.337230320959089, 68.202477439184477 ], [ 14.337293805600215, 68.20252702507301 ], [ 14.33709861463139, 68.202575578273681 ], [ 14.337230320959089, 68.202477439184477 ] ] ] ] } },
{ "type": "Feature", "properties": { "fid": 84197, "navn": null, "hoyde_moh": null, "arealInnsjo_km2": 0.0028, "magasinKategori": null, "fid_2": 813, "id": 813, "left": 13.986919847, "top": 68.446110046000001, "right": 14.486919847, "bottom": 67.946110046000001, "row_index": 12, "col_index": 20, "tile_id": 813 }, "geometry": { "type": "MultiPolygon", "coordinates": [ [ [ [ 14.148342574812986, 68.294134447713674 ], [ 14.147382576278723, 68.293887533552351 ], [ 14.147061611401192, 68.294047345458296 ], [ 14.147069082687777, 68.294495870025969 ], [ 14.147990019629317, 68.294491523513258 ], [ 14.148342574812986, 68.294134447713674 ] ] ] ] } },
{ "type": "Feature", "properties": { "fid": 84235, "navn": null, "hoyde_moh": null, "arealInnsjo_km2": 0.0042, "magasinKategori": null, "fid_2": 813, "id": 813, "left": 13.986919847, "top": 68.446110046000001, "right": 14.486919847, "bottom": 67.946110046000001, "row_index": 12, "col_index": 20, "tile_id": 813 }, "geometry": { "type": "MultiPolygon", "coordinates": [ [ [ [ 14.079255880784665, 68.314074783274449 ], [ 14.079557942220212, 68.313807356691441 ], [ 14.079318013199432, 68.31374324293337 ], [ 14.079305715269118, 68.313447170782851 ], [ 14.078288834812289, 68.31340567186875 ], [ 14.078108233688551, 68.313673857676633 ], [ 14.077740921129912, 68.313761344765524 ], [ 14.077803501810768, 68.31401293585543 ], [ 14.078294236238758, 68.313872043033811 ], [ 14.078524259471955, 68.314187258641908 ], [ 14.079447200150424, 68.31414759849936 ], [ 14.079255880784665, 68.314074783274449 ] ] ] ] } },
{ "type": "Feature", "properties": { "fid": 84402, "navn": null, "hoyde_moh": null, "arealInnsjo_km2": 0.0081, "magasinKategori": null, "fid_2": 813, "id": 813, "left": 13.986919847, "top": 68.446110046000001, "right": 14.486919847, "bottom": 67.946110046000001, "row_index": 12, "col_index": 20, "tile_id": 813 }, "geometry": { "type": "MultiPolygon", "coordinates": [ [ [ [ 14.136029108229829, 68.324335083058614 ], [ 14.136326656721755, 68.324166289499686 ], [ 14.136508560539705, 68.323207382508357 ], [ 14.136200020386839, 68.323026390263635 ], [ 14.137100755505028, 68.322304506939048 ], [ 14.136632083393922, 68.322508384420345 ], [ 14.136451086507765, 68.322803268371416 ], [ 14.135888085337784, 68.322935076979647 ], [ 14.135843428983751, 68.323473028445591 ], [ 14.135164229603408, 68.323469597067415 ], [ 14.135122961446363, 68.323917779108996 ], [ 14.134330373174537, 68.324344212962302 ], [ 14.134374461209646, 68.324461048125357 ], [ 14.136029108229829, 68.324335083058614 ] ] ] ] } },
{ "type": "Feature", "properties": { "fid": 84458, "navn": "Trolltjønna", "hoyde_moh": null, "arealInnsjo_km2": 0.0031, "magasinKategori": null, "fid_2": 813, "id": 813, "left": 13.986919847, "top": 68.446110046000001, "right": 14.486919847, "bottom": 67.946110046000001, "row_index": 12, "col_index": 20, "tile_id": 813 }, "geometry": { "type": "MultiPolygon", "coordinates": [ [ [ [ 14.089232096136195, 68.258597333885731 ], [ 14.088950773633732, 68.258371546816591 ], [ 14.088225859947777, 68.258349635488344 ], [ 14.087846012461542, 68.258168155787075 ], [ 14.087499158459636, 68.25837256053164 ], [ 14.088808395664788, 68.25890895897858 ], [ 14.089174790635255, 68.25882126677179 ], [ 14.089232096136195, 68.258597333885731 ] ] ] ] } },
{ "type": "Feature", "properties": { "fid": 84705, "navn": null, "hoyde_moh": null, "arealInnsjo_km2": 0.0071, "magasinKategori": null, "fid_2": 813, "id": 813, "left": 13.986919847, "top": 68.446110046000001, "right": 14.486919847, "bottom": 67.946110046000001, "row_index": 12, "col_index": 20, "tile_id": 813 }, "geometry": { "type": "MultiPolygon", "coordinates": [ [ [ [ 14.169760800474297, 68.285515243455478 ], [ 14.171026593370696, 68.285342065889381 ], [ 14.17108763510697, 68.285001611006876 ], [ 14.168011264259912, 68.285004208364427 ], [ 14.168925024424952, 68.285851922990133 ], [ 14.169532089585081, 68.285810013348595 ], [ 14.169760800474297, 68.285515243455478 ] ] ] ] } },
{ "type": "Feature", "properties": { "fid": 101352, "navn": "Svarttjønna", "hoyde_moh": 23, "arealInnsjo_km2": 0.0279, "magasinKategori": null, "fid_2": 813, "id": 813, "left": 13.986919847, "top": 68.446110046000001, "right": 14.486919847, "bottom": 67.946110046000001, "row_index": 12, "col_index": 20, "tile_id": 813 }, "geometry": { "type": "MultiPolygon", "coordinates": [ [ [ [ 14.453871153814896, 68.22645257065949 ], [ 14.454090570137105, 68.226348529368053 ], [ 14.454140998372839, 68.226016559134422 ], [ 14.453586431768711, 68.225496485987463 ], [ 14.453640130512198, 68.225230182436789 ], [ 14.453382981830853, 68.225174623509304 ], [ 14.453186328407478, 68.22467958447065 ], [ 14.451442177794689, 68.224128676624446 ], [ 14.450771993530577, 68.224335000727422 ], [ 14.45080732402587, 68.22450365213875 ], [ 14.450304248183839, 68.225023468275623 ], [ 14.450660905694617, 68.225431857570882 ], [ 14.451030473709421, 68.225533894769995 ], [ 14.450841911770908, 68.22593267807008 ], [ 14.451539999999566, 68.226197337966411 ], [ 14.451388349242674, 68.226406720754667 ], [ 14.451659062379747, 68.226562066956078 ], [ 14.453871153814896, 68.22645257065949 ] ] ] ] } },
{ "type": "Feature", "properties": { "fid": 115290, "navn": null, "hoyde_moh": null, "arealInnsjo_km2": 0.003, "magasinKategori": null, "fid_2": 813, "id": 813, "left": 13.986919847, "top": 68.446110046000001, "right": 14.486919847, "bottom": 67.946110046000001, "row_index": 12, "col_index": 20, "tile_id": 813 }, "geometry": { "type": "MultiPolygon", "coordinates": [ [ [ [ 14.20251624705959, 68.294985815602928 ], [ 14.201964353123895, 68.294830688806044 ], [ 14.200868488316612, 68.294986888787847 ], [ 14.201724983441048, 68.295439477133243 ], [ 14.20201571483876, 68.295440870053071 ], [ 14.20251624705959, 68.294985815602928 ] ] ] ] } },
{ "type": "Feature", "properties": { "fid": 115332, "navn": "Lomtjønna", "hoyde_moh": null, "arealInnsjo_km2": 0.0048, "magasinKategori": null, "fid_2": 813, "id": 813, "left": 13.986919847, "top": 68.446110046000001, "right": 14.486919847, "bottom": 67.946110046000001, "row_index": 12, "col_index": 20, "tile_id": 813 }, "geometry": { "type": "MultiPolygon", "coordinates": [ [ [ [ 14.076947514189907, 68.266844706375096 ], [ 14.077002308751085, 68.266692432670183 ], [ 14.075994040923471, 68.266489410010109 ], [ 14.074712243367024, 68.267065419643288 ], [ 14.075187825732611, 68.267274550048171 ], [ 14.076947514189907, 68.266844706375096 ] ] ] ] } },
{ "type": "Feature", "properties": { "fid": 115507, "navn": null, "hoyde_moh": null, "arealInnsjo_km2": 0.0035, "magasinKategori": null, "fid_2": 813, "id": 813, "left": 13.986919847, "top": 68.446110046000001, "right": 14.486919847, "bottom": 67.946110046000001, "row_index": 12, "col_index": 20, "tile_id": 813 }, "geometry": { "type": "MultiPolygon", "coordinates": [ [ [ [ 14.135102982313041, 68.32508364868292 ], [ 14.133597181183212, 68.324483920807197 ], [ 14.133180356769428, 68.324598450746919 ], [ 14.134134678284587, 68.325024805710413 ], [ 14.134698492802936, 68.325512276093946 ], [ 14.135064085478428, 68.325469234339863 ], [ 14.135102982313041, 68.32508364868292 ] ] ] ] } },
{ "type": "Feature", "properties": { "fid": 115508, "navn": null, "hoyde_moh": null, "arealInnsjo_km2": 0.0054, "magasinKategori": null, "fid_2": 813, "id": 813, "left": 13.986919847, "top": 68.446110046000001, "right": 14.486919847, "bottom": 67.946110046000001, "row_index": 12, "col_index": 20, "tile_id": 813 }, "geometry": { "type": "MultiPolygon", "coordinates": [ [ [ [ 14.137238551352056, 68.326996378656361 ], [ 14.138137715497276, 68.32631932994002 ], [ 14.138199804141287, 68.325960772794048 ], [ 14.138885174261308, 68.325802858323158 ], [ 14.13856485951152, 68.325290020462333 ], [ 14.138201653450588, 68.325270204527669 ], [ 14.137535463112592, 68.325562760981356 ], [ 14.137652272010362, 68.326316820552051 ], [ 14.137250434350198, 68.326682500334257 ], [ 14.137063632200091, 68.327130019321544 ], [ 14.137353069072555, 68.327176275487602 ], [ 14.137238551352056, 68.326996378656361 ] ] ] ] } },
{ "type": "Feature", "properties": { "fid": 115536, "navn": "Førstevatnet", "hoyde_moh": null, "arealInnsjo_km2": 0.0115, "magasinKategori": null, "fid_2": 813, "id": 813, "left": 13.986919847, "top": 68.446110046000001, "right": 14.486919847, "bottom": 67.946110046000001, "row_index": 12, "col_index": 20, "tile_id": 813 }, "geometry": { "type": "MultiPolygon", "coordinates": [ [ [ [ 14.3525975315584, 68.219091306019749 ], [ 14.352951794936683, 68.218527607710357 ], [ 14.35264523022872, 68.218266297775301 ], [ 14.351733994470278, 68.218038506618157 ], [ 14.350768640289113, 68.218016797497611 ], [ 14.34981852845873, 68.218309075116295 ], [ 14.351580779209764, 68.219186004983868 ], [ 14.3525975315584, 68.219091306019749 ] ] ] ] } },
{ "type": "Feature", "properties": { "fid": 115578, "navn": null, "hoyde_moh": null, "arealInnsjo_km2": 0.0052, "magasinKategori": null, "fid_2": 813, "id": 813, "left": 13.986919847, "top": 68.446110046000001, "right": 14.486919847, "bottom": 67.946110046000001, "row_index": 12, "col_index": 20, "tile_id": 813 }, "geometry": { "type": "MultiPolygon", "coordinates": [ [ [ [ 14.331557945223118, 68.2308477479597 ], [ 14.330999119440969, 68.230953223268045 ], [ 14.330577127901828, 68.231337123559086 ], [ 14.330590802014207, 68.231695959289908 ], [ 14.331066945868871, 68.231940053324919 ], [ 14.331501846063608, 68.231941803175758 ], [ 14.332042023589228, 68.2316479810667 ], [ 14.331557945223118, 68.2308477479597 ] ] ] ] } },
{ "type": "Feature", "properties": { "fid": 115579, "navn": null, "hoyde_moh": null, "arealInnsjo_km2": 0.0076, "magasinKategori": null, "fid_2": 813, "id": 813, "left": 13.986919847, "top": 68.446110046000001, "right": 14.486919847, "bottom": 67.946110046000001, "row_index": 12, "col_index": 20, "tile_id": 813 }, "geometry": { "type": "MultiPolygon", "coordinates": [ [ [ [ 14.009668881664638, 68.230461194314529 ], [ 14.009008477154042, 68.230645628401135 ], [ 14.009065717936378, 68.230439658674157 ], [ 14.009734405689461, 68.230057932754335 ], [ 14.009497730017703, 68.229948881679888 ], [ 14.00791935996768, 68.230127927072402 ], [ 14.007934974401579, 68.230325271657648 ], [ 14.008762245122487, 68.230751710728725 ], [ 14.009485038846661, 68.230800960347523 ], [ 14.010150995648159, 68.23104711953259 ], [ 14.011720506514406, 68.231074400679304 ], [ 14.011248183175757, 68.230820430014205 ], [ 14.009668881664638, 68.230461194314529 ] ] ] ] } },
{ "type": "Feature", "properties": { "fid": 115844, "navn": null, "hoyde_moh": null, "arealInnsjo_km2": 0.0047, "magasinKategori": null, "fid_2": 813, "id": 813, "left": 13.986919847, "top": 68.446110046000001, "right": 14.486919847, "bottom": 67.946110046000001, "row_index": 12, "col_index": 20, "tile_id": 813 }, "geometry": { "type": "MultiPolygon", "coordinates": [ [ [ [ 14.136013654013214, 68.313221521082482 ], [ 14.134423283278192, 68.312953148390918 ], [ 14.133589386134229, 68.313199968580534 ], [ 14.134134447045847, 68.313534680642746 ], [ 14.135135173438963, 68.313569834576484 ], [ 14.136013654013214, 68.313221521082482 ] ] ] ] } },
{ "type": "Feature", "properties": { "fid": 122902, "navn": null, "hoyde_moh": null, "arealInnsjo_km2": 0.0029, "magasinKategori": null, "fid_2": 813, "id": 813, "left": 13.986919847, "top": 68.446110046000001, "right": 14.486919847, "bottom": 67.946110046000001, "row_index": 12, "col_index": 20, "tile_id": 813 }, "geometry": { "type": "MultiPolygon", "coordinates": [ [ [ [ 14.113013144333847, 68.261111802426285 ], [ 14.112776457145975, 68.260975993090454 ], [ 14.111932226443246, 68.260908700098867 ], [ 14.11161182703618, 68.261059476530193 ], [ 14.111793159282609, 68.261374388481627 ], [ 14.112829891159009, 68.261469618157847 ], [ 14.113013144333847, 68.261111802426285 ] ] ] ] } },
{ "type": "Feature", "properties": { "fid": 123030, "navn": null, "hoyde_moh": null, "arealInnsjo_km2": 0.0039, "magasinKategori": null, "fid_2": 813, "id": 813, "left": 13.986919847, "top": 68.446110046000001, "right": 14.486919847, "bottom": 67.946110046000001, "row_index": 12, "col_index": 20, "tile_id": 813 }, "geometry": { "type": "MultiPolygon", "coordinates": [ [ [ [ 14.140902658773518, 68.339868866216548 ], [ 14.14096135602688, 68.339600077766931 ], [ 14.140598934966155, 68.339553363059252 ], [ 14.139810306706734, 68.339863238507476 ], [ 14.138712047664333, 68.340655786014054 ], [ 14.139148325494471, 68.340675976726686 ], [ 14.140902658773518, 68.339868866216548 ] ] ] ] } },
{ "type": "Feature", "properties": { "fid": 133340, "navn": null, "hoyde_moh": null, "arealInnsjo_km2": 0.0029, "magasinKategori": null, "fid_2": 813, "id": 813, "left": 13.986919847, "top": 68.446110046000001, "right": 14.486919847, "bottom": 67.946110046000001, "row_index": 12, "col_index": 20, "tile_id": 813 }, "geometry": { "type": "MultiPolygon", "coordinates": [ [ [ [ 14.26345117590253, 68.229079782972462 ], [ 14.263264257809194, 68.228881712619497 ], [ 14.262781681465894, 68.228861722943833 ], [ 14.261709455108281, 68.229152870381057 ], [ 14.261822198085563, 68.229395550819007 ], [ 14.262618840154333, 68.229416937102457 ], [ 14.26345117590253, 68.229079782972462 ] ] ] ] } },
{ "type": "Feature", "properties": { "fid": 133341, "navn": null, "hoyde_moh": null, "arealInnsjo_km2": 0.0052, "magasinKategori": null, "fid_2": 813, "id": 813, "left": 13.986919847, "top": 68.446110046000001, "right": 14.486919847, "bottom": 67.946110046000001, "row_index": 12, "col_index": 20, "tile_id": 813 }, "geometry": { "type": "MultiPolygon", "coordinates": [ [ [ [ 14.33528774318501, 68.229714610196524 ], [ 14.334381962479869, 68.229289327950795 ], [ 14.333947628814329, 68.229269828099333 ], [ 14.332873432448615, 68.2296511187877 ], [ 14.333229807808976, 68.229858847858068 ], [ 14.334263688896066, 68.230033413498163 ], [ 14.33528774318501, 68.229714610196524 ] ] ] ] } },
{ "type": "Feature", "properties": { "fid": 133342, "navn": null, "hoyde_moh": null, "arealInnsjo_km2": 0.0034, "magasinKategori": null, "fid_2": 813, "id": 813, "left": 13.986919847, "top": 68.446110046000001, "right": 14.486919847, "bottom": 67.946110046000001, "row_index": 12, "col_index": 20, "tile_id": 813 }, "geometry": { "type": "MultiPolygon", "coordinates": [ [ [ [ 14.060594180508728, 68.230747899185459 ], [ 14.060396198081461, 68.230567291262645 ], [ 14.059758583081221, 68.23050098501858 ], [ 14.057897311601364, 68.230517353649205 ], [ 14.058130649905603, 68.230724985189255 ], [ 14.060594180508728, 68.230747899185459 ] ] ] ] } },
{ "type": "Feature", "properties": { "fid": 133361, "navn": null, "hoyde_moh": null, "arealInnsjo_km2": 0.0034, "magasinKategori": null, "fid_2": 813, "id": 813, "left": 13.986919847, "top": 68.446110046000001, "right": 14.486919847, "bottom": 67.946110046000001, "row_index": 12, "col_index": 20, "tile_id": 813 }, "geometry": { "type": "MultiPolygon", "coordinates": [ [ [ [ 14.077122346556662, 68.314574175685749 ], [ 14.076896214705249, 68.314259069332621 ], [ 14.076457229708002, 68.314319426656155 ], [ 14.077433214485925, 68.314773232604807 ], [ 14.076817950134986, 68.31499416185855 ], [ 14.076961620623788, 68.315039806565366 ], [ 14.077929470961905, 68.315090011877828 ], [ 14.078286541579395, 68.315262413200003 ], [ 14.079003498413076, 68.314925432708833 ], [ 14.077122346556662, 68.314574175685749 ] ], [ [ 14.077986548989614, 68.314884021579388 ], [ 14.077741176117302, 68.314954333182655 ], [ 14.077744799566238, 68.314864744661804 ], [ 14.077986548989614, 68.314884021579388 ] ] ] ] } },
{ "type": "Feature", "properties": { "fid": 133362, "navn": null, "hoyde_moh": null, "arealInnsjo_km2": 0.0085, "magasinKategori": null, "fid_2": 813, "id": 813, "left": 13.986919847, "top": 68.446110046000001, "right": 14.486919847, "bottom": 67.946110046000001, "row_index": 12, "col_index": 20, "tile_id": 813 }, "geometry": { "type": "MultiPolygon", "coordinates": [ [ [ [ 14.150504767432967, 68.315466666573784 ], [ 14.150753933342035, 68.315288542109656 ], [ 14.150739950999046, 68.315019290247349 ], [ 14.149173617508568, 68.314742302077889 ], [ 14.148975953497004, 68.314839959832554 ], [ 14.148933296476443, 68.315333075616834 ], [ 14.148267534664807, 68.315625675628795 ], [ 14.148576405806944, 68.315797677709782 ], [ 14.150392736466411, 68.315869732065181 ], [ 14.150504767432967, 68.315466666573784 ] ] ] ] } },
{ "type": "Feature", "properties": { "fid": 133380, "navn": null, "hoyde_moh": null, "arealInnsjo_km2": 0.0051, "magasinKategori": null, "fid_2": 813, "id": 813, "left": 13.986919847, "top": 68.446110046000001, "right": 14.486919847, "bottom": 67.946110046000001, "row_index": 12, "col_index": 20, "tile_id": 813 }, "geometry": { "type": "MultiPolygon", "coordinates": [ [ [ [ 14.051634809424009, 68.274954699670332 ], [ 14.052969054484823, 68.274890536730226 ], [ 14.052665545601043, 68.274619712204824 ], [ 14.050926172795709, 68.274528984890921 ], [ 14.049995959446894, 68.274774925927261 ], [ 14.050059249041725, 68.274999624833853 ], [ 14.050417482196313, 68.275118188087419 ], [ 14.051634809424009, 68.274954699670332 ] ] ] ] } },
{ "type": "Feature", "properties": { "fid": 133410, "navn": null, "hoyde_moh": null, "arealInnsjo_km2": 0.0028, "magasinKategori": null, "fid_2": 813, "id": 813, "left": 13.986919847, "top": 68.446110046000001, "right": 14.486919847, "bottom": 67.946110046000001, "row_index": 12, "col_index": 20, "tile_id": 813 }, "geometry": { "type": "MultiPolygon", "coordinates": [ [ [ [ 14.272575177272143, 68.216428069311007 ], [ 14.272458725576884, 68.216293015092518 ], [ 14.270761203905256, 68.216518781148793 ], [ 14.27178887586169, 68.216855165416476 ], [ 14.272575177272143, 68.216428069311007 ] ] ] ] } },
{ "type": "Feature", "properties": { "fid": 133474, "navn": null, "hoyde_moh": null, "arealInnsjo_km2": 0.009, "magasinKategori": null, "fid_2": 813, "id": 813, "left": 13.986919847, "top": 68.446110046000001, "right": 14.486919847, "bottom": 67.946110046000001, "row_index": 12, "col_index": 20, "tile_id": 813 }, "geometry": { "type": "MultiPolygon", "coordinates": [ [ [ [ 14.034703087771916, 68.204649375678812 ], [ 14.034524017591824, 68.204316353836319 ], [ 14.034644323100107, 68.203751941860872 ], [ 14.034406802879619, 68.203660860322984 ], [ 14.03302725982854, 68.203751501235899 ], [ 14.033498754597426, 68.204023347578143 ], [ 14.032650183329638, 68.204108105678358 ], [ 14.032232403916668, 68.204285071474004 ], [ 14.032102289819454, 68.204508563695953 ], [ 14.032720980112179, 68.204718480065395 ], [ 14.033017355040259, 68.204558746024986 ], [ 14.034577530269555, 68.204765166229294 ], [ 14.034703087771916, 68.204649375678812 ] ] ] ] } },
{ "type": "Feature", "properties": { "fid": 133475, "navn": null, "hoyde_moh": null, "arealInnsjo_km2": 0.0046, "magasinKategori": null, "fid_2": 813, "id": 813, "left": 13.986919847, "top": 68.446110046000001, "right": 14.486919847, "bottom": 67.946110046000001, "row_index": 12, "col_index": 20, "tile_id": 813 }, "geometry": { "type": "MultiPolygon", "coordinates": [ [ [ [ 14.035911506064432, 68.205185538788157 ], [ 14.036157341149732, 68.205079325870813 ], [ 14.036103051273475, 68.204751604930593 ], [ 14.038018013829754, 68.204453246016769 ], [ 14.038025538106846, 68.204273889258758 ], [ 14.0374279295573, 68.204135875208436 ], [ 14.036027635147894, 68.204719771994334 ], [ 14.035374975475811, 68.204742891317181 ], [ 14.034029413287117, 68.205165629188087 ], [ 14.034338827182355, 68.205275069395071 ], [ 14.035244134739175, 68.204984321675298 ], [ 14.035911506064432, 68.205185538788157 ] ] ] ] } },
{ "type": "Feature", "properties": { "fid": 133552, "navn": null, "hoyde_moh": null, "arealInnsjo_km2": 0.0053, "magasinKategori": null, "fid_2": 813, "id": 813, "left": 13.986919847, "top": 68.446110046000001, "right": 14.486919847, "bottom": 67.946110046000001, "row_index": 12, "col_index": 20, "tile_id": 813 }, "geometry": { "type": "MultiPolygon", "coordinates": [ [ [ [ 14.39695653491178, 68.369710385187076 ], [ 14.396284013810954, 68.369403000367683 ], [ 14.396171526109113, 68.369061760941065 ], [ 14.395799533812339, 68.36933846374329 ], [ 14.394478579983122, 68.369647605785417 ], [ 14.396119831012419, 68.370093041887358 ], [ 14.39695653491178, 68.369710385187076 ] ], [ [ 14.396110532612635, 68.369536912595848 ], [ 14.39605691071014, 68.369716104449978 ], [ 14.395744010601419, 68.369607431181748 ], [ 14.396110532612635, 68.369536912595848 ] ] ] ] } },
{ "type": "Feature", "properties": { "fid": 135691, "navn": null, "hoyde_moh": 9, "arealInnsjo_km2": 0.0029, "magasinKategori": null, "fid_2": 813, "id": 813, "left": 13.986919847, "top": 68.446110046000001, "right": 14.486919847, "bottom": 67.946110046000001, "row_index": 12, "col_index": 20, "tile_id": 813 }, "geometry": { "type": "MultiPolygon", "coordinates": [ [ [ [ 14.456128877520932, 68.36974354637033 ], [ 14.4562580681919, 68.369556151530645 ], [ 14.456063621345589, 68.369402413966739 ], [ 14.456309157934642, 68.369279976246816 ], [ 14.455149222494445, 68.369447867832491 ], [ 14.455448431450506, 68.369683119430533 ], [ 14.455210080745445, 68.369779209839038 ], [ 14.455129366596669, 68.370012774097361 ], [ 14.455606278094246, 68.370055677028418 ], [ 14.456128877520932, 68.36974354637033 ] ] ] ] } },
{ "type": "Feature", "properties": { "fid": 136872, "navn": null, "hoyde_moh": 12, "arealInnsjo_km2": 0.0053, "magasinKategori": null, "fid_2": 813, "id": 813, "left": 13.986919847, "top": 68.446110046000001, "right": 14.486919847, "bottom": 67.946110046000001, "row_index": 12, "col_index": 20, "tile_id": 813 }, "geometry": { "type": "MultiPolygon", "coordinates": [ [ [ [ 14.466131689307405, 68.37389500957147 ], [ 14.464927695242219, 68.373634549177652 ], [ 14.464656025519897, 68.373359221288709 ], [ 14.462989865530163, 68.373377194158181 ], [ 14.465552379178646, 68.373983836112444 ], [ 14.465877520802339, 68.374353958495959 ], [ 14.466482034474211, 68.374631692825204 ], [ 14.467133168907814, 68.374643098691493 ], [ 14.466131689307405, 68.37389500957147 ] ] ] ] } },
{ "type": "Feature", "properties": { "fid": 136900, "navn": null, "hoyde_moh": 249, "arealInnsjo_km2": 0.0026, "magasinKategori": null, "fid_2": 813, "id": 813, "left": 13.986919847, "top": 68.446110046000001, "right": 14.486919847, "bottom": 67.946110046000001, "row_index": 12, "col_index": 20, "tile_id": 813 }, "geometry": { "type": "MultiPolygon", "coordinates": [ [ [ [ 14.120861497251623, 68.251439153394699 ], [ 14.12117997811373, 68.251333198793816 ], [ 14.1211851457759, 68.251198678854408 ], [ 14.119975098177965, 68.251219189856812 ], [ 14.119485283047633, 68.251377964375365 ], [ 14.120561677914782, 68.251688723150991 ], [ 14.121048735716954, 68.251601689430217 ], [ 14.120861497251623, 68.251439153394699 ] ] ] ] } },
{ "type": "Feature", "properties": { "fid": 136902, "navn": "Jordendsvatnet", "hoyde_moh": 6, "arealInnsjo_km2": 0.1212, "magasinKategori": null, "fid_2": 813, "id": 813, "left": 13.986919847, "top": 68.446110046000001, "right": 14.486919847, "bottom": 67.946110046000001, "row_index": 12, "col_index": 20, "tile_id": 813 }, "geometry": { "type": "MultiPolygon", "coordinates": [ [ [ [ 14.103996329671039, 68.317079748719337 ], [ 14.105936674833567, 68.31708137523826 ], [ 14.106726971705912, 68.316726820650572 ], [ 14.106593526671778, 68.316412253238354 ], [ 14.10630932609995, 68.316231244810737 ], [ 14.103263792934879, 68.315353791982872 ], [ 14.101012605072858, 68.31524299970097 ], [ 14.100301274185686, 68.31544546727288 ], [ 14.098902673925707, 68.315240577975345 ], [ 14.097686370465865, 68.315332666709367 ], [ 14.096664667352982, 68.314797826072152 ], [ 14.0970165585102, 68.314485879525677 ], [ 14.095622670379655, 68.31416438047647 ], [ 14.094538361357284, 68.314598014365913 ], [ 14.094723791559529, 68.314814386252991 ], [ 14.094042730353548, 68.314864325755536 ], [ 14.092847448079882, 68.315647257621436 ], [ 14.092779326816281, 68.316140225819879 ], [ 14.092581766512298, 68.316228848584913 ], [ 14.093977875742317, 68.316496565899385 ], [ 14.09454074176886, 68.316975022999571 ], [ 14.097209890253119, 68.31695352931014 ], [ 14.097979136454638, 68.317128298470195 ], [ 14.098735144250954, 68.317024659994885 ], [ 14.100114034529135, 68.317731661945558 ], [ 14.102835753311812, 68.31760290361008 ], [ 14.103996329671039, 68.317079748719337 ] ] ] ] } },
{ "type": "Feature", "properties": { "fid": 136903, "navn": "Gårdsvatnet", "hoyde_moh": 7, "arealInnsjo_km2": 0.0319, "magasinKategori": null, "fid_2": 813, "id": 813, "left": 13.986919847, "top": 68.446110046000001, "right": 14.486919847, "bottom": 67.946110046000001, "row_index": 12, "col_index": 20, "tile_id": 813 }, "geometry": { "type": "MultiPolygon", "coordinates": [ [ [ [ 14.112655627725754, 68.322059609044274 ], [ 14.11309920266455, 68.321882573814577 ], [ 14.113282245304765, 68.321542696581545 ], [ 14.113143352638939, 68.321371353159492 ], [ 14.113163581414916, 68.320851394277369 ], [ 14.11478977224993, 68.320205243456556 ], [ 14.114801263764519, 68.319909302564781 ], [ 14.113079814926534, 68.319263301638586 ], [ 14.111445334267009, 68.318877869058412 ], [ 14.111091595721973, 68.319862657283764 ], [ 14.111384862073329, 68.320429315422388 ], [ 14.111813740070138, 68.320628935244045 ], [ 14.111819828121369, 68.321095305441645 ], [ 14.111279716576956, 68.321881856079486 ], [ 14.111883446304855, 68.322575744038588 ], [ 14.112247284737581, 68.322577681445011 ], [ 14.112655627725754, 68.322059609044274 ] ] ] ] } },
{ "type": "Feature", "properties": { "fid": 144177, "navn": "Bordewichvatnet", "hoyde_moh": null, "arealInnsjo_km2": 0.0783, "magasinKategori": null, "fid_2": 813, "id": 813, "left": 13.986919847, "top": 68.446110046000001, "right": 14.486919847, "bottom": 67.946110046000001, "row_index": 12, "col_index": 20, "tile_id": 813 }, "geometry": { "type": "MultiPolygon", "coordinates": [ [ [ [ 14.269227513843395, 68.23659499025284 ], [ 14.269231235273127, 68.236478401864687 ], [ 14.266812092553053, 68.236548475525993 ], [ 14.265422573756901, 68.236165527883216 ], [ 14.264331965391754, 68.236259460018147 ], [ 14.263734177210242, 68.236059481984242 ], [ 14.264630334877708, 68.235247215057996 ], [ 14.264153390729934, 68.235047773007523 ], [ 14.266263998979293, 68.234796984854952 ], [ 14.266269746931929, 68.234617618182654 ], [ 14.266006247216044, 68.234544697969071 ], [ 14.260388607778033, 68.234134102482471 ], [ 14.258635690033559, 68.233794417333513 ], [ 14.257145812452809, 68.234272124446065 ], [ 14.255866486773407, 68.23498415061357 ], [ 14.257445123638176, 68.235475390303634 ], [ 14.260523404930181, 68.235946563534938 ], [ 14.262049557159504, 68.235836741052793 ], [ 14.262763482467486, 68.23618972366171 ], [ 14.262585129355244, 68.23646699031795 ], [ 14.262650404982127, 68.236691520021495 ], [ 14.263437200042635, 68.23702688357433 ], [ 14.264522083467487, 68.237112413582025 ], [ 14.265544551874918, 68.23688354530023 ], [ 14.269227513843395, 68.23659499025284 ] ], [ [ 14.257011900730168, 68.234675158622039 ], [ 14.257014228898754, 68.23460341210189 ], [ 14.257379009123957, 68.234533285364378 ], [ 14.257737100210331, 68.234669429105367 ], [ 14.257011900730168, 68.234675158622039 ] ], [ [ 14.260517076612313, 68.23464594192474 ], [ 14.260708068902586, 68.234718548416936 ], [ 14.26051128358815, 68.234825308364819 ], [ 14.260292940193153, 68.234851245650077 ], [ 14.260517076612313, 68.23464594192474 ] ], [ [ 14.262463249097895, 68.235748881078123 ], [ 14.263068237655434, 68.23572456584435 ], [ 14.263495746416808, 68.235950790453401 ], [ 14.262463249097895, 68.235748881078123 ] ] ] ] } },
{ "type": "Feature", "properties": { "fid": 144178, "navn": "Toppvatnet", "hoyde_moh": null, "arealInnsjo_km2": 0.0233, "magasinKategori": null, "fid_2": 813, "id": 813, "left": 13.986919847, "top": 68.446110046000001, "right": 14.486919847, "bottom": 67.946110046000001, "row_index": 12, "col_index": 20, "tile_id": 813 }, "geometry": { "type": "MultiPolygon", "coordinates": [ [ [ [ 14.279033606912673, 68.237570647359107 ], [ 14.280056509589087, 68.237323932403413 ], [ 14.280524974963306, 68.237029964542799 ], [ 14.280531175523986, 68.236832660633652 ], [ 14.280176298634974, 68.236588945615125 ], [ 14.280277311589522, 68.236427930564332 ], [ 14.279627782527124, 68.236362329903869 ], [ 14.276236147943148, 68.236607714944199 ], [ 14.275086726679692, 68.237033246496196 ], [ 14.275154353020849, 68.237195083655038 ], [ 14.276133025999847, 68.237575981145071 ], [ 14.277216567505397, 68.237706270101512 ], [ 14.278235890062193, 68.237504936777952 ], [ 14.279033606912673, 68.237570647359107 ] ], [ [ 14.277630688326385, 68.236838020615949 ], [ 14.277871782722087, 68.236857007318207 ], [ 14.277575281316835, 68.237062019416982 ], [ 14.277338714522354, 68.236899538633054 ], [ 14.277630688326385, 68.236838020615949 ] ] ] ] } },
{ "type": "Feature", "properties": { "fid": 150850, "navn": null, "hoyde_moh": 2, "arealInnsjo_km2": 0.0152, "magasinKategori": null, "fid_2": 813, "id": 813, "left": 13.986919847, "top": 68.446110046000001, "right": 14.486919847, "bottom": 67.946110046000001, "row_index": 12, "col_index": 20, "tile_id": 813 }, "geometry": { "type": "MultiPolygon", "coordinates": [ [ [ [ 14.449461561640266, 68.363189597493943 ], [ 14.449086857686241, 68.362936774946334 ], [ 14.449228432513497, 68.362750592189144 ], [ 14.448877613606312, 68.362615703612832 ], [ 14.449427124800621, 68.362674470710942 ], [ 14.449710270251078, 68.362542928367546 ], [ 14.447593610007315, 68.362400146329421 ], [ 14.446351970891662, 68.362082470266415 ], [ 14.4455522757361, 68.362199018370077 ], [ 14.445975031276898, 68.362602153429137 ], [ 14.445484441276538, 68.362698828064296 ], [ 14.44602793399936, 68.362794898400338 ], [ 14.445762034997625, 68.362875905312478 ], [ 14.446024644574722, 68.363039747606024 ], [ 14.446655765729478, 68.362790880678844 ], [ 14.446801699212372, 68.363135782723759 ], [ 14.447253768711411, 68.363314332194079 ], [ 14.447995970575041, 68.363284856489273 ], [ 14.449156539818677, 68.36352161928653 ], [ 14.449461561640266, 68.363189597493943 ] ] ] ] } },
{ "type": "Feature", "properties": { "fid": 150851, "navn": null, "hoyde_moh": 3, "arealInnsjo_km2": 0.0061, "magasinKategori": null, "fid_2": 813, "id": 813, "left": 13.986919847, "top": 68.446110046000001, "right": 14.486919847, "bottom": 67.946110046000001, "row_index": 12, "col_index": 20, "tile_id": 813 }, "geometry": { "type": "MultiPolygon", "coordinates": [ [ [ [ 14.455630996800386, 68.364047007946965 ], [ 14.454551838341226, 68.363563364473862 ], [ 14.454948660324781, 68.363524926317126 ], [ 14.455486304389416, 68.36375611281521 ], [ 14.45569246406108, 68.363590854187848 ], [ 14.455231255202124, 68.363456067768084 ], [ 14.455393245562586, 68.363217117785979 ], [ 14.453990931178076, 68.36322868369642 ], [ 14.45314143906562, 68.363061139593768 ], [ 14.45273161052274, 68.363165634031176 ], [ 14.454079873734267, 68.363512491678335 ], [ 14.453936317846685, 68.363813029582218 ], [ 14.454814125866351, 68.363926129082728 ], [ 14.455625542451543, 68.364264762909201 ], [ 14.455630996800386, 68.364047007946965 ] ] ] ] } },
{ "type": "Feature", "properties": { "fid": 150873, "navn": "Kroktindvatnet", "hoyde_moh": 264, "arealInnsjo_km2": 0.0613, "magasinKategori": null, "fid_2": 813, "id": 813, "left": 13.986919847, "top": 68.446110046000001, "right": 14.486919847, "bottom": 67.946110046000001, "row_index": 12, "col_index": 20, "tile_id": 813 }, "geometry": { "type": "MultiPolygon", "coordinates": [ [ [ [ 14.441687546549826, 68.290916521658147 ], [ 14.442127071694046, 68.290864268132836 ], [ 14.442188568527911, 68.290657551953274 ], [ 14.443476304472785, 68.290731371752173 ], [ 14.44335855215127, 68.290602806752716 ], [ 14.443447876198416, 68.290406856616428 ], [ 14.443001338344876, 68.29034984387232 ], [ 14.442831925339714, 68.290094907425726 ], [ 14.443787010841978, 68.289890639334544 ], [ 14.44380064289105, 68.289669142749062 ], [ 14.444204948448816, 68.289420517563926 ], [ 14.443799384569353, 68.28908433910631 ], [ 14.442421676528166, 68.288482734713597 ], [ 14.442240620286453, 68.288526795678678 ], [ 14.442197019256007, 68.288863896054195 ], [ 14.439033505478088, 68.288395656125374 ], [ 14.438741672351867, 68.28844256910628 ], [ 14.437402008686902, 68.289499030485999 ], [ 14.437524453717058, 68.290064870170141 ], [ 14.438372710105407, 68.290197249614423 ], [ 14.438436116256115, 68.290446092995751 ], [ 14.439197432893126, 68.290666791923101 ], [ 14.439426084044243, 68.291230834895828 ], [ 14.440181332568585, 68.291473214532374 ], [ 14.440375882994781, 68.291789050118538 ], [ 14.440586568595343, 68.291772895510363 ], [ 14.441687546549826, 68.290916521658147 ] ] ] ] } },
{ "type": "Feature", "properties": { "fid": 150874, "navn": null, "hoyde_moh": 331, "arealInnsjo_km2": 0.0093, "magasinKategori": null, "fid_2": 813, "id": 813, "left": 13.986919847, "top": 68.446110046000001, "right": 14.486919847, "bottom": 67.946110046000001, "row_index": 12, "col_index": 20, "tile_id": 813 }, "geometry": { "type": "MultiPolygon", "coordinates": [ [ [ [ 14.457501214650051, 68.293468879648145 ], [ 14.457880324758579, 68.292624936977262 ], [ 14.456926358853059, 68.292385488525269 ], [ 14.456046536354325, 68.292451591659912 ], [ 14.455968325080597, 68.292988597290744 ], [ 14.455441857602281, 68.293059259293798 ], [ 14.45608575447171, 68.293266401189584 ], [ 14.456351487825328, 68.293645055504811 ], [ 14.456885612240841, 68.293731647355713 ], [ 14.457501214650051, 68.293468879648145 ] ] ] ] } },
{ "type": "Feature", "properties": { "fid": 150877, "navn": null, "hoyde_moh": 3, "arealInnsjo_km2": 0.0094, "magasinKategori": null, "fid_2": 813, "id": 813, "left": 13.986919847, "top": 68.446110046000001, "right": 14.486919847, "bottom": 67.946110046000001, "row_index": 12, "col_index": 20, "tile_id": 813 }, "geometry": { "type": "MultiPolygon", "coordinates": [ [ [ [ 14.425099267789744, 68.344005122457773 ], [ 14.425119958689594, 68.343512600924356 ], [ 14.423878628025035, 68.343024517279844 ], [ 14.423236262030283, 68.343019697376747 ], [ 14.422840620765493, 68.343195921343721 ], [ 14.423107979119639, 68.343406099106986 ], [ 14.422761863127677, 68.343821884222876 ], [ 14.422821532090571, 68.343949005928863 ], [ 14.423599585689903, 68.344129555779517 ], [ 14.424771340220666, 68.344144182337345 ], [ 14.425099267789744, 68.344005122457773 ] ] ] ] } },
{ "type": "Feature", "properties": { "fid": 150878, "navn": null, "hoyde_moh": 7, "arealInnsjo_km2": 0.0053, "magasinKategori": null, "fid_2": 813, "id": 813, "left": 13.986919847, "top": 68.446110046000001, "right": 14.486919847, "bottom": 67.946110046000001, "row_index": 12, "col_index": 20, "tile_id": 813 }, "geometry": { "type": "MultiPolygon", "coordinates": [ [ [ [ 14.443833948365377, 68.373468347166934 ], [ 14.442599468352673, 68.372865896018808 ], [ 14.441542922909372, 68.37288120309249 ], [ 14.441024774351607, 68.373347305324998 ], [ 14.442762689257487, 68.373567026862887 ], [ 14.443833948365377, 68.373468347166934 ] ] ] ] } },
{ "type": "Feature", "properties": { "fid": 150879, "navn": "Måsvatnet", "hoyde_moh": 4, "arealInnsjo_km2": 0.0393, "magasinKategori": null, "fid_2": 813, "id": 813, "left": 13.986919847, "top": 68.446110046000001, "right": 14.486919847, "bottom": 67.946110046000001, "row_index": 12, "col_index": 20, "tile_id": 813 }, "geometry": { "type": "MultiPolygon", "coordinates": [ [ [ [ 14.449555078997784, 68.373505860266818 ], [ 14.449647232804194, 68.373355032497926 ], [ 14.450661875156516, 68.373253252471542 ], [ 14.451721675965993, 68.372710149596045 ], [ 14.451109446998107, 68.372429196590801 ], [ 14.450332748887977, 68.372405116871789 ], [ 14.450335445475746, 68.372273457591191 ], [ 14.450652460537569, 68.372254229858001 ], [ 14.450592567643671, 68.371986032610167 ], [ 14.448513934007554, 68.371231330121404 ], [ 14.447360954583125, 68.371186530672617 ], [ 14.446575020485799, 68.371393988199458 ], [ 14.446725271620021, 68.371613604036639 ], [ 14.446369350510988, 68.371872980920173 ], [ 14.446679287470159, 68.372064603746296 ], [ 14.446322274831241, 68.372168809334184 ], [ 14.44646055273194, 68.37227115793705 ], [ 14.446341832166073, 68.372753488198228 ], [ 14.447266116104037, 68.373077736523456 ], [ 14.447263807272851, 68.373292721152211 ], [ 14.448928194098688, 68.373619137930561 ], [ 14.449555078997784, 68.373505860266818 ] ] ] ] } },
{ "type": "Feature", "properties": { "fid": 150901, "navn": null, "hoyde_moh": 17, "arealInnsjo_km2": 0.0045, "magasinKategori": null, "fid_2": 813, "id": 813, "left": 13.986919847, "top": 68.446110046000001, "right": 14.486919847, "bottom": 67.946110046000001, "row_index": 12, "col_index": 20, "tile_id": 813 }, "geometry": { "type": "MultiPolygon", "coordinates": [ [ [ [ 14.467362702474464, 68.372058906907981 ], [ 14.46808155764373, 68.371791313926437 ], [ 14.469293085802288, 68.371913829448815 ], [ 14.469448576312258, 68.371678792115702 ], [ 14.468817265983063, 68.371831863530403 ], [ 14.46847621642358, 68.371725749468041 ], [ 14.468334170248342, 68.371395769010419 ], [ 14.468067593892027, 68.371400929798966 ], [ 14.467949096590441, 68.371644155986658 ], [ 14.467288076516803, 68.371560250386452 ], [ 14.466484627623181, 68.371982647365542 ], [ 14.466477029058289, 68.372171783592933 ], [ 14.466991725500723, 68.372399898825392 ], [ 14.467362702474464, 68.372058906907981 ] ] ] ] } },
{ "type": "Feature", "properties": { "fid": 150974, "navn": null, "hoyde_moh": 321, "arealInnsjo_km2": 0.0051, "magasinKategori": null, "fid_2": 813, "id": 813, "left": 13.986919847, "top": 68.446110046000001, "right": 14.486919847, "bottom": 67.946110046000001, "row_index": 12, "col_index": 20, "tile_id": 813 }, "geometry": { "type": "MultiPolygon", "coordinates": [ [ [ [ 14.481603213683176, 68.295300286938229 ], [ 14.482039575218169, 68.29514145307455 ], [ 14.481704239974194, 68.29473535787838 ], [ 14.4808051167347, 68.294722512479979 ], [ 14.480120527411451, 68.295024525464882 ], [ 14.480480571900339, 68.295195616361596 ], [ 14.480587839035955, 68.295443771798375 ], [ 14.481604506563263, 68.295542102473959 ], [ 14.481603213683176, 68.295300286938229 ] ] ] ] } },
{ "type": "Feature", "properties": { "fid": 151002, "navn": null, "hoyde_moh": 20, "arealInnsjo_km2": 0.0116, "magasinKategori": null, "fid_2": 813, "id": 813, "left": 13.986919847, "top": 68.446110046000001, "right": 14.486919847, "bottom": 67.946110046000001, "row_index": 12, "col_index": 20, "tile_id": 813 }, "geometry": { "type": "MultiPolygon", "coordinates": [ [ [ [ 14.434636377157979, 68.297694084071068 ], [ 14.434708350521621, 68.297469019027133 ], [ 14.433590754012545, 68.296979624290415 ], [ 14.431804293651961, 68.296942417570051 ], [ 14.430871421954652, 68.297240602622651 ], [ 14.43078143285209, 68.297691003639031 ], [ 14.431231183019012, 68.297827886695771 ], [ 14.431860800922699, 68.297602572948009 ], [ 14.433080523742625, 68.297619284904783 ], [ 14.433879788156691, 68.297851527567644 ], [ 14.434636377157979, 68.297694084071068 ] ] ] ] } },
{ "type": "Feature", "properties": { "fid": 151084, "navn": null, "hoyde_moh": 410, "arealInnsjo_km2": 0.0174, "magasinKategori": null, "fid_2": 813, "id": 813, "left": 13.986919847, "top": 68.446110046000001, "right": 14.486919847, "bottom": 67.946110046000001, "row_index": 12, "col_index": 20, "tile_id": 813 }, "geometry": { "type": "MultiPolygon", "coordinates": [ [ [ [ 14.484355148586465, 68.283250805338838 ], [ 14.483529201031713, 68.282763545673831 ], [ 14.482150683133733, 68.282820165708458 ], [ 14.478010138084356, 68.28167002143789 ], [ 14.477357903967411, 68.281769418109889 ], [ 14.477726163017557, 68.282037230549193 ], [ 14.479753150278841, 68.282544600348743 ], [ 14.481553890446783, 68.283346420045348 ], [ 14.483796790559797, 68.283556990766883 ], [ 14.484355148586465, 68.283250805338838 ] ] ] ] } },
{ "type": "Feature", "properties": { "fid": 151148, "navn": "Svartvatnet", "hoyde_moh": 7, "arealInnsjo_km2": 0.0081, "magasinKategori": null, "fid_2": 813, "id": 813, "left": 13.986919847, "top": 68.446110046000001, "right": 14.486919847, "bottom": 67.946110046000001, "row_index": 12, "col_index": 20, "tile_id": 813 }, "geometry": { "type": "MultiPolygon", "coordinates": [ [ [ [ 14.450994313892128, 68.375747428803265 ], [ 14.452293849022228, 68.375835376415765 ], [ 14.452642953350681, 68.375566008891369 ], [ 14.4506416048464, 68.375048105712068 ], [ 14.45013640171898, 68.375055054335888 ], [ 14.449482817115106, 68.375315341477005 ], [ 14.449499920144207, 68.37546258269218 ], [ 14.450137393107847, 68.375838429018472 ], [ 14.450674457772053, 68.375902352210161 ], [ 14.450994313892128, 68.375747428803265 ] ] ] ] } },
{ "type": "Feature", "properties": { "fid": 151184, "navn": null, "hoyde_moh": 1, "arealInnsjo_km2": 0.0635, "magasinKategori": null, "fid_2": 813, "id": 813, "left": 13.986919847, "top": 68.446110046000001, "right": 14.486919847, "bottom": 67.946110046000001, "row_index": 12, "col_index": 20, "tile_id": 813 }, "geometry": { "type": "MultiPolygon", "coordinates": [ [ [ [ 14.429730294880162, 68.381139818660387 ], [ 14.42888340738509, 68.380858701018624 ], [ 14.42875578600836, 68.380556001607289 ], [ 14.428278300326019, 68.380268070764572 ], [ 14.428310646445105, 68.379987713397824 ], [ 14.42924166085764, 68.379900216775468 ], [ 14.429615143158609, 68.380097469727588 ], [ 14.430179278364191, 68.379975887877634 ], [ 14.430523253353146, 68.380118415522531 ], [ 14.431045642592975, 68.379983503724759 ], [ 14.430306916020797, 68.379861337457641 ], [ 14.430422363409928, 68.379738224621534 ], [ 14.430004035124705, 68.379699934740302 ], [ 14.429928961613404, 68.379473833318315 ], [ 14.429246820567919, 68.379210500151828 ], [ 14.429104364264653, 68.378995110631621 ], [ 14.429548519407726, 68.378934022145899 ], [ 14.42957278319915, 68.378713372065206 ], [ 14.429096968013368, 68.378553709211985 ], [ 14.429279761202608, 68.378169822410186 ], [ 14.427741506459242, 68.377757537536894 ], [ 14.427473536411817, 68.37781465060624 ], [ 14.427580494511689, 68.377536342751441 ], [ 14.426196809463178, 68.377477422822977 ], [ 14.425755007073377, 68.377263244395039 ], [ 14.425842397591602, 68.377076805069876 ], [ 14.424837062837781, 68.377270401914288 ], [ 14.424786425674942, 68.377176499014624 ], [ 14.425028995480622, 68.377075622638046 ], [ 14.424702895398113, 68.377037098479164 ], [ 14.42457745213939, 68.377246995311737 ], [ 14.424781714257854, 68.377362684291342 ], [ 14.42568018638131, 68.377568120874912 ], [ 14.425153682337111, 68.377924362620277 ], [ 14.424999412252676, 68.378283588156691 ], [ 14.423521280115024, 68.378619775129621 ], [ 14.422603681029319, 68.378544135603263 ], [ 14.423235320992044, 68.378829117155632 ], [ 14.423476287217078, 68.379147190797696 ], [ 14.423240345618488, 68.379234903068664 ], [ 14.423631441486489, 68.379473578589298 ], [ 14.424785722352222, 68.379558727355899 ], [ 14.424964409963572, 68.379936319503017 ], [ 14.425806759342418, 68.380268656037913 ], [ 14.428315820513157, 68.380391167348762 ], [ 14.428768101234693, 68.380985311299838 ], [ 14.429234393821616, 68.381274278738459 ], [ 14.429730294880162, 68.381139818660387 ] ] ] ] } },
{ "type": "Feature", "properties": { "fid": 151185, "navn": "Rømyrtjønna", "hoyde_moh": 7, "arealInnsjo_km2": 0.0059, "magasinKategori": null, "fid_2": 813, "id": 813, "left": 13.986919847, "top": 68.446110046000001, "right": 14.486919847, "bottom": 67.946110046000001, "row_index": 12, "col_index": 20, "tile_id": 813 }, "geometry": { "type": "MultiPolygon", "coordinates": [ [ [ [ 14.46661618328017, 68.376925096843848 ], [ 14.467165934182651, 68.376502697439435 ], [ 14.465576882564639, 68.376096250987146 ], [ 14.464923535750948, 68.376590336204643 ], [ 14.465029050251839, 68.376704941658659 ], [ 14.464934336976432, 68.376895951426846 ], [ 14.46661618328017, 68.376925096843848 ] ] ] ] } },
{ "type": "Feature", "properties": { "fid": 151187, "navn": null, "hoyde_moh": 1, "arealInnsjo_km2": 0.0598, "magasinKategori": null, "fid_2": 813, "id": 813, "left": 13.986919847, "top": 68.446110046000001, "right": 14.486919847, "bottom": 67.946110046000001, "row_index": 12, "col_index": 20, "tile_id": 813 }, "geometry": { "type": "MultiPolygon", "coordinates": [ [ [ [ 14.43631150840495, 68.381399740911277 ], [ 14.436533304395638, 68.381067192419636 ], [ 14.436337606517109, 68.380984912530764 ], [ 14.438176104139508, 68.380817728151229 ], [ 14.437555023188759, 68.380538579676667 ], [ 14.43798551896789, 68.379663017103965 ], [ 14.440086672295285, 68.37958001923711 ], [ 14.439769269547726, 68.379442712956902 ], [ 14.437609976949332, 68.379418597971608 ], [ 14.438109574611122, 68.379258832478655 ], [ 14.437922244065573, 68.37902545106428 ], [ 14.437915938228643, 68.378592036805742 ], [ 14.437402417330912, 68.378322487574763 ], [ 14.43627159847872, 68.378115702913234 ], [ 14.436457940078411, 68.378015248223122 ], [ 14.436325655864067, 68.377828511150042 ], [ 14.436545214135924, 68.377643678267489 ], [ 14.435956316135931, 68.377277271651721 ], [ 14.43431653480822, 68.377111807062292 ], [ 14.43191474298273, 68.376339749041577 ], [ 14.431143159913514, 68.37623299116207 ], [ 14.431471889096052, 68.376176079021334 ], [ 14.431482630479106, 68.376057721638617 ], [ 14.429993980188128, 68.376027805151239 ], [ 14.429381600917743, 68.376263668901629 ], [ 14.430773056335637, 68.376446633683074 ], [ 14.4306900297049, 68.376528509036291 ], [ 14.431193584693933, 68.376822262310412 ], [ 14.431110803749782, 68.377195549200152 ], [ 14.431498433254093, 68.377273286338536 ], [ 14.431480362032946, 68.377431890636842 ], [ 14.430984782824842, 68.377547431713396 ], [ 14.430959115129639, 68.377698475934878 ], [ 14.431627588632052, 68.378186435078376 ], [ 14.433291634188908, 68.378258907522024 ], [ 14.433645735885003, 68.378180192168216 ], [ 14.43343389770124, 68.377995604791124 ], [ 14.43420861469928, 68.37767641364529 ], [ 14.434971786527644, 68.377938206738449 ], [ 14.434711416050542, 68.378130433688625 ], [ 14.434795812956414, 68.378306067639471 ], [ 14.435914536044919, 68.378245538419023 ], [ 14.435734340682686, 68.378343143113227 ], [ 14.436122528141595, 68.378527246357663 ], [ 14.435369185267728, 68.378367741070306 ], [ 14.433823900679975, 68.378525662889786 ], [ 14.435603756895832, 68.378822645605666 ], [ 14.435301411986812, 68.379010695544608 ], [ 14.435854939219176, 68.37936317227917 ], [ 14.435739638447622, 68.379736351371932 ], [ 14.436023138565366, 68.379925751853804 ], [ 14.435966719601643, 68.380121539071141 ], [ 14.436556556656409, 68.380148911704879 ], [ 14.436668429009694, 68.380590664499934 ], [ 14.436917890636256, 68.380711603148711 ], [ 14.436206368986801, 68.380872982357147 ], [ 14.43542011628411, 68.380713366539297 ], [ 14.435351946606815, 68.380951089838504 ], [ 14.435546056914097, 68.381097136736514 ], [ 14.435434076710301, 68.381257756114778 ], [ 14.435616288748191, 68.381403134876678 ], [ 14.435436412287377, 68.38154558649893 ], [ 14.43631150840495, 68.381399740911277 ] ], [ [ 14.432106171097567, 68.377447293118507 ], [ 14.43200232083421, 68.377369894416432 ], [ 14.432261308471256, 68.377292024677786 ], [ 14.432106171097567, 68.377447293118507 ] ], [ [ 14.43242587091172, 68.377986354002701 ], [ 14.432739568543413, 68.378035673679548 ], [ 14.432323053126289, 68.378169335888174 ], [ 14.432442026278355, 68.378089285988366 ], [ 14.432255853360772, 68.377997257060429 ], [ 14.43242587091172, 68.377986354002701 ] ], [ [ 14.436850069369344, 68.378776443241179 ], [ 14.436731344873321, 68.378670295895901 ], [ 14.437164239476303, 68.378679826803094 ], [ 14.437378043001749, 68.37885526733659 ], [ 14.436850069369344, 68.378776443241179 ] ], [ [ 14.436306370816521, 68.379076873105461 ], [ 14.436401885548069, 68.379118633103928 ], [ 14.436108656709948, 68.379135402967961 ], [ 14.436306370816521, 68.379076873105461 ] ], [ [ 14.437106515064871, 68.379419862727843 ], [ 14.437036717929626, 68.379282308739064 ], [ 14.437209174245075, 68.379055340322992 ], [ 14.436973116454563, 68.378904489977714 ], [ 14.437889257838373, 68.37921853725345 ], [ 14.437106515064871, 68.379419862727843 ] ], [ [ 14.436687387168119, 68.379600077282703 ], [ 14.43652982338611, 68.379363296622302 ], [ 14.436837879504621, 68.379386219966705 ], [ 14.436855399967939, 68.379611586002838 ], [ 14.436687387168119, 68.379600077282703 ] ], [ [ 14.437263615781699, 68.379989937727245 ], [ 14.437056665150914, 68.379792724962542 ], [ 14.437696453520067, 68.379757028809507 ], [ 14.437633016383053, 68.379981494459855 ], [ 14.437263615781699, 68.379989937727245 ] ] ] ] } },
{ "type": "Feature", "properties": { "fid": 151189, "navn": null, "hoyde_moh": 2, "arealInnsjo_km2": 0.0081, "magasinKategori": null, "fid_2": 813, "id": 813, "left": 13.986919847, "top": 68.446110046000001, "right": 14.486919847, "bottom": 67.946110046000001, "row_index": 12, "col_index": 20, "tile_id": 813 }, "geometry": { "type": "MultiPolygon", "coordinates": [ [ [ [ 14.42145956155616, 68.348181378365027 ], [ 14.421580420347887, 68.347984204016285 ], [ 14.42135275041087, 68.34786403380636 ], [ 14.421570820826169, 68.347731147396871 ], [ 14.421352308531503, 68.347613879079532 ], [ 14.422024620898201, 68.347649574178135 ], [ 14.421781489458006, 68.347162866263218 ], [ 14.420641733353508, 68.347039532864628 ], [ 14.420019288468433, 68.347363673600498 ], [ 14.419951342380275, 68.347657002056664 ], [ 14.420293858304634, 68.347911484470075 ], [ 14.420151008948624, 68.348142036943997 ], [ 14.42145956155616, 68.348181378365027 ] ] ] ] } },
{ "type": "Feature", "properties": { "fid": 151218, "navn": "Nøkktjørna", "hoyde_moh": 18, "arealInnsjo_km2": 0.0119, "magasinKategori": null, "fid_2": 813, "id": 813, "left": 13.986919847, "top": 68.446110046000001, "right": 14.486919847, "bottom": 67.946110046000001, "row_index": 12, "col_index": 20, "tile_id": 813 }, "geometry": { "type": "MultiPolygon", "coordinates": [ [ [ [ 14.457237864232981, 68.334418414985464 ], [ 14.457300244779121, 68.333919120182628 ], [ 14.456778617119454, 68.333574258819482 ], [ 14.456361254036389, 68.333549579221639 ], [ 14.45531638912146, 68.33396521470857 ], [ 14.453985610796781, 68.334236938276376 ], [ 14.454064486088487, 68.334399360570956 ], [ 14.454956711268361, 68.334664000747324 ], [ 14.45604937309983, 68.334820044192895 ], [ 14.457237864232981, 68.334418414985464 ] ] ] ] } },
{ "type": "Feature", "properties": { "fid": 151267, "navn": null, "hoyde_moh": 3, "arealInnsjo_km2": 0.005, "magasinKategori": null, "fid_2": 813, "id": 813, "left": 13.986919847, "top": 68.446110046000001, "right": 14.486919847, "bottom": 67.946110046000001, "row_index": 12, "col_index": 20, "tile_id": 813 }, "geometry": { "type": "MultiPolygon", "coordinates": [ [ [ [ 14.460636960178602, 68.392759405479438 ], [ 14.461202237441295, 68.39220603541925 ], [ 14.460598355683807, 68.392366340839843 ], [ 14.459066421966037, 68.3923195053315 ], [ 14.458892814431678, 68.392477160051939 ], [ 14.459004195275694, 68.392561830868019 ], [ 14.458903650462354, 68.392859910419688 ], [ 14.459814280810333, 68.392981517376995 ], [ 14.460636960178602, 68.392759405479438 ] ] ] ] } },
{ "type": "Feature", "properties": { "fid": 151268, "navn": null, "hoyde_moh": 2, "arealInnsjo_km2": 0.0023, "magasinKategori": null, "fid_2": 813, "id": 813, "left": 13.986919847, "top": 68.446110046000001, "right": 14.486919847, "bottom": 67.946110046000001, "row_index": 12, "col_index": 20, "tile_id": 813 }, "geometry": { "type": "MultiPolygon", "coordinates": [ [ [ [ 14.420349865478105, 68.349698897537806 ], [ 14.420711951919698, 68.34947206574796 ], [ 14.418412214751312, 68.349343432198154 ], [ 14.419343439061812, 68.349695220317813 ], [ 14.420349865478105, 68.349698897537806 ] ] ] ] } },
{ "type": "Feature", "properties": { "fid": 151277, "navn": null, "hoyde_moh": 225, "arealInnsjo_km2": 0.0079, "magasinKategori": null, "fid_2": 813, "id": 813, "left": 13.986919847, "top": 68.446110046000001, "right": 14.486919847, "bottom": 67.946110046000001, "row_index": 12, "col_index": 20, "tile_id": 813 }, "geometry": { "type": "MultiPolygon", "coordinates": [ [ [ [ 14.448751145232846, 68.293474057548508 ], [ 14.447989467877443, 68.293070248420975 ], [ 14.44878976696585, 68.292928133943192 ], [ 14.448307427845295, 68.292796033729815 ], [ 14.447074122006496, 68.292830243449117 ], [ 14.44674609173976, 68.293169449873858 ], [ 14.44681463458369, 68.293690345891733 ], [ 14.447507583084347, 68.293790411060314 ], [ 14.448003330179114, 68.294070103057948 ], [ 14.44832748297609, 68.294001395661041 ], [ 14.448751145232846, 68.293474057548508 ] ] ] ] } },
{ "type": "Feature", "properties": { "fid": 151304, "navn": "Kallevatnet", "hoyde_moh": 8, "arealInnsjo_km2": 0.0832, "magasinKategori": null, "fid_2": 813, "id": 813, "left": 13.986919847, "top": 68.446110046000001, "right": 14.486919847, "bottom": 67.946110046000001, "row_index": 12, "col_index": 20, "tile_id": 813 }, "geometry": { "type": "MultiPolygon", "coordinates": [ [ [ [ 14.326697231443978, 68.188240726367724 ], [ 14.32730878345585, 68.187947211002708 ], [ 14.327537115925542, 68.187562445115447 ], [ 14.32802202940875, 68.187474713956803 ], [ 14.328809423232306, 68.186939726906942 ], [ 14.330319128966821, 68.186443531386871 ], [ 14.330310716132519, 68.185905323504031 ], [ 14.3314415800153, 68.185165410235825 ], [ 14.33054682489605, 68.185251498028236 ], [ 14.329282517981625, 68.184779974285789 ], [ 14.327228575597692, 68.184924140974232 ], [ 14.325363284114609, 68.185212562690651 ], [ 14.322165695391471, 68.186518057677901 ], [ 14.322233533042114, 68.186670817586176 ], [ 14.323450099747314, 68.187124261276225 ], [ 14.324170347865111, 68.187234831339481 ], [ 14.324713093516698, 68.187640761505165 ], [ 14.323823045461008, 68.188381521649234 ], [ 14.325026433002414, 68.188467147203994 ], [ 14.325489895778668, 68.18828964040425 ], [ 14.326697231443978, 68.188240726367724 ] ], [ [ 14.327836519157566, 68.186397614420571 ], [ 14.328027323910151, 68.186470143824224 ], [ 14.327904134218459, 68.18655925085578 ], [ 14.327595913052074, 68.186378700390804 ], [ 14.327836519157566, 68.186397614420571 ] ] ] ] } },
{ "type": "Feature", "properties": { "fid": 151305, "navn": null, "hoyde_moh": 292, "arealInnsjo_km2": 0.0055, "magasinKategori": null, "fid_2": 813, "id": 813, "left": 13.986919847, "top": 68.446110046000001, "right": 14.486919847, "bottom": 67.946110046000001, "row_index": 12, "col_index": 20, "tile_id": 813 }, "geometry": { "type": "MultiPolygon", "coordinates": [ [ [ [ 14.455732818564986, 68.3005902925849 ], [ 14.456057922850476, 68.300138853453191 ], [ 14.454347792552378, 68.299847231102703 ], [ 14.453858955483792, 68.300029858822214 ], [ 14.453874133475303, 68.300215931728587 ], [ 14.454426010911719, 68.300589875642558 ], [ 14.455732818564986, 68.3005902925849 ] ] ] ] } },
{ "type": "Feature", "properties": { "fid": 151445, "navn": "Storvatnet", "hoyde_moh": 25, "arealInnsjo_km2": 0.6151, "magasinKategori": null, "fid_2": 813, "id": 813, "left": 13.986919847, "top": 68.446110046000001, "right": 14.486919847, "bottom": 67.946110046000001, "row_index": 12, "col_index": 20, "tile_id": 813 }, "geometry": { "type": "MultiPolygon", "coordinates": [ [ [ [ 14.001751846948482, 68.249933282738226 ], [ 14.001928443971982, 68.249494182842838 ], [ 14.001450852058982, 68.248800622600029 ], [ 13.999651442270512, 68.247919713435977 ], [ 13.998507090576739, 68.247545053359715 ], [ 13.997784363379804, 68.246930645856608 ], [ 13.996570710387576, 68.24648388356178 ], [ 13.996529047265348, 68.246331141217027 ], [ 13.996831326134419, 68.246054893497089 ], [ 13.996766274576732, 68.245884069992698 ], [ 13.994834303925375, 68.244177060969719 ], [ 13.992617012599846, 68.24291680238565 ], [ 13.991401697009252, 68.242514840823034 ], [ 13.990252215245791, 68.242265581806791 ], [ 13.986919847, 68.241985367710484 ], [ 13.986919847, 68.246872702512704 ], [ 13.988649047374969, 68.246812633606197 ], [ 13.990218395354518, 68.246319757831913 ], [ 13.99187330011681, 68.246078727504553 ], [ 13.993854861290442, 68.246546677922879 ], [ 13.996627508006593, 68.246842938746596 ], [ 13.996881632438924, 68.247113663268848 ], [ 13.996805175379171, 68.247202902544132 ], [ 13.995853291979156, 68.24740346832651 ], [ 13.996272497756076, 68.248320944671832 ], [ 13.996019711926245, 68.248570669849599 ], [ 13.996928398893406, 68.249356458220575 ], [ 13.998299050099481, 68.249535240682206 ], [ 13.998486582756943, 68.249670920887056 ], [ 13.998361771484349, 68.249759779949116 ], [ 13.998428100159947, 68.24993509535021 ], [ 13.999022665515691, 68.250131531128531 ], [ 13.999464796235989, 68.250528873685596 ], [ 14.000383862981149, 68.250672000968706 ], [ 14.001751846948482, 68.249933282738226 ] ] ] ] } },
{ "type": "Feature", "properties": { "fid": 162717, "navn": "Langvatnet", "hoyde_moh": 352, "arealInnsjo_km2": 0.0387, "magasinKategori": null, "fid_2": 813, "id": 813, "left": 13.986919847, "top": 68.446110046000001, "right": 14.486919847, "bottom": 67.946110046000001, "row_index": 12, "col_index": 20, "tile_id": 813 }, "geometry": { "type": "MultiPolygon", "coordinates": [ [ [ [ 14.454620897007384, 68.291339669734981 ], [ 14.454727509566611, 68.291075244961121 ], [ 14.454596105760249, 68.290988081582057 ], [ 14.454897886926306, 68.290747705529981 ], [ 14.454836340831418, 68.290565606632441 ], [ 14.455610876384968, 68.290584105273169 ], [ 14.455709387824795, 68.290384501467273 ], [ 14.454776094069869, 68.290065370757674 ], [ 14.453638678723253, 68.289378989753487 ], [ 14.452817052263795, 68.289164078687023 ], [ 14.452163703359078, 68.288660277546086 ], [ 14.452392543689452, 68.288329972954472 ], [ 14.452427050707792, 68.287537468601201 ], [ 14.452819430390448, 68.287275598711801 ], [ 14.452778906761353, 68.286823771150722 ], [ 14.452324981638593, 68.286369777303392 ], [ 14.452530184383853, 68.285923152497631 ], [ 14.452111103247089, 68.28569359498313 ], [ 14.450498407044046, 68.286865413996537 ], [ 14.450082548017313, 68.286954810777132 ], [ 14.450387545906542, 68.287758032829529 ], [ 14.45086770997877, 68.2880169462384 ], [ 14.451118317428165, 68.288363718626726 ], [ 14.452112347784338, 68.288902638704783 ], [ 14.451849902835015, 68.289058199895209 ], [ 14.452260265510475, 68.289037664844599 ], [ 14.452590260537704, 68.289267377409232 ], [ 14.452761911265345, 68.28965559491624 ], [ 14.452551957802264, 68.289945510491933 ], [ 14.453185766685355, 68.29023532782827 ], [ 14.453503308996302, 68.291198955773439 ], [ 14.454765791954729, 68.291643127124516 ], [ 14.454620897007384, 68.291339669734981 ] ] ] ] } },
{ "type": "Feature", "properties": { "fid": 181004, "navn": "Sortenvatnet", "hoyde_moh": 20, "arealInnsjo_km2": 0.1697, "magasinKategori": null, "fid_2": 813, "id": 813, "left": 13.986919847, "top": 68.446110046000001, "right": 14.486919847, "bottom": 67.946110046000001, "row_index": 12, "col_index": 20, "tile_id": 813 }, "geometry": { "type": "MultiPolygon", "coordinates": [ [ [ [ 14.071762102949279, 68.26581123469542 ], [ 14.071319517555271, 68.265387090658905 ], [ 14.071622603702675, 68.265074835771728 ], [ 14.068537758637831, 68.264761499503564 ], [ 14.068371315260546, 68.26468898790273 ], [ 14.068600023959995, 68.264421171376114 ], [ 14.068004320364542, 68.264193498627009 ], [ 14.068131499220923, 68.264041812374245 ], [ 14.067992919036348, 68.263879578022411 ], [ 14.069583481353376, 68.264040788616313 ], [ 14.070245381247011, 68.263860874778828 ], [ 14.070298936612996, 68.263704290578289 ], [ 14.066970868669257, 68.262833341461629 ], [ 14.066605028333635, 68.262311035173099 ], [ 14.063647502300737, 68.261262877451628 ], [ 14.063165532883483, 68.261215224948685 ], [ 14.062016433757218, 68.261504936937968 ], [ 14.059233521987993, 68.261507074239191 ], [ 14.058939783971624, 68.26159511220186 ], [ 14.05875309686358, 68.262015642278541 ], [ 14.058874988975452, 68.262581436594886 ], [ 14.057424955640059, 68.262537348512851 ], [ 14.057603704463379, 68.262897157826586 ], [ 14.057477205335658, 68.263030810667161 ], [ 14.058072453380424, 68.263859503653833 ], [ 14.060446699629637, 68.264375332186248 ], [ 14.06237550534315, 68.265139594876885 ], [ 14.063773647782273, 68.265273135766563 ], [ 14.065020051728034, 68.264975167262875 ], [ 14.065527031934028, 68.265005014637978 ], [ 14.066844188561527, 68.265344203132045 ], [ 14.067097522971562, 68.265659570083685 ], [ 14.06745532917404, 68.26578715427361 ], [ 14.068898282988144, 68.266010512140781 ], [ 14.069924098031564, 68.266375044641748 ], [ 14.070717818308582, 68.266317676521624 ], [ 14.071762102949279, 68.26581123469542 ] ] ] ] } },
{ "type": "Feature", "properties": { "fid": 181005, "navn": "Gårdsvatnet", "hoyde_moh": 6, "arealInnsjo_km2": 0.1291, "magasinKategori": null, "fid_2": 813, "id": 813, "left": 13.986919847, "top": 68.446110046000001, "right": 14.486919847, "bottom": 67.946110046000001, "row_index": 12, "col_index": 20, "tile_id": 813 }, "geometry": { "type": "MultiPolygon", "coordinates": [ [ [ [ 14.061196376246063, 68.273815904325119 ], [ 14.061816469781467, 68.274043648094192 ], [ 14.066657649012438, 68.27406189465205 ], [ 14.067496325141159, 68.273680890042229 ], [ 14.067853468300342, 68.273234396072198 ], [ 14.069026098191722, 68.272379760160135 ], [ 14.069086189489235, 68.272093149561016 ], [ 14.068665168838505, 68.271732088353787 ], [ 14.069377975838512, 68.271466889175088 ], [ 14.068653762652746, 68.271417988709345 ], [ 14.068343532930649, 68.271308613736139 ], [ 14.068160893445199, 68.271038494550922 ], [ 14.067078809111274, 68.270862004578348 ], [ 14.066288631981816, 68.271243278848388 ], [ 14.064719965396298, 68.271126832285731 ], [ 14.063440934828494, 68.271621954111424 ], [ 14.061577053535967, 68.271620425227681 ], [ 14.059267004068909, 68.271284467672714 ], [ 14.057758772172075, 68.271464303948704 ], [ 14.057751544354906, 68.272226705302046 ], [ 14.057518931276896, 68.27258418462371 ], [ 14.057628112937836, 68.272871750202597 ], [ 14.057330280902613, 68.273049461837573 ], [ 14.057829295397067, 68.273276624683561 ], [ 14.057888964306386, 68.273590909180797 ], [ 14.059147917364855, 68.27358906032056 ], [ 14.059760604114418, 68.273996168076877 ], [ 14.059755068897886, 68.274130685354606 ], [ 14.061082979033717, 68.27421891023117 ], [ 14.060418908875254, 68.273883186966088 ], [ 14.061196376246063, 68.273815904325119 ] ] ] ] } },
{ "type": "Feature", "properties": { "fid": 181266, "navn": "Kvanndalsvatnet", "hoyde_moh": 185, "arealInnsjo_km2": 0.0156, "magasinKategori": null, "fid_2": 813, "id": 813, "left": 13.986919847, "top": 68.446110046000001, "right": 14.486919847, "bottom": 67.946110046000001, "row_index": 12, "col_index": 20, "tile_id": 813 }, "geometry": { "type": "MultiPolygon", "coordinates": [ [ [ [ 14.021909436690885, 68.244849830313029 ], [ 14.021966597800489, 68.244643856420723 ], [ 14.020889955765016, 68.243812279080913 ], [ 14.020056232163, 68.243520326932085 ], [ 14.018353397726978, 68.244326552991765 ], [ 14.018418990786646, 68.244488400479483 ], [ 14.019627198998281, 68.245069609550384 ], [ 14.021909436690885, 68.244849830313029 ] ] ] ] } },
{ "type": "Feature", "properties": { "fid": 194446, "navn": "Djupfjordvatnet", "hoyde_moh": 27, "arealInnsjo_km2": 0.1097, "magasinKategori": null, "fid_2": 813, "id": 813, "left": 13.986919847, "top": 68.446110046000001, "right": 14.486919847, "bottom": 67.946110046000001, "row_index": 12, "col_index": 20, "tile_id": 813 }, "geometry": { "type": "MultiPolygon", "coordinates": [ [ [ [ 14.268579429647838, 68.19862374997733 ], [ 14.26832835026496, 68.198174161547371 ], [ 14.268021018277627, 68.197975474523034 ], [ 14.263254926771644, 68.197622511851932 ], [ 14.259337583462923, 68.196394175225194 ], [ 14.255152649417749, 68.195989842188652 ], [ 14.251726779660963, 68.195247800217118 ], [ 14.250330337951329, 68.195160771630228 ], [ 14.249312520517218, 68.195299685927409 ], [ 14.249184572438239, 68.195523348916026 ], [ 14.252200310426135, 68.196263506507819 ], [ 14.254025212106393, 68.196531838498132 ], [ 14.255049123088197, 68.196949041459845 ], [ 14.256917134823441, 68.197378898888275 ], [ 14.259037834412934, 68.198204796963211 ], [ 14.263861682581823, 68.199015498792107 ], [ 14.267783645928128, 68.199364721600389 ], [ 14.268579429647838, 68.19862374997733 ] ] ] ] } },
{ "type": "Feature", "properties": { "fid": 194447, "navn": "Trolldalsvatnet", "hoyde_moh": 77, "arealInnsjo_km2": 0.0221, "magasinKategori": null, "fid_2": 813, "id": 813, "left": 13.986919847, "top": 68.446110046000001, "right": 14.486919847, "bottom": 67.946110046000001, "row_index": 12, "col_index": 20, "tile_id": 813 }, "geometry": { "type": "MultiPolygon", "coordinates": [ [ [ [ 14.31787564893119, 68.200223925022769 ], [ 14.317130362201173, 68.200131165252301 ], [ 14.316894161702201, 68.199959771660602 ], [ 14.317069995988387, 68.199727286345066 ], [ 14.31882142144257, 68.200066356366094 ], [ 14.319259708772853, 68.199933610762827 ], [ 14.317319808872066, 68.199441287691684 ], [ 14.315562298400344, 68.199308476608905 ], [ 14.314662350150408, 68.199555911594587 ], [ 14.31369569038071, 68.199596765786524 ], [ 14.313328147731761, 68.199783606887465 ], [ 14.313882515662767, 68.200611189465974 ], [ 14.315279534827379, 68.200697593961152 ], [ 14.31787564893119, 68.200223925022769 ] ] ] ] } },
{ "type": "Feature", "properties": { "fid": 194448, "navn": "Trolldalsvatnan", "hoyde_moh": 249, "arealInnsjo_km2": 0.0301, "magasinKategori": null, "fid_2": 813, "id": 813, "left": 13.986919847, "top": 68.446110046000001, "right": 14.486919847, "bottom": 67.946110046000001, "row_index": 12, "col_index": 20, "tile_id": 813 }, "geometry": { "type": "MultiPolygon", "coordinates": [ [ [ [ 14.015698367162967, 68.225106024973329 ], [ 14.016048821829457, 68.22482105954532 ], [ 14.010622307742322, 68.224053290136411 ], [ 14.007558887041501, 68.223954378414803 ], [ 14.007236528693022, 68.224140733992712 ], [ 14.007366279148098, 68.224491341430763 ], [ 14.006687751852123, 68.225097250043419 ], [ 14.006993951724597, 68.225278481478924 ], [ 14.008142696040149, 68.224971301482995 ], [ 14.008985289438206, 68.22503920946059 ], [ 14.009235970861265, 68.224834393307276 ], [ 14.010028087447068, 68.224946665847327 ], [ 14.010088013350657, 68.224678011095222 ], [ 14.010917296023406, 68.224494578932351 ], [ 14.01080583346743, 68.224278634164833 ], [ 14.012075785985799, 68.224519411621031 ], [ 14.012667974129863, 68.224792033158877 ], [ 14.013457460084627, 68.225532266356751 ], [ 14.015698367162967, 68.225106024973329 ] ] ] ] } },
{ "type": "Feature", "properties": { "fid": 194449, "navn": "Middagsdalsvatnet", "hoyde_moh": 170, "arealInnsjo_km2": 0.0806, "magasinKategori": null, "fid_2": 813, "id": 813, "left": 13.986919847, "top": 68.446110046000001, "right": 14.486919847, "bottom": 67.946110046000001, "row_index": 12, "col_index": 20, "tile_id": 813 }, "geometry": { "type": "MultiPolygon", "coordinates": [ [ [ [ 14.317191012186347, 68.232134771978181 ], [ 14.317484154906166, 68.232028341651898 ], [ 14.317529164099186, 68.231328902856291 ], [ 14.318874791897111, 68.230769342589781 ], [ 14.318980232222355, 68.230473780111993 ], [ 14.319634673322589, 68.230404614658795 ], [ 14.318681608365127, 68.229961292715601 ], [ 14.316800713295189, 68.22982799744517 ], [ 14.315912241105769, 68.230452299841659 ], [ 14.315295361922095, 68.230072859445016 ], [ 14.315172395494576, 68.229336940271068 ], [ 14.314624806291848, 68.22906559659215 ], [ 14.312355224812155, 68.229818631923166 ], [ 14.311237987004496, 68.230011335233456 ], [ 14.310644673789655, 68.230457352420174 ], [ 14.310654525652739, 68.230932779119343 ], [ 14.311310776668309, 68.231608215550978 ], [ 14.311026121558299, 68.23223490370566 ], [ 14.317191012186347, 68.232134771978181 ] ] ] ] } },
{ "type": "Feature", "properties": { "fid": 194450, "navn": "Lyngedalsvatnet", "hoyde_moh": 18, "arealInnsjo_km2": 0.8159, "magasinKategori": null, "fid_2": 813, "id": 813, "left": 13.986919847, "top": 68.446110046000001, "right": 14.486919847, "bottom": 67.946110046000001, "row_index": 12, "col_index": 20, "tile_id": 813 }, "geometry": { "type": "MultiPolygon", "coordinates": [ [ [ [ 14.046122194606655, 68.257378004045279 ], [ 14.045459202434369, 68.25703334295325 ], [ 14.046847144174281, 68.256817052954503 ], [ 14.046908596105778, 68.256503456969057 ], [ 14.047204798255951, 68.256361634730823 ], [ 14.047216753460461, 68.256074664955648 ], [ 14.048602009105263, 68.255921134866739 ], [ 14.048900057857173, 68.255734470535131 ], [ 14.04866940275641, 68.255464053215377 ], [ 14.048660885183539, 68.255087266865189 ], [ 14.048240506072936, 68.254725974497163 ], [ 14.048181759910438, 68.254393840058725 ], [ 14.047153839748223, 68.254100916295727 ], [ 14.047691462624492, 68.253969446121118 ], [ 14.048192208964837, 68.254142741374935 ], [ 14.049934494624102, 68.254125792611219 ], [ 14.049873121495757, 68.253856343753171 ], [ 14.050411598112975, 68.253697959936119 ], [ 14.050613860366159, 68.253492805912842 ], [ 14.050654791481447, 68.253089392153072 ], [ 14.052112119804923, 68.252353199027255 ], [ 14.053806307316183, 68.250577828378056 ], [ 14.054206867473443, 68.249938756261031 ], [ 14.054350691457069, 68.249109675389221 ], [ 14.054967248222114, 68.248234305689664 ], [ 14.054898324137602, 68.247561168497711 ], [ 14.054439635140291, 68.246957574823043 ], [ 14.054852370524099, 68.246332025412499 ], [ 14.053586626376601, 68.245365041968086 ], [ 14.049490188177446, 68.244444679733206 ], [ 14.05014768855049, 68.244331827794696 ], [ 14.050621848141722, 68.243975737819369 ], [ 14.050688048709253, 68.243545558112729 ], [ 14.050465680110429, 68.243077850751874 ], [ 14.049244125717385, 68.242801771129038 ], [ 14.049372430225121, 68.242623105681304 ], [ 14.048529065118455, 68.242555491639209 ], [ 14.048999486537289, 68.242289084446796 ], [ 14.04829488594946, 68.241791704839187 ], [ 14.048594243567864, 68.241569169276985 ], [ 14.04810607659253, 68.241099937026547 ], [ 14.047132690950782, 68.24067277260913 ], [ 14.046853870638028, 68.240402075381013 ], [ 14.044496020927353, 68.239554333086474 ], [ 14.042928887472659, 68.239455618423165 ], [ 14.043643361579555, 68.239127841395643 ], [ 14.043053675080236, 68.23878358895405 ], [ 14.04232942703571, 68.238761478196977 ], [ 14.041521661197567, 68.23900789228378 ], [ 14.041356750925855, 68.238899481063257 ], [ 14.041535550841274, 68.238676173008699 ], [ 14.040938661416233, 68.23849333087604 ], [ 14.039830113605326, 68.238989250260587 ], [ 14.038206039444811, 68.239096471440703 ], [ 14.036810773891165, 68.238935903226448 ], [ 14.03549594624152, 68.239161499327864 ], [ 14.035131947967018, 68.239464366534349 ], [ 14.035494418184758, 68.239771449470766 ], [ 14.034755015896845, 68.240108107062923 ], [ 14.034936264013497, 68.240396109183266 ], [ 14.035662807015868, 68.240938614002459 ], [ 14.036613711240316, 68.241320776663514 ], [ 14.038869429054749, 68.241719541885715 ], [ 14.038858131096591, 68.24198857586407 ], [ 14.038438575944912, 68.242192459275103 ], [ 14.040042941563891, 68.243661234984927 ], [ 14.039745163463531, 68.243895336016465 ], [ 14.040469302759218, 68.244500504724996 ], [ 14.040244979095739, 68.244660669485668 ], [ 14.040949492412024, 68.245158082953893 ], [ 14.042399298129654, 68.245758456776642 ], [ 14.043239521474664, 68.245897843036602 ], [ 14.043782144375559, 68.246232853026783 ], [ 14.04462987834451, 68.246192965802194 ], [ 14.044868015940246, 68.246274973815346 ], [ 14.044643947294494, 68.246435145877129 ], [ 14.046694578510794, 68.24712863170808 ], [ 14.04619312572096, 68.247556314063687 ], [ 14.046375320052819, 68.247826457692042 ], [ 14.046250704658979, 68.247915352869768 ], [ 14.042944348442575, 68.248335974320867 ], [ 14.042328294582386, 68.248610496473532 ], [ 14.042559931975784, 68.24885401927051 ], [ 14.042565345125725, 68.249302548525705 ], [ 14.042374329862431, 68.249821706450618 ], [ 14.042117269320764, 68.249936835502595 ], [ 14.042253438982396, 68.252709427110659 ], [ 14.042866689501585, 68.255394794808751 ], [ 14.042494165758939, 68.255625869634486 ], [ 14.041521900284435, 68.255736969153332 ], [ 14.041411255198479, 68.256068219951743 ], [ 14.041040585863586, 68.256254452529376 ], [ 14.041045217947945, 68.256720916988684 ], [ 14.041519292635561, 68.257530855583056 ], [ 14.0417573954141, 68.257622016576263 ], [ 14.045693443303573, 68.257797042731397 ], [ 14.046112095169983, 68.257620134678518 ], [ 14.046122194606655, 68.257378004045279 ] ] ] ] } },
{ "type": "Feature", "properties": { "fid": 195703, "navn": "Ånevatnet", "hoyde_moh": 10, "arealInnsjo_km2": 0.0191, "magasinKategori": null, "fid_2": 813, "id": 813, "left": 13.986919847, "top": 68.446110046000001, "right": 14.486919847, "bottom": 67.946110046000001, "row_index": 12, "col_index": 20, "tile_id": 813 }, "geometry": { "type": "MultiPolygon", "coordinates": [ [ [ [ 14.156400967382057, 68.289825321520453 ], [ 14.156385692681399, 68.289583061835486 ], [ 14.154987416216127, 68.289405548684073 ], [ 14.15444833228028, 68.28956435730197 ], [ 14.153780116399098, 68.289291782195974 ], [ 14.153005716266932, 68.289269906252201 ], [ 14.151367589027547, 68.289674264307223 ], [ 14.150945827351586, 68.289941116772638 ], [ 14.152219908841527, 68.290207728928578 ], [ 14.15511955660541, 68.290410737713046 ], [ 14.156400967382057, 68.289825321520453 ] ] ] ] } },
{ "type": "Feature", "properties": { "fid": 195704, "navn": "Barstrandvatnet", "hoyde_moh": 180, "arealInnsjo_km2": 0.0978, "magasinKategori": null, "fid_2": 813, "id": 813, "left": 13.986919847, "top": 68.446110046000001, "right": 14.486919847, "bottom": 67.946110046000001, "row_index": 12, "col_index": 20, "tile_id": 813 }, "geometry": { "type": "MultiPolygon", "coordinates": [ [ [ [ 14.247456595799729, 68.293768643955829 ], [ 14.247320107295574, 68.293499029968046 ], [ 14.245990353751898, 68.293412289976615 ], [ 14.24412420777789, 68.292695236086033 ], [ 14.240599304396746, 68.292320330381031 ], [ 14.23925916478818, 68.291820977900556 ], [ 14.236533252006442, 68.291467661464679 ], [ 14.235021472776692, 68.291756721521722 ], [ 14.23410367257471, 68.291671777521088 ], [ 14.233508752013709, 68.292072672431999 ], [ 14.233518523488772, 68.292503257689503 ], [ 14.234736245613382, 68.293038062324356 ], [ 14.237160821291642, 68.293712932738018 ], [ 14.241322329707334, 68.293893390780923 ], [ 14.243998668214489, 68.294291250225797 ], [ 14.247146651526904, 68.294350444681896 ], [ 14.247456595799729, 68.293768643955829 ] ] ] ] } },
{ "type": "Feature", "properties": { "fid": 195705, "navn": "Trolldalstjønnen", "hoyde_moh": 325, "arealInnsjo_km2": 0.0122, "magasinKategori": null, "fid_2": 813, "id": 813, "left": 13.986919847, "top": 68.446110046000001, "right": 14.486919847, "bottom": 67.946110046000001, "row_index": 12, "col_index": 20, "tile_id": 813 }, "geometry": { "type": "MultiPolygon", "coordinates": [ [ [ [ 14.208523568248195, 68.297140266944808 ], [ 14.209481252814994, 68.296777059518647 ], [ 14.209486533226752, 68.296624601003572 ], [ 14.208987671788345, 68.296335205149589 ], [ 14.208576718376058, 68.296306344482034 ], [ 14.206337711617616, 68.296582720708287 ], [ 14.206024503498808, 68.297227041418807 ], [ 14.206091576944166, 68.297388814343847 ], [ 14.20657336528742, 68.29747183619304 ], [ 14.208523568248195, 68.297140266944808 ] ] ] ] } },
{ "type": "Feature", "properties": { "fid": 198075, "navn": "Madsvatnet", "hoyde_moh": 22, "arealInnsjo_km2": 0.1046, "magasinKategori": null, "fid_2": 813, "id": 813, "left": 13.986919847, "top": 68.446110046000001, "right": 14.486919847, "bottom": 67.946110046000001, "row_index": 12, "col_index": 20, "tile_id": 813 }, "geometry": { "type": "MultiPolygon", "coordinates": [ [ [ [ 14.459636505311225, 68.222014001096568 ], [ 14.45908173611649, 68.221613865976494 ], [ 14.459309940558889, 68.221451725000179 ], [ 14.461102813362801, 68.221388665391444 ], [ 14.463912686729509, 68.221017813507629 ], [ 14.461611215761215, 68.21955930619832 ], [ 14.461134079650172, 68.219627899690551 ], [ 14.460651952491711, 68.219415913610604 ], [ 14.460772302079455, 68.219258533014269 ], [ 14.460612121620079, 68.219035572527417 ], [ 14.460036674057084, 68.218787673148924 ], [ 14.458632893703715, 68.218745074204435 ], [ 14.458547680395176, 68.219080879022101 ], [ 14.458791229173361, 68.219249758756305 ], [ 14.458609811353217, 68.219313208970519 ], [ 14.45871315966223, 68.219436515886258 ], [ 14.457756075648858, 68.219681667012324 ], [ 14.456560561981487, 68.219327685696555 ], [ 14.457128806026983, 68.21908351357186 ], [ 14.456413984107003, 68.218746797642766 ], [ 14.456178497306619, 68.219002371765967 ], [ 14.456250238070075, 68.219195089470105 ], [ 14.455611615940624, 68.219259999199195 ], [ 14.45525106913089, 68.219574270377805 ], [ 14.454061683675686, 68.219877208487034 ], [ 14.454071732714379, 68.220033219032089 ], [ 14.453728512995399, 68.220115685426805 ], [ 14.453632727261978, 68.220314311291801 ], [ 14.453266049049724, 68.220327007505702 ], [ 14.452879538586323, 68.220108227563841 ], [ 14.452465621169303, 68.220207948812643 ], [ 14.453458418358252, 68.220919171098288 ], [ 14.453777337420409, 68.221623598665033 ], [ 14.454700974556747, 68.221967020657488 ], [ 14.455953676669811, 68.222154999687675 ], [ 14.457544724841787, 68.222029428607826 ], [ 14.458359975507573, 68.222240446955695 ], [ 14.459244480346525, 68.222240009494683 ], [ 14.459636505311225, 68.222014001096568 ] ], [ [ 14.456951520506976, 68.220857704773834 ], [ 14.457394750651478, 68.220835473830277 ], [ 14.457305579372436, 68.220878414958321 ], [ 14.456951520506976, 68.220857704773834 ] ], [ [ 14.457341659597143, 68.221058010019419 ], [ 14.457311337866583, 68.221032976111047 ], [ 14.458095584364825, 68.221001093635493 ], [ 14.457341659597143, 68.221058010019419 ] ] ] ] } },
{ "type": "Feature", "properties": { "fid": 198078, "navn": "Prestvatnet", "hoyde_moh": 28, "arealInnsjo_km2": 0.2058, "magasinKategori": null, "fid_2": 813, "id": 813, "left": 13.986919847, "top": 68.446110046000001, "right": 14.486919847, "bottom": 67.946110046000001, "row_index": 12, "col_index": 20, "tile_id": 813 }, "geometry": { "type": "MultiPolygon", "coordinates": [ [ [ [ 14.482122324650764, 68.230292562509021 ], [ 14.481711059101382, 68.22955731932484 ], [ 14.481888910122439, 68.228872616246974 ], [ 14.481659702731726, 68.228495727298139 ], [ 14.483341159426448, 68.227963251495041 ], [ 14.483761543104183, 68.227469629748057 ], [ 14.48489898835369, 68.227488855774467 ], [ 14.486199450626176, 68.227144422980089 ], [ 14.486303438152357, 68.226762650637937 ], [ 14.486919847, 68.226293850912285 ], [ 14.486919847, 68.22408544923546 ], [ 14.486859652690468, 68.224094645147105 ], [ 14.486120480323176, 68.223901851867225 ], [ 14.484670033448603, 68.223823990362249 ], [ 14.483101569840011, 68.223196107547821 ], [ 14.482757333462063, 68.222406092497494 ], [ 14.483198730330267, 68.222165473090143 ], [ 14.482844583720064, 68.221761557702294 ], [ 14.482288156274926, 68.221406522097794 ], [ 14.481533626417527, 68.221278867338597 ], [ 14.481169853051556, 68.221365990115515 ], [ 14.480581710478475, 68.221015872475235 ], [ 14.479287434476047, 68.22098276021849 ], [ 14.478511081483774, 68.22143327743801 ], [ 14.477866482031851, 68.221389635064284 ], [ 14.477862254223748, 68.221861320064548 ], [ 14.47821590007554, 68.222113752361935 ], [ 14.478090052752206, 68.222209598231998 ], [ 14.477718812942449, 68.221944912042431 ], [ 14.477177227881956, 68.221895312287685 ], [ 14.476452197598702, 68.221893567298252 ], [ 14.475753887275367, 68.222127976883641 ], [ 14.475841724005162, 68.222321543614086 ], [ 14.476431687042821, 68.222505750775085 ], [ 14.476753913931917, 68.222822218043191 ], [ 14.478494803314437, 68.223527928731102 ], [ 14.480137868944972, 68.223322656835691 ], [ 14.480334624398862, 68.22362536000648 ], [ 14.480051157534973, 68.22374825019098 ], [ 14.48030183579697, 68.224027263645041 ], [ 14.480050348108135, 68.2242415618217 ], [ 14.480257547928726, 68.22453138185476 ], [ 14.481182376922561, 68.224652757228299 ], [ 14.48142410900266, 68.224581039526555 ], [ 14.481465258686887, 68.224406534774005 ], [ 14.481858111581243, 68.224402827168845 ], [ 14.482724644791475, 68.225020016922628 ], [ 14.482743711836623, 68.22547006828357 ], [ 14.482343102305759, 68.225976575301345 ], [ 14.481023131422146, 68.226745256711553 ], [ 14.480336223041741, 68.227409711678078 ], [ 14.479881300093984, 68.227548658662514 ], [ 14.479952294689692, 68.227911870227317 ], [ 14.480759551545757, 68.228333890729843 ], [ 14.480773206022397, 68.228626782437232 ], [ 14.480556429480464, 68.22875732647617 ], [ 14.479571098799481, 68.228899098578168 ], [ 14.478727909920099, 68.229227962838422 ], [ 14.478509400217112, 68.22914736044126 ], [ 14.478327870604977, 68.228811606285575 ], [ 14.47872993531025, 68.22842772426884 ], [ 14.478343894114637, 68.228277801153993 ], [ 14.478681679631649, 68.228042787983696 ], [ 14.478116256774072, 68.227877232976411 ], [ 14.477566061060276, 68.228050675508285 ], [ 14.476707492011323, 68.228037659365214 ], [ 14.47671855413004, 68.228209098428195 ], [ 14.477750961901314, 68.22847093240641 ], [ 14.477904727441246, 68.228762919299498 ], [ 14.478154062272882, 68.228847655515239 ], [ 14.478082675508141, 68.229244952703425 ], [ 14.478316230650391, 68.229853000330223 ], [ 14.479500901064977, 68.230297647761077 ], [ 14.479520524635259, 68.23044417857534 ], [ 14.479919939440729, 68.230613604123491 ], [ 14.480973404720379, 68.230624341994201 ], [ 14.482122324650764, 68.230292562509021 ] ], [ [ 14.482504028763726, 68.223322867924651 ], [ 14.482449786406782, 68.223264756990929 ], [ 14.482710286533623, 68.223280995511558 ], [ 14.482504028763726, 68.223322867924651 ] ], [ [ 14.482903594907944, 68.223620190059435 ], [ 14.48289044715032, 68.223592702941957 ], [ 14.483153118551126, 68.223544996079838 ], [ 14.482903594907944, 68.223620190059435 ] ], [ [ 14.480572821924296, 68.229153105106306 ], [ 14.48117838730831, 68.229105934450018 ], [ 14.48114068643892, 68.229159722489626 ], [ 14.480572821924296, 68.229153105106306 ] ] ] ] } },
{ "type": "Feature", "properties": { "fid": 199187, "navn": "Store Sortvatnet", "hoyde_moh": 13, "arealInnsjo_km2": 0.2168, "magasinKategori": null, "fid_2": 813, "id": 813, "left": 13.986919847, "top": 68.446110046000001, "right": 14.486919847, "bottom": 67.946110046000001, "row_index": 12, "col_index": 20, "tile_id": 813 }, "geometry": { "type": "MultiPolygon", "coordinates": [ [ [ [ 14.182807711346822, 68.306730160478878 ], [ 14.183880983578462, 68.306547146800071 ], [ 14.184843303870336, 68.306076375385487 ], [ 14.184731721312785, 68.30580682970718 ], [ 14.183877421465864, 68.305291377954546 ], [ 14.183528294691589, 68.304886033356254 ], [ 14.182067167375703, 68.304394506673958 ], [ 14.182237340475417, 68.303704678228087 ], [ 14.181930307737336, 68.30347892973208 ], [ 14.1821208525215, 68.302896926958738 ], [ 14.181701664615234, 68.302419387259718 ], [ 14.176849512435931, 68.302539002811969 ], [ 14.17503440180309, 68.303130904491326 ], [ 14.170068481784792, 68.30370730335153 ], [ 14.169577229620074, 68.303884249518575 ], [ 14.169760351544998, 68.304181161361896 ], [ 14.16976598675714, 68.304692461055936 ], [ 14.170735595656293, 68.30536095522443 ], [ 14.170598752944242, 68.305790908306648 ], [ 14.170981679339571, 68.30592735877363 ], [ 14.173703423540815, 68.306416268609809 ], [ 14.176124420315153, 68.306508981743463 ], [ 14.176624057070265, 68.306771571269138 ], [ 14.182807711346822, 68.306730160478878 ] ] ] ] } },
{ "type": "Feature", "properties": { "fid": 199198, "navn": "Rødvatnet", "hoyde_moh": 13, "arealInnsjo_km2": 0.0261, "magasinKategori": null, "fid_2": 813, "id": 813, "left": 13.986919847, "top": 68.446110046000001, "right": 14.486919847, "bottom": 67.946110046000001, "row_index": 12, "col_index": 20, "tile_id": 813 }, "geometry": { "type": "MultiPolygon", "coordinates": [ [ [ [ 14.126611898341412, 68.310490572896128 ], [ 14.126598987981364, 68.310194503685025 ], [ 14.126121690793974, 68.309994667499794 ], [ 14.126248057037108, 68.309860783816035 ], [ 14.126066834538777, 68.3095278633985 ], [ 14.126368037761361, 68.309260529499383 ], [ 14.12606251844992, 68.309007685178074 ], [ 14.12624148473086, 68.308766440354503 ], [ 14.126193839702038, 68.308111399036648 ], [ 14.125927880334169, 68.308092064910369 ], [ 14.124374561051773, 68.308765612180778 ], [ 14.123626771299165, 68.3099277493518 ], [ 14.123753277413631, 68.310421750691759 ], [ 14.124610541727755, 68.310829804207799 ], [ 14.126181555181198, 68.310963713802096 ], [ 14.126611898341412, 68.310490572896128 ] ] ] ] } },
{ "type": "Feature", "properties": { "fid": 199374, "navn": "Nedrevatnet", "hoyde_moh": 53, "arealInnsjo_km2": 0.1394, "magasinKategori": null, "fid_2": 813, "id": 813, "left": 13.986919847, "top": 68.446110046000001, "right": 14.486919847, "bottom": 67.946110046000001, "row_index": 12, "col_index": 20, "tile_id": 813 }, "geometry": { "type": "MultiPolygon", "coordinates": [ [ [ [ 14.346077300837349, 68.322295213515346 ], [ 14.347115468462807, 68.322469699947106 ], [ 14.347489462502429, 68.322964480584645 ], [ 14.348803475257606, 68.322826106669254 ], [ 14.349542717048585, 68.322425369064348 ], [ 14.349718912825859, 68.322201821401407 ], [ 14.349581048700671, 68.321932201897383 ], [ 14.352208151965673, 68.321682226137455 ], [ 14.352379981894925, 68.321611228132511 ], [ 14.35254513306673, 68.320921226321701 ], [ 14.353402470135235, 68.320628563136069 ], [ 14.352778898228109, 68.319522908655301 ], [ 14.352421201990737, 68.319306254375121 ], [ 14.352545017843074, 68.319217041273745 ], [ 14.351508487111142, 68.318988778224281 ], [ 14.346288088551393, 68.319174688772478 ], [ 14.345142759399772, 68.319358551885401 ], [ 14.343444453168363, 68.320212936028938 ], [ 14.34314228530959, 68.320597430348826 ], [ 14.342967029382601, 68.321628221323238 ], [ 14.34327590334239, 68.321853583438298 ], [ 14.343357425953464, 68.322392158313832 ], [ 14.343117920329901, 68.3231267059912 ], [ 14.343963846003218, 68.32323766881278 ], [ 14.346077300837349, 68.322295213515346 ] ] ] ] } },
{ "type": "Feature", "properties": { "fid": 201757, "navn": "vestre Nøkkvatnet", "hoyde_moh": 314, "arealInnsjo_km2": 0.0657, "magasinKategori": null, "fid_2": 813, "id": 813, "left": 13.986919847, "top": 68.446110046000001, "right": 14.486919847, "bottom": 67.946110046000001, "row_index": 12, "col_index": 20, "tile_id": 813 }, "geometry": { "type": "MultiPolygon", "coordinates": [ [ [ [ 14.425293762175446, 68.252318811118855 ], [ 14.426007913106423, 68.251905815658631 ], [ 14.42552535090282, 68.251379171935369 ], [ 14.425176439472287, 68.251251408492905 ], [ 14.425000896947529, 68.250874805337517 ], [ 14.425535254989782, 68.250368357184868 ], [ 14.426582432559828, 68.249797123483205 ], [ 14.427353136297935, 68.248936924807538 ], [ 14.425720598680931, 68.248967352323703 ], [ 14.425478795591575, 68.248485309880067 ], [ 14.424774712113859, 68.248492114478978 ], [ 14.422407345783256, 68.249690829456242 ], [ 14.421871019852647, 68.249823237617733 ], [ 14.421543236749038, 68.25017190383501 ], [ 14.421677052939623, 68.250436427860976 ], [ 14.421473273705939, 68.25059564324755 ], [ 14.421736948345954, 68.250717019041304 ], [ 14.421461162392999, 68.25097895255891 ], [ 14.421467483178228, 68.251312366507108 ], [ 14.42098376635062, 68.251619499089799 ], [ 14.42118499294212, 68.251972696229402 ], [ 14.424059332184287, 68.252329161309547 ], [ 14.425293762175446, 68.252318811118855 ] ] ] ] } },
{ "type": "Feature", "properties": { "fid": 202376, "navn": "Blålyngvatnan", "hoyde_moh": 172, "arealInnsjo_km2": 0.1188, "magasinKategori": null, "fid_2": 813, "id": 813, "left": 13.986919847, "top": 68.446110046000001, "right": 14.486919847, "bottom": 67.946110046000001, "row_index": 12, "col_index": 20, "tile_id": 813 }, "geometry": { "type": "MultiPolygon", "coordinates": [ [ [ [ 14.454161943687794, 68.307982037111415 ], [ 14.45589672930867, 68.307163791055046 ], [ 14.457769869563419, 68.306740984618258 ], [ 14.457839395481933, 68.306488097646479 ], [ 14.457548297570854, 68.30636346400884 ], [ 14.458080031238728, 68.305716355937165 ], [ 14.457963358312774, 68.305647899644057 ], [ 14.458725413424352, 68.305611270372367 ], [ 14.458792913069702, 68.30541255089517 ], [ 14.458789958527509, 68.305189654615091 ], [ 14.458245107880943, 68.305002130429159 ], [ 14.459171764611002, 68.304381416295641 ], [ 14.459918495384557, 68.304304190791143 ], [ 14.459729555745664, 68.3040733368519 ], [ 14.460134399860141, 68.303897595231888 ], [ 14.46011738937999, 68.303674025583206 ], [ 14.460503565373182, 68.303610787107289 ], [ 14.460513271889246, 68.303487311502465 ], [ 14.460056063273795, 68.303100420576385 ], [ 14.459186029247519, 68.303268284718058 ], [ 14.458631706359737, 68.303011846780478 ], [ 14.457627573177517, 68.302937096357411 ], [ 14.454003104724384, 68.303780033429206 ], [ 14.453881527511507, 68.303573072292409 ], [ 14.453164903258255, 68.303628125697927 ], [ 14.453029116664601, 68.303903037293779 ], [ 14.453378517510743, 68.304050383187871 ], [ 14.452548176972877, 68.304409119901933 ], [ 14.452653695850982, 68.304668768697837 ], [ 14.452858643299411, 68.304704421938652 ], [ 14.452566253803901, 68.304787234883293 ], [ 14.452571527898369, 68.30521401103357 ], [ 14.451725399071368, 68.305581840564145 ], [ 14.452200627689392, 68.305941367688519 ], [ 14.452312975546972, 68.306371096810494 ], [ 14.453267730637123, 68.307065315259521 ], [ 14.452998697573907, 68.307113135722972 ], [ 14.452983645286709, 68.306952266994628 ], [ 14.451995057783645, 68.307091810423785 ], [ 14.451605010100556, 68.307322742344752 ], [ 14.452559291260966, 68.308027367535729 ], [ 14.454161943687794, 68.307982037111415 ] ] ] ] } },
{ "type": "Feature", "properties": { "fid": 205500, "navn": "Kvanndalsvatnet", "hoyde_moh": 204, "arealInnsjo_km2": 0.0079, "magasinKategori": null, "fid_2": 813, "id": 813, "left": 13.986919847, "top": 68.446110046000001, "right": 14.486919847, "bottom": 67.946110046000001, "row_index": 12, "col_index": 20, "tile_id": 813 }, "geometry": { "type": "MultiPolygon", "coordinates": [ [ [ [ 14.391687146483415, 68.306771469618042 ], [ 14.3915688136165, 68.306663405360482 ], [ 14.391791282165943, 68.30650276893823 ], [ 14.391122605732686, 68.30612361422601 ], [ 14.389073482174126, 68.306600460718641 ], [ 14.389064595700161, 68.306932294510304 ], [ 14.38932860129189, 68.30702295568004 ], [ 14.39108841787159, 68.306950374530459 ], [ 14.391687146483415, 68.306771469618042 ] ] ] ] } },
{ "type": "Feature", "properties": { "fid": 207208, "navn": "Rørvikvatnet", "hoyde_moh": 37, "arealInnsjo_km2": 0.2106, "magasinKategori": null, "fid_2": 813, "id": 813, "left": 13.986919847, "top": 68.446110046000001, "right": 14.486919847, "bottom": 67.946110046000001, "row_index": 12, "col_index": 20, "tile_id": 813 }, "geometry": { "type": "MultiPolygon", "coordinates": [ [ [ [ 14.271933761276619, 68.207733698912037 ], [ 14.279881702962845, 68.206763760748217 ], [ 14.28122483525679, 68.206267282125907 ], [ 14.280964988039464, 68.206086764838417 ], [ 14.279229341291188, 68.2060164522794 ], [ 14.273138886989281, 68.206267870834807 ], [ 14.270233699555632, 68.206542245449299 ], [ 14.264076601322587, 68.206613736535957 ], [ 14.257853837878177, 68.206460464851958 ], [ 14.256049957050282, 68.20625506013306 ], [ 14.2532733682563, 68.206287444599155 ], [ 14.249059669989965, 68.205972442375739 ], [ 14.248141133332334, 68.206013133889925 ], [ 14.247964552163339, 68.206245545356538 ], [ 14.248196237284512, 68.206533623643708 ], [ 14.248698295272334, 68.206688380283708 ], [ 14.249905292984558, 68.206684867581671 ], [ 14.25109505939939, 68.207201508339836 ], [ 14.257077516387584, 68.208071529294841 ], [ 14.264646033661254, 68.208419155742703 ], [ 14.268730454289173, 68.208266770014305 ], [ 14.271933761276619, 68.207733698912037 ] ] ] ] } },
{ "type": "Feature", "properties": { "fid": 207209, "navn": "Hopsvatnet", "hoyde_moh": 5, "arealInnsjo_km2": 0.3864, "magasinKategori": null, "fid_2": 813, "id": 813, "left": 13.986919847, "top": 68.446110046000001, "right": 14.486919847, "bottom": 67.946110046000001, "row_index": 12, "col_index": 20, "tile_id": 813 }, "geometry": { "type": "MultiPolygon", "coordinates": [ [ [ [ 14.320855929847729, 68.214479798171396 ], [ 14.321530106200596, 68.213720141968196 ], [ 14.322179242224985, 68.213830247589925 ], [ 14.326466731413404, 68.212529256906294 ], [ 14.326526867509319, 68.212125961064032 ], [ 14.326267915062482, 68.211900672194602 ], [ 14.326685766022202, 68.210826021602173 ], [ 14.327538781215839, 68.210551422040666 ], [ 14.327641911371828, 68.210327601040348 ], [ 14.327959127434275, 68.210212280997084 ], [ 14.329090998640194, 68.2103065530207 ], [ 14.328498048905027, 68.209945374771905 ], [ 14.328435355696003, 68.209613248178897 ], [ 14.328012183161459, 68.20922584594517 ], [ 14.327342131588527, 68.209025803152429 ], [ 14.325543861193609, 68.20943110831405 ], [ 14.319910089150888, 68.208923775362862 ], [ 14.316046329890652, 68.208970693378831 ], [ 14.313212380956561, 68.209290870745818 ], [ 14.312429233080902, 68.209646412563288 ], [ 14.311484906740843, 68.209741165187339 ], [ 14.310942287985055, 68.210124605886946 ], [ 14.30906852392798, 68.210619116304954 ], [ 14.309179757508476, 68.210933513917027 ], [ 14.308955748883202, 68.211156821122316 ], [ 14.308106008010501, 68.211314735313707 ], [ 14.308776349530223, 68.212102363851628 ], [ 14.308586691199141, 68.212186874956672 ], [ 14.308894567696186, 68.212385397176106 ], [ 14.310095649470011, 68.21258772129876 ], [ 14.310638746461033, 68.212993606798292 ], [ 14.310703890493832, 68.213235965679829 ], [ 14.313078826667121, 68.213748190323926 ], [ 14.313260409804661, 68.214134542551037 ], [ 14.314518757929116, 68.214848425352855 ], [ 14.316880495405931, 68.215001758101991 ], [ 14.31941793142833, 68.214931359060941 ], [ 14.320855929847729, 68.214479798171396 ] ], [ [ 14.311962545275584, 68.209913566563998 ], [ 14.312800650600177, 68.210141186267748 ], [ 14.312506715615594, 68.210274602820377 ], [ 14.311541160128668, 68.210279572312288 ], [ 14.311352095672044, 68.210144244928628 ], [ 14.311962545275584, 68.209913566563998 ] ], [ [ 14.309731005287725, 68.211868640945966 ], [ 14.31052573244984, 68.211934729145725 ], [ 14.310330454385587, 68.212005674843425 ], [ 14.309731005287725, 68.211868640945966 ] ] ] ] } },
{ "type": "Feature", "properties": { "fid": 207210, "navn": "Forsdalsvatnet", "hoyde_moh": 155, "arealInnsjo_km2": 0.0235, "magasinKategori": null, "fid_2": 813, "id": 813, "left": 13.986919847, "top": 68.446110046000001, "right": 14.486919847, "bottom": 67.946110046000001, "row_index": 12, "col_index": 20, "tile_id": 813 }, "geometry": { "type": "MultiPolygon", "coordinates": [ [ [ [ 14.260987812592623, 68.228297549220599 ], [ 14.261454599207205, 68.228057534502483 ], [ 14.261584059444907, 68.227788931637974 ], [ 14.263742109830721, 68.226793910526595 ], [ 14.263737268729052, 68.226192924886519 ], [ 14.26333442607538, 68.225948959787161 ], [ 14.261982355118713, 68.225925020730301 ], [ 14.261566526064444, 68.226084626405537 ], [ 14.261749935354771, 68.226390408395289 ], [ 14.26138153879176, 68.22657713322053 ], [ 14.261568418999659, 68.226775295404494 ], [ 14.260908123002036, 68.227023509100775 ], [ 14.260680588417966, 68.227336523246194 ], [ 14.25909276229695, 68.227876508279223 ], [ 14.25948776469232, 68.228362628425828 ], [ 14.260987812592623, 68.228297549220599 ] ] ] ] } },
{ "type": "Feature", "properties": { "fid": 207211, "navn": "Vikjordvatnet", "hoyde_moh": 23, "arealInnsjo_km2": 0.073, "magasinKategori": null, "fid_2": 813, "id": 813, "left": 13.986919847, "top": 68.446110046000001, "right": 14.486919847, "bottom": 67.946110046000001, "row_index": 12, "col_index": 20, "tile_id": 813 }, "geometry": { "type": "MultiPolygon", "coordinates": [ [ [ [ 14.06694938344701, 68.227186757238684 ], [ 14.067195676904523, 68.227071530851902 ], [ 14.066840667770636, 68.226890138727143 ], [ 14.067269549427216, 68.226444049798729 ], [ 14.065758470127699, 68.22617543217136 ], [ 14.065570730004564, 68.226039827325465 ], [ 14.066062206609121, 68.225836281889968 ], [ 14.065395802522978, 68.225590256595339 ], [ 14.060742795009912, 68.225816522683132 ], [ 14.05832898953312, 68.226483321027175 ], [ 14.058026417843394, 68.227378601603974 ], [ 14.058497346701818, 68.227677279101968 ], [ 14.059783452781458, 68.227541042007331 ], [ 14.060262632961832, 68.227633362484127 ], [ 14.061157475216264, 68.228212587231653 ], [ 14.06694938344701, 68.227186757238684 ] ] ] ] } },
{ "type": "Feature", "properties": { "fid": 207212, "navn": "Indre Lyngedalsvatnet", "hoyde_moh": 24, "arealInnsjo_km2": 0.086, "magasinKategori": null, "fid_2": 813, "id": 813, "left": 13.986919847, "top": 68.446110046000001, "right": 14.486919847, "bottom": 67.946110046000001, "row_index": 12, "col_index": 20, "tile_id": 813 }, "geometry": { "type": "MultiPolygon", "coordinates": [ [ [ [ 14.034037383794093, 68.237637102106859 ], [ 14.034297195960562, 68.237208052192173 ], [ 14.035792406952329, 68.236714412830636 ], [ 14.035980439109803, 68.236267004072957 ], [ 14.034969771440236, 68.235014310721468 ], [ 14.03393197082217, 68.23440729236475 ], [ 14.033935282943153, 68.233761741140924 ], [ 14.03447908343656, 68.233468532544663 ], [ 14.034501012156362, 68.232948489986299 ], [ 14.032798503892215, 68.232633610886737 ], [ 14.032188817052052, 68.232764611583349 ], [ 14.031183954622437, 68.232525536907374 ], [ 14.030266637089643, 68.232502246961218 ], [ 14.02941229802741, 68.232703569862196 ], [ 14.029481571313445, 68.233349814676075 ], [ 14.030247736712624, 68.234089737332766 ], [ 14.029406855503085, 68.234542299049011 ], [ 14.029473635784527, 68.234677328741171 ], [ 14.031272658375125, 68.234992803848414 ], [ 14.031643573940267, 68.235371615441792 ], [ 14.031219518849154, 68.235683183969357 ], [ 14.031332746547054, 68.235863243824994 ], [ 14.03120623703027, 68.235997056467198 ], [ 14.030667044106513, 68.236173312861837 ], [ 14.03065755148782, 68.236397507454598 ], [ 14.0309195633718, 68.236488645505318 ], [ 14.032773461414413, 68.236086913618948 ], [ 14.033028355506392, 68.235774446883553 ], [ 14.033581459483015, 68.235840543351728 ], [ 14.03400316174336, 68.236156854720576 ], [ 14.033624427722858, 68.236540362887041 ], [ 14.033087891879779, 68.236653852591644 ], [ 14.032289236405326, 68.237250194462774 ], [ 14.03266147547553, 68.237593220856212 ], [ 14.032646317346625, 68.237951932350654 ], [ 14.03289887956044, 68.23826735164144 ], [ 14.034037383794093, 68.237637102106859 ] ] ] ] } },
{ "type": "Feature", "properties": { "fid": 207213, "navn": "Molandsvatnet", "hoyde_moh": 107, "arealInnsjo_km2": 0.0057, "magasinKategori": null, "fid_2": 813, "id": 813, "left": 13.986919847, "top": 68.446110046000001, "right": 14.486919847, "bottom": 67.946110046000001, "row_index": 12, "col_index": 20, "tile_id": 813 }, "geometry": { "type": "MultiPolygon", "coordinates": [ [ [ [ 14.100073561752179, 68.24253750708337 ], [ 14.100560505630714, 68.24245044348838 ], [ 14.100813841606763, 68.24215580837955 ], [ 14.100263911802585, 68.242000345535033 ], [ 14.099004226797533, 68.242065282544857 ], [ 14.09916530159734, 68.242272462279374 ], [ 14.098515669736827, 68.242807133026133 ], [ 14.098941925271838, 68.243033690307627 ], [ 14.100073561752179, 68.24253750708337 ] ] ] ] } },
{ "type": "Feature", "properties": { "fid": 207215, "navn": "Mørkdalsvatnet", "hoyde_moh": 23, "arealInnsjo_km2": 0.0392, "magasinKategori": null, "fid_2": 813, "id": 813, "left": 13.986919847, "top": 68.446110046000001, "right": 14.486919847, "bottom": 67.946110046000001, "row_index": 12, "col_index": 20, "tile_id": 813 }, "geometry": { "type": "MultiPolygon", "coordinates": [ [ [ [ 14.026471860835004, 68.250707012703359 ], [ 14.026070357003448, 68.250480501788374 ], [ 14.025985361789781, 68.24993767827354 ], [ 14.026182975458863, 68.249539312101163 ], [ 14.026068957848562, 68.249377184522018 ], [ 14.025227324068043, 68.24926461339038 ], [ 14.023149203696494, 68.249225509233256 ], [ 14.022668761360711, 68.249716036328749 ], [ 14.022751874236004, 68.24993306053112 ], [ 14.023346950373586, 68.250258310167169 ], [ 14.021945362862235, 68.250232043422457 ], [ 14.021647571441193, 68.25097471212213 ], [ 14.023395050001751, 68.251397692514061 ], [ 14.024673138885401, 68.251485922720576 ], [ 14.025935585568941, 68.251941731364269 ], [ 14.026298669437402, 68.251934977184206 ], [ 14.026770305922108, 68.251650698110183 ], [ 14.026471860835004, 68.250707012703359 ] ], [ [ 14.023872382456981, 68.250413705590773 ], [ 14.02388385762389, 68.250144762754843 ], [ 14.024178972088826, 68.250029884725564 ], [ 14.024420232680587, 68.250049240202941 ], [ 14.024193587828167, 68.250254220383141 ], [ 14.024858356778124, 68.250545159491338 ], [ 14.02485338744814, 68.25066174027647 ], [ 14.024130698160343, 68.25059462149369 ], [ 14.023872382456981, 68.250413705590773 ] ], [ [ 14.025153575710164, 68.250995389933308 ], [ 14.025748512698478, 68.251223126005783 ], [ 14.0251390538886, 68.251336164542153 ], [ 14.025266830604506, 68.251175453616497 ], [ 14.025153575710164, 68.250995389933308 ] ] ] ] } },
{ "type": "Feature", "properties": { "fid": 207605, "navn": "Håtindvatnet", "hoyde_moh": 138, "arealInnsjo_km2": 0.0839, "magasinKategori": null, "fid_2": 813, "id": 813, "left": 13.986919847, "top": 68.446110046000001, "right": 14.486919847, "bottom": 67.946110046000001, "row_index": 12, "col_index": 20, "tile_id": 813 }, "geometry": { "type": "MultiPolygon", "coordinates": [ [ [ [ 14.079872145721104, 68.259128868990686 ], [ 14.07956563820885, 68.258929836014701 ], [ 14.079864202825387, 68.258725000973655 ], [ 14.081431316750535, 68.258258437222082 ], [ 14.079806784513686, 68.258348217410941 ], [ 14.080224230670773, 68.258188888722742 ], [ 14.079938550058026, 68.258079760045945 ], [ 14.081196648397141, 68.258077743666718 ], [ 14.081207457529603, 68.257808706951423 ], [ 14.081625118744812, 68.257649555414247 ], [ 14.080718276469728, 68.257339570531329 ], [ 14.079143266825948, 68.257402618271996 ], [ 14.078782274971092, 68.257355770111246 ], [ 14.078714050736496, 68.257247753650702 ], [ 14.079485307613362, 68.257319297453236 ], [ 14.079444334835609, 68.257135188086465 ], [ 14.078661362417902, 68.256754118098357 ], [ 14.079209218816173, 68.256371446539632 ], [ 14.079199233932677, 68.256012595825709 ], [ 14.076184433888034, 68.255789572124613 ], [ 14.074598633122662, 68.256121613316282 ], [ 14.074609029728389, 68.256462527140457 ], [ 14.075215366830141, 68.257022122229685 ], [ 14.075208842977766, 68.257183454324974 ], [ 14.073699123581104, 68.257426211401338 ], [ 14.073756998381555, 68.258386491740112 ], [ 14.07496154994462, 68.259110606064397 ], [ 14.079693182031681, 68.25924735788108 ], [ 14.079872145721104, 68.259128868990686 ] ], [ [ 14.078401709761737, 68.257026261297298 ], [ 14.078164269271051, 68.257047280671244 ], [ 14.07823070842092, 68.25698943427453 ], [ 14.078401709761737, 68.257026261297298 ] ] ] ] } },
{ "type": "Feature", "properties": { "fid": 207606, "navn": null, "hoyde_moh": 384, "arealInnsjo_km2": 0.0054, "magasinKategori": null, "fid_2": 813, "id": 813, "left": 13.986919847, "top": 68.446110046000001, "right": 14.486919847, "bottom": 67.946110046000001, "row_index": 12, "col_index": 20, "tile_id": 813 }, "geometry": { "type": "MultiPolygon", "coordinates": [ [ [ [ 14.348650274193895, 68.302716101256635 ], [ 14.349677904796126, 68.302379277164206 ], [ 14.349683783612459, 68.302173003553378 ], [ 14.349010305408678, 68.301990985463803 ], [ 14.348402375277491, 68.302060274942889 ], [ 14.34727061118515, 68.302647916725533 ], [ 14.347267532535557, 68.302755537682813 ], [ 14.348650274193895, 68.302716101256635 ] ] ] ] } },
{ "type": "Feature", "properties": { "fid": 208735, "navn": "Austre Nøkkvatnet", "hoyde_moh": 248, "arealInnsjo_km2": 0.2163, "magasinKategori": null, "fid_2": 813, "id": 813, "left": 13.986919847, "top": 68.446110046000001, "right": 14.486919847, "bottom": 67.946110046000001, "row_index": 12, "col_index": 20, "tile_id": 813 }, "geometry": { "type": "MultiPolygon", "coordinates": [ [ [ [ 14.485762098042411, 68.261213214503698 ], [ 14.484660164859042, 68.261197068693733 ], [ 14.483825882983497, 68.261542670945119 ], [ 14.482859109527766, 68.261647479956068 ], [ 14.482114748315082, 68.261514212875838 ], [ 14.48182101823973, 68.261781390909505 ], [ 14.480286534755159, 68.261708438212807 ], [ 14.479446155975744, 68.261244698963637 ], [ 14.478792001498499, 68.261156994142254 ], [ 14.478360758832995, 68.261617382738919 ], [ 14.478596155358689, 68.261787999290902 ], [ 14.479589551140458, 68.261854073881267 ], [ 14.479661433740553, 68.261948745507411 ], [ 14.479236191646288, 68.261986431600434 ], [ 14.479211991346036, 68.262124752281139 ], [ 14.480459460045134, 68.262307769198131 ], [ 14.480410233955519, 68.262504222685237 ], [ 14.48101923502319, 68.262866958478995 ], [ 14.48464850702363, 68.263947199982525 ], [ 14.486919847, 68.264058484535454 ], [ 14.486919847, 68.261288351418713 ], [ 14.485762098042411, 68.261213214503698 ] ] ] ] } },
{ "type": "Feature", "properties": { "fid": 209113, "navn": "Damvatnet", "hoyde_moh": 131, "arealInnsjo_km2": 0.0984, "magasinKategori": 2, "fid_2": 813, "id": 813, "left": 13.986919847, "top": 68.446110046000001, "right": 14.486919847, "bottom": 67.946110046000001, "row_index": 12, "col_index": 20, "tile_id": 813 }, "geometry": { "type": "MultiPolygon", "coordinates": [ [ [ [ 14.431563940361682, 68.242247299287627 ], [ 14.432562047959186, 68.241840090460741 ], [ 14.4351674156059, 68.241501847011023 ], [ 14.435433057340747, 68.241199135825497 ], [ 14.437051199668472, 68.240561249342747 ], [ 14.437226599394565, 68.240053817666663 ], [ 14.436766051442136, 68.239810981781403 ], [ 14.437309193652165, 68.239378344349291 ], [ 14.435280510240013, 68.23904408319234 ], [ 14.434439193716836, 68.239324565938233 ], [ 14.430963723837117, 68.239270370798224 ], [ 14.42854688158393, 68.239810469092077 ], [ 14.428455762348602, 68.240177990419497 ], [ 14.427355347741933, 68.240510107326287 ], [ 14.427691641453716, 68.240972112417751 ], [ 14.428095210769085, 68.240996373074637 ], [ 14.42852649784429, 68.241701683763225 ], [ 14.428939574518594, 68.242013981938868 ], [ 14.431563940361682, 68.242247299287627 ] ] ] ] } },
{ "type": "Feature", "properties": { "fid": 210419, "navn": "Blålyngvatnan", "hoyde_moh": 313, "arealInnsjo_km2": 0.067, "magasinKategori": null, "fid_2": 813, "id": 813, "left": 13.986919847, "top": 68.446110046000001, "right": 14.486919847, "bottom": 67.946110046000001, "row_index": 12, "col_index": 20, "tile_id": 813 }, "geometry": { "type": "MultiPolygon", "coordinates": [ [ [ [ 14.48157895931336, 68.299739550421009 ], [ 14.482099970936035, 68.299955177340479 ], [ 14.48226528773988, 68.299633335745511 ], [ 14.483309408854513, 68.299608772163381 ], [ 14.483375920770889, 68.299347075910461 ], [ 14.484042738500719, 68.298988129316911 ], [ 14.484198629211217, 68.298685092119101 ], [ 14.48427544798343, 68.298063221778591 ], [ 14.484069249170759, 68.297665334649579 ], [ 14.483712435392547, 68.297273528119788 ], [ 14.482782761891697, 68.297032420843692 ], [ 14.482446576457789, 68.296736826077776 ], [ 14.480958289677314, 68.296777401102801 ], [ 14.479671599398024, 68.29659516807007 ], [ 14.478855354267674, 68.298839508608609 ], [ 14.478473717341204, 68.299091696315855 ], [ 14.47809724709828, 68.299064596301548 ], [ 14.478178793975887, 68.299292581464385 ], [ 14.479079000080171, 68.299541873851794 ], [ 14.479639232877869, 68.300087520799678 ], [ 14.48157895931336, 68.299739550421009 ] ] ] ] } },
{ "type": "Feature", "properties": { "fid": 212327, "navn": null, "hoyde_moh": 186, "arealInnsjo_km2": 0.0061, "magasinKategori": null, "fid_2": 813, "id": 813, "left": 13.986919847, "top": 68.446110046000001, "right": 14.486919847, "bottom": 67.946110046000001, "row_index": 12, "col_index": 20, "tile_id": 813 }, "geometry": { "type": "MultiPolygon", "coordinates": [ [ [ [ 14.130933701031847, 68.264516228763625 ], [ 14.131952593938903, 68.264449699291674 ], [ 14.132500889863884, 68.264668012933541 ], [ 14.132793609554481, 68.264606660594794 ], [ 14.13309618628619, 68.264285325127787 ], [ 14.131946443666509, 68.263974358352399 ], [ 14.131114991496684, 68.264203233049287 ], [ 14.130313175551709, 68.264288741973743 ], [ 14.129833385083158, 68.264178685801014 ], [ 14.129586323064608, 68.264311940397988 ], [ 14.130309462864513, 68.264329086608782 ], [ 14.130248410454922, 68.264718953210192 ], [ 14.130751723589933, 68.26484716027268 ], [ 14.131360000146366, 68.264760638934902 ], [ 14.130933701031847, 68.264516228763625 ] ] ] ] } },
{ "type": "Feature", "properties": { "fid": 212328, "navn": "Skimtvatnet", "hoyde_moh": 26, "arealInnsjo_km2": 0.2052, "magasinKategori": null, "fid_2": 813, "id": 813, "left": 13.986919847, "top": 68.446110046000001, "right": 14.486919847, "bottom": 67.946110046000001, "row_index": 12, "col_index": 20, "tile_id": 813 }, "geometry": { "type": "MultiPolygon", "coordinates": [ [ [ [ 14.096925010649816, 68.265348719279089 ], [ 14.096306809320419, 68.265076447063265 ], [ 14.096991113067682, 68.264900585795914 ], [ 14.097051899742006, 68.264586971102318 ], [ 14.09662253993698, 68.264423183368692 ], [ 14.097878975075824, 68.263864899892724 ], [ 14.09794905842322, 68.263309149504295 ], [ 14.097657799066912, 68.262724530247979 ], [ 14.097883668249338, 68.262519448608089 ], [ 14.09861650190043, 68.262344023527774 ], [ 14.098310849111975, 68.262118121206342 ], [ 14.097160981802242, 68.261824850397076 ], [ 14.095422399354232, 68.261734678270813 ], [ 14.094734814469614, 68.261372144395523 ], [ 14.090752486755854, 68.261126181760957 ], [ 14.088942376025713, 68.261618591713912 ], [ 14.088639214871804, 68.261939846416695 ], [ 14.087434624065279, 68.262408646517343 ], [ 14.084936427325397, 68.263166334269854 ], [ 14.084890701014515, 68.263704185165082 ], [ 14.08446827930444, 68.263980016985712 ], [ 14.087233555512647, 68.265026743702421 ], [ 14.088337569336211, 68.265257042616483 ], [ 14.089536696341511, 68.264922663807354 ], [ 14.09146762574164, 68.265049915848365 ], [ 14.092135109309041, 68.265304625193806 ], [ 14.092815763357903, 68.265837648377101 ], [ 14.095601262291327, 68.266021444125244 ], [ 14.096925010649816, 68.265348719279089 ] ] ] ] } },
{ "type": "Feature", "properties": { "fid": 212330, "navn": "Sinesvatnet", "hoyde_moh": 10, "arealInnsjo_km2": 0.1791, "magasinKategori": null, "fid_2": 813, "id": 813, "left": 13.986919847, "top": 68.446110046000001, "right": 14.486919847, "bottom": 67.946110046000001, "row_index": 12, "col_index": 20, "tile_id": 813 }, "geometry": { "type": "MultiPolygon", "coordinates": [ [ [ [ 14.091988323466882, 68.311032102035 ], [ 14.091330229023338, 68.310508266901465 ], [ 14.09143434558869, 68.310329438354799 ], [ 14.092477850367152, 68.31030830364594 ], [ 14.092471430951306, 68.310469635476807 ], [ 14.093316723769599, 68.310554964070803 ], [ 14.093626540443729, 68.310691106453731 ], [ 14.093808010964086, 68.311006125928927 ], [ 14.094360272865405, 68.311143584829026 ], [ 14.095758511610702, 68.310738655144903 ], [ 14.096042247719028, 68.310309643895238 ], [ 14.095928783737895, 68.309501746591238 ], [ 14.095695964745012, 68.309258298948492 ], [ 14.092786985185935, 68.308632543332621 ], [ 14.09132972340122, 68.308086416048098 ], [ 14.090844623977475, 68.307482793193898 ], [ 14.090043644239001, 68.307505241471006 ], [ 14.089929511847526, 68.30793516923876 ], [ 14.089334139167772, 68.308272859638208 ], [ 14.08841479460407, 68.308222894902286 ], [ 14.087937395508364, 68.308040976397976 ], [ 14.08811221263527, 68.307907385780908 ], [ 14.087931558740989, 68.307574514050444 ], [ 14.087575136171996, 68.307393166745186 ], [ 14.085380387667286, 68.307704049843025 ], [ 14.084021646328823, 68.307131399001491 ], [ 14.080467888999154, 68.307479681446878 ], [ 14.079737085986638, 68.306964277562315 ], [ 14.078894870616429, 68.306807227255149 ], [ 14.077270501810327, 68.306807211137354 ], [ 14.077012510491354, 68.307191485439162 ], [ 14.076890872375465, 68.307800850267142 ], [ 14.077082185595167, 68.308465587909737 ], [ 14.077388242310931, 68.308691618002769 ], [ 14.077751859452937, 68.308693540800178 ], [ 14.078297117773314, 68.308400552666029 ], [ 14.079452704567679, 68.308604275724505 ], [ 14.08064703487695, 68.309050389733784 ], [ 14.080846057062086, 68.309526798566864 ], [ 14.081082090726621, 68.309680587126863 ], [ 14.081858072889212, 68.309684953301158 ], [ 14.082057426111747, 68.309551414301197 ], [ 14.081979585092425, 68.309075674558315 ], [ 14.084538968080906, 68.308739839580994 ], [ 14.085257203570995, 68.308968118353661 ], [ 14.085274252064494, 68.309147608302538 ], [ 14.085022844216905, 68.309370473784398 ], [ 14.085379277256559, 68.309551826514067 ], [ 14.086300831264552, 68.309547821586435 ], [ 14.087817661641088, 68.309816434073142 ], [ 14.088099607665292, 68.310042132531024 ], [ 14.087694518486217, 68.310470287360602 ], [ 14.090711285009098, 68.310827804514105 ], [ 14.091690258616202, 68.311209874116543 ], [ 14.091982246681937, 68.311184735006137 ], [ 14.091988323466882, 68.311032102035 ] ] ] ] } },
{ "type": "Feature", "properties": { "fid": 212331, "navn": "Øvrevatnet", "hoyde_moh": 145, "arealInnsjo_km2": 0.1632, "magasinKategori": null, "fid_2": 813, "id": 813, "left": 13.986919847, "top": 68.446110046000001, "right": 14.486919847, "bottom": 67.946110046000001, "row_index": 12, "col_index": 20, "tile_id": 813 }, "geometry": { "type": "MultiPolygon", "coordinates": [ [ [ [ 14.334510641191056, 68.317961983670187 ], [ 14.340557889996143, 68.316855955211153 ], [ 14.340685110122809, 68.316650161895694 ], [ 14.341761990691932, 68.31631348976957 ], [ 14.342381184478139, 68.315867552511463 ], [ 14.342369867011145, 68.31541903734049 ], [ 14.342062385291118, 68.315148741797785 ], [ 14.341028738805305, 68.314830640085788 ], [ 14.338592858218453, 68.314363643143707 ], [ 14.335560235067179, 68.314405400154399 ], [ 14.331812043274414, 68.314865798453695 ], [ 14.331218758296123, 68.315249104763964 ], [ 14.331206132602741, 68.315679586536348 ], [ 14.329511010495423, 68.316417150492342 ], [ 14.329834943301456, 68.316956708182744 ], [ 14.329824929089625, 68.317297416404202 ], [ 14.33086701113764, 68.318144817465793 ], [ 14.331846380469768, 68.318660002099378 ], [ 14.332889524382697, 68.318655119946513 ], [ 14.334510641191056, 68.317961983670187 ] ] ] ] } },
{ "type": "Feature", "properties": { "fid": 212332, "navn": "Vethaugvatnet", "hoyde_moh": 8, "arealInnsjo_km2": 0.0214, "magasinKategori": null, "fid_2": 813, "id": 813, "left": 13.986919847, "top": 68.446110046000001, "right": 14.486919847, "bottom": 67.946110046000001, "row_index": 12, "col_index": 20, "tile_id": 813 }, "geometry": { "type": "MultiPolygon", "coordinates": [ [ [ [ 14.130260874273359, 68.318447867760852 ], [ 14.13043552382517, 68.318314232805079 ], [ 14.130429301315601, 68.317847774421836 ], [ 14.130004076466317, 68.317549554935553 ], [ 14.129521176676224, 68.316856364969524 ], [ 14.128970965612691, 68.316656157101534 ], [ 14.128244408456403, 68.317262301444174 ], [ 14.127528895036111, 68.317572499291416 ], [ 14.127393128747972, 68.317957397661075 ], [ 14.12691861791571, 68.31831379257217 ], [ 14.127102328880994, 68.318583846543774 ], [ 14.126973175113321, 68.318789384511987 ], [ 14.130260874273359, 68.318447867760852 ] ] ] ] } },
{ "type": "Feature", "properties": { "fid": 212794, "navn": "Mølnvatnet", "hoyde_moh": 8, "arealInnsjo_km2": 0.0665, "magasinKategori": null, "fid_2": 813, "id": 813, "left": 13.986919847, "top": 68.446110046000001, "right": 14.486919847, "bottom": 67.946110046000001, "row_index": 12, "col_index": 20, "tile_id": 813 }, "geometry": { "type": "MultiPolygon", "coordinates": [ [ [ [ 14.139554322303194, 68.334435254094672 ], [ 14.141491520732719, 68.334552870775184 ], [ 14.143078778852804, 68.334300910436809 ], [ 14.143743468923326, 68.334053172093988 ], [ 14.143972664106126, 68.33376740796821 ], [ 14.14441555438915, 68.333608135932337 ], [ 14.144397012403145, 68.333455556119233 ], [ 14.140705370553933, 68.33287149029313 ], [ 14.1380268236971, 68.331817185807452 ], [ 14.136347277276183, 68.331952103389696 ], [ 14.136336401948919, 68.332238987925535 ], [ 14.13663293003226, 68.332733856619583 ], [ 14.137012707263974, 68.332960064325007 ], [ 14.136636808951978, 68.333271969171932 ], [ 14.136510846424033, 68.334033741913672 ], [ 14.13628222824871, 68.334301739174037 ], [ 14.13634483393187, 68.334571154353711 ], [ 14.138402936228143, 68.334707372184965 ], [ 14.139554322303194, 68.334435254094672 ] ] ] ] } },
{ "type": "Feature", "properties": { "fid": 212795, "navn": "Arvikvatnet", "hoyde_moh": 9, "arealInnsjo_km2": 0.0207, "magasinKategori": null, "fid_2": 813, "id": 813, "left": 13.986919847, "top": 68.446110046000001, "right": 14.486919847, "bottom": 67.946110046000001, "row_index": 12, "col_index": 20, "tile_id": 813 }, "geometry": { "type": "MultiPolygon", "coordinates": [ [ [ [ 14.135488189104541, 68.339867810254404 ], [ 14.135496699781104, 68.339643611906567 ], [ 14.134755344649003, 68.339352738854998 ], [ 14.133974766874518, 68.338810507210212 ], [ 14.132827774655006, 68.338966004605766 ], [ 14.132765226696669, 68.339333437343015 ], [ 14.132591214253242, 68.339440079558472 ], [ 14.132574818849534, 68.339870540061114 ], [ 14.133303770848554, 68.340493416733636 ], [ 14.133308253946268, 68.341013592945217 ], [ 14.134348259921699, 68.341126627815953 ], [ 14.135488189104541, 68.339867810254404 ] ] ] ] } },
{ "type": "Feature", "properties": { "fid": 213527, "navn": "Forsdalsvatnet", "hoyde_moh": 151, "arealInnsjo_km2": 0.0141, "magasinKategori": null, "fid_2": 813, "id": 813, "left": 13.986919847, "top": 68.446110046000001, "right": 14.486919847, "bottom": 67.946110046000001, "row_index": 12, "col_index": 20, "tile_id": 813 }, "geometry": { "type": "MultiPolygon", "coordinates": [ [ [ [ 14.109505190606276, 68.248059895513165 ], [ 14.110412742795726, 68.247723899092819 ], [ 14.110279647182718, 68.24740924265096 ], [ 14.110041615206191, 68.24731827049888 ], [ 14.108712629512736, 68.247293212888565 ], [ 14.108357677047033, 68.247093973445544 ], [ 14.106728793816718, 68.247318447255822 ], [ 14.106405749156075, 68.247540957759782 ], [ 14.106964521009962, 68.248100089904241 ], [ 14.109505190606276, 68.248059895513165 ] ] ] ] } },
{ "type": "Feature", "properties": { "fid": 214556, "navn": "Andrevatnet", "hoyde_moh": 287, "arealInnsjo_km2": 0.0412, "magasinKategori": null, "fid_2": 813, "id": 813, "left": 13.986919847, "top": 68.446110046000001, "right": 14.486919847, "bottom": 67.946110046000001, "row_index": 12, "col_index": 20, "tile_id": 813 }, "geometry": { "type": "MultiPolygon", "coordinates": [ [ [ [ 14.350702596714441, 68.224609122629857 ], [ 14.350835306360793, 68.224188164486577 ], [ 14.351254291781384, 68.22389371784115 ], [ 14.350043878595184, 68.223135459647281 ], [ 14.348823599122387, 68.222727143606349 ], [ 14.346706817777111, 68.223266063159087 ], [ 14.345326053391117, 68.2234040506235 ], [ 14.345625942574035, 68.223898554789159 ], [ 14.345640360856228, 68.224239452749202 ], [ 14.346713438502581, 68.224728028534372 ], [ 14.347940421551352, 68.224903268734039 ], [ 14.349999917224103, 68.224863710134599 ], [ 14.350702596714441, 68.224609122629857 ] ] ] ] } },
{ "type": "Feature", "properties": { "fid": 214561, "navn": null, "hoyde_moh": 144, "arealInnsjo_km2": 0.011, "magasinKategori": null, "fid_2": 813, "id": 813, "left": 13.986919847, "top": 68.446110046000001, "right": 14.486919847, "bottom": 67.946110046000001, "row_index": 12, "col_index": 20, "tile_id": 813 }, "geometry": { "type": "MultiPolygon", "coordinates": [ [ [ [ 14.400486424539194, 68.224679514929448 ], [ 14.400468136275052, 68.224455302736231 ], [ 14.397866154492668, 68.224194749425934 ], [ 14.396967051670575, 68.224397875507748 ], [ 14.396840383365321, 68.224621562052278 ], [ 14.397148481250717, 68.224846916179487 ], [ 14.396486401129605, 68.225221229198254 ], [ 14.400486424539194, 68.224679514929448 ] ] ] ] } },
{ "type": "Feature", "properties": { "fid": 215031, "navn": "Nakkvatnet", "hoyde_moh": 211, "arealInnsjo_km2": 0.0174, "magasinKategori": null, "fid_2": 813, "id": 813, "left": 13.986919847, "top": 68.446110046000001, "right": 14.486919847, "bottom": 67.946110046000001, "row_index": 12, "col_index": 20, "tile_id": 813 }, "geometry": { "type": "MultiPolygon", "coordinates": [ [ [ [ 14.13715001811059, 68.252403496348961 ], [ 14.137931169693704, 68.252219181529995 ], [ 14.138109562900858, 68.251977921856792 ], [ 14.137440946747304, 68.251750121216801 ], [ 14.134903980300514, 68.251683215418737 ], [ 14.132664381575351, 68.252066221998859 ], [ 14.13301860324051, 68.252292313736945 ], [ 14.134652428665333, 68.252578885993401 ], [ 14.137089041423012, 68.252744031924394 ], [ 14.13715001811059, 68.252403496348961 ] ] ] ] } },
{ "type": "Feature", "properties": { "fid": 215032, "navn": "Molandstjønna", "hoyde_moh": 150, "arealInnsjo_km2": 0.0127, "magasinKategori": null, "fid_2": 813, "id": 813, "left": 13.986919847, "top": 68.446110046000001, "right": 14.486919847, "bottom": 67.946110046000001, "row_index": 12, "col_index": 20, "tile_id": 813 }, "geometry": { "type": "MultiPolygon", "coordinates": [ [ [ [ 14.11083645978526, 68.261710131583911 ], [ 14.110897745280418, 68.261378575630602 ], [ 14.110781327948306, 68.26126125604722 ], [ 14.111322236658948, 68.261039990288353 ], [ 14.111329207570453, 68.260860631055877 ], [ 14.110243780021037, 68.260774101275629 ], [ 14.110303679255237, 68.260478327667713 ], [ 14.108665117700461, 68.260927107940489 ], [ 14.108900032434374, 68.261107762882219 ], [ 14.108847107351767, 68.261224087162091 ], [ 14.108284773840719, 68.261373561239935 ], [ 14.108174018521305, 68.261731760720082 ], [ 14.108289728837962, 68.261866928338705 ], [ 14.11083645978526, 68.261710131583911 ] ], [ [ 14.109813342241189, 68.261265139148577 ], [ 14.10980985078373, 68.261354818724101 ], [ 14.109568640028993, 68.261335588290592 ], [ 14.109451178390076, 68.261245261332519 ], [ 14.109813342241189, 68.261265139148577 ] ] ] ] } },
{ "type": "Feature", "properties": { "fid": 218551, "navn": "Penningvatnet", "hoyde_moh": 176, "arealInnsjo_km2": 0.0353, "magasinKategori": null, "fid_2": 813, "id": 813, "left": 13.986919847, "top": 68.446110046000001, "right": 14.486919847, "bottom": 67.946110046000001, "row_index": 12, "col_index": 20, "tile_id": 813 }, "geometry": { "type": "MultiPolygon", "coordinates": [ [ [ [ 14.033520043035322, 68.221263845328778 ], [ 14.033707990718986, 68.220816438237648 ], [ 14.033481646862377, 68.220456321137917 ], [ 14.031611051616476, 68.220140446745702 ], [ 14.031119392231517, 68.220343890223191 ], [ 14.030636450593096, 68.220341072812232 ], [ 14.030813066934572, 68.220162703034546 ], [ 14.02998007507702, 68.21987080050458 ], [ 14.029850383875079, 68.219511242453436 ], [ 14.028408267688874, 68.218776242254052 ], [ 14.027993991573107, 68.21886351882786 ], [ 14.027811656053078, 68.219176402547845 ], [ 14.026595602636805, 68.219375591610444 ], [ 14.027629485799391, 68.22005439839333 ], [ 14.028346662909899, 68.220229025194456 ], [ 14.030096714633512, 68.221109343751209 ], [ 14.031247467608527, 68.221313488295152 ], [ 14.033520043035322, 68.221263845328778 ] ] ] ] } },
{ "type": "Feature", "properties": { "fid": 218552, "navn": null, "hoyde_moh": 191, "arealInnsjo_km2": 0.0264, "magasinKategori": null, "fid_2": 813, "id": 813, "left": 13.986919847, "top": 68.446110046000001, "right": 14.486919847, "bottom": 67.946110046000001, "row_index": 12, "col_index": 20, "tile_id": 813 }, "geometry": { "type": "MultiPolygon", "coordinates": [ [ [ [ 14.026243694050137, 68.227087746619844 ], [ 14.025174695967408, 68.226659887655941 ], [ 14.024212665755254, 68.225990459248706 ], [ 14.021487594294879, 68.225875762897459 ], [ 14.020874431332585, 68.226096401426446 ], [ 14.020948573825752, 68.226617010202233 ], [ 14.021890206195291, 68.227196727184534 ], [ 14.026613772758793, 68.227475625640835 ], [ 14.026243694050137, 68.227087746619844 ] ] ] ] } },
{ "type": "Feature", "properties": { "fid": 218562, "navn": "Heiavatnet", "hoyde_moh": 189, "arealInnsjo_km2": 0.0114, "magasinKategori": null, "fid_2": 813, "id": 813, "left": 13.986919847, "top": 68.446110046000001, "right": 14.486919847, "bottom": 67.946110046000001, "row_index": 12, "col_index": 20, "tile_id": 813 }, "geometry": { "type": "MultiPolygon", "coordinates": [ [ [ [ 14.232834410949481, 68.173661165729897 ], [ 14.232644613076477, 68.173570590460173 ], [ 14.232962994285542, 68.173419578125504 ], [ 14.232773200891764, 68.173328913318059 ], [ 14.233191260635744, 68.173079874177148 ], [ 14.231561855851167, 68.172794181049227 ], [ 14.229464396201251, 68.172811357928509 ], [ 14.229769254090325, 68.17306392636533 ], [ 14.23030182861114, 68.172994641264808 ], [ 14.230795283869655, 68.173373659073405 ], [ 14.230732667574181, 68.173803915222607 ], [ 14.232834410949481, 68.173661165729897 ] ] ] ] } },
{ "type": "Feature", "properties": { "fid": 218906, "navn": null, "hoyde_moh": 12, "arealInnsjo_km2": 0.021, "magasinKategori": null, "fid_2": 813, "id": 813, "left": 13.986919847, "top": 68.446110046000001, "right": 14.486919847, "bottom": 67.946110046000001, "row_index": 12, "col_index": 20, "tile_id": 813 }, "geometry": { "type": "MultiPolygon", "coordinates": [ [ [ [ 14.088511532978165, 68.340990180884035 ], [ 14.087893664078855, 68.34065492277675 ], [ 14.088337076095121, 68.34049588993571 ], [ 14.08717241336649, 68.339870607619559 ], [ 14.087723680885652, 68.339443252383631 ], [ 14.088334366757481, 68.339356623277453 ], [ 14.08771126912332, 68.339147002301658 ], [ 14.08790905127495, 68.339058296060855 ], [ 14.086141893728463, 68.338923139307639 ], [ 14.085353372162094, 68.338613756181019 ], [ 14.084679986113107, 68.339058552837457 ], [ 14.084984729514655, 68.33932931795286 ], [ 14.084871415866312, 68.339732426644488 ], [ 14.085969303240315, 68.34020487324554 ], [ 14.086391130283863, 68.340584004035094 ], [ 14.087063641021199, 68.340766990788325 ], [ 14.087175314417859, 68.341009696148078 ], [ 14.087731129411047, 68.341075613947439 ], [ 14.087907413588484, 68.340923911957375 ], [ 14.088511532978165, 68.340990180884035 ] ] ] ] } },
{ "type": "Feature", "properties": { "fid": 220344, "navn": null, "hoyde_moh": 341, "arealInnsjo_km2": 0.0443, "magasinKategori": null, "fid_2": 813, "id": 813, "left": 13.986919847, "top": 68.446110046000001, "right": 14.486919847, "bottom": 67.946110046000001, "row_index": 12, "col_index": 20, "tile_id": 813 }, "geometry": { "type": "MultiPolygon", "coordinates": [ [ [ [ 14.479885377721445, 68.292934668378152 ], [ 14.481204474221572, 68.292694727939718 ], [ 14.481808663412444, 68.292024540961691 ], [ 14.481803101355334, 68.291543770600455 ], [ 14.480893469594122, 68.291103596395558 ], [ 14.478404744075631, 68.290986037664894 ], [ 14.47726457726419, 68.290968919739939 ], [ 14.476424512992736, 68.291292404234682 ], [ 14.477332353082039, 68.292770432528783 ], [ 14.477359062877186, 68.293095921697372 ], [ 14.478071095399681, 68.293447148706065 ], [ 14.478593615269196, 68.293451117056819 ], [ 14.479885377721445, 68.292934668378152 ] ] ] ] } },
{ "type": "Feature", "properties": { "fid": 220522, "navn": "Nedre Jenndalsvatnet", "hoyde_moh": 20, "arealInnsjo_km2": 0.2164, "magasinKategori": null, "fid_2": 813, "id": 813, "left": 13.986919847, "top": 68.446110046000001, "right": 14.486919847, "bottom": 67.946110046000001, "row_index": 12, "col_index": 20, "tile_id": 813 }, "geometry": { "type": "MultiPolygon", "coordinates": [ [ [ [ 14.171029788656737, 68.28325223212498 ], [ 14.172113268427218, 68.283427957219658 ], [ 14.172900476732611, 68.283091110608908 ], [ 14.173449938903934, 68.283300231695975 ], [ 14.174548997427923, 68.283045472959273 ], [ 14.175867840787006, 68.283410793356396 ], [ 14.180348530629308, 68.283406000733436 ], [ 14.182903590747765, 68.283068740913251 ], [ 14.184236343027546, 68.283048366633849 ], [ 14.184650548487468, 68.282978637986417 ], [ 14.185073390855885, 68.282666769349234 ], [ 14.186536843684623, 68.282369046207748 ], [ 14.186519263407259, 68.282189477146133 ], [ 14.185972581315184, 68.281899775757424 ], [ 14.185251624813409, 68.281743764956914 ], [ 14.185549535500092, 68.281538919919967 ], [ 14.185383887300443, 68.281430383740869 ], [ 14.18549032847889, 68.281161903883515 ], [ 14.185377265589507, 68.280937019120429 ], [ 14.185186764338029, 68.280846479863001 ], [ 14.181555812971112, 68.280129035450187 ], [ 14.178096187452065, 68.28004023503884 ], [ 14.175675984975403, 68.280674087724876 ], [ 14.174412113133826, 68.280802281159083 ], [ 14.173509330068057, 68.28165898266893 ], [ 14.172589892472102, 68.281636476750236 ], [ 14.171202471532204, 68.281163151915322 ], [ 14.170424095680493, 68.28125794218063 ], [ 14.169508919435275, 68.281118744567308 ], [ 14.167583408096805, 68.281458947470426 ], [ 14.166968278469833, 68.281725051870595 ], [ 14.16697874450583, 68.281438073627896 ], [ 14.166184640896256, 68.281299553089241 ], [ 14.166418586290865, 68.281524877503514 ], [ 14.166354447032756, 68.281955192024668 ], [ 14.16478972456818, 68.282359957034529 ], [ 14.166013480961039, 68.282671061102391 ], [ 14.167393998133464, 68.282669000306512 ], [ 14.168134832488807, 68.282941704551305 ], [ 14.168787962058468, 68.282962905666636 ], [ 14.170125380026349, 68.283480939262546 ], [ 14.170658430022026, 68.283474625367475 ], [ 14.171029788656737, 68.28325223212498 ] ] ] ] } },
{ "type": "Feature", "properties": { "fid": 220523, "navn": "Sandsdalsvatnet", "hoyde_moh": 153, "arealInnsjo_km2": 0.0308, "magasinKategori": null, "fid_2": 813, "id": 813, "left": 13.986919847, "top": 68.446110046000001, "right": 14.486919847, "bottom": 67.946110046000001, "row_index": 12, "col_index": 20, "tile_id": 813 }, "geometry": { "type": "MultiPolygon", "coordinates": [ [ [ [ 14.226309484907047, 68.305045298788016 ], [ 14.224559019506678, 68.304480868719594 ], [ 14.22314439204831, 68.304734577568112 ], [ 14.223156415040629, 68.305093417288944 ], [ 14.223838878020365, 68.305697470131932 ], [ 14.224991971403451, 68.306007892280476 ], [ 14.228308769380504, 68.306139888463591 ], [ 14.229406497953278, 68.305938667547366 ], [ 14.231166932887307, 68.306206916224767 ], [ 14.230864750879501, 68.305893918708094 ], [ 14.226309484907047, 68.305045298788016 ] ] ] ] } },
{ "type": "Feature", "properties": { "fid": 220524, "navn": "Litle Sortvatnet", "hoyde_moh": 15, "arealInnsjo_km2": 0.0327, "magasinKategori": null, "fid_2": 813, "id": 813, "left": 13.986919847, "top": 68.446110046000001, "right": 14.486919847, "bottom": 67.946110046000001, "row_index": 12, "col_index": 20, "tile_id": 813 }, "geometry": { "type": "MultiPolygon", "coordinates": [ [ [ [ 14.182930466903805, 68.309394749044202 ], [ 14.18323983357423, 68.309557808753311 ], [ 14.184022972667247, 68.309355342668212 ], [ 14.184384365475671, 68.309419809395365 ], [ 14.184369099137804, 68.309168674227323 ], [ 14.181596596133874, 68.308051816027685 ], [ 14.181099449666283, 68.30771749679559 ], [ 14.178909410070313, 68.307939932646775 ], [ 14.17843107092099, 68.308430906607924 ], [ 14.178316984146091, 68.308905736111015 ], [ 14.178310526162679, 68.309085007749118 ], [ 14.178872930879258, 68.308953324311645 ], [ 14.179159314675081, 68.309080310192286 ], [ 14.179223008066954, 68.309331684564654 ], [ 14.179703979350785, 68.309441777993456 ], [ 14.180268966457481, 68.309238255619519 ], [ 14.181783675584203, 68.309595514924894 ], [ 14.182930466903805, 68.309394749044202 ] ] ] ] } },
{ "type": "Feature", "properties": { "fid": 220525, "navn": "Mølnvatnet", "hoyde_moh": 150, "arealInnsjo_km2": 0.0287, "magasinKategori": null, "fid_2": 813, "id": 813, "left": 13.986919847, "top": 68.446110046000001, "right": 14.486919847, "bottom": 67.946110046000001, "row_index": 12, "col_index": 20, "tile_id": 813 }, "geometry": { "type": "MultiPolygon", "coordinates": [ [ [ [ 14.39568310035183, 68.312418669232102 ], [ 14.395084543759907, 68.312129568781131 ], [ 14.395075517023475, 68.311546528366492 ], [ 14.395494117213826, 68.311314843894209 ], [ 14.395926972892061, 68.311450953327324 ], [ 14.396292798916319, 68.311380523876522 ], [ 14.395781015096587, 68.310553399765354 ], [ 14.395541418116482, 68.310444988569671 ], [ 14.393235561766161, 68.310535273564298 ], [ 14.39294152299612, 68.310650804524286 ], [ 14.392700399441317, 68.311519953355187 ], [ 14.392839662343942, 68.311744694458966 ], [ 14.392177134963514, 68.312038268553948 ], [ 14.391014752760006, 68.311980209919909 ], [ 14.39240765098145, 68.312487576504722 ], [ 14.394901256344276, 68.312640156395403 ], [ 14.395631039710306, 68.312553110391619 ], [ 14.39568310035183, 68.312418669232102 ] ] ] ] } },
{ "type": "Feature", "properties": { "fid": 222076, "navn": "Karlsvatnet", "hoyde_moh": 12, "arealInnsjo_km2": 0.3136, "magasinKategori": null, "fid_2": 813, "id": 813, "left": 13.986919847, "top": 68.446110046000001, "right": 14.486919847, "bottom": 67.946110046000001, "row_index": 12, "col_index": 20, "tile_id": 813 }, "geometry": { "type": "MultiPolygon", "coordinates": [ [ [ [ 14.432407271766534, 68.22580561306971 ], [ 14.432833297831746, 68.225614763886384 ], [ 14.435973616372141, 68.224823499548748 ], [ 14.43843055069312, 68.224645437507078 ], [ 14.439459510130295, 68.22482650588644 ], [ 14.440708924608673, 68.224309504884218 ], [ 14.441892818117545, 68.224328105845245 ], [ 14.442316222026445, 68.223952813179224 ], [ 14.442334266941209, 68.223469513373303 ], [ 14.44090461346703, 68.223476907108406 ], [ 14.439201555573799, 68.223019379264286 ], [ 14.438755552597245, 68.222580435926247 ], [ 14.438745349268597, 68.222464516885154 ], [ 14.439196849888821, 68.222274186161215 ], [ 14.440064389115344, 68.222394880343316 ], [ 14.440016691515984, 68.222103124616226 ], [ 14.440280187481944, 68.222004900731619 ], [ 14.439563586161954, 68.221451046643296 ], [ 14.438981396808376, 68.221218927027351 ], [ 14.43900779689622, 68.220860778516752 ], [ 14.439248518387908, 68.22076508050128 ], [ 14.43970484390883, 68.220988253861861 ], [ 14.44007763198257, 68.220963499439264 ], [ 14.440112779928764, 68.220632109070863 ], [ 14.441244454181014, 68.220139911619 ], [ 14.440730147123306, 68.220046244723335 ], [ 14.439680191467954, 68.220386503690634 ], [ 14.438510735799012, 68.220132040030549 ], [ 14.438561147096896, 68.219996682814298 ], [ 14.438374728036555, 68.21991676322601 ], [ 14.438461949722763, 68.219521059168187 ], [ 14.438914633817335, 68.218934913781624 ], [ 14.437738691826823, 68.21854462579013 ], [ 14.437627472375556, 68.218313825428424 ], [ 14.436887725041272, 68.218119553670775 ], [ 14.436506163276601, 68.218227865881744 ], [ 14.436740278918425, 68.217948276384604 ], [ 14.436518661891624, 68.217572245014068 ], [ 14.436149483710638, 68.217697729956569 ], [ 14.43623438149322, 68.217868885217939 ], [ 14.43600338820449, 68.218070450823191 ], [ 14.436079462444006, 68.218168385878556 ], [ 14.43465116900248, 68.218280761202536 ], [ 14.433767460864841, 68.218118185629962 ], [ 14.432558483242897, 68.218423594461925 ], [ 14.432378289095631, 68.219029669428124 ], [ 14.431975001778833, 68.21936993560503 ], [ 14.429630404339125, 68.220615018132449 ], [ 14.428895057651497, 68.22127102575611 ], [ 14.428602849702017, 68.221744143852959 ], [ 14.428781943547763, 68.222679013009113 ], [ 14.429826595437333, 68.223931142259644 ], [ 14.429780688908698, 68.224669166533204 ], [ 14.430116521772423, 68.224851052146846 ], [ 14.430089279265548, 68.225081920792448 ], [ 14.429213556258141, 68.225578510529985 ], [ 14.42966913387629, 68.22550177199021 ], [ 14.43028649287518, 68.225748216314798 ], [ 14.431623675618185, 68.225803113959387 ], [ 14.431656932695759, 68.225971852406573 ], [ 14.431948483601035, 68.226060659763732 ], [ 14.432507148029734, 68.22607431857611 ], [ 14.432407271766534, 68.22580561306971 ] ], [ [ 14.438810480241601, 68.220584482569691 ], [ 14.439056916248703, 68.220600562812351 ], [ 14.438901301376653, 68.22072211078941 ], [ 14.438810480241601, 68.220584482569691 ] ], [ [ 14.435817126013152, 68.223958677318279 ], [ 14.435906868713278, 68.224002573284722 ], [ 14.435821770792403, 68.224044709596484 ], [ 14.435695125938686, 68.224018178580167 ], [ 14.435817126013152, 68.223958677318279 ] ] ] ] } },
{ "type": "Feature", "properties": { "fid": 224092, "navn": null, "hoyde_moh": 14, "arealInnsjo_km2": 0.0105, "magasinKategori": null, "fid_2": 813, "id": 813, "left": 13.986919847, "top": 68.446110046000001, "right": 14.486919847, "bottom": 67.946110046000001, "row_index": 12, "col_index": 20, "tile_id": 813 }, "geometry": { "type": "MultiPolygon", "coordinates": [ [ [ [ 14.024607497234094, 68.209909515339774 ], [ 14.024832351247998, 68.209731435203011 ], [ 14.024794379743893, 68.209489021194713 ], [ 14.024177542405015, 68.209234236377398 ], [ 14.024551782852699, 68.208949393980546 ], [ 14.024195482965565, 68.208812749956209 ], [ 14.022482671289705, 68.208784735559405 ], [ 14.022445877113322, 68.208515327957201 ], [ 14.021841361396621, 68.208538767795886 ], [ 14.022075056650696, 68.208719545165138 ], [ 14.021937931476266, 68.209104449412422 ], [ 14.022321940845744, 68.209151561041637 ], [ 14.023452405452185, 68.209821996113419 ], [ 14.024607497234094, 68.209909515339774 ] ] ] ] } },
{ "type": "Feature", "properties": { "fid": 224093, "navn": "Urtjønna", "hoyde_moh": 100, "arealInnsjo_km2": 0.0244, "magasinKategori": null, "fid_2": 813, "id": 813, "left": 13.986919847, "top": 68.446110046000001, "right": 14.486919847, "bottom": 67.946110046000001, "row_index": 12, "col_index": 20, "tile_id": 813 }, "geometry": { "type": "MultiPolygon", "coordinates": [ [ [ [ 14.045695959235543, 68.229326488443633 ], [ 14.042121376166882, 68.228713903153803 ], [ 14.040914207174461, 68.228114921054612 ], [ 14.03868801771466, 68.228200726974435 ], [ 14.037835306175136, 68.228357430985653 ], [ 14.037727629352576, 68.228625727857818 ], [ 14.03795977048074, 68.228851321791268 ], [ 14.041832773964293, 68.229259408340852 ], [ 14.042354093575044, 68.229504602995689 ], [ 14.045695959235543, 68.229326488443633 ] ] ] ] } },
{ "type": "Feature", "properties": { "fid": 226248, "navn": null, "hoyde_moh": 357, "arealInnsjo_km2": 0.021, "magasinKategori": null, "fid_2": 813, "id": 813, "left": 13.986919847, "top": 68.446110046000001, "right": 14.486919847, "bottom": 67.946110046000001, "row_index": 12, "col_index": 20, "tile_id": 813 }, "geometry": { "type": "MultiPolygon", "coordinates": [ [ [ [ 14.450557718188289, 68.28592042354704 ], [ 14.44934392317205, 68.285050516818629 ], [ 14.449577535254944, 68.284431957920972 ], [ 14.45017859023082, 68.283820890843913 ], [ 14.449781589564164, 68.28316993196087 ], [ 14.448838356847761, 68.2832682555579 ], [ 14.448039726115814, 68.283565813305344 ], [ 14.448043920267423, 68.283722969660474 ], [ 14.447638102332556, 68.283729606711674 ], [ 14.446853407300853, 68.284050435602765 ], [ 14.447034906326016, 68.28448640912211 ], [ 14.447419696509462, 68.284738827317199 ], [ 14.44877179437162, 68.285213480006362 ], [ 14.449201830765666, 68.285157768378809 ], [ 14.450000078942242, 68.28606451352735 ], [ 14.450557718188289, 68.28592042354704 ] ] ] ] } },
{ "type": "Feature", "properties": { "fid": 227407, "navn": "Lomtjønna", "hoyde_moh": 68, "arealInnsjo_km2": 0.0044, "magasinKategori": null, "fid_2": 813, "id": 813, "left": 13.986919847, "top": 68.446110046000001, "right": 14.486919847, "bottom": 67.946110046000001, "row_index": 12, "col_index": 20, "tile_id": 813 }, "geometry": { "type": "MultiPolygon", "coordinates": [ [ [ [ 14.357101620111338, 68.254816282166033 ], [ 14.358384201703888, 68.254794325978324 ], [ 14.35703662946818, 68.254546857560896 ], [ 14.355658327982836, 68.254532644416827 ], [ 14.35516400956293, 68.254907356453501 ], [ 14.356564245695084, 68.255002473279674 ], [ 14.357101620111338, 68.254816282166033 ] ] ] ] } },
{ "type": "Feature", "properties": { "fid": 227410, "navn": "Arvikvatn", "hoyde_moh": 13, "arealInnsjo_km2": 0.0171, "magasinKategori": null, "fid_2": 813, "id": 813, "left": 13.986919847, "top": 68.446110046000001, "right": 14.486919847, "bottom": 67.946110046000001, "row_index": 12, "col_index": 20, "tile_id": 813 }, "geometry": { "type": "MultiPolygon", "coordinates": [ [ [ [ 14.09452571454122, 68.33995543244103 ], [ 14.096222420523549, 68.340027509241395 ], [ 14.09639874600216, 68.339867008410991 ], [ 14.095182852561624, 68.339304293761828 ], [ 14.092566908403048, 68.339155540884832 ], [ 14.091734931911947, 68.33931247004891 ], [ 14.091728851843651, 68.339464923130478 ], [ 14.092084020198801, 68.339691100461962 ], [ 14.091852322762472, 68.340021721221007 ], [ 14.092765816475445, 68.340250934836078 ], [ 14.092516166177306, 68.340428972730393 ], [ 14.093852107169067, 68.34040932366905 ], [ 14.09452571454122, 68.33995543244103 ] ] ] ] } },
{ "type": "Feature", "properties": { "fid": 260186, "navn": null, "hoyde_moh": null, "arealInnsjo_km2": 0.0105, "magasinKategori": null, "fid_2": 813, "id": 813, "left": 13.986919847, "top": 68.446110046000001, "right": 14.486919847, "bottom": 67.946110046000001, "row_index": 12, "col_index": 20, "tile_id": 813 }, "geometry": { "type": "MultiPolygon", "coordinates": [ [ [ [ 14.214820603201632, 68.17250945751401 ], [ 14.215116217751676, 68.172322402543003 ], [ 14.214623040900326, 68.171943427942182 ], [ 14.214867693350778, 68.171836949477182 ], [ 14.216260439208273, 68.171987053575776 ], [ 14.217951229778492, 68.171878429206117 ], [ 14.215959417722003, 68.171626840826661 ], [ 14.214743958564245, 68.171226420778467 ], [ 14.213730055453523, 68.171275524625159 ], [ 14.213480800495622, 68.171516436130688 ], [ 14.214144161744072, 68.171851461792812 ], [ 14.213723456033229, 68.172172378514091 ], [ 14.214235285838669, 68.172470806175895 ], [ 14.214023221961911, 68.172568468448375 ], [ 14.214213551662338, 68.172641128387667 ], [ 14.214338643779945, 68.172507174868556 ], [ 14.214820603201632, 68.17250945751401 ] ] ] ] } },
{ "type": "Feature", "properties": { "fid": 267998, "navn": "Stor-Kongsvatnet", "hoyde_moh": 35, "arealInnsjo_km2": 1.7155, "magasinKategori": 1, "fid_2": 813, "id": 813, "left": 13.986919847, "top": 68.446110046000001, "right": 14.486919847, "bottom": 67.946110046000001, "row_index": 12, "col_index": 20, "tile_id": 813 }, "geometry": { "type": "MultiPolygon", "coordinates": [ [ [ [ 14.474587858674363, 68.243155971839741 ], [ 14.477951470246879, 68.242473416886298 ], [ 14.47942655156873, 68.241678605489184 ], [ 14.48039098160266, 68.241342402330773 ], [ 14.481924347515575, 68.240229609137415 ], [ 14.481852041710994, 68.239921287345425 ], [ 14.483395715542615, 68.239329720645216 ], [ 14.483569147364314, 68.239045662692234 ], [ 14.486048799858121, 68.23868174786088 ], [ 14.486412527673092, 68.238489582966238 ], [ 14.486327725748923, 68.238380253949998 ], [ 14.486824096025616, 68.237920494498624 ], [ 14.486919847, 68.237902128578128 ], [ 14.486919847, 68.236165538782629 ], [ 14.485652209634081, 68.235839486551185 ], [ 14.486074188919616, 68.235602028174256 ], [ 14.48606771752746, 68.235459664902166 ], [ 14.484752002913872, 68.234763966606877 ], [ 14.483702168710199, 68.233962079565799 ], [ 14.477353010239685, 68.232273580237532 ], [ 14.476221061247418, 68.232447609853921 ], [ 14.473703536148406, 68.232273903565954 ], [ 14.470970372522094, 68.232451250661171 ], [ 14.468084492845087, 68.232168923129947 ], [ 14.466742504164547, 68.231491562523246 ], [ 14.466234202265133, 68.230886472631397 ], [ 14.466082396790899, 68.229894333003401 ], [ 14.466230468837891, 68.229584917376044 ], [ 14.466076027508823, 68.22936951546717 ], [ 14.466640797382812, 68.229166737971894 ], [ 14.466416570203551, 68.228866710730088 ], [ 14.465865308227409, 68.228749504181579 ], [ 14.464192742399538, 68.228974901531245 ], [ 14.462697508623759, 68.228231088201056 ], [ 14.460983866914166, 68.22837478892184 ], [ 14.461909706062983, 68.229185659815656 ], [ 14.46205233935973, 68.229809492198498 ], [ 14.459707844874652, 68.230449743729409 ], [ 14.457539510629854, 68.230257552650954 ], [ 14.45650456673072, 68.23041427449796 ], [ 14.455485494687238, 68.230268684564635 ], [ 14.450672704390584, 68.230167995881203 ], [ 14.449406211734667, 68.229542227140342 ], [ 14.449481567142689, 68.229121185235698 ], [ 14.449789575151932, 68.22904237784725 ], [ 14.449637875191689, 68.228880337073974 ], [ 14.449110866005318, 68.228712567750733 ], [ 14.448207614936871, 68.228768679241597 ], [ 14.448455080520015, 68.229177338294164 ], [ 14.44818171092431, 68.229342453954487 ], [ 14.448147994787634, 68.22971896610828 ], [ 14.446755283191953, 68.230241465884376 ], [ 14.448303568523109, 68.230793206563405 ], [ 14.448270611150916, 68.230957685181835 ], [ 14.44854185756275, 68.231102274806659 ], [ 14.448450734036518, 68.231334279215176 ], [ 14.447432866721631, 68.231399513901451 ], [ 14.446948978902075, 68.231195375893179 ], [ 14.446796135902586, 68.230920852770126 ], [ 14.445908308312667, 68.231314341616169 ], [ 14.445544367863631, 68.231276353421819 ], [ 14.44537421525165, 68.231088684469782 ], [ 14.44484770613804, 68.231128723891146 ], [ 14.444423793261231, 68.231341944571639 ], [ 14.444441527650582, 68.231656739336785 ], [ 14.44479371777696, 68.231850668155886 ], [ 14.444004483126486, 68.232251023953268 ], [ 14.441677565923863, 68.232575269972443 ], [ 14.441667934711507, 68.232742337169228 ], [ 14.440872578177624, 68.232964346442927 ], [ 14.440943787892218, 68.2331060331082 ], [ 14.440419562510238, 68.233396491437404 ], [ 14.439899224928451, 68.233408910429077 ], [ 14.439815151216493, 68.233210493459268 ], [ 14.439516308041275, 68.233197467012459 ], [ 14.439511598555486, 68.233488597261484 ], [ 14.438548051283577, 68.233511535846262 ], [ 14.437603459474785, 68.234081037515864 ], [ 14.435865084746974, 68.233987964123742 ], [ 14.434712197948343, 68.234318246532112 ], [ 14.433620159317867, 68.234375700233088 ], [ 14.43321414828355, 68.234942706337165 ], [ 14.432799103998189, 68.235112605878811 ], [ 14.432922736876126, 68.23531187901942 ], [ 14.433377052971883, 68.235459449933956 ], [ 14.433403865672604, 68.235694359859551 ], [ 14.433963867281246, 68.235937185433315 ], [ 14.433854880413531, 68.236112703916092 ], [ 14.434397387816151, 68.236575128606418 ], [ 14.437963408046734, 68.237394019518902 ], [ 14.441962049838626, 68.237282367939272 ], [ 14.442740159145014, 68.236920731895196 ], [ 14.443846556144717, 68.236922912386916 ], [ 14.44503261602998, 68.236649812383476 ], [ 14.454187676074353, 68.236243675570392 ], [ 14.456063252174133, 68.236512805099338 ], [ 14.457856382295439, 68.237142302345717 ], [ 14.460665920911749, 68.237465099748164 ], [ 14.461045562681202, 68.237683209991545 ], [ 14.462982987686249, 68.238095791593679 ], [ 14.465437895899251, 68.238335651080405 ], [ 14.465736422686923, 68.238469267401996 ], [ 14.466066884830298, 68.239638048355545 ], [ 14.467237081058936, 68.240477296917604 ], [ 14.467437728297124, 68.241079244555422 ], [ 14.468473637817032, 68.241554257259537 ], [ 14.468541002904324, 68.241870014033893 ], [ 14.469747372160015, 68.242408886910695 ], [ 14.471014609903774, 68.243245367731987 ], [ 14.474587858674363, 68.243155971839741 ] ] ] ] } },
{ "type": "Feature", "properties": { "fid": 268554, "navn": "Vestre Nøkkvatnet", "hoyde_moh": 305, "arealInnsjo_km2": 0.2681, "magasinKategori": 1, "fid_2": 813, "id": 813, "left": 13.986919847, "top": 68.446110046000001, "right": 14.486919847, "bottom": 67.946110046000001, "row_index": 12, "col_index": 20, "tile_id": 813 }, "geometry": { "type": "MultiPolygon", "coordinates": [ [ [ [ 14.431370384601507, 68.248948197600271 ], [ 14.432497517266034, 68.248693550323253 ], [ 14.436906903359111, 68.248529599702309 ], [ 14.440191955101618, 68.248191692252277 ], [ 14.441589975781323, 68.247829635151234 ], [ 14.442924708052871, 68.247135398290141 ], [ 14.44359838376054, 68.246358485146573 ], [ 14.443828743933205, 68.245754272215393 ], [ 14.443344831022085, 68.245450564801303 ], [ 14.443531703944583, 68.245113404010155 ], [ 14.44324650253262, 68.244910818007995 ], [ 14.443506149586627, 68.244653010686406 ], [ 14.443414342239095, 68.244501210827025 ], [ 14.443646900236089, 68.244422610224959 ], [ 14.442120196552068, 68.243924269497484 ], [ 14.442503284337899, 68.243759890166231 ], [ 14.442181520908784, 68.243610278295307 ], [ 14.439038618587192, 68.243177606074653 ], [ 14.439154938825332, 68.243343842150637 ], [ 14.43893363811322, 68.243702677640044 ], [ 14.438412374903022, 68.243664412554878 ], [ 14.43779891412006, 68.243875810527328 ], [ 14.437734373676941, 68.244042691698354 ], [ 14.436962945610642, 68.244237586899388 ], [ 14.435368624533448, 68.244173700343239 ], [ 14.434694154859821, 68.244455289382273 ], [ 14.433425214529548, 68.244558602971011 ], [ 14.433293157549672, 68.244687581053711 ], [ 14.433398562036148, 68.244873426954541 ], [ 14.433014487702399, 68.244986387635862 ], [ 14.432724709459372, 68.245479432555982 ], [ 14.431961181581896, 68.245966015859935 ], [ 14.429201649818072, 68.246782108056323 ], [ 14.426988639605705, 68.24782005789352 ], [ 14.427037356800177, 68.248047240757117 ], [ 14.427749399207833, 68.248727149639663 ], [ 14.428548680259038, 68.249004450668139 ], [ 14.431370384601507, 68.248948197600271 ] ] ] ] } },
{ "type": "Feature", "properties": { "fid": 268750, "navn": "Stornøkkvatnet", "hoyde_moh": 240, "arealInnsjo_km2": 1.1224, "magasinKategori": 1, "fid_2": 813, "id": 813, "left": 13.986919847, "top": 68.446110046000001, "right": 14.486919847, "bottom": 67.946110046000001, "row_index": 12, "col_index": 20, "tile_id": 813 }, "geometry": { "type": "MultiPolygon", "coordinates": [ [ [ [ 14.473968145965078, 68.26178724482665 ], [ 14.475647282232087, 68.261491803943045 ], [ 14.478100745622143, 68.260680978596682 ], [ 14.479654799272893, 68.259858696379496 ], [ 14.480159771232843, 68.259419523062718 ], [ 14.484780962667502, 68.258262596514385 ], [ 14.485429730739536, 68.257888162666518 ], [ 14.485710341054448, 68.257081523719265 ], [ 14.486919847, 68.256815368804027 ], [ 14.486919847, 68.25182181537329 ], [ 14.486424166097853, 68.251846997909567 ], [ 14.485390541699953, 68.251620287801074 ], [ 14.483792153711986, 68.2517082567567 ], [ 14.482120108131005, 68.252293150239723 ], [ 14.480377677726482, 68.252352743399527 ], [ 14.479746380731269, 68.252600296400047 ], [ 14.478099116648059, 68.252780621364209 ], [ 14.476824009073983, 68.25342778817739 ], [ 14.476258950079837, 68.253462515054835 ], [ 14.476198431374662, 68.253686647192112 ], [ 14.475622328839037, 68.253970684265724 ], [ 14.475757410343521, 68.254503708288567 ], [ 14.475135499398561, 68.255022595529482 ], [ 14.473722592488951, 68.255352507685984 ], [ 14.472643223478016, 68.256153727188092 ], [ 14.471124771815308, 68.256304613985989 ], [ 14.466559014912216, 68.255714922290039 ], [ 14.463012151726534, 68.254791149969648 ], [ 14.463117207544144, 68.254653720124082 ], [ 14.462924674762567, 68.254581613008455 ], [ 14.458246324243175, 68.253846831889192 ], [ 14.456447544991303, 68.253226563695364 ], [ 14.453969956255614, 68.252820030526109 ], [ 14.452400162929523, 68.252765538377005 ], [ 14.449510184818486, 68.253511128242806 ], [ 14.449321802063013, 68.253841473653026 ], [ 14.449480997061327, 68.254141038690861 ], [ 14.449286365390861, 68.254188201043817 ], [ 14.449057796485228, 68.254670264167302 ], [ 14.449577310977409, 68.254983310100087 ], [ 14.451113782318265, 68.255464838746761 ], [ 14.453806719321291, 68.25594934692856 ], [ 14.455630510732565, 68.256104036840881 ], [ 14.457467241541606, 68.256560656778305 ], [ 14.458646500008649, 68.257765851299524 ], [ 14.459562550554313, 68.258280081689932 ], [ 14.459606512783918, 68.258600250288268 ], [ 14.460324073985719, 68.258896056073809 ], [ 14.460023266506006, 68.259105231459642 ], [ 14.458027719515034, 68.259673856274986 ], [ 14.458967126624142, 68.260440831803066 ], [ 14.45962726232338, 68.260752598440661 ], [ 14.461829534539527, 68.261281392595066 ], [ 14.465393615389891, 68.261509760837185 ], [ 14.466675852012791, 68.261793539296718 ], [ 14.469492845441994, 68.261993322316926 ], [ 14.473968145965078, 68.26178724482665 ] ] ] ] } }
]
}
