{
"type": "FeatureCollection",
"name": "innsjo_tile_id_186",
"crs": { "type": "name", "properties": { "name": "urn:ogc:def:crs:OGC:1.3:CRS84" } },
"xy_coordinate_resolution": 1e-15,
"features": [
{ "type": "Feature", "properties": { "fid": 65439, "navn": null, "hoyde_moh": 573, "arealInnsjo_km2": 0.0036, "magasinKategori": null, "fid_2": 186, "id": 186, "left": 5.986919847, "top": 61.946110046000001, "right": 6.486919847, "bottom": 61.446110046000001, "row_index": 25, "col_index": 4, "tile_id": 186 }, "geometry": { "type": "MultiPolygon", "coordinates": [ [ [ [ 6.048064090976527, 61.667896363944976 ], [ 6.04769601879942, 61.667598251037099 ], [ 6.046799959519652, 61.667531961139886 ], [ 6.046498858157677, 61.667656091703179 ], [ 6.046796002696403, 61.667879216652658 ], [ 6.047831908049151, 61.668070410720468 ], [ 6.048064090976527, 61.667896363944976 ] ] ] ] } },
{ "type": "Feature", "properties": { "fid": 67236, "navn": null, "hoyde_moh": 894, "arealInnsjo_km2": 0.0037, "magasinKategori": null, "fid_2": 186, "id": 186, "left": 5.986919847, "top": 61.946110046000001, "right": 6.486919847, "bottom": 61.446110046000001, "row_index": 25, "col_index": 4, "tile_id": 186 }, "geometry": { "type": "MultiPolygon", "coordinates": [ [ [ [ 6.102599661946115, 61.539397780136206 ], [ 6.102843519054538, 61.538999265729451 ], [ 6.102604884980875, 61.538829416810508 ], [ 6.101699057131203, 61.538834073802136 ], [ 6.10133629568827, 61.539109099505779 ], [ 6.101539198134673, 61.539336519696434 ], [ 6.102599661946115, 61.539397780136206 ] ] ] ] } },
{ "type": "Feature", "properties": { "fid": 68240, "navn": null, "hoyde_moh": 1300, "arealInnsjo_km2": 0.0048, "magasinKategori": null, "fid_2": 186, "id": 186, "left": 5.986919847, "top": 61.946110046000001, "right": 6.486919847, "bottom": 61.446110046000001, "row_index": 25, "col_index": 4, "tile_id": 186 }, "geometry": { "type": "MultiPolygon", "coordinates": [ [ [ [ 6.223144304219829, 61.684149476634587 ], [ 6.223325730155904, 61.683811869316301 ], [ 6.223232635073175, 61.683585476444314 ], [ 6.222567824024955, 61.683410174181731 ], [ 6.222333286396626, 61.683495325550211 ], [ 6.222291828296842, 61.68437471890666 ], [ 6.223144304219829, 61.684149476634587 ] ] ] ] } },
{ "type": "Feature", "properties": { "fid": 68241, "navn": null, "hoyde_moh": 961, "arealInnsjo_km2": 0.0105, "magasinKategori": null, "fid_2": 186, "id": 186, "left": 5.986919847, "top": 61.946110046000001, "right": 6.486919847, "bottom": 61.446110046000001, "row_index": 25, "col_index": 4, "tile_id": 186 }, "geometry": { "type": "MultiPolygon", "coordinates": [ [ [ [ 6.31761130181792, 61.690706989959715 ], [ 6.317543437314801, 61.690444089638312 ], [ 6.31783355015677, 61.690202060206168 ], [ 6.318342392825748, 61.69036464692735 ], [ 6.318513741129353, 61.690209533769291 ], [ 6.318311617428125, 61.690037892714535 ], [ 6.318781610617004, 61.690076303022067 ], [ 6.319078724485967, 61.689800748971734 ], [ 6.318182294989565, 61.689145341349388 ], [ 6.317605061861552, 61.689284925769101 ], [ 6.317419821885489, 61.689473662356981 ], [ 6.317666745288695, 61.689868697454529 ], [ 6.317493777973549, 61.689952243510142 ], [ 6.317548393801127, 61.690092603444334 ], [ 6.317243634105648, 61.69015454316569 ], [ 6.316711216194016, 61.690630269089993 ], [ 6.316864930833845, 61.69086269525085 ], [ 6.317275384549742, 61.690885021212843 ], [ 6.31761130181792, 61.690706989959715 ] ] ] ] } },
{ "type": "Feature", "properties": { "fid": 68436, "navn": null, "hoyde_moh": 993, "arealInnsjo_km2": 0.0021, "magasinKategori": null, "fid_2": 186, "id": 186, "left": 5.986919847, "top": 61.946110046000001, "right": 6.486919847, "bottom": 61.446110046000001, "row_index": 25, "col_index": 4, "tile_id": 186 }, "geometry": { "type": "MultiPolygon", "coordinates": [ [ [ [ 6.256674030544046, 61.617926144317593 ], [ 6.25667130744682, 61.617752764575357 ], [ 6.255479351019171, 61.617684378871907 ], [ 6.255772331564015, 61.618053096805482 ], [ 6.256674030544046, 61.617926144317593 ] ] ] ] } },
{ "type": "Feature", "properties": { "fid": 68484, "navn": null, "hoyde_moh": 836, "arealInnsjo_km2": 0.0013, "magasinKategori": null, "fid_2": 186, "id": 186, "left": 5.986919847, "top": 61.946110046000001, "right": 6.486919847, "bottom": 61.446110046000001, "row_index": 25, "col_index": 4, "tile_id": 186 }, "geometry": { "type": "MultiPolygon", "coordinates": [ [ [ [ 6.257739889052393, 61.62162639413156 ], [ 6.256974105510078, 61.621463138835487 ], [ 6.256686744993453, 61.621636717636427 ], [ 6.256938418400723, 61.621823060560715 ], [ 6.257739889052393, 61.62162639413156 ] ] ] ] } },
{ "type": "Feature", "properties": { "fid": 68609, "navn": null, "hoyde_moh": 1278, "arealInnsjo_km2": 0.0028, "magasinKategori": null, "fid_2": 186, "id": 186, "left": 5.986919847, "top": 61.946110046000001, "right": 6.486919847, "bottom": 61.446110046000001, "row_index": 25, "col_index": 4, "tile_id": 186 }, "geometry": { "type": "MultiPolygon", "coordinates": [ [ [ [ 6.474524584266165, 61.696772439767628 ], [ 6.4729145730589, 61.696964174491079 ], [ 6.473598004302148, 61.697166075030182 ], [ 6.474122570575788, 61.69717104390228 ], [ 6.474524584266165, 61.696772439767628 ] ] ] ] } },
{ "type": "Feature", "properties": { "fid": 68825, "navn": null, "hoyde_moh": 802, "arealInnsjo_km2": 0.0024, "magasinKategori": null, "fid_2": 186, "id": 186, "left": 5.986919847, "top": 61.946110046000001, "right": 6.486919847, "bottom": 61.446110046000001, "row_index": 25, "col_index": 4, "tile_id": 186 }, "geometry": { "type": "MultiPolygon", "coordinates": [ [ [ [ 6.250012900002371, 61.626850650485231 ], [ 6.250668127074975, 61.626601493331066 ], [ 6.247935660653851, 61.626726505854919 ], [ 6.248056556808783, 61.62688003946166 ], [ 6.250012900002371, 61.626850650485231 ] ] ] ] } },
{ "type": "Feature", "properties": { "fid": 68826, "navn": null, "hoyde_moh": 800, "arealInnsjo_km2": 0.0023, "magasinKategori": null, "fid_2": 186, "id": 186, "left": 5.986919847, "top": 61.946110046000001, "right": 6.486919847, "bottom": 61.446110046000001, "row_index": 25, "col_index": 4, "tile_id": 186 }, "geometry": { "type": "MultiPolygon", "coordinates": [ [ [ [ 6.253461825612333, 61.627280261179848 ], [ 6.252248788604125, 61.627009742059769 ], [ 6.251424228318236, 61.627221521163641 ], [ 6.252099200099311, 61.62721658761803 ], [ 6.25190898700835, 61.627311307996273 ], [ 6.253461825612333, 61.627280261179848 ] ] ] ] } },
{ "type": "Feature", "properties": { "fid": 68898, "navn": "Skorvevatnet", "hoyde_moh": 1010, "arealInnsjo_km2": 0.011, "magasinKategori": null, "fid_2": 186, "id": 186, "left": 5.986919847, "top": 61.946110046000001, "right": 6.486919847, "bottom": 61.446110046000001, "row_index": 25, "col_index": 4, "tile_id": 186 }, "geometry": { "type": "MultiPolygon", "coordinates": [ [ [ [ 6.483034624424631, 61.710291626918178 ], [ 6.482766271837241, 61.709814362755104 ], [ 6.481794116914618, 61.70999087793907 ], [ 6.481078241246535, 61.709946332628 ], [ 6.480713301122171, 61.709670217769968 ], [ 6.480010626803574, 61.709830172465097 ], [ 6.480066591951092, 61.710051265992846 ], [ 6.480626541552087, 61.710070067016879 ], [ 6.482849255585542, 61.711001977286116 ], [ 6.483034624424631, 61.710291626918178 ] ] ] ] } },
{ "type": "Feature", "properties": { "fid": 68905, "navn": null, "hoyde_moh": 803, "arealInnsjo_km2": 0.0042, "magasinKategori": null, "fid_2": 186, "id": 186, "left": 5.986919847, "top": 61.946110046000001, "right": 6.486919847, "bottom": 61.446110046000001, "row_index": 25, "col_index": 4, "tile_id": 186 }, "geometry": { "type": "MultiPolygon", "coordinates": [ [ [ [ 6.257695648612647, 61.624077226273229 ], [ 6.258266252073935, 61.624224833749615 ], [ 6.259403296855352, 61.623636406125023 ], [ 6.256354619960108, 61.624104338359992 ], [ 6.257695648612647, 61.624077226273229 ] ] ] ] } },
{ "type": "Feature", "properties": { "fid": 69237, "navn": null, "hoyde_moh": 814, "arealInnsjo_km2": 0.0205, "magasinKategori": null, "fid_2": 186, "id": 186, "left": 5.986919847, "top": 61.946110046000001, "right": 6.486919847, "bottom": 61.446110046000001, "row_index": 25, "col_index": 4, "tile_id": 186 }, "geometry": { "type": "MultiPolygon", "coordinates": [ [ [ [ 6.336293445957837, 61.70801579027745 ], [ 6.336973805133545, 61.708321655441637 ], [ 6.337262976089708, 61.708021071375157 ], [ 6.337308589765064, 61.707652939682511 ], [ 6.336152633746964, 61.707087857006094 ], [ 6.336105991500949, 61.706650248031131 ], [ 6.335624510136882, 61.706514873163655 ], [ 6.33423113956567, 61.707310208131673 ], [ 6.334220465353423, 61.707630696996354 ], [ 6.334647589935509, 61.707742286604713 ], [ 6.334221355776532, 61.708166757961891 ], [ 6.334716017431332, 61.708330982815724 ], [ 6.336293445957837, 61.70801579027745 ] ] ] ] } },
{ "type": "Feature", "properties": { "fid": 69240, "navn": null, "hoyde_moh": 866, "arealInnsjo_km2": 0.0025, "magasinKategori": null, "fid_2": 186, "id": 186, "left": 5.986919847, "top": 61.946110046000001, "right": 6.486919847, "bottom": 61.446110046000001, "row_index": 25, "col_index": 4, "tile_id": 186 }, "geometry": { "type": "MultiPolygon", "coordinates": [ [ [ [ 6.395614532322312, 61.612478981373286 ], [ 6.395991521684274, 61.612490410707501 ], [ 6.396325972720148, 61.612097522358518 ], [ 6.396055302262812, 61.612201864595235 ], [ 6.395946988008607, 61.61203285143948 ], [ 6.39557442486196, 61.612098575757976 ], [ 6.395107006704198, 61.612428924432571 ], [ 6.395335783249192, 61.612796086909583 ], [ 6.395614532322312, 61.612478981373286 ] ] ] ] } },
{ "type": "Feature", "properties": { "fid": 69265, "navn": null, "hoyde_moh": 746, "arealInnsjo_km2": 0.0046, "magasinKategori": null, "fid_2": 186, "id": 186, "left": 5.986919847, "top": 61.946110046000001, "right": 6.486919847, "bottom": 61.446110046000001, "row_index": 25, "col_index": 4, "tile_id": 186 }, "geometry": { "type": "MultiPolygon", "coordinates": [ [ [ [ 6.422867421364916, 61.601954680079828 ], [ 6.423094055123109, 61.601983906888137 ], [ 6.423078030510544, 61.602259301849422 ], [ 6.423886490850357, 61.602164599038559 ], [ 6.42392014102069, 61.60183883043419 ], [ 6.423612259556753, 61.601636277803692 ], [ 6.423487560417485, 61.601772834166184 ], [ 6.422733432121184, 61.601653454855047 ], [ 6.422173557450994, 61.601940275234703 ], [ 6.421771463000333, 61.601957496702532 ], [ 6.422411005812763, 61.602319400135045 ], [ 6.422867421364916, 61.601954680079828 ] ] ] ] } },
{ "type": "Feature", "properties": { "fid": 69348, "navn": null, "hoyde_moh": 885, "arealInnsjo_km2": 0.0037, "magasinKategori": null, "fid_2": 186, "id": 186, "left": 5.986919847, "top": 61.946110046000001, "right": 6.486919847, "bottom": 61.446110046000001, "row_index": 25, "col_index": 4, "tile_id": 186 }, "geometry": { "type": "MultiPolygon", "coordinates": [ [ [ [ 6.38982978071255, 61.600486317617566 ], [ 6.3897583836007, 61.600239783771748 ], [ 6.389071481854601, 61.599702796736608 ], [ 6.388698488669977, 61.599932605148474 ], [ 6.389084592783009, 61.600296760130249 ], [ 6.388969550274084, 61.600578618774499 ], [ 6.38912397223296, 61.600731686569162 ], [ 6.38982978071255, 61.600486317617566 ] ] ] ] } },
{ "type": "Feature", "properties": { "fid": 71388, "navn": null, "hoyde_moh": 900, "arealInnsjo_km2": 0.0024, "magasinKategori": null, "fid_2": 186, "id": 186, "left": 5.986919847, "top": 61.946110046000001, "right": 6.486919847, "bottom": 61.446110046000001, "row_index": 25, "col_index": 4, "tile_id": 186 }, "geometry": { "type": "MultiPolygon", "coordinates": [ [ [ [ 6.350546180377289, 61.640175651276721 ], [ 6.349151423589561, 61.639985912834611 ], [ 6.349509510577144, 61.640301239967066 ], [ 6.350304050290687, 61.6405401095627 ], [ 6.350546180377289, 61.640175651276721 ] ] ] ] } },
{ "type": "Feature", "properties": { "fid": 71484, "navn": null, "hoyde_moh": 990, "arealInnsjo_km2": 0.0025, "magasinKategori": null, "fid_2": 186, "id": 186, "left": 5.986919847, "top": 61.946110046000001, "right": 6.486919847, "bottom": 61.446110046000001, "row_index": 25, "col_index": 4, "tile_id": 186 }, "geometry": { "type": "MultiPolygon", "coordinates": [ [ [ [ 6.467881973711947, 61.643256723839329 ], [ 6.468618107157009, 61.643189143626429 ], [ 6.468983036749822, 61.642896377098985 ], [ 6.468658614508886, 61.642807810535928 ], [ 6.468406616083616, 61.642919432938108 ], [ 6.468355628390438, 61.643148995932599 ], [ 6.467790652162877, 61.642920763938818 ], [ 6.467894993449659, 61.643107874542189 ], [ 6.4674496924118, 61.643226323706031 ], [ 6.467556978053526, 61.643467814002989 ], [ 6.467352291144946, 61.643750318737624 ], [ 6.46754642009061, 61.643787711169466 ], [ 6.467881973711947, 61.643256723839329 ] ] ] ] } },
{ "type": "Feature", "properties": { "fid": 71511, "navn": null, "hoyde_moh": 880, "arealInnsjo_km2": 0.0046, "magasinKategori": null, "fid_2": 186, "id": 186, "left": 5.986919847, "top": 61.946110046000001, "right": 6.486919847, "bottom": 61.446110046000001, "row_index": 25, "col_index": 4, "tile_id": 186 }, "geometry": { "type": "MultiPolygon", "coordinates": [ [ [ [ 6.400043450695432, 61.5362107695098 ], [ 6.399895539601429, 61.535893894788245 ], [ 6.399394051373402, 61.535715910706891 ], [ 6.398658874653086, 61.535853072089758 ], [ 6.397855695734687, 61.535777156789393 ], [ 6.398464479755039, 61.536196277489452 ], [ 6.400043450695432, 61.5362107695098 ] ] ] ] } },
{ "type": "Feature", "properties": { "fid": 71785, "navn": null, "hoyde_moh": 791, "arealInnsjo_km2": 0.0036, "magasinKategori": null, "fid_2": 186, "id": 186, "left": 5.986919847, "top": 61.946110046000001, "right": 6.486919847, "bottom": 61.446110046000001, "row_index": 25, "col_index": 4, "tile_id": 186 }, "geometry": { "type": "MultiPolygon", "coordinates": [ [ [ [ 6.356004266247729, 61.655298148845887 ], [ 6.356962099387164, 61.655314003144447 ], [ 6.35674866967818, 61.655264290615058 ], [ 6.356769037305677, 61.655080481731041 ], [ 6.355433307565076, 61.654933711702284 ], [ 6.354909064023436, 61.654945435280425 ], [ 6.355166447827772, 61.655265622580394 ], [ 6.354760748835434, 61.655217946919166 ], [ 6.355457495069257, 61.655358850862598 ], [ 6.356004266247729, 61.655298148845887 ] ] ] ] } },
{ "type": "Feature", "properties": { "fid": 71786, "navn": null, "hoyde_moh": 1074, "arealInnsjo_km2": 0.0102, "magasinKategori": null, "fid_2": 186, "id": 186, "left": 5.986919847, "top": 61.946110046000001, "right": 6.486919847, "bottom": 61.446110046000001, "row_index": 25, "col_index": 4, "tile_id": 186 }, "geometry": { "type": "MultiPolygon", "coordinates": [ [ [ [ 6.248488839046311, 61.649936414323832 ], [ 6.248808407435802, 61.649520868351686 ], [ 6.24752071424118, 61.649298752296424 ], [ 6.246722000941519, 61.649466208199662 ], [ 6.246824475284263, 61.649752004888718 ], [ 6.246658452488801, 61.649865270861923 ], [ 6.245405277387747, 61.649705354109166 ], [ 6.245976364545507, 61.650099420844647 ], [ 6.246866614265857, 61.649937505901072 ], [ 6.247800319290358, 61.65027921521898 ], [ 6.248488839046311, 61.649936414323832 ] ] ] ] } },
{ "type": "Feature", "properties": { "fid": 73188, "navn": null, "hoyde_moh": 1019, "arealInnsjo_km2": 0.0095, "magasinKategori": null, "fid_2": 186, "id": 186, "left": 5.986919847, "top": 61.946110046000001, "right": 6.486919847, "bottom": 61.446110046000001, "row_index": 25, "col_index": 4, "tile_id": 186 }, "geometry": { "type": "MultiPolygon", "coordinates": [ [ [ [ 6.283250993058715, 61.710693541869723 ], [ 6.282766726073486, 61.710037106941364 ], [ 6.282126953788138, 61.709514539965134 ], [ 6.281136775958747, 61.709074947100476 ], [ 6.281247372601308, 61.709422836533136 ], [ 6.281601600648644, 61.709670422529932 ], [ 6.28123472100464, 61.7098319436816 ], [ 6.281121111716669, 61.710272075011851 ], [ 6.282138326545964, 61.71064084813063 ], [ 6.282924137605985, 61.71045738286557 ], [ 6.282853577583817, 61.71069472756291 ], [ 6.283250993058715, 61.710693541869723 ] ] ] ] } },
{ "type": "Feature", "properties": { "fid": 73486, "navn": null, "hoyde_moh": 901, "arealInnsjo_km2": 0.0106, "magasinKategori": null, "fid_2": 186, "id": 186, "left": 5.986919847, "top": 61.946110046000001, "right": 6.486919847, "bottom": 61.446110046000001, "row_index": 25, "col_index": 4, "tile_id": 186 }, "geometry": { "type": "MultiPolygon", "coordinates": [ [ [ [ 6.347494716650392, 61.616218321916655 ], [ 6.348326146494539, 61.616250898262194 ], [ 6.346044528758938, 61.615289061358226 ], [ 6.345337111504636, 61.61514892226355 ], [ 6.345401217125037, 61.615561887533417 ], [ 6.346291530163757, 61.61601316176192 ], [ 6.345245387895245, 61.616376303385898 ], [ 6.346223838332858, 61.616445458307382 ], [ 6.347494716650392, 61.616218321916655 ] ] ] ] } },
{ "type": "Feature", "properties": { "fid": 76106, "navn": null, "hoyde_moh": 899, "arealInnsjo_km2": 0.0026, "magasinKategori": null, "fid_2": 186, "id": 186, "left": 5.986919847, "top": 61.946110046000001, "right": 6.486919847, "bottom": 61.446110046000001, "row_index": 25, "col_index": 4, "tile_id": 186 }, "geometry": { "type": "MultiPolygon", "coordinates": [ [ [ [ 6.252868376388018, 61.660192941201615 ], [ 6.253410480936126, 61.660348102287969 ], [ 6.253672279728514, 61.660168258085378 ], [ 6.253238162870407, 61.659958248912368 ], [ 6.252919147025864, 61.660148142171018 ], [ 6.25192218500404, 61.660180719305245 ], [ 6.251910235936012, 61.660332737062973 ], [ 6.252363445992394, 61.660443688100834 ], [ 6.252868376388018, 61.660192941201615 ] ] ] ] } },
{ "type": "Feature", "properties": { "fid": 76144, "navn": null, "hoyde_moh": 732, "arealInnsjo_km2": 0.0032, "magasinKategori": null, "fid_2": 186, "id": 186, "left": 5.986919847, "top": 61.946110046000001, "right": 6.486919847, "bottom": 61.446110046000001, "row_index": 25, "col_index": 4, "tile_id": 186 }, "geometry": { "type": "MultiPolygon", "coordinates": [ [ [ [ 6.442750946118903, 61.690825024392304 ], [ 6.442129488299996, 61.690416388209186 ], [ 6.441516273184392, 61.690462979751736 ], [ 6.441123544552418, 61.690715211606559 ], [ 6.441836222798003, 61.690760692361735 ], [ 6.442285251741007, 61.690993179579131 ], [ 6.442750946118903, 61.690825024392304 ] ] ] ] } },
{ "type": "Feature", "properties": { "fid": 76391, "navn": null, "hoyde_moh": 313, "arealInnsjo_km2": 0.0084, "magasinKategori": null, "fid_2": 186, "id": 186, "left": 5.986919847, "top": 61.946110046000001, "right": 6.486919847, "bottom": 61.446110046000001, "row_index": 25, "col_index": 4, "tile_id": 186 }, "geometry": { "type": "MultiPolygon", "coordinates": [ [ [ [ 6.33232877958977, 61.565246403065544 ], [ 6.332131977761756, 61.564926211432308 ], [ 6.331368744779017, 61.564668095659528 ], [ 6.331425128059787, 61.564377912220465 ], [ 6.331985896908161, 61.563786077136832 ], [ 6.331596839658689, 61.563737443251675 ], [ 6.330633070169202, 61.564659000303948 ], [ 6.3307133915389, 61.565193985759301 ], [ 6.331316411917919, 61.565411507159503 ], [ 6.33232877958977, 61.565246403065544 ] ] ] ] } },
{ "type": "Feature", "properties": { "fid": 76412, "navn": "Fuglevatnet", "hoyde_moh": 201, "arealInnsjo_km2": 0.015, "magasinKategori": null, "fid_2": 186, "id": 186, "left": 5.986919847, "top": 61.946110046000001, "right": 6.486919847, "bottom": 61.446110046000001, "row_index": 25, "col_index": 4, "tile_id": 186 }, "geometry": { "type": "MultiPolygon", "coordinates": [ [ [ [ 6.486919847, 61.576442045943175 ], [ 6.486919847, 61.575790285273676 ], [ 6.486853462719641, 61.575742923375451 ], [ 6.486885341710845, 61.575138963848389 ], [ 6.486765198337883, 61.575060161055063 ], [ 6.484855099718796, 61.575041612657344 ], [ 6.48427112571559, 61.57533679252095 ], [ 6.485110401612679, 61.575815700154841 ], [ 6.486042518101732, 61.576047711280829 ], [ 6.486319732027254, 61.576411217992245 ], [ 6.486834055564806, 61.576489017291614 ], [ 6.486919847, 61.576442045943175 ] ] ] ] } },
{ "type": "Feature", "properties": { "fid": 76467, "navn": null, "hoyde_moh": 759, "arealInnsjo_km2": 0.0041, "magasinKategori": null, "fid_2": 186, "id": 186, "left": 5.986919847, "top": 61.946110046000001, "right": 6.486919847, "bottom": 61.446110046000001, "row_index": 25, "col_index": 4, "tile_id": 186 }, "geometry": { "type": "MultiPolygon", "coordinates": [ [ [ [ 6.429563997745385, 61.696754305254238 ], [ 6.429442410130641, 61.696657759301672 ], [ 6.429564573851305, 61.696587502103078 ], [ 6.430306438146071, 61.696421427633211 ], [ 6.42915958146086, 61.696186571411864 ], [ 6.428238579259955, 61.696267370071567 ], [ 6.428876024710639, 61.696506266622315 ], [ 6.428521000283944, 61.696597710166486 ], [ 6.428835252625727, 61.696831866483464 ], [ 6.429563997745385, 61.696754305254238 ] ] ] ] } },
{ "type": "Feature", "properties": { "fid": 76520, "navn": null, "hoyde_moh": 764, "arealInnsjo_km2": 0.0046, "magasinKategori": null, "fid_2": 186, "id": 186, "left": 5.986919847, "top": 61.946110046000001, "right": 6.486919847, "bottom": 61.446110046000001, "row_index": 25, "col_index": 4, "tile_id": 186 }, "geometry": { "type": "MultiPolygon", "coordinates": [ [ [ [ 6.422985127371675, 61.599053877146886 ], [ 6.422951515821129, 61.598498486153773 ], [ 6.42240971844895, 61.598372738864171 ], [ 6.42185856108733, 61.59847258237162 ], [ 6.422093844659646, 61.599046593256375 ], [ 6.422463355681757, 61.599223147123432 ], [ 6.422985127371675, 61.599053877146886 ] ] ] ] } },
{ "type": "Feature", "properties": { "fid": 76674, "navn": null, "hoyde_moh": 990, "arealInnsjo_km2": 0.0042, "magasinKategori": null, "fid_2": 186, "id": 186, "left": 5.986919847, "top": 61.946110046000001, "right": 6.486919847, "bottom": 61.446110046000001, "row_index": 25, "col_index": 4, "tile_id": 186 }, "geometry": { "type": "MultiPolygon", "coordinates": [ [ [ [ 6.481660547319027, 61.512899489689026 ], [ 6.48142542880979, 61.512556118977891 ], [ 6.480264232177117, 61.512482366041624 ], [ 6.480024879424063, 61.512597553313491 ], [ 6.48105231100733, 61.513217732999472 ], [ 6.481660547319027, 61.512899489689026 ] ] ] ] } },
{ "type": "Feature", "properties": { "fid": 76675, "navn": null, "hoyde_moh": 952, "arealInnsjo_km2": 0.0029, "magasinKategori": null, "fid_2": 186, "id": 186, "left": 5.986919847, "top": 61.946110046000001, "right": 6.486919847, "bottom": 61.446110046000001, "row_index": 25, "col_index": 4, "tile_id": 186 }, "geometry": { "type": "MultiPolygon", "coordinates": [ [ [ [ 6.399169214967809, 61.619316151405648 ], [ 6.399275490679764, 61.619204096335878 ], [ 6.397755984220058, 61.618872059768591 ], [ 6.397781043359143, 61.619025406830303 ], [ 6.397201997839532, 61.619209039282048 ], [ 6.399169214967809, 61.619316151405648 ] ] ] ] } },
{ "type": "Feature", "properties": { "fid": 76683, "navn": null, "hoyde_moh": 880, "arealInnsjo_km2": 0.0015, "magasinKategori": null, "fid_2": 186, "id": 186, "left": 5.986919847, "top": 61.946110046000001, "right": 6.486919847, "bottom": 61.446110046000001, "row_index": 25, "col_index": 4, "tile_id": 186 }, "geometry": { "type": "MultiPolygon", "coordinates": [ [ [ [ 6.402777162402377, 61.611690278680214 ], [ 6.402787477401493, 61.611654708779092 ], [ 6.402352795034766, 61.611527270698083 ], [ 6.402382180266702, 61.611352803441072 ], [ 6.40215702870896, 61.611284795161659 ], [ 6.40178581564627, 61.611736249509633 ], [ 6.402777162402377, 61.611690278680214 ] ] ] ] } },
{ "type": "Feature", "properties": { "fid": 76684, "navn": null, "hoyde_moh": 903, "arealInnsjo_km2": 0.0024, "magasinKategori": null, "fid_2": 186, "id": 186, "left": 5.986919847, "top": 61.946110046000001, "right": 6.486919847, "bottom": 61.446110046000001, "row_index": 25, "col_index": 4, "tile_id": 186 }, "geometry": { "type": "MultiPolygon", "coordinates": [ [ [ [ 6.403564323330205, 61.613191765988105 ], [ 6.403961534573381, 61.612802746753722 ], [ 6.403217551977618, 61.613082996923865 ], [ 6.403031932142291, 61.613018758854579 ], [ 6.402583877466507, 61.613406362645094 ], [ 6.403215661644388, 61.613407621126164 ], [ 6.403357223730471, 61.61328388802508 ], [ 6.403294385496896, 61.613510887829925 ], [ 6.403544055369847, 61.613568612522783 ], [ 6.403564323330205, 61.613191765988105 ] ] ] ] } },
{ "type": "Feature", "properties": { "fid": 76685, "navn": null, "hoyde_moh": 65, "arealInnsjo_km2": 0.0081, "magasinKategori": null, "fid_2": 186, "id": 186, "left": 5.986919847, "top": 61.946110046000001, "right": 6.486919847, "bottom": 61.446110046000001, "row_index": 25, "col_index": 4, "tile_id": 186 }, "geometry": { "type": "MultiPolygon", "coordinates": [ [ [ [ 6.46440677876753, 61.616912580166122 ], [ 6.463902485383933, 61.61661577532027 ], [ 6.462639137724122, 61.616610319026215 ], [ 6.462072981786839, 61.616842259450941 ], [ 6.462664818208103, 61.617327483050865 ], [ 6.463248892470127, 61.617457060274965 ], [ 6.46440677876753, 61.616912580166122 ] ] ] ] } },
{ "type": "Feature", "properties": { "fid": 76686, "navn": null, "hoyde_moh": 860, "arealInnsjo_km2": 0.0217, "magasinKategori": null, "fid_2": 186, "id": 186, "left": 5.986919847, "top": 61.946110046000001, "right": 6.486919847, "bottom": 61.446110046000001, "row_index": 25, "col_index": 4, "tile_id": 186 }, "geometry": { "type": "MultiPolygon", "coordinates": [ [ [ [ 6.391935859203927, 61.614902284538061 ], [ 6.392188159865424, 61.614753875531996 ], [ 6.392115749771428, 61.614273406732266 ], [ 6.392379667792158, 61.613986439972521 ], [ 6.391962744038499, 61.613776535478252 ], [ 6.392067758130357, 61.613590332314267 ], [ 6.391615836173854, 61.613508287592893 ], [ 6.391117329129891, 61.613732499218308 ], [ 6.390663912013061, 61.613723617168468 ], [ 6.390737592033704, 61.613849517935684 ], [ 6.390522083932026, 61.613928803618045 ], [ 6.38938947988243, 61.613985602362597 ], [ 6.388714404012236, 61.614215589156238 ], [ 6.388851268061154, 61.614267541058744 ], [ 6.388785680653873, 61.614409721710416 ], [ 6.389206480756847, 61.614567759775163 ], [ 6.388727856988886, 61.6147729905937 ], [ 6.390007950295009, 61.614975775392296 ], [ 6.391935859203927, 61.614902284538061 ] ] ] ] } },
{ "type": "Feature", "properties": { "fid": 76687, "navn": null, "hoyde_moh": 925, "arealInnsjo_km2": 0.0093, "magasinKategori": null, "fid_2": 186, "id": 186, "left": 5.986919847, "top": 61.946110046000001, "right": 6.486919847, "bottom": 61.446110046000001, "row_index": 25, "col_index": 4, "tile_id": 186 }, "geometry": { "type": "MultiPolygon", "coordinates": [ [ [ [ 6.400731516652831, 61.615974799602988 ], [ 6.400278468000667, 61.615725509492087 ], [ 6.401366167135862, 61.615502904175678 ], [ 6.401532795958466, 61.614932350031687 ], [ 6.39947081179657, 61.61511780557921 ], [ 6.399394441622517, 61.615587936300798 ], [ 6.399855456914017, 61.615941074945169 ], [ 6.400416971784837, 61.616090102919081 ], [ 6.400731516652831, 61.615974799602988 ] ] ] ] } },
{ "type": "Feature", "properties": { "fid": 76778, "navn": null, "hoyde_moh": 745, "arealInnsjo_km2": 0.003, "magasinKategori": null, "fid_2": 186, "id": 186, "left": 5.986919847, "top": 61.946110046000001, "right": 6.486919847, "bottom": 61.446110046000001, "row_index": 25, "col_index": 4, "tile_id": 186 }, "geometry": { "type": "MultiPolygon", "coordinates": [ [ [ [ 6.425605423033526, 61.601618321348994 ], [ 6.424573326204388, 61.601787516083839 ], [ 6.42506970935246, 61.602165110253274 ], [ 6.425537425860167, 61.602209835323876 ], [ 6.425605423033526, 61.601618321348994 ] ] ] ] } },
{ "type": "Feature", "properties": { "fid": 76779, "navn": null, "hoyde_moh": 739, "arealInnsjo_km2": 0.0085, "magasinKategori": null, "fid_2": 186, "id": 186, "left": 5.986919847, "top": 61.946110046000001, "right": 6.486919847, "bottom": 61.446110046000001, "row_index": 25, "col_index": 4, "tile_id": 186 }, "geometry": { "type": "MultiPolygon", "coordinates": [ [ [ [ 6.426009612624885, 61.604258517409569 ], [ 6.425361321815511, 61.604074843046384 ], [ 6.426377480510737, 61.603856215910611 ], [ 6.426103654772367, 61.603508766276626 ], [ 6.425334680663954, 61.60310474251623 ], [ 6.425124976135788, 61.603150207661365 ], [ 6.425268223423833, 61.603275962877241 ], [ 6.425108823005024, 61.603384584622582 ], [ 6.424674976180816, 61.603248146851264 ], [ 6.424282632444092, 61.603463181109305 ], [ 6.424702140799193, 61.603412094231672 ], [ 6.424480872963637, 61.603781651502857 ], [ 6.425132886877721, 61.604067005333761 ], [ 6.424614920708297, 61.604319720596479 ], [ 6.424854926599068, 61.604470558479562 ], [ 6.426009612624885, 61.604258517409569 ] ] ] ] } },
{ "type": "Feature", "properties": { "fid": 76798, "navn": null, "hoyde_moh": 879, "arealInnsjo_km2": 0.0084, "magasinKategori": null, "fid_2": 186, "id": 186, "left": 5.986919847, "top": 61.946110046000001, "right": 6.486919847, "bottom": 61.446110046000001, "row_index": 25, "col_index": 4, "tile_id": 186 }, "geometry": { "type": "MultiPolygon", "coordinates": [ [ [ [ 6.384808689290933, 61.607175250205941 ], [ 6.384689140727244, 61.606950407494701 ], [ 6.385597009999953, 61.60666349688799 ], [ 6.385418474199497, 61.606404739424171 ], [ 6.384545189204239, 61.606313264754391 ], [ 6.383390268900097, 61.606748893235206 ], [ 6.383550473488033, 61.607175416049856 ], [ 6.384713675851925, 61.607284305339284 ], [ 6.384808689290933, 61.607175250205941 ] ] ] ] } },
{ "type": "Feature", "properties": { "fid": 76799, "navn": null, "hoyde_moh": 1154, "arealInnsjo_km2": 0.0108, "magasinKategori": null, "fid_2": 186, "id": 186, "left": 5.986919847, "top": 61.946110046000001, "right": 6.486919847, "bottom": 61.446110046000001, "row_index": 25, "col_index": 4, "tile_id": 186 }, "geometry": { "type": "MultiPolygon", "coordinates": [ [ [ [ 6.268832296168996, 61.608805247539379 ], [ 6.26894460138787, 61.608353224408624 ], [ 6.268761045056799, 61.608179687878582 ], [ 6.266609917273231, 61.608025452608999 ], [ 6.266965836615379, 61.608225354322187 ], [ 6.266221689536024, 61.608595242696587 ], [ 6.26640244366526, 61.60877393355009 ], [ 6.2675070467407, 61.608901578287004 ], [ 6.268832296168996, 61.608805247539379 ] ] ] ] } },
{ "type": "Feature", "properties": { "fid": 76829, "navn": null, "hoyde_moh": 865, "arealInnsjo_km2": 0.007, "magasinKategori": null, "fid_2": 186, "id": 186, "left": 5.986919847, "top": 61.946110046000001, "right": 6.486919847, "bottom": 61.446110046000001, "row_index": 25, "col_index": 4, "tile_id": 186 }, "geometry": { "type": "MultiPolygon", "coordinates": [ [ [ [ 6.394322833704833, 61.534809408946153 ], [ 6.394154621493485, 61.534200999024648 ], [ 6.393664893439344, 61.533954543541441 ], [ 6.393501247724267, 61.534081363986729 ], [ 6.392912790380588, 61.533709847734791 ], [ 6.392329126097279, 61.53378957131298 ], [ 6.392510522309276, 61.534046436665079 ], [ 6.392873794310836, 61.534044580664172 ], [ 6.393020150614327, 61.534495059451842 ], [ 6.393575546701859, 61.534944508943333 ], [ 6.394322833704833, 61.534809408946153 ] ] ] ] } },
{ "type": "Feature", "properties": { "fid": 76830, "navn": null, "hoyde_moh": 1005, "arealInnsjo_km2": 0.0053, "magasinKategori": null, "fid_2": 186, "id": 186, "left": 5.986919847, "top": 61.946110046000001, "right": 6.486919847, "bottom": 61.446110046000001, "row_index": 25, "col_index": 4, "tile_id": 186 }, "geometry": { "type": "MultiPolygon", "coordinates": [ [ [ [ 6.477793286864404, 61.635685532262258 ], [ 6.477963862452215, 61.635381007835946 ], [ 6.477036152258039, 61.635344028488205 ], [ 6.47637803456711, 61.635691844474991 ], [ 6.47651138295599, 61.635849063805637 ], [ 6.476327645192934, 61.635917470317175 ], [ 6.476497412336194, 61.635984393973459 ], [ 6.476240281014416, 61.636210053676358 ], [ 6.476751925143511, 61.636075692906786 ], [ 6.476907025795116, 61.636281154052845 ], [ 6.477793286864404, 61.635685532262258 ] ] ] ] } },
{ "type": "Feature", "properties": { "fid": 76831, "navn": null, "hoyde_moh": 1003, "arealInnsjo_km2": 0.0028, "magasinKategori": null, "fid_2": 186, "id": 186, "left": 5.986919847, "top": 61.946110046000001, "right": 6.486919847, "bottom": 61.446110046000001, "row_index": 25, "col_index": 4, "tile_id": 186 }, "geometry": { "type": "MultiPolygon", "coordinates": [ [ [ [ 6.47482447292124, 61.637685691096671 ], [ 6.475639810609063, 61.636692904486118 ], [ 6.474909369687973, 61.63687070516724 ], [ 6.475022475257437, 61.63698862972074 ], [ 6.474726513750123, 61.637094069331312 ], [ 6.474787359830549, 61.637234095107793 ], [ 6.474224227652194, 61.637574587244522 ], [ 6.47482447292124, 61.637685691096671 ] ] ] ] } },
{ "type": "Feature", "properties": { "fid": 76850, "navn": null, "hoyde_moh": 1089, "arealInnsjo_km2": 0.0041, "magasinKategori": null, "fid_2": 186, "id": 186, "left": 5.986919847, "top": 61.946110046000001, "right": 6.486919847, "bottom": 61.446110046000001, "row_index": 25, "col_index": 4, "tile_id": 186 }, "geometry": { "type": "MultiPolygon", "coordinates": [ [ [ [ 6.335569566989797, 61.634903995368028 ], [ 6.334813041150245, 61.634518299461945 ], [ 6.334520515003274, 61.634523483686444 ], [ 6.334505109903479, 61.634669757483415 ], [ 6.333651917647313, 61.634437790634493 ], [ 6.333377884428592, 61.634503326376446 ], [ 6.333396850819129, 61.634798418501568 ], [ 6.334128237190548, 61.634764688462269 ], [ 6.335089482310385, 61.635099037171578 ], [ 6.335569566989797, 61.634903995368028 ] ] ] ] } },
{ "type": "Feature", "properties": { "fid": 76897, "navn": null, "hoyde_moh": 895, "arealInnsjo_km2": 0.0092, "magasinKategori": null, "fid_2": 186, "id": 186, "left": 5.986919847, "top": 61.946110046000001, "right": 6.486919847, "bottom": 61.446110046000001, "row_index": 25, "col_index": 4, "tile_id": 186 }, "geometry": { "type": "MultiPolygon", "coordinates": [ [ [ [ 6.176585335174274, 61.538752723055119 ], [ 6.176347867944742, 61.538580117280901 ], [ 6.176456316154247, 61.538194200343213 ], [ 6.176235492987472, 61.538074636005895 ], [ 6.176171591453522, 61.537585685533251 ], [ 6.175332278992743, 61.537499925998787 ], [ 6.175130894791316, 61.537612318385634 ], [ 6.175349724046752, 61.53773618268005 ], [ 6.175152282110845, 61.538575608546459 ], [ 6.176410137506851, 61.53913040687361 ], [ 6.176585335174274, 61.538752723055119 ] ] ] ] } },
{ "type": "Feature", "properties": { "fid": 76907, "navn": null, "hoyde_moh": 889, "arealInnsjo_km2": 0.0041, "magasinKategori": null, "fid_2": 186, "id": 186, "left": 5.986919847, "top": 61.946110046000001, "right": 6.486919847, "bottom": 61.446110046000001, "row_index": 25, "col_index": 4, "tile_id": 186 }, "geometry": { "type": "MultiPolygon", "coordinates": [ [ [ [ 6.115105874574076, 61.536729084844161 ], [ 6.114601193499846, 61.536530962399901 ], [ 6.113305961181926, 61.536567351288348 ], [ 6.113616335079533, 61.536882682207747 ], [ 6.114390138551557, 61.536998967167619 ], [ 6.115105874574076, 61.536729084844161 ] ] ] ] } },
{ "type": "Feature", "properties": { "fid": 76909, "navn": "Styggtjørna", "hoyde_moh": 930, "arealInnsjo_km2": 0.0108, "magasinKategori": null, "fid_2": 186, "id": 186, "left": 5.986919847, "top": 61.946110046000001, "right": 6.486919847, "bottom": 61.446110046000001, "row_index": 25, "col_index": 4, "tile_id": 186 }, "geometry": { "type": "MultiPolygon", "coordinates": [ [ [ [ 6.179609127327171, 61.541138633103181 ], [ 6.17985377622643, 61.54141407783235 ], [ 6.180220472403504, 61.541228766457721 ], [ 6.180861457223669, 61.540299028177664 ], [ 6.180474735907987, 61.54048357903531 ], [ 6.180327528710187, 61.54036005044501 ], [ 6.180789822214536, 61.540072710014833 ], [ 6.180757828864535, 61.539634817802913 ], [ 6.179667036400192, 61.539698076373654 ], [ 6.179936854229388, 61.540578950755801 ], [ 6.178661048861432, 61.541152172273648 ], [ 6.178314499074814, 61.541469634434954 ], [ 6.179609127327171, 61.541138633103181 ] ] ] ] } },
{ "type": "Feature", "properties": { "fid": 76997, "navn": null, "hoyde_moh": 897, "arealInnsjo_km2": 0.0099, "magasinKategori": null, "fid_2": 186, "id": 186, "left": 5.986919847, "top": 61.946110046000001, "right": 6.486919847, "bottom": 61.446110046000001, "row_index": 25, "col_index": 4, "tile_id": 186 }, "geometry": { "type": "MultiPolygon", "coordinates": [ [ [ [ 6.101798099421596, 61.538031033757811 ], [ 6.102686129392287, 61.538117567467225 ], [ 6.10323205095335, 61.537827097736724 ], [ 6.103400749100453, 61.537387769078435 ], [ 6.101589548705849, 61.537515951987338 ], [ 6.099854950242353, 61.537965987929056 ], [ 6.100690264606753, 61.538164385128219 ], [ 6.101798099421596, 61.538031033757811 ] ] ] ] } },
{ "type": "Feature", "properties": { "fid": 77075, "navn": null, "hoyde_moh": 833, "arealInnsjo_km2": 0.0039, "magasinKategori": null, "fid_2": 186, "id": 186, "left": 5.986919847, "top": 61.946110046000001, "right": 6.486919847, "bottom": 61.446110046000001, "row_index": 25, "col_index": 4, "tile_id": 186 }, "geometry": { "type": "MultiPolygon", "coordinates": [ [ [ [ 6.002249475675637, 61.551627271828544 ], [ 6.003214692751348, 61.551419593113962 ], [ 6.003312326388526, 61.551264830425787 ], [ 6.00259859252773, 61.55105997396555 ], [ 6.00220431827333, 61.551134112699103 ], [ 6.001704010942531, 61.551736469132251 ], [ 6.001666406398031, 61.551925045903843 ], [ 6.002249475675637, 61.551627271828544 ] ] ] ] } },
{ "type": "Feature", "properties": { "fid": 77076, "navn": null, "hoyde_moh": 794, "arealInnsjo_km2": 0.0066, "magasinKategori": null, "fid_2": 186, "id": 186, "left": 5.986919847, "top": 61.946110046000001, "right": 6.486919847, "bottom": 61.446110046000001, "row_index": 25, "col_index": 4, "tile_id": 186 }, "geometry": { "type": "MultiPolygon", "coordinates": [ [ [ [ 6.121395262844921, 61.563600264920701 ], [ 6.121594305104451, 61.563382230498959 ], [ 6.121610868486761, 61.562954333370669 ], [ 6.121074681102333, 61.562867966784836 ], [ 6.119687148096071, 61.563553779882241 ], [ 6.119955257288477, 61.563737355835194 ], [ 6.121395262844921, 61.563600264920701 ] ] ] ] } },
{ "type": "Feature", "properties": { "fid": 77108, "navn": null, "hoyde_moh": 1126, "arealInnsjo_km2": 0.0067, "magasinKategori": null, "fid_2": 186, "id": 186, "left": 5.986919847, "top": 61.946110046000001, "right": 6.486919847, "bottom": 61.446110046000001, "row_index": 25, "col_index": 4, "tile_id": 186 }, "geometry": { "type": "MultiPolygon", "coordinates": [ [ [ [ 6.191115917966791, 61.57446682628251 ], [ 6.191510423629069, 61.574201318533071 ], [ 6.190821083207057, 61.574060116111944 ], [ 6.189204929300729, 61.574572526292144 ], [ 6.187841558332225, 61.574519610225046 ], [ 6.187420918097175, 61.574637116757359 ], [ 6.188170619319295, 61.574768073219332 ], [ 6.191115917966791, 61.57446682628251 ] ] ] ] } },
{ "type": "Feature", "properties": { "fid": 77121, "navn": null, "hoyde_moh": 828, "arealInnsjo_km2": 0.0032, "magasinKategori": null, "fid_2": 186, "id": 186, "left": 5.986919847, "top": 61.946110046000001, "right": 6.486919847, "bottom": 61.446110046000001, "row_index": 25, "col_index": 4, "tile_id": 186 }, "geometry": { "type": "MultiPolygon", "coordinates": [ [ [ [ 6.343336896499469, 61.714188877922183 ], [ 6.343125422215047, 61.714064843808416 ], [ 6.342800467570408, 61.714136315401369 ], [ 6.342805096823525, 61.713688695233813 ], [ 6.342241119528, 61.713895374817973 ], [ 6.342343302127466, 61.714000620970722 ], [ 6.342224564966984, 61.714293542199037 ], [ 6.343028178598488, 61.714557975321107 ], [ 6.343336896499469, 61.714188877922183 ] ] ] ] } },
{ "type": "Feature", "properties": { "fid": 77122, "navn": "Trollevatnet", "hoyde_moh": 1016, "arealInnsjo_km2": 0.0212, "magasinKategori": null, "fid_2": 186, "id": 186, "left": 5.986919847, "top": 61.946110046000001, "right": 6.486919847, "bottom": 61.446110046000001, "row_index": 25, "col_index": 4, "tile_id": 186 }, "geometry": { "type": "MultiPolygon", "coordinates": [ [ [ [ 6.27518208241228, 61.711690238796052 ], [ 6.276005408706803, 61.711482924583656 ], [ 6.276378498375609, 61.711144635860151 ], [ 6.276986839984509, 61.710900037978618 ], [ 6.27701888960789, 61.710743979658275 ], [ 6.276628893637253, 61.710555254090856 ], [ 6.276507255904142, 61.710192826857821 ], [ 6.276272302952579, 61.710024523743598 ], [ 6.274691043775326, 61.710275921503005 ], [ 6.274306614502543, 61.710614562696151 ], [ 6.274365204853507, 61.710886121452376 ], [ 6.27418467921515, 61.711133035315278 ], [ 6.274328591095816, 61.711294146966644 ], [ 6.274187265064723, 61.711429462162663 ], [ 6.274369962285234, 61.711590080114831 ], [ 6.273612502030629, 61.71184145531236 ], [ 6.274426121591452, 61.712097479633563 ], [ 6.27518208241228, 61.711690238796052 ] ], [ [ 6.275114321052584, 61.711061748620615 ], [ 6.275419707639773, 61.711113049376621 ], [ 6.275234414445756, 61.711286474327324 ], [ 6.274771556159001, 61.711321567267333 ], [ 6.274828481986805, 61.711123645775615 ], [ 6.275114321052584, 61.711061748620615 ] ] ] ] } },
{ "type": "Feature", "properties": { "fid": 77123, "navn": null, "hoyde_moh": 1041, "arealInnsjo_km2": 0.0075, "magasinKategori": null, "fid_2": 186, "id": 186, "left": 5.986919847, "top": 61.946110046000001, "right": 6.486919847, "bottom": 61.446110046000001, "row_index": 25, "col_index": 4, "tile_id": 186 }, "geometry": { "type": "MultiPolygon", "coordinates": [ [ [ [ 6.26884205679459, 61.711924663301133 ], [ 6.268169649568876, 61.711783831399821 ], [ 6.267971002289022, 61.711478881710718 ], [ 6.267378413274679, 61.711245046935559 ], [ 6.266774803384905, 61.711284358535117 ], [ 6.266462546609884, 61.711661949615724 ], [ 6.26663291386759, 61.711971230423792 ], [ 6.268542334921464, 61.712138080544555 ], [ 6.26884205679459, 61.711924663301133 ] ] ] ] } },
{ "type": "Feature", "properties": { "fid": 77139, "navn": null, "hoyde_moh": 616, "arealInnsjo_km2": 0.0053, "magasinKategori": null, "fid_2": 186, "id": 186, "left": 5.986919847, "top": 61.946110046000001, "right": 6.486919847, "bottom": 61.446110046000001, "row_index": 25, "col_index": 4, "tile_id": 186 }, "geometry": { "type": "MultiPolygon", "coordinates": [ [ [ [ 6.088825797932039, 61.605092945053649 ], [ 6.088895897109825, 61.604945901887341 ], [ 6.087957464683389, 61.604591165534764 ], [ 6.086969565576267, 61.604690918801872 ], [ 6.087014294505371, 61.604998329964687 ], [ 6.088191251302236, 61.605183385491223 ], [ 6.088825797932039, 61.605092945053649 ] ] ] ] } },
{ "type": "Feature", "properties": { "fid": 77141, "navn": null, "hoyde_moh": 1051, "arealInnsjo_km2": 0.0025, "magasinKategori": null, "fid_2": 186, "id": 186, "left": 5.986919847, "top": 61.946110046000001, "right": 6.486919847, "bottom": 61.446110046000001, "row_index": 25, "col_index": 4, "tile_id": 186 }, "geometry": { "type": "MultiPolygon", "coordinates": [ [ [ [ 6.268551171363531, 61.706551928536555 ], [ 6.270146145948338, 61.70657200167274 ], [ 6.267883055280778, 61.706427176931349 ], [ 6.267206623621954, 61.706626883554101 ], [ 6.268551171363531, 61.706551928536555 ] ] ] ] } },
{ "type": "Feature", "properties": { "fid": 77149, "navn": null, "hoyde_moh": 796, "arealInnsjo_km2": 0.0045, "magasinKategori": null, "fid_2": 186, "id": 186, "left": 5.986919847, "top": 61.946110046000001, "right": 6.486919847, "bottom": 61.446110046000001, "row_index": 25, "col_index": 4, "tile_id": 186 }, "geometry": { "type": "MultiPolygon", "coordinates": [ [ [ [ 6.000131794697362, 61.544812070184683 ], [ 6.000102363595792, 61.544478038220035 ], [ 6.000473182064596, 61.543449959755939 ], [ 6.000386551210011, 61.543001676164309 ], [ 6.000000034859899, 61.543167698945709 ], [ 6.000267406057009, 61.543669661146041 ], [ 5.999989853827963, 61.544256709764142 ], [ 5.999504081222154, 61.544686208329338 ], [ 5.999533222676287, 61.545107533950457 ], [ 5.999808745312648, 61.545218759512025 ], [ 6.000131794697362, 61.544812070184683 ] ] ] ] } },
{ "type": "Feature", "properties": { "fid": 77150, "navn": null, "hoyde_moh": 783, "arealInnsjo_km2": 0.003, "magasinKategori": null, "fid_2": 186, "id": 186, "left": 5.986919847, "top": 61.946110046000001, "right": 6.486919847, "bottom": 61.446110046000001, "row_index": 25, "col_index": 4, "tile_id": 186 }, "geometry": { "type": "MultiPolygon", "coordinates": [ [ [ [ 6.019549287532341, 61.549148633089892 ], [ 6.019782512952654, 61.548853178134436 ], [ 6.018662969215248, 61.548673113485187 ], [ 6.018679736800251, 61.548838631920823 ], [ 6.018221019270707, 61.549032185349397 ], [ 6.019549287532341, 61.549148633089892 ] ] ] ] } },
{ "type": "Feature", "properties": { "fid": 77152, "navn": null, "hoyde_moh": 833, "arealInnsjo_km2": 0.0089, "magasinKategori": null, "fid_2": 186, "id": 186, "left": 5.986919847, "top": 61.946110046000001, "right": 6.486919847, "bottom": 61.446110046000001, "row_index": 25, "col_index": 4, "tile_id": 186 }, "geometry": { "type": "MultiPolygon", "coordinates": [ [ [ [ 6.229391111199472, 61.698438436288079 ], [ 6.229886415070431, 61.698503725004336 ], [ 6.230117644845842, 61.697787200717919 ], [ 6.229250453989332, 61.698021492636279 ], [ 6.228484619304882, 61.697686653750928 ], [ 6.227978466469341, 61.697904741807868 ], [ 6.22795790314292, 61.698188762758001 ], [ 6.228308202365017, 61.698441590751322 ], [ 6.228112754622082, 61.698666440585797 ], [ 6.228715621154303, 61.698752858494558 ], [ 6.229391111199472, 61.698438436288079 ] ] ] ] } },
{ "type": "Feature", "properties": { "fid": 77367, "navn": null, "hoyde_moh": 1101, "arealInnsjo_km2": 0.0096, "magasinKategori": null, "fid_2": 186, "id": 186, "left": 5.986919847, "top": 61.946110046000001, "right": 6.486919847, "bottom": 61.446110046000001, "row_index": 25, "col_index": 4, "tile_id": 186 }, "geometry": { "type": "MultiPolygon", "coordinates": [ [ [ [ 6.181968566143917, 61.576357471779644 ], [ 6.183370062872084, 61.576178074938731 ], [ 6.183720554658121, 61.576009753063943 ], [ 6.183997761645736, 61.575445673815764 ], [ 6.183682635575026, 61.575488435088374 ], [ 6.183662998781256, 61.575653783651092 ], [ 6.18339489300409, 61.575759420884552 ], [ 6.181949407552408, 61.575746197718914 ], [ 6.180623304682307, 61.575974128141276 ], [ 6.180479493337314, 61.576116309208075 ], [ 6.180307001880461, 61.575972618769647 ], [ 6.179644087742792, 61.576139041701971 ], [ 6.181968566143917, 61.576357471779644 ] ], [ [ 6.182470067660448, 61.575848282805133 ], [ 6.18261549593494, 61.576041535087604 ], [ 6.182210181406755, 61.576121891635331 ], [ 6.182089295961637, 61.575908458010851 ], [ 6.182470067660448, 61.575848282805133 ] ] ] ] } },
{ "type": "Feature", "properties": { "fid": 77389, "navn": "Jardalsvatna", "hoyde_moh": 887, "arealInnsjo_km2": 0.047, "magasinKategori": null, "fid_2": 186, "id": 186, "left": 5.986919847, "top": 61.946110046000001, "right": 6.486919847, "bottom": 61.446110046000001, "row_index": 25, "col_index": 4, "tile_id": 186 }, "geometry": { "type": "MultiPolygon", "coordinates": [ [ [ [ 6.253927051673353, 61.694197926881436 ], [ 6.254070582226194, 61.693952181980428 ], [ 6.253811528448047, 61.693829172292226 ], [ 6.254505297066521, 61.693763476516168 ], [ 6.254976971217208, 61.693408457442722 ], [ 6.254321632589641, 61.693031907769011 ], [ 6.256207913634458, 61.69301679346114 ], [ 6.25618565363787, 61.692685844067434 ], [ 6.256956978437206, 61.69268231827985 ], [ 6.257058350335694, 61.692860597974331 ], [ 6.257261949716715, 61.692751713424286 ], [ 6.257210902568276, 61.69239090421469 ], [ 6.255415999925834, 61.69226851726949 ], [ 6.253997827224334, 61.692569612216012 ], [ 6.253566734163505, 61.69289308470043 ], [ 6.253926417057002, 61.692999437925948 ], [ 6.253515604040259, 61.693143056360526 ], [ 6.253677251066096, 61.693226008766345 ], [ 6.253644802453953, 61.693494530082553 ], [ 6.253829078531492, 61.693778980453644 ], [ 6.253062555652592, 61.693438732275538 ], [ 6.252502880807723, 61.693378511091581 ], [ 6.252337109588485, 61.693073925374804 ], [ 6.251411087629125, 61.693321546253692 ], [ 6.250963461385803, 61.693277382872637 ], [ 6.250842726190294, 61.693419149350945 ], [ 6.250042491813714, 61.693317867601813 ], [ 6.249899423743946, 61.693717241110264 ], [ 6.249987623805762, 61.69422492400691 ], [ 6.24954551334906, 61.694330737725586 ], [ 6.249562747657976, 61.694445692985234 ], [ 6.251720381433628, 61.69486761265749 ], [ 6.253927051673353, 61.694197926881436 ] ] ] ] } },
{ "type": "Feature", "properties": { "fid": 77390, "navn": "Dalevatnet", "hoyde_moh": 506, "arealInnsjo_km2": 0.143, "magasinKategori": null, "fid_2": 186, "id": 186, "left": 5.986919847, "top": 61.946110046000001, "right": 6.486919847, "bottom": 61.446110046000001, "row_index": 25, "col_index": 4, "tile_id": 186 }, "geometry": { "type": "MultiPolygon", "coordinates": [ [ [ [ 6.310866861482674, 61.719291392104488 ], [ 6.311264017358128, 61.71881750206667 ], [ 6.31166095748952, 61.718612196587259 ], [ 6.312981821476861, 61.718407068819225 ], [ 6.313320641757459, 61.718160916262214 ], [ 6.313072642340098, 61.717983363179009 ], [ 6.313186125050255, 61.717804044554519 ], [ 6.314100711640615, 61.717803529883405 ], [ 6.316743948618071, 61.716580026833554 ], [ 6.317768726124693, 61.715178039844204 ], [ 6.319229024693891, 61.714312030814298 ], [ 6.319299500960938, 61.713945661566086 ], [ 6.318591478789644, 61.71335525015094 ], [ 6.317784409839117, 61.713363102525044 ], [ 6.317295723395401, 61.713567443895094 ], [ 6.317190125710966, 61.714150387795186 ], [ 6.315323109776865, 61.714399916402591 ], [ 6.314696354697426, 61.714718486827451 ], [ 6.312943470767019, 61.714976174872149 ], [ 6.311339691046549, 61.715732407529771 ], [ 6.311001246667244, 61.716224320005203 ], [ 6.311028776769462, 61.71670726173064 ], [ 6.310870126648487, 61.716943774448104 ], [ 6.309626308702398, 61.71767013000634 ], [ 6.309169229916971, 61.718511602057546 ], [ 6.309162820253619, 61.718944945795258 ], [ 6.309543166499326, 61.719066001087661 ], [ 6.309534491667705, 61.719475800257719 ], [ 6.310866861482674, 61.719291392104488 ] ] ] ] } },
{ "type": "Feature", "properties": { "fid": 77401, "navn": "Ytste Blåvatnet", "hoyde_moh": 871, "arealInnsjo_km2": 0.0161, "magasinKategori": null, "fid_2": 186, "id": 186, "left": 5.986919847, "top": 61.946110046000001, "right": 6.486919847, "bottom": 61.446110046000001, "row_index": 25, "col_index": 4, "tile_id": 186 }, "geometry": { "type": "MultiPolygon", "coordinates": [ [ [ [ 6.122532206001958, 61.65281471822081 ], [ 6.123450823591273, 61.652609707529329 ], [ 6.124321547518871, 61.652006190640485 ], [ 6.12319837019994, 61.65143049907833 ], [ 6.122722349387472, 61.651423240382414 ], [ 6.121603263996598, 61.652051629345237 ], [ 6.121393585181365, 61.652617830271367 ], [ 6.121143905750369, 61.652746551684196 ], [ 6.122532206001958, 61.65281471822081 ] ] ] ] } },
{ "type": "Feature", "properties": { "fid": 77402, "navn": null, "hoyde_moh": 897, "arealInnsjo_km2": 0.0428, "magasinKategori": null, "fid_2": 186, "id": 186, "left": 5.986919847, "top": 61.946110046000001, "right": 6.486919847, "bottom": 61.446110046000001, "row_index": 25, "col_index": 4, "tile_id": 186 }, "geometry": { "type": "MultiPolygon", "coordinates": [ [ [ [ 6.195633567581481, 61.684286449263965 ], [ 6.19569419459663, 61.684053358966523 ], [ 6.196105133248518, 61.683760821388205 ], [ 6.194542052226582, 61.683681706098184 ], [ 6.195833394050255, 61.683449094310056 ], [ 6.197773908245846, 61.682513126645802 ], [ 6.197462058148445, 61.682312660257708 ], [ 6.197648834101486, 61.682156233505481 ], [ 6.197310811706282, 61.682162986044332 ], [ 6.197359960619918, 61.68201490500951 ], [ 6.194377493083223, 61.681848366419409 ], [ 6.193292203313028, 61.681953078161946 ], [ 6.193396663748567, 61.682237166105722 ], [ 6.193901082538303, 61.682414065740964 ], [ 6.19327114807121, 61.682701533508961 ], [ 6.19312397892635, 61.683662661080319 ], [ 6.193603400973264, 61.684089688273055 ], [ 6.194867126877223, 61.684231017584196 ], [ 6.195164989339207, 61.684463656027781 ], [ 6.195633567581481, 61.684286449263965 ] ] ] ] } },
{ "type": "Feature", "properties": { "fid": 77417, "navn": null, "hoyde_moh": 1004, "arealInnsjo_km2": 0.0126, "magasinKategori": null, "fid_2": 186, "id": 186, "left": 5.986919847, "top": 61.946110046000001, "right": 6.486919847, "bottom": 61.446110046000001, "row_index": 25, "col_index": 4, "tile_id": 186 }, "geometry": { "type": "MultiPolygon", "coordinates": [ [ [ [ 6.095463535940988, 61.57236296297355 ], [ 6.096003345435911, 61.571959663635113 ], [ 6.095250705751331, 61.571584968967223 ], [ 6.093771534396495, 61.571900248252028 ], [ 6.092987791648863, 61.572232564065438 ], [ 6.091574349004228, 61.5722645728289 ], [ 6.09465083518444, 61.572663020508607 ], [ 6.095463535940988, 61.57236296297355 ] ] ] ] } },
{ "type": "Feature", "properties": { "fid": 77441, "navn": null, "hoyde_moh": 757, "arealInnsjo_km2": 0.0221, "magasinKategori": null, "fid_2": 186, "id": 186, "left": 5.986919847, "top": 61.946110046000001, "right": 6.486919847, "bottom": 61.446110046000001, "row_index": 25, "col_index": 4, "tile_id": 186 }, "geometry": { "type": "MultiPolygon", "coordinates": [ [ [ [ 6.15320403513959, 61.563720163386584 ], [ 6.152588141210698, 61.563666315619699 ], [ 6.152136188264998, 61.563313938407681 ], [ 6.153100770780425, 61.563113400519839 ], [ 6.152970697708893, 61.562183459796628 ], [ 6.152280991562053, 61.562083223068626 ], [ 6.152391724815635, 61.561694744065761 ], [ 6.152241520826309, 61.561243686499019 ], [ 6.151760350262494, 61.560839427083494 ], [ 6.151560113223782, 61.560839998949767 ], [ 6.151114403176867, 61.561263446161028 ], [ 6.15105664516441, 61.561554445851009 ], [ 6.15073588232821, 61.561696340056244 ], [ 6.150798161721728, 61.562027889712425 ], [ 6.151105693367744, 61.562127490447651 ], [ 6.151558270416555, 61.56268883705448 ], [ 6.15114899624998, 61.563059180373351 ], [ 6.151682780238752, 61.563720530395507 ], [ 6.152785783071391, 61.563876212503068 ], [ 6.15320403513959, 61.563720163386584 ] ], [ [ 6.152067743167902, 61.56278002187635 ], [ 6.151621429585789, 61.5624833136701 ], [ 6.152379111298752, 61.562836584851581 ], [ 6.152315502972724, 61.563054910902125 ], [ 6.152116530932653, 61.562997552539997 ], [ 6.152067743167902, 61.56278002187635 ] ] ] ] } },
{ "type": "Feature", "properties": { "fid": 77505, "navn": null, "hoyde_moh": 1047, "arealInnsjo_km2": 0.0065, "magasinKategori": null, "fid_2": 186, "id": 186, "left": 5.986919847, "top": 61.946110046000001, "right": 6.486919847, "bottom": 61.446110046000001, "row_index": 25, "col_index": 4, "tile_id": 186 }, "geometry": { "type": "MultiPolygon", "coordinates": [ [ [ [ 6.1706866245107, 61.586570856233102 ], [ 6.170879817447008, 61.586012702884432 ], [ 6.1710866169125, 61.585945472891176 ], [ 6.171102906710858, 61.58564589647365 ], [ 6.170825871568905, 61.585637347601278 ], [ 6.170675569934136, 61.585924855392335 ], [ 6.170185925289515, 61.585972041812425 ], [ 6.169133108973393, 61.586757959216769 ], [ 6.16963546796786, 61.586860250983293 ], [ 6.1706866245107, 61.586570856233102 ] ] ] ] } },
{ "type": "Feature", "properties": { "fid": 77541, "navn": null, "hoyde_moh": 853, "arealInnsjo_km2": 0.0038, "magasinKategori": null, "fid_2": 186, "id": 186, "left": 5.986919847, "top": 61.946110046000001, "right": 6.486919847, "bottom": 61.446110046000001, "row_index": 25, "col_index": 4, "tile_id": 186 }, "geometry": { "type": "MultiPolygon", "coordinates": [ [ [ [ 6.101090351337905, 61.615196260466867 ], [ 6.101121814733116, 61.615098010131518 ], [ 6.100711228046272, 61.61500230687129 ], [ 6.100836823032642, 61.614847692516548 ], [ 6.100173639345159, 61.614681015085978 ], [ 6.099530177285948, 61.61496505318474 ], [ 6.099557633140527, 61.615217820325519 ], [ 6.100237328556533, 61.6153353360613 ], [ 6.101090351337905, 61.615196260466867 ] ] ] ] } },
{ "type": "Feature", "properties": { "fid": 77578, "navn": null, "hoyde_moh": 1068, "arealInnsjo_km2": 0.0029, "magasinKategori": null, "fid_2": 186, "id": 186, "left": 5.986919847, "top": 61.946110046000001, "right": 6.486919847, "bottom": 61.446110046000001, "row_index": 25, "col_index": 4, "tile_id": 186 }, "geometry": { "type": "MultiPolygon", "coordinates": [ [ [ [ 6.201048829927889, 61.678284323827462 ], [ 6.200939961287465, 61.678111554304387 ], [ 6.201086564190391, 61.678016137623871 ], [ 6.201918719202101, 61.677851159382662 ], [ 6.201240663534554, 61.677665125010655 ], [ 6.201208857226561, 61.677826437238316 ], [ 6.200906359626263, 61.677931639913993 ], [ 6.201002472890644, 61.678026867712248 ], [ 6.200573073286093, 61.67800692714971 ], [ 6.200368598183535, 61.678234498306274 ], [ 6.199933535403753, 61.678115605832645 ], [ 6.19999845356238, 61.678331524068092 ], [ 6.200391406274724, 61.678438111427042 ], [ 6.201048829927889, 61.678284323827462 ] ] ] ] } },
{ "type": "Feature", "properties": { "fid": 77582, "navn": null, "hoyde_moh": 952, "arealInnsjo_km2": 0.0049, "magasinKategori": null, "fid_2": 186, "id": 186, "left": 5.986919847, "top": 61.946110046000001, "right": 6.486919847, "bottom": 61.446110046000001, "row_index": 25, "col_index": 4, "tile_id": 186 }, "geometry": { "type": "MultiPolygon", "coordinates": [ [ [ [ 6.206007542480777, 61.680432439605475 ], [ 6.206856025960393, 61.67970563573779 ], [ 6.206495314388293, 61.67961118483943 ], [ 6.205884725462724, 61.679736945665056 ], [ 6.205833660475648, 61.680000021978096 ], [ 6.205316586450302, 61.680238727262825 ], [ 6.205017382407354, 61.680607732437508 ], [ 6.205392491952995, 61.680717666544481 ], [ 6.206007542480777, 61.680432439605475 ] ] ] ] } },
{ "type": "Feature", "properties": { "fid": 77585, "navn": null, "hoyde_moh": 890, "arealInnsjo_km2": 0.0159, "magasinKategori": null, "fid_2": 186, "id": 186, "left": 5.986919847, "top": 61.946110046000001, "right": 6.486919847, "bottom": 61.446110046000001, "row_index": 25, "col_index": 4, "tile_id": 186 }, "geometry": { "type": "MultiPolygon", "coordinates": [ [ [ [ 6.171330679798963, 61.63459691050965 ], [ 6.169765875017915, 61.634034736254002 ], [ 6.168631479664629, 61.633799646264173 ], [ 6.167047508368268, 61.633691715546085 ], [ 6.166626753220607, 61.634027783617967 ], [ 6.166942187996377, 61.634445458485047 ], [ 6.167305066534352, 61.63455003473738 ], [ 6.16816993841744, 61.634532835750001 ], [ 6.168908158337701, 61.634327839514057 ], [ 6.168823269398689, 61.634529431691384 ], [ 6.17130055208156, 61.634757334712795 ], [ 6.171330679798963, 61.63459691050965 ] ] ] ] } },
{ "type": "Feature", "properties": { "fid": 77638, "navn": null, "hoyde_moh": 685, "arealInnsjo_km2": 0.0024, "magasinKategori": null, "fid_2": 186, "id": 186, "left": 5.986919847, "top": 61.946110046000001, "right": 6.486919847, "bottom": 61.446110046000001, "row_index": 25, "col_index": 4, "tile_id": 186 }, "geometry": { "type": "MultiPolygon", "coordinates": [ [ [ [ 6.090388356587326, 61.584563296130185 ], [ 6.090330540025696, 61.584297774331347 ], [ 6.09046093015623, 61.584189218239977 ], [ 6.089767115600923, 61.584371998804613 ], [ 6.089805725237706, 61.584601645659518 ], [ 6.089534413161926, 61.58492000653311 ], [ 6.089772542071974, 61.585053864822093 ], [ 6.090388356587326, 61.584563296130185 ] ] ] ] } },
{ "type": "Feature", "properties": { "fid": 77639, "navn": null, "hoyde_moh": 837, "arealInnsjo_km2": 0.0034, "magasinKategori": null, "fid_2": 186, "id": 186, "left": 5.986919847, "top": 61.946110046000001, "right": 6.486919847, "bottom": 61.446110046000001, "row_index": 25, "col_index": 4, "tile_id": 186 }, "geometry": { "type": "MultiPolygon", "coordinates": [ [ [ [ 6.184489490047939, 61.591191049772853 ], [ 6.184586242935163, 61.590920652919884 ], [ 6.184304127759162, 61.590829665608204 ], [ 6.183053312722273, 61.59103615793866 ], [ 6.183260893138319, 61.591332482912229 ], [ 6.183683277878315, 61.591428343411344 ], [ 6.184489490047939, 61.591191049772853 ] ] ] ] } },
{ "type": "Feature", "properties": { "fid": 77655, "navn": null, "hoyde_moh": 1088, "arealInnsjo_km2": 0.014, "magasinKategori": null, "fid_2": 186, "id": 186, "left": 5.986919847, "top": 61.946110046000001, "right": 6.486919847, "bottom": 61.446110046000001, "row_index": 25, "col_index": 4, "tile_id": 186 }, "geometry": { "type": "MultiPolygon", "coordinates": [ [ [ [ 6.028640774610398, 61.781366327563795 ], [ 6.028686225581154, 61.781090751946074 ], [ 6.028973914795031, 61.780855357204466 ], [ 6.027405822102588, 61.780351008092538 ], [ 6.026323537912291, 61.780426664115048 ], [ 6.025712464173452, 61.780688829408014 ], [ 6.026833272565882, 61.781281772573081 ], [ 6.028187023884347, 61.781463970485277 ], [ 6.028640774610398, 61.781366327563795 ] ] ] ] } },
{ "type": "Feature", "properties": { "fid": 77760, "navn": "Traudalsvatnet", "hoyde_moh": 334, "arealInnsjo_km2": 0.6224, "magasinKategori": null, "fid_2": 186, "id": 186, "left": 5.986919847, "top": 61.946110046000001, "right": 6.486919847, "bottom": 61.446110046000001, "row_index": 25, "col_index": 4, "tile_id": 186 }, "geometry": { "type": "MultiPolygon", "coordinates": [ [ [ [ 6.085778934807792, 61.757189504717147 ], [ 6.086277618564409, 61.756870953353904 ], [ 6.085737508149827, 61.756343297488392 ], [ 6.085988769075608, 61.755098171203983 ], [ 6.084183941412532, 61.753954267606069 ], [ 6.083885377358552, 61.753566330498145 ], [ 6.083143980415239, 61.753458565271266 ], [ 6.082188734836313, 61.752974549652215 ], [ 6.080255500586851, 61.7528241022288 ], [ 6.077577639086022, 61.751745882566638 ], [ 6.076342133521816, 61.751865342968479 ], [ 6.076641463437695, 61.752261395725512 ], [ 6.076518267111592, 61.752380391337759 ], [ 6.074210819376003, 61.752762236044809 ], [ 6.074020104340031, 61.752648052434729 ], [ 6.074012542626387, 61.752392416133262 ], [ 6.074625907178412, 61.752400374468252 ], [ 6.074674737402425, 61.752277497761781 ], [ 6.073377296735145, 61.751659262875883 ], [ 6.073523897585181, 61.751149197387448 ], [ 6.072825562368646, 61.75012413439844 ], [ 6.072462165481405, 61.749856996293531 ], [ 6.067934107743398, 61.749173790856702 ], [ 6.065907661564637, 61.748712877463646 ], [ 6.06686563962442, 61.74839453933032 ], [ 6.066920963035945, 61.748166617019947 ], [ 6.066515833861216, 61.747892472370189 ], [ 6.066511296109033, 61.747680865764387 ], [ 6.065957168726298, 61.747140167849182 ], [ 6.065377124736229, 61.74690623311038 ], [ 6.065101816926575, 61.746504945324226 ], [ 6.063673874446645, 61.745408231593956 ], [ 6.063702575667476, 61.744985689701089 ], [ 6.063215460002342, 61.744602210381423 ], [ 6.061881755217968, 61.744301677584339 ], [ 6.061414999223007, 61.744352903348499 ], [ 6.06095136573748, 61.744653060760584 ], [ 6.060506579887268, 61.744544939334794 ], [ 6.060505449370332, 61.744670132992624 ], [ 6.059880662163691, 61.744755891464735 ], [ 6.060032437601139, 61.744896011349248 ], [ 6.05970197150979, 61.745300085328729 ], [ 6.059004231078325, 61.745551235194519 ], [ 6.058708404054139, 61.745495012840827 ], [ 6.058526273565241, 61.745767204146681 ], [ 6.058228837862468, 61.74570735023255 ], [ 6.058248951059161, 61.745907872093056 ], [ 6.057688975066793, 61.746015053071581 ], [ 6.057767723563183, 61.746351475319535 ], [ 6.058673881371146, 61.747124124887179 ], [ 6.060004922497817, 61.747810437070342 ], [ 6.063120775229036, 61.748021596325927 ], [ 6.063102979878666, 61.748166663536949 ], [ 6.063730955406881, 61.748500191148089 ], [ 6.063640563583869, 61.748644468103258 ], [ 6.063144356366101, 61.748608359269788 ], [ 6.062980080928976, 61.74890694443723 ], [ 6.063259992265031, 61.749018417583734 ], [ 6.062611444546159, 61.749126492749639 ], [ 6.062107630437494, 61.749597188111473 ], [ 6.061444167638367, 61.749717745694483 ], [ 6.061161630812947, 61.749950537958085 ], [ 6.061014015885702, 61.750245516535685 ], [ 6.061407969129419, 61.750439770927414 ], [ 6.061381240089659, 61.750695600943274 ], [ 6.061643829347885, 61.750930303351993 ], [ 6.062311204973106, 61.751191136218132 ], [ 6.064570897432122, 61.751342313290309 ], [ 6.065718339965584, 61.751942118454501 ], [ 6.067807885383457, 61.752557196964027 ], [ 6.068290591768513, 61.75290348739253 ], [ 6.069259482846286, 61.753061964213018 ], [ 6.06936579102637, 61.753318207204273 ], [ 6.070471165925745, 61.75358920480479 ], [ 6.070872884482276, 61.75388452898838 ], [ 6.072037391637825, 61.754214342162619 ], [ 6.072727022539573, 61.754224417761556 ], [ 6.073045698191557, 61.754540407176648 ], [ 6.073563931882639, 61.754735902278057 ], [ 6.074974163004523, 61.754570979271236 ], [ 6.07503585825803, 61.754784252193673 ], [ 6.074309808913003, 61.7551993846889 ], [ 6.076914038605333, 61.756096685639456 ], [ 6.079331126761412, 61.756692725449753 ], [ 6.085778934807792, 61.757189504717147 ] ], [ [ 6.073962592764202, 61.753069785977118 ], [ 6.073931735365874, 61.752914208087915 ], [ 6.073481060852693, 61.75270488736971 ], [ 6.074399705396459, 61.752851987396369 ], [ 6.073962592764202, 61.753069785977118 ] ], [ [ 6.073817702761166, 61.753161147151651 ], [ 6.072040797481037, 61.753224368122638 ], [ 6.072173793264109, 61.75307384327904 ], [ 6.073250272922746, 61.752842943928954 ], [ 6.073817702761166, 61.753161147151651 ] ], [ [ 6.075208858742839, 61.753598344591005 ], [ 6.075404036491095, 61.753320302699507 ], [ 6.075018591052233, 61.753267011266075 ], [ 6.074844807044114, 61.753024245339567 ], [ 6.075160595576424, 61.75299867838082 ], [ 6.076062191186955, 61.753328388754561 ], [ 6.076042679394833, 61.75362066016551 ], [ 6.075830525812225, 61.753762834783167 ], [ 6.075208858742839, 61.753598344591005 ] ] ] ] } },
{ "type": "Feature", "properties": { "fid": 77861, "navn": "Langelvfjellvatna", "hoyde_moh": 936, "arealInnsjo_km2": 0.0242, "magasinKategori": null, "fid_2": 186, "id": 186, "left": 5.986919847, "top": 61.946110046000001, "right": 6.486919847, "bottom": 61.446110046000001, "row_index": 25, "col_index": 4, "tile_id": 186 }, "geometry": { "type": "MultiPolygon", "coordinates": [ [ [ [ 6.161306986904605, 61.691483915992194 ], [ 6.164183045236277, 61.691549437349202 ], [ 6.164273501377367, 61.691172799271314 ], [ 6.164922693872498, 61.6909238370041 ], [ 6.164612712430968, 61.690667112440011 ], [ 6.163011202955821, 61.690236878591712 ], [ 6.16284878058478, 61.690520550409744 ], [ 6.162541599707651, 61.690411298508401 ], [ 6.162105816086837, 61.690498724747194 ], [ 6.16174829689353, 61.690756879179474 ], [ 6.161955277714774, 61.690914741393954 ], [ 6.161002850765185, 61.691238677097282 ], [ 6.159795995561122, 61.69117131255328 ], [ 6.159079318797112, 61.691615211571353 ], [ 6.159709847891839, 61.691730137636199 ], [ 6.161306986904605, 61.691483915992194 ] ] ] ] } },
{ "type": "Feature", "properties": { "fid": 77870, "navn": "Skartjønna", "hoyde_moh": 657, "arealInnsjo_km2": 0.0114, "magasinKategori": null, "fid_2": 186, "id": 186, "left": 5.986919847, "top": 61.946110046000001, "right": 6.486919847, "bottom": 61.446110046000001, "row_index": 25, "col_index": 4, "tile_id": 186 }, "geometry": { "type": "MultiPolygon", "coordinates": [ [ [ [ 6.064733548176406, 61.687049183858505 ], [ 6.065190892834579, 61.686600153379715 ], [ 6.065227826721712, 61.686366963204257 ], [ 6.06448294271604, 61.686385229330227 ], [ 6.064162424603875, 61.686282451149665 ], [ 6.064180756584591, 61.686115731837745 ], [ 6.063337002158929, 61.686093959351304 ], [ 6.062602932975769, 61.686418499229625 ], [ 6.062617002328778, 61.686775610213282 ], [ 6.063737673387879, 61.687213717111931 ], [ 6.064733548176406, 61.687049183858505 ] ], [ [ 6.063849580110479, 61.686742245872864 ], [ 6.064192923044564, 61.686752350216729 ], [ 6.06417184155729, 61.686874964430608 ], [ 6.063804497097307, 61.686857768691056 ], [ 6.063849580110479, 61.686742245872864 ] ] ] ] } },
{ "type": "Feature", "properties": { "fid": 78179, "navn": "Kyrkjesteinvatnet", "hoyde_moh": 750, "arealInnsjo_km2": 0.037, "magasinKategori": null, "fid_2": 186, "id": 186, "left": 5.986919847, "top": 61.946110046000001, "right": 6.486919847, "bottom": 61.446110046000001, "row_index": 25, "col_index": 4, "tile_id": 186 }, "geometry": { "type": "MultiPolygon", "coordinates": [ [ [ [ 6.204747831983471, 61.881268197444285 ], [ 6.207829392140599, 61.881413063530083 ], [ 6.208540882398839, 61.881006697085006 ], [ 6.20965719521437, 61.880589250093713 ], [ 6.210182680524998, 61.880556841718125 ], [ 6.210543588438334, 61.880317479748605 ], [ 6.209966917150577, 61.880134151558394 ], [ 6.209133157246357, 61.880120416733817 ], [ 6.208276514428499, 61.880374665697175 ], [ 6.207269788824336, 61.880448007642435 ], [ 6.204833648376149, 61.880164152525957 ], [ 6.204155866280248, 61.880381643834539 ], [ 6.204335382304595, 61.880514927207983 ], [ 6.203578054556103, 61.880554607387758 ], [ 6.203084436110827, 61.880824350592597 ], [ 6.203747405712153, 61.88128517254971 ], [ 6.204268548546907, 61.881377117679889 ], [ 6.204747831983471, 61.881268197444285 ] ] ] ] } },
{ "type": "Feature", "properties": { "fid": 81149, "navn": "Blåsevatnet", "hoyde_moh": 867, "arealInnsjo_km2": 0.0317, "magasinKategori": null, "fid_2": 186, "id": 186, "left": 5.986919847, "top": 61.946110046000001, "right": 6.486919847, "bottom": 61.446110046000001, "row_index": 25, "col_index": 4, "tile_id": 186 }, "geometry": { "type": "MultiPolygon", "coordinates": [ [ [ [ 6.015120049312813, 61.689217126317281 ], [ 6.017953537111894, 61.688564484184525 ], [ 6.019170345916556, 61.688587601931651 ], [ 6.019715896642194, 61.688252441971571 ], [ 6.019346244046334, 61.688109246474028 ], [ 6.016506359818484, 61.688166390264804 ], [ 6.015316357658732, 61.687977173091632 ], [ 6.014628290181828, 61.688336155986335 ], [ 6.013248695574899, 61.688334770528868 ], [ 6.013023712403841, 61.688631634398348 ], [ 6.012013843592415, 61.688950252173179 ], [ 6.012185534351043, 61.689108486071639 ], [ 6.013864577588469, 61.689343988726158 ], [ 6.015120049312813, 61.689217126317281 ] ] ] ] } },
{ "type": "Feature", "properties": { "fid": 81150, "navn": "Raudeholtvatnet", "hoyde_moh": 967, "arealInnsjo_km2": 0.0594, "magasinKategori": null, "fid_2": 186, "id": 186, "left": 5.986919847, "top": 61.946110046000001, "right": 6.486919847, "bottom": 61.446110046000001, "row_index": 25, "col_index": 4, "tile_id": 186 }, "geometry": { "type": "MultiPolygon", "coordinates": [ [ [ [ 6.060681231230586, 61.719596714430523 ], [ 6.060732713731645, 61.71944907274866 ], [ 6.060265086385842, 61.718981345082604 ], [ 6.060096313443823, 61.718424894991884 ], [ 6.06092769894117, 61.718060812769814 ], [ 6.061022641886181, 61.717740780452765 ], [ 6.059726445714506, 61.717255098055347 ], [ 6.058270076023157, 61.717138739657095 ], [ 6.057538567464309, 61.717450354830028 ], [ 6.0574304388153, 61.717734541919924 ], [ 6.056065676810639, 61.718154178680479 ], [ 6.056233612156228, 61.718472608999292 ], [ 6.057635166517385, 61.718563600540207 ], [ 6.056280361074036, 61.719160319552941 ], [ 6.055268305926269, 61.719235566792939 ], [ 6.054721961485873, 61.719701337950298 ], [ 6.060681231230586, 61.719596714430523 ] ] ] ] } },
{ "type": "Feature", "properties": { "fid": 81151, "navn": "Styggvatna", "hoyde_moh": 834, "arealInnsjo_km2": 0.2444, "magasinKategori": null, "fid_2": 186, "id": 186, "left": 5.986919847, "top": 61.946110046000001, "right": 6.486919847, "bottom": 61.446110046000001, "row_index": 25, "col_index": 4, "tile_id": 186 }, "geometry": { "type": "MultiPolygon", "coordinates": [ [ [ [ 6.020866857086847, 61.713201074524733 ], [ 6.022127181146771, 61.712527498716149 ], [ 6.022837532046228, 61.71187319000326 ], [ 6.022817582264466, 61.711535819440947 ], [ 6.022365779360193, 61.711192440409611 ], [ 6.022358612271732, 61.710157865898836 ], [ 6.022164799609135, 61.709898496165223 ], [ 6.022263829850031, 61.70968341001722 ], [ 6.022145852035024, 61.709279007655532 ], [ 6.021691049385093, 61.708707564363962 ], [ 6.020679183977641, 61.708593195371662 ], [ 6.018265611940117, 61.708743338016227 ], [ 6.017918243406982, 61.708931169442536 ], [ 6.01765566402697, 61.709432457460636 ], [ 6.017052726466488, 61.709584601855887 ], [ 6.016998114639045, 61.710020813255852 ], [ 6.016615900531289, 61.71015726035283 ], [ 6.016679238384178, 61.710367887770239 ], [ 6.017168310103808, 61.710383299340464 ], [ 6.016982518728648, 61.710498649466807 ], [ 6.017180930944195, 61.71071557970798 ], [ 6.01635691263933, 61.710849409718826 ], [ 6.015702533622416, 61.710919062582789 ], [ 6.015185425660327, 61.710786912021121 ], [ 6.015160876250934, 61.71060053954357 ], [ 6.015787213819277, 61.709494201890593 ], [ 6.015569925081998, 61.709442965242978 ], [ 6.014437166387501, 61.710226234874007 ], [ 6.013679294899755, 61.710538324347233 ], [ 6.013371601130324, 61.711318994778509 ], [ 6.012628369084934, 61.711747200819687 ], [ 6.012026178946874, 61.712472158323209 ], [ 6.012263515481133, 61.712844514423793 ], [ 6.011983155412461, 61.713440975098884 ], [ 6.013405241538671, 61.71411986645424 ], [ 6.017634862466952, 61.714221644624494 ], [ 6.020866857086847, 61.713201074524733 ] ] ] ] } },
{ "type": "Feature", "properties": { "fid": 81194, "navn": null, "hoyde_moh": 908, "arealInnsjo_km2": 0.0496, "magasinKategori": null, "fid_2": 186, "id": 186, "left": 5.986919847, "top": 61.946110046000001, "right": 6.486919847, "bottom": 61.446110046000001, "row_index": 25, "col_index": 4, "tile_id": 186 }, "geometry": { "type": "MultiPolygon", "coordinates": [ [ [ [ 6.184678519855185, 61.68538887481936 ], [ 6.185904811708358, 61.685065474189059 ], [ 6.186043770306371, 61.684797704719713 ], [ 6.185626739536985, 61.68464966575732 ], [ 6.185698115185041, 61.684464171575478 ], [ 6.185471886287016, 61.684216816955448 ], [ 6.186615147453871, 61.683937907892528 ], [ 6.186695914026453, 61.683554857736986 ], [ 6.184951486033127, 61.683038534030672 ], [ 6.184769207993791, 61.683423946197934 ], [ 6.183905623251457, 61.683281727177942 ], [ 6.183696667933448, 61.683394590840273 ], [ 6.183781610397124, 61.683525253153384 ], [ 6.183522261306305, 61.683610269167431 ], [ 6.183257603975902, 61.683611174025827 ], [ 6.183170964527683, 61.683440099358947 ], [ 6.182459113470221, 61.683454914963164 ], [ 6.181233837827896, 61.683835729561295 ], [ 6.181753022648876, 61.684986031878061 ], [ 6.182137111669215, 61.685053420838614 ], [ 6.182654762360611, 61.684905011311692 ], [ 6.182909723454491, 61.685045076867915 ], [ 6.182914426677529, 61.685257011999141 ], [ 6.183977569502249, 61.685345761969195 ], [ 6.183007597954408, 61.685360376765047 ], [ 6.183290550151808, 61.685524847810591 ], [ 6.183794706884746, 61.685629207001284 ], [ 6.183772802048267, 61.685480404417596 ], [ 6.183902636809791, 61.685474096561357 ], [ 6.184105813259911, 61.68565471691511 ], [ 6.184678519855185, 61.68538887481936 ] ], [ [ 6.185092796120202, 61.683343726835318 ], [ 6.185419806136322, 61.683390597760955 ], [ 6.185187765669689, 61.683563955117386 ], [ 6.185041429650105, 61.683544976434099 ], [ 6.185092796120202, 61.683343726835318 ] ], [ [ 6.183879390586082, 61.684325342455217 ], [ 6.183866526749339, 61.684266856596146 ], [ 6.184191773867227, 61.684255693245134 ], [ 6.18412054630542, 61.684430714548725 ], [ 6.183879390586082, 61.684325342455217 ] ], [ [ 6.18414614502405, 61.684674547141519 ], [ 6.184141827116036, 61.684547939918559 ], [ 6.184325340093269, 61.684511046682928 ], [ 6.184327927548829, 61.684709199290985 ], [ 6.18414614502405, 61.684674547141519 ] ] ] ] } },
{ "type": "Feature", "properties": { "fid": 81240, "navn": "Klebersdalsvatnet", "hoyde_moh": 660, "arealInnsjo_km2": 0.1044, "magasinKategori": null, "fid_2": 186, "id": 186, "left": 5.986919847, "top": 61.946110046000001, "right": 6.486919847, "bottom": 61.446110046000001, "row_index": 25, "col_index": 4, "tile_id": 186 }, "geometry": { "type": "MultiPolygon", "coordinates": [ [ [ [ 6.425559203491434, 61.885951286005422 ], [ 6.425418410043693, 61.885758078563875 ], [ 6.425590319402696, 61.885559655662341 ], [ 6.426165538133565, 61.885610481153584 ], [ 6.426335748752325, 61.885310054845199 ], [ 6.426042920900555, 61.885140820416041 ], [ 6.426829401252196, 61.885490716824464 ], [ 6.42811362217035, 61.885586295635996 ], [ 6.428510100299345, 61.885575851440748 ], [ 6.429107818238077, 61.885264123969208 ], [ 6.429245684488264, 61.885319656088221 ], [ 6.429082551235564, 61.885457116220209 ], [ 6.429258987100152, 61.885693746800314 ], [ 6.429364559910707, 61.885365144018188 ], [ 6.428905791832586, 61.885174756455278 ], [ 6.428191653234454, 61.885514498720276 ], [ 6.426821963749387, 61.88537173270597 ], [ 6.426306010088082, 61.885008010494175 ], [ 6.426582231993656, 61.884835374306746 ], [ 6.426442184252357, 61.884686387858274 ], [ 6.426967471180323, 61.884486383000358 ], [ 6.426960438371484, 61.884257940315059 ], [ 6.426430902710224, 61.884119108705079 ], [ 6.426311144727053, 61.883818641512242 ], [ 6.425643928880909, 61.883778571988216 ], [ 6.424802845489554, 61.883487478570281 ], [ 6.421118122059972, 61.883330475838029 ], [ 6.419363190039462, 61.882689089719413 ], [ 6.41922094130356, 61.88258539379045 ], [ 6.419246905825784, 61.882343302686351 ], [ 6.418989157896529, 61.882266407367638 ], [ 6.418485765955579, 61.882396844943777 ], [ 6.417898941376218, 61.882937126417588 ], [ 6.418102936940865, 61.883102155693486 ], [ 6.417969068742063, 61.883190674684386 ], [ 6.417996034329376, 61.883477825832323 ], [ 6.418282865206356, 61.883843903706776 ], [ 6.418271602898241, 61.884123413818848 ], [ 6.418580698215576, 61.884337953064154 ], [ 6.419966407410983, 61.884949743435705 ], [ 6.420673356499326, 61.8850519557719 ], [ 6.420849147131653, 61.884998045068343 ], [ 6.420593965050424, 61.884937755903358 ], [ 6.420852543970472, 61.884573236147659 ], [ 6.421438085480703, 61.884614523293791 ], [ 6.421935651348198, 61.884887771904161 ], [ 6.421929905502577, 61.885175666983791 ], [ 6.422480387118847, 61.885251061882315 ], [ 6.421983100576242, 61.885566811079322 ], [ 6.422510691331523, 61.885494607890408 ], [ 6.422382819408471, 61.885667789227107 ], [ 6.424539427627918, 61.886265505542262 ], [ 6.425559203491434, 61.885951286005422 ] ] ] ] } },
{ "type": "Feature", "properties": { "fid": 85389, "navn": null, "hoyde_moh": 1095, "arealInnsjo_km2": 0.009, "magasinKategori": null, "fid_2": 186, "id": 186, "left": 5.986919847, "top": 61.946110046000001, "right": 6.486919847, "bottom": 61.446110046000001, "row_index": 25, "col_index": 4, "tile_id": 186 }, "geometry": { "type": "MultiPolygon", "coordinates": [ [ [ [ 6.340365956113864, 61.624654607015614 ], [ 6.34013152785096, 61.624436930169509 ], [ 6.339020382553177, 61.624274627911468 ], [ 6.337585533210643, 61.624151107504666 ], [ 6.336550273390004, 61.62425787348765 ], [ 6.336941049139657, 61.624558529545716 ], [ 6.338668708497198, 61.624762529049264 ], [ 6.340365956113864, 61.624654607015614 ] ] ] ] } },
{ "type": "Feature", "properties": { "fid": 85643, "navn": null, "hoyde_moh": 1101, "arealInnsjo_km2": 0.0526, "magasinKategori": null, "fid_2": 186, "id": 186, "left": 5.986919847, "top": 61.946110046000001, "right": 6.486919847, "bottom": 61.446110046000001, "row_index": 25, "col_index": 4, "tile_id": 186 }, "geometry": { "type": "MultiPolygon", "coordinates": [ [ [ [ 6.336129750678028, 61.63318223406278 ], [ 6.337923171322709, 61.632863367096725 ], [ 6.338021309737278, 61.632634288513017 ], [ 6.337563588503198, 61.631869352632108 ], [ 6.336291973483812, 61.631198931616474 ], [ 6.334537041214492, 61.631176028106992 ], [ 6.333199943995673, 61.631778917178707 ], [ 6.333036313917522, 61.632382345680277 ], [ 6.333607748664653, 61.633473645767062 ], [ 6.3346535968589, 61.633353379552979 ], [ 6.335280125422827, 61.633610086889895 ], [ 6.336129750678028, 61.63318223406278 ] ] ] ] } },
{ "type": "Feature", "properties": { "fid": 85644, "navn": null, "hoyde_moh": 797, "arealInnsjo_km2": 0.0137, "magasinKategori": null, "fid_2": 186, "id": 186, "left": 5.986919847, "top": 61.946110046000001, "right": 6.486919847, "bottom": 61.446110046000001, "row_index": 25, "col_index": 4, "tile_id": 186 }, "geometry": { "type": "MultiPolygon", "coordinates": [ [ [ [ 6.251041772066314, 61.628515029490472 ], [ 6.251913116012425, 61.628247717110462 ], [ 6.252326498613535, 61.628274805661242 ], [ 6.25302955039139, 61.627940985840866 ], [ 6.252768815201702, 61.627939907788232 ], [ 6.252824670827467, 61.627802285766663 ], [ 6.25250149717423, 61.627682346097494 ], [ 6.252118957903788, 61.627677664858133 ], [ 6.248377959300071, 61.628086733559527 ], [ 6.248896743922373, 61.628365845472011 ], [ 6.251041772066314, 61.628515029490472 ] ] ] ] } },
{ "type": "Feature", "properties": { "fid": 85646, "navn": "Blådalsvatnet", "hoyde_moh": 851, "arealInnsjo_km2": 0.1813, "magasinKategori": null, "fid_2": 186, "id": 186, "left": 5.986919847, "top": 61.946110046000001, "right": 6.486919847, "bottom": 61.446110046000001, "row_index": 25, "col_index": 4, "tile_id": 186 }, "geometry": { "type": "MultiPolygon", "coordinates": [ [ [ [ 6.333690230721077, 61.659586727554625 ], [ 6.333998889720479, 61.658988473622834 ], [ 6.334545051395909, 61.658688588789765 ], [ 6.334594349014179, 61.658327293148233 ], [ 6.332986546904744, 61.656401730700708 ], [ 6.331645037386433, 61.655575251543141 ], [ 6.330847457142825, 61.654572695390797 ], [ 6.330164848955621, 61.654286477354368 ], [ 6.327971222647204, 61.654454724425804 ], [ 6.327198210506792, 61.654673879715176 ], [ 6.326644210456445, 61.655223574775441 ], [ 6.32650352378529, 61.656392034064389 ], [ 6.326065573040293, 61.656747943085854 ], [ 6.325971930524537, 61.657358104879251 ], [ 6.326520362139575, 61.65784437970251 ], [ 6.328697893246659, 61.65878805006232 ], [ 6.330548225655022, 61.659295860235751 ], [ 6.331090278925944, 61.659628032352245 ], [ 6.333231063072105, 61.659843554765878 ], [ 6.333690230721077, 61.659586727554625 ] ], [ [ 6.331354667643626, 61.659116125633901 ], [ 6.332116251847546, 61.659055577563016 ], [ 6.33278903606969, 61.659277372106231 ], [ 6.33261343369561, 61.659427612441569 ], [ 6.331354667643626, 61.659116125633901 ] ] ] ] } },
{ "type": "Feature", "properties": { "fid": 85744, "navn": null, "hoyde_moh": 908, "arealInnsjo_km2": 0.0056, "magasinKategori": null, "fid_2": 186, "id": 186, "left": 5.986919847, "top": 61.946110046000001, "right": 6.486919847, "bottom": 61.446110046000001, "row_index": 25, "col_index": 4, "tile_id": 186 }, "geometry": { "type": "MultiPolygon", "coordinates": [ [ [ [ 6.260509696003086, 61.661361248638151 ], [ 6.260124904526273, 61.661259516665382 ], [ 6.260659089976732, 61.660921808910707 ], [ 6.260513780852325, 61.660657759727094 ], [ 6.260041248521954, 61.66057053162438 ], [ 6.259481489460214, 61.660971374211982 ], [ 6.258752527622113, 61.660989800832702 ], [ 6.259166497717244, 61.661320830695637 ], [ 6.260091663576132, 61.66156059985768 ], [ 6.260509696003086, 61.661361248638151 ] ] ] ] } },
{ "type": "Feature", "properties": { "fid": 85745, "navn": null, "hoyde_moh": 1305, "arealInnsjo_km2": 0.0054, "magasinKategori": null, "fid_2": 186, "id": 186, "left": 5.986919847, "top": 61.946110046000001, "right": 6.486919847, "bottom": 61.446110046000001, "row_index": 25, "col_index": 4, "tile_id": 186 }, "geometry": { "type": "MultiPolygon", "coordinates": [ [ [ [ 6.231867738611164, 61.683417201629396 ], [ 6.233282612334817, 61.683345368726677 ], [ 6.231963940076065, 61.683081950886347 ], [ 6.230991724900385, 61.68308103789056 ], [ 6.23058254672998, 61.683228305119854 ], [ 6.230684410699322, 61.683467454315824 ], [ 6.231125586308315, 61.683611481564704 ], [ 6.231867738611164, 61.683417201629396 ] ] ] ] } },
{ "type": "Feature", "properties": { "fid": 85746, "navn": null, "hoyde_moh": 1283, "arealInnsjo_km2": 0.0161, "magasinKategori": null, "fid_2": 186, "id": 186, "left": 5.986919847, "top": 61.946110046000001, "right": 6.486919847, "bottom": 61.446110046000001, "row_index": 25, "col_index": 4, "tile_id": 186 }, "geometry": { "type": "MultiPolygon", "coordinates": [ [ [ [ 6.233229471526464, 61.686348540638413 ], [ 6.234734303676628, 61.686120118362616 ], [ 6.235194555626165, 61.68600585783166 ], [ 6.235223176822746, 61.68575524899596 ], [ 6.233997214026395, 61.685367359928847 ], [ 6.232896906497189, 61.685325223590887 ], [ 6.232036649902291, 61.685561227757987 ], [ 6.23206234724384, 61.685959097531409 ], [ 6.231310577497619, 61.686278627468482 ], [ 6.233229471526464, 61.686348540638413 ] ] ] ] } },
{ "type": "Feature", "properties": { "fid": 91685, "navn": null, "hoyde_moh": 1383, "arealInnsjo_km2": 0.0027, "magasinKategori": null, "fid_2": 186, "id": 186, "left": 5.986919847, "top": 61.946110046000001, "right": 6.486919847, "bottom": 61.446110046000001, "row_index": 25, "col_index": 4, "tile_id": 186 }, "geometry": { "type": "MultiPolygon", "coordinates": [ [ [ [ 6.264359558046436, 61.449703220791946 ], [ 6.264075674726281, 61.449517826330897 ], [ 6.263052371644338, 61.449631951065413 ], [ 6.263041949485603, 61.449748549296181 ], [ 6.264296469842443, 61.449999912698921 ], [ 6.264359558046436, 61.449703220791946 ] ] ] ] } },
{ "type": "Feature", "properties": { "fid": 95009, "navn": null, "hoyde_moh": 1239, "arealInnsjo_km2": 0.0043, "magasinKategori": null, "fid_2": 186, "id": 186, "left": 5.986919847, "top": 61.946110046000001, "right": 6.486919847, "bottom": 61.446110046000001, "row_index": 25, "col_index": 4, "tile_id": 186 }, "geometry": { "type": "MultiPolygon", "coordinates": [ [ [ [ 6.417530120544491, 61.464847106518747 ], [ 6.417140925226763, 61.464561279324876 ], [ 6.416544082259675, 61.464738576020856 ], [ 6.416527595019927, 61.465160445376213 ], [ 6.41634573471442, 61.465318633784022 ], [ 6.41691402562317, 61.465482139720827 ], [ 6.417426832558325, 61.465186419535002 ], [ 6.417530120544491, 61.464847106518747 ] ] ] ] } },
{ "type": "Feature", "properties": { "fid": 98018, "navn": null, "hoyde_moh": 798, "arealInnsjo_km2": 0.003, "magasinKategori": null, "fid_2": 186, "id": 186, "left": 5.986919847, "top": 61.946110046000001, "right": 6.486919847, "bottom": 61.446110046000001, "row_index": 25, "col_index": 4, "tile_id": 186 }, "geometry": { "type": "MultiPolygon", "coordinates": [ [ [ [ 6.114349335123406, 61.673231117095689 ], [ 6.114424390173195, 61.672930567875405 ], [ 6.113530277788923, 61.672764908925167 ], [ 6.112859767782192, 61.673040608156469 ], [ 6.114349335123406, 61.673231117095689 ] ] ] ] } },
{ "type": "Feature", "properties": { "fid": 98019, "navn": null, "hoyde_moh": 478, "arealInnsjo_km2": 0.0026, "magasinKategori": null, "fid_2": 186, "id": 186, "left": 5.986919847, "top": 61.946110046000001, "right": 6.486919847, "bottom": 61.446110046000001, "row_index": 25, "col_index": 4, "tile_id": 186 }, "geometry": { "type": "MultiPolygon", "coordinates": [ [ [ [ 6.037807960480984, 61.673701390174976 ], [ 6.037714999126004, 61.673540431732079 ], [ 6.036623140354739, 61.673538983708411 ], [ 6.036797550581708, 61.673701069116809 ], [ 6.037248426320364, 61.673714999691413 ], [ 6.036499171787917, 61.673986062804403 ], [ 6.037092582799974, 61.67391576160994 ], [ 6.037466568883384, 61.674067242390635 ], [ 6.037807960480984, 61.673701390174976 ] ] ] ] } },
{ "type": "Feature", "properties": { "fid": 98020, "navn": null, "hoyde_moh": 1109, "arealInnsjo_km2": 0.0026, "magasinKategori": null, "fid_2": 186, "id": 186, "left": 5.986919847, "top": 61.946110046000001, "right": 6.486919847, "bottom": 61.446110046000001, "row_index": 25, "col_index": 4, "tile_id": 186 }, "geometry": { "type": "MultiPolygon", "coordinates": [ [ [ [ 6.008402890134768, 61.74626452649057 ], [ 6.007874654005161, 61.746113199254332 ], [ 6.008406935349535, 61.746058166399038 ], [ 6.006985854940751, 61.745908844595078 ], [ 6.006837490108532, 61.745973157332948 ], [ 6.007130048511676, 61.746004605001026 ], [ 6.006568090257375, 61.746054869392722 ], [ 6.007489848107871, 61.746270986049112 ], [ 6.008402890134768, 61.74626452649057 ] ] ] ] } },
{ "type": "Feature", "properties": { "fid": 98466, "navn": null, "hoyde_moh": 726, "arealInnsjo_km2": 0.0056, "magasinKategori": null, "fid_2": 186, "id": 186, "left": 5.986919847, "top": 61.946110046000001, "right": 6.486919847, "bottom": 61.446110046000001, "row_index": 25, "col_index": 4, "tile_id": 186 }, "geometry": { "type": "MultiPolygon", "coordinates": [ [ [ [ 6.429843275729229, 61.694378972421475 ], [ 6.430081543558891, 61.694398953846495 ], [ 6.430139637463454, 61.694577041238041 ], [ 6.430540569829029, 61.694591463205704 ], [ 6.430667053947111, 61.694526807190492 ], [ 6.430587226488576, 61.694303269888216 ], [ 6.430803591586294, 61.694170838687747 ], [ 6.429545712164399, 61.694080380178804 ], [ 6.428522655347547, 61.694212829205192 ], [ 6.428362988593729, 61.694423443141481 ], [ 6.429286329053593, 61.694588671693815 ], [ 6.429843275729229, 61.694378972421475 ] ] ] ] } },
{ "type": "Feature", "properties": { "fid": 98468, "navn": null, "hoyde_moh": 1260, "arealInnsjo_km2": 0.003, "magasinKategori": null, "fid_2": 186, "id": 186, "left": 5.986919847, "top": 61.946110046000001, "right": 6.486919847, "bottom": 61.446110046000001, "row_index": 25, "col_index": 4, "tile_id": 186 }, "geometry": { "type": "MultiPolygon", "coordinates": [ [ [ [ 6.476135331808151, 61.699792919603084 ], [ 6.476314435524016, 61.699678952873306 ], [ 6.47592880978432, 61.699268384755982 ], [ 6.475346117680984, 61.699289679307043 ], [ 6.475786038812712, 61.699427531427119 ], [ 6.475692863125662, 61.699602611730214 ], [ 6.474931451460015, 61.699459967956322 ], [ 6.475436567558268, 61.699824555285581 ], [ 6.476217400432936, 61.699920631278658 ], [ 6.476135331808151, 61.699792919603084 ] ] ] ] } },
{ "type": "Feature", "properties": { "fid": 98472, "navn": null, "hoyde_moh": 970, "arealInnsjo_km2": 0.0028, "magasinKategori": null, "fid_2": 186, "id": 186, "left": 5.986919847, "top": 61.946110046000001, "right": 6.486919847, "bottom": 61.446110046000001, "row_index": 25, "col_index": 4, "tile_id": 186 }, "geometry": { "type": "MultiPolygon", "coordinates": [ [ [ [ 6.150930940266922, 61.632849863930161 ], [ 6.151526469922342, 61.632636199677954 ], [ 6.150724143575905, 61.632511425805433 ], [ 6.149252888649679, 61.632776071284098 ], [ 6.150930940266922, 61.632849863930161 ] ] ] ] } },
{ "type": "Feature", "properties": { "fid": 98601, "navn": null, "hoyde_moh": 1294, "arealInnsjo_km2": 0.0047, "magasinKategori": null, "fid_2": 186, "id": 186, "left": 5.986919847, "top": 61.946110046000001, "right": 6.486919847, "bottom": 61.446110046000001, "row_index": 25, "col_index": 4, "tile_id": 186 }, "geometry": { "type": "MultiPolygon", "coordinates": [ [ [ [ 6.167975140086492, 61.644235757304507 ], [ 6.167382314679783, 61.644187889926194 ], [ 6.167283205102412, 61.644043637526245 ], [ 6.166005660084852, 61.644027038631272 ], [ 6.164257390509004, 61.643722981695277 ], [ 6.16479251936026, 61.643998533256976 ], [ 6.167630867282278, 61.644366080360598 ], [ 6.167620754944988, 61.64452681327019 ], [ 6.167801395693454, 61.644548051023321 ], [ 6.167975140086492, 61.644235757304507 ] ] ] ] } },
{ "type": "Feature", "properties": { "fid": 98604, "navn": null, "hoyde_moh": 946, "arealInnsjo_km2": 0.0032, "magasinKategori": null, "fid_2": 186, "id": 186, "left": 5.986919847, "top": 61.946110046000001, "right": 6.486919847, "bottom": 61.446110046000001, "row_index": 25, "col_index": 4, "tile_id": 186 }, "geometry": { "type": "MultiPolygon", "coordinates": [ [ [ [ 6.137695558935294, 61.66390249453697 ], [ 6.137854994593603, 61.663502350713081 ], [ 6.137610708090715, 61.66338384508947 ], [ 6.136959715301832, 61.663443398893826 ], [ 6.136852287296005, 61.664076201288239 ], [ 6.137695558935294, 61.66390249453697 ] ] ] ] } },
{ "type": "Feature", "properties": { "fid": 98605, "navn": null, "hoyde_moh": 789, "arealInnsjo_km2": 0.0025, "magasinKategori": null, "fid_2": 186, "id": 186, "left": 5.986919847, "top": 61.946110046000001, "right": 6.486919847, "bottom": 61.446110046000001, "row_index": 25, "col_index": 4, "tile_id": 186 }, "geometry": { "type": "MultiPolygon", "coordinates": [ [ [ [ 6.101708391212236, 61.66719772593148 ], [ 6.10223802041639, 61.667199340512205 ], [ 6.101690337075989, 61.666886199830287 ], [ 6.101980405442565, 61.666823502255689 ], [ 6.101323347827246, 61.666755157534986 ], [ 6.101486227443718, 61.666900303343354 ], [ 6.100661123546146, 61.667210187771786 ], [ 6.101101522996078, 61.667317572930152 ], [ 6.101708391212236, 61.66719772593148 ] ] ] ] } },
{ "type": "Feature", "properties": { "fid": 99625, "navn": null, "hoyde_moh": 645, "arealInnsjo_km2": 0.0028, "magasinKategori": null, "fid_2": 186, "id": 186, "left": 5.986919847, "top": 61.946110046000001, "right": 6.486919847, "bottom": 61.446110046000001, "row_index": 25, "col_index": 4, "tile_id": 186 }, "geometry": { "type": "MultiPolygon", "coordinates": [ [ [ [ 6.072504134389317, 61.609972819608345 ], [ 6.072673047560428, 61.609709913245148 ], [ 6.071519185112638, 61.609530584347695 ], [ 6.071530966300555, 61.609825446014298 ], [ 6.072504134389317, 61.609972819608345 ] ] ] ] } },
{ "type": "Feature", "properties": { "fid": 100042, "navn": null, "hoyde_moh": 318, "arealInnsjo_km2": 0.0031, "magasinKategori": null, "fid_2": 186, "id": 186, "left": 5.986919847, "top": 61.946110046000001, "right": 6.486919847, "bottom": 61.446110046000001, "row_index": 25, "col_index": 4, "tile_id": 186 }, "geometry": { "type": "MultiPolygon", "coordinates": [ [ [ [ 6.332599915608073, 61.578071079451981 ], [ 6.332730833717352, 61.577855581357383 ], [ 6.332142897488517, 61.577840953378114 ], [ 6.331766492117596, 61.578119990310448 ], [ 6.333965767332314, 61.578494338002557 ], [ 6.332599915608073, 61.578071079451981 ] ] ] ] } },
{ "type": "Feature", "properties": { "fid": 100043, "navn": null, "hoyde_moh": 805, "arealInnsjo_km2": 0.0025, "magasinKategori": null, "fid_2": 186, "id": 186, "left": 5.986919847, "top": 61.946110046000001, "right": 6.486919847, "bottom": 61.446110046000001, "row_index": 25, "col_index": 4, "tile_id": 186 }, "geometry": { "type": "MultiPolygon", "coordinates": [ [ [ [ 6.258627666755414, 61.623582396354365 ], [ 6.258853471484488, 61.623386327220935 ], [ 6.258010406007261, 61.623294450717175 ], [ 6.256529402784038, 61.623638447807572 ], [ 6.258627666755414, 61.623582396354365 ] ] ] ] } },
{ "type": "Feature", "properties": { "fid": 100050, "navn": null, "hoyde_moh": 588, "arealInnsjo_km2": 0.0053, "magasinKategori": null, "fid_2": 186, "id": 186, "left": 5.986919847, "top": 61.946110046000001, "right": 6.486919847, "bottom": 61.446110046000001, "row_index": 25, "col_index": 4, "tile_id": 186 }, "geometry": { "type": "MultiPolygon", "coordinates": [ [ [ [ 6.097129518421135, 61.52793352776601 ], [ 6.096925671611963, 61.527634911733898 ], [ 6.096152182181974, 61.527320980485143 ], [ 6.09570957125141, 61.526927586171034 ], [ 6.095352426262303, 61.52695380469644 ], [ 6.09534131281127, 61.527305976688005 ], [ 6.096204749177658, 61.527497680032006 ], [ 6.096015733453257, 61.52772383319251 ], [ 6.096223856806327, 61.527978721051973 ], [ 6.096954863119118, 61.528055433396815 ], [ 6.097129518421135, 61.52793352776601 ] ] ] ] } },
{ "type": "Feature", "properties": { "fid": 100053, "navn": null, "hoyde_moh": 574, "arealInnsjo_km2": 0.0125, "magasinKategori": null, "fid_2": 186, "id": 186, "left": 5.986919847, "top": 61.946110046000001, "right": 6.486919847, "bottom": 61.446110046000001, "row_index": 25, "col_index": 4, "tile_id": 186 }, "geometry": { "type": "MultiPolygon", "coordinates": [ [ [ [ 6.12061809979327, 61.603100066886867 ], [ 6.120739254868748, 61.60261177594564 ], [ 6.120629685289906, 61.602431274082626 ], [ 6.121300193564113, 61.60221751872848 ], [ 6.119201104196595, 61.602146981270501 ], [ 6.118247742098613, 61.602642597559175 ], [ 6.118274511841004, 61.602805570964648 ], [ 6.118981030985606, 61.603121945807075 ], [ 6.12061809979327, 61.603100066886867 ] ] ] ] } },
{ "type": "Feature", "properties": { "fid": 101455, "navn": null, "hoyde_moh": 897, "arealInnsjo_km2": 0.0034, "magasinKategori": null, "fid_2": 186, "id": 186, "left": 5.986919847, "top": 61.946110046000001, "right": 6.486919847, "bottom": 61.446110046000001, "row_index": 25, "col_index": 4, "tile_id": 186 }, "geometry": { "type": "MultiPolygon", "coordinates": [ [ [ [ 6.461238086271687, 61.888766519412911 ], [ 6.461747136842458, 61.888498890865307 ], [ 6.460249655228636, 61.888554889654102 ], [ 6.459533986142681, 61.888796139496144 ], [ 6.460259018891377, 61.88877045781129 ], [ 6.459927805946078, 61.888887959770102 ], [ 6.461238086271687, 61.888766519412911 ] ] ] ] } },
{ "type": "Feature", "properties": { "fid": 101475, "navn": null, "hoyde_moh": 874, "arealInnsjo_km2": 0.0067, "magasinKategori": null, "fid_2": 186, "id": 186, "left": 5.986919847, "top": 61.946110046000001, "right": 6.486919847, "bottom": 61.446110046000001, "row_index": 25, "col_index": 4, "tile_id": 186 }, "geometry": { "type": "MultiPolygon", "coordinates": [ [ [ [ 6.267552383711756, 61.882009918698955 ], [ 6.268005989917465, 61.881876826361264 ], [ 6.266853886963215, 61.881521610155069 ], [ 6.265729804980225, 61.881560316232083 ], [ 6.265806288793755, 61.881642642203971 ], [ 6.265089324236604, 61.881757527590203 ], [ 6.266308415294423, 61.881901365885113 ], [ 6.26505625248282, 61.88190738968629 ], [ 6.265569715423998, 61.882128621071232 ], [ 6.267552383711756, 61.882009918698955 ] ] ] ] } },
{ "type": "Feature", "properties": { "fid": 103010, "navn": null, "hoyde_moh": 1128, "arealInnsjo_km2": 0.0087, "magasinKategori": null, "fid_2": 186, "id": 186, "left": 5.986919847, "top": 61.946110046000001, "right": 6.486919847, "bottom": 61.446110046000001, "row_index": 25, "col_index": 4, "tile_id": 186 }, "geometry": { "type": "MultiPolygon", "coordinates": [ [ [ [ 6.022080594161392, 61.791697569287727 ], [ 6.024246436331788, 61.791110335245435 ], [ 6.023884785457233, 61.790998738682134 ], [ 6.021550510120176, 61.791090751203363 ], [ 6.021350836225774, 61.791222390185432 ], [ 6.021282875656462, 61.791821516622051 ], [ 6.021545339752029, 61.79200223663247 ], [ 6.022080594161392, 61.791697569287727 ] ] ] ] } },
{ "type": "Feature", "properties": { "fid": 103042, "navn": null, "hoyde_moh": 1066, "arealInnsjo_km2": 0.0077, "magasinKategori": null, "fid_2": 186, "id": 186, "left": 5.986919847, "top": 61.946110046000001, "right": 6.486919847, "bottom": 61.446110046000001, "row_index": 25, "col_index": 4, "tile_id": 186 }, "geometry": { "type": "MultiPolygon", "coordinates": [ [ [ [ 6.036410800987682, 61.784741440564993 ], [ 6.037477534763504, 61.784264541023283 ], [ 6.038597973900844, 61.784061780169402 ], [ 6.036836486942519, 61.78403842186998 ], [ 6.035086205551639, 61.784498344689446 ], [ 6.034844864037972, 61.7846597945423 ], [ 6.035047225306343, 61.784848281172188 ], [ 6.036410800987682, 61.784741440564993 ] ] ] ] } },
{ "type": "Feature", "properties": { "fid": 103044, "navn": null, "hoyde_moh": 1070, "arealInnsjo_km2": 0.0052, "magasinKategori": null, "fid_2": 186, "id": 186, "left": 5.986919847, "top": 61.946110046000001, "right": 6.486919847, "bottom": 61.446110046000001, "row_index": 25, "col_index": 4, "tile_id": 186 }, "geometry": { "type": "MultiPolygon", "coordinates": [ [ [ [ 6.033958747607765, 61.786111531923609 ], [ 6.034263724249005, 61.785984370045639 ], [ 6.033899010609352, 61.785814389327129 ], [ 6.033914723250652, 61.785667914747513 ], [ 6.033616682623891, 61.785627144330057 ], [ 6.031953129562495, 61.785945956627323 ], [ 6.031808054813341, 61.786131818104707 ], [ 6.032005797862031, 61.786288551456849 ], [ 6.033958747607765, 61.786111531923609 ] ] ] ] } },
{ "type": "Feature", "properties": { "fid": 103102, "navn": null, "hoyde_moh": 1121, "arealInnsjo_km2": 0.0069, "magasinKategori": null, "fid_2": 186, "id": 186, "left": 5.986919847, "top": 61.946110046000001, "right": 6.486919847, "bottom": 61.446110046000001, "row_index": 25, "col_index": 4, "tile_id": 186 }, "geometry": { "type": "MultiPolygon", "coordinates": [ [ [ [ 6.029250019818302, 61.791443468806065 ], [ 6.029274318463098, 61.791107386426347 ], [ 6.029022001555114, 61.790840038426431 ], [ 6.029025384961606, 61.790582931873132 ], [ 6.028497906773921, 61.790730229727771 ], [ 6.028446296812572, 61.790966263709826 ], [ 6.028209574402975, 61.79107920169826 ], [ 6.02712298197544, 61.791242273201235 ], [ 6.027352888399364, 61.791435116998493 ], [ 6.028332282771744, 61.791616676028873 ], [ 6.029250019818302, 61.791443468806065 ] ] ] ] } },
{ "type": "Feature", "properties": { "fid": 103276, "navn": null, "hoyde_moh": 1106, "arealInnsjo_km2": 0.0047, "magasinKategori": null, "fid_2": 186, "id": 186, "left": 5.986919847, "top": 61.946110046000001, "right": 6.486919847, "bottom": 61.446110046000001, "row_index": 25, "col_index": 4, "tile_id": 186 }, "geometry": { "type": "MultiPolygon", "coordinates": [ [ [ [ 6.233529227692499, 61.461099439843345 ], [ 6.233301575335369, 61.460699692132614 ], [ 6.232697707794346, 61.460310249640031 ], [ 6.231988125711403, 61.460268853668325 ], [ 6.233104514929926, 61.46080347193363 ], [ 6.232970036027725, 61.461052348278301 ], [ 6.233798226256544, 61.461661970918875 ], [ 6.234782970406795, 61.461780731845792 ], [ 6.233529227692499, 61.461099439843345 ] ] ] ] } },
{ "type": "Feature", "properties": { "fid": 103277, "navn": null, "hoyde_moh": 1102, "arealInnsjo_km2": 0.0049, "magasinKategori": null, "fid_2": 186, "id": 186, "left": 5.986919847, "top": 61.946110046000001, "right": 6.486919847, "bottom": 61.446110046000001, "row_index": 25, "col_index": 4, "tile_id": 186 }, "geometry": { "type": "MultiPolygon", "coordinates": [ [ [ [ 6.23754341983443, 61.462618366522541 ], [ 6.237783740835902, 61.462236931817316 ], [ 6.237697657792583, 61.462145430214164 ], [ 6.236426518125251, 61.462299247090165 ], [ 6.235358841019874, 61.461846334008662 ], [ 6.234981784141167, 61.461865537348466 ], [ 6.236711633162324, 61.462682291133042 ], [ 6.23754341983443, 61.462618366522541 ] ] ] ] } },
{ "type": "Feature", "properties": { "fid": 103298, "navn": null, "hoyde_moh": 1153, "arealInnsjo_km2": 0.0041, "magasinKategori": null, "fid_2": 186, "id": 186, "left": 5.986919847, "top": 61.946110046000001, "right": 6.486919847, "bottom": 61.446110046000001, "row_index": 25, "col_index": 4, "tile_id": 186 }, "geometry": { "type": "MultiPolygon", "coordinates": [ [ [ [ 6.227080984936087, 61.457186439024071 ], [ 6.226561122267048, 61.457122081441526 ], [ 6.22622969219281, 61.457258966549098 ], [ 6.226901066326699, 61.457730888864184 ], [ 6.228045973329438, 61.457942950144435 ], [ 6.227080984936087, 61.457186439024071 ] ] ] ] } },
{ "type": "Feature", "properties": { "fid": 103605, "navn": null, "hoyde_moh": 876, "arealInnsjo_km2": 0.0057, "magasinKategori": null, "fid_2": 186, "id": 186, "left": 5.986919847, "top": 61.946110046000001, "right": 6.486919847, "bottom": 61.446110046000001, "row_index": 25, "col_index": 4, "tile_id": 186 }, "geometry": { "type": "MultiPolygon", "coordinates": [ [ [ [ 6.330320829851662, 61.479910165910319 ], [ 6.330822836121802, 61.479450067739357 ], [ 6.329624576480111, 61.479390008577099 ], [ 6.328612669562656, 61.480015273161186 ], [ 6.328864266377634, 61.480171151028784 ], [ 6.330320829851662, 61.479910165910319 ] ] ] ] } },
{ "type": "Feature", "properties": { "fid": 103645, "navn": null, "hoyde_moh": 1073, "arealInnsjo_km2": 0.0035, "magasinKategori": null, "fid_2": 186, "id": 186, "left": 5.986919847, "top": 61.946110046000001, "right": 6.486919847, "bottom": 61.446110046000001, "row_index": 25, "col_index": 4, "tile_id": 186 }, "geometry": { "type": "MultiPolygon", "coordinates": [ [ [ [ 6.34984598979907, 61.48253612301783 ], [ 6.349483077965068, 61.482385370074532 ], [ 6.349621137422323, 61.482091565815196 ], [ 6.35000028364594, 61.482026095728649 ], [ 6.349908561417655, 61.481800714175257 ], [ 6.348862540613764, 61.482175598586899 ], [ 6.348869516444497, 61.482535134618225 ], [ 6.349805930502643, 61.482786867492322 ], [ 6.34984598979907, 61.48253612301783 ] ] ] ] } },
{ "type": "Feature", "properties": { "fid": 104662, "navn": "Blåvatna", "hoyde_moh": 907, "arealInnsjo_km2": 0.0082, "magasinKategori": null, "fid_2": 186, "id": 186, "left": 5.986919847, "top": 61.946110046000001, "right": 6.486919847, "bottom": 61.446110046000001, "row_index": 25, "col_index": 4, "tile_id": 186 }, "geometry": { "type": "MultiPolygon", "coordinates": [ [ [ [ 6.286279590836761, 61.80692505089862 ], [ 6.286479911815472, 61.80636249935408 ], [ 6.286694772607875, 61.806192458199604 ], [ 6.28707328815416, 61.806158825430927 ], [ 6.2873246452499, 61.80637799840531 ], [ 6.287740554555518, 61.806200656237039 ], [ 6.287797543069918, 61.806398371643049 ], [ 6.287967806292386, 61.80641666100572 ], [ 6.288437529032854, 61.806331751192495 ], [ 6.288986029440559, 61.805929321764737 ], [ 6.287253502866143, 61.805701422013826 ], [ 6.285492183482358, 61.80692540781353 ], [ 6.285605749859407, 61.807090781548048 ], [ 6.286279590836761, 61.80692505089862 ] ] ] ] } },
{ "type": "Feature", "properties": { "fid": 104788, "navn": "Storetjønna", "hoyde_moh": 523, "arealInnsjo_km2": 0.0017, "magasinKategori": null, "fid_2": 186, "id": 186, "left": 5.986919847, "top": 61.946110046000001, "right": 6.486919847, "bottom": 61.446110046000001, "row_index": 25, "col_index": 4, "tile_id": 186 }, "geometry": { "type": "MultiPolygon", "coordinates": [ [ [ [ 6.439695935082125, 61.847353051255375 ], [ 6.440113978455706, 61.847157143930801 ], [ 6.439795526626819, 61.8470386218698 ], [ 6.438829631612132, 61.84722627337414 ], [ 6.439695935082125, 61.847353051255375 ] ] ] ] } },
{ "type": "Feature", "properties": { "fid": 104800, "navn": null, "hoyde_moh": 828, "arealInnsjo_km2": 0.0029, "magasinKategori": null, "fid_2": 186, "id": 186, "left": 5.986919847, "top": 61.946110046000001, "right": 6.486919847, "bottom": 61.446110046000001, "row_index": 25, "col_index": 4, "tile_id": 186 }, "geometry": { "type": "MultiPolygon", "coordinates": [ [ [ [ 6.097675296457703, 61.703246378519275 ], [ 6.098334021754675, 61.702904693179399 ], [ 6.098068715380352, 61.702773449722862 ], [ 6.096446924842717, 61.703225316906746 ], [ 6.097675296457703, 61.703246378519275 ] ] ] ] } },
{ "type": "Feature", "properties": { "fid": 104801, "navn": null, "hoyde_moh": 1133, "arealInnsjo_km2": 0.0026, "magasinKategori": null, "fid_2": 186, "id": 186, "left": 5.986919847, "top": 61.946110046000001, "right": 6.486919847, "bottom": 61.446110046000001, "row_index": 25, "col_index": 4, "tile_id": 186 }, "geometry": { "type": "MultiPolygon", "coordinates": [ [ [ [ 6.006612197549968, 61.710389737323233 ], [ 6.005226609413602, 61.710143330880847 ], [ 6.004974100531824, 61.71002141315811 ], [ 6.005196813924088, 61.709919909149036 ], [ 6.005089439569203, 61.709873124891743 ], [ 6.004677145441324, 61.709946448326491 ], [ 6.004993425867972, 61.710276591584162 ], [ 6.005773312500343, 61.710511765198277 ], [ 6.006612197549968, 61.710389737323233 ] ] ] ] } },
{ "type": "Feature", "properties": { "fid": 104803, "navn": null, "hoyde_moh": 1108, "arealInnsjo_km2": 0.003, "magasinKategori": null, "fid_2": 186, "id": 186, "left": 5.986919847, "top": 61.946110046000001, "right": 6.486919847, "bottom": 61.446110046000001, "row_index": 25, "col_index": 4, "tile_id": 186 }, "geometry": { "type": "MultiPolygon", "coordinates": [ [ [ [ 5.987220313701565, 61.743758945160891 ], [ 5.987308041104624, 61.743645620958567 ], [ 5.986919847, 61.743517364816547 ], [ 5.986919847, 61.74374814948937 ], [ 5.987220313701565, 61.743758945160891 ] ] ] ] } },
{ "type": "Feature", "properties": { "fid": 104959, "navn": null, "hoyde_moh": 914, "arealInnsjo_km2": 0.0066, "magasinKategori": null, "fid_2": 186, "id": 186, "left": 5.986919847, "top": 61.946110046000001, "right": 6.486919847, "bottom": 61.446110046000001, "row_index": 25, "col_index": 4, "tile_id": 186 }, "geometry": { "type": "MultiPolygon", "coordinates": [ [ [ [ 6.273007392992147, 61.803303247591813 ], [ 6.273234094412613, 61.80273200415207 ], [ 6.27453706736405, 61.802190083129631 ], [ 6.274652152399027, 61.801957112029186 ], [ 6.274358811567015, 61.80192198121388 ], [ 6.272078901874822, 61.802662742985262 ], [ 6.272541448297632, 61.80285869757077 ], [ 6.272557809659648, 61.803200826952214 ], [ 6.273007392992147, 61.803303247591813 ] ] ] ] } },
{ "type": "Feature", "properties": { "fid": 104974, "navn": "Svartevatnet", "hoyde_moh": 651, "arealInnsjo_km2": 0.0047, "magasinKategori": null, "fid_2": 186, "id": 186, "left": 5.986919847, "top": 61.946110046000001, "right": 6.486919847, "bottom": 61.446110046000001, "row_index": 25, "col_index": 4, "tile_id": 186 }, "geometry": { "type": "MultiPolygon", "coordinates": [ [ [ [ 6.289412553026537, 61.825504860728252 ], [ 6.289517947888669, 61.825095706559743 ], [ 6.28857725784713, 61.824897931535453 ], [ 6.287827602660868, 61.825159138709992 ], [ 6.287847658322381, 61.825421353825611 ], [ 6.289412553026537, 61.825504860728252 ] ] ] ] } },
{ "type": "Feature", "properties": { "fid": 105042, "navn": null, "hoyde_moh": 806, "arealInnsjo_km2": 0.0036, "magasinKategori": null, "fid_2": 186, "id": 186, "left": 5.986919847, "top": 61.946110046000001, "right": 6.486919847, "bottom": 61.446110046000001, "row_index": 25, "col_index": 4, "tile_id": 186 }, "geometry": { "type": "MultiPolygon", "coordinates": [ [ [ [ 6.401654199396853, 61.784190473349668 ], [ 6.401695910821672, 61.783987321567935 ], [ 6.40216419934355, 61.784017407024578 ], [ 6.40239160637158, 61.78388044198789 ], [ 6.401413593724506, 61.783676011081454 ], [ 6.400699942436111, 61.783858898914481 ], [ 6.400611878029216, 61.784003027728225 ], [ 6.401141216430448, 61.784204630922325 ], [ 6.401654199396853, 61.784190473349668 ] ] ] ] } },
{ "type": "Feature", "properties": { "fid": 105044, "navn": null, "hoyde_moh": 911, "arealInnsjo_km2": 0.0049, "magasinKategori": null, "fid_2": 186, "id": 186, "left": 5.986919847, "top": 61.946110046000001, "right": 6.486919847, "bottom": 61.446110046000001, "row_index": 25, "col_index": 4, "tile_id": 186 }, "geometry": { "type": "MultiPolygon", "coordinates": [ [ [ [ 6.274056807821481, 61.801354750940291 ], [ 6.274493569137945, 61.801515979510029 ], [ 6.275457687134122, 61.801429964590248 ], [ 6.275584719235869, 61.801293441016774 ], [ 6.273671210932085, 61.801057291770299 ], [ 6.272349697522296, 61.801503235666495 ], [ 6.272281624229295, 61.801689250478184 ], [ 6.274056807821481, 61.801354750940291 ] ] ] ] } },
{ "type": "Feature", "properties": { "fid": 105119, "navn": null, "hoyde_moh": 692, "arealInnsjo_km2": 0.0054, "magasinKategori": null, "fid_2": 186, "id": 186, "left": 5.986919847, "top": 61.946110046000001, "right": 6.486919847, "bottom": 61.446110046000001, "row_index": 25, "col_index": 4, "tile_id": 186 }, "geometry": { "type": "MultiPolygon", "coordinates": [ [ [ [ 6.284413017744846, 61.820795110381489 ], [ 6.284843493432048, 61.820507384754677 ], [ 6.284409417852523, 61.820264788061181 ], [ 6.283792536892108, 61.820308304641493 ], [ 6.283392591933926, 61.820091377068394 ], [ 6.282110563229085, 61.820071227274205 ], [ 6.282259206644082, 61.820246976835733 ], [ 6.283546224089324, 61.820439563574517 ], [ 6.284103659365329, 61.820810034237148 ], [ 6.284413017744846, 61.820795110381489 ] ] ] ] } },
{ "type": "Feature", "properties": { "fid": 105274, "navn": "Skarshammarvatnet", "hoyde_moh": 1111, "arealInnsjo_km2": 0.0071, "magasinKategori": null, "fid_2": 186, "id": 186, "left": 5.986919847, "top": 61.946110046000001, "right": 6.486919847, "bottom": 61.446110046000001, "row_index": 25, "col_index": 4, "tile_id": 186 }, "geometry": { "type": "MultiPolygon", "coordinates": [ [ [ [ 6.320690747064504, 61.796846726619911 ], [ 6.320456124629389, 61.796540601126416 ], [ 6.319997070551469, 61.796406929051777 ], [ 6.320126519267845, 61.796601556634172 ], [ 6.318132565892565, 61.796229006964218 ], [ 6.320180092139348, 61.797314276550104 ], [ 6.320690747064504, 61.796846726619911 ] ] ] ] } },
{ "type": "Feature", "properties": { "fid": 105476, "navn": null, "hoyde_moh": 647, "arealInnsjo_km2": 0.0037, "magasinKategori": null, "fid_2": 186, "id": 186, "left": 5.986919847, "top": 61.946110046000001, "right": 6.486919847, "bottom": 61.446110046000001, "row_index": 25, "col_index": 4, "tile_id": 186 }, "geometry": { "type": "MultiPolygon", "coordinates": [ [ [ [ 6.191958002751553, 61.940519895949713 ], [ 6.19174057248057, 61.940430343420466 ], [ 6.190377356231557, 61.940122839266017 ], [ 6.189851097848587, 61.940263881507597 ], [ 6.190486534027436, 61.940595170298565 ], [ 6.191958002751553, 61.940519895949713 ] ] ] ] } },
{ "type": "Feature", "properties": { "fid": 105477, "navn": null, "hoyde_moh": 520, "arealInnsjo_km2": 0.0076, "magasinKategori": null, "fid_2": 186, "id": 186, "left": 5.986919847, "top": 61.946110046000001, "right": 6.486919847, "bottom": 61.446110046000001, "row_index": 25, "col_index": 4, "tile_id": 186 }, "geometry": { "type": "MultiPolygon", "coordinates": [ [ [ [ 6.065600191014573, 61.934073485552361 ], [ 6.065790877585613, 61.933993939193108 ], [ 6.065703652413327, 61.933865406283196 ], [ 6.066678931139772, 61.933833887840919 ], [ 6.067328769259475, 61.933589662082142 ], [ 6.066868346228838, 61.933340300500731 ], [ 6.06617297229915, 61.933307866032294 ], [ 6.065500539204355, 61.933508942553495 ], [ 6.065561222703954, 61.933822744647934 ], [ 6.064757456408885, 61.933706934174012 ], [ 6.063981143560117, 61.933998195141783 ], [ 6.065600191014573, 61.934073485552361 ] ] ] ] } },
{ "type": "Feature", "properties": { "fid": 105537, "navn": "Skarvatnet", "hoyde_moh": 433, "arealInnsjo_km2": 0.0097, "magasinKategori": null, "fid_2": 186, "id": 186, "left": 5.986919847, "top": 61.946110046000001, "right": 6.486919847, "bottom": 61.446110046000001, "row_index": 25, "col_index": 4, "tile_id": 186 }, "geometry": { "type": "MultiPolygon", "coordinates": [ [ [ [ 6.159415372093782, 61.929766089483323 ], [ 6.15944622009235, 61.929497515126464 ], [ 6.161151471555398, 61.928565912117271 ], [ 6.161342137566282, 61.928258782260599 ], [ 6.160142137928957, 61.928308151900289 ], [ 6.159411541165955, 61.92866178467186 ], [ 6.159129040829217, 61.928961527301183 ], [ 6.159049510880683, 61.929478906249145 ], [ 6.158732207857192, 61.929801972562331 ], [ 6.159162489459991, 61.929927221944276 ], [ 6.159415372093782, 61.929766089483323 ] ] ] ] } },
{ "type": "Feature", "properties": { "fid": 105539, "navn": null, "hoyde_moh": 591, "arealInnsjo_km2": 0.0099, "magasinKategori": null, "fid_2": 186, "id": 186, "left": 5.986919847, "top": 61.946110046000001, "right": 6.486919847, "bottom": 61.446110046000001, "row_index": 25, "col_index": 4, "tile_id": 186 }, "geometry": { "type": "MultiPolygon", "coordinates": [ [ [ [ 6.07340903181757, 61.939738572720209 ], [ 6.073303616243054, 61.939348285554033 ], [ 6.073498280461187, 61.939169837630651 ], [ 6.072775993301988, 61.939377731167241 ], [ 6.072686642117805, 61.939311701161806 ], [ 6.073175975505806, 61.939155479300283 ], [ 6.072759786042855, 61.939054638803164 ], [ 6.072301642575591, 61.939310238507602 ], [ 6.072191464449699, 61.939094620011716 ], [ 6.072445183279129, 61.938868060033606 ], [ 6.072360482254215, 61.93880188149334 ], [ 6.070670015421071, 61.93889148709539 ], [ 6.070556987828633, 61.938947643338359 ], [ 6.070994464236484, 61.939215372772445 ], [ 6.070693936655041, 61.939358432226548 ], [ 6.069554090539547, 61.939399663408977 ], [ 6.070732569257589, 61.939577875136514 ], [ 6.070773880372831, 61.939409478337183 ], [ 6.071839603964232, 61.939285666673001 ], [ 6.072655975725206, 61.939506552292727 ], [ 6.07194501930257, 61.939525287496529 ], [ 6.072892494316448, 61.939873767788072 ], [ 6.07340903181757, 61.939738572720209 ] ] ] ] } },
{ "type": "Feature", "properties": { "fid": 105611, "navn": null, "hoyde_moh": 427, "arealInnsjo_km2": 0.0127, "magasinKategori": null, "fid_2": 186, "id": 186, "left": 5.986919847, "top": 61.946110046000001, "right": 6.486919847, "bottom": 61.446110046000001, "row_index": 25, "col_index": 4, "tile_id": 186 }, "geometry": { "type": "MultiPolygon", "coordinates": [ [ [ [ 6.08629788502402, 61.940679447162644 ], [ 6.086123335679435, 61.940097491109668 ], [ 6.087102311713607, 61.939856014181437 ], [ 6.08751785697216, 61.939202267640894 ], [ 6.088587410504485, 61.93831585656222 ], [ 6.088949261010009, 61.93816482932543 ], [ 6.088850920720214, 61.938370993924551 ], [ 6.089168167294478, 61.93833852994338 ], [ 6.089293337843641, 61.938274203855116 ], [ 6.089143725842604, 61.938121921539171 ], [ 6.090090487245594, 61.937936261281152 ], [ 6.089575130202538, 61.938135128947209 ], [ 6.089894166927071, 61.938190629857857 ], [ 6.090489833560111, 61.937898571060522 ], [ 6.088543674977828, 61.937549651139406 ], [ 6.087750452171007, 61.938179860985962 ], [ 6.087670144819558, 61.938453269064624 ], [ 6.087947854040658, 61.938630534380863 ], [ 6.087297151180013, 61.939149647488385 ], [ 6.086941187865285, 61.939737052283249 ], [ 6.085744645448123, 61.94013461908802 ], [ 6.085795653666869, 61.940395892547407 ], [ 6.085454126482182, 61.940819743429664 ], [ 6.085881907671881, 61.940940097179343 ], [ 6.08629788502402, 61.940679447162644 ] ], [ [ 6.08880871102003, 61.937820355561044 ], [ 6.089207569720526, 61.93788558067876 ], [ 6.088990663787643, 61.938054552546291 ], [ 6.088532972218274, 61.938011973126528 ], [ 6.08880871102003, 61.937820355561044 ] ] ] ] } },
{ "type": "Feature", "properties": { "fid": 105689, "navn": "Veslevatnet", "hoyde_moh": 788, "arealInnsjo_km2": 0.0156, "magasinKategori": null, "fid_2": 186, "id": 186, "left": 5.986919847, "top": 61.946110046000001, "right": 6.486919847, "bottom": 61.446110046000001, "row_index": 25, "col_index": 4, "tile_id": 186 }, "geometry": { "type": "MultiPolygon", "coordinates": [ [ [ [ 6.04316653365084, 61.751067910083414 ], [ 6.0430164006389, 61.750781727021348 ], [ 6.044106824687707, 61.750620390257296 ], [ 6.043749250096956, 61.750229992856134 ], [ 6.044402161265181, 61.750263650090247 ], [ 6.043913136347673, 61.750092278388145 ], [ 6.042822287872823, 61.750361231512244 ], [ 6.042692715744737, 61.750305613593405 ], [ 6.042905655848329, 61.750133890748337 ], [ 6.042694521515405, 61.750091794745266 ], [ 6.041401266546752, 61.75025431960254 ], [ 6.040368527789061, 61.750596855839383 ], [ 6.041178586046934, 61.75107950618532 ], [ 6.041894485017175, 61.751193062588492 ], [ 6.04316653365084, 61.751067910083414 ] ] ] ] } },
{ "type": "Feature", "properties": { "fid": 105700, "navn": "Litlevatnet", "hoyde_moh": 617, "arealInnsjo_km2": 0.0072, "magasinKategori": null, "fid_2": 186, "id": 186, "left": 5.986919847, "top": 61.946110046000001, "right": 6.486919847, "bottom": 61.446110046000001, "row_index": 25, "col_index": 4, "tile_id": 186 }, "geometry": { "type": "MultiPolygon", "coordinates": [ [ [ [ 6.029181472283095, 61.946007001094571 ], [ 6.028722181223523, 61.946012385375361 ], [ 6.028827410836012, 61.946099104256618 ], [ 6.028789493855755, 61.946110046 ], [ 6.029365452402972, 61.946110046 ], [ 6.029181472283095, 61.946007001094571 ] ] ], [ [ [ 6.027450654854541, 61.945974586282276 ], [ 6.027302103832188, 61.946110046 ], [ 6.028577396758659, 61.946110046 ], [ 6.027450654854541, 61.945974586282276 ] ] ] ] } },
{ "type": "Feature", "properties": { "fid": 105710, "navn": null, "hoyde_moh": 751, "arealInnsjo_km2": 0.0045, "magasinKategori": null, "fid_2": 186, "id": 186, "left": 5.986919847, "top": 61.946110046000001, "right": 6.486919847, "bottom": 61.446110046000001, "row_index": 25, "col_index": 4, "tile_id": 186 }, "geometry": { "type": "MultiPolygon", "coordinates": [ [ [ [ 6.001774324606679, 61.945942752699189 ], [ 6.000319485885943, 61.945562245817278 ], [ 5.999981459709591, 61.945756483595503 ], [ 5.999122976905808, 61.94575600582624 ], [ 5.999460715374644, 61.945940408308509 ], [ 6.00089251333377, 61.946110046 ], [ 6.001024273717336, 61.946110046 ], [ 6.001774324606679, 61.945942752699189 ] ] ] ] } },
{ "type": "Feature", "properties": { "fid": 105855, "navn": "Litlevatnet", "hoyde_moh": 540, "arealInnsjo_km2": 0.0148, "magasinKategori": null, "fid_2": 186, "id": 186, "left": 5.986919847, "top": 61.946110046000001, "right": 6.486919847, "bottom": 61.446110046000001, "row_index": 25, "col_index": 4, "tile_id": 186 }, "geometry": { "type": "MultiPolygon", "coordinates": [ [ [ [ 6.038930344790777, 61.809371350513402 ], [ 6.039409004007747, 61.809001605054441 ], [ 6.040427476330394, 61.808916902726047 ], [ 6.040669560489418, 61.808666996527243 ], [ 6.039173544218914, 61.808425735230664 ], [ 6.039083795634657, 61.808186278692858 ], [ 6.038895793181109, 61.808174006555433 ], [ 6.038560329102046, 61.808219554792032 ], [ 6.038584583755533, 61.808497909114863 ], [ 6.038232274011596, 61.808472029279855 ], [ 6.038472216453779, 61.808347168943762 ], [ 6.038022418228768, 61.808330604540494 ], [ 6.037961233314329, 61.80852976676406 ], [ 6.037181022089466, 61.808790554976838 ], [ 6.037420586252302, 61.808855570846553 ], [ 6.037471280042745, 61.809125180007342 ], [ 6.037915317484622, 61.809269985072433 ], [ 6.037656722715253, 61.809456345622436 ], [ 6.03826074627611, 61.809565122296632 ], [ 6.038930344790777, 61.809371350513402 ] ] ] ] } },
{ "type": "Feature", "properties": { "fid": 105881, "navn": null, "hoyde_moh": 1134, "arealInnsjo_km2": 0.0066, "magasinKategori": null, "fid_2": 186, "id": 186, "left": 5.986919847, "top": 61.946110046000001, "right": 6.486919847, "bottom": 61.446110046000001, "row_index": 25, "col_index": 4, "tile_id": 186 }, "geometry": { "type": "MultiPolygon", "coordinates": [ [ [ [ 6.017281428882972, 61.769787848204373 ], [ 6.017482849302217, 61.76945902120211 ], [ 6.017324319988714, 61.769106535945816 ], [ 6.015902499510776, 61.769116302415156 ], [ 6.01605923530638, 61.769753211813089 ], [ 6.017281428882972, 61.769787848204373 ] ] ] ] } },
{ "type": "Feature", "properties": { "fid": 105888, "navn": null, "hoyde_moh": 1086, "arealInnsjo_km2": 0.0048, "magasinKategori": null, "fid_2": 186, "id": 186, "left": 5.986919847, "top": 61.946110046000001, "right": 6.486919847, "bottom": 61.446110046000001, "row_index": 25, "col_index": 4, "tile_id": 186 }, "geometry": { "type": "MultiPolygon", "coordinates": [ [ [ [ 6.030953482973497, 61.781494525283364 ], [ 6.030447425735904, 61.781162652130348 ], [ 6.031090951274834, 61.780794412536629 ], [ 6.029804510843613, 61.780856831880676 ], [ 6.029496106524142, 61.781404502688666 ], [ 6.030026034445711, 61.781541362731929 ], [ 6.030953482973497, 61.781494525283364 ] ] ] ] } },
{ "type": "Feature", "properties": { "fid": 106018, "navn": null, "hoyde_moh": 849, "arealInnsjo_km2": 0.0027, "magasinKategori": null, "fid_2": 186, "id": 186, "left": 5.986919847, "top": 61.946110046000001, "right": 6.486919847, "bottom": 61.446110046000001, "row_index": 25, "col_index": 4, "tile_id": 186 }, "geometry": { "type": "MultiPolygon", "coordinates": [ [ [ [ 6.155411676451072, 61.868613143858923 ], [ 6.155327836424963, 61.868375460230311 ], [ 6.155091757105701, 61.868301421886692 ], [ 6.154394426679253, 61.868629822982143 ], [ 6.154589836384624, 61.868791777846766 ], [ 6.154558521473144, 61.868994346531863 ], [ 6.154844219634589, 61.869025421860727 ], [ 6.155411676451072, 61.868613143858923 ] ] ] ] } },
{ "type": "Feature", "properties": { "fid": 106207, "navn": "Svartevatnet", "hoyde_moh": 728, "arealInnsjo_km2": 0.0121, "magasinKategori": null, "fid_2": 186, "id": 186, "left": 5.986919847, "top": 61.946110046000001, "right": 6.486919847, "bottom": 61.446110046000001, "row_index": 25, "col_index": 4, "tile_id": 186 }, "geometry": { "type": "MultiPolygon", "coordinates": [ [ [ [ 6.201204878645899, 61.883256752363202 ], [ 6.201567523391465, 61.883035593993057 ], [ 6.201317977862944, 61.882944512907343 ], [ 6.201737018690272, 61.882734217263781 ], [ 6.201488990886758, 61.882442626310429 ], [ 6.199398049269539, 61.88247198406421 ], [ 6.19932369327606, 61.882765393753814 ], [ 6.198340610715694, 61.883131803942923 ], [ 6.20042729110192, 61.883248394737429 ], [ 6.199342534703545, 61.8834394600322 ], [ 6.201204878645899, 61.883256752363202 ] ] ] ] } },
{ "type": "Feature", "properties": { "fid": 106217, "navn": "Kinna", "hoyde_moh": 756, "arealInnsjo_km2": 0.0025, "magasinKategori": null, "fid_2": 186, "id": 186, "left": 5.986919847, "top": 61.946110046000001, "right": 6.486919847, "bottom": 61.446110046000001, "row_index": 25, "col_index": 4, "tile_id": 186 }, "geometry": { "type": "MultiPolygon", "coordinates": [ [ [ [ 6.148809798413373, 61.881151811672318 ], [ 6.149261056003422, 61.881032765911868 ], [ 6.149295859595869, 61.880804575761211 ], [ 6.14809492147591, 61.880857577596032 ], [ 6.148795311445424, 61.881322668093631 ], [ 6.148809798413373, 61.881151811672318 ] ] ] ] } },
{ "type": "Feature", "properties": { "fid": 106250, "navn": null, "hoyde_moh": 946, "arealInnsjo_km2": 0.0061, "magasinKategori": null, "fid_2": 186, "id": 186, "left": 5.986919847, "top": 61.946110046000001, "right": 6.486919847, "bottom": 61.446110046000001, "row_index": 25, "col_index": 4, "tile_id": 186 }, "geometry": { "type": "MultiPolygon", "coordinates": [ [ [ [ 6.183389935940227, 61.874751657305922 ], [ 6.183125432073144, 61.874638606365252 ], [ 6.183868393940825, 61.874635619828148 ], [ 6.183956934228068, 61.874534163136204 ], [ 6.183706863328553, 61.874432076017008 ], [ 6.183979698509791, 61.874374329532117 ], [ 6.182828764218648, 61.87402619158587 ], [ 6.182315758740928, 61.874092370661415 ], [ 6.182774410578518, 61.874203865640837 ], [ 6.182250717457165, 61.874121966731508 ], [ 6.181547791526129, 61.874260278385918 ], [ 6.182183523943635, 61.874381587046784 ], [ 6.182088702614073, 61.874480920181071 ], [ 6.182499335287543, 61.874738328474074 ], [ 6.183389935940227, 61.874751657305922 ] ] ] ] } },
{ "type": "Feature", "properties": { "fid": 106285, "navn": null, "hoyde_moh": 1000, "arealInnsjo_km2": 0.0027, "magasinKategori": null, "fid_2": 186, "id": 186, "left": 5.986919847, "top": 61.946110046000001, "right": 6.486919847, "bottom": 61.446110046000001, "row_index": 25, "col_index": 4, "tile_id": 186 }, "geometry": { "type": "MultiPolygon", "coordinates": [ [ [ [ 6.319810849895937, 61.458320429125123 ], [ 6.319032427396152, 61.458020225188058 ], [ 6.318214376706159, 61.458147675112009 ], [ 6.318404723140061, 61.458331360211325 ], [ 6.319456825331186, 61.45852672138129 ], [ 6.319810849895937, 61.458320429125123 ] ] ] ] } },
{ "type": "Feature", "properties": { "fid": 106295, "navn": null, "hoyde_moh": 1156, "arealInnsjo_km2": 0.0027, "magasinKategori": null, "fid_2": 186, "id": 186, "left": 5.986919847, "top": 61.946110046000001, "right": 6.486919847, "bottom": 61.446110046000001, "row_index": 25, "col_index": 4, "tile_id": 186 }, "geometry": { "type": "MultiPolygon", "coordinates": [ [ [ [ 6.484832128110888, 61.471990184551721 ], [ 6.484071549150936, 61.471694942046298 ], [ 6.484012207660069, 61.471909328795384 ], [ 6.484367013149853, 61.472155104716684 ], [ 6.484516313145364, 61.47261808199152 ], [ 6.48486278023752, 61.472625069580147 ], [ 6.484832128110888, 61.471990184551721 ] ] ] ] } },
{ "type": "Feature", "properties": { "fid": 106300, "navn": null, "hoyde_moh": 1192, "arealInnsjo_km2": 0.0092, "magasinKategori": null, "fid_2": 186, "id": 186, "left": 5.986919847, "top": 61.946110046000001, "right": 6.486919847, "bottom": 61.446110046000001, "row_index": 25, "col_index": 4, "tile_id": 186 }, "geometry": { "type": "MultiPolygon", "coordinates": [ [ [ [ 6.400500563020564, 61.462160832569765 ], [ 6.400459253852007, 61.461980527563426 ], [ 6.40004240886751, 61.461801732538184 ], [ 6.400276773379065, 61.461464886109397 ], [ 6.400138023392278, 61.461327526092568 ], [ 6.399195643638704, 61.461372307197742 ], [ 6.399053356242998, 61.461729007595075 ], [ 6.398539123818058, 61.46181798718947 ], [ 6.398450478518473, 61.461978106886917 ], [ 6.398623261658469, 61.46216081059157 ], [ 6.398531643521406, 61.462356783129671 ], [ 6.398731883444754, 61.462432474739913 ], [ 6.39993727344771, 61.462383639579393 ], [ 6.400500563020564, 61.462160832569765 ] ] ] ] } },
{ "type": "Feature", "properties": { "fid": 106301, "navn": null, "hoyde_moh": 864, "arealInnsjo_km2": 0.0048, "magasinKategori": null, "fid_2": 186, "id": 186, "left": 5.986919847, "top": 61.946110046000001, "right": 6.486919847, "bottom": 61.446110046000001, "row_index": 25, "col_index": 4, "tile_id": 186 }, "geometry": { "type": "MultiPolygon", "coordinates": [ [ [ [ 6.372378445722543, 61.463717859881086 ], [ 6.372201585991985, 61.462880749391395 ], [ 6.371352404990562, 61.462918546957248 ], [ 6.371359154868125, 61.46314842544308 ], [ 6.372004400209613, 61.464123179940692 ], [ 6.372378445722543, 61.463717859881086 ] ] ] ] } },
{ "type": "Feature", "properties": { "fid": 106302, "navn": null, "hoyde_moh": 1212, "arealInnsjo_km2": 0.0148, "magasinKategori": null, "fid_2": 186, "id": 186, "left": 5.986919847, "top": 61.946110046000001, "right": 6.486919847, "bottom": 61.446110046000001, "row_index": 25, "col_index": 4, "tile_id": 186 }, "geometry": { "type": "MultiPolygon", "coordinates": [ [ [ [ 6.411741833522893, 61.46740499652482 ], [ 6.41212107720782, 61.467358341336229 ], [ 6.412362817317057, 61.466482594252369 ], [ 6.411747719037333, 61.466884083811443 ], [ 6.411550029492052, 61.466772444631992 ], [ 6.411647420714062, 61.46628037423806 ], [ 6.411326287565964, 61.466076712282636 ], [ 6.410720081659965, 61.466595195570477 ], [ 6.410797558822948, 61.466794411170291 ], [ 6.410474580266017, 61.467066391545345 ], [ 6.410061117234916, 61.467067602029026 ], [ 6.409911441992745, 61.467513898599499 ], [ 6.409441031042303, 61.467981021519705 ], [ 6.409584793091503, 61.468055637588314 ], [ 6.410424383917004, 61.467667323607152 ], [ 6.410655505645433, 61.467824534882368 ], [ 6.410367641788514, 61.468124398131522 ], [ 6.410848518370187, 61.467989804593373 ], [ 6.411741833522893, 61.46740499652482 ] ] ] ] } },
{ "type": "Feature", "properties": { "fid": 106331, "navn": null, "hoyde_moh": 1097, "arealInnsjo_km2": 0.0035, "magasinKategori": null, "fid_2": 186, "id": 186, "left": 5.986919847, "top": 61.946110046000001, "right": 6.486919847, "bottom": 61.446110046000001, "row_index": 25, "col_index": 4, "tile_id": 186 }, "geometry": { "type": "MultiPolygon", "coordinates": [ [ [ [ 6.442845291079976, 61.44820024768002 ], [ 6.441554172738356, 61.447438049073035 ], [ 6.441418923393494, 61.448059683653689 ], [ 6.4420144555615, 61.448235202752635 ], [ 6.442845291079976, 61.44820024768002 ] ] ] ] } },
{ "type": "Feature", "properties": { "fid": 106436, "navn": null, "hoyde_moh": 811, "arealInnsjo_km2": 0.0022, "magasinKategori": null, "fid_2": 186, "id": 186, "left": 5.986919847, "top": 61.946110046000001, "right": 6.486919847, "bottom": 61.446110046000001, "row_index": 25, "col_index": 4, "tile_id": 186 }, "geometry": { "type": "MultiPolygon", "coordinates": [ [ [ [ 6.145850604321089, 61.882853316030108 ], [ 6.145905211069607, 61.882774257474409 ], [ 6.143801593836845, 61.882616771272033 ], [ 6.143948945549127, 61.882811048902035 ], [ 6.145850604321089, 61.882853316030108 ] ] ] ] } },
{ "type": "Feature", "properties": { "fid": 106437, "navn": null, "hoyde_moh": 637, "arealInnsjo_km2": 0.0026, "magasinKategori": null, "fid_2": 186, "id": 186, "left": 5.986919847, "top": 61.946110046000001, "right": 6.486919847, "bottom": 61.446110046000001, "row_index": 25, "col_index": 4, "tile_id": 186 }, "geometry": { "type": "MultiPolygon", "coordinates": [ [ [ [ 6.187484504949305, 61.885669155418356 ], [ 6.186027073197263, 61.885378729395995 ], [ 6.185169520087775, 61.885410850934491 ], [ 6.186083222263355, 61.885825237684834 ], [ 6.187484504949305, 61.885669155418356 ] ] ] ] } },
{ "type": "Feature", "properties": { "fid": 106438, "navn": null, "hoyde_moh": 634, "arealInnsjo_km2": 0.0041, "magasinKategori": null, "fid_2": 186, "id": 186, "left": 5.986919847, "top": 61.946110046000001, "right": 6.486919847, "bottom": 61.446110046000001, "row_index": 25, "col_index": 4, "tile_id": 186 }, "geometry": { "type": "MultiPolygon", "coordinates": [ [ [ [ 6.18529234154945, 61.885771297617033 ], [ 6.184270415077283, 61.885279794077917 ], [ 6.183411499938503, 61.885429564062477 ], [ 6.1842842028586, 61.885907374722052 ], [ 6.18529234154945, 61.885771297617033 ] ] ] ] } },
{ "type": "Feature", "properties": { "fid": 106439, "navn": null, "hoyde_moh": 824, "arealInnsjo_km2": 0.0025, "magasinKategori": null, "fid_2": 186, "id": 186, "left": 5.986919847, "top": 61.946110046000001, "right": 6.486919847, "bottom": 61.446110046000001, "row_index": 25, "col_index": 4, "tile_id": 186 }, "geometry": { "type": "MultiPolygon", "coordinates": [ [ [ [ 6.113713610104305, 61.883800891275726 ], [ 6.114293592203118, 61.883661410721643 ], [ 6.113966094827538, 61.88351872153109 ], [ 6.112099785197646, 61.88369918984867 ], [ 6.113713610104305, 61.883800891275726 ] ] ] ] } },
{ "type": "Feature", "properties": { "fid": 106687, "navn": "Svartevatnet", "hoyde_moh": 911, "arealInnsjo_km2": 0.0028, "magasinKategori": null, "fid_2": 186, "id": 186, "left": 5.986919847, "top": 61.946110046000001, "right": 6.486919847, "bottom": 61.446110046000001, "row_index": 25, "col_index": 4, "tile_id": 186 }, "geometry": { "type": "MultiPolygon", "coordinates": [ [ [ [ 6.472250471712942, 61.866247944546153 ], [ 6.471317392820254, 61.865929804520988 ], [ 6.470630740378251, 61.865956381656936 ], [ 6.470733700152202, 61.866284015712012 ], [ 6.471486153631726, 61.86639884423299 ], [ 6.472250471712942, 61.866247944546153 ] ] ] ] } },
{ "type": "Feature", "properties": { "fid": 106698, "navn": null, "hoyde_moh": 880, "arealInnsjo_km2": 0.0053, "magasinKategori": null, "fid_2": 186, "id": 186, "left": 5.986919847, "top": 61.946110046000001, "right": 6.486919847, "bottom": 61.446110046000001, "row_index": 25, "col_index": 4, "tile_id": 186 }, "geometry": { "type": "MultiPolygon", "coordinates": [ [ [ [ 6.466690574540445, 61.885088636328611 ], [ 6.466715119200816, 61.884879614683037 ], [ 6.466146684982302, 61.884813398456842 ], [ 6.466692987672941, 61.884672555438982 ], [ 6.466722531360491, 61.884510545649306 ], [ 6.465174956980341, 61.884906978835438 ], [ 6.464986923892031, 61.885277140254694 ], [ 6.465196960082426, 61.88540380377966 ], [ 6.466690574540445, 61.885088636328611 ] ] ] ] } },
{ "type": "Feature", "properties": { "fid": 106751, "navn": null, "hoyde_moh": 584, "arealInnsjo_km2": 0.031, "magasinKategori": null, "fid_2": 186, "id": 186, "left": 5.986919847, "top": 61.946110046000001, "right": 6.486919847, "bottom": 61.446110046000001, "row_index": 25, "col_index": 4, "tile_id": 186 }, "geometry": { "type": "MultiPolygon", "coordinates": [ [ [ [ 6.27416782958132, 61.828811851432505 ], [ 6.274563570320442, 61.828575505459625 ], [ 6.274616767734623, 61.828231320663903 ], [ 6.273911563495197, 61.827720074878336 ], [ 6.273320648962636, 61.827507977527866 ], [ 6.271502482349723, 61.827390370972196 ], [ 6.271133725975593, 61.827136551277597 ], [ 6.270011165119183, 61.826932065384291 ], [ 6.270212891780502, 61.827145200612229 ], [ 6.270794062391716, 61.827194323964676 ], [ 6.270607328211489, 61.827411418791762 ], [ 6.270359864904733, 61.827372720993402 ], [ 6.270366298933647, 61.82790694145946 ], [ 6.271003445698078, 61.828117041580072 ], [ 6.27066496710938, 61.828253407497741 ], [ 6.271056160613677, 61.828404847869173 ], [ 6.271226814051312, 61.828705893946484 ], [ 6.271900473812609, 61.828765809059675 ], [ 6.271353708250593, 61.828824697461691 ], [ 6.271684434601754, 61.829056565701528 ], [ 6.27416782958132, 61.828811851432505 ] ] ] ] } },
{ "type": "Feature", "properties": { "fid": 106882, "navn": null, "hoyde_moh": 892, "arealInnsjo_km2": 0.0026, "magasinKategori": null, "fid_2": 186, "id": 186, "left": 5.986919847, "top": 61.946110046000001, "right": 6.486919847, "bottom": 61.446110046000001, "row_index": 25, "col_index": 4, "tile_id": 186 }, "geometry": { "type": "MultiPolygon", "coordinates": [ [ [ [ 6.464796276116833, 61.886680855518023 ], [ 6.464872098055907, 61.886473320561109 ], [ 6.464346030685852, 61.886437475418717 ], [ 6.462534327385032, 61.88698891736388 ], [ 6.464796276116833, 61.886680855518023 ] ] ] ] } },
{ "type": "Feature", "properties": { "fid": 106883, "navn": null, "hoyde_moh": 886, "arealInnsjo_km2": 0.0025, "magasinKategori": null, "fid_2": 186, "id": 186, "left": 5.986919847, "top": 61.946110046000001, "right": 6.486919847, "bottom": 61.446110046000001, "row_index": 25, "col_index": 4, "tile_id": 186 }, "geometry": { "type": "MultiPolygon", "coordinates": [ [ [ [ 6.463715308597109, 61.885556118888246 ], [ 6.463085740373755, 61.885591122591997 ], [ 6.462713604073978, 61.885465798116748 ], [ 6.462997796250271, 61.885288536867144 ], [ 6.462154805561226, 61.885252660756912 ], [ 6.462160451968173, 61.885686862133589 ], [ 6.46289156998751, 61.885740858636893 ], [ 6.463715308597109, 61.885556118888246 ] ] ] ] } },
{ "type": "Feature", "properties": { "fid": 106970, "navn": null, "hoyde_moh": 825, "arealInnsjo_km2": 0.0025, "magasinKategori": null, "fid_2": 186, "id": 186, "left": 5.986919847, "top": 61.946110046000001, "right": 6.486919847, "bottom": 61.446110046000001, "row_index": 25, "col_index": 4, "tile_id": 186 }, "geometry": { "type": "MultiPolygon", "coordinates": [ [ [ [ 6.417712566387104, 61.858448691260293 ], [ 6.418111218215214, 61.858220905279957 ], [ 6.41730577265597, 61.857983823792566 ], [ 6.416624899163977, 61.858113015428678 ], [ 6.417344941443332, 61.858317902993157 ], [ 6.417208864459322, 61.858424163348324 ], [ 6.417712566387104, 61.858448691260293 ] ] ] ] } },
{ "type": "Feature", "properties": { "fid": 107003, "navn": null, "hoyde_moh": 242, "arealInnsjo_km2": 0.0021, "magasinKategori": null, "fid_2": 186, "id": 186, "left": 5.986919847, "top": 61.946110046000001, "right": 6.486919847, "bottom": 61.446110046000001, "row_index": 25, "col_index": 4, "tile_id": 186 }, "geometry": { "type": "MultiPolygon", "coordinates": [ [ [ [ 6.248611578997611, 61.944305080893542 ], [ 6.248802707236896, 61.943790701827659 ], [ 6.248465134838634, 61.943782563735269 ], [ 6.247804848018987, 61.944090539026234 ], [ 6.247827881168748, 61.944234147173944 ], [ 6.248299940093338, 61.944385255997105 ], [ 6.248611578997611, 61.944305080893542 ] ] ] ] } },
{ "type": "Feature", "properties": { "fid": 107004, "navn": null, "hoyde_moh": 243, "arealInnsjo_km2": 0.0062, "magasinKategori": null, "fid_2": 186, "id": 186, "left": 5.986919847, "top": 61.946110046000001, "right": 6.486919847, "bottom": 61.446110046000001, "row_index": 25, "col_index": 4, "tile_id": 186 }, "geometry": { "type": "MultiPolygon", "coordinates": [ [ [ [ 6.24607124547909, 61.944853986066903 ], [ 6.246900062857295, 61.944340304450428 ], [ 6.24515751552833, 61.944165242770794 ], [ 6.244672925100455, 61.944332197038115 ], [ 6.244650176744853, 61.944558626254761 ], [ 6.245158379039976, 61.944819135720067 ], [ 6.24607124547909, 61.944853986066903 ] ] ] ] } },
{ "type": "Feature", "properties": { "fid": 107006, "navn": null, "hoyde_moh": 255, "arealInnsjo_km2": 0.009, "magasinKategori": null, "fid_2": 186, "id": 186, "left": 5.986919847, "top": 61.946110046000001, "right": 6.486919847, "bottom": 61.446110046000001, "row_index": 25, "col_index": 4, "tile_id": 186 }, "geometry": { "type": "MultiPolygon", "coordinates": [ [ [ [ 6.242830051748294, 61.946094040094927 ], [ 6.242736961722574, 61.946110046 ], [ 6.242825134414132, 61.946110046 ], [ 6.242830051748294, 61.946094040094927 ] ] ], [ [ [ 6.24121333629148, 61.946001806312879 ], [ 6.239688413875154, 61.945947148940583 ], [ 6.239295943864638, 61.946110046 ], [ 6.241318250890782, 61.946110046 ], [ 6.24121333629148, 61.946001806312879 ] ] ] ] } },
{ "type": "Feature", "properties": { "fid": 107023, "navn": null, "hoyde_moh": 876, "arealInnsjo_km2": 0.003, "magasinKategori": null, "fid_2": 186, "id": 186, "left": 5.986919847, "top": 61.946110046000001, "right": 6.486919847, "bottom": 61.446110046000001, "row_index": 25, "col_index": 4, "tile_id": 186 }, "geometry": { "type": "MultiPolygon", "coordinates": [ [ [ [ 6.272442730600649, 61.882640397926089 ], [ 6.27321453489981, 61.882525816022259 ], [ 6.271345613234869, 61.882369514054929 ], [ 6.270961695973723, 61.882463249627996 ], [ 6.272655436465159, 61.88284319248438 ], [ 6.272442730600649, 61.882640397926089 ] ] ] ] } },
{ "type": "Feature", "properties": { "fid": 107025, "navn": null, "hoyde_moh": 732, "arealInnsjo_km2": 0.0026, "magasinKategori": null, "fid_2": 186, "id": 186, "left": 5.986919847, "top": 61.946110046000001, "right": 6.486919847, "bottom": 61.446110046000001, "row_index": 25, "col_index": 4, "tile_id": 186 }, "geometry": { "type": "MultiPolygon", "coordinates": [ [ [ [ 6.244393480281221, 61.881450508293945 ], [ 6.244578260096278, 61.8813066687201 ], [ 6.243274634793975, 61.881126939447135 ], [ 6.242901252552106, 61.881307476456435 ], [ 6.243713001585163, 61.881577292317736 ], [ 6.244393480281221, 61.881450508293945 ] ] ] ] } },
{ "type": "Feature", "properties": { "fid": 107026, "navn": null, "hoyde_moh": 811, "arealInnsjo_km2": 0.0167, "magasinKategori": null, "fid_2": 186, "id": 186, "left": 5.986919847, "top": 61.946110046000001, "right": 6.486919847, "bottom": 61.446110046000001, "row_index": 25, "col_index": 4, "tile_id": 186 }, "geometry": { "type": "MultiPolygon", "coordinates": [ [ [ [ 6.446815729764261, 61.892157135282055 ], [ 6.447044054460497, 61.89193403790344 ], [ 6.447558836944893, 61.891870057062633 ], [ 6.44689787478308, 61.89175398197704 ], [ 6.446940719438186, 61.891596146049331 ], [ 6.448685149315874, 61.891604247977263 ], [ 6.446574827881122, 61.891272892419977 ], [ 6.44443514643863, 61.891387796407514 ], [ 6.443945958032241, 61.891669801534803 ], [ 6.444116718999081, 61.892094572109968 ], [ 6.443870620142991, 61.892187469357523 ], [ 6.444419114335107, 61.892288206843169 ], [ 6.446815729764261, 61.892157135282055 ] ] ] ] } },
{ "type": "Feature", "properties": { "fid": 108169, "navn": null, "hoyde_moh": 1003, "arealInnsjo_km2": 0.034, "magasinKategori": null, "fid_2": 186, "id": 186, "left": 5.986919847, "top": 61.946110046000001, "right": 6.486919847, "bottom": 61.446110046000001, "row_index": 25, "col_index": 4, "tile_id": 186 }, "geometry": { "type": "MultiPolygon", "coordinates": [ [ [ [ 6.320909163399117, 61.460987026241689 ], [ 6.321536528418702, 61.460675856338483 ], [ 6.322089763101485, 61.46013868463556 ], [ 6.32213773125719, 61.459798378736792 ], [ 6.320780595252343, 61.459421396900368 ], [ 6.32018742285594, 61.458897932216473 ], [ 6.319946594337045, 61.459081587491447 ], [ 6.318918475633511, 61.459034303110656 ], [ 6.318812908694317, 61.459167103762766 ], [ 6.319238043218354, 61.459462882687248 ], [ 6.318541553960433, 61.459485212244815 ], [ 6.318343709998677, 61.459822583801142 ], [ 6.318863625565434, 61.459886670592361 ], [ 6.31823997374179, 61.460152896444775 ], [ 6.318806465436011, 61.460990398716945 ], [ 6.319557002620016, 61.461211841020678 ], [ 6.320909163399117, 61.460987026241689 ] ] ] ] } },
{ "type": "Feature", "properties": { "fid": 110688, "navn": null, "hoyde_moh": 1224, "arealInnsjo_km2": 0.008, "magasinKategori": null, "fid_2": 186, "id": 186, "left": 5.986919847, "top": 61.946110046000001, "right": 6.486919847, "bottom": 61.446110046000001, "row_index": 25, "col_index": 4, "tile_id": 186 }, "geometry": { "type": "MultiPolygon", "coordinates": [ [ [ [ 6.347386665820109, 61.457804317594963 ], [ 6.345800968021947, 61.457908294111746 ], [ 6.346453279106014, 61.45840596099201 ], [ 6.347299322951693, 61.458610949421711 ], [ 6.34855707816538, 61.458608565287015 ], [ 6.347386665820109, 61.457804317594963 ] ] ] ] } },
{ "type": "Feature", "properties": { "fid": 110814, "navn": null, "hoyde_moh": 953, "arealInnsjo_km2": 0.0044, "magasinKategori": null, "fid_2": 186, "id": 186, "left": 5.986919847, "top": 61.946110046000001, "right": 6.486919847, "bottom": 61.446110046000001, "row_index": 25, "col_index": 4, "tile_id": 186 }, "geometry": { "type": "MultiPolygon", "coordinates": [ [ [ [ 6.07769952764761, 61.458773766853973 ], [ 6.077443078112232, 61.458408724138849 ], [ 6.076086053609068, 61.458559095895538 ], [ 6.076554335558894, 61.458976080896981 ], [ 6.077249367090619, 61.459051325976404 ], [ 6.07769952764761, 61.458773766853973 ] ] ] ] } },
{ "type": "Feature", "properties": { "fid": 112835, "navn": null, "hoyde_moh": 1227, "arealInnsjo_km2": 0.0028, "magasinKategori": null, "fid_2": 186, "id": 186, "left": 5.986919847, "top": 61.946110046000001, "right": 6.486919847, "bottom": 61.446110046000001, "row_index": 25, "col_index": 4, "tile_id": 186 }, "geometry": { "type": "MultiPolygon", "coordinates": [ [ [ [ 6.387465570301308, 61.463133074091942 ], [ 6.386720479417447, 61.463064860470759 ], [ 6.386101410727984, 61.462612807250302 ], [ 6.386797482749468, 61.46348854145559 ], [ 6.387279670819174, 61.463560522197078 ], [ 6.387465570301308, 61.463133074091942 ] ] ] ] } },
{ "type": "Feature", "properties": { "fid": 113116, "navn": null, "hoyde_moh": 909, "arealInnsjo_km2": 0.0064, "magasinKategori": null, "fid_2": 186, "id": 186, "left": 5.986919847, "top": 61.946110046000001, "right": 6.486919847, "bottom": 61.446110046000001, "row_index": 25, "col_index": 4, "tile_id": 186 }, "geometry": { "type": "MultiPolygon", "coordinates": [ [ [ [ 6.081001084993094, 61.45345818838129 ], [ 6.080542269372612, 61.453041842827673 ], [ 6.081021775505459, 61.453040224552815 ], [ 6.080612069577976, 61.452906370855686 ], [ 6.080597601690537, 61.452754041978146 ], [ 6.079414239251342, 61.452590280209783 ], [ 6.07879006102464, 61.452721157280926 ], [ 6.079126927681318, 61.453130094802184 ], [ 6.080335091404021, 61.45327272081088 ], [ 6.080855016057625, 61.453583115565927 ], [ 6.081001084993094, 61.45345818838129 ] ] ] ] } },
{ "type": "Feature", "properties": { "fid": 113234, "navn": null, "hoyde_moh": 1295, "arealInnsjo_km2": 0.0063, "magasinKategori": null, "fid_2": 186, "id": 186, "left": 5.986919847, "top": 61.946110046000001, "right": 6.486919847, "bottom": 61.446110046000001, "row_index": 25, "col_index": 4, "tile_id": 186 }, "geometry": { "type": "MultiPolygon", "coordinates": [ [ [ [ 6.345899877993456, 61.46259381624224 ], [ 6.345872736234979, 61.462319351820021 ], [ 6.344929789209711, 61.461804805526349 ], [ 6.344530881667178, 61.461726343202891 ], [ 6.34384115239724, 61.461952767717904 ], [ 6.34340495727349, 61.461705785198539 ], [ 6.343257263346963, 61.461768783932051 ], [ 6.343354901237465, 61.46203547553241 ], [ 6.344432094805076, 61.462094651093757 ], [ 6.345716859128163, 61.462775790224256 ], [ 6.345899877993456, 61.46259381624224 ] ] ] ] } },
{ "type": "Feature", "properties": { "fid": 123010, "navn": null, "hoyde_moh": 1058, "arealInnsjo_km2": 0.0056, "magasinKategori": null, "fid_2": 186, "id": 186, "left": 5.986919847, "top": 61.946110046000001, "right": 6.486919847, "bottom": 61.446110046000001, "row_index": 25, "col_index": 4, "tile_id": 186 }, "geometry": { "type": "MultiPolygon", "coordinates": [ [ [ [ 5.998151353108335, 61.746779845144545 ], [ 5.997356475671429, 61.746571967035216 ], [ 5.995049785256242, 61.746491280882893 ], [ 5.995544393543612, 61.746796810098893 ], [ 5.996698299992537, 61.746766957600386 ], [ 5.997847516465407, 61.747008225324564 ], [ 5.998151353108335, 61.746779845144545 ] ] ] ] } },
{ "type": "Feature", "properties": { "fid": 123182, "navn": null, "hoyde_moh": 922, "arealInnsjo_km2": 0.0034, "magasinKategori": null, "fid_2": 186, "id": 186, "left": 5.986919847, "top": 61.946110046000001, "right": 6.486919847, "bottom": 61.446110046000001, "row_index": 25, "col_index": 4, "tile_id": 186 }, "geometry": { "type": "MultiPolygon", "coordinates": [ [ [ [ 6.142466328239543, 61.715574808342367 ], [ 6.142551101662252, 61.715421912322618 ], [ 6.142347535728388, 61.714876019739954 ], [ 6.14130138064761, 61.714900329865046 ], [ 6.141916425727502, 61.715292829054015 ], [ 6.141834302655321, 61.715570877923575 ], [ 6.142466328239543, 61.715574808342367 ] ] ] ] } },
{ "type": "Feature", "properties": { "fid": 125094, "navn": null, "hoyde_moh": 1100, "arealInnsjo_km2": 0.0236, "magasinKategori": null, "fid_2": 186, "id": 186, "left": 5.986919847, "top": 61.946110046000001, "right": 6.486919847, "bottom": 61.446110046000001, "row_index": 25, "col_index": 4, "tile_id": 186 }, "geometry": { "type": "MultiPolygon", "coordinates": [ [ [ [ 6.208383970402394, 61.480592758156739 ], [ 6.208685271721815, 61.48066817700046 ], [ 6.209304206169681, 61.480194992682144 ], [ 6.209349431297172, 61.479910148267543 ], [ 6.208866732755717, 61.47954618385419 ], [ 6.208271083082373, 61.47951723540843 ], [ 6.206317157567579, 61.480092312342656 ], [ 6.204391959200422, 61.480156007711329 ], [ 6.204381114063169, 61.480345683548926 ], [ 6.204612764041636, 61.480447395322877 ], [ 6.207405162046951, 61.48101634867043 ], [ 6.208383970402394, 61.480592758156739 ] ] ] ] } },
{ "type": "Feature", "properties": { "fid": 125450, "navn": "Storetjørna", "hoyde_moh": 805, "arealInnsjo_km2": 0.0073, "magasinKategori": null, "fid_2": 186, "id": 186, "left": 5.986919847, "top": 61.946110046000001, "right": 6.486919847, "bottom": 61.446110046000001, "row_index": 25, "col_index": 4, "tile_id": 186 }, "geometry": { "type": "MultiPolygon", "coordinates": [ [ [ [ 5.98968520810879, 61.471790790473555 ], [ 5.988901270149925, 61.471712064365384 ], [ 5.989131129972515, 61.471637178331996 ], [ 5.989052103405408, 61.471477081175991 ], [ 5.989573838829319, 61.471434209584103 ], [ 5.989261310922045, 61.471178560548701 ], [ 5.986919847, 61.471132399211335 ], [ 5.986919847, 61.471187835931374 ], [ 5.987090754424936, 61.47127449730867 ], [ 5.987051324288265, 61.471437727004499 ], [ 5.988208175809461, 61.471560210401051 ], [ 5.989106490117494, 61.471999428679965 ], [ 5.989945503183882, 61.47205452683761 ], [ 5.98968520810879, 61.471790790473555 ] ] ] ] } },
{ "type": "Feature", "properties": { "fid": 126101, "navn": null, "hoyde_moh": 915, "arealInnsjo_km2": 0.0052, "magasinKategori": null, "fid_2": 186, "id": 186, "left": 5.986919847, "top": 61.946110046000001, "right": 6.486919847, "bottom": 61.446110046000001, "row_index": 25, "col_index": 4, "tile_id": 186 }, "geometry": { "type": "MultiPolygon", "coordinates": [ [ [ [ 6.087191291527782, 61.452390790900814 ], [ 6.087227402382188, 61.451950440615768 ], [ 6.086571662490935, 61.451346264534081 ], [ 6.086343357162837, 61.451371967321542 ], [ 6.086301552605498, 61.451647736715323 ], [ 6.08590112049946, 61.451686307920525 ], [ 6.085980202553428, 61.451914018692861 ], [ 6.08653003455889, 61.45241776969943 ], [ 6.087191291527782, 61.452390790900814 ] ] ] ] } },
{ "type": "Feature", "properties": { "fid": 126462, "navn": "Storehaugtjørna", "hoyde_moh": 590, "arealInnsjo_km2": 0.0104, "magasinKategori": null, "fid_2": 186, "id": 186, "left": 5.986919847, "top": 61.946110046000001, "right": 6.486919847, "bottom": 61.446110046000001, "row_index": 25, "col_index": 4, "tile_id": 186 }, "geometry": { "type": "MultiPolygon", "coordinates": [ [ [ [ 6.161930272206436, 61.461146572941082 ], [ 6.161938627626862, 61.460979046151941 ], [ 6.162301590727603, 61.460879154207738 ], [ 6.162333743851475, 61.46072483952932 ], [ 6.161665695853929, 61.460681537160283 ], [ 6.16141660295661, 61.460224470479368 ], [ 6.160163880571504, 61.46006288053875 ], [ 6.160282731730959, 61.460316615701551 ], [ 6.160079015064033, 61.46097387435438 ], [ 6.161179421801012, 61.461318520249563 ], [ 6.161930272206436, 61.461146572941082 ] ] ] ] } },
{ "type": "Feature", "properties": { "fid": 126630, "navn": "Grønelitjørna", "hoyde_moh": 895, "arealInnsjo_km2": 0.0041, "magasinKategori": null, "fid_2": 186, "id": 186, "left": 5.986919847, "top": 61.946110046000001, "right": 6.486919847, "bottom": 61.446110046000001, "row_index": 25, "col_index": 4, "tile_id": 186 }, "geometry": { "type": "MultiPolygon", "coordinates": [ [ [ [ 6.108541356002263, 61.456587182027214 ], [ 6.108449679862659, 61.456432314963642 ], [ 6.107637359173087, 61.455908787031646 ], [ 6.107343975465146, 61.455941451322403 ], [ 6.107455680805815, 61.456259307191367 ], [ 6.107182467425185, 61.456434093121061 ], [ 6.107537627778472, 61.456346119909696 ], [ 6.107535430403615, 61.456706186499616 ], [ 6.108405496134604, 61.456824863584686 ], [ 6.108541356002263, 61.456587182027214 ] ] ] ] } },
{ "type": "Feature", "properties": { "fid": 127641, "navn": null, "hoyde_moh": 884, "arealInnsjo_km2": 0.0132, "magasinKategori": null, "fid_2": 186, "id": 186, "left": 5.986919847, "top": 61.946110046000001, "right": 6.486919847, "bottom": 61.446110046000001, "row_index": 25, "col_index": 4, "tile_id": 186 }, "geometry": { "type": "MultiPolygon", "coordinates": [ [ [ [ 6.108242560254116, 61.618691528698733 ], [ 6.112021109128713, 61.618830988929183 ], [ 6.110702376700587, 61.618197768039472 ], [ 6.110455962033882, 61.618207019677129 ], [ 6.110448738923822, 61.618367950262481 ], [ 6.110274145013274, 61.618410464149328 ], [ 6.110427551163533, 61.618491817347802 ], [ 6.109979566763236, 61.618437254797264 ], [ 6.109879828063445, 61.618266786063451 ], [ 6.110215137846829, 61.618160154818646 ], [ 6.110108348223654, 61.61810273120615 ], [ 6.108838863588539, 61.618221265649161 ], [ 6.108370542193803, 61.618102466029043 ], [ 6.107282157904644, 61.618433659870668 ], [ 6.108086567114253, 61.618824636753345 ], [ 6.108242560254116, 61.618691528698733 ] ] ] ] } },
{ "type": "Feature", "properties": { "fid": 127674, "navn": null, "hoyde_moh": 1172, "arealInnsjo_km2": 0.0183, "magasinKategori": null, "fid_2": 186, "id": 186, "left": 5.986919847, "top": 61.946110046000001, "right": 6.486919847, "bottom": 61.446110046000001, "row_index": 25, "col_index": 4, "tile_id": 186 }, "geometry": { "type": "MultiPolygon", "coordinates": [ [ [ [ 6.469969541097275, 61.708698328619093 ], [ 6.470802134267849, 61.708608441180843 ], [ 6.470623868533687, 61.708193153699511 ], [ 6.471092482328147, 61.707806222359068 ], [ 6.470408869232679, 61.707749188192004 ], [ 6.470341067898732, 61.707545591057659 ], [ 6.469671149968501, 61.707526896209224 ], [ 6.46825533913838, 61.708084580980227 ], [ 6.468430151853386, 61.708181893117221 ], [ 6.467954570810314, 61.708653195416389 ], [ 6.468224127505392, 61.708739648225595 ], [ 6.468257145611612, 61.709191266339516 ], [ 6.469006221328586, 61.709252504761224 ], [ 6.469969541097275, 61.708698328619093 ] ], [ [ 6.46923721936721, 61.707780239462146 ], [ 6.469512054785591, 61.707884634192901 ], [ 6.469109698080405, 61.708042947899216 ], [ 6.46923721936721, 61.707780239462146 ] ] ] ] } },
{ "type": "Feature", "properties": { "fid": 127695, "navn": null, "hoyde_moh": 829, "arealInnsjo_km2": 0.0143, "magasinKategori": null, "fid_2": 186, "id": 186, "left": 5.986919847, "top": 61.946110046000001, "right": 6.486919847, "bottom": 61.446110046000001, "row_index": 25, "col_index": 4, "tile_id": 186 }, "geometry": { "type": "MultiPolygon", "coordinates": [ [ [ [ 6.115321309973952, 61.616131106919134 ], [ 6.115196491081067, 61.615899536905381 ], [ 6.115464801392387, 61.615602162803192 ], [ 6.114931264296824, 61.615367506885875 ], [ 6.114888077978243, 61.615151674503281 ], [ 6.113315726304799, 61.615323702404602 ], [ 6.113211260760465, 61.615201094904215 ], [ 6.113335997263774, 61.614944115410822 ], [ 6.113208420575722, 61.614887049635094 ], [ 6.112027463163032, 61.615317854668596 ], [ 6.112597292611865, 61.615759229790413 ], [ 6.113484559385635, 61.615795743390812 ], [ 6.114333534824732, 61.616247980909748 ], [ 6.114813273963106, 61.616326569671038 ], [ 6.115321309973952, 61.616131106919134 ] ] ] ] } },
{ "type": "Feature", "properties": { "fid": 127696, "navn": null, "hoyde_moh": 852, "arealInnsjo_km2": 0.0046, "magasinKategori": null, "fid_2": 186, "id": 186, "left": 5.986919847, "top": 61.946110046000001, "right": 6.486919847, "bottom": 61.446110046000001, "row_index": 25, "col_index": 4, "tile_id": 186 }, "geometry": { "type": "MultiPolygon", "coordinates": [ [ [ [ 6.102155113802836, 61.616695154346637 ], [ 6.102415768085389, 61.61645622082051 ], [ 6.102171455008703, 61.616146578805306 ], [ 6.100795337706482, 61.616331335195788 ], [ 6.100649387844839, 61.616490669814318 ], [ 6.101167315337323, 61.616438513059649 ], [ 6.101525196323148, 61.616580643333307 ], [ 6.100814325147091, 61.616928951624416 ], [ 6.100048168500224, 61.617002511545898 ], [ 6.100465583833459, 61.61712324504164 ], [ 6.102155113802836, 61.616695154346637 ] ] ] ] } },
{ "type": "Feature", "properties": { "fid": 127816, "navn": null, "hoyde_moh": 842, "arealInnsjo_km2": 0.0032, "magasinKategori": null, "fid_2": 186, "id": 186, "left": 5.986919847, "top": 61.946110046000001, "right": 6.486919847, "bottom": 61.446110046000001, "row_index": 25, "col_index": 4, "tile_id": 186 }, "geometry": { "type": "MultiPolygon", "coordinates": [ [ [ [ 6.097281030494829, 61.505747413651939 ], [ 6.097568495313136, 61.505767858878428 ], [ 6.097618149137579, 61.505648039193282 ], [ 6.098694276481169, 61.505810455490085 ], [ 6.097510169253591, 61.50547664145671 ], [ 6.097336990650235, 61.505498054814417 ], [ 6.097498003304405, 61.505620616106761 ], [ 6.096990906490017, 61.505696156958201 ], [ 6.095319392151705, 61.505430661951799 ], [ 6.0973387458055, 61.505941622601618 ], [ 6.097281030494829, 61.505747413651939 ] ] ] ] } },
{ "type": "Feature", "properties": { "fid": 127872, "navn": null, "hoyde_moh": 968, "arealInnsjo_km2": 0.0053, "magasinKategori": null, "fid_2": 186, "id": 186, "left": 5.986919847, "top": 61.946110046000001, "right": 6.486919847, "bottom": 61.446110046000001, "row_index": 25, "col_index": 4, "tile_id": 186 }, "geometry": { "type": "MultiPolygon", "coordinates": [ [ [ [ 6.287370325551553, 61.579014807660634 ], [ 6.287562584931734, 61.578873117698507 ], [ 6.284372298545311, 61.578804818603643 ], [ 6.284580614479532, 61.578968273365852 ], [ 6.285422147843636, 61.579048734030899 ], [ 6.285405837774804, 61.579191518741517 ], [ 6.285843151159808, 61.579306623868078 ], [ 6.287370325551553, 61.579014807660634 ] ] ] ] } },
{ "type": "Feature", "properties": { "fid": 127873, "navn": null, "hoyde_moh": 961, "arealInnsjo_km2": 0.0052, "magasinKategori": null, "fid_2": 186, "id": 186, "left": 5.986919847, "top": 61.946110046000001, "right": 6.486919847, "bottom": 61.446110046000001, "row_index": 25, "col_index": 4, "tile_id": 186 }, "geometry": { "type": "MultiPolygon", "coordinates": [ [ [ [ 6.476716778621786, 61.599857239811179 ], [ 6.477019502190305, 61.599637618665838 ], [ 6.476375767632854, 61.599543090253995 ], [ 6.476391956138538, 61.599435268603237 ], [ 6.476041006842858, 61.599392725091228 ], [ 6.476183021611726, 61.599144044935102 ], [ 6.475736999290496, 61.599094265072381 ], [ 6.47537967406465, 61.599243976796629 ], [ 6.47512560153094, 61.599594004994167 ], [ 6.475409963474809, 61.599797658586702 ], [ 6.476716778621786, 61.599857239811179 ] ] ] ] } },
{ "type": "Feature", "properties": { "fid": 128019, "navn": null, "hoyde_moh": 834, "arealInnsjo_km2": 0.0026, "magasinKategori": null, "fid_2": 186, "id": 186, "left": 5.986919847, "top": 61.946110046000001, "right": 6.486919847, "bottom": 61.446110046000001, "row_index": 25, "col_index": 4, "tile_id": 186 }, "geometry": { "type": "MultiPolygon", "coordinates": [ [ [ [ 6.264461266890367, 61.592654074234297 ], [ 6.263187379213112, 61.592558391316516 ], [ 6.263345566980615, 61.592919861946207 ], [ 6.263869458054532, 61.59303301977107 ], [ 6.264461266890367, 61.592654074234297 ] ] ] ] } },
{ "type": "Feature", "properties": { "fid": 128220, "navn": null, "hoyde_moh": 814, "arealInnsjo_km2": 0.002, "magasinKategori": null, "fid_2": 186, "id": 186, "left": 5.986919847, "top": 61.946110046000001, "right": 6.486919847, "bottom": 61.446110046000001, "row_index": 25, "col_index": 4, "tile_id": 186 }, "geometry": { "type": "MultiPolygon", "coordinates": [ [ [ [ 6.354244441669044, 61.657468962330285 ], [ 6.3539848198828, 61.657249178868511 ], [ 6.35426493423995, 61.657069430613511 ], [ 6.353874447830305, 61.656741494772923 ], [ 6.353555570979315, 61.657003604237872 ], [ 6.353916268551851, 61.657339492484653 ], [ 6.353496703758168, 61.657353808115445 ], [ 6.353998399339624, 61.657562075160612 ], [ 6.354244441669044, 61.657468962330285 ] ] ] ] } },
{ "type": "Feature", "properties": { "fid": 128283, "navn": null, "hoyde_moh": 929, "arealInnsjo_km2": 0.0073, "magasinKategori": null, "fid_2": 186, "id": 186, "left": 5.986919847, "top": 61.946110046000001, "right": 6.486919847, "bottom": 61.446110046000001, "row_index": 25, "col_index": 4, "tile_id": 186 }, "geometry": { "type": "MultiPolygon", "coordinates": [ [ [ [ 6.196921217230392, 61.591703381422789 ], [ 6.197518038101219, 61.591224989673776 ], [ 6.196985954297995, 61.591141933436205 ], [ 6.195708919397539, 61.591295874911019 ], [ 6.195035408920604, 61.591409650208625 ], [ 6.194767047910719, 61.591664391744366 ], [ 6.195643418043776, 61.591873177064635 ], [ 6.196921217230392, 61.591703381422789 ] ] ] ] } },
{ "type": "Feature", "properties": { "fid": 128626, "navn": null, "hoyde_moh": 965, "arealInnsjo_km2": 0.0033, "magasinKategori": null, "fid_2": 186, "id": 186, "left": 5.986919847, "top": 61.946110046000001, "right": 6.486919847, "bottom": 61.446110046000001, "row_index": 25, "col_index": 4, "tile_id": 186 }, "geometry": { "type": "MultiPolygon", "coordinates": [ [ [ [ 6.041155982106384, 61.637741707971124 ], [ 6.04135756400497, 61.637598290835605 ], [ 6.039663260463028, 61.637324582555458 ], [ 6.039115127143432, 61.637399748002686 ], [ 6.039584256850188, 61.637538814253006 ], [ 6.039609602923114, 61.637678590792824 ], [ 6.041155982106384, 61.637741707971124 ] ] ] ] } },
{ "type": "Feature", "properties": { "fid": 129245, "navn": null, "hoyde_moh": 1125, "arealInnsjo_km2": 0.0092, "magasinKategori": null, "fid_2": 186, "id": 186, "left": 5.986919847, "top": 61.946110046000001, "right": 6.486919847, "bottom": 61.446110046000001, "row_index": 25, "col_index": 4, "tile_id": 186 }, "geometry": { "type": "MultiPolygon", "coordinates": [ [ [ [ 6.12109460645806, 61.638678936217133 ], [ 6.12033748272659, 61.638309414739048 ], [ 6.120284743077202, 61.638084376272111 ], [ 6.119767294202792, 61.637984559270691 ], [ 6.119858106217089, 61.637805058711329 ], [ 6.119176680851603, 61.637621312695053 ], [ 6.119792083930741, 61.637601020743155 ], [ 6.119123018622586, 61.637461279993204 ], [ 6.11879664624311, 61.637760474520135 ], [ 6.11899113057383, 61.638461823372495 ], [ 6.120560362448887, 61.638793648761023 ], [ 6.12109460645806, 61.638678936217133 ] ] ] ] } },
{ "type": "Feature", "properties": { "fid": 165564, "navn": "Støylsvatnet", "hoyde_moh": 415, "arealInnsjo_km2": 0.0351, "magasinKategori": null, "fid_2": 186, "id": 186, "left": 5.986919847, "top": 61.946110046000001, "right": 6.486919847, "bottom": 61.446110046000001, "row_index": 25, "col_index": 4, "tile_id": 186 }, "geometry": { "type": "MultiPolygon", "coordinates": [ [ [ [ 6.03565416714545, 61.822173410992754 ], [ 6.036602798638849, 61.822303127565185 ], [ 6.037586863254149, 61.822181002553506 ], [ 6.037510312887847, 61.821947294169981 ], [ 6.0378994753786, 61.82130023106793 ], [ 6.036736814160027, 61.821262200399978 ], [ 6.034974614172675, 61.820491019290955 ], [ 6.03425418192925, 61.820603890069563 ], [ 6.033471460022327, 61.820961040940446 ], [ 6.03347166575846, 61.821209887420714 ], [ 6.032888549472493, 61.82162192406787 ], [ 6.032881301926659, 61.821931833521866 ], [ 6.033015560895725, 61.822021199329811 ], [ 6.034125474370367, 61.821840311058239 ], [ 6.033886082614286, 61.822027843685596 ], [ 6.034107616651482, 61.822116802401979 ], [ 6.033952096584474, 61.822269991394961 ], [ 6.034750574348156, 61.82234356735416 ], [ 6.03565416714545, 61.822173410992754 ] ] ] ] } },
{ "type": "Feature", "properties": { "fid": 170634, "navn": null, "hoyde_moh": 1247, "arealInnsjo_km2": 0.0035, "magasinKategori": null, "fid_2": 186, "id": 186, "left": 5.986919847, "top": 61.946110046000001, "right": 6.486919847, "bottom": 61.446110046000001, "row_index": 25, "col_index": 4, "tile_id": 186 }, "geometry": { "type": "MultiPolygon", "coordinates": [ [ [ [ 6.083925536433795, 61.729665985464166 ], [ 6.08207772479298, 61.729779303657729 ], [ 6.082322052580825, 61.730000116024591 ], [ 6.083541819226762, 61.730115949630701 ], [ 6.084161296893301, 61.729976429007714 ], [ 6.083925536433795, 61.729665985464166 ] ] ] ] } },
{ "type": "Feature", "properties": { "fid": 173861, "navn": null, "hoyde_moh": 950, "arealInnsjo_km2": 0.0034, "magasinKategori": null, "fid_2": 186, "id": 186, "left": 5.986919847, "top": 61.946110046000001, "right": 6.486919847, "bottom": 61.446110046000001, "row_index": 25, "col_index": 4, "tile_id": 186 }, "geometry": { "type": "MultiPolygon", "coordinates": [ [ [ [ 6.085940159865613, 61.738258580449191 ], [ 6.086136932534473, 61.737978920489681 ], [ 6.085278816565642, 61.737878596315426 ], [ 6.084948905979014, 61.738237107786013 ], [ 6.084934656230524, 61.738548970291014 ], [ 6.085940159865613, 61.738258580449191 ] ] ] ] } },
{ "type": "Feature", "properties": { "fid": 173875, "navn": null, "hoyde_moh": 979, "arealInnsjo_km2": 0.0036, "magasinKategori": null, "fid_2": 186, "id": 186, "left": 5.986919847, "top": 61.946110046000001, "right": 6.486919847, "bottom": 61.446110046000001, "row_index": 25, "col_index": 4, "tile_id": 186 }, "geometry": { "type": "MultiPolygon", "coordinates": [ [ [ [ 6.208452015897744, 61.72090169299927 ], [ 6.208805905990633, 61.720650048699838 ], [ 6.207601706169137, 61.720534183315415 ], [ 6.206877638706716, 61.720804909884585 ], [ 6.207426308950094, 61.720952781036473 ], [ 6.208452015897744, 61.72090169299927 ] ] ] ] } },
{ "type": "Feature", "properties": { "fid": 173877, "navn": null, "hoyde_moh": 1136, "arealInnsjo_km2": 0.0056, "magasinKategori": null, "fid_2": 186, "id": 186, "left": 5.986919847, "top": 61.946110046000001, "right": 6.486919847, "bottom": 61.446110046000001, "row_index": 25, "col_index": 4, "tile_id": 186 }, "geometry": { "type": "MultiPolygon", "coordinates": [ [ [ [ 6.060015250913631, 61.709018469271896 ], [ 6.059830143378399, 61.708700179865545 ], [ 6.06004575392312, 61.708487231169777 ], [ 6.059568477712945, 61.708464163336771 ], [ 6.05959254289303, 61.708718358842418 ], [ 6.058732354622255, 61.708489800117967 ], [ 6.058452066027078, 61.708569430328211 ], [ 6.058418878297696, 61.708895148281883 ], [ 6.058674870042266, 61.70920147171104 ], [ 6.059224356751844, 61.709268786806874 ], [ 6.060015250913631, 61.709018469271896 ] ] ] ] } },
{ "type": "Feature", "properties": { "fid": 173878, "navn": null, "hoyde_moh": 1212, "arealInnsjo_km2": 0.0018, "magasinKategori": null, "fid_2": 186, "id": 186, "left": 5.986919847, "top": 61.946110046000001, "right": 6.486919847, "bottom": 61.446110046000001, "row_index": 25, "col_index": 4, "tile_id": 186 }, "geometry": { "type": "MultiPolygon", "coordinates": [ [ [ [ 6.050246933798002, 61.708779740700905 ], [ 6.050303775068137, 61.708671860936832 ], [ 6.049891540989851, 61.708525873154265 ], [ 6.049120762825019, 61.708545449117643 ], [ 6.049634497393072, 61.708860175646578 ], [ 6.050246933798002, 61.708779740700905 ] ] ] ] } },
{ "type": "Feature", "properties": { "fid": 173879, "navn": null, "hoyde_moh": 886, "arealInnsjo_km2": 0.0134, "magasinKategori": null, "fid_2": 186, "id": 186, "left": 5.986919847, "top": 61.946110046000001, "right": 6.486919847, "bottom": 61.446110046000001, "row_index": 25, "col_index": 4, "tile_id": 186 }, "geometry": { "type": "MultiPolygon", "coordinates": [ [ [ [ 6.096201279965013, 61.645525619538247 ], [ 6.096591920109005, 61.645712463362948 ], [ 6.097761080270647, 61.645845969809493 ], [ 6.098344340359706, 61.645440293721911 ], [ 6.097607317042656, 61.645071867075856 ], [ 6.097436174200967, 61.644745873162869 ], [ 6.096724353752603, 61.644498386732849 ], [ 6.096532673051303, 61.644567786441407 ], [ 6.096470398617394, 61.64480165762965 ], [ 6.096845885962224, 61.645174491241526 ], [ 6.096491244533583, 61.645187295169514 ], [ 6.096081255874468, 61.644976769098271 ], [ 6.095399644333956, 61.645016387165555 ], [ 6.09544859356876, 61.645158864104502 ], [ 6.095148935076406, 61.645290045798276 ], [ 6.095405450794058, 61.645590192433495 ], [ 6.095291773681122, 61.645695253034923 ], [ 6.096201279965013, 61.645525619538247 ] ] ] ] } },
{ "type": "Feature", "properties": { "fid": 173880, "navn": null, "hoyde_moh": 1147, "arealInnsjo_km2": 0.0312, "magasinKategori": null, "fid_2": 186, "id": 186, "left": 5.986919847, "top": 61.946110046000001, "right": 6.486919847, "bottom": 61.446110046000001, "row_index": 25, "col_index": 4, "tile_id": 186 }, "geometry": { "type": "MultiPolygon", "coordinates": [ [ [ [ 6.189714833274127, 61.58096267693417 ], [ 6.18974325760295, 61.580621335872415 ], [ 6.188982350389089, 61.580468070610458 ], [ 6.190014465092793, 61.580282847782925 ], [ 6.190687821706648, 61.579912927480351 ], [ 6.187821261579038, 61.579775998684752 ], [ 6.184569709307326, 61.579075247248817 ], [ 6.184217222833152, 61.579133835386848 ], [ 6.184929319354564, 61.579968981944589 ], [ 6.187050399049303, 61.580417065961157 ], [ 6.188546852035314, 61.580988529505092 ], [ 6.189714833274127, 61.58096267693417 ] ] ] ] } },
{ "type": "Feature", "properties": { "fid": 173902, "navn": null, "hoyde_moh": 1029, "arealInnsjo_km2": 0.0246, "magasinKategori": null, "fid_2": 186, "id": 186, "left": 5.986919847, "top": 61.946110046000001, "right": 6.486919847, "bottom": 61.446110046000001, "row_index": 25, "col_index": 4, "tile_id": 186 }, "geometry": { "type": "MultiPolygon", "coordinates": [ [ [ [ 6.052305599778514, 61.715615483033183 ], [ 6.052543018806094, 61.715275453766118 ], [ 6.053984026663534, 61.715176755009381 ], [ 6.054069920531203, 61.714855316008695 ], [ 6.053702339790479, 61.714579602282839 ], [ 6.053792844547531, 61.714404071007564 ], [ 6.052998355626092, 61.714061675032269 ], [ 6.051369332113508, 61.714032299645979 ], [ 6.050526469253768, 61.714679366399039 ], [ 6.050431174109804, 61.714960508548515 ], [ 6.050704952822855, 61.715205204119272 ], [ 6.051186173356711, 61.715235336746105 ], [ 6.050768414903532, 61.715488569738689 ], [ 6.051521898502552, 61.71547271874195 ], [ 6.051502160020164, 61.715596327221441 ], [ 6.052305599778514, 61.715615483033183 ] ] ] ] } },
{ "type": "Feature", "properties": { "fid": 173903, "navn": null, "hoyde_moh": 1106, "arealInnsjo_km2": 0.006, "magasinKategori": null, "fid_2": 186, "id": 186, "left": 5.986919847, "top": 61.946110046000001, "right": 6.486919847, "bottom": 61.446110046000001, "row_index": 25, "col_index": 4, "tile_id": 186 }, "geometry": { "type": "MultiPolygon", "coordinates": [ [ [ [ 6.069447420033395, 61.717299475903737 ], [ 6.070018785209816, 61.717454940065664 ], [ 6.070104632010244, 61.717335582845955 ], [ 6.06860845397609, 61.716617057145697 ], [ 6.06767833634617, 61.716562023033703 ], [ 6.068211944237722, 61.717162935722953 ], [ 6.068882797638583, 61.717411522498246 ], [ 6.069447420033395, 61.717299475903737 ] ] ] ] } },
{ "type": "Feature", "properties": { "fid": 173918, "navn": null, "hoyde_moh": 899, "arealInnsjo_km2": 0.0035, "magasinKategori": null, "fid_2": 186, "id": 186, "left": 5.986919847, "top": 61.946110046000001, "right": 6.486919847, "bottom": 61.446110046000001, "row_index": 25, "col_index": 4, "tile_id": 186 }, "geometry": { "type": "MultiPolygon", "coordinates": [ [ [ [ 6.154406688427502, 61.689671976661295 ], [ 6.154704340665513, 61.689326715724114 ], [ 6.154460530656582, 61.689174666968697 ], [ 6.153930587318713, 61.68918680888666 ], [ 6.15315734015117, 61.689504820335713 ], [ 6.153677283688181, 61.689770722301752 ], [ 6.154406688427502, 61.689671976661295 ] ] ] ] } },
{ "type": "Feature", "properties": { "fid": 173923, "navn": null, "hoyde_moh": 955, "arealInnsjo_km2": 0.0044, "magasinKategori": null, "fid_2": 186, "id": 186, "left": 5.986919847, "top": 61.946110046000001, "right": 6.486919847, "bottom": 61.446110046000001, "row_index": 25, "col_index": 4, "tile_id": 186 }, "geometry": { "type": "MultiPolygon", "coordinates": [ [ [ [ 6.141159314783684, 61.664535981922683 ], [ 6.141257799396982, 61.66417957564456 ], [ 6.140997729775433, 61.664093303260273 ], [ 6.140835513408111, 61.663824090233369 ], [ 6.140053616298039, 61.663834636929984 ], [ 6.140026076543169, 61.663994600247598 ], [ 6.140311652105165, 61.664285595940775 ], [ 6.140272134532807, 61.664608254564442 ], [ 6.141159314783684, 61.664535981922683 ] ] ] ] } },
{ "type": "Feature", "properties": { "fid": 173925, "navn": null, "hoyde_moh": 987, "arealInnsjo_km2": 0.0071, "magasinKategori": null, "fid_2": 186, "id": 186, "left": 5.986919847, "top": 61.946110046000001, "right": 6.486919847, "bottom": 61.446110046000001, "row_index": 25, "col_index": 4, "tile_id": 186 }, "geometry": { "type": "MultiPolygon", "coordinates": [ [ [ [ 6.168469916791111, 61.697029878326028 ], [ 6.168233531958561, 61.696788880938307 ], [ 6.169244888435593, 61.696567215233699 ], [ 6.169286300668263, 61.696344173301569 ], [ 6.168859329514732, 61.696174204490582 ], [ 6.169151483100997, 61.696012180570342 ], [ 6.169155045261223, 61.695851833299507 ], [ 6.169605393935464, 61.6957708400111 ], [ 6.16934137904139, 61.695675977421146 ], [ 6.168068041752565, 61.696133374792545 ], [ 6.167590743480196, 61.696119626750132 ], [ 6.168042078807916, 61.696948770196414 ], [ 6.167925449982009, 61.697055686380821 ], [ 6.168276216499819, 61.69722332817171 ], [ 6.168469916791111, 61.697029878326028 ] ] ] ] } },
{ "type": "Feature", "properties": { "fid": 173962, "navn": null, "hoyde_moh": 634, "arealInnsjo_km2": 0.0129, "magasinKategori": null, "fid_2": 186, "id": 186, "left": 5.986919847, "top": 61.946110046000001, "right": 6.486919847, "bottom": 61.446110046000001, "row_index": 25, "col_index": 4, "tile_id": 186 }, "geometry": { "type": "MultiPolygon", "coordinates": [ [ [ [ 5.996869575545056, 61.638552733555656 ], [ 5.996550319564798, 61.638356565694458 ], [ 5.996698787831057, 61.638274580171291 ], [ 5.996544412987502, 61.638221134544096 ], [ 5.996623794610289, 61.638029354928271 ], [ 5.995568295616648, 61.637713479971154 ], [ 5.996219912854489, 61.637545020041316 ], [ 5.996172594672177, 61.637416061204441 ], [ 5.994343556646075, 61.637459128835197 ], [ 5.994165758717915, 61.637628198030242 ], [ 5.994350136270737, 61.638015452063108 ], [ 5.99476385931689, 61.638320303281567 ], [ 5.996464747603925, 61.63868939161091 ], [ 5.996869575545056, 61.638552733555656 ] ] ] ] } },
{ "type": "Feature", "properties": { "fid": 173966, "navn": null, "hoyde_moh": 477, "arealInnsjo_km2": 0.0024, "magasinKategori": null, "fid_2": 186, "id": 186, "left": 5.986919847, "top": 61.946110046000001, "right": 6.486919847, "bottom": 61.446110046000001, "row_index": 25, "col_index": 4, "tile_id": 186 }, "geometry": { "type": "MultiPolygon", "coordinates": [ [ [ [ 6.037918377773199, 61.675053930851604 ], [ 6.038037025181911, 61.674923201102366 ], [ 6.03697785463531, 61.674859833184449 ], [ 6.036718377238675, 61.67502727554141 ], [ 6.036729355158218, 61.67518824870875 ], [ 6.037022331460159, 61.67529479761194 ], [ 6.037918377773199, 61.675053930851604 ] ] ] ] } },
{ "type": "Feature", "properties": { "fid": 173967, "navn": null, "hoyde_moh": 806, "arealInnsjo_km2": 0.0179, "magasinKategori": null, "fid_2": 186, "id": 186, "left": 5.986919847, "top": 61.946110046000001, "right": 6.486919847, "bottom": 61.446110046000001, "row_index": 25, "col_index": 4, "tile_id": 186 }, "geometry": { "type": "MultiPolygon", "coordinates": [ [ [ [ 6.083258188878842, 61.647084731230933 ], [ 6.083330886016453, 61.646444853948061 ], [ 6.083603856487732, 61.64617936148187 ], [ 6.08485288120319, 61.645550574788359 ], [ 6.084089379871606, 61.645106943347102 ], [ 6.082881295733556, 61.644976180895384 ], [ 6.082772956009904, 61.645783985439692 ], [ 6.082293621513567, 61.646156845603905 ], [ 6.082592349261135, 61.646376648651177 ], [ 6.082521511946507, 61.646563051107755 ], [ 6.08164119418651, 61.646806454374627 ], [ 6.082031080796725, 61.647057190048216 ], [ 6.083258188878842, 61.647084731230933 ] ] ] ] } },
{ "type": "Feature", "properties": { "fid": 174020, "navn": null, "hoyde_moh": 664, "arealInnsjo_km2": 0.0041, "magasinKategori": null, "fid_2": 186, "id": 186, "left": 5.986919847, "top": 61.946110046000001, "right": 6.486919847, "bottom": 61.446110046000001, "row_index": 25, "col_index": 4, "tile_id": 186 }, "geometry": { "type": "MultiPolygon", "coordinates": [ [ [ [ 6.082152274580737, 61.655629104957768 ], [ 6.082227426242685, 61.655342215076651 ], [ 6.08170398358792, 61.655148507768892 ], [ 6.081159705015839, 61.655266041593066 ], [ 6.080857332790755, 61.655833900806321 ], [ 6.081353992884125, 61.655894083512351 ], [ 6.082152274580737, 61.655629104957768 ] ] ] ] } },
{ "type": "Feature", "properties": { "fid": 174022, "navn": null, "hoyde_moh": 997, "arealInnsjo_km2": 0.0079, "magasinKategori": null, "fid_2": 186, "id": 186, "left": 5.986919847, "top": 61.946110046000001, "right": 6.486919847, "bottom": 61.446110046000001, "row_index": 25, "col_index": 4, "tile_id": 186 }, "geometry": { "type": "MultiPolygon", "coordinates": [ [ [ [ 6.060450261627118, 61.574086947469517 ], [ 6.060630193803145, 61.573742545563192 ], [ 6.059909886527334, 61.57312240430182 ], [ 6.059804721302935, 61.572855721997527 ], [ 6.059537473062332, 61.572830773547558 ], [ 6.059157142035325, 61.573674307488723 ], [ 6.058925180728452, 61.573850426801677 ], [ 6.060128802047052, 61.574202397065406 ], [ 6.060450261627118, 61.574086947469517 ] ] ] ] } },
{ "type": "Feature", "properties": { "fid": 174043, "navn": null, "hoyde_moh": 1013, "arealInnsjo_km2": 0.0115, "magasinKategori": null, "fid_2": 186, "id": 186, "left": 5.986919847, "top": 61.946110046000001, "right": 6.486919847, "bottom": 61.446110046000001, "row_index": 25, "col_index": 4, "tile_id": 186 }, "geometry": { "type": "MultiPolygon", "coordinates": [ [ [ [ 6.065696935572361, 61.712223608562205 ], [ 6.066158020060256, 61.71206473867035 ], [ 6.066037259340584, 61.711895748199446 ], [ 6.066731748928467, 61.711643666074607 ], [ 6.069066804750164, 61.711129964501097 ], [ 6.06528294866289, 61.711510064341368 ], [ 6.063921649888539, 61.711883985758341 ], [ 6.064114595112158, 61.712095320378253 ], [ 6.065696935572361, 61.712223608562205 ] ] ] ] } },
{ "type": "Feature", "properties": { "fid": 174044, "navn": null, "hoyde_moh": 1009, "arealInnsjo_km2": 0.0028, "magasinKategori": null, "fid_2": 186, "id": 186, "left": 5.986919847, "top": 61.946110046000001, "right": 6.486919847, "bottom": 61.446110046000001, "row_index": 25, "col_index": 4, "tile_id": 186 }, "geometry": { "type": "MultiPolygon", "coordinates": [ [ [ [ 6.149491175336373, 61.66497287566483 ], [ 6.149905066577388, 61.664833654569037 ], [ 6.14935956869915, 61.664675036213609 ], [ 6.149341265660066, 61.664454341895748 ], [ 6.148681892341751, 61.664388066644442 ], [ 6.148840980361843, 61.664688149472568 ], [ 6.148383137098775, 61.664816280218979 ], [ 6.149491175336373, 61.66497287566483 ] ] ] ] } },
{ "type": "Feature", "properties": { "fid": 174045, "navn": null, "hoyde_moh": 914, "arealInnsjo_km2": 0.0043, "magasinKategori": null, "fid_2": 186, "id": 186, "left": 5.986919847, "top": 61.946110046000001, "right": 6.486919847, "bottom": 61.446110046000001, "row_index": 25, "col_index": 4, "tile_id": 186 }, "geometry": { "type": "MultiPolygon", "coordinates": [ [ [ [ 6.10054431405791, 61.737520187059111 ], [ 6.09961100949866, 61.737266189155719 ], [ 6.098809808254057, 61.737444506405112 ], [ 6.098915399522386, 61.737701934724917 ], [ 6.099997158118817, 61.737838037457443 ], [ 6.10054431405791, 61.737520187059111 ] ] ] ] } },
{ "type": "Feature", "properties": { "fid": 174048, "navn": null, "hoyde_moh": 1152, "arealInnsjo_km2": 0.0035, "magasinKategori": null, "fid_2": 186, "id": 186, "left": 5.986919847, "top": 61.946110046000001, "right": 6.486919847, "bottom": 61.446110046000001, "row_index": 25, "col_index": 4, "tile_id": 186 }, "geometry": { "type": "MultiPolygon", "coordinates": [ [ [ [ 6.035255494875122, 61.729941562549257 ], [ 6.032752423680138, 61.729869580044188 ], [ 6.033739596039799, 61.730228764998614 ], [ 6.034136401027968, 61.730270104639501 ], [ 6.035255494875122, 61.729941562549257 ] ] ] ] } },
{ "type": "Feature", "properties": { "fid": 174055, "navn": null, "hoyde_moh": 820, "arealInnsjo_km2": 0.0033, "magasinKategori": null, "fid_2": 186, "id": 186, "left": 5.986919847, "top": 61.946110046000001, "right": 6.486919847, "bottom": 61.446110046000001, "row_index": 25, "col_index": 4, "tile_id": 186 }, "geometry": { "type": "MultiPolygon", "coordinates": [ [ [ [ 6.065268068953804, 61.630405175568967 ], [ 6.065417854887497, 61.630216565868857 ], [ 6.065231089512992, 61.629939824504781 ], [ 6.064192110202335, 61.629913537974815 ], [ 6.0646616184577, 61.630266828721844 ], [ 6.064319924445383, 61.630398246518652 ], [ 6.065350978570598, 61.630577290818366 ], [ 6.065268068953804, 61.630405175568967 ] ] ] ] } },
{ "type": "Feature", "properties": { "fid": 174056, "navn": null, "hoyde_moh": 885, "arealInnsjo_km2": 0.0037, "magasinKategori": null, "fid_2": 186, "id": 186, "left": 5.986919847, "top": 61.946110046000001, "right": 6.486919847, "bottom": 61.446110046000001, "row_index": 25, "col_index": 4, "tile_id": 186 }, "geometry": { "type": "MultiPolygon", "coordinates": [ [ [ [ 6.002636543560663, 61.690139349352059 ], [ 6.002362916476814, 61.689947958629048 ], [ 6.002703969787694, 61.689849962489376 ], [ 6.002680400407804, 61.689692302048243 ], [ 6.002168862779566, 61.689457590123901 ], [ 6.001401038859897, 61.689657754860619 ], [ 6.001471368344395, 61.68988106079123 ], [ 6.001817381779561, 61.689940580028221 ], [ 6.001771934477485, 61.6900681814056 ], [ 6.002396728601744, 61.690230219279805 ], [ 6.002636543560663, 61.690139349352059 ] ] ] ] } },
{ "type": "Feature", "properties": { "fid": 174057, "navn": "Skvetten", "hoyde_moh": 819, "arealInnsjo_km2": 0.0098, "magasinKategori": null, "fid_2": 186, "id": 186, "left": 5.986919847, "top": 61.946110046000001, "right": 6.486919847, "bottom": 61.446110046000001, "row_index": 25, "col_index": 4, "tile_id": 186 }, "geometry": { "type": "MultiPolygon", "coordinates": [ [ [ [ 6.021629807113239, 61.690941330528823 ], [ 6.022920704756538, 61.690497946418688 ], [ 6.02211993940982, 61.690319141042671 ], [ 6.021452864144092, 61.690508444896857 ], [ 6.020753129764739, 61.690498005474232 ], [ 6.019636344212817, 61.690812055335016 ], [ 6.019535254080596, 61.691001873386845 ], [ 6.020717618308722, 61.691318979892486 ], [ 6.021629807113239, 61.690941330528823 ] ] ] ] } },
{ "type": "Feature", "properties": { "fid": 174058, "navn": null, "hoyde_moh": 1137, "arealInnsjo_km2": 0.0023, "magasinKategori": null, "fid_2": 186, "id": 186, "left": 5.986919847, "top": 61.946110046000001, "right": 6.486919847, "bottom": 61.446110046000001, "row_index": 25, "col_index": 4, "tile_id": 186 }, "geometry": { "type": "MultiPolygon", "coordinates": [ [ [ [ 6.024233237766602, 61.728858653709302 ], [ 6.024076211213801, 61.728522812822462 ], [ 6.024615296639351, 61.72834851090812 ], [ 6.024422656897164, 61.728269907983922 ], [ 6.023607427603305, 61.728476872686315 ], [ 6.023419739558207, 61.728652307857018 ], [ 6.023517647652473, 61.728816130874925 ], [ 6.0230359370178, 61.728904553004689 ], [ 6.024233237766602, 61.728858653709302 ] ] ] ] } },
{ "type": "Feature", "properties": { "fid": 174091, "navn": null, "hoyde_moh": 952, "arealInnsjo_km2": 0.0029, "magasinKategori": null, "fid_2": 186, "id": 186, "left": 5.986919847, "top": 61.946110046000001, "right": 6.486919847, "bottom": 61.446110046000001, "row_index": 25, "col_index": 4, "tile_id": 186 }, "geometry": { "type": "MultiPolygon", "coordinates": [ [ [ [ 6.099194535376237, 61.736601437710199 ], [ 6.099256904004236, 61.736368011170235 ], [ 6.098327680267561, 61.736148612001365 ], [ 6.097983581495026, 61.736349507546926 ], [ 6.098095193983238, 61.73657506682612 ], [ 6.099194535376237, 61.736601437710199 ] ] ] ] } },
{ "type": "Feature", "properties": { "fid": 174101, "navn": null, "hoyde_moh": 1125, "arealInnsjo_km2": 0.0045, "magasinKategori": null, "fid_2": 186, "id": 186, "left": 5.986919847, "top": 61.946110046000001, "right": 6.486919847, "bottom": 61.446110046000001, "row_index": 25, "col_index": 4, "tile_id": 186 }, "geometry": { "type": "MultiPolygon", "coordinates": [ [ [ [ 6.018892425524267, 61.72825700684858 ], [ 6.0189672787169, 61.728075934205073 ], [ 6.018276347668404, 61.727644270066342 ], [ 6.017490452570619, 61.727584959282467 ], [ 6.017502517696342, 61.727833415272222 ], [ 6.017746108328123, 61.72809218979998 ], [ 6.018472232312991, 61.728327962958389 ], [ 6.018892425524267, 61.72825700684858 ] ] ] ] } },
{ "type": "Feature", "properties": { "fid": 174103, "navn": null, "hoyde_moh": 669, "arealInnsjo_km2": 0.0075, "magasinKategori": null, "fid_2": 186, "id": 186, "left": 5.986919847, "top": 61.946110046000001, "right": 6.486919847, "bottom": 61.446110046000001, "row_index": 25, "col_index": 4, "tile_id": 186 }, "geometry": { "type": "MultiPolygon", "coordinates": [ [ [ [ 6.092406706779312, 61.66221694057937 ], [ 6.092175997509643, 61.661991959682226 ], [ 6.092170341041596, 61.661485398483656 ], [ 6.091340112455575, 61.661096468646029 ], [ 6.090878913754943, 61.661180361617824 ], [ 6.090721213375331, 61.661531156599203 ], [ 6.090952105667992, 61.661783626662611 ], [ 6.091649266102618, 61.662291802020839 ], [ 6.092166360184508, 61.662405787318896 ], [ 6.092406706779312, 61.66221694057937 ] ] ] ] } },
{ "type": "Feature", "properties": { "fid": 174108, "navn": null, "hoyde_moh": 598, "arealInnsjo_km2": 0.0043, "magasinKategori": null, "fid_2": 186, "id": 186, "left": 5.986919847, "top": 61.946110046000001, "right": 6.486919847, "bottom": 61.446110046000001, "row_index": 25, "col_index": 4, "tile_id": 186 }, "geometry": { "type": "MultiPolygon", "coordinates": [ [ [ [ 6.15204514933319, 61.67588937817932 ], [ 6.152947496588079, 61.67553795492622 ], [ 6.152552082037366, 61.675381810435674 ], [ 6.150966007848075, 61.675625269405735 ], [ 6.151210988043944, 61.675964737093622 ], [ 6.15204514933319, 61.67588937817932 ] ] ] ] } },
{ "type": "Feature", "properties": { "fid": 174109, "navn": null, "hoyde_moh": 969, "arealInnsjo_km2": 0.0033, "magasinKategori": null, "fid_2": 186, "id": 186, "left": 5.986919847, "top": 61.946110046000001, "right": 6.486919847, "bottom": 61.446110046000001, "row_index": 25, "col_index": 4, "tile_id": 186 }, "geometry": { "type": "MultiPolygon", "coordinates": [ [ [ [ 6.186643850938947, 61.541302796753158 ], [ 6.18705724121171, 61.541006201324734 ], [ 6.187032780448013, 61.540854522423402 ], [ 6.185895066742118, 61.540666380750629 ], [ 6.186254557436333, 61.541322108248359 ], [ 6.18646388558782, 61.541537138882489 ], [ 6.186686353061966, 61.54149604035662 ], [ 6.186643850938947, 61.541302796753158 ] ] ] ] } },
{ "type": "Feature", "properties": { "fid": 174147, "navn": null, "hoyde_moh": 877, "arealInnsjo_km2": 0.0072, "magasinKategori": null, "fid_2": 186, "id": 186, "left": 5.986919847, "top": 61.946110046000001, "right": 6.486919847, "bottom": 61.446110046000001, "row_index": 25, "col_index": 4, "tile_id": 186 }, "geometry": { "type": "MultiPolygon", "coordinates": [ [ [ [ 6.057487261207884, 61.632757743246287 ], [ 6.056843919959396, 61.632527455714225 ], [ 6.057212478495847, 61.632409663878761 ], [ 6.057026884340862, 61.632223093530257 ], [ 6.055727795802984, 61.631899249212637 ], [ 6.055844291016157, 61.632071959133313 ], [ 6.056538642649986, 61.632222193355034 ], [ 6.056465983027072, 61.632308055976161 ], [ 6.056600724597576, 61.632364564564554 ], [ 6.056438751619702, 61.632395104478611 ], [ 6.054187433824148, 61.631699034553094 ], [ 6.055369066107127, 61.632524261848907 ], [ 6.056270087775636, 61.6327547265549 ], [ 6.057487261207884, 61.632757743246287 ] ] ] ] } },
{ "type": "Feature", "properties": { "fid": 174180, "navn": null, "hoyde_moh": 642, "arealInnsjo_km2": 0.0094, "magasinKategori": null, "fid_2": 186, "id": 186, "left": 5.986919847, "top": 61.946110046000001, "right": 6.486919847, "bottom": 61.446110046000001, "row_index": 25, "col_index": 4, "tile_id": 186 }, "geometry": { "type": "MultiPolygon", "coordinates": [ [ [ [ 6.185918859294352, 61.664496026754087 ], [ 6.185873405129971, 61.66416506309119 ], [ 6.185523399706495, 61.664005004314632 ], [ 6.184418588401493, 61.664000367199755 ], [ 6.18336366509361, 61.664305197235159 ], [ 6.183659677321978, 61.664626760016304 ], [ 6.185112010581479, 61.664781000454369 ], [ 6.185918859294352, 61.664496026754087 ] ] ] ] } },
{ "type": "Feature", "properties": { "fid": 174181, "navn": null, "hoyde_moh": 937, "arealInnsjo_km2": 0.0145, "magasinKategori": null, "fid_2": 186, "id": 186, "left": 5.986919847, "top": 61.946110046000001, "right": 6.486919847, "bottom": 61.446110046000001, "row_index": 25, "col_index": 4, "tile_id": 186 }, "geometry": { "type": "MultiPolygon", "coordinates": [ [ [ [ 6.137456266508889, 61.661614831553926 ], [ 6.137721055663539, 61.661169057987259 ], [ 6.136179209732068, 61.660687278436065 ], [ 6.136229147704792, 61.660316138801413 ], [ 6.136526324059464, 61.660031439631062 ], [ 6.136422201899776, 61.659928583152933 ], [ 6.135691652553937, 61.659891301949614 ], [ 6.134224362266254, 61.660587262692061 ], [ 6.134281747159125, 61.660711741392085 ], [ 6.135140330635179, 61.660736871530887 ], [ 6.137170241223649, 61.661761454266625 ], [ 6.137456266508889, 61.661614831553926 ] ] ] ] } },
{ "type": "Feature", "properties": { "fid": 174200, "navn": "Langevatnet", "hoyde_moh": 944, "arealInnsjo_km2": 0.0053, "magasinKategori": null, "fid_2": 186, "id": 186, "left": 5.986919847, "top": 61.946110046000001, "right": 6.486919847, "bottom": 61.446110046000001, "row_index": 25, "col_index": 4, "tile_id": 186 }, "geometry": { "type": "MultiPolygon", "coordinates": [ [ [ [ 6.456817388499172, 61.525286962745355 ], [ 6.456538426644997, 61.525057654130407 ], [ 6.453802860816784, 61.524083143880105 ], [ 6.454245935898314, 61.524529381760651 ], [ 6.455445833923403, 61.52483818482942 ], [ 6.456092279268446, 61.525280349870521 ], [ 6.456817388499172, 61.525286962745355 ] ] ] ] } },
{ "type": "Feature", "properties": { "fid": 174203, "navn": null, "hoyde_moh": 999, "arealInnsjo_km2": 0.0087, "magasinKategori": null, "fid_2": 186, "id": 186, "left": 5.986919847, "top": 61.946110046000001, "right": 6.486919847, "bottom": 61.446110046000001, "row_index": 25, "col_index": 4, "tile_id": 186 }, "geometry": { "type": "MultiPolygon", "coordinates": [ [ [ [ 6.063970492293034, 61.573745445417025 ], [ 6.064015327756675, 61.573472570029075 ], [ 6.064850541228279, 61.573049716490353 ], [ 6.063623369768798, 61.573095251653776 ], [ 6.063357560934814, 61.572816987981987 ], [ 6.062734109442905, 61.572989442227794 ], [ 6.062484144707978, 61.573287834873433 ], [ 6.062506341018465, 61.573534130886173 ], [ 6.063147475217054, 61.573679796273048 ], [ 6.062980321167426, 61.573933851944943 ], [ 6.063121094630842, 61.574086381729558 ], [ 6.063970492293034, 61.573745445417025 ] ] ] ] } },
{ "type": "Feature", "properties": { "fid": 174207, "navn": null, "hoyde_moh": 896, "arealInnsjo_km2": 0.0044, "magasinKategori": null, "fid_2": 186, "id": 186, "left": 5.986919847, "top": 61.946110046000001, "right": 6.486919847, "bottom": 61.446110046000001, "row_index": 25, "col_index": 4, "tile_id": 186 }, "geometry": { "type": "MultiPolygon", "coordinates": [ [ [ [ 6.147279894555113, 61.626035188475448 ], [ 6.147644564519254, 61.626028158197343 ], [ 6.148013002054287, 61.625794371624828 ], [ 6.14723215922184, 61.625850166681062 ], [ 6.147326175376615, 61.625544081725202 ], [ 6.147115372968282, 61.625523825667877 ], [ 6.146325116624929, 61.625697381850856 ], [ 6.146241429911693, 61.626053932577079 ], [ 6.14696366003463, 61.626270300031116 ], [ 6.147279894555113, 61.626035188475448 ] ] ] ] } },
{ "type": "Feature", "properties": { "fid": 174232, "navn": null, "hoyde_moh": 1048, "arealInnsjo_km2": 0.0054, "magasinKategori": null, "fid_2": 186, "id": 186, "left": 5.986919847, "top": 61.946110046000001, "right": 6.486919847, "bottom": 61.446110046000001, "row_index": 25, "col_index": 4, "tile_id": 186 }, "geometry": { "type": "MultiPolygon", "coordinates": [ [ [ [ 6.002727526853727, 61.728325924013568 ], [ 6.002535099032323, 61.728075653282161 ], [ 6.003351240670519, 61.727674895545007 ], [ 6.002333222712728, 61.727578176750427 ], [ 6.000795531853451, 61.727828417037536 ], [ 6.002000870300034, 61.728091019875663 ], [ 6.002319908872237, 61.728235325655042 ], [ 6.002225146012423, 61.728365814841645 ], [ 6.002727526853727, 61.728325924013568 ] ] ] ] } },
{ "type": "Feature", "properties": { "fid": 174274, "navn": null, "hoyde_moh": 1120, "arealInnsjo_km2": 0.0185, "magasinKategori": null, "fid_2": 186, "id": 186, "left": 5.986919847, "top": 61.946110046000001, "right": 6.486919847, "bottom": 61.446110046000001, "row_index": 25, "col_index": 4, "tile_id": 186 }, "geometry": { "type": "MultiPolygon", "coordinates": [ [ [ [ 5.98809656979415, 61.741775598115737 ], [ 5.988892134141512, 61.74157158321016 ], [ 5.992398204807085, 61.741486847319941 ], [ 5.99277190176131, 61.741339033235683 ], [ 5.990281564866706, 61.740888412645532 ], [ 5.988422840888513, 61.741313256745912 ], [ 5.986919847, 61.741372903492326 ], [ 5.986919847, 61.741673979919042 ], [ 5.98809656979415, 61.741775598115737 ] ] ] ] } },
{ "type": "Feature", "properties": { "fid": 174295, "navn": null, "hoyde_moh": 929, "arealInnsjo_km2": 0.0136, "magasinKategori": null, "fid_2": 186, "id": 186, "left": 5.986919847, "top": 61.946110046000001, "right": 6.486919847, "bottom": 61.446110046000001, "row_index": 25, "col_index": 4, "tile_id": 186 }, "geometry": { "type": "MultiPolygon", "coordinates": [ [ [ [ 6.026863162649869, 61.721508778952419 ], [ 6.028300469286836, 61.721430698801889 ], [ 6.028414686235575, 61.721246346422816 ], [ 6.028203093954749, 61.720953007797043 ], [ 6.027439333846116, 61.720663370158526 ], [ 6.026186727469925, 61.720863355112328 ], [ 6.026093642151131, 61.721049010192317 ], [ 6.025608562467314, 61.721191624838774 ], [ 6.024223940122004, 61.721039958846781 ], [ 6.023315822989895, 61.721100503266214 ], [ 6.023181076400568, 61.721273555222751 ], [ 6.026863162649869, 61.721508778952419 ] ] ] ] } },
{ "type": "Feature", "properties": { "fid": 174335, "navn": null, "hoyde_moh": 906, "arealInnsjo_km2": 0.0135, "magasinKategori": null, "fid_2": 186, "id": 186, "left": 5.986919847, "top": 61.946110046000001, "right": 6.486919847, "bottom": 61.446110046000001, "row_index": 25, "col_index": 4, "tile_id": 186 }, "geometry": { "type": "MultiPolygon", "coordinates": [ [ [ [ 6.093118296419077, 61.639470668134592 ], [ 6.09262165605465, 61.639274324348499 ], [ 6.092822429986224, 61.639123016120983 ], [ 6.09332761998671, 61.639468766783445 ], [ 6.093936648819836, 61.63949498552374 ], [ 6.094092894041814, 61.639661131285514 ], [ 6.094788207327223, 61.639609229475774 ], [ 6.094927150863481, 61.63912851557231 ], [ 6.094519488778343, 61.638861107226063 ], [ 6.09372434761323, 61.638775776347416 ], [ 6.093357783000108, 61.6390029678426 ], [ 6.093262544509449, 61.638641457608351 ], [ 6.092618001366759, 61.638923250766823 ], [ 6.09215825857933, 61.638813283700067 ], [ 6.091966203492057, 61.638568237967199 ], [ 6.091681253424897, 61.638570235206117 ], [ 6.091838517180264, 61.638806852975996 ], [ 6.091860985818926, 61.639486136857386 ], [ 6.092856769203094, 61.639855133390448 ], [ 6.093118296419077, 61.639470668134592 ] ] ] ] } },
{ "type": "Feature", "properties": { "fid": 174390, "navn": null, "hoyde_moh": 949, "arealInnsjo_km2": 0.0066, "magasinKategori": null, "fid_2": 186, "id": 186, "left": 5.986919847, "top": 61.946110046000001, "right": 6.486919847, "bottom": 61.446110046000001, "row_index": 25, "col_index": 4, "tile_id": 186 }, "geometry": { "type": "MultiPolygon", "coordinates": [ [ [ [ 6.033224085095572, 61.636550570141516 ], [ 6.033310331005877, 61.636280419908182 ], [ 6.032817045372037, 61.636029647699125 ], [ 6.032171216014179, 61.635972878971764 ], [ 6.032008311927011, 61.636128148851576 ], [ 6.031055376910096, 61.636298280684777 ], [ 6.031174378104649, 61.636568073836308 ], [ 6.032379784791407, 61.63667456237232 ], [ 6.033224085095572, 61.636550570141516 ] ] ] ] } },
{ "type": "Feature", "properties": { "fid": 174394, "navn": "Nykkjevatnet", "hoyde_moh": 409, "arealInnsjo_km2": 0.0399, "magasinKategori": null, "fid_2": 186, "id": 186, "left": 5.986919847, "top": 61.946110046000001, "right": 6.486919847, "bottom": 61.446110046000001, "row_index": 25, "col_index": 4, "tile_id": 186 }, "geometry": { "type": "MultiPolygon", "coordinates": [ [ [ [ 5.988906142092699, 61.592059869256481 ], [ 5.989435106613644, 61.591206149962169 ], [ 5.987896756423673, 61.590595470214268 ], [ 5.986919847, 61.590583699685325 ], [ 5.986919847, 61.592398842663115 ], [ 5.987325157048624, 61.59245508273461 ], [ 5.988906142092699, 61.592059869256481 ] ] ] ] } },
{ "type": "Feature", "properties": { "fid": 174419, "navn": null, "hoyde_moh": 778, "arealInnsjo_km2": 0.0036, "magasinKategori": null, "fid_2": 186, "id": 186, "left": 5.986919847, "top": 61.946110046000001, "right": 6.486919847, "bottom": 61.446110046000001, "row_index": 25, "col_index": 4, "tile_id": 186 }, "geometry": { "type": "MultiPolygon", "coordinates": [ [ [ [ 6.206160562129373, 61.735123444961118 ], [ 6.20648197658754, 61.734687080138663 ], [ 6.205915484796544, 61.734561286951354 ], [ 6.205023291061772, 61.734902660954781 ], [ 6.205421525777296, 61.735082914889745 ], [ 6.206160562129373, 61.735123444961118 ] ] ] ] } },
{ "type": "Feature", "properties": { "fid": 174448, "navn": "Storetjønna", "hoyde_moh": 477, "arealInnsjo_km2": 0.0052, "magasinKategori": null, "fid_2": 186, "id": 186, "left": 5.986919847, "top": 61.946110046000001, "right": 6.486919847, "bottom": 61.446110046000001, "row_index": 25, "col_index": 4, "tile_id": 186 }, "geometry": { "type": "MultiPolygon", "coordinates": [ [ [ [ 6.035915367780664, 61.675681991451349 ], [ 6.035880163508674, 61.675235526424096 ], [ 6.035047322884887, 61.674854558088072 ], [ 6.034543320980346, 61.674995014361485 ], [ 6.0346243572892, 61.675356833531474 ], [ 6.035070256351066, 61.67572176107214 ], [ 6.035915367780664, 61.675681991451349 ] ] ] ] } },
{ "type": "Feature", "properties": { "fid": 174469, "navn": null, "hoyde_moh": 833, "arealInnsjo_km2": 0.0056, "magasinKategori": null, "fid_2": 186, "id": 186, "left": 5.986919847, "top": 61.946110046000001, "right": 6.486919847, "bottom": 61.446110046000001, "row_index": 25, "col_index": 4, "tile_id": 186 }, "geometry": { "type": "MultiPolygon", "coordinates": [ [ [ [ 6.09027349640481, 61.743162458183455 ], [ 6.090566801216055, 61.742658651639275 ], [ 6.089854233364655, 61.742542406191021 ], [ 6.08868056556571, 61.74275539078144 ], [ 6.088874998284765, 61.743047207257511 ], [ 6.089527965067316, 61.743230681443443 ], [ 6.09027349640481, 61.743162458183455 ] ] ] ] } },
{ "type": "Feature", "properties": { "fid": 174474, "navn": null, "hoyde_moh": 785, "arealInnsjo_km2": 0.0042, "magasinKategori": null, "fid_2": 186, "id": 186, "left": 5.986919847, "top": 61.946110046000001, "right": 6.486919847, "bottom": 61.446110046000001, "row_index": 25, "col_index": 4, "tile_id": 186 }, "geometry": { "type": "MultiPolygon", "coordinates": [ [ [ [ 5.99544699837644, 61.678252905682058 ], [ 5.995681903536563, 61.678022347003647 ], [ 5.994200219083566, 61.677442992579167 ], [ 5.994378761279883, 61.678021837576495 ], [ 5.994941416119099, 61.678305172907031 ], [ 5.99544699837644, 61.678252905682058 ] ] ] ] } },
{ "type": "Feature", "properties": { "fid": 174477, "navn": null, "hoyde_moh": 773, "arealInnsjo_km2": 0.0014, "magasinKategori": null, "fid_2": 186, "id": 186, "left": 5.986919847, "top": 61.946110046000001, "right": 6.486919847, "bottom": 61.446110046000001, "row_index": 25, "col_index": 4, "tile_id": 186 }, "geometry": { "type": "MultiPolygon", "coordinates": [ [ [ [ 6.356570504311003, 61.652525984379245 ], [ 6.355916472763319, 61.652198360295635 ], [ 6.355440246111467, 61.652219191570367 ], [ 6.355733469912695, 61.652388985815705 ], [ 6.355666777457924, 61.652530820715292 ], [ 6.356570504311003, 61.652525984379245 ] ] ] ] } },
{ "type": "Feature", "properties": { "fid": 174479, "navn": null, "hoyde_moh": 985, "arealInnsjo_km2": 0.0048, "magasinKategori": null, "fid_2": 186, "id": 186, "left": 5.986919847, "top": 61.946110046000001, "right": 6.486919847, "bottom": 61.446110046000001, "row_index": 25, "col_index": 4, "tile_id": 186 }, "geometry": { "type": "MultiPolygon", "coordinates": [ [ [ [ 6.305181035983061, 61.545386139132624 ], [ 6.305184097436499, 61.545354444124591 ], [ 6.304510567114911, 61.54501887454326 ], [ 6.304546947331681, 61.544917313234834 ], [ 6.304076691271342, 61.544956883430082 ], [ 6.303814767803547, 61.544816123357073 ], [ 6.303265717115381, 61.544933750979887 ], [ 6.303491777455924, 61.545033814413856 ], [ 6.30322073627242, 61.545130976821511 ], [ 6.303508699897012, 61.5453076496132 ], [ 6.30337396682235, 61.545455208437851 ], [ 6.305181035983061, 61.545386139132624 ] ] ] ] } },
{ "type": "Feature", "properties": { "fid": 174488, "navn": null, "hoyde_moh": 884, "arealInnsjo_km2": 0.0045, "magasinKategori": null, "fid_2": 186, "id": 186, "left": 5.986919847, "top": 61.946110046000001, "right": 6.486919847, "bottom": 61.446110046000001, "row_index": 25, "col_index": 4, "tile_id": 186 }, "geometry": { "type": "MultiPolygon", "coordinates": [ [ [ [ 6.086184236897653, 61.633932476393795 ], [ 6.086104200812589, 61.633778191569284 ], [ 6.086316720835557, 61.63371930522775 ], [ 6.086231406515623, 61.633534759658218 ], [ 6.08515915931838, 61.633237137147319 ], [ 6.085109417160141, 61.633706533618302 ], [ 6.084882111814205, 61.633862865951585 ], [ 6.085729466196102, 61.634020460431437 ], [ 6.086184236897653, 61.633932476393795 ] ] ] ] } },
{ "type": "Feature", "properties": { "fid": 174522, "navn": null, "hoyde_moh": 1227, "arealInnsjo_km2": 0.0036, "magasinKategori": null, "fid_2": 186, "id": 186, "left": 5.986919847, "top": 61.946110046000001, "right": 6.486919847, "bottom": 61.446110046000001, "row_index": 25, "col_index": 4, "tile_id": 186 }, "geometry": { "type": "MultiPolygon", "coordinates": [ [ [ [ 6.259850344229951, 61.672807476542062 ], [ 6.259968623043062, 61.672755992888931 ], [ 6.259306405829268, 61.67254507660234 ], [ 6.257229809579845, 61.672728186310991 ], [ 6.257592960098448, 61.672897015689713 ], [ 6.259850344229951, 61.672807476542062 ] ] ] ] } },
{ "type": "Feature", "properties": { "fid": 174525, "navn": null, "hoyde_moh": 1004, "arealInnsjo_km2": 0.0123, "magasinKategori": null, "fid_2": 186, "id": 186, "left": 5.986919847, "top": 61.946110046000001, "right": 6.486919847, "bottom": 61.446110046000001, "row_index": 25, "col_index": 4, "tile_id": 186 }, "geometry": { "type": "MultiPolygon", "coordinates": [ [ [ [ 6.158223838684346, 61.696564608979216 ], [ 6.159304590267688, 61.696645013755322 ], [ 6.159815687558309, 61.696391787267885 ], [ 6.159505009960035, 61.6957995661745 ], [ 6.15862760646283, 61.695575691021098 ], [ 6.157911630701698, 61.695778537419216 ], [ 6.156690317210747, 61.695829948706056 ], [ 6.157466141044554, 61.695998251025806 ], [ 6.157536718944447, 61.696311714709701 ], [ 6.157340556250643, 61.69642836081794 ], [ 6.157784672943437, 61.696607978312016 ], [ 6.157248417214725, 61.696642229872779 ], [ 6.15785481004896, 61.696692062578407 ], [ 6.158223838684346, 61.696564608979216 ] ] ] ] } },
{ "type": "Feature", "properties": { "fid": 174600, "navn": null, "hoyde_moh": 695, "arealInnsjo_km2": 0.0064, "magasinKategori": null, "fid_2": 186, "id": 186, "left": 5.986919847, "top": 61.946110046000001, "right": 6.486919847, "bottom": 61.446110046000001, "row_index": 25, "col_index": 4, "tile_id": 186 }, "geometry": { "type": "MultiPolygon", "coordinates": [ [ [ [ 5.988081686166602, 61.639530453552268 ], [ 5.988405586357918, 61.639304564263682 ], [ 5.987898508598255, 61.638505301701514 ], [ 5.987398977202065, 61.6385734586148 ], [ 5.987236155550563, 61.638807239623596 ], [ 5.987405789342866, 61.638915491218938 ], [ 5.98706568647668, 61.639035993289127 ], [ 5.986919847, 61.639237562557092 ], [ 5.986919847, 61.639394553632194 ], [ 5.987576591042257, 61.639592909543957 ], [ 5.988081686166602, 61.639530453552268 ] ] ] ] } },
{ "type": "Feature", "properties": { "fid": 174601, "navn": null, "hoyde_moh": 1060, "arealInnsjo_km2": 0.0036, "magasinKategori": null, "fid_2": 186, "id": 186, "left": 5.986919847, "top": 61.946110046000001, "right": 6.486919847, "bottom": 61.446110046000001, "row_index": 25, "col_index": 4, "tile_id": 186 }, "geometry": { "type": "MultiPolygon", "coordinates": [ [ [ [ 6.170404563859278, 61.653089839408842 ], [ 6.168997389509494, 61.653024466052969 ], [ 6.169197339271962, 61.652909330357097 ], [ 6.168862288556246, 61.652843356856287 ], [ 6.169545436710444, 61.652640448224631 ], [ 6.168407408904525, 61.652645610634863 ], [ 6.169042079975428, 61.653120175978323 ], [ 6.168730818514726, 61.653112226731892 ], [ 6.168695688767232, 61.653242326216798 ], [ 6.169675004524324, 61.653312055100969 ], [ 6.170404563859278, 61.653089839408842 ] ] ] ] } },
{ "type": "Feature", "properties": { "fid": 177160, "navn": "Rundevatnet", "hoyde_moh": 897, "arealInnsjo_km2": 0.0031, "magasinKategori": null, "fid_2": 186, "id": 186, "left": 5.986919847, "top": 61.946110046000001, "right": 6.486919847, "bottom": 61.446110046000001, "row_index": 25, "col_index": 4, "tile_id": 186 }, "geometry": { "type": "MultiPolygon", "coordinates": [ [ [ [ 6.160927959645766, 61.867513447362604 ], [ 6.160069897227462, 61.867305063465501 ], [ 6.159368785043939, 61.867554529693066 ], [ 6.160158430952269, 61.867790929635049 ], [ 6.160927959645766, 61.867513447362604 ] ] ] ] } },
{ "type": "Feature", "properties": { "fid": 177226, "navn": null, "hoyde_moh": 680, "arealInnsjo_km2": 0.0092, "magasinKategori": null, "fid_2": 186, "id": 186, "left": 5.986919847, "top": 61.946110046000001, "right": 6.486919847, "bottom": 61.446110046000001, "row_index": 25, "col_index": 4, "tile_id": 186 }, "geometry": { "type": "MultiPolygon", "coordinates": [ [ [ [ 6.034632318720406, 61.889076076765122 ], [ 6.034639267893004, 61.888762166335297 ], [ 6.034195028823834, 61.888571381788658 ], [ 6.034121474195053, 61.888366795576317 ], [ 6.034782065158236, 61.887989513202868 ], [ 6.034709601227338, 61.887561019627306 ], [ 6.033591727153856, 61.888065905477646 ], [ 6.033036447828533, 61.888909538948468 ], [ 6.033527800329465, 61.889167235006852 ], [ 6.034632318720406, 61.889076076765122 ] ] ] ] } },
{ "type": "Feature", "properties": { "fid": 177228, "navn": null, "hoyde_moh": 920, "arealInnsjo_km2": 0.0163, "magasinKategori": null, "fid_2": 186, "id": 186, "left": 5.986919847, "top": 61.946110046000001, "right": 6.486919847, "bottom": 61.446110046000001, "row_index": 25, "col_index": 4, "tile_id": 186 }, "geometry": { "type": "MultiPolygon", "coordinates": [ [ [ [ 6.084995341622406, 61.453198865794953 ], [ 6.08517244334018, 61.453379270218434 ], [ 6.08555291831337, 61.453385835222775 ], [ 6.086058027949218, 61.453118838155284 ], [ 6.086162288278085, 61.452819623599204 ], [ 6.086342392185347, 61.452764624699192 ], [ 6.085605545791714, 61.45241202303017 ], [ 6.085443183465087, 61.452478854826801 ], [ 6.083901275771861, 61.451996964173098 ], [ 6.083398636878219, 61.452000952007829 ], [ 6.083167754077006, 61.452218520911153 ], [ 6.083311649681775, 61.452384357046554 ], [ 6.082613129587952, 61.452389247934782 ], [ 6.083305079361642, 61.45260126902302 ], [ 6.083385582425858, 61.452804313869883 ], [ 6.083653140050235, 61.452730867254871 ], [ 6.083609423506339, 61.452977772599731 ], [ 6.083360011203994, 61.452971804059729 ], [ 6.083886206884882, 61.45308016576935 ], [ 6.083933371135222, 61.452908496776502 ], [ 6.084298010507924, 61.452980535029099 ], [ 6.085008771209538, 61.453468337311328 ], [ 6.084995341622406, 61.453198865794953 ] ] ] ] } },
{ "type": "Feature", "properties": { "fid": 177229, "navn": null, "hoyde_moh": 1086, "arealInnsjo_km2": 0.0152, "magasinKategori": null, "fid_2": 186, "id": 186, "left": 5.986919847, "top": 61.946110046000001, "right": 6.486919847, "bottom": 61.446110046000001, "row_index": 25, "col_index": 4, "tile_id": 186 }, "geometry": { "type": "MultiPolygon", "coordinates": [ [ [ [ 6.40667985874031, 61.474545874312092 ], [ 6.40652978470463, 61.474218384608989 ], [ 6.406978784494547, 61.473959559785754 ], [ 6.40700374104287, 61.473600911225915 ], [ 6.406791755857085, 61.47316172739297 ], [ 6.406223382664293, 61.472649867110455 ], [ 6.405317824807012, 61.47234927604724 ], [ 6.405211355288771, 61.473214374181381 ], [ 6.405523880282376, 61.473538273255713 ], [ 6.405776582058875, 61.474455901502147 ], [ 6.406522225744204, 61.474682378337789 ], [ 6.40667985874031, 61.474545874312092 ] ] ] ] } },
{ "type": "Feature", "properties": { "fid": 177245, "navn": "Kjeavatnet", "hoyde_moh": 820, "arealInnsjo_km2": 0.006, "magasinKategori": null, "fid_2": 186, "id": 186, "left": 5.986919847, "top": 61.946110046000001, "right": 6.486919847, "bottom": 61.446110046000001, "row_index": 25, "col_index": 4, "tile_id": 186 }, "geometry": { "type": "MultiPolygon", "coordinates": [ [ [ [ 6.138192854991489, 61.863298040888147 ], [ 6.137868148147009, 61.863065303994659 ], [ 6.138083146899311, 61.862980126675126 ], [ 6.137943195114396, 61.862897566108018 ], [ 6.13826544150681, 61.862626046481438 ], [ 6.138161602357763, 61.862471364268792 ], [ 6.138352216451482, 61.862190574083989 ], [ 6.137347054773, 61.862450279955631 ], [ 6.136841966652088, 61.862748421883587 ], [ 6.13696368706558, 61.863082210049335 ], [ 6.137711444053322, 61.863182914602895 ], [ 6.137500050971576, 61.863363487742497 ], [ 6.13793513766046, 61.863478679264617 ], [ 6.138192854991489, 61.863298040888147 ] ] ] ] } },
{ "type": "Feature", "properties": { "fid": 177371, "navn": null, "hoyde_moh": 1516, "arealInnsjo_km2": 0.0026, "magasinKategori": null, "fid_2": 186, "id": 186, "left": 5.986919847, "top": 61.946110046000001, "right": 6.486919847, "bottom": 61.446110046000001, "row_index": 25, "col_index": 4, "tile_id": 186 }, "geometry": { "type": "MultiPolygon", "coordinates": [ [ [ [ 6.485737703678409, 61.496865160074172 ], [ 6.485764960941509, 61.496591761099836 ], [ 6.484808870800857, 61.496446469030005 ], [ 6.484645535882173, 61.496640951881965 ], [ 6.484660245558431, 61.496798942588754 ], [ 6.485465302326913, 61.496956776308188 ], [ 6.485737703678409, 61.496865160074172 ] ] ] ] } },
{ "type": "Feature", "properties": { "fid": 177493, "navn": null, "hoyde_moh": 971, "arealInnsjo_km2": 0.0049, "magasinKategori": null, "fid_2": 186, "id": 186, "left": 5.986919847, "top": 61.946110046000001, "right": 6.486919847, "bottom": 61.446110046000001, "row_index": 25, "col_index": 4, "tile_id": 186 }, "geometry": { "type": "MultiPolygon", "coordinates": [ [ [ [ 6.167816633981358, 61.873662693262702 ], [ 6.16786716969071, 61.873552550463963 ], [ 6.167596826817119, 61.873389928032466 ], [ 6.167929708743367, 61.873151113664321 ], [ 6.16768761715309, 61.873015802957077 ], [ 6.167347477567204, 61.87309564089972 ], [ 6.167596560031059, 61.87287978105995 ], [ 6.167189207436643, 61.872772454415681 ], [ 6.166605548451957, 61.873236233758966 ], [ 6.166741666851321, 61.873357459994025 ], [ 6.16646157024778, 61.873686712580849 ], [ 6.167816633981358, 61.873662693262702 ] ] ] ] } },
{ "type": "Feature", "properties": { "fid": 177641, "navn": "Trollevatnet", "hoyde_moh": 950, "arealInnsjo_km2": 0.0063, "magasinKategori": null, "fid_2": 186, "id": 186, "left": 5.986919847, "top": 61.946110046000001, "right": 6.486919847, "bottom": 61.446110046000001, "row_index": 25, "col_index": 4, "tile_id": 186 }, "geometry": { "type": "MultiPolygon", "coordinates": [ [ [ [ 6.119265891290926, 61.887670876630452 ], [ 6.120274356451933, 61.887646718350737 ], [ 6.120030362534166, 61.887404099625982 ], [ 6.119482170791393, 61.887299491925027 ], [ 6.117666721785358, 61.88755303335973 ], [ 6.116973501202654, 61.887859679962553 ], [ 6.117268829609552, 61.888001893310069 ], [ 6.119265891290926, 61.887670876630452 ] ] ] ] } },
{ "type": "Feature", "properties": { "fid": 177695, "navn": "Rantebotnvatnet", "hoyde_moh": 930, "arealInnsjo_km2": 0.0965, "magasinKategori": null, "fid_2": 186, "id": 186, "left": 5.986919847, "top": 61.946110046000001, "right": 6.486919847, "bottom": 61.446110046000001, "row_index": 25, "col_index": 4, "tile_id": 186 }, "geometry": { "type": "MultiPolygon", "coordinates": [ [ [ [ 6.142020572461001, 61.668796705453332 ], [ 6.144315947623308, 61.669000020809534 ], [ 6.148098238773257, 61.668776682868675 ], [ 6.146945727248274, 61.668046783879142 ], [ 6.144499322156375, 61.667894664563327 ], [ 6.143587798697066, 61.667590439462742 ], [ 6.143542127519673, 61.667406093563272 ], [ 6.144894209131563, 61.667158602667797 ], [ 6.144367825249749, 61.666805835324553 ], [ 6.1423537687261, 61.666638206289562 ], [ 6.139844792092224, 61.667018073372162 ], [ 6.138595086079124, 61.66742446444141 ], [ 6.136401817485156, 61.667721934880618 ], [ 6.136123617340772, 61.66786427942278 ], [ 6.135892274436398, 61.668251869923239 ], [ 6.137240542898254, 61.668436074923989 ], [ 6.1378961303835, 61.668333979703924 ], [ 6.13770419233322, 61.668476532215649 ], [ 6.13798633771504, 61.668670161935154 ], [ 6.139267171776856, 61.668827896687645 ], [ 6.142020572461001, 61.668796705453332 ] ] ] ] } },
{ "type": "Feature", "properties": { "fid": 177831, "navn": null, "hoyde_moh": 601, "arealInnsjo_km2": 0.169, "magasinKategori": null, "fid_2": 186, "id": 186, "left": 5.986919847, "top": 61.946110046000001, "right": 6.486919847, "bottom": 61.446110046000001, "row_index": 25, "col_index": 4, "tile_id": 186 }, "geometry": { "type": "MultiPolygon", "coordinates": [ [ [ [ 6.140401266410645, 61.599688038501718 ], [ 6.139988449153669, 61.599433710593971 ], [ 6.14527578575884, 61.599385871366763 ], [ 6.14729310391325, 61.599584325211737 ], [ 6.148027526369265, 61.599254885112003 ], [ 6.148772459710175, 61.599173821030583 ], [ 6.148757160156977, 61.598858258413081 ], [ 6.150543625506658, 61.598129538070253 ], [ 6.150262400963887, 61.597939856632443 ], [ 6.149506342236669, 61.597819589010918 ], [ 6.148807446680392, 61.597854139105053 ], [ 6.148844127464161, 61.597656643041319 ], [ 6.146962620637324, 61.597011444601939 ], [ 6.144612283895708, 61.596659030007636 ], [ 6.14308611969332, 61.596590286248265 ], [ 6.141901804964561, 61.596951225354388 ], [ 6.140760416139924, 61.596986926507896 ], [ 6.139766152957129, 61.597343815358713 ], [ 6.139180691087299, 61.597740778843736 ], [ 6.136768759295824, 61.598522654530129 ], [ 6.137021548176407, 61.599039447926451 ], [ 6.138144389887726, 61.599214745752853 ], [ 6.138006036852475, 61.599782251614975 ], [ 6.138198827905072, 61.59994548973463 ], [ 6.13904245858811, 61.600107597473432 ], [ 6.140401266410645, 61.599688038501718 ] ] ] ] } },
{ "type": "Feature", "properties": { "fid": 177884, "navn": null, "hoyde_moh": 1070, "arealInnsjo_km2": 0.0036, "magasinKategori": null, "fid_2": 186, "id": 186, "left": 5.986919847, "top": 61.946110046000001, "right": 6.486919847, "bottom": 61.446110046000001, "row_index": 25, "col_index": 4, "tile_id": 186 }, "geometry": { "type": "MultiPolygon", "coordinates": [ [ [ [ 6.032318790395331, 61.785537447146154 ], [ 6.032362191559097, 61.785164119938322 ], [ 6.031302282297971, 61.784962908342983 ], [ 6.031165980199043, 61.78525473652531 ], [ 6.031291374321436, 61.785478382970098 ], [ 6.032318790395331, 61.785537447146154 ] ] ] ] } },
{ "type": "Feature", "properties": { "fid": 177920, "navn": null, "hoyde_moh": 468, "arealInnsjo_km2": 0.0028, "magasinKategori": null, "fid_2": 186, "id": 186, "left": 5.986919847, "top": 61.946110046000001, "right": 6.486919847, "bottom": 61.446110046000001, "row_index": 25, "col_index": 4, "tile_id": 186 }, "geometry": { "type": "MultiPolygon", "coordinates": [ [ [ [ 6.029140707164453, 61.667989997317797 ], [ 6.02950586583227, 61.667764112236249 ], [ 6.026750597715335, 61.668018492970717 ], [ 6.029140707164453, 61.667989997317797 ] ] ] ] } },
{ "type": "Feature", "properties": { "fid": 177963, "navn": null, "hoyde_moh": 958, "arealInnsjo_km2": 0.0293, "magasinKategori": null, "fid_2": 186, "id": 186, "left": 5.986919847, "top": 61.946110046000001, "right": 6.486919847, "bottom": 61.446110046000001, "row_index": 25, "col_index": 4, "tile_id": 186 }, "geometry": { "type": "MultiPolygon", "coordinates": [ [ [ [ 6.265117697208599, 61.691968202278886 ], [ 6.265374516181363, 61.691683016353345 ], [ 6.26673691028881, 61.69141283135486 ], [ 6.269093077227507, 61.690191717624451 ], [ 6.269074899741117, 61.689581311261371 ], [ 6.268841633237034, 61.689499290320363 ], [ 6.268564128939156, 61.689879376167113 ], [ 6.268002897151923, 61.689459970305812 ], [ 6.267410375750507, 61.689576775849602 ], [ 6.26652380002641, 61.689321324656817 ], [ 6.266790988243194, 61.689789252330449 ], [ 6.266503936346274, 61.690352406963648 ], [ 6.265904499410296, 61.69091157683021 ], [ 6.265292459194997, 61.69100326802117 ], [ 6.264407361185252, 61.691433128404867 ], [ 6.264171928447496, 61.692094015381073 ], [ 6.265117697208599, 61.691968202278886 ] ] ] ] } },
{ "type": "Feature", "properties": { "fid": 177974, "navn": "Midtre Svartpøylevatnet", "hoyde_moh": 861, "arealInnsjo_km2": 0.1756, "magasinKategori": null, "fid_2": 186, "id": 186, "left": 5.986919847, "top": 61.946110046000001, "right": 6.486919847, "bottom": 61.446110046000001, "row_index": 25, "col_index": 4, "tile_id": 186 }, "geometry": { "type": "MultiPolygon", "coordinates": [ [ [ [ 6.166701386803267, 61.632278579663186 ], [ 6.166847658081779, 61.632207040678104 ], [ 6.166736545523202, 61.631952032053555 ], [ 6.167004081562576, 61.631881425544336 ], [ 6.166886945087292, 61.631766993224552 ], [ 6.167389790278038, 61.631665882523187 ], [ 6.172001960329209, 61.631846432851539 ], [ 6.173327049270289, 61.631708225106692 ], [ 6.173790133513388, 61.631498148837544 ], [ 6.174849532584243, 61.631646362848954 ], [ 6.175422001570433, 61.631331703855864 ], [ 6.176285623164847, 61.631166994292293 ], [ 6.176352248195578, 61.630936200641571 ], [ 6.176865981768601, 61.630873716949516 ], [ 6.176942298461031, 61.630711686715721 ], [ 6.176607903427571, 61.63050660606492 ], [ 6.175694889179767, 61.630384366292638 ], [ 6.171124919297985, 61.630091373415283 ], [ 6.170816689659071, 61.629931533426983 ], [ 6.169111447441999, 61.630012452336338 ], [ 6.168688036521057, 61.629841137801577 ], [ 6.167110604842414, 61.629733623910731 ], [ 6.167556735662213, 61.629591864880595 ], [ 6.166424547838585, 61.6292875825119 ], [ 6.164383359450819, 61.629392483439126 ], [ 6.163877913783074, 61.629183642705975 ], [ 6.162679361897471, 61.629626931389261 ], [ 6.160135494606346, 61.62950005892759 ], [ 6.161203845931914, 61.629840632903971 ], [ 6.162097480942538, 61.629885444192247 ], [ 6.160920233604267, 61.630218777251962 ], [ 6.161655979028991, 61.630300932087486 ], [ 6.161183046395888, 61.630618314652814 ], [ 6.161176634848135, 61.630774680352935 ], [ 6.161856335212994, 61.631072951525304 ], [ 6.162303525521311, 61.631702449931701 ], [ 6.164207294871179, 61.632382752151351 ], [ 6.16522108075113, 61.632441233191059 ], [ 6.166701386803267, 61.632278579663186 ] ], [ [ 6.165909042069367, 61.631198493261486 ], [ 6.166640119649292, 61.63127453224137 ], [ 6.166439630357597, 61.631378146211496 ], [ 6.165909042069367, 61.631198493261486 ] ], [ [ 6.165784014001988, 61.631524524039428 ], [ 6.16606770534921, 61.631551660593772 ], [ 6.166171000749742, 61.631718869482171 ], [ 6.165918406349026, 61.631712371940026 ], [ 6.165784014001988, 61.631524524039428 ] ] ] ] } },
{ "type": "Feature", "properties": { "fid": 178019, "navn": null, "hoyde_moh": 845, "arealInnsjo_km2": 0.0031, "magasinKategori": null, "fid_2": 186, "id": 186, "left": 5.986919847, "top": 61.946110046000001, "right": 6.486919847, "bottom": 61.446110046000001, "row_index": 25, "col_index": 4, "tile_id": 186 }, "geometry": { "type": "MultiPolygon", "coordinates": [ [ [ [ 6.101640426610341, 61.73970927222868 ], [ 6.100994841746895, 61.739370713024208 ], [ 6.100383923506393, 61.73965213245696 ], [ 6.100535665883458, 61.739887904624162 ], [ 6.101341266486984, 61.739938421030629 ], [ 6.101640426610341, 61.73970927222868 ] ] ] ] } },
{ "type": "Feature", "properties": { "fid": 178047, "navn": "Øykjeheivatnet", "hoyde_moh": 887, "arealInnsjo_km2": 0.2187, "magasinKategori": null, "fid_2": 186, "id": 186, "left": 5.986919847, "top": 61.946110046000001, "right": 6.486919847, "bottom": 61.446110046000001, "row_index": 25, "col_index": 4, "tile_id": 186 }, "geometry": { "type": "MultiPolygon", "coordinates": [ [ [ [ 6.340418479026706, 61.676788102430478 ], [ 6.340786173847609, 61.676691100538619 ], [ 6.34053790013181, 61.67654880671639 ], [ 6.340522816232941, 61.676115742442683 ], [ 6.341241242590604, 61.676119950551069 ], [ 6.340610266245727, 61.675828697342155 ], [ 6.340691982952361, 61.67569269932644 ], [ 6.340523284701163, 61.675567580146108 ], [ 6.340777145062115, 61.675351755358371 ], [ 6.340586476929831, 61.675214214963297 ], [ 6.341875335204523, 61.674916792273017 ], [ 6.342788547245105, 61.673946513590664 ], [ 6.343144460782718, 61.673121330373135 ], [ 6.342894171436091, 61.67282379606619 ], [ 6.341336052292632, 61.67249372542593 ], [ 6.341087464863286, 61.672213821429885 ], [ 6.341250510726034, 61.671857512916638 ], [ 6.341190168806941, 61.671592943718885 ], [ 6.339336157581519, 61.67125004866741 ], [ 6.338923241230733, 61.671468472178937 ], [ 6.338429629774942, 61.672073925613162 ], [ 6.337408444754424, 61.672391804465882 ], [ 6.336043193596374, 61.67250073718705 ], [ 6.335471812464327, 61.672084967666919 ], [ 6.3346537411143, 61.671823943285283 ], [ 6.334912728341622, 61.672064774326927 ], [ 6.333645318582406, 61.672161129023067 ], [ 6.332901052647751, 61.672477660879458 ], [ 6.332745884947474, 61.67280031686618 ], [ 6.333109101261958, 61.67291436229327 ], [ 6.333012229546028, 61.673172617595 ], [ 6.33489231389736, 61.673640215100704 ], [ 6.335336727355732, 61.673815532540551 ], [ 6.335155455147904, 61.673945181712511 ], [ 6.335540656348568, 61.674142380732988 ], [ 6.337513779700713, 61.674733312581409 ], [ 6.335940510555104, 61.674726815172633 ], [ 6.335208631360521, 61.675079474933426 ], [ 6.334071911275767, 61.674614200365475 ], [ 6.333579493976765, 61.674732773736423 ], [ 6.333338676868723, 61.675504844041761 ], [ 6.333290340282836, 61.676379619782871 ], [ 6.334290403064589, 61.676630115898114 ], [ 6.33764762371855, 61.676786549829757 ], [ 6.340161744743845, 61.677195991004183 ], [ 6.340418479026706, 61.676788102430478 ] ], [ [ 6.333846876622376, 61.672315818024821 ], [ 6.334511690430135, 61.672368232944507 ], [ 6.334408434881333, 61.672449823873229 ], [ 6.334124908862272, 61.672485139454835 ], [ 6.333846876622376, 61.672315818024821 ] ], [ [ 6.336823624319902, 61.675471689206923 ], [ 6.33681884927445, 61.675444824336765 ], [ 6.337306742610602, 61.675313303055866 ], [ 6.337783788389808, 61.675522671452669 ], [ 6.336823624319902, 61.675471689206923 ] ], [ [ 6.339347587315322, 61.676130849949722 ], [ 6.339328099622244, 61.676002497618974 ], [ 6.339795907591705, 61.676072865961551 ], [ 6.339607020647251, 61.676249736127481 ], [ 6.339347587315322, 61.676130849949722 ] ], [ [ 6.33901084311891, 61.676440225691408 ], [ 6.339595727553506, 61.676361853310816 ], [ 6.339534502692635, 61.676480455834557 ], [ 6.33901084311891, 61.676440225691408 ] ] ] ] } },
{ "type": "Feature", "properties": { "fid": 178048, "navn": null, "hoyde_moh": 1002, "arealInnsjo_km2": 0.0049, "magasinKategori": null, "fid_2": 186, "id": 186, "left": 5.986919847, "top": 61.946110046000001, "right": 6.486919847, "bottom": 61.446110046000001, "row_index": 25, "col_index": 4, "tile_id": 186 }, "geometry": { "type": "MultiPolygon", "coordinates": [ [ [ [ 6.239656166556687, 61.672889901455953 ], [ 6.238442279466134, 61.672668431957369 ], [ 6.237550484508131, 61.672897810758101 ], [ 6.237810623480099, 61.673115443735618 ], [ 6.238675025901324, 61.673280414011629 ], [ 6.239656166556687, 61.672889901455953 ] ] ] ] } },
{ "type": "Feature", "properties": { "fid": 178111, "navn": "Langebotnvatnet", "hoyde_moh": 928, "arealInnsjo_km2": 0.0213, "magasinKategori": null, "fid_2": 186, "id": 186, "left": 5.986919847, "top": 61.946110046000001, "right": 6.486919847, "bottom": 61.446110046000001, "row_index": 25, "col_index": 4, "tile_id": 186 }, "geometry": { "type": "MultiPolygon", "coordinates": [ [ [ [ 6.366888195817772, 61.600158326998205 ], [ 6.367090402740544, 61.599954563649611 ], [ 6.367063569350921, 61.59971274167949 ], [ 6.367414624559347, 61.599581412086309 ], [ 6.367780608914047, 61.599126903783592 ], [ 6.367700619806467, 61.598913679880404 ], [ 6.367022011773916, 61.598490552784874 ], [ 6.367081521532663, 61.598295869171004 ], [ 6.366654811792763, 61.598236470971706 ], [ 6.366411013453365, 61.5985514112785 ], [ 6.364977048672746, 61.599190271028064 ], [ 6.365531733132872, 61.600364353669256 ], [ 6.365850004477059, 61.600468346721655 ], [ 6.366888195817772, 61.600158326998205 ] ] ] ] } },
{ "type": "Feature", "properties": { "fid": 178112, "navn": "Vasskarvatnet", "hoyde_moh": 878, "arealInnsjo_km2": 0.0875, "magasinKategori": null, "fid_2": 186, "id": 186, "left": 5.986919847, "top": 61.946110046000001, "right": 6.486919847, "bottom": 61.446110046000001, "row_index": 25, "col_index": 4, "tile_id": 186 }, "geometry": { "type": "MultiPolygon", "coordinates": [ [ [ [ 6.38973468222227, 61.603874843993616 ], [ 6.390308536406351, 61.604054789659727 ], [ 6.390354168502559, 61.603758680059428 ], [ 6.390679853088221, 61.603652060382331 ], [ 6.392400305196173, 61.603552155851411 ], [ 6.393234230024785, 61.603347954753367 ], [ 6.392530706899763, 61.603228180163462 ], [ 6.392370402446146, 61.603033642740691 ], [ 6.3929711365833, 61.602774816790003 ], [ 6.393293006672299, 61.602175633646141 ], [ 6.392135707983375, 61.601778299112773 ], [ 6.391646465498855, 61.601405715995341 ], [ 6.390585931698413, 61.601354971258722 ], [ 6.390415194751887, 61.601138811357302 ], [ 6.389458936143855, 61.60100614557085 ], [ 6.388486715056075, 61.601045178071097 ], [ 6.387388531095917, 61.601335197228607 ], [ 6.386657697674244, 61.601692245916027 ], [ 6.386357941580804, 61.602062108977805 ], [ 6.386352862088656, 61.602592770768332 ], [ 6.386638570994532, 61.602916504654601 ], [ 6.38773052525366, 61.603539911930469 ], [ 6.388544808676872, 61.603690859117734 ], [ 6.389059079389929, 61.604060073269558 ], [ 6.389447024141495, 61.604090287421258 ], [ 6.38973468222227, 61.603874843993616 ] ] ] ] } },
{ "type": "Feature", "properties": { "fid": 178113, "navn": null, "hoyde_moh": 877, "arealInnsjo_km2": 0.003, "magasinKategori": null, "fid_2": 186, "id": 186, "left": 5.986919847, "top": 61.946110046000001, "right": 6.486919847, "bottom": 61.446110046000001, "row_index": 25, "col_index": 4, "tile_id": 186 }, "geometry": { "type": "MultiPolygon", "coordinates": [ [ [ [ 6.390824884496742, 61.604749689987607 ], [ 6.390937689671404, 61.604258113778911 ], [ 6.390023339387343, 61.604266867323055 ], [ 6.389776277570495, 61.604610450839495 ], [ 6.390317541991052, 61.604822203465332 ], [ 6.390824884496742, 61.604749689987607 ] ] ] ] } },
{ "type": "Feature", "properties": { "fid": 178114, "navn": null, "hoyde_moh": 866, "arealInnsjo_km2": 0.003, "magasinKategori": null, "fid_2": 186, "id": 186, "left": 5.986919847, "top": 61.946110046000001, "right": 6.486919847, "bottom": 61.446110046000001, "row_index": 25, "col_index": 4, "tile_id": 186 }, "geometry": { "type": "MultiPolygon", "coordinates": [ [ [ [ 6.244228607360144, 61.595396793172995 ], [ 6.244516592333285, 61.595052974617779 ], [ 6.244015224065395, 61.594790665670864 ], [ 6.243931419546441, 61.594858623065413 ], [ 6.244300422720893, 61.595099558901083 ], [ 6.244221920664837, 61.595206891245716 ], [ 6.242207768347463, 61.595498552909937 ], [ 6.242891838604711, 61.595608581446406 ], [ 6.244228607360144, 61.595396793172995 ] ] ] ] } },
{ "type": "Feature", "properties": { "fid": 178116, "navn": "Blomskredvatnet", "hoyde_moh": 769, "arealInnsjo_km2": 0.0509, "magasinKategori": null, "fid_2": 186, "id": 186, "left": 5.986919847, "top": 61.946110046000001, "right": 6.486919847, "bottom": 61.446110046000001, "row_index": 25, "col_index": 4, "tile_id": 186 }, "geometry": { "type": "MultiPolygon", "coordinates": [ [ [ [ 6.354581198711269, 61.651070159979952 ], [ 6.355110303765739, 61.651249546254803 ], [ 6.356031503784735, 61.650936687014628 ], [ 6.355778142250944, 61.650598236805671 ], [ 6.355398725997002, 61.650607249159989 ], [ 6.355692663788346, 61.650495593141166 ], [ 6.35578435084695, 61.650205476423899 ], [ 6.356566341434382, 61.649903180372682 ], [ 6.356529263441702, 61.649568374151727 ], [ 6.35629244486649, 61.649426380382423 ], [ 6.35652327743819, 61.649031199525396 ], [ 6.355795762792688, 61.648600426760332 ], [ 6.354229652840154, 61.64868343033406 ], [ 6.353664345235537, 61.6488691441239 ], [ 6.35220870890176, 61.649829758026804 ], [ 6.352037922874384, 61.650258388118679 ], [ 6.352173967757605, 61.650847479526924 ], [ 6.353997318999192, 61.651246113047684 ], [ 6.354581198711269, 61.651070159979952 ] ] ] ] } },
{ "type": "Feature", "properties": { "fid": 178126, "navn": "Tjørnene", "hoyde_moh": 799, "arealInnsjo_km2": 0.0311, "magasinKategori": null, "fid_2": 186, "id": 186, "left": 5.986919847, "top": 61.946110046000001, "right": 6.486919847, "bottom": 61.446110046000001, "row_index": 25, "col_index": 4, "tile_id": 186 }, "geometry": { "type": "MultiPolygon", "coordinates": [ [ [ [ 6.128091685722771, 61.564827703101564 ], [ 6.12647879392361, 61.563797915616846 ], [ 6.125603430861161, 61.563557422750669 ], [ 6.12383173350507, 61.563567916173092 ], [ 6.122729803405639, 61.56386354411994 ], [ 6.121474157978916, 61.563926334288958 ], [ 6.121315905543041, 61.56415273422455 ], [ 6.12181334147362, 61.564313193301409 ], [ 6.122567969228203, 61.563972140393787 ], [ 6.122988655681024, 61.563989845431109 ], [ 6.123509608764484, 61.564308176478391 ], [ 6.123548275197449, 61.564535817790379 ], [ 6.125167271379089, 61.564542527363706 ], [ 6.125320722314882, 61.564786178470051 ], [ 6.125574765823596, 61.564601471851695 ], [ 6.126046906097906, 61.564745889068753 ], [ 6.126389144825285, 61.565103925318546 ], [ 6.127831020627044, 61.565315256416838 ], [ 6.128091685722771, 61.564827703101564 ] ] ] ] } },
{ "type": "Feature", "properties": { "fid": 178171, "navn": null, "hoyde_moh": 805, "arealInnsjo_km2": 0.0046, "magasinKategori": null, "fid_2": 186, "id": 186, "left": 5.986919847, "top": 61.946110046000001, "right": 6.486919847, "bottom": 61.446110046000001, "row_index": 25, "col_index": 4, "tile_id": 186 }, "geometry": { "type": "MultiPolygon", "coordinates": [ [ [ [ 6.269098346117034, 61.627574526861132 ], [ 6.269072871454156, 61.627373395210675 ], [ 6.270313063706128, 61.627435709375568 ], [ 6.270883000295211, 61.627230940560956 ], [ 6.267981410739752, 61.627290729804294 ], [ 6.266992253859543, 61.627506287742904 ], [ 6.269098346117034, 61.627574526861132 ] ] ] ] } },
{ "type": "Feature", "properties": { "fid": 178172, "navn": null, "hoyde_moh": 956, "arealInnsjo_km2": 0.0072, "magasinKategori": null, "fid_2": 186, "id": 186, "left": 5.986919847, "top": 61.946110046000001, "right": 6.486919847, "bottom": 61.446110046000001, "row_index": 25, "col_index": 4, "tile_id": 186 }, "geometry": { "type": "MultiPolygon", "coordinates": [ [ [ [ 6.281468547916905, 61.66330017032513 ], [ 6.282584068152118, 61.663366231477852 ], [ 6.284376828038091, 61.662939956576359 ], [ 6.28341196850734, 61.663072313690655 ], [ 6.282878333841822, 61.66298712277105 ], [ 6.282638459081478, 61.663181343229624 ], [ 6.281643920233842, 61.66292617404681 ], [ 6.281430602297958, 61.663115862589642 ], [ 6.281082837513813, 61.663202057127997 ], [ 6.281563231514911, 61.662775263471993 ], [ 6.282337131167517, 61.662847596009058 ], [ 6.28262934897054, 61.662614270268818 ], [ 6.28178216419972, 61.662565787280293 ], [ 6.280792465529466, 61.66317447968347 ], [ 6.280616498828515, 61.663489619865935 ], [ 6.280913319679757, 61.663579500634548 ], [ 6.281468547916905, 61.66330017032513 ] ] ] ] } },
{ "type": "Feature", "properties": { "fid": 178254, "navn": null, "hoyde_moh": 979, "arealInnsjo_km2": 0.0027, "magasinKategori": null, "fid_2": 186, "id": 186, "left": 5.986919847, "top": 61.946110046000001, "right": 6.486919847, "bottom": 61.446110046000001, "row_index": 25, "col_index": 4, "tile_id": 186 }, "geometry": { "type": "MultiPolygon", "coordinates": [ [ [ [ 6.283898607878732, 61.717974043196662 ], [ 6.283086238836607, 61.717589056256863 ], [ 6.282843551115341, 61.717627626087186 ], [ 6.283029735013548, 61.717723400251373 ], [ 6.282486776568799, 61.71799552936502 ], [ 6.28348009012544, 61.718160817003323 ], [ 6.283898607878732, 61.717974043196662 ] ] ] ] } },
{ "type": "Feature", "properties": { "fid": 178256, "navn": null, "hoyde_moh": 875, "arealInnsjo_km2": 0.0029, "magasinKategori": null, "fid_2": 186, "id": 186, "left": 5.986919847, "top": 61.946110046000001, "right": 6.486919847, "bottom": 61.446110046000001, "row_index": 25, "col_index": 4, "tile_id": 186 }, "geometry": { "type": "MultiPolygon", "coordinates": [ [ [ [ 6.110646305360217, 61.617252964740281 ], [ 6.110518137710006, 61.617038340152945 ], [ 6.110893929306515, 61.616577482732147 ], [ 6.110738413607254, 61.616433183252859 ], [ 6.110475622547097, 61.616417051442276 ], [ 6.110151507892641, 61.616686632975835 ], [ 6.110011079175837, 61.61736290186213 ], [ 6.110324294627813, 61.617442344498684 ], [ 6.110646305360217, 61.617252964740281 ] ] ] ] } },
{ "type": "Feature", "properties": { "fid": 178259, "navn": null, "hoyde_moh": 831, "arealInnsjo_km2": 0.0029, "magasinKategori": null, "fid_2": 186, "id": 186, "left": 5.986919847, "top": 61.946110046000001, "right": 6.486919847, "bottom": 61.446110046000001, "row_index": 25, "col_index": 4, "tile_id": 186 }, "geometry": { "type": "MultiPolygon", "coordinates": [ [ [ [ 6.116255669957851, 61.616467914915901 ], [ 6.116295607449892, 61.616373019530812 ], [ 6.115285843045542, 61.61622891562083 ], [ 6.11497776728207, 61.616405028767012 ], [ 6.114993789839142, 61.61676286265503 ], [ 6.116255669957851, 61.616467914915901 ] ] ] ] } },
{ "type": "Feature", "properties": { "fid": 178300, "navn": "Lometjønna", "hoyde_moh": 427, "arealInnsjo_km2": 0.0055, "magasinKategori": null, "fid_2": 186, "id": 186, "left": 5.986919847, "top": 61.946110046000001, "right": 6.486919847, "bottom": 61.446110046000001, "row_index": 25, "col_index": 4, "tile_id": 186 }, "geometry": { "type": "MultiPolygon", "coordinates": [ [ [ [ 6.089102507318167, 61.936684715571275 ], [ 6.089189334681467, 61.93625447059329 ], [ 6.088575558973925, 61.936038668803064 ], [ 6.087739551432943, 61.936404525671854 ], [ 6.087769792640218, 61.93666209383229 ], [ 6.088487483062756, 61.936934292260474 ], [ 6.089102507318167, 61.936684715571275 ] ] ] ] } },
{ "type": "Feature", "properties": { "fid": 178301, "navn": null, "hoyde_moh": 831, "arealInnsjo_km2": 0.0042, "magasinKategori": null, "fid_2": 186, "id": 186, "left": 5.986919847, "top": 61.946110046000001, "right": 6.486919847, "bottom": 61.446110046000001, "row_index": 25, "col_index": 4, "tile_id": 186 }, "geometry": { "type": "MultiPolygon", "coordinates": [ [ [ [ 6.214959818881152, 61.886368946266053 ], [ 6.2150876916262, 61.885824788401827 ], [ 6.214479623729946, 61.88570199616759 ], [ 6.214395107433909, 61.885838156582864 ], [ 6.214526313097439, 61.885980514066745 ], [ 6.214111073387623, 61.885835787387173 ], [ 6.213627029849477, 61.885927267350105 ], [ 6.21383087347632, 61.886236408939453 ], [ 6.214959818881152, 61.886368946266053 ] ] ] ] } },
{ "type": "Feature", "properties": { "fid": 178345, "navn": null, "hoyde_moh": 573, "arealInnsjo_km2": 0.0039, "magasinKategori": null, "fid_2": 186, "id": 186, "left": 5.986919847, "top": 61.946110046000001, "right": 6.486919847, "bottom": 61.446110046000001, "row_index": 25, "col_index": 4, "tile_id": 186 }, "geometry": { "type": "MultiPolygon", "coordinates": [ [ [ [ 6.124875734066809, 61.602512414077843 ], [ 6.125024669442246, 61.602115044410723 ], [ 6.124280708556519, 61.602027056715329 ], [ 6.123640158154737, 61.602292941131999 ], [ 6.124037285901819, 61.602706612475089 ], [ 6.124875734066809, 61.602512414077843 ] ] ] ] } },
{ "type": "Feature", "properties": { "fid": 178346, "navn": null, "hoyde_moh": 600, "arealInnsjo_km2": 0.0026, "magasinKategori": null, "fid_2": 186, "id": 186, "left": 5.986919847, "top": 61.946110046000001, "right": 6.486919847, "bottom": 61.446110046000001, "row_index": 25, "col_index": 4, "tile_id": 186 }, "geometry": { "type": "MultiPolygon", "coordinates": [ [ [ [ 6.109967592410186, 61.603574139185852 ], [ 6.107719438931634, 61.60381095252535 ], [ 6.107828672374008, 61.603875499205579 ], [ 6.108912364375906, 61.603988827751301 ], [ 6.109967592410186, 61.603574139185852 ] ] ] ] } },
{ "type": "Feature", "properties": { "fid": 178383, "navn": null, "hoyde_moh": 1027, "arealInnsjo_km2": 0.0534, "magasinKategori": null, "fid_2": 186, "id": 186, "left": 5.986919847, "top": 61.946110046000001, "right": 6.486919847, "bottom": 61.446110046000001, "row_index": 25, "col_index": 4, "tile_id": 186 }, "geometry": { "type": "MultiPolygon", "coordinates": [ [ [ [ 6.282376919508653, 61.447658148679949 ], [ 6.282467385078085, 61.447457361598062 ], [ 6.283119548838638, 61.447332901753043 ], [ 6.283013271249237, 61.446949942601478 ], [ 6.283288386940935, 61.446834058802892 ], [ 6.282827965582717, 61.446110046 ], [ 6.278959440450284, 61.446110046 ], [ 6.279066380525169, 61.446215143565979 ], [ 6.278910586217916, 61.446660708337092 ], [ 6.279664519840951, 61.446875392312833 ], [ 6.279853838127753, 61.447142196744892 ], [ 6.28026743437164, 61.447147910733143 ], [ 6.28077595204975, 61.447390397022872 ], [ 6.280595758888246, 61.447580699108848 ], [ 6.281006171438648, 61.44776608324316 ], [ 6.281752102453602, 61.447825566226918 ], [ 6.282376919508653, 61.447658148679949 ] ] ] ] } },
{ "type": "Feature", "properties": { "fid": 178435, "navn": null, "hoyde_moh": 681, "arealInnsjo_km2": 0.0036, "magasinKategori": null, "fid_2": 186, "id": 186, "left": 5.986919847, "top": 61.946110046000001, "right": 6.486919847, "bottom": 61.446110046000001, "row_index": 25, "col_index": 4, "tile_id": 186 }, "geometry": { "type": "MultiPolygon", "coordinates": [ [ [ [ 6.097680599911478, 61.663035807924281 ], [ 6.097168732331897, 61.662663807540611 ], [ 6.096061014514368, 61.662771134147015 ], [ 6.096531603412828, 61.663170708961488 ], [ 6.09700120634278, 61.663076230842435 ], [ 6.097540406198111, 61.663233395913416 ], [ 6.097680599911478, 61.663035807924281 ] ] ] ] } },
{ "type": "Feature", "properties": { "fid": 178436, "navn": null, "hoyde_moh": 368, "arealInnsjo_km2": 0.0039, "magasinKategori": null, "fid_2": 186, "id": 186, "left": 5.986919847, "top": 61.946110046000001, "right": 6.486919847, "bottom": 61.446110046000001, "row_index": 25, "col_index": 4, "tile_id": 186 }, "geometry": { "type": "MultiPolygon", "coordinates": [ [ [ [ 5.997820896959273, 61.657225774057672 ], [ 5.997878290322586, 61.65703135820214 ], [ 5.996880628857126, 61.656831077798792 ], [ 5.996351778730574, 61.657049460528803 ], [ 5.996344337081315, 61.65729066506016 ], [ 5.996860239580458, 61.657445720799593 ], [ 5.997820896959273, 61.657225774057672 ] ] ] ] } },
{ "type": "Feature", "properties": { "fid": 178524, "navn": null, "hoyde_moh": 482, "arealInnsjo_km2": 0.0023, "magasinKategori": null, "fid_2": 186, "id": 186, "left": 5.986919847, "top": 61.946110046000001, "right": 6.486919847, "bottom": 61.446110046000001, "row_index": 25, "col_index": 4, "tile_id": 186 }, "geometry": { "type": "MultiPolygon", "coordinates": [ [ [ [ 6.469634836712387, 61.916066270980849 ], [ 6.469314444221611, 61.915854875582397 ], [ 6.468848368024311, 61.915840337417265 ], [ 6.468449429343793, 61.916133309467654 ], [ 6.469083005105426, 61.916342208281755 ], [ 6.469634836712387, 61.916066270980849 ] ] ] ] } },
{ "type": "Feature", "properties": { "fid": 178617, "navn": null, "hoyde_moh": 1031, "arealInnsjo_km2": 0.0182, "magasinKategori": null, "fid_2": 186, "id": 186, "left": 5.986919847, "top": 61.946110046000001, "right": 6.486919847, "bottom": 61.446110046000001, "row_index": 25, "col_index": 4, "tile_id": 186 }, "geometry": { "type": "MultiPolygon", "coordinates": [ [ [ [ 6.004365044105603, 61.749596652256301 ], [ 6.004529497908975, 61.749375314645313 ], [ 6.004869481711776, 61.749507520655563 ], [ 6.004834954306516, 61.749349408116444 ], [ 6.005338931683394, 61.749184679677022 ], [ 6.003055995770903, 61.748699863484042 ], [ 6.000475596177002, 61.748453755689297 ], [ 6.001546839080548, 61.748778864246795 ], [ 6.001441215471415, 61.749297854406848 ], [ 6.001589396155627, 61.749460410947869 ], [ 6.003038462762072, 61.74973157934641 ], [ 6.004365044105603, 61.749596652256301 ] ] ] ] } },
{ "type": "Feature", "properties": { "fid": 178651, "navn": "Lometjønna", "hoyde_moh": 407, "arealInnsjo_km2": 0.0026, "magasinKategori": null, "fid_2": 186, "id": 186, "left": 5.986919847, "top": 61.946110046000001, "right": 6.486919847, "bottom": 61.446110046000001, "row_index": 25, "col_index": 4, "tile_id": 186 }, "geometry": { "type": "MultiPolygon", "coordinates": [ [ [ [ 6.080619790063811, 61.795357756009828 ], [ 6.080942965956929, 61.795224093511429 ], [ 6.080097478827659, 61.794998015614517 ], [ 6.079530954382987, 61.795090165874306 ], [ 6.079274848904737, 61.79529681462791 ], [ 6.080083148551199, 61.79543387969106 ], [ 6.080619790063811, 61.795357756009828 ] ] ] ] } },
{ "type": "Feature", "properties": { "fid": 178821, "navn": null, "hoyde_moh": 433, "arealInnsjo_km2": 0.0016, "magasinKategori": null, "fid_2": 186, "id": 186, "left": 5.986919847, "top": 61.946110046000001, "right": 6.486919847, "bottom": 61.446110046000001, "row_index": 25, "col_index": 4, "tile_id": 186 }, "geometry": { "type": "MultiPolygon", "coordinates": [ [ [ [ 6.462940173464121, 61.924034027175026 ], [ 6.463072371914514, 61.923932530215239 ], [ 6.462224043304161, 61.923839552077695 ], [ 6.461969192001672, 61.924013331806833 ], [ 6.462096831322468, 61.924206295413704 ], [ 6.462940173464121, 61.924034027175026 ] ] ] ] } },
{ "type": "Feature", "properties": { "fid": 178822, "navn": "Heidegardsvatnet", "hoyde_moh": 714, "arealInnsjo_km2": 0.0032, "magasinKategori": null, "fid_2": 186, "id": 186, "left": 5.986919847, "top": 61.946110046000001, "right": 6.486919847, "bottom": 61.446110046000001, "row_index": 25, "col_index": 4, "tile_id": 186 }, "geometry": { "type": "MultiPolygon", "coordinates": [ [ [ [ 6.392193534186877, 61.919396672857999 ], [ 6.391553091792638, 61.919274953275348 ], [ 6.390925094411327, 61.919448157078556 ], [ 6.3910198850411, 61.91965061279442 ], [ 6.391845080962644, 61.919917036199017 ], [ 6.392193534186877, 61.919396672857999 ] ] ] ] } },
{ "type": "Feature", "properties": { "fid": 178845, "navn": null, "hoyde_moh": 1008, "arealInnsjo_km2": 0.0045, "magasinKategori": null, "fid_2": 186, "id": 186, "left": 5.986919847, "top": 61.946110046000001, "right": 6.486919847, "bottom": 61.446110046000001, "row_index": 25, "col_index": 4, "tile_id": 186 }, "geometry": { "type": "MultiPolygon", "coordinates": [ [ [ [ 6.02633068867205, 61.80378934854464 ], [ 6.026429803957355, 61.803591330840518 ], [ 6.02508893144661, 61.803483493315802 ], [ 6.024771734189356, 61.80386961237204 ], [ 6.025050843071734, 61.804165575314002 ], [ 6.02633068867205, 61.80378934854464 ] ] ] ] } },
{ "type": "Feature", "properties": { "fid": 179052, "navn": null, "hoyde_moh": 1029, "arealInnsjo_km2": 0.0109, "magasinKategori": null, "fid_2": 186, "id": 186, "left": 5.986919847, "top": 61.946110046000001, "right": 6.486919847, "bottom": 61.446110046000001, "row_index": 25, "col_index": 4, "tile_id": 186 }, "geometry": { "type": "MultiPolygon", "coordinates": [ [ [ [ 6.14957156135837, 61.658962827070468 ], [ 6.150546261018095, 61.659021452703477 ], [ 6.147545543337721, 61.658285976624953 ], [ 6.147489967731595, 61.657924319263792 ], [ 6.146801755552392, 61.657514921379885 ], [ 6.145505725567316, 61.657751515181303 ], [ 6.146267183472063, 61.657835672638534 ], [ 6.146165831077497, 61.658181228153005 ], [ 6.146366443376894, 61.658311420989776 ], [ 6.14709478563288, 61.658171652971909 ], [ 6.147672444729859, 61.658590109710055 ], [ 6.149160602279293, 61.659100065623718 ], [ 6.14957156135837, 61.658962827070468 ] ] ] ] } },
{ "type": "Feature", "properties": { "fid": 179068, "navn": null, "hoyde_moh": 955, "arealInnsjo_km2": 0.0035, "magasinKategori": null, "fid_2": 186, "id": 186, "left": 5.986919847, "top": 61.946110046000001, "right": 6.486919847, "bottom": 61.446110046000001, "row_index": 25, "col_index": 4, "tile_id": 186 }, "geometry": { "type": "MultiPolygon", "coordinates": [ [ [ [ 6.475767456367356, 61.897911895547423 ], [ 6.476098527488063, 61.897538809359276 ], [ 6.47539940863386, 61.89747822191341 ], [ 6.474688022427213, 61.897755140785456 ], [ 6.474622417763231, 61.898055450961543 ], [ 6.475767456367356, 61.897911895547423 ] ] ] ] } },
{ "type": "Feature", "properties": { "fid": 179069, "navn": null, "hoyde_moh": 867, "arealInnsjo_km2": 0.0063, "magasinKategori": null, "fid_2": 186, "id": 186, "left": 5.986919847, "top": 61.946110046000001, "right": 6.486919847, "bottom": 61.446110046000001, "row_index": 25, "col_index": 4, "tile_id": 186 }, "geometry": { "type": "MultiPolygon", "coordinates": [ [ [ [ 6.407917687420683, 61.897902584667769 ], [ 6.408295956149028, 61.897498355915161 ], [ 6.408112601410682, 61.897163876116146 ], [ 6.406416291765227, 61.897740964235659 ], [ 6.406683797948604, 61.898102871306776 ], [ 6.407043745529266, 61.898166789731377 ], [ 6.407917687420683, 61.897902584667769 ] ] ] ] } },
{ "type": "Feature", "properties": { "fid": 179112, "navn": null, "hoyde_moh": 820, "arealInnsjo_km2": 0.0096, "magasinKategori": null, "fid_2": 186, "id": 186, "left": 5.986919847, "top": 61.946110046000001, "right": 6.486919847, "bottom": 61.446110046000001, "row_index": 25, "col_index": 4, "tile_id": 186 }, "geometry": { "type": "MultiPolygon", "coordinates": [ [ [ [ 6.408099585075647, 61.791762453276235 ], [ 6.40691378065402, 61.79038408846651 ], [ 6.406580871567593, 61.790254970464737 ], [ 6.405912351438525, 61.791068562411169 ], [ 6.405967746603213, 61.79121893908161 ], [ 6.406229248431893, 61.791026030240381 ], [ 6.406442919927676, 61.791383675893627 ], [ 6.40698046963186, 61.791614312478906 ], [ 6.407136184802371, 61.791845628743808 ], [ 6.408099585075647, 61.791762453276235 ] ] ] ] } },
{ "type": "Feature", "properties": { "fid": 179113, "navn": null, "hoyde_moh": 811, "arealInnsjo_km2": 0.0024, "magasinKategori": null, "fid_2": 186, "id": 186, "left": 5.986919847, "top": 61.946110046000001, "right": 6.486919847, "bottom": 61.446110046000001, "row_index": 25, "col_index": 4, "tile_id": 186 }, "geometry": { "type": "MultiPolygon", "coordinates": [ [ [ [ 6.40402111197604, 61.791810472501616 ], [ 6.404780345770205, 61.79167505911775 ], [ 6.404698607090523, 61.791389776748709 ], [ 6.404413392121936, 61.791201691217495 ], [ 6.404013029284023, 61.791382136678308 ], [ 6.40377687530122, 61.791792089391855 ], [ 6.403989226550463, 61.791965825189791 ], [ 6.40402111197604, 61.791810472501616 ] ] ] ] } },
{ "type": "Feature", "properties": { "fid": 179135, "navn": null, "hoyde_moh": 1366, "arealInnsjo_km2": 0.0041, "magasinKategori": null, "fid_2": 186, "id": 186, "left": 5.986919847, "top": 61.946110046000001, "right": 6.486919847, "bottom": 61.446110046000001, "row_index": 25, "col_index": 4, "tile_id": 186 }, "geometry": { "type": "MultiPolygon", "coordinates": [ [ [ [ 6.392256929688179, 61.474959403720767 ], [ 6.392583288797337, 61.474981156855357 ], [ 6.392536925285627, 61.475257240973164 ], [ 6.393272520250727, 61.475165731692591 ], [ 6.392981499161206, 61.474734317803808 ], [ 6.39317918863207, 61.474546356625893 ], [ 6.39115694861126, 61.475107488744818 ], [ 6.392121163554447, 61.475253377346149 ], [ 6.392256929688179, 61.474959403720767 ] ] ] ] } },
{ "type": "Feature", "properties": { "fid": 179255, "navn": null, "hoyde_moh": 53, "arealInnsjo_km2": 0.0214, "magasinKategori": null, "fid_2": 186, "id": 186, "left": 5.986919847, "top": 61.946110046000001, "right": 6.486919847, "bottom": 61.446110046000001, "row_index": 25, "col_index": 4, "tile_id": 186 }, "geometry": { "type": "MultiPolygon", "coordinates": [ [ [ [ 6.124697777376553, 61.917305236308017 ], [ 6.124959027675096, 61.917136755030107 ], [ 6.12579861439875, 61.917197248539168 ], [ 6.126728611430454, 61.916927955445715 ], [ 6.127528479334314, 61.917129645406881 ], [ 6.128235268506618, 61.916866454857782 ], [ 6.128348706108649, 61.916612637187761 ], [ 6.127315334931558, 61.916227331019989 ], [ 6.124919519435311, 61.916274179340078 ], [ 6.123348380771025, 61.917107958157452 ], [ 6.123459576523686, 61.917297468684616 ], [ 6.124697777376553, 61.917305236308017 ] ] ] ] } },
{ "type": "Feature", "properties": { "fid": 179260, "navn": null, "hoyde_moh": 660, "arealInnsjo_km2": 0.0098, "magasinKategori": null, "fid_2": 186, "id": 186, "left": 5.986919847, "top": 61.946110046000001, "right": 6.486919847, "bottom": 61.446110046000001, "row_index": 25, "col_index": 4, "tile_id": 186 }, "geometry": { "type": "MultiPolygon", "coordinates": [ [ [ [ 6.236088098473324, 61.884440663222293 ], [ 6.236028519459889, 61.884334462849679 ], [ 6.236317940468727, 61.884217045282817 ], [ 6.236172190506825, 61.88344768114451 ], [ 6.235589272828835, 61.883186361384951 ], [ 6.234543139198923, 61.883468275835149 ], [ 6.234513929447059, 61.883671968590072 ], [ 6.234956290109754, 61.884198512348355 ], [ 6.235554014537807, 61.884432411671163 ], [ 6.236088098473324, 61.884440663222293 ] ] ] ] } },
{ "type": "Feature", "properties": { "fid": 179543, "navn": null, "hoyde_moh": 934, "arealInnsjo_km2": 0.001, "magasinKategori": null, "fid_2": 186, "id": 186, "left": 5.986919847, "top": 61.946110046000001, "right": 6.486919847, "bottom": 61.446110046000001, "row_index": 25, "col_index": 4, "tile_id": 186 }, "geometry": { "type": "MultiPolygon", "coordinates": [ [ [ [ 6.303234988900194, 61.80407480431915 ], [ 6.302160480225205, 61.804131566912112 ], [ 6.302660247268507, 61.804283344693452 ], [ 6.303026997795453, 61.804334388708625 ], [ 6.303234988900194, 61.80407480431915 ] ] ] ] } },
{ "type": "Feature", "properties": { "fid": 179548, "navn": null, "hoyde_moh": 164, "arealInnsjo_km2": 0.004, "magasinKategori": null, "fid_2": 186, "id": 186, "left": 5.986919847, "top": 61.946110046000001, "right": 6.486919847, "bottom": 61.446110046000001, "row_index": 25, "col_index": 4, "tile_id": 186 }, "geometry": { "type": "MultiPolygon", "coordinates": [ [ [ [ 6.232522548705828, 61.935546925973824 ], [ 6.232386662791666, 61.935372671911281 ], [ 6.233028966057959, 61.935081059774596 ], [ 6.233342403174936, 61.93448119389685 ], [ 6.232561813416668, 61.934619543212655 ], [ 6.23293686471123, 61.934909252333782 ], [ 6.232763262474258, 61.935048842082296 ], [ 6.23137239096108, 61.935395730461799 ], [ 6.232121403273588, 61.935622406685347 ], [ 6.232522548705828, 61.935546925973824 ] ] ] ] } },
{ "type": "Feature", "properties": { "fid": 179549, "navn": null, "hoyde_moh": 166, "arealInnsjo_km2": 0.0029, "magasinKategori": null, "fid_2": 186, "id": 186, "left": 5.986919847, "top": 61.946110046000001, "right": 6.486919847, "bottom": 61.446110046000001, "row_index": 25, "col_index": 4, "tile_id": 186 }, "geometry": { "type": "MultiPolygon", "coordinates": [ [ [ [ 6.236649953791605, 61.936530336769017 ], [ 6.23612020400762, 61.936195032769056 ], [ 6.234411133150934, 61.936004063988655 ], [ 6.236324570695151, 61.936573909068478 ], [ 6.236649953791605, 61.936530336769017 ] ] ] ] } },
{ "type": "Feature", "properties": { "fid": 179612, "navn": null, "hoyde_moh": 999, "arealInnsjo_km2": 0.0023, "magasinKategori": null, "fid_2": 186, "id": 186, "left": 5.986919847, "top": 61.946110046000001, "right": 6.486919847, "bottom": 61.446110046000001, "row_index": 25, "col_index": 4, "tile_id": 186 }, "geometry": { "type": "MultiPolygon", "coordinates": [ [ [ [ 6.33132530057971, 61.784194631128464 ], [ 6.331994051337245, 61.784214133430716 ], [ 6.331376625197355, 61.783788454672724 ], [ 6.330955990035409, 61.783710199271333 ], [ 6.330901854292018, 61.783954118775164 ], [ 6.330679017346215, 61.784052240650617 ], [ 6.331030527953565, 61.784243005194988 ], [ 6.33132530057971, 61.784194631128464 ] ] ] ] } },
{ "type": "Feature", "properties": { "fid": 179614, "navn": null, "hoyde_moh": 1005, "arealInnsjo_km2": 0.006, "magasinKategori": null, "fid_2": 186, "id": 186, "left": 5.986919847, "top": 61.946110046000001, "right": 6.486919847, "bottom": 61.446110046000001, "row_index": 25, "col_index": 4, "tile_id": 186 }, "geometry": { "type": "MultiPolygon", "coordinates": [ [ [ [ 6.336828110233597, 61.786125859726937 ], [ 6.334535752616755, 61.785400557103429 ], [ 6.333869355300587, 61.785346435698429 ], [ 6.333889564128308, 61.785555693222662 ], [ 6.334167965839613, 61.785760138681482 ], [ 6.335416457858813, 61.786157626159905 ], [ 6.336828110233597, 61.786125859726937 ] ] ] ] } },
{ "type": "Feature", "properties": { "fid": 179618, "navn": null, "hoyde_moh": 818, "arealInnsjo_km2": 0.004, "magasinKategori": null, "fid_2": 186, "id": 186, "left": 5.986919847, "top": 61.946110046000001, "right": 6.486919847, "bottom": 61.446110046000001, "row_index": 25, "col_index": 4, "tile_id": 186 }, "geometry": { "type": "MultiPolygon", "coordinates": [ [ [ [ 6.403537231806855, 61.790637852652686 ], [ 6.403524088088616, 61.790451295056862 ], [ 6.403015058728373, 61.790111329488369 ], [ 6.401840159356789, 61.790295219368623 ], [ 6.402330193494264, 61.790580603615595 ], [ 6.403315791770551, 61.790785315657239 ], [ 6.403537231806855, 61.790637852652686 ] ] ] ] } },
{ "type": "Feature", "properties": { "fid": 179625, "navn": null, "hoyde_moh": 1353, "arealInnsjo_km2": 0.0031, "magasinKategori": null, "fid_2": 186, "id": 186, "left": 5.986919847, "top": 61.946110046000001, "right": 6.486919847, "bottom": 61.446110046000001, "row_index": 25, "col_index": 4, "tile_id": 186 }, "geometry": { "type": "MultiPolygon", "coordinates": [ [ [ [ 6.388895187555321, 61.474981374533705 ], [ 6.388767013275681, 61.474718392166487 ], [ 6.388438616395179, 61.474604180797499 ], [ 6.388147449273268, 61.474715276829969 ], [ 6.388143565964168, 61.475433890348562 ], [ 6.388380648529426, 61.475519256391124 ], [ 6.388895187555321, 61.474981374533705 ] ] ] ] } },
{ "type": "Feature", "properties": { "fid": 179626, "navn": null, "hoyde_moh": 1450, "arealInnsjo_km2": 0.0043, "magasinKategori": null, "fid_2": 186, "id": 186, "left": 5.986919847, "top": 61.946110046000001, "right": 6.486919847, "bottom": 61.446110046000001, "row_index": 25, "col_index": 4, "tile_id": 186 }, "geometry": { "type": "MultiPolygon", "coordinates": [ [ [ [ 6.428002562125596, 61.477947172487426 ], [ 6.428358409107885, 61.477996266708168 ], [ 6.428748086350623, 61.477812021214952 ], [ 6.428884365900196, 61.477300100407263 ], [ 6.429145555080302, 61.477197862586671 ], [ 6.429284314269998, 61.476898637019588 ], [ 6.42874251956558, 61.4769590765506 ], [ 6.428319013519065, 61.477318038357751 ], [ 6.427932920853968, 61.477403421156396 ], [ 6.428074334144214, 61.47759321200877 ], [ 6.428379834378048, 61.477570378948158 ], [ 6.428594114465179, 61.477752138426105 ], [ 6.42792258066321, 61.477770847269795 ], [ 6.427475858061698, 61.478200598271521 ], [ 6.428002562125596, 61.477947172487426 ] ] ] ] } },
{ "type": "Feature", "properties": { "fid": 179949, "navn": null, "hoyde_moh": 1278, "arealInnsjo_km2": 0.014, "magasinKategori": null, "fid_2": 186, "id": 186, "left": 5.986919847, "top": 61.946110046000001, "right": 6.486919847, "bottom": 61.446110046000001, "row_index": 25, "col_index": 4, "tile_id": 186 }, "geometry": { "type": "MultiPolygon", "coordinates": [ [ [ [ 6.255837211277305, 61.458478704966502 ], [ 6.255890475617899, 61.458300095535201 ], [ 6.256259747549334, 61.45837041099233 ], [ 6.256264324897304, 61.457678814029926 ], [ 6.25593331795912, 61.457384738333552 ], [ 6.25458486092549, 61.456926295791462 ], [ 6.254807720460438, 61.457379985884074 ], [ 6.25463047374774, 61.457897337721036 ], [ 6.25424822834868, 61.457764018048522 ], [ 6.254013069095269, 61.457876021569213 ], [ 6.254051796330336, 61.458074493876374 ], [ 6.254667393914248, 61.458544818952092 ], [ 6.255837211277305, 61.458478704966502 ] ] ] ] } },
{ "type": "Feature", "properties": { "fid": 180143, "navn": null, "hoyde_moh": 202, "arealInnsjo_km2": 0.0104, "magasinKategori": null, "fid_2": 186, "id": 186, "left": 5.986919847, "top": 61.946110046000001, "right": 6.486919847, "bottom": 61.446110046000001, "row_index": 25, "col_index": 4, "tile_id": 186 }, "geometry": { "type": "MultiPolygon", "coordinates": [ [ [ [ 6.250183973839261, 61.939606491087588 ], [ 6.250052920823749, 61.93939046230372 ], [ 6.250489939580421, 61.939231112539424 ], [ 6.248147693926745, 61.93877482044585 ], [ 6.247418083140524, 61.938476925107629 ], [ 6.244422211092006, 61.938349377474729 ], [ 6.245633734821372, 61.938708594541907 ], [ 6.245952452462181, 61.93856978650529 ], [ 6.247331504677578, 61.938657431725041 ], [ 6.247863537370467, 61.939017950432991 ], [ 6.248654738077582, 61.939105634763948 ], [ 6.24973956273233, 61.939606517322773 ], [ 6.250183973839261, 61.939606491087588 ] ] ] ] } },
{ "type": "Feature", "properties": { "fid": 180288, "navn": null, "hoyde_moh": 725, "arealInnsjo_km2": 0.0054, "magasinKategori": null, "fid_2": 186, "id": 186, "left": 5.986919847, "top": 61.946110046000001, "right": 6.486919847, "bottom": 61.446110046000001, "row_index": 25, "col_index": 4, "tile_id": 186 }, "geometry": { "type": "MultiPolygon", "coordinates": [ [ [ [ 6.001222637326467, 61.479566145556682 ], [ 6.001259381348986, 61.47927357690822 ], [ 6.000628511546563, 61.478979244402552 ], [ 5.99938414190946, 61.479090847652181 ], [ 5.999588514771258, 61.479324444897152 ], [ 6.000560953495621, 61.479681010547928 ], [ 6.001222637326467, 61.479566145556682 ] ] ] ] } },
{ "type": "Feature", "properties": { "fid": 180289, "navn": null, "hoyde_moh": 1116, "arealInnsjo_km2": 0.0032, "magasinKategori": null, "fid_2": 186, "id": 186, "left": 5.986919847, "top": 61.946110046000001, "right": 6.486919847, "bottom": 61.446110046000001, "row_index": 25, "col_index": 4, "tile_id": 186 }, "geometry": { "type": "MultiPolygon", "coordinates": [ [ [ [ 6.439194972870482, 61.447814607303684 ], [ 6.439508162445322, 61.447728660887293 ], [ 6.439489402230396, 61.447551340404139 ], [ 6.439114406604793, 61.447363755298241 ], [ 6.438935567200578, 61.447572646513144 ], [ 6.438415309345428, 61.447601495430931 ], [ 6.438280139093337, 61.447800504982744 ], [ 6.438307962507637, 61.447915623945597 ], [ 6.43936476208513, 61.448083863606101 ], [ 6.439194972870482, 61.447814607303684 ] ] ] ] } },
{ "type": "Feature", "properties": { "fid": 180302, "navn": null, "hoyde_moh": 749, "arealInnsjo_km2": 0.0005, "magasinKategori": null, "fid_2": 186, "id": 186, "left": 5.986919847, "top": 61.946110046000001, "right": 6.486919847, "bottom": 61.446110046000001, "row_index": 25, "col_index": 4, "tile_id": 186 }, "geometry": { "type": "MultiPolygon", "coordinates": [ [ [ [ 6.447345702750702, 61.878650921067639 ], [ 6.447616219380431, 61.878503366396949 ], [ 6.447251988422889, 61.878452559087293 ], [ 6.447091418611799, 61.878599048185173 ], [ 6.447345702750702, 61.878650921067639 ] ] ] ] } },
{ "type": "Feature", "properties": { "fid": 180454, "navn": null, "hoyde_moh": 1235, "arealInnsjo_km2": 0.0068, "magasinKategori": null, "fid_2": 186, "id": 186, "left": 5.986919847, "top": 61.946110046000001, "right": 6.486919847, "bottom": 61.446110046000001, "row_index": 25, "col_index": 4, "tile_id": 186 }, "geometry": { "type": "MultiPolygon", "coordinates": [ [ [ [ 6.416624039107365, 61.466491584406754 ], [ 6.416627718556867, 61.466222188936896 ], [ 6.416008364026697, 61.465994922812321 ], [ 6.415548502844599, 61.466102954310763 ], [ 6.415494027810068, 61.466533072745285 ], [ 6.414797644872586, 61.466780465885904 ], [ 6.415064879061838, 61.467180684853624 ], [ 6.415444536047518, 61.467133866243408 ], [ 6.416624039107365, 61.466491584406754 ] ] ] ] } },
{ "type": "Feature", "properties": { "fid": 180455, "navn": null, "hoyde_moh": 1185, "arealInnsjo_km2": 0.0064, "magasinKategori": null, "fid_2": 186, "id": 186, "left": 5.986919847, "top": 61.946110046000001, "right": 6.486919847, "bottom": 61.446110046000001, "row_index": 25, "col_index": 4, "tile_id": 186 }, "geometry": { "type": "MultiPolygon", "coordinates": [ [ [ [ 6.222809480824193, 61.45519515331673 ], [ 6.221734415976272, 61.454831715562428 ], [ 6.221223633687153, 61.454875355121416 ], [ 6.22135065780931, 61.455345038118615 ], [ 6.223216380235744, 61.455895149902489 ], [ 6.222809480824193, 61.45519515331673 ] ] ] ] } },
{ "type": "Feature", "properties": { "fid": 180456, "navn": null, "hoyde_moh": 1130, "arealInnsjo_km2": 0.02, "magasinKategori": null, "fid_2": 186, "id": 186, "left": 5.986919847, "top": 61.946110046000001, "right": 6.486919847, "bottom": 61.446110046000001, "row_index": 25, "col_index": 4, "tile_id": 186 }, "geometry": { "type": "MultiPolygon", "coordinates": [ [ [ [ 6.482877619168045, 61.472582520900012 ], [ 6.482889066557384, 61.472313005753598 ], [ 6.482515641811523, 61.472050518705132 ], [ 6.483243801063615, 61.471254027424649 ], [ 6.483431517543301, 61.470552318596745 ], [ 6.480575648631107, 61.471901580671876 ], [ 6.481858890421552, 61.47251867496378 ], [ 6.481986771934454, 61.472849345272309 ], [ 6.481624466653057, 61.473011786468504 ], [ 6.481436740134746, 61.473335146208925 ], [ 6.481973000886541, 61.473526055470337 ], [ 6.482877619168045, 61.472582520900012 ] ] ] ] } },
{ "type": "Feature", "properties": { "fid": 180457, "navn": null, "hoyde_moh": 1199, "arealInnsjo_km2": 0.0125, "magasinKategori": null, "fid_2": 186, "id": 186, "left": 5.986919847, "top": 61.946110046000001, "right": 6.486919847, "bottom": 61.446110046000001, "row_index": 25, "col_index": 4, "tile_id": 186 }, "geometry": { "type": "MultiPolygon", "coordinates": [ [ [ [ 6.212271318024499, 61.452458994669755 ], [ 6.212683339863966, 61.452145226131947 ], [ 6.212648740510471, 61.451946455803046 ], [ 6.21215533512153, 61.451628865850068 ], [ 6.2115426288459, 61.451560126866553 ], [ 6.209599596318629, 61.451943144502962 ], [ 6.21019421753639, 61.452326417193262 ], [ 6.211697200265445, 61.452546278192976 ], [ 6.212271318024499, 61.452458994669755 ] ] ] ] } },
{ "type": "Feature", "properties": { "fid": 180771, "navn": "Sjutjønna", "hoyde_moh": 876, "arealInnsjo_km2": 0.0075, "magasinKategori": null, "fid_2": 186, "id": 186, "left": 5.986919847, "top": 61.946110046000001, "right": 6.486919847, "bottom": 61.446110046000001, "row_index": 25, "col_index": 4, "tile_id": 186 }, "geometry": { "type": "MultiPolygon", "coordinates": [ [ [ [ 6.158350953375385, 61.866637229268974 ], [ 6.15842691551957, 61.866535152408041 ], [ 6.157893964722095, 61.865850689315579 ], [ 6.157819567721043, 61.865484933298454 ], [ 6.159162099622349, 61.865296003681571 ], [ 6.158808639432735, 61.865191323556424 ], [ 6.157839387574181, 61.865308008411844 ], [ 6.157085352704062, 61.865753569300963 ], [ 6.157432616447788, 61.86614043846614 ], [ 6.156764781670629, 61.866412380090971 ], [ 6.156676736871763, 61.866570516025156 ], [ 6.158350953375385, 61.866637229268974 ] ] ] ] } },
{ "type": "Feature", "properties": { "fid": 180789, "navn": "Svartvatnet", "hoyde_moh": 733, "arealInnsjo_km2": 0.0048, "magasinKategori": null, "fid_2": 186, "id": 186, "left": 5.986919847, "top": 61.946110046000001, "right": 6.486919847, "bottom": 61.446110046000001, "row_index": 25, "col_index": 4, "tile_id": 186 }, "geometry": { "type": "MultiPolygon", "coordinates": [ [ [ [ 6.427020861827216, 61.905077008656534 ], [ 6.427229652922763, 61.904843945453585 ], [ 6.425477664396071, 61.904679122150419 ], [ 6.425417427332965, 61.904883201373394 ], [ 6.426034075317666, 61.905326310202497 ], [ 6.427020861827216, 61.905077008656534 ] ] ] ] } },
{ "type": "Feature", "properties": { "fid": 180798, "navn": null, "hoyde_moh": 682, "arealInnsjo_km2": 0.0028, "magasinKategori": null, "fid_2": 186, "id": 186, "left": 5.986919847, "top": 61.946110046000001, "right": 6.486919847, "bottom": 61.446110046000001, "row_index": 25, "col_index": 4, "tile_id": 186 }, "geometry": { "type": "MultiPolygon", "coordinates": [ [ [ [ 6.246120716028075, 61.894580094785574 ], [ 6.246516783315768, 61.894365846304403 ], [ 6.246262811471519, 61.894184306600337 ], [ 6.245597000781051, 61.894366267919523 ], [ 6.245092721777822, 61.894264553840564 ], [ 6.244976127980754, 61.894577039316907 ], [ 6.245288113745798, 61.894736005514233 ], [ 6.246120716028075, 61.894580094785574 ] ] ] ] } },
{ "type": "Feature", "properties": { "fid": 180804, "navn": "Langevatnet", "hoyde_moh": 976, "arealInnsjo_km2": 0.0046, "magasinKategori": null, "fid_2": 186, "id": 186, "left": 5.986919847, "top": 61.946110046000001, "right": 6.486919847, "bottom": 61.446110046000001, "row_index": 25, "col_index": 4, "tile_id": 186 }, "geometry": { "type": "MultiPolygon", "coordinates": [ [ [ [ 6.347425150169251, 61.900181269978525 ], [ 6.345831120983431, 61.899901260364778 ], [ 6.343598966104461, 61.899805584058775 ], [ 6.343189773371736, 61.899940474503552 ], [ 6.346412999548522, 61.900245012033444 ], [ 6.347425150169251, 61.900181269978525 ] ] ] ] } },
{ "type": "Feature", "properties": { "fid": 180806, "navn": null, "hoyde_moh": 808, "arealInnsjo_km2": 0.0047, "magasinKategori": null, "fid_2": 186, "id": 186, "left": 5.986919847, "top": 61.946110046000001, "right": 6.486919847, "bottom": 61.446110046000001, "row_index": 25, "col_index": 4, "tile_id": 186 }, "geometry": { "type": "MultiPolygon", "coordinates": [ [ [ [ 6.321997282551835, 61.903268401638599 ], [ 6.32287548018537, 61.902976692763694 ], [ 6.321336925376489, 61.902742650149577 ], [ 6.320582771419935, 61.902909145855993 ], [ 6.320671037129316, 61.903125985808238 ], [ 6.321997282551835, 61.903268401638599 ] ] ] ] } },
{ "type": "Feature", "properties": { "fid": 180810, "navn": null, "hoyde_moh": 712, "arealInnsjo_km2": 0.0029, "magasinKategori": null, "fid_2": 186, "id": 186, "left": 5.986919847, "top": 61.946110046000001, "right": 6.486919847, "bottom": 61.446110046000001, "row_index": 25, "col_index": 4, "tile_id": 186 }, "geometry": { "type": "MultiPolygon", "coordinates": [ [ [ [ 6.312987659755758, 61.905109691969265 ], [ 6.312922799356352, 61.904865420932673 ], [ 6.312504089223169, 61.904715114310441 ], [ 6.311776968327814, 61.904733033680273 ], [ 6.311799374577688, 61.904974335428271 ], [ 6.312072080391843, 61.905140840187066 ], [ 6.312670401798951, 61.905235798489414 ], [ 6.312987659755758, 61.905109691969265 ] ] ] ] } },
{ "type": "Feature", "properties": { "fid": 180847, "navn": null, "hoyde_moh": 1437, "arealInnsjo_km2": 0.0027, "magasinKategori": null, "fid_2": 186, "id": 186, "left": 5.986919847, "top": 61.946110046000001, "right": 6.486919847, "bottom": 61.446110046000001, "row_index": 25, "col_index": 4, "tile_id": 186 }, "geometry": { "type": "MultiPolygon", "coordinates": [ [ [ [ 6.425685372360217, 61.479995511263439 ], [ 6.425598895092849, 61.479786074354251 ], [ 6.425037309219002, 61.479461628810199 ], [ 6.424722658688633, 61.479478546197164 ], [ 6.424970903069512, 61.480058548015037 ], [ 6.425402750847948, 61.48026701390549 ], [ 6.425685372360217, 61.479995511263439 ] ] ] ] } },
{ "type": "Feature", "properties": { "fid": 180986, "navn": null, "hoyde_moh": 820, "arealInnsjo_km2": 0.0057, "magasinKategori": null, "fid_2": 186, "id": 186, "left": 5.986919847, "top": 61.946110046000001, "right": 6.486919847, "bottom": 61.446110046000001, "row_index": 25, "col_index": 4, "tile_id": 186 }, "geometry": { "type": "MultiPolygon", "coordinates": [ [ [ [ 6.446491116428922, 61.772989419136906 ], [ 6.446637629435582, 61.7727397333108 ], [ 6.446400080757478, 61.772608658755296 ], [ 6.446540376232764, 61.772443221010363 ], [ 6.44630430694756, 61.772321181605157 ], [ 6.446719286686848, 61.771992509564299 ], [ 6.446541298261629, 61.771709898329171 ], [ 6.446927511233144, 61.771608765352553 ], [ 6.446327298327468, 61.771634408579125 ], [ 6.446430651375712, 61.771868886814957 ], [ 6.446102446693721, 61.771821275193332 ], [ 6.445617589091292, 61.772266780205115 ], [ 6.446263929404034, 61.772616822842537 ], [ 6.44516276145638, 61.772659430073986 ], [ 6.445145701909917, 61.772426664836139 ], [ 6.444851593155975, 61.772537279802002 ], [ 6.445254475690363, 61.772786229113457 ], [ 6.446491116428922, 61.772989419136906 ] ] ] ] } },
{ "type": "Feature", "properties": { "fid": 180997, "navn": null, "hoyde_moh": 1453, "arealInnsjo_km2": 0.0035, "magasinKategori": null, "fid_2": 186, "id": 186, "left": 5.986919847, "top": 61.946110046000001, "right": 6.486919847, "bottom": 61.446110046000001, "row_index": 25, "col_index": 4, "tile_id": 186 }, "geometry": { "type": "MultiPolygon", "coordinates": [ [ [ [ 6.454921287966428, 61.48592289157498 ], [ 6.455144589389891, 61.485799063700753 ], [ 6.455221993331966, 61.48552765101077 ], [ 6.45464213430506, 61.485515615159201 ], [ 6.45393436155094, 61.485731425933707 ], [ 6.453796878251477, 61.486099936666164 ], [ 6.454921287966428, 61.48592289157498 ] ] ] ] } },
{ "type": "Feature", "properties": { "fid": 181140, "navn": null, "hoyde_moh": 857, "arealInnsjo_km2": 0.0033, "magasinKategori": null, "fid_2": 186, "id": 186, "left": 5.986919847, "top": 61.946110046000001, "right": 6.486919847, "bottom": 61.446110046000001, "row_index": 25, "col_index": 4, "tile_id": 186 }, "geometry": { "type": "MultiPolygon", "coordinates": [ [ [ [ 6.143991013404636, 61.88761044674429 ], [ 6.145066391625062, 61.887418106449488 ], [ 6.143435836733152, 61.887339563448194 ], [ 6.142872813425054, 61.887632180715983 ], [ 6.143623089067217, 61.887822998115979 ], [ 6.143991013404636, 61.88761044674429 ] ] ] ] } },
{ "type": "Feature", "properties": { "fid": 181344, "navn": null, "hoyde_moh": 865, "arealInnsjo_km2": 0.0054, "magasinKategori": null, "fid_2": 186, "id": 186, "left": 5.986919847, "top": 61.946110046000001, "right": 6.486919847, "bottom": 61.446110046000001, "row_index": 25, "col_index": 4, "tile_id": 186 }, "geometry": { "type": "MultiPolygon", "coordinates": [ [ [ [ 6.409006013315438, 61.900921473527262 ], [ 6.408902700346672, 61.900561855359214 ], [ 6.407757035111656, 61.900248269540143 ], [ 6.407910182915318, 61.900459257705641 ], [ 6.407663716081959, 61.900495162836592 ], [ 6.407487320686873, 61.900823916858627 ], [ 6.408405652139773, 61.90118843504596 ], [ 6.409006013315438, 61.900921473527262 ] ] ] ] } },
{ "type": "Feature", "properties": { "fid": 181345, "navn": "Skadevatnet", "hoyde_moh": 913, "arealInnsjo_km2": 0.0044, "magasinKategori": null, "fid_2": 186, "id": 186, "left": 5.986919847, "top": 61.946110046000001, "right": 6.486919847, "bottom": 61.446110046000001, "row_index": 25, "col_index": 4, "tile_id": 186 }, "geometry": { "type": "MultiPolygon", "coordinates": [ [ [ [ 6.335245104039495, 61.896911562137802 ], [ 6.335107716915759, 61.896679965958988 ], [ 6.334404078655811, 61.896329338281234 ], [ 6.333057752209498, 61.896505583842846 ], [ 6.334987054969466, 61.897012014364549 ], [ 6.335245104039495, 61.896911562137802 ] ] ] ] } },
{ "type": "Feature", "properties": { "fid": 181499, "navn": null, "hoyde_moh": 856, "arealInnsjo_km2": 0.0042, "magasinKategori": null, "fid_2": 186, "id": 186, "left": 5.986919847, "top": 61.946110046000001, "right": 6.486919847, "bottom": 61.446110046000001, "row_index": 25, "col_index": 4, "tile_id": 186 }, "geometry": { "type": "MultiPolygon", "coordinates": [ [ [ [ 6.409080464310333, 61.895462092939049 ], [ 6.409181399664061, 61.895186771469547 ], [ 6.408794014225943, 61.895030976943602 ], [ 6.407478019489351, 61.89508382347001 ], [ 6.407502511708707, 61.895313643003242 ], [ 6.40856921375351, 61.895526518312984 ], [ 6.409080464310333, 61.895462092939049 ] ] ] ] } },
{ "type": "Feature", "properties": { "fid": 181625, "navn": "Tangevatna", "hoyde_moh": 836, "arealInnsjo_km2": 0.0166, "magasinKategori": null, "fid_2": 186, "id": 186, "left": 5.986919847, "top": 61.946110046000001, "right": 6.486919847, "bottom": 61.446110046000001, "row_index": 25, "col_index": 4, "tile_id": 186 }, "geometry": { "type": "MultiPolygon", "coordinates": [ [ [ [ 6.270275183798587, 61.886739759916821 ], [ 6.267332624646562, 61.885480584244661 ], [ 6.266838085011091, 61.885525312739176 ], [ 6.266266516541184, 61.885822987171565 ], [ 6.264896437749059, 61.88571169485202 ], [ 6.264720108896578, 61.885891699413683 ], [ 6.264870062940355, 61.886112902196245 ], [ 6.265781197313004, 61.886236318344508 ], [ 6.266119022973748, 61.886454715248384 ], [ 6.268276673799207, 61.886199629433129 ], [ 6.268637356438749, 61.886339787639692 ], [ 6.267798765065679, 61.886589225489679 ], [ 6.270275183798587, 61.886739759916821 ] ] ] ] } },
{ "type": "Feature", "properties": { "fid": 181627, "navn": "Svartevatnet", "hoyde_moh": 791, "arealInnsjo_km2": 0.0135, "magasinKategori": null, "fid_2": 186, "id": 186, "left": 5.986919847, "top": 61.946110046000001, "right": 6.486919847, "bottom": 61.446110046000001, "row_index": 25, "col_index": 4, "tile_id": 186 }, "geometry": { "type": "MultiPolygon", "coordinates": [ [ [ [ 6.254672383583061, 61.887017687758338 ], [ 6.254624498636644, 61.886323844678664 ], [ 6.253880736593063, 61.885894098696319 ], [ 6.253741942217793, 61.885663655520737 ], [ 6.252587227526481, 61.885346822856718 ], [ 6.252059824657222, 61.885389213018826 ], [ 6.251999915643096, 61.885617502867831 ], [ 6.252253586093674, 61.885961746961584 ], [ 6.252647616601748, 61.886032976041307 ], [ 6.253635070766916, 61.886846358994504 ], [ 6.254672383583061, 61.887017687758338 ] ] ] ] } },
{ "type": "Feature", "properties": { "fid": 181628, "navn": "Henneskarsvatna", "hoyde_moh": 661, "arealInnsjo_km2": 0.0071, "magasinKategori": null, "fid_2": 186, "id": 186, "left": 5.986919847, "top": 61.946110046000001, "right": 6.486919847, "bottom": 61.446110046000001, "row_index": 25, "col_index": 4, "tile_id": 186 }, "geometry": { "type": "MultiPolygon", "coordinates": [ [ [ [ 6.238818426179251, 61.886531366414303 ], [ 6.238973214379046, 61.886275821715977 ], [ 6.238303707129436, 61.88620052323752 ], [ 6.238074701420179, 61.885926049378455 ], [ 6.237184502229449, 61.885481023018805 ], [ 6.236516425915172, 61.885352313953362 ], [ 6.23677082704846, 61.885496044675044 ], [ 6.236493766492861, 61.885684827370525 ], [ 6.237157880856047, 61.886172911128938 ], [ 6.238443800985638, 61.886572301779516 ], [ 6.238818426179251, 61.886531366414303 ] ] ] ] } },
{ "type": "Feature", "properties": { "fid": 182272, "navn": null, "hoyde_moh": 885, "arealInnsjo_km2": 0.0047, "magasinKategori": null, "fid_2": 186, "id": 186, "left": 5.986919847, "top": 61.946110046000001, "right": 6.486919847, "bottom": 61.446110046000001, "row_index": 25, "col_index": 4, "tile_id": 186 }, "geometry": { "type": "MultiPolygon", "coordinates": [ [ [ [ 6.183318204822814, 61.633188898473826 ], [ 6.183310993629382, 61.632773759084586 ], [ 6.182991909568265, 61.632884512719805 ], [ 6.181462949767628, 61.632587581031409 ], [ 6.180700020254933, 61.632668051488785 ], [ 6.18096227521213, 61.632846746490827 ], [ 6.183318204822814, 61.633188898473826 ] ] ] ] } },
{ "type": "Feature", "properties": { "fid": 185912, "navn": "Måsevatnet", "hoyde_moh": 639, "arealInnsjo_km2": 0.6364, "magasinKategori": null, "fid_2": 186, "id": 186, "left": 5.986919847, "top": 61.946110046000001, "right": 6.486919847, "bottom": 61.446110046000001, "row_index": 25, "col_index": 4, "tile_id": 186 }, "geometry": { "type": "MultiPolygon", "coordinates": [ [ [ [ 6.162778684430407, 61.672366235573747 ], [ 6.163819554990825, 61.671552685633031 ], [ 6.164832141020173, 61.671518769181709 ], [ 6.165752196429792, 61.671286441973699 ], [ 6.165746642747544, 61.670847991140171 ], [ 6.166182321333481, 61.670515490329734 ], [ 6.166184111918846, 61.670251650657121 ], [ 6.16688540666335, 61.670007625007642 ], [ 6.167284184969821, 61.670042405327806 ], [ 6.167123290807432, 61.670275750091939 ], [ 6.167368351085487, 61.670442319204447 ], [ 6.168139633055744, 61.670506100921386 ], [ 6.169474352499587, 61.670105787969014 ], [ 6.170447314415997, 61.670142632702827 ], [ 6.171427783475873, 61.669871816039752 ], [ 6.173163928241491, 61.669709005122321 ], [ 6.177161964627172, 61.669875060398397 ], [ 6.18053517091734, 61.66956832394974 ], [ 6.181756574331891, 61.669310817413191 ], [ 6.18575783304983, 61.669380050442307 ], [ 6.187579255777647, 61.669050180981756 ], [ 6.189432977209987, 61.668153284876425 ], [ 6.191071662229163, 61.667916523922308 ], [ 6.191767142186364, 61.667661974145268 ], [ 6.192834127047602, 61.667642496905778 ], [ 6.192800394301869, 61.667408895044638 ], [ 6.194197776942683, 61.667101156501552 ], [ 6.195631342592519, 61.667098639296967 ], [ 6.195829414000915, 61.666824307510396 ], [ 6.195425770667289, 61.666534839163297 ], [ 6.19561507779661, 61.666409035309172 ], [ 6.19654730614706, 61.666417123435203 ], [ 6.197163824011026, 61.666252673456015 ], [ 6.198799078596959, 61.666357437919928 ], [ 6.200061670019566, 61.666096393516149 ], [ 6.201530130913726, 61.666106557997956 ], [ 6.202182860739563, 61.665830216720593 ], [ 6.201624198118083, 61.665637084593953 ], [ 6.202136165971421, 61.665302653333171 ], [ 6.20178589266144, 61.664867296713034 ], [ 6.202898519079763, 61.66481482780857 ], [ 6.201696376056995, 61.664628461229142 ], [ 6.198373705859113, 61.664681074329785 ], [ 6.197606319342303, 61.664500696332141 ], [ 6.196677106975491, 61.664557867953981 ], [ 6.195230670190288, 61.664242480166173 ], [ 6.190963639882968, 61.664109547615091 ], [ 6.189473384420239, 61.664299447556061 ], [ 6.189066903205236, 61.664574532948919 ], [ 6.188031911435548, 61.664835871267819 ], [ 6.187385282931477, 61.664641578354022 ], [ 6.187436058119062, 61.664440202079064 ], [ 6.187831497715846, 61.664310248915349 ], [ 6.187458903851152, 61.664213610399365 ], [ 6.187062033571074, 61.66428762595568 ], [ 6.1870843412313, 61.6645429902944 ], [ 6.18571681341029, 61.665581722885491 ], [ 6.186465874081816, 61.666075441614758 ], [ 6.186426298779808, 61.666335105240726 ], [ 6.187001539326877, 61.666268955778136 ], [ 6.187465870683762, 61.666526877182548 ], [ 6.187308398824062, 61.666629073378992 ], [ 6.186547896654622, 61.666526699541244 ], [ 6.185922914500342, 61.666720374532638 ], [ 6.186032834264211, 61.667061213039787 ], [ 6.185839661098282, 61.667177808860586 ], [ 6.184733106178761, 61.667000112881865 ], [ 6.1841712776491, 61.66717438408628 ], [ 6.183118591883783, 61.66688197557697 ], [ 6.182180180762616, 61.666884057081781 ], [ 6.181535551082132, 61.666712547249695 ], [ 6.181376458740399, 61.666785896952895 ], [ 6.18153191905603, 61.666930989517724 ], [ 6.180857031455126, 61.667026251671366 ], [ 6.18077949840426, 61.667154504174121 ], [ 6.179565503547291, 61.666914126729218 ], [ 6.178439722509098, 61.666997272800693 ], [ 6.1772327983526, 61.666670854654107 ], [ 6.174673925840144, 61.666636409297922 ], [ 6.173514465882072, 61.66620062606367 ], [ 6.172759612750892, 61.666216916067611 ], [ 6.172149174591242, 61.666735160395 ], [ 6.170507858157164, 61.667194092612363 ], [ 6.16805482059348, 61.667551445814063 ], [ 6.16773407205069, 61.6677563257619 ], [ 6.168002451073447, 61.667948176243691 ], [ 6.166665918757577, 61.668212354067627 ], [ 6.166146330110926, 61.668774438010388 ], [ 6.166169462675992, 61.669278009733034 ], [ 6.165690162797362, 61.669422605744117 ], [ 6.165582975794979, 61.669699201762057 ], [ 6.164983176820392, 61.669895782344291 ], [ 6.163720081059067, 61.669843734034245 ], [ 6.163072608409952, 61.670145735214746 ], [ 6.162562245629035, 61.670781064088892 ], [ 6.161766820913779, 61.671190641485566 ], [ 6.161756018380506, 61.672009193344017 ], [ 6.161427808104687, 61.672029050632283 ], [ 6.161113753060468, 61.672267790033068 ], [ 6.161366586355607, 61.672472016773845 ], [ 6.162778684430407, 61.672366235573747 ] ], [ [ 6.186638409252524, 61.665683076876917 ], [ 6.187213407089744, 61.665621700552656 ], [ 6.187403208226554, 61.665747235643067 ], [ 6.186638409252524, 61.665683076876917 ] ], [ [ 6.167277978675374, 61.669723736985553 ], [ 6.166336586074475, 61.669442496034755 ], [ 6.167236800633222, 61.669454574194638 ], [ 6.167702080868469, 61.669766307303064 ], [ 6.16746112298543, 61.669864954895793 ], [ 6.167277978675374, 61.669723736985553 ] ], [ [ 6.161337364314173, 61.672288932730602 ], [ 6.161800723979883, 61.672244160167544 ], [ 6.161628556852353, 61.672391010735382 ], [ 6.161337364314173, 61.672288932730602 ] ] ] ] } },
{ "type": "Feature", "properties": { "fid": 185917, "navn": "Ångsdalsvatnet", "hoyde_moh": 757, "arealInnsjo_km2": 0.0371, "magasinKategori": null, "fid_2": 186, "id": 186, "left": 5.986919847, "top": 61.946110046000001, "right": 6.486919847, "bottom": 61.446110046000001, "row_index": 25, "col_index": 4, "tile_id": 186 }, "geometry": { "type": "MultiPolygon", "coordinates": [ [ [ [ 6.148222710846095, 61.721085200930936 ], [ 6.148847368791645, 61.721060964157708 ], [ 6.148612728197594, 61.720731485434456 ], [ 6.14831788727426, 61.720672898678373 ], [ 6.148680458809367, 61.720503736664945 ], [ 6.148781673577487, 61.720072488627792 ], [ 6.149084422847999, 61.719852622518516 ], [ 6.149735086451887, 61.719735007780322 ], [ 6.150230977398707, 61.719424054121959 ], [ 6.15038879745697, 61.7190070620791 ], [ 6.148724829423963, 61.718954549132043 ], [ 6.146503906028448, 61.719594767352696 ], [ 6.145496778586965, 61.720153477296158 ], [ 6.145679942281521, 61.720752435379538 ], [ 6.146838404635794, 61.721216513981823 ], [ 6.147596033007684, 61.721148704060013 ], [ 6.147868488805991, 61.721297920894777 ], [ 6.148222710846095, 61.721085200930936 ] ] ] ] } },
{ "type": "Feature", "properties": { "fid": 185922, "navn": null, "hoyde_moh": 1080, "arealInnsjo_km2": 0.0526, "magasinKategori": null, "fid_2": 186, "id": 186, "left": 5.986919847, "top": 61.946110046000001, "right": 6.486919847, "bottom": 61.446110046000001, "row_index": 25, "col_index": 4, "tile_id": 186 }, "geometry": { "type": "MultiPolygon", "coordinates": [ [ [ [ 5.993890687556522, 61.715458004848664 ], [ 5.993625091410554, 61.715348847777236 ], [ 5.993954444799413, 61.71521013121766 ], [ 5.994595082689765, 61.715159913732947 ], [ 5.994466304453724, 61.71504535757736 ], [ 5.994686161291651, 61.714929215827887 ], [ 5.994612816325703, 61.714685097040537 ], [ 5.99630926175714, 61.714401359217625 ], [ 5.995990469331757, 61.714210135800634 ], [ 5.996101089383039, 61.714139003366675 ], [ 5.997037112178151, 61.714478750951642 ], [ 5.998096603755395, 61.714539138009101 ], [ 5.999768519121564, 61.714346473674233 ], [ 6.000425781094094, 61.71408338033207 ], [ 6.00042742623359, 61.71419638470001 ], [ 6.000838053474472, 61.714092680415312 ], [ 6.000943274130476, 61.71423821029682 ], [ 6.001422408217932, 61.714290258487019 ], [ 6.001865021000602, 61.713940913193525 ], [ 6.000578261695519, 61.714022065795703 ], [ 6.000386681600567, 61.71379127736558 ], [ 6.001748294484837, 61.713760636662101 ], [ 6.001835147950697, 61.7135745802278 ], [ 6.000376169175955, 61.713246351256338 ], [ 5.997687668044196, 61.713358066048933 ], [ 5.996699971698472, 61.713874410904218 ], [ 5.995060000872988, 61.713895605029535 ], [ 5.993761445875081, 61.714347052275755 ], [ 5.991936066457501, 61.714624838421713 ], [ 5.991225554988291, 61.714895755645962 ], [ 5.992021004123277, 61.715056744369633 ], [ 5.991827099379441, 61.715185629274281 ], [ 5.990501237746227, 61.715182477130078 ], [ 5.990645918224286, 61.715455279780208 ], [ 5.991360763690157, 61.715505717074414 ], [ 5.992055606084155, 61.715346386210378 ], [ 5.992393922025759, 61.715408389978002 ], [ 5.992130907869869, 61.71553134118254 ], [ 5.993263388024813, 61.715662946209065 ], [ 5.993890687556522, 61.715458004848664 ] ], [ [ 6.00082278516526, 61.713494562566439 ], [ 6.001472451740888, 61.71352816026404 ], [ 6.001418608905912, 61.713651773484052 ], [ 6.000849267078036, 61.713672121203118 ], [ 6.00082278516526, 61.713494562566439 ] ], [ [ 5.998935021616158, 61.713697353122107 ], [ 6.00028550218482, 61.713685152670934 ], [ 5.99979763712052, 61.713802181711614 ], [ 5.998935021616158, 61.713697353122107 ] ] ] ] } },
{ "type": "Feature", "properties": { "fid": 186427, "navn": "Tredjevatnet", "hoyde_moh": 1115, "arealInnsjo_km2": 0.0359, "magasinKategori": null, "fid_2": 186, "id": 186, "left": 5.986919847, "top": 61.946110046000001, "right": 6.486919847, "bottom": 61.446110046000001, "row_index": 25, "col_index": 4, "tile_id": 186 }, "geometry": { "type": "MultiPolygon", "coordinates": [ [ [ [ 6.448921002242527, 61.474708187359894 ], [ 6.449765058648175, 61.4744904555942 ], [ 6.450328926751824, 61.473566752020766 ], [ 6.450236207331145, 61.473322620461026 ], [ 6.450511902493903, 61.473166074768422 ], [ 6.450427750123395, 61.472823218948577 ], [ 6.450097957078566, 61.472718201450647 ], [ 6.449953377065498, 61.472419127819805 ], [ 6.449813901145114, 61.472515271586282 ], [ 6.450026095749023, 61.472680964069866 ], [ 6.449723262322028, 61.4729357823581 ], [ 6.448504871025172, 61.473137444951448 ], [ 6.44592617463867, 61.473897672411503 ], [ 6.445577797236705, 61.474483894836268 ], [ 6.445921518135402, 61.474643094915301 ], [ 6.448921002242527, 61.474708187359894 ] ] ] ] } },
{ "type": "Feature", "properties": { "fid": 186637, "navn": "Bakkesstøylsvatnet", "hoyde_moh": 550, "arealInnsjo_km2": 0.0467, "magasinKategori": null, "fid_2": 186, "id": 186, "left": 5.986919847, "top": 61.946110046000001, "right": 6.486919847, "bottom": 61.446110046000001, "row_index": 25, "col_index": 4, "tile_id": 186 }, "geometry": { "type": "MultiPolygon", "coordinates": [ [ [ [ 6.14734827760048, 61.461157586235679 ], [ 6.147326624651746, 61.460966495104856 ], [ 6.148153697358986, 61.460649788725505 ], [ 6.148300146838928, 61.460392532131472 ], [ 6.147931574144425, 61.460232496541153 ], [ 6.14812590715185, 61.459925331502625 ], [ 6.148497704276966, 61.459733250184094 ], [ 6.148479037097244, 61.459559433749597 ], [ 6.148166937040506, 61.459401378408899 ], [ 6.14839089188545, 61.45901699413951 ], [ 6.147762311449902, 61.458724179801983 ], [ 6.146607715249153, 61.458592918951425 ], [ 6.146411601913435, 61.458766949887689 ], [ 6.146641678037483, 61.459172838609376 ], [ 6.144572648689365, 61.460248677213521 ], [ 6.144674876418154, 61.460441251216267 ], [ 6.144285979870651, 61.460531899403442 ], [ 6.144359342253853, 61.46091252864769 ], [ 6.14401531120216, 61.461099822400641 ], [ 6.144498651718998, 61.461151086844758 ], [ 6.144418334161516, 61.461450353920227 ], [ 6.144654163601212, 61.461605682148502 ], [ 6.145440169439805, 61.461642696525331 ], [ 6.14734827760048, 61.461157586235679 ] ] ] ] } },
{ "type": "Feature", "properties": { "fid": 186638, "navn": "Gjesdalsvatnet", "hoyde_moh": 762, "arealInnsjo_km2": 0.2316, "magasinKategori": null, "fid_2": 186, "id": 186, "left": 5.986919847, "top": 61.946110046000001, "right": 6.486919847, "bottom": 61.446110046000001, "row_index": 25, "col_index": 4, "tile_id": 186 }, "geometry": { "type": "MultiPolygon", "coordinates": [ [ [ [ 6.229242444989808, 61.470458970871015 ], [ 6.229735325368922, 61.470604682868846 ], [ 6.231124809931735, 61.470302544581955 ], [ 6.2315967621356, 61.470576819756218 ], [ 6.233032601498442, 61.470519721553607 ], [ 6.232951010582561, 61.470629723075483 ], [ 6.233441256939184, 61.470738115090661 ], [ 6.234861899245683, 61.470350498140753 ], [ 6.235066533374464, 61.469545168136591 ], [ 6.234357194447826, 61.469049971251728 ], [ 6.23314317365923, 61.468755620744361 ], [ 6.231521522452454, 61.468030777088998 ], [ 6.229015241015279, 61.46754273662085 ], [ 6.228349263005038, 61.467110940435688 ], [ 6.226414869586661, 61.466701225030121 ], [ 6.225286191106282, 61.466656015141083 ], [ 6.224553047732841, 61.466389432915506 ], [ 6.223096588528791, 61.466702331422326 ], [ 6.221933670589376, 61.466616019236348 ], [ 6.220638029508136, 61.467112900046871 ], [ 6.219761498915657, 61.467171473780859 ], [ 6.219478699025276, 61.467332829372801 ], [ 6.219847086001447, 61.467841222658514 ], [ 6.220823064966549, 61.468474256621633 ], [ 6.22078283711283, 61.468737286241819 ], [ 6.221080368476971, 61.469078077047691 ], [ 6.223116946423895, 61.469602017049347 ], [ 6.225508346541649, 61.46961413914525 ], [ 6.226646429469213, 61.470105664605271 ], [ 6.228866957263562, 61.47057954951908 ], [ 6.229242444989808, 61.470458970871015 ] ] ] ] } },
{ "type": "Feature", "properties": { "fid": 186827, "navn": "Røsskleivvatnet", "hoyde_moh": 416, "arealInnsjo_km2": 0.045, "magasinKategori": null, "fid_2": 186, "id": 186, "left": 5.986919847, "top": 61.946110046000001, "right": 6.486919847, "bottom": 61.446110046000001, "row_index": 25, "col_index": 4, "tile_id": 186 }, "geometry": { "type": "MultiPolygon", "coordinates": [ [ [ [ 6.298124153552561, 61.765088499298756 ], [ 6.298574106180032, 61.764946035193702 ], [ 6.298451162921038, 61.76477365582948 ], [ 6.29855611933028, 61.764727145866139 ], [ 6.300880876400162, 61.76428711824407 ], [ 6.301041026482114, 61.764029825702721 ], [ 6.301445302668297, 61.763880912523391 ], [ 6.300398100221013, 61.763698561810742 ], [ 6.299180377394287, 61.763715459701793 ], [ 6.298427383082678, 61.764210619753428 ], [ 6.29792754097677, 61.76426912360126 ], [ 6.29511366090123, 61.763892527990954 ], [ 6.291740116179009, 61.763861001013346 ], [ 6.291610510076632, 61.76407705200797 ], [ 6.291316110113042, 61.764164027207308 ], [ 6.291496273516264, 61.764345584965916 ], [ 6.290788209940218, 61.764452187160259 ], [ 6.292201599024138, 61.764756777865102 ], [ 6.29402387670454, 61.764674864467175 ], [ 6.296342836955429, 61.765051295493414 ], [ 6.298124153552561, 61.765088499298756 ] ], [ [ 6.299816208138499, 61.763998572711607 ], [ 6.299532684189654, 61.763870507167432 ], [ 6.300484748903329, 61.763838354103939 ], [ 6.300746744465112, 61.764008590329176 ], [ 6.299788046569124, 61.764198070143721 ], [ 6.299816208138499, 61.763998572711607 ] ], [ [ 6.294438048417646, 61.764179932885412 ], [ 6.295085732561867, 61.764002685499818 ], [ 6.295893258741375, 61.764107239715933 ], [ 6.296174961205194, 61.764308650749044 ], [ 6.295581753650935, 61.7641384693055 ], [ 6.294769315847444, 61.764335817151341 ], [ 6.294438048417646, 61.764179932885412 ] ] ] ] } },
{ "type": "Feature", "properties": { "fid": 186883, "navn": "Blånibbetjønna", "hoyde_moh": 1005, "arealInnsjo_km2": 0.0076, "magasinKategori": null, "fid_2": 186, "id": 186, "left": 5.986919847, "top": 61.946110046000001, "right": 6.486919847, "bottom": 61.446110046000001, "row_index": 25, "col_index": 4, "tile_id": 186 }, "geometry": { "type": "MultiPolygon", "coordinates": [ [ [ [ 6.338909282105433, 61.785476310462847 ], [ 6.338594889470507, 61.785169216828521 ], [ 6.338061813516494, 61.785068841452492 ], [ 6.336441185542784, 61.785472378632889 ], [ 6.336548549599141, 61.785863526916835 ], [ 6.338278184507582, 61.785644260627841 ], [ 6.338464751160676, 61.786063026254411 ], [ 6.338602137206383, 61.786065705132351 ], [ 6.338909282105433, 61.785476310462847 ] ] ] ] } },
{ "type": "Feature", "properties": { "fid": 191368, "navn": "Breiddalsvatna", "hoyde_moh": 667, "arealInnsjo_km2": 0.0753, "magasinKategori": null, "fid_2": 186, "id": 186, "left": 5.986919847, "top": 61.946110046000001, "right": 6.486919847, "bottom": 61.446110046000001, "row_index": 25, "col_index": 4, "tile_id": 186 }, "geometry": { "type": "MultiPolygon", "coordinates": [ [ [ [ 6.11521121886109, 61.723215470965165 ], [ 6.116725694888498, 61.723439460067894 ], [ 6.117850063960619, 61.722878829337425 ], [ 6.117920448483317, 61.722410957639624 ], [ 6.117750726919119, 61.722164092936502 ], [ 6.114800381497365, 61.72119491735571 ], [ 6.113603680322829, 61.721195544317652 ], [ 6.112817404595747, 61.72101186609558 ], [ 6.110814170385813, 61.721070565554818 ], [ 6.110339192434337, 61.721197676875818 ], [ 6.110095711281381, 61.721510181111832 ], [ 6.110076859360615, 61.721822455034079 ], [ 6.110710085779797, 61.722265008070011 ], [ 6.114478507320312, 61.723399687926111 ], [ 6.11521121886109, 61.723215470965165 ] ] ] ] } },
{ "type": "Feature", "properties": { "fid": 191745, "navn": "Botnavatnet", "hoyde_moh": 551, "arealInnsjo_km2": 0.2193, "magasinKategori": null, "fid_2": 186, "id": 186, "left": 5.986919847, "top": 61.946110046000001, "right": 6.486919847, "bottom": 61.446110046000001, "row_index": 25, "col_index": 4, "tile_id": 186 }, "geometry": { "type": "MultiPolygon", "coordinates": [ [ [ [ 6.258458610971778, 61.477257973435094 ], [ 6.260247692810552, 61.476264614779453 ], [ 6.260546643156939, 61.47595324992858 ], [ 6.260489291538835, 61.474977030932713 ], [ 6.260947290064696, 61.474832876048119 ], [ 6.260986581915275, 61.474493715389031 ], [ 6.259567454175337, 61.473894095728937 ], [ 6.259479482116626, 61.47353740660693 ], [ 6.259637772053148, 61.473061195283776 ], [ 6.259203036273436, 61.472700351852758 ], [ 6.259690299413474, 61.472296623920059 ], [ 6.259695876164673, 61.472020697530532 ], [ 6.258351206701566, 61.47153175882567 ], [ 6.256852082277799, 61.471334317318536 ], [ 6.256727639560878, 61.471531457309595 ], [ 6.255641258078931, 61.471763816951174 ], [ 6.255441540836288, 61.472092969738711 ], [ 6.254303336176561, 61.472777331782751 ], [ 6.253941772358652, 61.47337565214432 ], [ 6.253152779010367, 61.473922936442882 ], [ 6.252544813999469, 61.475124852216673 ], [ 6.252669898037511, 61.476742070407568 ], [ 6.253154787032422, 61.477008962180506 ], [ 6.255315240930493, 61.47746430231583 ], [ 6.258458610971778, 61.477257973435094 ] ] ] ] } },
{ "type": "Feature", "properties": { "fid": 191782, "navn": "Dalevatnet", "hoyde_moh": 473, "arealInnsjo_km2": 0.1356, "magasinKategori": null, "fid_2": 186, "id": 186, "left": 5.986919847, "top": 61.946110046000001, "right": 6.486919847, "bottom": 61.446110046000001, "row_index": 25, "col_index": 4, "tile_id": 186 }, "geometry": { "type": "MultiPolygon", "coordinates": [ [ [ [ 6.426425891816922, 61.52767650466825 ], [ 6.427892292772598, 61.527280254981335 ], [ 6.427355302635134, 61.526514446164768 ], [ 6.42748457756493, 61.526005681505055 ], [ 6.427757140309962, 61.525708587508682 ], [ 6.427522716050348, 61.525695109925593 ], [ 6.427360594013365, 61.525273861814199 ], [ 6.426321779315866, 61.525137219825737 ], [ 6.426216094623972, 61.524430221661135 ], [ 6.424835060709916, 61.524198382208205 ], [ 6.424614345936907, 61.523847308386415 ], [ 6.424533024049854, 61.524182516193896 ], [ 6.424214641048152, 61.524079712954411 ], [ 6.421863346229794, 61.524390444818849 ], [ 6.420395696328068, 61.524328220836523 ], [ 6.419050724431199, 61.524870371128351 ], [ 6.417703929338334, 61.524923896809938 ], [ 6.418637079619196, 61.525291659257228 ], [ 6.418759511625095, 61.525860806440548 ], [ 6.419449087766137, 61.525975750448417 ], [ 6.421105245578003, 61.526650962525679 ], [ 6.422779203485508, 61.526894425641032 ], [ 6.423417566470037, 61.52713942975241 ], [ 6.423860472023953, 61.527601943216069 ], [ 6.424935810635759, 61.527804232349027 ], [ 6.426425891816922, 61.52767650466825 ] ] ] ] } },
{ "type": "Feature", "properties": { "fid": 191784, "navn": null, "hoyde_moh": 836, "arealInnsjo_km2": 0.0029, "magasinKategori": null, "fid_2": 186, "id": 186, "left": 5.986919847, "top": 61.946110046000001, "right": 6.486919847, "bottom": 61.446110046000001, "row_index": 25, "col_index": 4, "tile_id": 186 }, "geometry": { "type": "MultiPolygon", "coordinates": [ [ [ [ 6.359035719323576, 61.613595401540032 ], [ 6.358603619221205, 61.613361923529673 ], [ 6.357219688428303, 61.61330805135966 ], [ 6.357209917583289, 61.613496868468069 ], [ 6.357355181272264, 61.613539000681179 ], [ 6.358662098926486, 61.613691495674459 ], [ 6.359035719323576, 61.613595401540032 ] ] ] ] } },
{ "type": "Feature", "properties": { "fid": 192427, "navn": "Heidavatnet", "hoyde_moh": 522, "arealInnsjo_km2": 0.0025, "magasinKategori": null, "fid_2": 186, "id": 186, "left": 5.986919847, "top": 61.946110046000001, "right": 6.486919847, "bottom": 61.446110046000001, "row_index": 25, "col_index": 4, "tile_id": 186 }, "geometry": { "type": "MultiPolygon", "coordinates": [ [ [ [ 6.34761425902169, 61.868033126310053 ], [ 6.347472014272144, 61.867697519727109 ], [ 6.34684992814825, 61.867595578767457 ], [ 6.346904468013691, 61.867874222519667 ], [ 6.346530566700118, 61.86803464724661 ], [ 6.346654355725797, 61.868240616611914 ], [ 6.34761425902169, 61.868033126310053 ] ] ] ] } },
{ "type": "Feature", "properties": { "fid": 192614, "navn": "Kaldevatnet", "hoyde_moh": 630, "arealInnsjo_km2": 0.0104, "magasinKategori": null, "fid_2": 186, "id": 186, "left": 5.986919847, "top": 61.946110046000001, "right": 6.486919847, "bottom": 61.446110046000001, "row_index": 25, "col_index": 4, "tile_id": 186 }, "geometry": { "type": "MultiPolygon", "coordinates": [ [ [ [ 6.279618903661256, 61.825780474549191 ], [ 6.2798004228286, 61.825489129285444 ], [ 6.278202483827195, 61.824983349032614 ], [ 6.277964164180999, 61.825175286697601 ], [ 6.277181377997459, 61.82529942458585 ], [ 6.276907204911555, 61.824938639736558 ], [ 6.27663315784264, 61.824960866919859 ], [ 6.277048610222294, 61.825311352892456 ], [ 6.276688802756513, 61.825310747621181 ], [ 6.276827098575249, 61.825499936735234 ], [ 6.277229432291517, 61.825480131074805 ], [ 6.277384216093906, 61.825705882480136 ], [ 6.278538929487217, 61.825964948384474 ], [ 6.279618903661256, 61.825780474549191 ] ] ] ] } },
{ "type": "Feature", "properties": { "fid": 192630, "navn": "Styggvatna", "hoyde_moh": 834, "arealInnsjo_km2": 0.1838, "magasinKategori": null, "fid_2": 186, "id": 186, "left": 5.986919847, "top": 61.946110046000001, "right": 6.486919847, "bottom": 61.446110046000001, "row_index": 25, "col_index": 4, "tile_id": 186 }, "geometry": { "type": "MultiPolygon", "coordinates": [ [ [ [ 6.017236617247078, 61.71426972369855 ], [ 6.017363976186526, 61.714340684747533 ], [ 6.017274614250619, 61.714436917826745 ], [ 6.017528633438196, 61.714489672576853 ], [ 6.016643527455177, 61.714938537784967 ], [ 6.017618113103218, 61.714917054990984 ], [ 6.016663998082969, 61.715247927216112 ], [ 6.016884872999628, 61.715316299320108 ], [ 6.015636249852735, 61.715969279540772 ], [ 6.015721301742617, 61.716592149212033 ], [ 6.016189402841031, 61.716789749170445 ], [ 6.017349325731415, 61.716823624414097 ], [ 6.01761855246904, 61.717399906160473 ], [ 6.018342381037814, 61.717657594133939 ], [ 6.018127582289861, 61.717957408483002 ], [ 6.018565098717406, 61.718047045763811 ], [ 6.023429410014975, 61.717980298001656 ], [ 6.025432595925889, 61.717080948949601 ], [ 6.027762855327492, 61.716983179242035 ], [ 6.027940297137609, 61.716800107363255 ], [ 6.028532164919818, 61.716683424154333 ], [ 6.028375600065011, 61.716486449952534 ], [ 6.029936786330142, 61.716127667727513 ], [ 6.028668587926701, 61.7157516093216 ], [ 6.027370259387521, 61.715719000773582 ], [ 6.022452170573458, 61.714983674457393 ], [ 6.0203394358038, 61.714831694465609 ], [ 6.017850141621681, 61.714217517492301 ], [ 6.017236617247078, 61.71426972369855 ] ] ] ] } },
{ "type": "Feature", "properties": { "fid": 193037, "navn": null, "hoyde_moh": 1055, "arealInnsjo_km2": 0.0047, "magasinKategori": null, "fid_2": 186, "id": 186, "left": 5.986919847, "top": 61.946110046000001, "right": 6.486919847, "bottom": 61.446110046000001, "row_index": 25, "col_index": 4, "tile_id": 186 }, "geometry": { "type": "MultiPolygon", "coordinates": [ [ [ [ 6.247600601041296, 61.616414956738339 ], [ 6.247860550372367, 61.616325735990756 ], [ 6.247533379114354, 61.616119594838487 ], [ 6.246662974447753, 61.616069875973281 ], [ 6.246418624848459, 61.615842148005385 ], [ 6.245456126616087, 61.616191444346605 ], [ 6.246493454357839, 61.616419541906772 ], [ 6.247600601041296, 61.616414956738339 ] ] ] ] } },
{ "type": "Feature", "properties": { "fid": 193409, "navn": "Botnevatnet", "hoyde_moh": 801, "arealInnsjo_km2": 0.0309, "magasinKategori": null, "fid_2": 186, "id": 186, "left": 5.986919847, "top": 61.946110046000001, "right": 6.486919847, "bottom": 61.446110046000001, "row_index": 25, "col_index": 4, "tile_id": 186 }, "geometry": { "type": "MultiPolygon", "coordinates": [ [ [ [ 6.486594300479213, 61.669226511173747 ], [ 6.486919847, 61.669141859281901 ], [ 6.486919847, 61.667800765139425 ], [ 6.485916715812698, 61.667683917038225 ], [ 6.484518928983148, 61.667707641658417 ], [ 6.484495144443028, 61.667870176973359 ], [ 6.485601795967693, 61.668167287037804 ], [ 6.486074280780513, 61.66855708361588 ], [ 6.485716805881589, 61.668838177226426 ], [ 6.485131126783048, 61.668973829009978 ], [ 6.483447396667445, 61.668903222040775 ], [ 6.483132218345627, 61.669035127826675 ], [ 6.485851649481163, 61.669681560051295 ], [ 6.486594300479213, 61.669226511173747 ] ] ] ] } },
{ "type": "Feature", "properties": { "fid": 193419, "navn": null, "hoyde_moh": 1297, "arealInnsjo_km2": 0.0147, "magasinKategori": null, "fid_2": 186, "id": 186, "left": 5.986919847, "top": 61.946110046000001, "right": 6.486919847, "bottom": 61.446110046000001, "row_index": 25, "col_index": 4, "tile_id": 186 }, "geometry": { "type": "MultiPolygon", "coordinates": [ [ [ [ 6.22614872994863, 61.684276031190457 ], [ 6.226291991656942, 61.684428855571433 ], [ 6.227196366839405, 61.684432379477521 ], [ 6.226493156202683, 61.684159112680973 ], [ 6.226841782082207, 61.68397695568278 ], [ 6.226733970575339, 61.68382786571879 ], [ 6.225447340463778, 61.683256345278046 ], [ 6.224593371995838, 61.683272868826009 ], [ 6.224457250773733, 61.683586475463102 ], [ 6.223811555814548, 61.683963955096651 ], [ 6.223804035189858, 61.684136503883238 ], [ 6.224779849452196, 61.684204111809258 ], [ 6.225308883253543, 61.684421959951912 ], [ 6.22614872994863, 61.684276031190457 ] ] ] ] } },
{ "type": "Feature", "properties": { "fid": 193427, "navn": "Kupevatnet", "hoyde_moh": 784, "arealInnsjo_km2": 0.3392, "magasinKategori": null, "fid_2": 186, "id": 186, "left": 5.986919847, "top": 61.946110046000001, "right": 6.486919847, "bottom": 61.446110046000001, "row_index": 25, "col_index": 4, "tile_id": 186 }, "geometry": { "type": "MultiPolygon", "coordinates": [ [ [ [ 6.284236554845648, 61.629833667994681 ], [ 6.285705725919668, 61.62969396968343 ], [ 6.286011981528445, 61.629425234805403 ], [ 6.287313967292898, 61.629253016271072 ], [ 6.28832232361703, 61.628891549984807 ], [ 6.290446717056623, 61.628862597912295 ], [ 6.293638704330977, 61.628349785009142 ], [ 6.29384982901096, 61.628261863688174 ], [ 6.293684876261658, 61.628106911716813 ], [ 6.293804139449941, 61.627786238689325 ], [ 6.294287820220884, 61.627648847277037 ], [ 6.294050607235967, 61.627435325141597 ], [ 6.294219997607314, 61.627172255251637 ], [ 6.293837923409695, 61.626849519845372 ], [ 6.293829057359043, 61.626674310710932 ], [ 6.294051886959494, 61.626528234082123 ], [ 6.291070166017457, 61.625865565395777 ], [ 6.290884381573049, 61.625464521718541 ], [ 6.288934262997159, 61.624886404053889 ], [ 6.288384147927519, 61.624537327116968 ], [ 6.287123638542729, 61.624346119123395 ], [ 6.284803331244462, 61.62428644515029 ], [ 6.28455619406842, 61.624036577702604 ], [ 6.28379697488247, 61.624135553183883 ], [ 6.281661884615182, 61.625223125977229 ], [ 6.281156590820179, 61.625764750210145 ], [ 6.280939936591307, 61.626349485991398 ], [ 6.281409356305982, 61.626579935677199 ], [ 6.281428772002429, 61.626727727939993 ], [ 6.280164306039301, 61.627507632952273 ], [ 6.27936888328306, 61.627559178885186 ], [ 6.279066888164142, 61.627840190529504 ], [ 6.279089807128498, 61.628618211717303 ], [ 6.279272716139317, 61.628828095694551 ], [ 6.281792366855569, 61.629794287720252 ], [ 6.284236554845648, 61.629833667994681 ] ] ] ] } },
{ "type": "Feature", "properties": { "fid": 193428, "navn": null, "hoyde_moh": 1242, "arealInnsjo_km2": 0.0096, "magasinKategori": null, "fid_2": 186, "id": 186, "left": 5.986919847, "top": 61.946110046000001, "right": 6.486919847, "bottom": 61.446110046000001, "row_index": 25, "col_index": 4, "tile_id": 186 }, "geometry": { "type": "MultiPolygon", "coordinates": [ [ [ [ 6.275785541034312, 61.654829929224832 ], [ 6.276431266648019, 61.654545323840452 ], [ 6.274933986608959, 61.65424172343625 ], [ 6.273743568150638, 61.654342166459799 ], [ 6.273471949955941, 61.654808001420214 ], [ 6.274252169826815, 61.655019212335375 ], [ 6.275785541034312, 61.654829929224832 ] ] ] ] } },
{ "type": "Feature", "properties": { "fid": 193432, "navn": "Vardevatnet", "hoyde_moh": 940, "arealInnsjo_km2": 0.1626, "magasinKategori": null, "fid_2": 186, "id": 186, "left": 5.986919847, "top": 61.946110046000001, "right": 6.486919847, "bottom": 61.446110046000001, "row_index": 25, "col_index": 4, "tile_id": 186 }, "geometry": { "type": "MultiPolygon", "coordinates": [ [ [ [ 6.273725944368212, 61.720485128981352 ], [ 6.274357334150389, 61.720282036803354 ], [ 6.276711963522826, 61.72020064413217 ], [ 6.278570385511735, 61.719553341860767 ], [ 6.27847857750611, 61.718896029048516 ], [ 6.278323274796896, 61.71885833568097 ], [ 6.278515926605949, 61.718248531775217 ], [ 6.277725685940677, 61.717711784175727 ], [ 6.277478703250572, 61.717227752159395 ], [ 6.276962752940557, 61.716807066484535 ], [ 6.277320582378289, 61.716423612377504 ], [ 6.277276695934364, 61.716274159342142 ], [ 6.276241003689234, 61.715977173847541 ], [ 6.27553261616347, 61.716269839134718 ], [ 6.274202682229175, 61.716330188850172 ], [ 6.273652645715721, 61.716660378579036 ], [ 6.271655907631085, 61.717052257064715 ], [ 6.271738398839996, 61.717261924515633 ], [ 6.272806022604422, 61.717541748013865 ], [ 6.272154001622083, 61.717743236128612 ], [ 6.271759122944057, 61.718136139491072 ], [ 6.270249680038564, 61.718778638636749 ], [ 6.268550700686649, 61.719202054134037 ], [ 6.268438577930318, 61.719459137613022 ], [ 6.268882779458189, 61.719642960102348 ], [ 6.269978260002871, 61.719529934722082 ], [ 6.270048216227027, 61.719869086366074 ], [ 6.270638485390482, 61.720248670340119 ], [ 6.271810046349737, 61.720203485850725 ], [ 6.272581512175242, 61.720552038249956 ], [ 6.273833459461808, 61.720701278157264 ], [ 6.273725944368212, 61.720485128981352 ] ] ] ] } },
{ "type": "Feature", "properties": { "fid": 193433, "navn": "Ryssdalsvatnet", "hoyde_moh": 69, "arealInnsjo_km2": 0.0267, "magasinKategori": null, "fid_2": 186, "id": 186, "left": 5.986919847, "top": 61.946110046000001, "right": 6.486919847, "bottom": 61.446110046000001, "row_index": 25, "col_index": 4, "tile_id": 186 }, "geometry": { "type": "MultiPolygon", "coordinates": [ [ [ [ 6.278032880258499, 61.747044187309406 ], [ 6.277749581464709, 61.746225526016303 ], [ 6.277532502582089, 61.745962158124904 ], [ 6.27641085132996, 61.745642363343684 ], [ 6.274310292657446, 61.745681307229198 ], [ 6.274275695942112, 61.745788595840395 ], [ 6.275375179378823, 61.745872616709349 ], [ 6.275004037372538, 61.746369526183109 ], [ 6.273114231857155, 61.746588117849598 ], [ 6.273145504524273, 61.746700984150621 ], [ 6.274055353192773, 61.746616730423483 ], [ 6.274211565524743, 61.746821450751938 ], [ 6.274872837618964, 61.747030803067297 ], [ 6.277522372302875, 61.747280636121019 ], [ 6.278032880258499, 61.747044187309406 ] ] ] ] } },
{ "type": "Feature", "properties": { "fid": 196316, "navn": "Trollebotsvatnet", "hoyde_moh": 1201, "arealInnsjo_km2": 0.2025, "magasinKategori": null, "fid_2": 186, "id": 186, "left": 5.986919847, "top": 61.946110046000001, "right": 6.486919847, "bottom": 61.446110046000001, "row_index": 25, "col_index": 4, "tile_id": 186 }, "geometry": { "type": "MultiPolygon", "coordinates": [ [ [ [ 6.449636508401418, 61.481799374955827 ], [ 6.451056862654775, 61.481197392866484 ], [ 6.451564656083435, 61.480730787811119 ], [ 6.451574941047634, 61.480147134080596 ], [ 6.452007491621412, 61.479221087711835 ], [ 6.451901242165338, 61.478913690335098 ], [ 6.450744752957068, 61.477670501228005 ], [ 6.449749767235399, 61.477202905391465 ], [ 6.447923633741161, 61.476800204067196 ], [ 6.446796301212727, 61.477264313972235 ], [ 6.444587983823876, 61.477851574761971 ], [ 6.444252787029412, 61.478276407670087 ], [ 6.444201510034413, 61.479128810378555 ], [ 6.444395158088972, 61.479285119278423 ], [ 6.444344518406813, 61.4794457668444 ], [ 6.443829000374238, 61.479777366923798 ], [ 6.444065034213147, 61.480563388850484 ], [ 6.443487724504395, 61.48119014751969 ], [ 6.443578879506754, 61.481910558721403 ], [ 6.443918962063066, 61.482114602859816 ], [ 6.446078904945809, 61.482119066948286 ], [ 6.449636508401418, 61.481799374955827 ] ] ] ] } },
{ "type": "Feature", "properties": { "fid": 196738, "navn": null, "hoyde_moh": 913, "arealInnsjo_km2": 0.0146, "magasinKategori": null, "fid_2": 186, "id": 186, "left": 5.986919847, "top": 61.946110046000001, "right": 6.486919847, "bottom": 61.446110046000001, "row_index": 25, "col_index": 4, "tile_id": 186 }, "geometry": { "type": "MultiPolygon", "coordinates": [ [ [ [ 6.177575005361042, 61.634518133133604 ], [ 6.177747646158244, 61.634225642819928 ], [ 6.177190887622698, 61.633862890133386 ], [ 6.173843519869646, 61.634269175287088 ], [ 6.172910700459936, 61.634241328566361 ], [ 6.175863013141737, 61.634835460571779 ], [ 6.177575005361042, 61.634518133133604 ] ] ] ] } },
{ "type": "Feature", "properties": { "fid": 196743, "navn": "Ytste Svartpøylevatnet", "hoyde_moh": 859, "arealInnsjo_km2": 0.0497, "magasinKategori": null, "fid_2": 186, "id": 186, "left": 5.986919847, "top": 61.946110046000001, "right": 6.486919847, "bottom": 61.446110046000001, "row_index": 25, "col_index": 4, "tile_id": 186 }, "geometry": { "type": "MultiPolygon", "coordinates": [ [ [ [ 6.158166714142646, 61.629016967328411 ], [ 6.158586071927445, 61.628680562662467 ], [ 6.156006422072014, 61.628441392894999 ], [ 6.15655248300068, 61.628368893282207 ], [ 6.157081530328531, 61.627981895796061 ], [ 6.158895770767285, 61.627256337245726 ], [ 6.157864365016487, 61.627130324435939 ], [ 6.156996630395849, 61.627228771290149 ], [ 6.156900620826826, 61.627034465744778 ], [ 6.156218971538278, 61.626988969743479 ], [ 6.154065135244095, 61.627132637170028 ], [ 6.153787570052202, 61.626835588004994 ], [ 6.152906598312779, 61.62694173090695 ], [ 6.152226847289207, 61.627498628233234 ], [ 6.152257396821637, 61.627698611733535 ], [ 6.152924936393351, 61.62798981643612 ], [ 6.153466652167705, 61.628464934858428 ], [ 6.156475690772844, 61.628625950235296 ], [ 6.156581348269619, 61.628654702384452 ], [ 6.155982564712943, 61.628689337922019 ], [ 6.155962356331823, 61.628848691316428 ], [ 6.157473471967727, 61.629135731868757 ], [ 6.158166714142646, 61.629016967328411 ] ] ] ] } },
{ "type": "Feature", "properties": { "fid": 196745, "navn": "Inste Svartpøylevatnet", "hoyde_moh": 886, "arealInnsjo_km2": 0.3043, "magasinKategori": null, "fid_2": 186, "id": 186, "left": 5.986919847, "top": 61.946110046000001, "right": 6.486919847, "bottom": 61.446110046000001, "row_index": 25, "col_index": 4, "tile_id": 186 }, "geometry": { "type": "MultiPolygon", "coordinates": [ [ [ [ 6.191940197704607, 61.63913876615711 ], [ 6.192875815084625, 61.638711960208504 ], [ 6.194535746593825, 61.638673777463502 ], [ 6.195090409189601, 61.638493243339354 ], [ 6.195265058371353, 61.637961864041785 ], [ 6.195841077755053, 61.637374554913109 ], [ 6.195469555045189, 61.637089593041679 ], [ 6.195623251281876, 61.636362128785912 ], [ 6.195453190197061, 61.635816799880473 ], [ 6.194244619864933, 61.634878006976528 ], [ 6.193274455635895, 61.63473854370595 ], [ 6.192310949855842, 61.634319386658504 ], [ 6.191182670382124, 61.634086969138124 ], [ 6.190817043113354, 61.633612073189681 ], [ 6.189179457152806, 61.633088246153932 ], [ 6.188039093094751, 61.632515979345548 ], [ 6.1851424024543, 61.6325908778648 ], [ 6.18560940955523, 61.632857586304475 ], [ 6.187040437367389, 61.632969014988866 ], [ 6.187323683591488, 61.633340895825079 ], [ 6.186767007276909, 61.633130541894843 ], [ 6.185769356895877, 61.633117007769158 ], [ 6.185015648410412, 61.633392469422468 ], [ 6.184714297972838, 61.633092419231708 ], [ 6.183556436019197, 61.633234912198397 ], [ 6.183261368188491, 61.633430088248211 ], [ 6.181952284030342, 61.633273498128482 ], [ 6.183467851890689, 61.633915187329166 ], [ 6.184787558891505, 61.635647908928661 ], [ 6.18483888706271, 61.635958291034278 ], [ 6.186979646098107, 61.63767434908123 ], [ 6.189046077650828, 61.63858584214411 ], [ 6.191375182261322, 61.639142593971691 ], [ 6.191940197704607, 61.63913876615711 ] ] ] ] } },
{ "type": "Feature", "properties": { "fid": 196746, "navn": "Risbotnvatnet", "hoyde_moh": 677, "arealInnsjo_km2": 0.0567, "magasinKategori": null, "fid_2": 186, "id": 186, "left": 5.986919847, "top": 61.946110046000001, "right": 6.486919847, "bottom": 61.446110046000001, "row_index": 25, "col_index": 4, "tile_id": 186 }, "geometry": { "type": "MultiPolygon", "coordinates": [ [ [ [ 6.102223260178467, 61.66171630871321 ], [ 6.102355561178753, 61.661335284547718 ], [ 6.100843813548949, 61.66060832857714 ], [ 6.099411751883808, 61.660175861454007 ], [ 6.099333076635195, 61.659848612983396 ], [ 6.098924418431452, 61.659820295768739 ], [ 6.098015134286824, 61.659343987421693 ], [ 6.096463541495317, 61.659409204107092 ], [ 6.095384154824615, 61.659249512845726 ], [ 6.095693743444623, 61.65999949320986 ], [ 6.096280221857058, 61.660521714959359 ], [ 6.097167069195337, 61.660957431981444 ], [ 6.09760418066354, 61.661435694160808 ], [ 6.098242820054359, 61.661413746577502 ], [ 6.09903396267391, 61.661719454652996 ], [ 6.101643230726792, 61.66195250479759 ], [ 6.102223260178467, 61.66171630871321 ] ] ] ] } },
{ "type": "Feature", "properties": { "fid": 197559, "navn": null, "hoyde_moh": 639, "arealInnsjo_km2": 0.0155, "magasinKategori": null, "fid_2": 186, "id": 186, "left": 5.986919847, "top": 61.946110046000001, "right": 6.486919847, "bottom": 61.446110046000001, "row_index": 25, "col_index": 4, "tile_id": 186 }, "geometry": { "type": "MultiPolygon", "coordinates": [ [ [ [ 6.194371271190135, 61.886758787166201 ], [ 6.194076723656999, 61.886636597532423 ], [ 6.194257121148352, 61.886461264755901 ], [ 6.193533137644256, 61.886169599557924 ], [ 6.193827950618441, 61.88617577908277 ], [ 6.193685737351514, 61.886087629319654 ], [ 6.191577627596093, 61.88569991061761 ], [ 6.190347328749893, 61.885799923037077 ], [ 6.190526053953558, 61.886005919270069 ], [ 6.191250146631682, 61.886055791227903 ], [ 6.191135494360573, 61.8861515025202 ], [ 6.192072860187801, 61.886430286632155 ], [ 6.192532448788467, 61.886859975086416 ], [ 6.193866171696804, 61.887134305827793 ], [ 6.194371271190135, 61.886758787166201 ] ] ] ] } },
{ "type": "Feature", "properties": { "fid": 197899, "navn": "Veslevatnet", "hoyde_moh": 124, "arealInnsjo_km2": 0.0913, "magasinKategori": null, "fid_2": 186, "id": 186, "left": 5.986919847, "top": 61.946110046000001, "right": 6.486919847, "bottom": 61.446110046000001, "row_index": 25, "col_index": 4, "tile_id": 186 }, "geometry": { "type": "MultiPolygon", "coordinates": [ [ [ [ 6.18412852606103, 61.746500718255469 ], [ 6.185511230975379, 61.746195557253543 ], [ 6.18641389136311, 61.745845023167675 ], [ 6.186800939402954, 61.745395314817102 ], [ 6.186347940247048, 61.745066969537483 ], [ 6.185051536877557, 61.744691774315463 ], [ 6.184966018719376, 61.744485176510338 ], [ 6.184290901886402, 61.744067254517361 ], [ 6.182203938612773, 61.743340451092102 ], [ 6.181053404350346, 61.743320486466473 ], [ 6.180319412198083, 61.743612875660119 ], [ 6.180188499378279, 61.744170163715339 ], [ 6.179384641196169, 61.744113100600252 ], [ 6.179484396893359, 61.744490330872573 ], [ 6.180112559792692, 61.7453783848378 ], [ 6.18080118668834, 61.746065405715882 ], [ 6.181617025829873, 61.746471226797389 ], [ 6.182255044715604, 61.746584761307865 ], [ 6.18412852606103, 61.746500718255469 ] ] ] ] } },
{ "type": "Feature", "properties": { "fid": 198533, "navn": "Lomvatnet", "hoyde_moh": 700, "arealInnsjo_km2": 0.0152, "magasinKategori": null, "fid_2": 186, "id": 186, "left": 5.986919847, "top": 61.946110046000001, "right": 6.486919847, "bottom": 61.446110046000001, "row_index": 25, "col_index": 4, "tile_id": 186 }, "geometry": { "type": "MultiPolygon", "coordinates": [ [ [ [ 6.20617493360066, 61.815160604711338 ], [ 6.205809617960165, 61.814929569820691 ], [ 6.206003209494807, 61.814792778785431 ], [ 6.205397731934192, 61.814451913182225 ], [ 6.204465872364736, 61.814298996278801 ], [ 6.202675385135061, 61.814389137373112 ], [ 6.202676710125005, 61.814614406340041 ], [ 6.203002153947724, 61.814750437362257 ], [ 6.203247092557086, 61.815129227745196 ], [ 6.20545489021297, 61.815353619568455 ], [ 6.20617493360066, 61.815160604711338 ] ] ] ] } },
{ "type": "Feature", "properties": { "fid": 198623, "navn": "Berdalsvatnet", "hoyde_moh": 653, "arealInnsjo_km2": 0.0367, "magasinKategori": null, "fid_2": 186, "id": 186, "left": 5.986919847, "top": 61.946110046000001, "right": 6.486919847, "bottom": 61.446110046000001, "row_index": 25, "col_index": 4, "tile_id": 186 }, "geometry": { "type": "MultiPolygon", "coordinates": [ [ [ [ 6.0456116024689, 61.757906675041689 ], [ 6.044889418522468, 61.757659055724901 ], [ 6.044710665726316, 61.75744438477178 ], [ 6.044754695290288, 61.75726543030644 ], [ 6.045582513421778, 61.756646446340376 ], [ 6.045575401290608, 61.756183035719317 ], [ 6.044830807764344, 61.755803064957426 ], [ 6.0430389971721, 61.755804197943206 ], [ 6.042240162878145, 61.756109365013081 ], [ 6.042643754754656, 61.756890267437036 ], [ 6.042532093748874, 61.75754669657649 ], [ 6.042641961390914, 61.757700257825967 ], [ 6.043178507030954, 61.75805416736074 ], [ 6.044127460157192, 61.758254894259565 ], [ 6.0456116024689, 61.757906675041689 ] ] ] ] } },
{ "type": "Feature", "properties": { "fid": 198908, "navn": "Gjerlands-Isvatnet", "hoyde_moh": 937, "arealInnsjo_km2": 2.0063, "magasinKategori": null, "fid_2": 186, "id": 186, "left": 5.986919847, "top": 61.946110046000001, "right": 6.486919847, "bottom": 61.446110046000001, "row_index": 25, "col_index": 4, "tile_id": 186 }, "geometry": { "type": "MultiPolygon", "coordinates": [ [ [ [ 6.296867390682969, 61.458966859065718 ], [ 6.297107972431733, 61.458791986260145 ], [ 6.296966824290219, 61.458250237595102 ], [ 6.297168424221935, 61.458092461043719 ], [ 6.299078567873202, 61.457492525714379 ], [ 6.299790037688088, 61.457515620294103 ], [ 6.300160896344543, 61.457783494012666 ], [ 6.302139463747991, 61.458128119080143 ], [ 6.303574627015894, 61.458246517699706 ], [ 6.307472812417159, 61.457667863972915 ], [ 6.309732093308109, 61.457155544839964 ], [ 6.310260922526822, 61.45668099003106 ], [ 6.31161656908909, 61.456195682216268 ], [ 6.312977538403272, 61.45543209166258 ], [ 6.313079695552998, 61.455119658035322 ], [ 6.313318331684473, 61.454962705275996 ], [ 6.313313947331139, 61.454576485290914 ], [ 6.313921997406736, 61.45448951447824 ], [ 6.314220835695579, 61.454288817395522 ], [ 6.31455446573258, 61.45368463198394 ], [ 6.315073511094344, 61.453326608736681 ], [ 6.315074281743096, 61.452877482198076 ], [ 6.315685359974724, 61.452539190258591 ], [ 6.315635508943982, 61.452026194501954 ], [ 6.315919430845979, 61.451780270334062 ], [ 6.315834988206161, 61.4516707748136 ], [ 6.316393573469052, 61.451286649948159 ], [ 6.316491610766776, 61.451019031720492 ], [ 6.317705884849651, 61.450432091782915 ], [ 6.319130148204837, 61.449364280367632 ], [ 6.319597072307568, 61.448735762963182 ], [ 6.320741236577494, 61.448084587066653 ], [ 6.32288744962995, 61.447345125903674 ], [ 6.325391107127868, 61.447035276235461 ], [ 6.325674744078714, 61.446789228740982 ], [ 6.325476188971956, 61.446479906044331 ], [ 6.325966871447934, 61.446110046 ], [ 6.317468301009953, 61.446110046 ], [ 6.317225489958455, 61.446416406598239 ], [ 6.316564395496532, 61.446681834084615 ], [ 6.316333918311629, 61.447180349362085 ], [ 6.314925098993361, 61.447853067426614 ], [ 6.314640519329753, 61.448323624083478 ], [ 6.312848059275667, 61.448656571854073 ], [ 6.309297817263762, 61.447391767163218 ], [ 6.308317486219938, 61.447228655526388 ], [ 6.304593817958973, 61.446110046 ], [ 6.294173888119265, 61.446110046 ], [ 6.294213352924511, 61.446284412063271 ], [ 6.292557374598357, 61.447203632205714 ], [ 6.291242946394537, 61.447644599799006 ], [ 6.289731855014343, 61.44840499358731 ], [ 6.288892021980206, 61.448567987736865 ], [ 6.288422405553299, 61.449007794792536 ], [ 6.288234943570983, 61.449626141654889 ], [ 6.287803547267092, 61.449866851231299 ], [ 6.286990128664644, 61.450802811349149 ], [ 6.287083289689374, 61.452107069141221 ], [ 6.28683899183123, 61.452326676346281 ], [ 6.286748467485874, 61.45293573060998 ], [ 6.286461041156056, 61.453001953630242 ], [ 6.286606439282254, 61.453274226183403 ], [ 6.287252550619052, 61.453610561694447 ], [ 6.287346451057299, 61.454259234333065 ], [ 6.287910055455749, 61.454468193940762 ], [ 6.287892234568702, 61.454889949661364 ], [ 6.288365485529743, 61.455276575938775 ], [ 6.288355894527824, 61.455815406360514 ], [ 6.287842632038593, 61.456326036786123 ], [ 6.288169590828449, 61.456665022710354 ], [ 6.288168705622778, 61.456889653095971 ], [ 6.287828540629474, 61.45756538247452 ], [ 6.289792236239649, 61.458080621163205 ], [ 6.290581015890544, 61.458509601448746 ], [ 6.291518694370001, 61.458734770491255 ], [ 6.295220489852472, 61.45912277786762 ], [ 6.295609260458265, 61.458968828241829 ], [ 6.296867390682969, 61.458966859065718 ] ] ] ] } },
{ "type": "Feature", "properties": { "fid": 198910, "navn": "Tverrgrovvatnet", "hoyde_moh": 1148, "arealInnsjo_km2": 0.1875, "magasinKategori": null, "fid_2": 186, "id": 186, "left": 5.986919847, "top": 61.946110046000001, "right": 6.486919847, "bottom": 61.446110046000001, "row_index": 25, "col_index": 4, "tile_id": 186 }, "geometry": { "type": "MultiPolygon", "coordinates": [ [ [ [ 6.403909958686328, 61.468109287966463 ], [ 6.404279395737054, 61.46773006962426 ], [ 6.404335458232702, 61.467057424160373 ], [ 6.405176637403911, 61.466202329180312 ], [ 6.407528439237867, 61.465465490404867 ], [ 6.40954910544772, 61.464417092980469 ], [ 6.409596722388332, 61.464301243723007 ], [ 6.409038412911024, 61.464236706284261 ], [ 6.4097821708653, 61.463649011817978 ], [ 6.409510895693414, 61.463069038242303 ], [ 6.409790454801062, 61.462643094516061 ], [ 6.406686089170011, 61.462952416320206 ], [ 6.405616089228091, 61.46339914246245 ], [ 6.405431845404287, 61.463359616425151 ], [ 6.40537374244353, 61.463151961515109 ], [ 6.405479986775633, 61.462327590818475 ], [ 6.405298429676157, 61.462252554902207 ], [ 6.404542226305058, 61.462767895156865 ], [ 6.40429839065381, 61.462996834209925 ], [ 6.404403192521521, 61.463088583396271 ], [ 6.402748030510793, 61.464027169466725 ], [ 6.402939018400681, 61.464210390610404 ], [ 6.402520762336342, 61.464498971982032 ], [ 6.401708170120135, 61.46456421715299 ], [ 6.401439662908613, 61.464855357621204 ], [ 6.400961319115968, 61.464963159853021 ], [ 6.400300207394555, 61.465462576512465 ], [ 6.399271583298085, 61.465865009205721 ], [ 6.39880462492602, 61.466287245679446 ], [ 6.398798642547406, 61.467032722510055 ], [ 6.399360644872822, 61.4675014925376 ], [ 6.400199725054359, 61.4677960099785 ], [ 6.40099383853839, 61.467730318106241 ], [ 6.402114928725262, 61.468021156669359 ], [ 6.402443165767759, 61.46791076538635 ], [ 6.403909958686328, 61.468109287966463 ] ] ] ] } },
{ "type": "Feature", "properties": { "fid": 199208, "navn": "Nordavatnet", "hoyde_moh": 832, "arealInnsjo_km2": 0.0798, "magasinKategori": null, "fid_2": 186, "id": 186, "left": 5.986919847, "top": 61.946110046000001, "right": 6.486919847, "bottom": 61.446110046000001, "row_index": 25, "col_index": 4, "tile_id": 186 }, "geometry": { "type": "MultiPolygon", "coordinates": [ [ [ [ 6.00030172758126, 61.555450896589377 ], [ 6.001556411188051, 61.555093251320393 ], [ 6.00177290034958, 61.555215551328644 ], [ 6.002188146091871, 61.555109994274211 ], [ 6.002308114439677, 61.55546368645139 ], [ 6.002915489812903, 61.555643128219756 ], [ 6.002988035305209, 61.555069932180913 ], [ 6.002844108515073, 61.55496646320109 ], [ 6.002798193701709, 61.554433665535939 ], [ 6.003359672596221, 61.553739286697109 ], [ 6.002578443933746, 61.553459088154291 ], [ 6.002550932165503, 61.553328732951435 ], [ 6.001692378626806, 61.553168124484692 ], [ 6.001533245281562, 61.552991515833462 ], [ 6.00148241217129, 61.552336731218134 ], [ 6.001732196593904, 61.552082619414513 ], [ 6.001386094122626, 61.552195477854184 ], [ 6.001073164005883, 61.551708481451236 ], [ 6.000830426922975, 61.55187547673696 ], [ 6.00079453713416, 61.551398026125632 ], [ 6.000659663577193, 61.551746540579636 ], [ 6.000674119181965, 61.552697905016544 ], [ 6.000433458023379, 61.552802581557692 ], [ 6.000120963050706, 61.552631509163199 ], [ 6.000369378194432, 61.552362665781445 ], [ 6.000293217600912, 61.551835629065629 ], [ 6.00056768896901, 61.551603405689647 ], [ 6.000562900445197, 61.551225818266246 ], [ 6.000806030249809, 61.550940625501156 ], [ 5.999413432056628, 61.550630993910374 ], [ 5.998929217267069, 61.55092366518442 ], [ 5.999059140561873, 61.55164869596932 ], [ 5.999501880832098, 61.551930380669504 ], [ 5.999252163958428, 61.552156293285947 ], [ 5.999519053602431, 61.552186319002423 ], [ 5.999049923030956, 61.552372073526911 ], [ 5.999087738953248, 61.55287333498196 ], [ 5.999300888631271, 61.55313289493948 ], [ 5.999592125549221, 61.552479866048976 ], [ 5.999846993672599, 61.552624424354931 ], [ 5.99973681566291, 61.552862320462211 ], [ 5.999918133039454, 61.553173182180224 ], [ 5.99985246303341, 61.553818059549073 ], [ 5.999507481826035, 61.553975006815868 ], [ 5.999055813845929, 61.553692007119942 ], [ 5.998565327447557, 61.554978055833573 ], [ 5.997865638629619, 61.555484724723726 ], [ 5.998011669681923, 61.555696441161103 ], [ 5.99881016450369, 61.555539893163044 ], [ 5.998912122826872, 61.55577733229665 ], [ 5.999634025642656, 61.555912969342451 ], [ 6.00030172758126, 61.555450896589377 ] ] ] ] } },
{ "type": "Feature", "properties": { "fid": 199218, "navn": "Dalevatnet", "hoyde_moh": 183, "arealInnsjo_km2": 0.0903, "magasinKategori": null, "fid_2": 186, "id": 186, "left": 5.986919847, "top": 61.946110046000001, "right": 6.486919847, "bottom": 61.446110046000001, "row_index": 25, "col_index": 4, "tile_id": 186 }, "geometry": { "type": "MultiPolygon", "coordinates": [ [ [ [ 6.050805213645839, 61.481305966447174 ], [ 6.05086866714976, 61.480513850691594 ], [ 6.05173488605941, 61.479280395675602 ], [ 6.052274501153915, 61.478982333697509 ], [ 6.052254155665854, 61.477508293950869 ], [ 6.051905690542148, 61.476828197840454 ], [ 6.05188443144186, 61.47642741506705 ], [ 6.052461869124053, 61.4760258452594 ], [ 6.05244528611378, 61.475767625661078 ], [ 6.052106950725952, 61.475419702620222 ], [ 6.051281779659408, 61.475599179989274 ], [ 6.050902559732123, 61.475879922761955 ], [ 6.050965301334577, 61.476640892951096 ], [ 6.050524397420642, 61.477300030292078 ], [ 6.049355782759418, 61.477745979308011 ], [ 6.049406196874179, 61.478416843394463 ], [ 6.048217560312867, 61.478972895929502 ], [ 6.048014224662647, 61.479422080476006 ], [ 6.047552150364814, 61.479753729297975 ], [ 6.047575561544031, 61.480458327125731 ], [ 6.047723373486088, 61.480655463778128 ], [ 6.048942375675161, 61.481358934577003 ], [ 6.049445851613456, 61.481447202664235 ], [ 6.050805213645839, 61.481305966447174 ] ] ] ] } },
{ "type": "Feature", "properties": { "fid": 199234, "navn": "Skarvatnet", "hoyde_moh": 820, "arealInnsjo_km2": 0.0429, "magasinKategori": null, "fid_2": 186, "id": 186, "left": 5.986919847, "top": 61.946110046000001, "right": 6.486919847, "bottom": 61.446110046000001, "row_index": 25, "col_index": 4, "tile_id": 186 }, "geometry": { "type": "MultiPolygon", "coordinates": [ [ [ [ 6.402415509189752, 61.788307824396334 ], [ 6.402549770945117, 61.787804274282351 ], [ 6.403192362056532, 61.787759620181504 ], [ 6.403711946495663, 61.78747061817058 ], [ 6.404604721792379, 61.78600288473784 ], [ 6.403214311633354, 61.785934161190298 ], [ 6.40172156309648, 61.786359965561154 ], [ 6.399205679320018, 61.787494195707623 ], [ 6.399029878382939, 61.787947878170556 ], [ 6.39944709024835, 61.788168426464757 ], [ 6.400554542536338, 61.788070730635532 ], [ 6.40096518459031, 61.788237380725953 ], [ 6.401800763598693, 61.787950433870911 ], [ 6.401973052341758, 61.788088765157241 ], [ 6.401775351934788, 61.788334290901091 ], [ 6.402138587200017, 61.788446365094728 ], [ 6.402415509189752, 61.788307824396334 ] ] ] ] } },
{ "type": "Feature", "properties": { "fid": 199235, "navn": "Svinestrandvatnet", "hoyde_moh": 957, "arealInnsjo_km2": 0.0159, "magasinKategori": null, "fid_2": 186, "id": 186, "left": 5.986919847, "top": 61.946110046000001, "right": 6.486919847, "bottom": 61.446110046000001, "row_index": 25, "col_index": 4, "tile_id": 186 }, "geometry": { "type": "MultiPolygon", "coordinates": [ [ [ [ 6.322293819287879, 61.791319698391256 ], [ 6.319522893868433, 61.790486425719962 ], [ 6.317569151966767, 61.790433707741371 ], [ 6.317370163024712, 61.790642289224479 ], [ 6.317528765690268, 61.790965173058595 ], [ 6.318108842891249, 61.791127979148122 ], [ 6.320762123652763, 61.79118322637671 ], [ 6.321634136587106, 61.79148937494648 ], [ 6.322293819287879, 61.791319698391256 ] ] ] ] } },
{ "type": "Feature", "properties": { "fid": 199236, "navn": "Høgefjellvatnet", "hoyde_moh": 813, "arealInnsjo_km2": 0.0152, "magasinKategori": null, "fid_2": 186, "id": 186, "left": 5.986919847, "top": 61.946110046000001, "right": 6.486919847, "bottom": 61.446110046000001, "row_index": 25, "col_index": 4, "tile_id": 186 }, "geometry": { "type": "MultiPolygon", "coordinates": [ [ [ [ 6.400659462414449, 61.888661286568791 ], [ 6.401112829878326, 61.88846199276152 ], [ 6.39699648420303, 61.887797590597053 ], [ 6.396479296883236, 61.887813622811571 ], [ 6.396040980617803, 61.888164713728948 ], [ 6.396778158991631, 61.888475555872439 ], [ 6.398006138070739, 61.888437247590844 ], [ 6.398245756248543, 61.888609431088987 ], [ 6.397934196205794, 61.888774283185661 ], [ 6.400659462414449, 61.888661286568791 ] ] ] ] } },
{ "type": "Feature", "properties": { "fid": 199811, "navn": null, "hoyde_moh": 1147, "arealInnsjo_km2": 0.1373, "magasinKategori": null, "fid_2": 186, "id": 186, "left": 5.986919847, "top": 61.946110046000001, "right": 6.486919847, "bottom": 61.446110046000001, "row_index": 25, "col_index": 4, "tile_id": 186 }, "geometry": { "type": "MultiPolygon", "coordinates": [ [ [ [ 6.281547278270814, 61.640739926720599 ], [ 6.282046498158091, 61.640266834704811 ], [ 6.282921767090378, 61.639955661841746 ], [ 6.284278483563463, 61.639732754967952 ], [ 6.285390338949458, 61.639748453120141 ], [ 6.285722602427018, 61.639342156004034 ], [ 6.284420052883775, 61.63938017597448 ], [ 6.283129410506659, 61.638604094161742 ], [ 6.280927046791678, 61.63785836505442 ], [ 6.277701033054295, 61.637483416076932 ], [ 6.275245846088463, 61.637617071204645 ], [ 6.275042669874076, 61.638177646935574 ], [ 6.275241789744088, 61.639071800774715 ], [ 6.275071328496463, 61.639529131260829 ], [ 6.275207781317131, 61.639682005660774 ], [ 6.276321349065779, 61.640277841990766 ], [ 6.278483712855067, 61.640727078351468 ], [ 6.281547278270814, 61.640739926720599 ] ] ] ] } },
{ "type": "Feature", "properties": { "fid": 199812, "navn": null, "hoyde_moh": 1112, "arealInnsjo_km2": 0.2428, "magasinKategori": null, "fid_2": 186, "id": 186, "left": 5.986919847, "top": 61.946110046000001, "right": 6.486919847, "bottom": 61.446110046000001, "row_index": 25, "col_index": 4, "tile_id": 186 }, "geometry": { "type": "MultiPolygon", "coordinates": [ [ [ [ 6.295963207550924, 61.642642341666516 ], [ 6.297495621606545, 61.641781510452695 ], [ 6.297699056239783, 61.641503719864303 ], [ 6.297554554557133, 61.641352706824101 ], [ 6.298662318253424, 61.640557893717123 ], [ 6.298910215949575, 61.640174625568001 ], [ 6.298868981150178, 61.639713836786399 ], [ 6.298171056627526, 61.638901534963587 ], [ 6.296799197053565, 61.638373003646365 ], [ 6.2931860609956, 61.637726976536122 ], [ 6.292355397233155, 61.637379906513246 ], [ 6.290834839561525, 61.637047674202201 ], [ 6.289953938767992, 61.636995331937911 ], [ 6.289621175092551, 61.637388954777435 ], [ 6.289585819280256, 61.638163767323519 ], [ 6.28859466446515, 61.639286998686607 ], [ 6.28851183150657, 61.639848617929019 ], [ 6.288629042499419, 61.640068273318406 ], [ 6.289866818485299, 61.6413827183097 ], [ 6.291998946759548, 61.64247170573033 ], [ 6.294637798308427, 61.642795548454636 ], [ 6.295963207550924, 61.642642341666516 ] ] ] ] } },
{ "type": "Feature", "properties": { "fid": 200063, "navn": null, "hoyde_moh": 1078, "arealInnsjo_km2": 0.2492, "magasinKategori": null, "fid_2": 186, "id": 186, "left": 5.986919847, "top": 61.946110046000001, "right": 6.486919847, "bottom": 61.446110046000001, "row_index": 25, "col_index": 4, "tile_id": 186 }, "geometry": { "type": "MultiPolygon", "coordinates": [ [ [ [ 6.257056486411547, 61.650762559904543 ], [ 6.258376402869957, 61.650494595599334 ], [ 6.258599395801139, 61.650177625412546 ], [ 6.259534448636498, 61.649894008522814 ], [ 6.260840227592318, 61.649189979215151 ], [ 6.261753884819544, 61.648529200435469 ], [ 6.262184016927156, 61.647960642035933 ], [ 6.262229246558021, 61.647292601274955 ], [ 6.262046664310156, 61.646946012379509 ], [ 6.262055946152421, 61.646505242263657 ], [ 6.259857910658257, 61.645243722285436 ], [ 6.256915842596865, 61.645199192825395 ], [ 6.254817935859847, 61.646186481700774 ], [ 6.253341015623969, 61.647577045101734 ], [ 6.253433612611275, 61.647957791244352 ], [ 6.253216604776121, 61.648184877527058 ], [ 6.253335103183401, 61.648309153972903 ], [ 6.252908563610059, 61.6484621198043 ], [ 6.252667190494691, 61.649091694352627 ], [ 6.252173945551482, 61.649460191281634 ], [ 6.251441504815389, 61.649657873572494 ], [ 6.249638910954559, 61.649732673512304 ], [ 6.252590615614393, 61.650536293879831 ], [ 6.257056486411547, 61.650762559904543 ] ] ] ] } },
{ "type": "Feature", "properties": { "fid": 200064, "navn": "Blåfjellvatnet", "hoyde_moh": 1281, "arealInnsjo_km2": 0.14, "magasinKategori": null, "fid_2": 186, "id": 186, "left": 5.986919847, "top": 61.946110046000001, "right": 6.486919847, "bottom": 61.446110046000001, "row_index": 25, "col_index": 4, "tile_id": 186 }, "geometry": { "type": "MultiPolygon", "coordinates": [ [ [ [ 6.466836387942354, 61.697064089965636 ], [ 6.466867893454202, 61.69686879644906 ], [ 6.467781917685098, 61.696172550297263 ], [ 6.469463568445912, 61.695535823754284 ], [ 6.46952447422789, 61.695278514759906 ], [ 6.469918748666879, 61.695121959045615 ], [ 6.469497769892349, 61.694908767030476 ], [ 6.470673197249306, 61.694628405887954 ], [ 6.470902866979304, 61.69420735309248 ], [ 6.472019899708188, 61.694026741777861 ], [ 6.471260973912662, 61.693680725547011 ], [ 6.472166108977587, 61.693123813894772 ], [ 6.471377270877493, 61.692605660559771 ], [ 6.46863720742271, 61.692018236184076 ], [ 6.466576313018817, 61.692062826307307 ], [ 6.4644144122718, 61.691808031425055 ], [ 6.464537540150639, 61.692211744450276 ], [ 6.46540974295932, 61.693267279709794 ], [ 6.466266608149816, 61.693462672530174 ], [ 6.470788579823935, 61.693755790265961 ], [ 6.465279044503838, 61.693544957917659 ], [ 6.465187626006522, 61.69397061478363 ], [ 6.465613146176158, 61.694153667423279 ], [ 6.465743356667661, 61.694460903896932 ], [ 6.465299105425085, 61.694643216262072 ], [ 6.465217701724556, 61.695054056133166 ], [ 6.464832483392549, 61.695640754530139 ], [ 6.464845788918184, 61.695916268625474 ], [ 6.46510384586765, 61.696291774701145 ], [ 6.465223704780144, 61.696910345529389 ], [ 6.466401632302134, 61.69715062620201 ], [ 6.466836387942354, 61.697064089965636 ] ] ] ] } },
{ "type": "Feature", "properties": { "fid": 200065, "navn": "Tvillingvatnet", "hoyde_moh": 770, "arealInnsjo_km2": 0.1171, "magasinKategori": null, "fid_2": 186, "id": 186, "left": 5.986919847, "top": 61.946110046000001, "right": 6.486919847, "bottom": 61.446110046000001, "row_index": 25, "col_index": 4, "tile_id": 186 }, "geometry": { "type": "MultiPolygon", "coordinates": [ [ [ [ 6.429419061979394, 61.701098628325603 ], [ 6.428983241225438, 61.700799636663405 ], [ 6.430400794753224, 61.70086365402048 ], [ 6.432842342916951, 61.699374799106153 ], [ 6.43341436970828, 61.698267524500615 ], [ 6.435768702192371, 61.697005196155651 ], [ 6.436049662925074, 61.696458148382511 ], [ 6.435699393480689, 61.696296264845984 ], [ 6.434561232188854, 61.696605063197481 ], [ 6.433942687701323, 61.696219335918038 ], [ 6.433995976238214, 61.695918191587971 ], [ 6.433125409429771, 61.695723171004595 ], [ 6.432831324216879, 61.69595133777414 ], [ 6.432161494672488, 61.696107509743712 ], [ 6.430892626481054, 61.697006570401044 ], [ 6.430899785111704, 61.697511332667744 ], [ 6.432206535868024, 61.697629600836059 ], [ 6.432884277241705, 61.698171179206305 ], [ 6.431510989558844, 61.698374727365184 ], [ 6.429430375980786, 61.697980606459993 ], [ 6.42794813651514, 61.698028028745846 ], [ 6.427937813542353, 61.698770073194893 ], [ 6.427499682284572, 61.699284624286868 ], [ 6.427516683634003, 61.699555241301802 ], [ 6.427756214862365, 61.69972669821675 ], [ 6.427713950705298, 61.700842955851947 ], [ 6.428629443720253, 61.70119620504984 ], [ 6.429419061979394, 61.701098628325603 ] ] ] ] } },
{ "type": "Feature", "properties": { "fid": 200066, "navn": null, "hoyde_moh": 1111, "arealInnsjo_km2": 0.0042, "magasinKategori": null, "fid_2": 186, "id": 186, "left": 5.986919847, "top": 61.946110046000001, "right": 6.486919847, "bottom": 61.446110046000001, "row_index": 25, "col_index": 4, "tile_id": 186 }, "geometry": { "type": "MultiPolygon", "coordinates": [ [ [ [ 6.478558204209627, 61.706580061249483 ], [ 6.479361275605815, 61.706366700606821 ], [ 6.478880762283602, 61.70623210359512 ], [ 6.478598154213914, 61.705895471378334 ], [ 6.477764644767749, 61.706089668810648 ], [ 6.477944252217262, 61.706421025946774 ], [ 6.478869026292863, 61.706744677657326 ], [ 6.478558204209627, 61.706580061249483 ] ] ] ] } },
{ "type": "Feature", "properties": { "fid": 200067, "navn": null, "hoyde_moh": 1042, "arealInnsjo_km2": 0.0055, "magasinKategori": null, "fid_2": 186, "id": 186, "left": 5.986919847, "top": 61.946110046000001, "right": 6.486919847, "bottom": 61.446110046000001, "row_index": 25, "col_index": 4, "tile_id": 186 }, "geometry": { "type": "MultiPolygon", "coordinates": [ [ [ [ 6.27686620666259, 61.706355165668505 ], [ 6.276768419585, 61.706190509453997 ], [ 6.276351309381794, 61.706150746355902 ], [ 6.276786603556587, 61.705901921426211 ], [ 6.276149554788659, 61.705826457386891 ], [ 6.275853011976358, 61.7060498472486 ], [ 6.275902224485006, 61.706163141392523 ], [ 6.275157936383787, 61.706331336887608 ], [ 6.275234863066795, 61.706700294903172 ], [ 6.275897646812524, 61.706797742125879 ], [ 6.27686620666259, 61.706355165668505 ] ] ] ] } },
{ "type": "Feature", "properties": { "fid": 200068, "navn": null, "hoyde_moh": 926, "arealInnsjo_km2": 0.0031, "magasinKategori": null, "fid_2": 186, "id": 186, "left": 5.986919847, "top": 61.946110046000001, "right": 6.486919847, "bottom": 61.446110046000001, "row_index": 25, "col_index": 4, "tile_id": 186 }, "geometry": { "type": "MultiPolygon", "coordinates": [ [ [ [ 6.331424234728014, 61.714021032019076 ], [ 6.331962512390335, 61.713979530240699 ], [ 6.331121371053893, 61.713515686769064 ], [ 6.330597538036862, 61.713582859459812 ], [ 6.330480359473253, 61.713890058670039 ], [ 6.330952643707587, 61.714166610505103 ], [ 6.331424234728014, 61.714021032019076 ] ] ] ] } },
{ "type": "Feature", "properties": { "fid": 200784, "navn": null, "hoyde_moh": 875, "arealInnsjo_km2": 0.0038, "magasinKategori": null, "fid_2": 186, "id": 186, "left": 5.986919847, "top": 61.946110046000001, "right": 6.486919847, "bottom": 61.446110046000001, "row_index": 25, "col_index": 4, "tile_id": 186 }, "geometry": { "type": "MultiPolygon", "coordinates": [ [ [ [ 6.393380168245595, 61.604244553178759 ], [ 6.392899878164807, 61.604097564889791 ], [ 6.392035290089044, 61.604326558869161 ], [ 6.391204609623657, 61.604253816634191 ], [ 6.392933265456246, 61.604675557176535 ], [ 6.393380168245595, 61.604244553178759 ] ] ] ] } },
{ "type": "Feature", "properties": { "fid": 200785, "navn": null, "hoyde_moh": 1154, "arealInnsjo_km2": 0.0637, "magasinKategori": null, "fid_2": 186, "id": 186, "left": 5.986919847, "top": 61.946110046000001, "right": 6.486919847, "bottom": 61.446110046000001, "row_index": 25, "col_index": 4, "tile_id": 186 }, "geometry": { "type": "MultiPolygon", "coordinates": [ [ [ [ 6.265316433779867, 61.607886273776955 ], [ 6.266559721511032, 61.607686209512849 ], [ 6.266595697332824, 61.607554083690644 ], [ 6.266397557631919, 61.607274888625703 ], [ 6.266386829691799, 61.606817296876223 ], [ 6.265937333223733, 61.60639100531327 ], [ 6.263000197911651, 61.606163163113671 ], [ 6.26053518774833, 61.606435398858586 ], [ 6.258930775894393, 61.607363235183918 ], [ 6.258956789900881, 61.607516791393159 ], [ 6.2594060821097, 61.607697702845286 ], [ 6.261461888944962, 61.607905548637341 ], [ 6.265316433779867, 61.607886273776955 ] ] ] ] } },
{ "type": "Feature", "properties": { "fid": 200786, "navn": null, "hoyde_moh": 841, "arealInnsjo_km2": 0.0049, "magasinKategori": null, "fid_2": 186, "id": 186, "left": 5.986919847, "top": 61.946110046000001, "right": 6.486919847, "bottom": 61.446110046000001, "row_index": 25, "col_index": 4, "tile_id": 186 }, "geometry": { "type": "MultiPolygon", "coordinates": [ [ [ [ 6.356081968887984, 61.614370255620202 ], [ 6.357392731547485, 61.614071405728652 ], [ 6.356839147970954, 61.613900289407482 ], [ 6.356757872211262, 61.614053206236179 ], [ 6.356449218203688, 61.614064538597503 ], [ 6.355813284891621, 61.61386441503663 ], [ 6.354578574178409, 61.614091757625388 ], [ 6.354839770611568, 61.614331077619248 ], [ 6.356081968887984, 61.614370255620202 ] ] ] ] } },
{ "type": "Feature", "properties": { "fid": 200983, "navn": null, "hoyde_moh": 1016, "arealInnsjo_km2": 0.0291, "magasinKategori": null, "fid_2": 186, "id": 186, "left": 5.986919847, "top": 61.946110046000001, "right": 6.486919847, "bottom": 61.446110046000001, "row_index": 25, "col_index": 4, "tile_id": 186 }, "geometry": { "type": "MultiPolygon", "coordinates": [ [ [ [ 6.257465028548056, 61.616592637711918 ], [ 6.257382128205024, 61.616490350476198 ], [ 6.25763501550999, 61.61636776934958 ], [ 6.257685334639947, 61.616057129073425 ], [ 6.257321008798773, 61.615935449166678 ], [ 6.257551996947301, 61.615517272929345 ], [ 6.257407203252543, 61.615073174066225 ], [ 6.256982959250696, 61.61500545803419 ], [ 6.256898244923329, 61.61476065916127 ], [ 6.256103360726696, 61.61467836900114 ], [ 6.255808448537163, 61.614474779751291 ], [ 6.25475440721091, 61.614433699274592 ], [ 6.254362320042593, 61.61460738893971 ], [ 6.254368144959422, 61.615084913314313 ], [ 6.2551615067676, 61.615595202719554 ], [ 6.25501233360926, 61.616043223715465 ], [ 6.255638493956361, 61.616365374866142 ], [ 6.2570589567639, 61.616497632620991 ], [ 6.25630189988542, 61.616690735144594 ], [ 6.257465028548056, 61.616592637711918 ] ] ] ] } },
{ "type": "Feature", "properties": { "fid": 202014, "navn": null, "hoyde_moh": 1046, "arealInnsjo_km2": 0.0244, "magasinKategori": null, "fid_2": 186, "id": 186, "left": 5.986919847, "top": 61.946110046000001, "right": 6.486919847, "bottom": 61.446110046000001, "row_index": 25, "col_index": 4, "tile_id": 186 }, "geometry": { "type": "MultiPolygon", "coordinates": [ [ [ [ 6.442893369737274, 61.492399458843394 ], [ 6.442827698285777, 61.491854713360127 ], [ 6.443499486846646, 61.491421432491478 ], [ 6.442772082605802, 61.49110421097155 ], [ 6.441098847753826, 61.491236896123631 ], [ 6.439639303267295, 61.491550536490216 ], [ 6.439302079993579, 61.491940193462852 ], [ 6.439585530100073, 61.49220714361104 ], [ 6.441203517370522, 61.492477896612016 ], [ 6.442893369737274, 61.492399458843394 ] ] ] ] } },
{ "type": "Feature", "properties": { "fid": 202023, "navn": "Blåfjelltjørna", "hoyde_moh": 930, "arealInnsjo_km2": 0.0242, "magasinKategori": null, "fid_2": 186, "id": 186, "left": 5.986919847, "top": 61.946110046000001, "right": 6.486919847, "bottom": 61.446110046000001, "row_index": 25, "col_index": 4, "tile_id": 186 }, "geometry": { "type": "MultiPolygon", "coordinates": [ [ [ [ 6.10182454063959, 61.453711507790103 ], [ 6.10247969897944, 61.453390982930017 ], [ 6.102601309361855, 61.453429712784164 ], [ 6.10247280955957, 61.453564129682974 ], [ 6.102649330321646, 61.453575386386525 ], [ 6.102743670049284, 61.453275965291859 ], [ 6.102962577145737, 61.453203437267696 ], [ 6.103248662104786, 61.45320925246795 ], [ 6.103186048260264, 61.453407469193152 ], [ 6.103519937580487, 61.453589306850525 ], [ 6.103443248559458, 61.453693245601073 ], [ 6.103869612633457, 61.453712267333422 ], [ 6.103957846286086, 61.453342046240891 ], [ 6.103524711443757, 61.453057434683792 ], [ 6.10376315397679, 61.453005620617439 ], [ 6.103515354177437, 61.452930301494092 ], [ 6.104005211036004, 61.452623110979381 ], [ 6.10396814823201, 61.45249776943762 ], [ 6.103693053677273, 61.452521416260005 ], [ 6.103704278719843, 61.45234629590415 ], [ 6.104437057424819, 61.452530976498309 ], [ 6.10418914307053, 61.45241136995012 ], [ 6.104289620335017, 61.452229200279611 ], [ 6.104929205790233, 61.452279511315126 ], [ 6.104927447085111, 61.452091065868856 ], [ 6.104142123962002, 61.451673933583081 ], [ 6.10397463332086, 61.451703577412616 ], [ 6.104179758791515, 61.451930709883641 ], [ 6.104130116649146, 61.452155445158603 ], [ 6.10375730375176, 61.452077592561508 ], [ 6.103693884687307, 61.451640458561627 ], [ 6.103336919880573, 61.451586330223662 ], [ 6.103008988169773, 61.452004214431234 ], [ 6.102586549931766, 61.452087926457821 ], [ 6.102019075925138, 61.452542999020842 ], [ 6.102146064332687, 61.452745020092259 ], [ 6.100436116320323, 61.453410722972407 ], [ 6.100760790673528, 61.453661365676901 ], [ 6.101268438481283, 61.453674811942044 ], [ 6.101464933794369, 61.453749288400189 ], [ 6.101426301355875, 61.45388437867841 ], [ 6.101730939024416, 61.453902533551087 ], [ 6.10182454063959, 61.453711507790103 ] ] ] ] } },
{ "type": "Feature", "properties": { "fid": 202024, "navn": "Skryklingen", "hoyde_moh": 864, "arealInnsjo_km2": 0.263, "magasinKategori": null, "fid_2": 186, "id": 186, "left": 5.986919847, "top": 61.946110046000001, "right": 6.486919847, "bottom": 61.446110046000001, "row_index": 25, "col_index": 4, "tile_id": 186 }, "geometry": { "type": "MultiPolygon", "coordinates": [ [ [ [ 6.369806675252437, 61.471664646917759 ], [ 6.370958446175543, 61.469756900527351 ], [ 6.371181321374986, 61.468602193379049 ], [ 6.371694320434198, 61.46802714404599 ], [ 6.371817756883966, 61.467110539495778 ], [ 6.371628376532346, 61.466392231426177 ], [ 6.371808524732754, 61.465256481186664 ], [ 6.371141432685008, 61.465337149098715 ], [ 6.370332583939376, 61.464386461523887 ], [ 6.369829936496403, 61.464101370782778 ], [ 6.370349164808606, 61.463889959614136 ], [ 6.370577974311436, 61.463324972780782 ], [ 6.370928793649295, 61.463032176149419 ], [ 6.370638885568484, 61.462885499357725 ], [ 6.370707729740483, 61.46279359497025 ], [ 6.37034802394878, 61.462398743958808 ], [ 6.369173753857297, 61.462191940508589 ], [ 6.367656761689497, 61.462508965696003 ], [ 6.365460001476402, 61.462469307465405 ], [ 6.364183581350747, 61.462652598921963 ], [ 6.363534032154177, 61.463128117146972 ], [ 6.363432433705742, 61.463671137861631 ], [ 6.364106765850543, 61.464105427730374 ], [ 6.364308444097696, 61.46440999324814 ], [ 6.364169724891148, 61.464507281354578 ], [ 6.364697903310431, 61.464920041933354 ], [ 6.364873305504882, 61.46561407829941 ], [ 6.365683355700137, 61.466354130906048 ], [ 6.36571696191561, 61.466760432912274 ], [ 6.366055930030702, 61.466844306503774 ], [ 6.365951135352548, 61.466912686641514 ], [ 6.366388649173066, 61.467353527162153 ], [ 6.366291353022413, 61.467483723317486 ], [ 6.366606024946362, 61.467576884764092 ], [ 6.366852169401287, 61.467944264183288 ], [ 6.36793655249997, 61.468476238690776 ], [ 6.368274371295968, 61.468895534018415 ], [ 6.369146668018568, 61.468753080106808 ], [ 6.368998008327068, 61.469152901050975 ], [ 6.368212675204338, 61.469041643192114 ], [ 6.367767677604859, 61.469323731162127 ], [ 6.369151725947681, 61.469895317804166 ], [ 6.36859906907308, 61.470190324216567 ], [ 6.368563953718433, 61.470715907512933 ], [ 6.368014723059891, 61.470917273612727 ], [ 6.367869680794223, 61.471504498341034 ], [ 6.368624950193177, 61.471832175737717 ], [ 6.369167971351351, 61.471880726735357 ], [ 6.369806675252437, 61.471664646917759 ] ], [ [ 6.368922309976865, 61.469592426209331 ], [ 6.368869881583829, 61.469481764494141 ], [ 6.369280548321019, 61.469471828239506 ], [ 6.369554512574927, 61.469692827306183 ], [ 6.368922309976865, 61.469592426209331 ] ] ] ] } },
{ "type": "Feature", "properties": { "fid": 202036, "navn": "Fagerdalsvatnet", "hoyde_moh": 973, "arealInnsjo_km2": 0.1208, "magasinKategori": null, "fid_2": 186, "id": 186, "left": 5.986919847, "top": 61.946110046000001, "right": 6.486919847, "bottom": 61.446110046000001, "row_index": 25, "col_index": 4, "tile_id": 186 }, "geometry": { "type": "MultiPolygon", "coordinates": [ [ [ [ 6.238594081355658, 61.676799409789005 ], [ 6.239589059254742, 61.676500048991798 ], [ 6.239793465702892, 61.676151713915253 ], [ 6.238855965887822, 61.675373319681896 ], [ 6.238281239133864, 61.675265791339378 ], [ 6.237827524847395, 61.674868974274943 ], [ 6.234386236647338, 61.67423476300533 ], [ 6.230863863584231, 61.674126972098229 ], [ 6.230436886330172, 61.674260434758104 ], [ 6.230364901067116, 61.674592186059591 ], [ 6.230005399277328, 61.674393695572952 ], [ 6.229729857082475, 61.674480275348046 ], [ 6.230889124011332, 61.676404133885498 ], [ 6.23563973262871, 61.677026728371338 ], [ 6.238594081355658, 61.676799409789005 ] ] ] ] } },
{ "type": "Feature", "properties": { "fid": 202037, "navn": "Ytrevatnet", "hoyde_moh": 1124, "arealInnsjo_km2": 0.0415, "magasinKategori": null, "fid_2": 186, "id": 186, "left": 5.986919847, "top": 61.946110046000001, "right": 6.486919847, "bottom": 61.446110046000001, "row_index": 25, "col_index": 4, "tile_id": 186 }, "geometry": { "type": "MultiPolygon", "coordinates": [ [ [ [ 6.486102645348634, 61.703158183351967 ], [ 6.485307611805698, 61.703361603516015 ], [ 6.484570576700934, 61.703182790563652 ], [ 6.484191178731225, 61.703510399457706 ], [ 6.484346875227106, 61.703688958148057 ], [ 6.484232203826037, 61.703842916700161 ], [ 6.484543025341688, 61.704146617024222 ], [ 6.486038883177963, 61.704502709932186 ], [ 6.486263761629368, 61.704906343363348 ], [ 6.486919847, 61.70496299451375 ], [ 6.486919847, 61.703424970471367 ], [ 6.486102645348634, 61.703158183351967 ] ] ] ] } },
{ "type": "Feature", "properties": { "fid": 202039, "navn": "Jardalsvatna", "hoyde_moh": 837, "arealInnsjo_km2": 0.1981, "magasinKategori": null, "fid_2": 186, "id": 186, "left": 5.986919847, "top": 61.946110046000001, "right": 6.486919847, "bottom": 61.446110046000001, "row_index": 25, "col_index": 4, "tile_id": 186 }, "geometry": { "type": "MultiPolygon", "coordinates": [ [ [ [ 6.228009815946156, 61.697147403764617 ], [ 6.228612158725078, 61.697393179361349 ], [ 6.228904356922189, 61.697300347364511 ], [ 6.229188212844368, 61.696874824873966 ], [ 6.229849722319963, 61.696879183039357 ], [ 6.229581184891132, 61.69628999372086 ], [ 6.229712322002351, 61.696094969006701 ], [ 6.229390179278295, 61.695890765140149 ], [ 6.229534419328456, 61.695759022395599 ], [ 6.229283855950815, 61.695601270492219 ], [ 6.22930201371177, 61.694766189468488 ], [ 6.22962238530442, 61.694566114018414 ], [ 6.227274656284757, 61.69396160057417 ], [ 6.226419937128285, 61.693369274241782 ], [ 6.225904252213933, 61.692793038638882 ], [ 6.224741282201553, 61.692050780852298 ], [ 6.222575973648782, 61.691099679515965 ], [ 6.221812441498434, 61.691389674283798 ], [ 6.221198780665735, 61.692113754030231 ], [ 6.220337445910471, 61.692644194622289 ], [ 6.220093935948839, 61.693250132216733 ], [ 6.219723449540878, 61.693583843360074 ], [ 6.21985731340301, 61.694197435706258 ], [ 6.220899146849487, 61.695027062523138 ], [ 6.222299453195662, 61.6952261737312 ], [ 6.224374689202884, 61.696130612122424 ], [ 6.225184117056341, 61.696173906929836 ], [ 6.225844698939754, 61.696825093456575 ], [ 6.227048067061335, 61.697337089000413 ], [ 6.228009815946156, 61.697147403764617 ] ] ] ] } },
{ "type": "Feature", "properties": { "fid": 202445, "navn": "Skardgrovtjørna", "hoyde_moh": 947, "arealInnsjo_km2": 0.0303, "magasinKategori": null, "fid_2": 186, "id": 186, "left": 5.986919847, "top": 61.946110046000001, "right": 6.486919847, "bottom": 61.446110046000001, "row_index": 25, "col_index": 4, "tile_id": 186 }, "geometry": { "type": "MultiPolygon", "coordinates": [ [ [ [ 6.179643053206432, 61.448101412083801 ], [ 6.179516137315416, 61.447437394792658 ], [ 6.179834823258868, 61.446902841057351 ], [ 6.179648898864195, 61.446532255326666 ], [ 6.17929545442988, 61.446317812361883 ], [ 6.178398565400768, 61.446110046 ], [ 6.176719649629999, 61.446110046 ], [ 6.176511435863034, 61.44622937214087 ], [ 6.176868139749019, 61.446531052276264 ], [ 6.176544916168915, 61.447002505086125 ], [ 6.17855432589212, 61.448136996022122 ], [ 6.179393892853411, 61.44832081178955 ], [ 6.179643053206432, 61.448101412083801 ] ] ] ] } },
{ "type": "Feature", "properties": { "fid": 202455, "navn": "Andrevatnet", "hoyde_moh": 1018, "arealInnsjo_km2": 0.1399, "magasinKategori": null, "fid_2": 186, "id": 186, "left": 5.986919847, "top": 61.946110046000001, "right": 6.486919847, "bottom": 61.446110046000001, "row_index": 25, "col_index": 4, "tile_id": 186 }, "geometry": { "type": "MultiPolygon", "coordinates": [ [ [ [ 6.449488886413399, 61.470066111939097 ], [ 6.450162373544224, 61.468946834271783 ], [ 6.44986920695713, 61.468627261614245 ], [ 6.448805653047311, 61.468086305888683 ], [ 6.44763583814387, 61.467929545737682 ], [ 6.445525818693189, 61.467324220686216 ], [ 6.44392769152939, 61.467123546463242 ], [ 6.443073144725148, 61.466783991378357 ], [ 6.442285379631563, 61.467002885501699 ], [ 6.442044251708059, 61.466737887160477 ], [ 6.441210561971818, 61.46682985475033 ], [ 6.441157624504365, 61.466559596599502 ], [ 6.440827912689478, 61.466463499457568 ], [ 6.441122020101488, 61.466307235228996 ], [ 6.440545305511427, 61.466242752352265 ], [ 6.440498665704632, 61.466582945829408 ], [ 6.44007917281797, 61.46688952585712 ], [ 6.440071540743949, 61.468128842404802 ], [ 6.440492514914565, 61.468487055785623 ], [ 6.444296024015803, 61.469501773530212 ], [ 6.447435977982071, 61.470827060803295 ], [ 6.448371231750551, 61.470871535495512 ], [ 6.449488886413399, 61.470066111939097 ] ] ] ] } },
{ "type": "Feature", "properties": { "fid": 202467, "navn": "Dalevatnet", "hoyde_moh": 317, "arealInnsjo_km2": 0.182, "magasinKategori": null, "fid_2": 186, "id": 186, "left": 5.986919847, "top": 61.946110046000001, "right": 6.486919847, "bottom": 61.446110046000001, "row_index": 25, "col_index": 4, "tile_id": 186 }, "geometry": { "type": "MultiPolygon", "coordinates": [ [ [ [ 6.336522951054922, 61.576157720261222 ], [ 6.337436599277357, 61.575986979184385 ], [ 6.337987088487424, 61.575670807459147 ], [ 6.338014875527525, 61.575402013527011 ], [ 6.337673863989202, 61.575181212896702 ], [ 6.337654560378905, 61.574822413478032 ], [ 6.338233233458018, 61.574084889138184 ], [ 6.337757314168398, 61.573603151305662 ], [ 6.337458132352614, 61.572643599355231 ], [ 6.337226056156237, 61.572412861230859 ], [ 6.337672691377265, 61.572079670266554 ], [ 6.337660573985724, 61.571663602678683 ], [ 6.33821966910619, 61.571365057884165 ], [ 6.337992550018058, 61.570453834891886 ], [ 6.338041538129153, 61.570061003750176 ], [ 6.337349277996258, 61.569650181012534 ], [ 6.336654015619643, 61.568052001502338 ], [ 6.335935558177859, 61.567218870636864 ], [ 6.334365534166332, 61.566242326661715 ], [ 6.334088922333199, 61.566313181304743 ], [ 6.335484251992419, 61.567283714950342 ], [ 6.334993342311534, 61.567803601127224 ], [ 6.334427878081025, 61.567843169352102 ], [ 6.334634014240876, 61.568172083058819 ], [ 6.334365553202378, 61.568414745536622 ], [ 6.333695648106633, 61.570451481621419 ], [ 6.333895952886701, 61.570767466146513 ], [ 6.333833946793401, 61.570934789210497 ], [ 6.334706815906714, 61.571047484962619 ], [ 6.335198077672588, 61.571396152392786 ], [ 6.335196805297474, 61.571647398209983 ], [ 6.334640569732746, 61.571840597082726 ], [ 6.333467986199692, 61.571414959449434 ], [ 6.333378102485301, 61.571760278781433 ], [ 6.333634367177138, 61.572213544137739 ], [ 6.33301218548449, 61.572877082709347 ], [ 6.333597189351583, 61.572584365473567 ], [ 6.333832315556645, 61.572227911054327 ], [ 6.334071926531254, 61.5723616602032 ], [ 6.333817448134869, 61.572645418786827 ], [ 6.333009806461098, 61.572983261735963 ], [ 6.332961235209432, 61.573281353565378 ], [ 6.333424749363624, 61.573459858373539 ], [ 6.333988905990644, 61.573144938079501 ], [ 6.334396232106484, 61.573226075187769 ], [ 6.3335670317509, 61.573718743349893 ], [ 6.333366500929809, 61.574060605607634 ], [ 6.333792312593711, 61.574255309243426 ], [ 6.333688749671275, 61.574453132069657 ], [ 6.334337576204624, 61.57558211401782 ], [ 6.336522951054922, 61.576157720261222 ] ], [ [ 6.33493759712476, 61.570901877857061 ], [ 6.335491788643258, 61.570887783384798 ], [ 6.335899487058022, 61.571094242952853 ], [ 6.335265877423201, 61.571137413307817 ], [ 6.33493759712476, 61.570901877857061 ] ] ] ] } },
{ "type": "Feature", "properties": { "fid": 202468, "navn": null, "hoyde_moh": 1148, "arealInnsjo_km2": 0.0085, "magasinKategori": null, "fid_2": 186, "id": 186, "left": 5.986919847, "top": 61.946110046000001, "right": 6.486919847, "bottom": 61.446110046000001, "row_index": 25, "col_index": 4, "tile_id": 186 }, "geometry": { "type": "MultiPolygon", "coordinates": [ [ [ [ 6.267962614221656, 61.609593520687696 ], [ 6.269072253699982, 61.609311647731161 ], [ 6.268477006899835, 61.609139360712241 ], [ 6.266734125273524, 61.609174931297545 ], [ 6.264625642081642, 61.609433693395708 ], [ 6.267962614221656, 61.609593520687696 ] ] ] ] } },
{ "type": "Feature", "properties": { "fid": 202469, "navn": null, "hoyde_moh": 1086, "arealInnsjo_km2": 0.0112, "magasinKategori": null, "fid_2": 186, "id": 186, "left": 5.986919847, "top": 61.946110046000001, "right": 6.486919847, "bottom": 61.446110046000001, "row_index": 25, "col_index": 4, "tile_id": 186 }, "geometry": { "type": "MultiPolygon", "coordinates": [ [ [ [ 6.251132950537915, 61.60894865117433 ], [ 6.251127502320389, 61.608820993449704 ], [ 6.250677161580822, 61.608745968766748 ], [ 6.250809875036364, 61.608483377985706 ], [ 6.250267274069868, 61.608394542469306 ], [ 6.250551454897018, 61.608189785857057 ], [ 6.249119630729568, 61.608085530927681 ], [ 6.248295233883232, 61.608190391153485 ], [ 6.249729802879238, 61.609059033478239 ], [ 6.250360165893662, 61.609270987613215 ], [ 6.251132950537915, 61.60894865117433 ] ] ] ] } },
{ "type": "Feature", "properties": { "fid": 202479, "navn": "Holebotsvatnet", "hoyde_moh": 696, "arealInnsjo_km2": 0.2591, "magasinKategori": null, "fid_2": 186, "id": 186, "left": 5.986919847, "top": 61.946110046000001, "right": 6.486919847, "bottom": 61.446110046000001, "row_index": 25, "col_index": 4, "tile_id": 186 }, "geometry": { "type": "MultiPolygon", "coordinates": [ [ [ [ 6.13654900565826, 61.620191444667064 ], [ 6.135957311996358, 61.619967452751418 ], [ 6.136653205626529, 61.619937267184241 ], [ 6.136587415723066, 61.619486461442591 ], [ 6.137490743988505, 61.619544012431156 ], [ 6.137516426602813, 61.619183494860934 ], [ 6.138620179304164, 61.619172615898336 ], [ 6.138919804265377, 61.619298182241018 ], [ 6.139303959258618, 61.619079634393799 ], [ 6.139557484393113, 61.619324366298841 ], [ 6.139890787557669, 61.619217082908804 ], [ 6.141489002338673, 61.619302533322781 ], [ 6.142022049570389, 61.619162105972308 ], [ 6.142064645699225, 61.618805947294717 ], [ 6.139865094490889, 61.618344261378212 ], [ 6.13762143447458, 61.618203173199241 ], [ 6.137815063108739, 61.617910646170444 ], [ 6.137207709143255, 61.617745730182605 ], [ 6.137387191171938, 61.617665005961463 ], [ 6.137312652530027, 61.617483649130087 ], [ 6.138654437257792, 61.617085820655532 ], [ 6.138723300981448, 61.616794092062442 ], [ 6.134006192699399, 61.616247127226131 ], [ 6.134867372670748, 61.616107473922284 ], [ 6.134846139994357, 61.615969088443528 ], [ 6.134199597975878, 61.61574077832433 ], [ 6.134895493940511, 61.61547384150446 ], [ 6.132933209567582, 61.615437891867181 ], [ 6.133537265383445, 61.615300603303538 ], [ 6.132354911883765, 61.615057874439472 ], [ 6.131927172867846, 61.614844302788221 ], [ 6.131936631694755, 61.614631108752796 ], [ 6.131143603480584, 61.614462068860121 ], [ 6.127765661401566, 61.614548490855199 ], [ 6.127070803894672, 61.61444648286561 ], [ 6.127334745679497, 61.614241434088854 ], [ 6.127249332775273, 61.614063785703244 ], [ 6.12676299158936, 61.614162746398705 ], [ 6.126182413685057, 61.614006755438908 ], [ 6.125146285704037, 61.614017338870518 ], [ 6.124671711133259, 61.614273491794151 ], [ 6.124655492040683, 61.614459947887312 ], [ 6.124198963282582, 61.61484361692407 ], [ 6.124288347467454, 61.614973902923438 ], [ 6.12400585406649, 61.615120800543288 ], [ 6.125848760685889, 61.616352072507141 ], [ 6.126398736962637, 61.616516906138436 ], [ 6.128915539124684, 61.616438374871315 ], [ 6.132250462486623, 61.617052894291021 ], [ 6.133163315470441, 61.617396484092566 ], [ 6.133391784213515, 61.617190642435311 ], [ 6.133164208283995, 61.617112243044083 ], [ 6.134854701532801, 61.617029938845789 ], [ 6.135037556448612, 61.617207529786008 ], [ 6.134573427772729, 61.617174045008774 ], [ 6.13452864523877, 61.617323480266833 ], [ 6.136321474529185, 61.617575698673207 ], [ 6.135588019381251, 61.617708072752428 ], [ 6.134196815227932, 61.617640320504549 ], [ 6.130864177756515, 61.617269004974361 ], [ 6.12986834243018, 61.617566021749624 ], [ 6.129672358772145, 61.617856579482655 ], [ 6.130095928428672, 61.618180134775216 ], [ 6.130071423850479, 61.618400027386613 ], [ 6.130554905458741, 61.618471120202862 ], [ 6.130857578149346, 61.618882199953603 ], [ 6.132179392508826, 61.619847148721682 ], [ 6.13357321271116, 61.620073413868525 ], [ 6.134263499011938, 61.619857257261849 ], [ 6.134936742245063, 61.6199267229537 ], [ 6.134771721930147, 61.620065863889856 ], [ 6.134986072763452, 61.620150715322168 ], [ 6.13654900565826, 61.620191444667064 ] ], [ [ 6.125086343886592, 61.614542170595911 ], [ 6.125254259890034, 61.614392386015105 ], [ 6.12604163902058, 61.614551965245369 ], [ 6.125086343886592, 61.614542170595911 ] ], [ [ 6.132233794203344, 61.61841357040624 ], [ 6.132915509623077, 61.618342264995412 ], [ 6.134631895702834, 61.618544414856999 ], [ 6.13261637515985, 61.618546922808804 ], [ 6.132233794203344, 61.61841357040624 ] ], [ [ 6.135795060352501, 61.618711309725988 ], [ 6.136068674946014, 61.618603028298395 ], [ 6.137080855657396, 61.618616725794659 ], [ 6.135795060352501, 61.618711309725988 ] ] ] ] } },
{ "type": "Feature", "properties": { "fid": 202877, "navn": "Stølsvatnet", "hoyde_moh": 489, "arealInnsjo_km2": 0.1592, "magasinKategori": null, "fid_2": 186, "id": 186, "left": 5.986919847, "top": 61.946110046000001, "right": 6.486919847, "bottom": 61.446110046000001, "row_index": 25, "col_index": 4, "tile_id": 186 }, "geometry": { "type": "MultiPolygon", "coordinates": [ [ [ [ 6.004662358571746, 61.62542718975164 ], [ 6.007040568625401, 61.624738994475813 ], [ 6.008121148873325, 61.624202580999707 ], [ 6.008199816819106, 61.623934286539864 ], [ 6.007904148264847, 61.623710330005395 ], [ 6.007490540068888, 61.622904153422148 ], [ 6.007687018285373, 61.622679731181144 ], [ 6.007479262494655, 61.62245129542444 ], [ 6.007731393890258, 61.622271596987154 ], [ 6.007688209498291, 61.622151775554613 ], [ 6.006346475326133, 61.621494316104886 ], [ 6.005537722715615, 61.62136794333432 ], [ 6.004937705749311, 61.621349767504228 ], [ 6.003848074252811, 61.62169339139291 ], [ 6.001409112090723, 61.62176385722907 ], [ 6.001167617914337, 61.621702104635155 ], [ 6.001424022970856, 61.62146964293968 ], [ 6.001280926574431, 61.621084052769135 ], [ 6.000012828589246, 61.621000030327679 ], [ 6.000072038934656, 61.621199916942238 ], [ 5.999853590561077, 61.621286478867418 ], [ 5.999986175985369, 61.621596352939001 ], [ 5.999381902799048, 61.621799589663844 ], [ 5.999511498317095, 61.622259760460899 ], [ 5.999233958295718, 61.622341226860037 ], [ 5.999171308693422, 61.622716696629318 ], [ 5.999734467321161, 61.62317932550495 ], [ 6.000046655170354, 61.623235736510843 ], [ 5.999109660824236, 61.623328052954285 ], [ 5.999052035022608, 61.623725910644374 ], [ 6.000028312782438, 61.624258333560498 ], [ 6.001207362115898, 61.624526346620733 ], [ 6.001728161422997, 61.624352814814017 ], [ 6.003461952010962, 61.624485769705984 ], [ 6.003837210518022, 61.624641439418056 ], [ 6.003313328416405, 61.624796335757232 ], [ 6.003540415709765, 61.624964507218884 ], [ 6.003449847116834, 61.625088387778341 ], [ 6.003712525029171, 61.625183626584658 ], [ 6.00340865906428, 61.625428312393659 ], [ 6.004662358571746, 61.62542718975164 ] ] ] ] } },
{ "type": "Feature", "properties": { "fid": 203264, "navn": "Budalsvatna", "hoyde_moh": 801, "arealInnsjo_km2": 0.0102, "magasinKategori": null, "fid_2": 186, "id": 186, "left": 5.986919847, "top": 61.946110046000001, "right": 6.486919847, "bottom": 61.446110046000001, "row_index": 25, "col_index": 4, "tile_id": 186 }, "geometry": { "type": "MultiPolygon", "coordinates": [ [ [ [ 6.412125419790764, 61.858279202592662 ], [ 6.412440028128741, 61.858048493491545 ], [ 6.412169268204376, 61.857893701406852 ], [ 6.412566487944396, 61.857772886832358 ], [ 6.410508094334412, 61.857324242829307 ], [ 6.410156376336238, 61.85760175519556 ], [ 6.410244687388806, 61.857726011968104 ], [ 6.409842420231257, 61.857833494302049 ], [ 6.410173552118406, 61.858095614163624 ], [ 6.411406785645763, 61.858361097680664 ], [ 6.412125419790764, 61.858279202592662 ] ] ] ] } },
{ "type": "Feature", "properties": { "fid": 203278, "navn": "Gotdalsvatnet", "hoyde_moh": 603, "arealInnsjo_km2": 0.1282, "magasinKategori": null, "fid_2": 186, "id": 186, "left": 5.986919847, "top": 61.946110046000001, "right": 6.486919847, "bottom": 61.446110046000001, "row_index": 25, "col_index": 4, "tile_id": 186 }, "geometry": { "type": "MultiPolygon", "coordinates": [ [ [ [ 6.148376623349549, 61.602368278927045 ], [ 6.150652961469578, 61.602710447477264 ], [ 6.151979427848136, 61.602396560860456 ], [ 6.152006152135983, 61.602124767016406 ], [ 6.152377247765567, 61.602048845918453 ], [ 6.15298562187735, 61.601571181098286 ], [ 6.152911733136026, 61.600902265857975 ], [ 6.153097963172497, 61.600443788031662 ], [ 6.153563517999197, 61.599941445953959 ], [ 6.153009542470342, 61.599593103850594 ], [ 6.151895805038527, 61.599595734875322 ], [ 6.146768928105715, 61.600301330039471 ], [ 6.143540507329902, 61.601184653718384 ], [ 6.141566700944424, 61.601232166944179 ], [ 6.141797637718725, 61.60161495141552 ], [ 6.142024587931052, 61.601679382969884 ], [ 6.143950001069048, 61.601726298494576 ], [ 6.146205144120559, 61.602605475704159 ], [ 6.146899696229393, 61.602640503622794 ], [ 6.148376623349549, 61.602368278927045 ] ] ] ] } },
{ "type": "Feature", "properties": { "fid": 203286, "navn": "Villevatnet", "hoyde_moh": 473, "arealInnsjo_km2": 0.1397, "magasinKategori": null, "fid_2": 186, "id": 186, "left": 5.986919847, "top": 61.946110046000001, "right": 6.486919847, "bottom": 61.446110046000001, "row_index": 25, "col_index": 4, "tile_id": 186 }, "geometry": { "type": "MultiPolygon", "coordinates": [ [ [ [ 6.170045737062015, 61.945607741141231 ], [ 6.170402421658691, 61.945420483013457 ], [ 6.170216016314041, 61.945238913908241 ], [ 6.170427391913586, 61.945006396488445 ], [ 6.170139858953021, 61.944938940395005 ], [ 6.170038759224457, 61.944580965700069 ], [ 6.170619200223395, 61.944432375147031 ], [ 6.170640816594491, 61.944557847907447 ], [ 6.17103223440088, 61.944588723664175 ], [ 6.172396918733956, 61.944478559225338 ], [ 6.170916315303926, 61.944132646325023 ], [ 6.170954895827393, 61.943764713949754 ], [ 6.169961921269042, 61.943500879760897 ], [ 6.169475077115828, 61.943006929971993 ], [ 6.169417082100368, 61.943252333120149 ], [ 6.164669965077639, 61.943275439674558 ], [ 6.16382581609959, 61.943509986322148 ], [ 6.161952053399208, 61.94366985007165 ], [ 6.161786088030091, 61.943806878558156 ], [ 6.16184302441689, 61.943234718031711 ], [ 6.161706109824406, 61.943139654859181 ], [ 6.160265571509341, 61.943028821584491 ], [ 6.15974403195789, 61.943283296214439 ], [ 6.159297873329928, 61.942891250161054 ], [ 6.15899137169865, 61.943053620353631 ], [ 6.159052302182912, 61.943410729269381 ], [ 6.159586839566672, 61.943684501149598 ], [ 6.161123969207292, 61.944140202614278 ], [ 6.16222090129742, 61.944288732319443 ], [ 6.162563531025705, 61.944492340439183 ], [ 6.162941265581345, 61.944494431065422 ], [ 6.163403805485514, 61.944217876899927 ], [ 6.164923282660279, 61.944349046839442 ], [ 6.164483392247728, 61.944835101137016 ], [ 6.165538899150498, 61.945297310922889 ], [ 6.16628875946167, 61.94492942003302 ], [ 6.167114781330919, 61.944854725125623 ], [ 6.167583016389743, 61.944986183874519 ], [ 6.166332987393203, 61.945418647872614 ], [ 6.166496298787822, 61.945531857796453 ], [ 6.167633275585668, 61.945485740551433 ], [ 6.166212492806947, 61.945933924917512 ], [ 6.166610957220701, 61.946110046 ], [ 6.170133781295853, 61.946110046 ], [ 6.170045737062015, 61.945607741141231 ] ], [ [ 6.165503068199781, 61.944322705334734 ], [ 6.165906557128437, 61.944295635616349 ], [ 6.166218253007335, 61.944522538508309 ], [ 6.165790166185609, 61.944585975508666 ], [ 6.165503068199781, 61.944322705334734 ] ], [ [ 6.168194633370933, 61.945035718466045 ], [ 6.168514894501214, 61.945046100465817 ], [ 6.168367992875341, 61.945224491278424 ], [ 6.168194633370933, 61.945035718466045 ] ] ], [ [ [ 6.166037123719455, 61.946014321481833 ], [ 6.165028730580553, 61.945973935895367 ], [ 6.165113436542608, 61.945839877219356 ], [ 6.164831231126791, 61.945804202739623 ], [ 6.164814117533247, 61.945591540623198 ], [ 6.164508414381441, 61.945571336730765 ], [ 6.164455522392149, 61.945426851414076 ], [ 6.163512969860753, 61.945088690366113 ], [ 6.163208211797136, 61.945173283549259 ], [ 6.163250413370499, 61.945524388289556 ], [ 6.16365792046259, 61.945738511150182 ], [ 6.163585036278567, 61.946052627746596 ], [ 6.163656246627871, 61.946110046 ], [ 6.16620241293923, 61.946110046 ], [ 6.166037123719455, 61.946014321481833 ] ] ] ] } },
{ "type": "Feature", "properties": { "fid": 203289, "navn": "Storesætervatnet", "hoyde_moh": 279, "arealInnsjo_km2": 0.1675, "magasinKategori": null, "fid_2": 186, "id": 186, "left": 5.986919847, "top": 61.946110046000001, "right": 6.486919847, "bottom": 61.446110046000001, "row_index": 25, "col_index": 4, "tile_id": 186 }, "geometry": { "type": "MultiPolygon", "coordinates": [ [ [ [ 6.140290087887785, 61.945653536088471 ], [ 6.141057364733332, 61.945185137241566 ], [ 6.141365173423718, 61.944802556276933 ], [ 6.142801249286916, 61.944374223688861 ], [ 6.143884132952386, 61.94366896414148 ], [ 6.144131498723863, 61.943318432972745 ], [ 6.143890754127535, 61.942948939747183 ], [ 6.143329463163694, 61.942703550821996 ], [ 6.143760819343846, 61.942650065059524 ], [ 6.143814471472826, 61.942459690189324 ], [ 6.142211652191716, 61.941979007371877 ], [ 6.142157485036497, 61.941799180121812 ], [ 6.141332639272143, 61.941362557346885 ], [ 6.139504204200485, 61.940738347224318 ], [ 6.138831253273137, 61.940683075957033 ], [ 6.137954472250377, 61.94089809200144 ], [ 6.137721654393355, 61.941437715399474 ], [ 6.13689418722173, 61.941792477436088 ], [ 6.136946735789008, 61.94198693425686 ], [ 6.136508994998481, 61.942672331356199 ], [ 6.136857740264412, 61.942855713693156 ], [ 6.137687810962539, 61.942898040963279 ], [ 6.137701957406214, 61.943019064683277 ], [ 6.137324641376738, 61.943136404603905 ], [ 6.1373545618824, 61.943446428528297 ], [ 6.138327679417393, 61.944638539730505 ], [ 6.137306397065151, 61.94514351063647 ], [ 6.136606319529926, 61.946110046 ], [ 6.139325601406679, 61.946110046 ], [ 6.140290087887785, 61.945653536088471 ] ], [ [ 6.138162998882443, 61.943078137503669 ], [ 6.139190683953505, 61.942786770564965 ], [ 6.139748125156675, 61.94283699284599 ], [ 6.139132623499515, 61.943175410164443 ], [ 6.138162998882443, 61.943078137503669 ] ], [ [ 6.139747244747961, 61.943764981640214 ], [ 6.140257199930266, 61.94350747491044 ], [ 6.140583227939659, 61.943616985141595 ], [ 6.140057554802205, 61.94396773413839 ], [ 6.139699692436339, 61.943962619916078 ], [ 6.139747244747961, 61.943764981640214 ] ] ] ] } },
{ "type": "Feature", "properties": { "fid": 203512, "navn": "Kringlevatnet", "hoyde_moh": 762, "arealInnsjo_km2": 0.0439, "magasinKategori": null, "fid_2": 186, "id": 186, "left": 5.986919847, "top": 61.946110046000001, "right": 6.486919847, "bottom": 61.446110046000001, "row_index": 25, "col_index": 4, "tile_id": 186 }, "geometry": { "type": "MultiPolygon", "coordinates": [ [ [ [ 5.993811997281804, 61.946099535773882 ], [ 5.993794141786411, 61.946110046 ], [ 5.995784598794724, 61.946110046 ], [ 5.993811997281804, 61.946099535773882 ] ] ] ] } },
{ "type": "Feature", "properties": { "fid": 203658, "navn": null, "hoyde_moh": 904, "arealInnsjo_km2": 0.0075, "magasinKategori": null, "fid_2": 186, "id": 186, "left": 5.986919847, "top": 61.946110046000001, "right": 6.486919847, "bottom": 61.446110046000001, "row_index": 25, "col_index": 4, "tile_id": 186 }, "geometry": { "type": "MultiPolygon", "coordinates": [ [ [ [ 6.256913817961999, 61.660542425335841 ], [ 6.257700165797654, 61.660608115255854 ], [ 6.258768873361671, 61.659975654955872 ], [ 6.25721725278646, 61.659897861448435 ], [ 6.256937722279674, 61.660031936229387 ], [ 6.257315613559179, 61.660030322999027 ], [ 6.2571994891681, 61.660149163007091 ], [ 6.256032816348723, 61.66016642174084 ], [ 6.256239155575089, 61.660707902554506 ], [ 6.256913817961999, 61.660542425335841 ] ] ] ] } },
{ "type": "Feature", "properties": { "fid": 203663, "navn": "Vassvendevatnet", "hoyde_moh": 801, "arealInnsjo_km2": 0.2039, "magasinKategori": null, "fid_2": 186, "id": 186, "left": 5.986919847, "top": 61.946110046000001, "right": 6.486919847, "bottom": 61.446110046000001, "row_index": 25, "col_index": 4, "tile_id": 186 }, "geometry": { "type": "MultiPolygon", "coordinates": [ [ [ [ 6.257285325338602, 61.627736160893981 ], [ 6.257149038491969, 61.627631249795627 ], [ 6.257302743846401, 61.62758675643753 ], [ 6.259090394905563, 61.627816251303727 ], [ 6.2604905713502, 61.62753414592968 ], [ 6.261160803636905, 61.627642072071225 ], [ 6.263812154761631, 61.627544549740357 ], [ 6.265364292999848, 61.627081444758112 ], [ 6.267290613219113, 61.627009849403549 ], [ 6.267104730511579, 61.626861553533736 ], [ 6.265585504003755, 61.626609409470674 ], [ 6.267023537008176, 61.626323895041367 ], [ 6.267271715371325, 61.626186625095073 ], [ 6.267405430755609, 61.62587150069772 ], [ 6.266712325179801, 61.625615584703326 ], [ 6.265020011696481, 61.62567430648366 ], [ 6.26554400603311, 61.62531851919654 ], [ 6.264925889818922, 61.625292571771134 ], [ 6.265314617039339, 61.625193803258149 ], [ 6.265277207590599, 61.624882396769543 ], [ 6.264899165712644, 61.624756427364403 ], [ 6.263828398610208, 61.624907979962217 ], [ 6.264131934381343, 61.624741571103719 ], [ 6.263406705208058, 61.624592893279491 ], [ 6.262232312112288, 61.624725657173158 ], [ 6.262626264878156, 61.62451763681279 ], [ 6.262385836695664, 61.624356335206997 ], [ 6.258901946878528, 61.624830014118444 ], [ 6.261170898654917, 61.624410675276586 ], [ 6.260822037114061, 61.624386500477861 ], [ 6.261388022023578, 61.624219735619931 ], [ 6.25991489252268, 61.624307588528303 ], [ 6.260543849180852, 61.624038808910761 ], [ 6.260437282754819, 61.623969605747732 ], [ 6.259107074298959, 61.624408179496925 ], [ 6.25964819802569, 61.624389713751427 ], [ 6.257614899934484, 61.624587663403773 ], [ 6.254532136065735, 61.625322524193457 ], [ 6.254279795375484, 61.625412160338918 ], [ 6.255185411669437, 61.625623376601801 ], [ 6.252940387247348, 61.626298958604337 ], [ 6.251347315037326, 61.626537654910535 ], [ 6.252414846767957, 61.626744325034515 ], [ 6.252744517692283, 61.626416264817799 ], [ 6.253100490751923, 61.626405499741807 ], [ 6.253248437259842, 61.626603507137574 ], [ 6.254034933261801, 61.626669629105479 ], [ 6.253952081871642, 61.626778044969917 ], [ 6.254333637038152, 61.626872920013845 ], [ 6.254355409723479, 61.627080054678828 ], [ 6.255582823273238, 61.627246671562986 ], [ 6.255825863451703, 61.627476189265359 ], [ 6.257285325338602, 61.627736160893981 ] ], [ [ 6.25791509547229, 61.625028125146002 ], [ 6.258796305029019, 61.624886457862758 ], [ 6.258144137897947, 61.6250831715804 ], [ 6.25791509547229, 61.625028125146002 ] ], [ [ 6.256554612921297, 61.625093472107551 ], [ 6.257069692972157, 61.62509655904833 ], [ 6.256746979789905, 61.625252141561681 ], [ 6.255006746127905, 61.625381830863347 ], [ 6.256554612921297, 61.625093472107551 ] ] ] ] } },
{ "type": "Feature", "properties": { "fid": 203664, "navn": null, "hoyde_moh": 856, "arealInnsjo_km2": 0.0048, "magasinKategori": null, "fid_2": 186, "id": 186, "left": 5.986919847, "top": 61.946110046000001, "right": 6.486919847, "bottom": 61.446110046000001, "row_index": 25, "col_index": 4, "tile_id": 186 }, "geometry": { "type": "MultiPolygon", "coordinates": [ [ [ [ 6.335889475066353, 61.660747568880062 ], [ 6.336289372156826, 61.660418565243525 ], [ 6.335860375669291, 61.660150179954464 ], [ 6.335394634265704, 61.660155534747254 ], [ 6.33446138132776, 61.660466152572369 ], [ 6.335081503162379, 61.660726584203125 ], [ 6.335889475066353, 61.660747568880062 ] ] ] ] } },
{ "type": "Feature", "properties": { "fid": 203665, "navn": null, "hoyde_moh": 774, "arealInnsjo_km2": 0.0173, "magasinKategori": null, "fid_2": 186, "id": 186, "left": 5.986919847, "top": 61.946110046000001, "right": 6.486919847, "bottom": 61.446110046000001, "row_index": 25, "col_index": 4, "tile_id": 186 }, "geometry": { "type": "MultiPolygon", "coordinates": [ [ [ [ 6.231545127086368, 61.655530040009346 ], [ 6.232610736985669, 61.654441183638646 ], [ 6.232336910596061, 61.653607146129971 ], [ 6.232108592181973, 61.653479735210148 ], [ 6.231802228692824, 61.653553839195581 ], [ 6.230840867867503, 61.654147130483771 ], [ 6.230553117900556, 61.654855467393887 ], [ 6.230655040045411, 61.655416923006648 ], [ 6.230827322547986, 61.655650772159028 ], [ 6.231545127086368, 61.655530040009346 ] ] ] ] } },
{ "type": "Feature", "properties": { "fid": 204038, "navn": null, "hoyde_moh": 1153, "arealInnsjo_km2": 0.0135, "magasinKategori": null, "fid_2": 186, "id": 186, "left": 5.986919847, "top": 61.946110046000001, "right": 6.486919847, "bottom": 61.446110046000001, "row_index": 25, "col_index": 4, "tile_id": 186 }, "geometry": { "type": "MultiPolygon", "coordinates": [ [ [ [ 6.029851183444427, 61.730978655408791 ], [ 6.029954325613231, 61.730881604693337 ], [ 6.0297814420876, 61.730817419334599 ], [ 6.030649490651975, 61.730512849079545 ], [ 6.031100745868008, 61.730534197553425 ], [ 6.030817755146654, 61.730982917911611 ], [ 6.031164589402527, 61.73099973067292 ], [ 6.032274295172916, 61.730821804745922 ], [ 6.03301913995672, 61.730497348108905 ], [ 6.032208240778619, 61.730318888747853 ], [ 6.032321561377318, 61.730144144334233 ], [ 6.032071959321931, 61.730079061823908 ], [ 6.03151969931364, 61.730317239657474 ], [ 6.030655209829541, 61.730137677417595 ], [ 6.029138420069325, 61.73056486895775 ], [ 6.028052261835442, 61.730591571872459 ], [ 6.029231396564031, 61.73104922767137 ], [ 6.029851183444427, 61.730978655408791 ] ] ] ] } },
{ "type": "Feature", "properties": { "fid": 204039, "navn": "Instevatnet", "hoyde_moh": 430, "arealInnsjo_km2": 0.1305, "magasinKategori": null, "fid_2": 186, "id": 186, "left": 5.986919847, "top": 61.946110046000001, "right": 6.486919847, "bottom": 61.446110046000001, "row_index": 25, "col_index": 4, "tile_id": 186 }, "geometry": { "type": "MultiPolygon", "coordinates": [ [ [ [ 6.054987600872455, 61.734634713610845 ], [ 6.056436612622068, 61.734465432477293 ], [ 6.057121115094508, 61.734120525248997 ], [ 6.057155648849641, 61.733794982837189 ], [ 6.056635886666404, 61.733346688307492 ], [ 6.056807426264837, 61.73312225101396 ], [ 6.056683009478373, 61.732688557191395 ], [ 6.056221209310977, 61.732208279468182 ], [ 6.056262936698108, 61.731658612609088 ], [ 6.05491782544373, 61.731212079926379 ], [ 6.054309699677747, 61.730377275730433 ], [ 6.053665885522546, 61.729909780871772 ], [ 6.053259913434942, 61.729833280291928 ], [ 6.053010824807711, 61.729872572496809 ], [ 6.053000288678913, 61.730211714586503 ], [ 6.051064166939085, 61.730710976224962 ], [ 6.050412473266115, 61.730725404839781 ], [ 6.050101149760799, 61.73049659169304 ], [ 6.048915226751954, 61.730504966339858 ], [ 6.04878617213729, 61.730995745889615 ], [ 6.049526036434003, 61.731558160713611 ], [ 6.049660490097134, 61.732019731386778 ], [ 6.050317954098686, 61.732848407264953 ], [ 6.051613064845977, 61.732954391258531 ], [ 6.053464484280958, 61.733625319905975 ], [ 6.054013370066414, 61.734115311602451 ], [ 6.053982389032924, 61.734405116563067 ], [ 6.053618107506471, 61.734595818071782 ], [ 6.053999718412891, 61.734979456324616 ], [ 6.0540063574434, 61.735171863455754 ], [ 6.054196856278956, 61.735192976147481 ], [ 6.054987600872455, 61.734634713610845 ] ] ] ] } },
{ "type": "Feature", "properties": { "fid": 208621, "navn": "Tverrgrovvatnet", "hoyde_moh": 645, "arealInnsjo_km2": 0.0291, "magasinKategori": null, "fid_2": 186, "id": 186, "left": 5.986919847, "top": 61.946110046000001, "right": 6.486919847, "bottom": 61.446110046000001, "row_index": 25, "col_index": 4, "tile_id": 186 }, "geometry": { "type": "MultiPolygon", "coordinates": [ [ [ [ 6.094129964482726, 61.521572447951101 ], [ 6.094451224930665, 61.521243297710647 ], [ 6.094793204753673, 61.521218256095054 ], [ 6.094740639689485, 61.520697780347703 ], [ 6.094035089328175, 61.520463215503227 ], [ 6.093701648215035, 61.520171971811124 ], [ 6.09271593870958, 61.519946351412287 ], [ 6.091672515018066, 61.5199555990853 ], [ 6.09114293668492, 61.520121288269607 ], [ 6.091467010021459, 61.52035046975822 ], [ 6.091267533673038, 61.520624728339087 ], [ 6.091358168785989, 61.521064209043267 ], [ 6.09163239058106, 61.521344875082214 ], [ 6.092074478258768, 61.521385440249141 ], [ 6.092302309640152, 61.521807919160835 ], [ 6.09267983648046, 61.52190830833414 ], [ 6.094129964482726, 61.521572447951101 ] ] ] ] } },
{ "type": "Feature", "properties": { "fid": 208817, "navn": "Geilavatnet", "hoyde_moh": 807, "arealInnsjo_km2": 0.0456, "magasinKategori": null, "fid_2": 186, "id": 186, "left": 5.986919847, "top": 61.946110046000001, "right": 6.486919847, "bottom": 61.446110046000001, "row_index": 25, "col_index": 4, "tile_id": 186 }, "geometry": { "type": "MultiPolygon", "coordinates": [ [ [ [ 6.325178825329493, 61.902604884232339 ], [ 6.325494076732879, 61.902410322341559 ], [ 6.325171345846585, 61.902141740608322 ], [ 6.325940489635934, 61.901731874159161 ], [ 6.325507737721845, 61.901631401999609 ], [ 6.32560927023304, 61.901135245621539 ], [ 6.324311779271506, 61.901142043900776 ], [ 6.320781986030632, 61.901668582928991 ], [ 6.318835427813406, 61.901750831032672 ], [ 6.31840600985349, 61.901911743905799 ], [ 6.318226528720123, 61.902175360622017 ], [ 6.3183131501286, 61.902399235979281 ], [ 6.325178825329493, 61.902604884232339 ] ] ] ] } },
{ "type": "Feature", "properties": { "fid": 208820, "navn": "Tverrlivatnet", "hoyde_moh": 857, "arealInnsjo_km2": 0.1524, "magasinKategori": null, "fid_2": 186, "id": 186, "left": 5.986919847, "top": 61.946110046000001, "right": 6.486919847, "bottom": 61.446110046000001, "row_index": 25, "col_index": 4, "tile_id": 186 }, "geometry": { "type": "MultiPolygon", "coordinates": [ [ [ [ 6.400691996305668, 61.609926617510155 ], [ 6.402774646760497, 61.609773181410404 ], [ 6.40498687024789, 61.609225580975917 ], [ 6.405311168217975, 61.609273395511501 ], [ 6.405562857821633, 61.609104332403106 ], [ 6.406260577629125, 61.609080397662218 ], [ 6.407027143018228, 61.608793526707913 ], [ 6.407302018842749, 61.608550863346466 ], [ 6.406805518491795, 61.608530813599117 ], [ 6.406681353746135, 61.608288632835432 ], [ 6.407610668020891, 61.608004384984 ], [ 6.407574449406865, 61.607857561936733 ], [ 6.40698317194341, 61.607796554311363 ], [ 6.407452332886166, 61.607632494032792 ], [ 6.40752581689703, 61.607353595490189 ], [ 6.408310300167947, 61.607017268570978 ], [ 6.408330361739811, 61.606854316098818 ], [ 6.405993275899871, 61.606637256438056 ], [ 6.403634552703402, 61.606847590279585 ], [ 6.40227243861287, 61.606752010681426 ], [ 6.401084839105177, 61.606991856445418 ], [ 6.400065855062357, 61.606676263004033 ], [ 6.398399744272021, 61.606716302068904 ], [ 6.398454839814739, 61.606974622003982 ], [ 6.400104847590262, 61.606889750118313 ], [ 6.400384473068851, 61.607145583181044 ], [ 6.399127075571482, 61.607226431880896 ], [ 6.398552592528731, 61.607440067877683 ], [ 6.397939581476642, 61.607931381819107 ], [ 6.397978900695636, 61.60808391631042 ], [ 6.397431229603725, 61.608243602855168 ], [ 6.397398239184267, 61.608558489744489 ], [ 6.397648310456725, 61.60865057946031 ], [ 6.397635836612976, 61.608845901355579 ], [ 6.398402313408122, 61.608793844871208 ], [ 6.39782335719002, 61.609193733044677 ], [ 6.398996376120219, 61.609483058584125 ], [ 6.398733069993799, 61.609656885453802 ], [ 6.398844298678266, 61.609868446671626 ], [ 6.400166981691147, 61.61016877955344 ], [ 6.400691996305668, 61.609926617510155 ] ] ] ] } },
{ "type": "Feature", "properties": { "fid": 208821, "navn": "Kvanndalsvatnet", "hoyde_moh": 925, "arealInnsjo_km2": 0.2292, "magasinKategori": null, "fid_2": 186, "id": 186, "left": 5.986919847, "top": 61.946110046000001, "right": 6.486919847, "bottom": 61.446110046000001, "row_index": 25, "col_index": 4, "tile_id": 186 }, "geometry": { "type": "MultiPolygon", "coordinates": [ [ [ [ 6.335802048993985, 61.645984942010472 ], [ 6.335736258191463, 61.645825538669463 ], [ 6.336123160568601, 61.645671249990301 ], [ 6.336079678274698, 61.645556001324898 ], [ 6.337744011917832, 61.645471978078881 ], [ 6.338688240287296, 61.645142185508924 ], [ 6.339524875923767, 61.644605060539298 ], [ 6.339493971976029, 61.644335951522379 ], [ 6.338362834030611, 61.643920620051553 ], [ 6.337482971261438, 61.64330927200745 ], [ 6.33758021950649, 61.643137411265435 ], [ 6.33742589459877, 61.642775960560385 ], [ 6.336272408951969, 61.641567700826975 ], [ 6.336086382536849, 61.640192310439808 ], [ 6.335536913296622, 61.639828144063813 ], [ 6.335505788659773, 61.639398933268538 ], [ 6.334452564316227, 61.638807032997931 ], [ 6.333636153247229, 61.638792431350467 ], [ 6.333433480555134, 61.638911849215162 ], [ 6.333423039021133, 61.63911996285831 ], [ 6.330965107025361, 61.640731000024637 ], [ 6.330983449426939, 61.641056499195599 ], [ 6.330666473139986, 61.641317140996343 ], [ 6.330606859704188, 61.64182205303122 ], [ 6.330266240530988, 61.642492333124899 ], [ 6.330328221458607, 61.642726391216414 ], [ 6.331174898107679, 61.643172065166922 ], [ 6.331286591257135, 61.64343594616718 ], [ 6.330505928215866, 61.644013909173921 ], [ 6.331451123267461, 61.644762912842253 ], [ 6.335255221471527, 61.64606307937914 ], [ 6.335802048993985, 61.645984942010472 ] ] ] ] } },
{ "type": "Feature", "properties": { "fid": 208822, "navn": null, "hoyde_moh": 776, "arealInnsjo_km2": 0.026, "magasinKategori": null, "fid_2": 186, "id": 186, "left": 5.986919847, "top": 61.946110046000001, "right": 6.486919847, "bottom": 61.446110046000001, "row_index": 25, "col_index": 4, "tile_id": 186 }, "geometry": { "type": "MultiPolygon", "coordinates": [ [ [ [ 6.232469914825906, 61.65280569262454 ], [ 6.233151108042223, 61.65233897010436 ], [ 6.233027174436768, 61.652162729036569 ], [ 6.231262431124117, 61.652055500850075 ], [ 6.232425505824723, 61.651675187792215 ], [ 6.232787304846497, 61.651381483243121 ], [ 6.232814487301211, 61.65108253444037 ], [ 6.232237492454827, 61.650543906625451 ], [ 6.231204396704787, 61.650488328134301 ], [ 6.230549106285226, 61.651017431701767 ], [ 6.230536731779364, 61.651309024370242 ], [ 6.230778639302505, 61.651689589794394 ], [ 6.230569920496611, 61.652219695532757 ], [ 6.230768092191727, 61.652406063320711 ], [ 6.230703151575429, 61.652806574715093 ], [ 6.232469914825906, 61.65280569262454 ] ] ] ] } },
{ "type": "Feature", "properties": { "fid": 208823, "navn": "Vetledalsvatnet", "hoyde_moh": 872, "arealInnsjo_km2": 0.1375, "magasinKategori": null, "fid_2": 186, "id": 186, "left": 5.986919847, "top": 61.946110046000001, "right": 6.486919847, "bottom": 61.446110046000001, "row_index": 25, "col_index": 4, "tile_id": 186 }, "geometry": { "type": "MultiPolygon", "coordinates": [ [ [ [ 6.347394632175444, 61.613875129303061 ], [ 6.348483395274489, 61.613561759600543 ], [ 6.346785998849871, 61.613365571125541 ], [ 6.346631542724332, 61.613464132024461 ], [ 6.346461029647227, 61.613315493590761 ], [ 6.344651568137823, 61.612947804400278 ], [ 6.344653436189332, 61.612790732128964 ], [ 6.344283131293872, 61.612609113965057 ], [ 6.34453453726488, 61.612300102894409 ], [ 6.349501037985331, 61.61153110833105 ], [ 6.351101658288576, 61.610502426983878 ], [ 6.349918530106661, 61.610192871596396 ], [ 6.350073551427224, 61.609953144222445 ], [ 6.349601634371784, 61.609910330146256 ], [ 6.349277031829295, 61.609647803498973 ], [ 6.347001573388803, 61.609334360849125 ], [ 6.34455981561477, 61.609432972643965 ], [ 6.343246568462202, 61.610177906281585 ], [ 6.341506417800391, 61.610454736924737 ], [ 6.341585212108503, 61.610681097090307 ], [ 6.341216451264268, 61.610869058964902 ], [ 6.341318292237215, 61.611068793777335 ], [ 6.341091916112999, 61.611209195427875 ], [ 6.341292909210395, 61.611547423529196 ], [ 6.342779349487138, 61.612011550977876 ], [ 6.344121776975775, 61.612179737354531 ], [ 6.343681167390034, 61.612193465680519 ], [ 6.343650210635649, 61.612345340440662 ], [ 6.343301026476041, 61.612225593901705 ], [ 6.342848239887644, 61.612394560313938 ], [ 6.342379661368764, 61.612316160512258 ], [ 6.342295368829161, 61.612637363714867 ], [ 6.342589143785935, 61.612688353124383 ], [ 6.3427049777273, 61.612888978781115 ], [ 6.343017047722924, 61.612822336770485 ], [ 6.343042895904112, 61.613038001021756 ], [ 6.343482315002731, 61.613220778212145 ], [ 6.344547984850614, 61.613198035546525 ], [ 6.344816918783992, 61.613462173541272 ], [ 6.345681664719388, 61.613786884610541 ], [ 6.345659876320289, 61.613958134719581 ], [ 6.347394632175444, 61.613875129303061 ] ] ] ] } },
{ "type": "Feature", "properties": { "fid": 208824, "navn": null, "hoyde_moh": 1152, "arealInnsjo_km2": 0.0038, "magasinKategori": null, "fid_2": 186, "id": 186, "left": 5.986919847, "top": 61.946110046000001, "right": 6.486919847, "bottom": 61.446110046000001, "row_index": 25, "col_index": 4, "tile_id": 186 }, "geometry": { "type": "MultiPolygon", "coordinates": [ [ [ [ 6.244638193641327, 61.61249310602755 ], [ 6.245126883997128, 61.612399494011648 ], [ 6.244716088769339, 61.611979955404173 ], [ 6.243750765913844, 61.611998810762096 ], [ 6.243661043082037, 61.612297422220649 ], [ 6.244189998929439, 61.612511083146522 ], [ 6.244638193641327, 61.61249310602755 ] ] ] ] } },
{ "type": "Feature", "properties": { "fid": 208825, "navn": null, "hoyde_moh": 984, "arealInnsjo_km2": 0.0491, "magasinKategori": null, "fid_2": 186, "id": 186, "left": 5.986919847, "top": 61.946110046000001, "right": 6.486919847, "bottom": 61.446110046000001, "row_index": 25, "col_index": 4, "tile_id": 186 }, "geometry": { "type": "MultiPolygon", "coordinates": [ [ [ [ 6.471058798779224, 61.64135237613003 ], [ 6.471539308431174, 61.640626353085246 ], [ 6.47238160766607, 61.640396154351272 ], [ 6.472771642310691, 61.639899651752955 ], [ 6.473211234838124, 61.639684454985542 ], [ 6.47338922517071, 61.638965272761858 ], [ 6.472889627590776, 61.638890287811641 ], [ 6.472813484536479, 61.638744513563047 ], [ 6.472065252414739, 61.638856152250149 ], [ 6.470118951517724, 61.6385827546125 ], [ 6.469130956281926, 61.638869453786313 ], [ 6.468916372558008, 61.639045477585292 ], [ 6.468977597168055, 61.639327068266809 ], [ 6.468191212052878, 61.63947413660938 ], [ 6.470009408486403, 61.640065043247006 ], [ 6.470871385820885, 61.639889832232754 ], [ 6.471646343923624, 61.640108383193983 ], [ 6.471461391316541, 61.640516415334936 ], [ 6.471154832999966, 61.640726952940021 ], [ 6.470381873428768, 61.640920672135231 ], [ 6.469876714940306, 61.640791043422645 ], [ 6.469558907321651, 61.641126241127907 ], [ 6.468328457064896, 61.641334577715902 ], [ 6.468624918511451, 61.641621005779285 ], [ 6.467871105596493, 61.641824947171884 ], [ 6.469987177168075, 61.642140009520084 ], [ 6.471058798779224, 61.64135237613003 ] ], [ [ 6.470050086202972, 61.641018164266995 ], [ 6.470174715298492, 61.641063744755606 ], [ 6.469932840010139, 61.641221076228192 ], [ 6.469840936445247, 61.641121188325172 ], [ 6.470050086202972, 61.641018164266995 ] ] ] ] } },
{ "type": "Feature", "properties": { "fid": 208826, "navn": "Botnavatnet", "hoyde_moh": 411, "arealInnsjo_km2": 0.4608, "magasinKategori": null, "fid_2": 186, "id": 186, "left": 5.986919847, "top": 61.946110046000001, "right": 6.486919847, "bottom": 61.446110046000001, "row_index": 25, "col_index": 4, "tile_id": 186 }, "geometry": { "type": "MultiPolygon", "coordinates": [ [ [ [ 6.098663881864104, 61.552553271503186 ], [ 6.100005171102005, 61.552791674045594 ], [ 6.101799067294146, 61.552506713375294 ], [ 6.104890521787953, 61.552620874175993 ], [ 6.105098196474767, 61.553039642270456 ], [ 6.10558412149136, 61.553156400687406 ], [ 6.106307349802361, 61.552550854657952 ], [ 6.106546631005817, 61.551946435541836 ], [ 6.107047907519852, 61.551830588109034 ], [ 6.107705600133745, 61.551331892006196 ], [ 6.108960127819873, 61.550961919076755 ], [ 6.109546238452217, 61.551080629647011 ], [ 6.109942107829128, 61.550984063326531 ], [ 6.109960274368957, 61.551140511846924 ], [ 6.111543746807779, 61.551037455640163 ], [ 6.111718646938811, 61.551202830266682 ], [ 6.112001925680817, 61.550996753497394 ], [ 6.111779024222839, 61.550689692675526 ], [ 6.110067468800633, 61.550005082074129 ], [ 6.109425223271134, 61.549510181912012 ], [ 6.105692208973243, 61.548190737952467 ], [ 6.103159020302378, 61.547901769426588 ], [ 6.101209511167873, 61.548010229462946 ], [ 6.100000030387876, 61.547911709002847 ], [ 6.096709670785195, 61.547992197671164 ], [ 6.093618999362515, 61.548639719796114 ], [ 6.092452505630742, 61.549174037312184 ], [ 6.091261509990191, 61.54995499019698 ], [ 6.091302995455942, 61.550481520256248 ], [ 6.089976150618554, 61.550618480151371 ], [ 6.089513630574764, 61.550909428280242 ], [ 6.088576461780637, 61.551149725119792 ], [ 6.088559939101557, 61.551554324611978 ], [ 6.088803243839346, 61.551797888205819 ], [ 6.092428749276773, 61.552086729566668 ], [ 6.094194583343757, 61.552439590916272 ], [ 6.098663881864104, 61.552553271503186 ] ] ] ] } },
{ "type": "Feature", "properties": { "fid": 209231, "navn": null, "hoyde_moh": 801, "arealInnsjo_km2": 0.024, "magasinKategori": null, "fid_2": 186, "id": 186, "left": 5.986919847, "top": 61.946110046000001, "right": 6.486919847, "bottom": 61.446110046000001, "row_index": 25, "col_index": 4, "tile_id": 186 }, "geometry": { "type": "MultiPolygon", "coordinates": [ [ [ [ 6.146378421815498, 61.7184484075364 ], [ 6.148060959231773, 61.717707821697608 ], [ 6.148161324676318, 61.717489697911759 ], [ 6.147785957299701, 61.717308569735387 ], [ 6.146995844376715, 61.717269705546876 ], [ 6.144732441896936, 61.717559838468375 ], [ 6.143410711001028, 61.718052141073095 ], [ 6.143201841633315, 61.718565662748489 ], [ 6.146378421815498, 61.7184484075364 ] ] ] ] } },
{ "type": "Feature", "properties": { "fid": 209233, "navn": "Bjørlovatnet", "hoyde_moh": 387, "arealInnsjo_km2": 0.0437, "magasinKategori": null, "fid_2": 186, "id": 186, "left": 5.986919847, "top": 61.946110046000001, "right": 6.486919847, "bottom": 61.446110046000001, "row_index": 25, "col_index": 4, "tile_id": 186 }, "geometry": { "type": "MultiPolygon", "coordinates": [ [ [ [ 6.052729954772101, 61.900720119724618 ], [ 6.052865040540321, 61.900034180949284 ], [ 6.053407173335007, 61.899734549701975 ], [ 6.053408041293569, 61.899453690643419 ], [ 6.053566415133461, 61.899352440394011 ], [ 6.053420888233203, 61.899047529583385 ], [ 6.052951647213301, 61.89884189399578 ], [ 6.053106335411226, 61.898639262305778 ], [ 6.052728165176451, 61.898439953449483 ], [ 6.053044769732126, 61.898253533846244 ], [ 6.05074685576662, 61.897871220309689 ], [ 6.050290877685889, 61.897973300770353 ], [ 6.049925238689993, 61.898259811368277 ], [ 6.049694942028363, 61.898809535768585 ], [ 6.050115247764957, 61.899178014360459 ], [ 6.050820242143813, 61.899355362888848 ], [ 6.050699188077458, 61.899659078315103 ], [ 6.051427081367269, 61.90006714012042 ], [ 6.050801320106006, 61.900508160649323 ], [ 6.050851222523836, 61.900846217274214 ], [ 6.05223670049756, 61.901009845994629 ], [ 6.052729954772101, 61.900720119724618 ] ] ] ] } },
{ "type": "Feature", "properties": { "fid": 209236, "navn": "Vasslivatnet", "hoyde_moh": 741, "arealInnsjo_km2": 0.7888, "magasinKategori": null, "fid_2": 186, "id": 186, "left": 5.986919847, "top": 61.946110046000001, "right": 6.486919847, "bottom": 61.446110046000001, "row_index": 25, "col_index": 4, "tile_id": 186 }, "geometry": { "type": "MultiPolygon", "coordinates": [ [ [ [ 6.007850579599324, 61.685608077965234 ], [ 6.009321269079175, 61.68550347188043 ], [ 6.013361297938088, 61.68568621372075 ], [ 6.016556018390291, 61.685208901581909 ], [ 6.019487519637797, 61.684406631148441 ], [ 6.019783000707818, 61.684140270719055 ], [ 6.019576710818906, 61.683889646132762 ], [ 6.017511032973512, 61.683292046905073 ], [ 6.017055819192882, 61.682515637170049 ], [ 6.016116705691851, 61.682317605553429 ], [ 6.016523740036734, 61.681882194735991 ], [ 6.01647645934001, 61.681611707309308 ], [ 6.014530992050764, 61.681120070030531 ], [ 6.012932308296024, 61.680952689025595 ], [ 6.008831869821758, 61.680960600585117 ], [ 6.006230294543316, 61.681490357354065 ], [ 6.002255384941627, 61.68141111409475 ], [ 6.001677456211921, 61.68166443042653 ], [ 6.001051950360588, 61.681673980727894 ], [ 5.998990854704868, 61.681004610533058 ], [ 5.997325884277926, 61.680907671946557 ], [ 5.996347345863504, 61.681056324991147 ], [ 5.99484825148279, 61.681007407748552 ], [ 5.994636461791315, 61.681155256245169 ], [ 5.994002221383105, 61.680741716688921 ], [ 5.993032069429464, 61.680719253346396 ], [ 5.991631427998338, 61.680379264988957 ], [ 5.986919847, 61.68107614357217 ], [ 5.986919847, 61.684092655319674 ], [ 5.987451048951813, 61.68437284321157 ], [ 5.993271562870182, 61.684639035275026 ], [ 5.994660192539925, 61.6848916985915 ], [ 6.007850579599324, 61.685608077965234 ] ] ] ] } },
{ "type": "Feature", "properties": { "fid": 209238, "navn": "Jørångevatnet", "hoyde_moh": 855, "arealInnsjo_km2": 0.1748, "magasinKategori": null, "fid_2": 186, "id": 186, "left": 5.986919847, "top": 61.946110046000001, "right": 6.486919847, "bottom": 61.446110046000001, "row_index": 25, "col_index": 4, "tile_id": 186 }, "geometry": { "type": "MultiPolygon", "coordinates": [ [ [ [ 6.132524008286731, 61.712036529704676 ], [ 6.132979857029585, 61.71178583362196 ], [ 6.132659376934442, 61.711782649840245 ], [ 6.132895096443668, 61.711632009387984 ], [ 6.134247056976259, 61.711388224940592 ], [ 6.135655513922016, 61.710510189599781 ], [ 6.135815180519557, 61.710128120918668 ], [ 6.135503841201089, 61.709650554730267 ], [ 6.135679985193953, 61.70936155702293 ], [ 6.135530356091211, 61.709026562089413 ], [ 6.136140900579067, 61.708484378944959 ], [ 6.135470351143465, 61.708207423876793 ], [ 6.135598281270109, 61.708032403014478 ], [ 6.135390317456276, 61.707685200496364 ], [ 6.135843234698156, 61.707573296771656 ], [ 6.135265992527599, 61.707397671981376 ], [ 6.135961978247119, 61.70724377722037 ], [ 6.135695049194474, 61.706955628764845 ], [ 6.135730933634859, 61.706671676486735 ], [ 6.135414295527242, 61.706498128925446 ], [ 6.134752709203356, 61.70648382521896 ], [ 6.134026964940545, 61.706670203898966 ], [ 6.133097809551897, 61.706635825196443 ], [ 6.131526672481241, 61.707227137045919 ], [ 6.13103073298947, 61.707072610162101 ], [ 6.130221015711663, 61.707339797052924 ], [ 6.129910075710383, 61.707552399332918 ], [ 6.129907556897555, 61.707784035674685 ], [ 6.130522430504086, 61.707994672336774 ], [ 6.131369441577408, 61.7079558413051 ], [ 6.129720322933946, 61.708652393761454 ], [ 6.128213753263969, 61.708949753536984 ], [ 6.12781125219993, 61.709180598265405 ], [ 6.128634196657943, 61.709340745263084 ], [ 6.128389579896264, 61.70954511082995 ], [ 6.128769497323074, 61.709629631122247 ], [ 6.128440079742544, 61.710089365410454 ], [ 6.129441163146787, 61.710829830667052 ], [ 6.130608858876164, 61.711095591772853 ], [ 6.130466649432265, 61.711551273475187 ], [ 6.130892646527835, 61.711704943034235 ], [ 6.130561842912081, 61.711832118349363 ], [ 6.130694988079447, 61.711960181574781 ], [ 6.130531123263558, 61.712124994125851 ], [ 6.131313201488479, 61.712270074567208 ], [ 6.132524008286731, 61.712036529704676 ] ] ] ] } },
{ "type": "Feature", "properties": { "fid": 209239, "navn": "Styggelivatnet", "hoyde_moh": 804, "arealInnsjo_km2": 0.1596, "magasinKategori": null, "fid_2": 186, "id": 186, "left": 5.986919847, "top": 61.946110046000001, "right": 6.486919847, "bottom": 61.446110046000001, "row_index": 25, "col_index": 4, "tile_id": 186 }, "geometry": { "type": "MultiPolygon", "coordinates": [ [ [ [ 6.023339643514728, 61.705439175880215 ], [ 6.024738954611141, 61.704806497260847 ], [ 6.025106403533339, 61.7041292778855 ], [ 6.025338918120566, 61.704043306697258 ], [ 6.025674172836987, 61.703527919832652 ], [ 6.025686109995847, 61.70242311908838 ], [ 6.025368525487442, 61.701035531440994 ], [ 6.0254105859959, 61.700425227252758 ], [ 6.024585273763246, 61.699808720427285 ], [ 6.024445742739731, 61.699461647662133 ], [ 6.02418624019368, 61.69942345216915 ], [ 6.023566850130403, 61.699717065400201 ], [ 6.023115918811655, 61.700178981678576 ], [ 6.020965055577665, 61.701543736885384 ], [ 6.020962117088751, 61.701916925661266 ], [ 6.020613161212991, 61.702069584804917 ], [ 6.019678370517906, 61.703685844404276 ], [ 6.019023965065938, 61.704272511237903 ], [ 6.019060671750553, 61.704560374967912 ], [ 6.0188624415878, 61.704948230851656 ], [ 6.01901566296588, 61.70504711239095 ], [ 6.020640562645924, 61.705592549636634 ], [ 6.021725072182222, 61.705667251488663 ], [ 6.023339643514728, 61.705439175880215 ] ] ] ] } },
{ "type": "Feature", "properties": { "fid": 209659, "navn": "Sundsvatnet", "hoyde_moh": 990, "arealInnsjo_km2": 0.0265, "magasinKategori": null, "fid_2": 186, "id": 186, "left": 5.986919847, "top": 61.946110046000001, "right": 6.486919847, "bottom": 61.446110046000001, "row_index": 25, "col_index": 4, "tile_id": 186 }, "geometry": { "type": "MultiPolygon", "coordinates": [ [ [ [ 6.47880362998002, 61.513915824381272 ], [ 6.479912464858969, 61.513446449090317 ], [ 6.480159235509891, 61.513274194163813 ], [ 6.480223594539889, 61.512989939476732 ], [ 6.479829668113813, 61.512623931832387 ], [ 6.478278594818649, 61.512231283076169 ], [ 6.477505232644692, 61.512199246072804 ], [ 6.477123393592332, 61.512586361151897 ], [ 6.476910678078178, 61.513736308836584 ], [ 6.477196582978532, 61.513957067827718 ], [ 6.47880362998002, 61.513915824381272 ] ] ] ] } },
{ "type": "Feature", "properties": { "fid": 209662, "navn": "Bakkesætervatnet", "hoyde_moh": 298, "arealInnsjo_km2": 0.066, "magasinKategori": null, "fid_2": 186, "id": 186, "left": 5.986919847, "top": 61.946110046000001, "right": 6.486919847, "bottom": 61.446110046000001, "row_index": 25, "col_index": 4, "tile_id": 186 }, "geometry": { "type": "MultiPolygon", "coordinates": [ [ [ [ 6.148025107510694, 61.946102158933243 ], [ 6.147365967853188, 61.946080002680937 ], [ 6.147157566805864, 61.946110046 ], [ 6.148041439955847, 61.946110046 ], [ 6.148025107510694, 61.946102158933243 ] ] ] ] } },
{ "type": "Feature", "properties": { "fid": 210477, "navn": "Juruvatnet", "hoyde_moh": 1187, "arealInnsjo_km2": 0.0134, "magasinKategori": null, "fid_2": 186, "id": 186, "left": 5.986919847, "top": 61.946110046000001, "right": 6.486919847, "bottom": 61.446110046000001, "row_index": 25, "col_index": 4, "tile_id": 186 }, "geometry": { "type": "MultiPolygon", "coordinates": [ [ [ [ 6.01421940750936, 61.789333668576035 ], [ 6.013559405290578, 61.789097508498166 ], [ 6.013923894749279, 61.788989769600946 ], [ 6.013816933323492, 61.788854361605281 ], [ 6.011771250648056, 61.788467108071778 ], [ 6.01168737683656, 61.788268232088313 ], [ 6.011219048601251, 61.788159320213701 ], [ 6.010718840909786, 61.788292261569545 ], [ 6.010856900454387, 61.788582662734385 ], [ 6.011658617628589, 61.78874656854255 ], [ 6.011235164883234, 61.788970898402717 ], [ 6.01136990029359, 61.789188316519912 ], [ 6.012644782865519, 61.789466235784744 ], [ 6.01421940750936, 61.789333668576035 ] ] ] ] } },
{ "type": "Feature", "properties": { "fid": 210479, "navn": "Hestedalsvatnet", "hoyde_moh": 534, "arealInnsjo_km2": 0.0544, "magasinKategori": null, "fid_2": 186, "id": 186, "left": 5.986919847, "top": 61.946110046000001, "right": 6.486919847, "bottom": 61.446110046000001, "row_index": 25, "col_index": 4, "tile_id": 186 }, "geometry": { "type": "MultiPolygon", "coordinates": [ [ [ [ 6.042631419044397, 61.809891062190054 ], [ 6.043626172096623, 61.809373822741343 ], [ 6.045396918802951, 61.808780308220591 ], [ 6.046252984948491, 61.80818660436605 ], [ 6.047991955607471, 61.80764430048454 ], [ 6.048397634253969, 61.807106773825105 ], [ 6.048439850618757, 61.80677539824427 ], [ 6.047794905288058, 61.806583536064117 ], [ 6.04318614555567, 61.807925052795831 ], [ 6.042913727170809, 61.808163206854282 ], [ 6.042914805186901, 61.808478990923639 ], [ 6.041390404487918, 61.809012203514335 ], [ 6.041002665812329, 61.809367776191543 ], [ 6.041440471014908, 61.809741374870981 ], [ 6.041372106087008, 61.810056119854231 ], [ 6.042631419044397, 61.809891062190054 ] ] ] ] } },
{ "type": "Feature", "properties": { "fid": 210481, "navn": "Lofthusvatnet", "hoyde_moh": 661, "arealInnsjo_km2": 0.1284, "magasinKategori": null, "fid_2": 186, "id": 186, "left": 5.986919847, "top": 61.946110046000001, "right": 6.486919847, "bottom": 61.446110046000001, "row_index": 25, "col_index": 4, "tile_id": 186 }, "geometry": { "type": "MultiPolygon", "coordinates": [ [ [ [ 6.131301310347997, 61.612127128081013 ], [ 6.131723217489283, 61.611990143929667 ], [ 6.13176274892338, 61.611793103479407 ], [ 6.131567977609892, 61.611610931550018 ], [ 6.129608470246162, 61.611017256331266 ], [ 6.125903883387767, 61.610613602464447 ], [ 6.124006550859391, 61.609771412132631 ], [ 6.12307297302418, 61.609939418932164 ], [ 6.119627391966899, 61.609513489935345 ], [ 6.116612918995175, 61.60946263099585 ], [ 6.115178626259737, 61.609233241760492 ], [ 6.114272611983108, 61.609291205536479 ], [ 6.113693990103217, 61.609119738195062 ], [ 6.112316097121714, 61.609277908124426 ], [ 6.112674378887828, 61.609534807855191 ], [ 6.114944624518302, 61.609950192102986 ], [ 6.117160950995955, 61.610112130500696 ], [ 6.117807846710772, 61.610351581540428 ], [ 6.117771334266269, 61.610600963370395 ], [ 6.119224907484448, 61.610976175863733 ], [ 6.123703543651765, 61.611618174411667 ], [ 6.126296397253075, 61.611788502272987 ], [ 6.129099053894038, 61.612258695078985 ], [ 6.131301310347997, 61.612127128081013 ] ] ] ] } },
{ "type": "Feature", "properties": { "fid": 210482, "navn": "Kupevatna", "hoyde_moh": 617, "arealInnsjo_km2": 0.0404, "magasinKategori": null, "fid_2": 186, "id": 186, "left": 5.986919847, "top": 61.946110046000001, "right": 6.486919847, "bottom": 61.446110046000001, "row_index": 25, "col_index": 4, "tile_id": 186 }, "geometry": { "type": "MultiPolygon", "coordinates": [ [ [ [ 5.999881853203811, 61.636728374733913 ], [ 5.999263364469778, 61.636519962820856 ], [ 5.999729573534144, 61.636477123392872 ], [ 6.000038289389009, 61.636113268374842 ], [ 5.997757658438984, 61.635803386416377 ], [ 5.997313165629294, 61.635556882201577 ], [ 5.996642113750491, 61.635615500154067 ], [ 5.994631002858514, 61.635238567104253 ], [ 5.992778430221601, 61.634725333293879 ], [ 5.991996468459084, 61.634654271411222 ], [ 5.991710756956634, 61.634796831339273 ], [ 5.991733904575741, 61.635012045920774 ], [ 5.99200870797316, 61.635103681153296 ], [ 5.991902926742443, 61.635270748066645 ], [ 5.992035307760905, 61.635379052194232 ], [ 5.994192674208613, 61.635700921648557 ], [ 5.994439627553967, 61.635856505788098 ], [ 5.994303809731967, 61.636155897703716 ], [ 5.994718912387971, 61.63624725485338 ], [ 5.996905593295964, 61.636295610628743 ], [ 5.998002103434088, 61.637024465907579 ], [ 5.999881853203811, 61.636728374733913 ] ] ] ] } },
{ "type": "Feature", "properties": { "fid": 210484, "navn": null, "hoyde_moh": 1111, "arealInnsjo_km2": 0.0545, "magasinKategori": null, "fid_2": 186, "id": 186, "left": 5.986919847, "top": 61.946110046000001, "right": 6.486919847, "bottom": 61.446110046000001, "row_index": 25, "col_index": 4, "tile_id": 186 }, "geometry": { "type": "MultiPolygon", "coordinates": [ [ [ [ 6.166002170265743, 61.651757954462163 ], [ 6.166011979807961, 61.651382946639607 ], [ 6.164732658126973, 61.650892541862945 ], [ 6.164738383202558, 61.650653989733954 ], [ 6.165206834421033, 61.650342614874177 ], [ 6.165111885732086, 61.649548367085067 ], [ 6.164410476835687, 61.649176788804333 ], [ 6.162670500034592, 61.649199571751787 ], [ 6.161000717774104, 61.649838764705279 ], [ 6.160948561442456, 61.650176499154298 ], [ 6.161793326349332, 61.650795357449212 ], [ 6.162266285840863, 61.651447125436079 ], [ 6.162675197373961, 61.651719256272379 ], [ 6.166002170265743, 61.651757954462163 ] ] ] ] } },
{ "type": "Feature", "properties": { "fid": 210485, "navn": null, "hoyde_moh": 935, "arealInnsjo_km2": 0.0272, "magasinKategori": null, "fid_2": 186, "id": 186, "left": 5.986919847, "top": 61.946110046000001, "right": 6.486919847, "bottom": 61.446110046000001, "row_index": 25, "col_index": 4, "tile_id": 186 }, "geometry": { "type": "MultiPolygon", "coordinates": [ [ [ [ 6.168779514893356, 61.691637393791943 ], [ 6.16948280497836, 61.69166030911871 ], [ 6.169564126367534, 61.691427480206698 ], [ 6.169232760912711, 61.691225043916411 ], [ 6.169053439724039, 61.690746388640449 ], [ 6.168742217589177, 61.690608153310883 ], [ 6.166350853140419, 61.690590850795751 ], [ 6.166285428418524, 61.690432255209878 ], [ 6.166794838359718, 61.690456412240586 ], [ 6.167087171088687, 61.690252657890099 ], [ 6.166857286206764, 61.690096298263747 ], [ 6.166148965579154, 61.690278531420049 ], [ 6.166598102713836, 61.690042315735283 ], [ 6.166439390044715, 61.689895821428912 ], [ 6.165929128888241, 61.689954562701026 ], [ 6.165126624462995, 61.690708014762343 ], [ 6.165258963456822, 61.691027924921563 ], [ 6.165967874522302, 61.69115478328996 ], [ 6.166216509108626, 61.691469959907231 ], [ 6.167491259444783, 61.691645145707817 ], [ 6.16804346627656, 61.691874857063148 ], [ 6.168779514893356, 61.691637393791943 ] ] ] ] } },
{ "type": "Feature", "properties": { "fid": 214302, "navn": null, "hoyde_moh": 1154, "arealInnsjo_km2": 0.0059, "magasinKategori": null, "fid_2": 186, "id": 186, "left": 5.986919847, "top": 61.946110046000001, "right": 6.486919847, "bottom": 61.446110046000001, "row_index": 25, "col_index": 4, "tile_id": 186 }, "geometry": { "type": "MultiPolygon", "coordinates": [ [ [ [ 6.256012045063276, 61.612216634245712 ], [ 6.256689719090081, 61.611881812477407 ], [ 6.256144679576947, 61.611719842694512 ], [ 6.254828942660854, 61.611695236872258 ], [ 6.254528248682514, 61.611943391796714 ], [ 6.254916221497218, 61.612343534173753 ], [ 6.256012045063276, 61.612216634245712 ] ] ] ] } },
{ "type": "Feature", "properties": { "fid": 214357, "navn": null, "hoyde_moh": 1053, "arealInnsjo_km2": 0.0031, "magasinKategori": null, "fid_2": 186, "id": 186, "left": 5.986919847, "top": 61.946110046000001, "right": 6.486919847, "bottom": 61.446110046000001, "row_index": 25, "col_index": 4, "tile_id": 186 }, "geometry": { "type": "MultiPolygon", "coordinates": [ [ [ [ 6.250130902718849, 61.615903894150108 ], [ 6.25022871467969, 61.6158669210932 ], [ 6.248861747067973, 61.615543418443679 ], [ 6.247930208182033, 61.61566062249873 ], [ 6.247991414668607, 61.615797026802312 ], [ 6.249032454813754, 61.615970048140305 ], [ 6.250130902718849, 61.615903894150108 ] ] ] ] } },
{ "type": "Feature", "properties": { "fid": 215904, "navn": "Fossavatnet", "hoyde_moh": 854, "arealInnsjo_km2": 0.0375, "magasinKategori": null, "fid_2": 186, "id": 186, "left": 5.986919847, "top": 61.946110046000001, "right": 6.486919847, "bottom": 61.446110046000001, "row_index": 25, "col_index": 4, "tile_id": 186 }, "geometry": { "type": "MultiPolygon", "coordinates": [ [ [ [ 6.121321657577437, 61.44732983675388 ], [ 6.121642389687697, 61.447078899326129 ], [ 6.122655904132931, 61.446961028251643 ], [ 6.12272710178673, 61.446625653866086 ], [ 6.12295029519836, 61.446558891734909 ], [ 6.123166609594783, 61.446175574585787 ], [ 6.123043796752476, 61.446110046 ], [ 6.121401754211382, 61.446110046 ], [ 6.121401614581415, 61.446110435101858 ], [ 6.121400875365075, 61.446110046 ], [ 6.119808533437594, 61.446110046 ], [ 6.119673314628229, 61.446459215417349 ], [ 6.11988321098944, 61.446445443359842 ], [ 6.119999217422233, 61.446620244013872 ], [ 6.119931745321479, 61.447012975167425 ], [ 6.119488930226859, 61.447251821835216 ], [ 6.121321657577437, 61.44732983675388 ] ] ] ] } },
{ "type": "Feature", "properties": { "fid": 215912, "navn": "Lometjønna", "hoyde_moh": 558, "arealInnsjo_km2": 0.0072, "magasinKategori": null, "fid_2": 186, "id": 186, "left": 5.986919847, "top": 61.946110046000001, "right": 6.486919847, "bottom": 61.446110046000001, "row_index": 25, "col_index": 4, "tile_id": 186 }, "geometry": { "type": "MultiPolygon", "coordinates": [ [ [ [ 6.413796207999019, 61.758387403050676 ], [ 6.413642388677389, 61.757981957393213 ], [ 6.413128253167537, 61.757531935700634 ], [ 6.412541545564829, 61.757412472084852 ], [ 6.411754834394316, 61.757778673433656 ], [ 6.412025252555509, 61.757796536931316 ], [ 6.412128754798499, 61.758117693649076 ], [ 6.41285221067943, 61.758259329799905 ], [ 6.412791313217419, 61.758455217232466 ], [ 6.413796207999019, 61.758387403050676 ] ] ] ] } },
{ "type": "Feature", "properties": { "fid": 216151, "navn": "Langedalsvatnet", "hoyde_moh": 381, "arealInnsjo_km2": 0.8057, "magasinKategori": null, "fid_2": 186, "id": 186, "left": 5.986919847, "top": 61.946110046000001, "right": 6.486919847, "bottom": 61.446110046000001, "row_index": 25, "col_index": 4, "tile_id": 186 }, "geometry": { "type": "MultiPolygon", "coordinates": [ [ [ [ 6.141748611448346, 61.743103560519096 ], [ 6.142901713368427, 61.742564368816737 ], [ 6.144056476041278, 61.742647470016948 ], [ 6.144196670829827, 61.742509471603398 ], [ 6.144087590786516, 61.742231807812942 ], [ 6.144248798700477, 61.741627425496446 ], [ 6.145380831858081, 61.741884444269793 ], [ 6.147198317928988, 61.741556262618424 ], [ 6.148361731690891, 61.741080328190989 ], [ 6.149670839968485, 61.74027317144504 ], [ 6.153226111290769, 61.738839218073828 ], [ 6.153639095354983, 61.738553031067774 ], [ 6.153909247811963, 61.738105649965398 ], [ 6.155758484659398, 61.737158697520343 ], [ 6.156489742756268, 61.736507501168354 ], [ 6.157586741872431, 61.736049146767613 ], [ 6.157862240303513, 61.735536141006087 ], [ 6.158618201218435, 61.735035919436655 ], [ 6.158637287454345, 61.734837267394909 ], [ 6.1584050700884, 61.734587766194409 ], [ 6.158633825121168, 61.734304418366278 ], [ 6.160015673050414, 61.733367359049367 ], [ 6.158884901064297, 61.732761718783543 ], [ 6.15933723559781, 61.732548564226406 ], [ 6.15946173911775, 61.732066683726693 ], [ 6.161901754763162, 61.72938958307477 ], [ 6.162764178976175, 61.728891294823228 ], [ 6.163551849148557, 61.728191871518824 ], [ 6.166473137460124, 61.726475846288423 ], [ 6.17041962815779, 61.723617589343476 ], [ 6.171342918426451, 61.722785516841313 ], [ 6.17241265389346, 61.722168704972184 ], [ 6.173321130930304, 61.721340090392125 ], [ 6.173916735984212, 61.720634762083357 ], [ 6.174192459714708, 61.719945637572017 ], [ 6.174776664186116, 61.719519608305617 ], [ 6.175584419248143, 61.718463690199812 ], [ 6.175828078687728, 61.717706519052427 ], [ 6.176578693992807, 61.717134227512879 ], [ 6.176601132354655, 61.716545332537024 ], [ 6.17687966489115, 61.715871209589025 ], [ 6.1768760760317, 61.714679161807275 ], [ 6.176701920207308, 61.714029078830052 ], [ 6.175441098818752, 61.713859717527853 ], [ 6.174660259151565, 61.714098942606334 ], [ 6.1732954722881, 61.713990407716096 ], [ 6.171282793643937, 61.714515282587939 ], [ 6.169424788691557, 61.716492855867074 ], [ 6.16919175657417, 61.717106308276072 ], [ 6.169451220561359, 61.717418377006496 ], [ 6.169001042131971, 61.717889322837813 ], [ 6.168818882547167, 61.718330227228918 ], [ 6.167743284672811, 61.71898277302617 ], [ 6.16774765797275, 61.7193578936525 ], [ 6.166270202192226, 61.720005663704114 ], [ 6.165698257017334, 61.721952775289004 ], [ 6.166334611389956, 61.722764107843844 ], [ 6.166472259203177, 61.723272046517053 ], [ 6.166491701993784, 61.723570432055858 ], [ 6.166172563611284, 61.724156425636799 ], [ 6.165810920416773, 61.724569499781346 ], [ 6.165120310645166, 61.724767374778075 ], [ 6.163460371522326, 61.725757876257909 ], [ 6.163254139441698, 61.72598602994676 ], [ 6.163300191066353, 61.726356450870284 ], [ 6.162645464138177, 61.726858109224274 ], [ 6.161091420004777, 61.727270616359469 ], [ 6.160943226957261, 61.727572120965696 ], [ 6.160969622038017, 61.728263243567007 ], [ 6.159933390688204, 61.728908189157558 ], [ 6.159924754123641, 61.729688217204 ], [ 6.158815818368391, 61.730914464298188 ], [ 6.158465816317732, 61.732004230344181 ], [ 6.157524207951393, 61.73207759696497 ], [ 6.156801936166728, 61.732517464909293 ], [ 6.157052950802457, 61.732895700065505 ], [ 6.156990035538604, 61.733215035946095 ], [ 6.156183912823523, 61.733500527209237 ], [ 6.155956930587466, 61.734065843156976 ], [ 6.154210187033631, 61.734342416365159 ], [ 6.154313372330805, 61.73468158732301 ], [ 6.152664522434752, 61.735239586998418 ], [ 6.152079966523142, 61.735775324995757 ], [ 6.151201370484906, 61.736026348488004 ], [ 6.150500838074812, 61.736863509090306 ], [ 6.147883736771313, 61.737990074867135 ], [ 6.146042738269751, 61.739202522067735 ], [ 6.145789937999342, 61.739731089375297 ], [ 6.145173541887909, 61.740059327067421 ], [ 6.143945500679975, 61.741388000880512 ], [ 6.142765865240579, 61.741994061942279 ], [ 6.142371714722921, 61.742439143601857 ], [ 6.141484785961826, 61.742833804795225 ], [ 6.140281362017759, 61.743688806108622 ], [ 6.140853268087575, 61.743887887888391 ], [ 6.141748611448346, 61.743103560519096 ] ] ] ] } },
{ "type": "Feature", "properties": { "fid": 216322, "navn": "Moldatjønna", "hoyde_moh": 752, "arealInnsjo_km2": 0.0183, "magasinKategori": null, "fid_2": 186, "id": 186, "left": 5.986919847, "top": 61.946110046000001, "right": 6.486919847, "bottom": 61.446110046000001, "row_index": 25, "col_index": 4, "tile_id": 186 }, "geometry": { "type": "MultiPolygon", "coordinates": [ [ [ [ 6.253653354387711, 61.810497016651503 ], [ 6.253745778429511, 61.810321150682157 ], [ 6.253266704250827, 61.8100162769856 ], [ 6.253380905187372, 61.809953668546434 ], [ 6.254098085639074, 61.809853573512292 ], [ 6.254973886357881, 61.810123625265241 ], [ 6.255420246527106, 61.809558350805546 ], [ 6.255725711606345, 61.809438073638518 ], [ 6.255750384132138, 61.809214671661259 ], [ 6.256013070942183, 61.80923567640901 ], [ 6.255876769913851, 61.808990203710948 ], [ 6.25638060042981, 61.808868101131004 ], [ 6.256020244221346, 61.80876674141544 ], [ 6.253110135701824, 61.809443135989902 ], [ 6.252867121172946, 61.809575365938272 ], [ 6.253131679616639, 61.809817054230081 ], [ 6.252897945575628, 61.810048819182796 ], [ 6.252238937355973, 61.810103848813249 ], [ 6.251776927446558, 61.810331084758658 ], [ 6.251911039317918, 61.810612745412158 ], [ 6.252403252264863, 61.810707215527955 ], [ 6.253653354387711, 61.810497016651503 ] ] ] ] } },
{ "type": "Feature", "properties": { "fid": 216323, "navn": "Svartevatnet", "hoyde_moh": 852, "arealInnsjo_km2": 0.0281, "magasinKategori": null, "fid_2": 186, "id": 186, "left": 5.986919847, "top": 61.946110046000001, "right": 6.486919847, "bottom": 61.446110046000001, "row_index": 25, "col_index": 4, "tile_id": 186 }, "geometry": { "type": "MultiPolygon", "coordinates": [ [ [ [ 6.448095500177393, 61.895119598039571 ], [ 6.448282945785104, 61.894813816301614 ], [ 6.448604458445255, 61.894747580332819 ], [ 6.448791122509593, 61.894487456615224 ], [ 6.448542084327812, 61.894338815228906 ], [ 6.447490453223182, 61.894246714314058 ], [ 6.44628040864091, 61.893787249556084 ], [ 6.444144034213352, 61.893881587869522 ], [ 6.443625747566977, 61.894109650843433 ], [ 6.443850711316481, 61.894302954228344 ], [ 6.443863645083312, 61.894615677835546 ], [ 6.444808862323973, 61.894988126444638 ], [ 6.448095500177393, 61.895119598039571 ] ] ] ] } },
{ "type": "Feature", "properties": { "fid": 217020, "navn": "Nigardsvatnet", "hoyde_moh": 725, "arealInnsjo_km2": 0.1867, "magasinKategori": null, "fid_2": 186, "id": 186, "left": 5.986919847, "top": 61.946110046000001, "right": 6.486919847, "bottom": 61.446110046000001, "row_index": 25, "col_index": 4, "tile_id": 186 }, "geometry": { "type": "MultiPolygon", "coordinates": [ [ [ [ 6.432565703061633, 61.693552436366076 ], [ 6.43530148251807, 61.693553566272897 ], [ 6.437546591493442, 61.692930291288299 ], [ 6.438351562689784, 61.692098725525796 ], [ 6.439542795833939, 61.691641222360218 ], [ 6.441012844235955, 61.690299418826108 ], [ 6.443148080153587, 61.689564823692095 ], [ 6.442814087789574, 61.6891544948068 ], [ 6.441767215432569, 61.689345242078183 ], [ 6.441283293979795, 61.689632653625502 ], [ 6.442298473588949, 61.688706721560138 ], [ 6.441717478263103, 61.688663837421153 ], [ 6.440306262475866, 61.689080137619797 ], [ 6.439578683463438, 61.689724812580764 ], [ 6.435998718091914, 61.689869320074934 ], [ 6.434976746303099, 61.690123190468654 ], [ 6.434151091392733, 61.690667000855058 ], [ 6.432069985526419, 61.69094853291719 ], [ 6.431814473075, 61.691129986332705 ], [ 6.430728283952909, 61.691336333869259 ], [ 6.430592043611399, 61.691444816805777 ], [ 6.430867409035351, 61.691611753215014 ], [ 6.430714786129216, 61.691748922574853 ], [ 6.43181201911788, 61.691835396133129 ], [ 6.428119035408978, 61.692697667875969 ], [ 6.429224692520089, 61.692879357905646 ], [ 6.429955941461553, 61.693204376195943 ], [ 6.430149007615526, 61.693361611233613 ], [ 6.430040981239993, 61.693749636220211 ], [ 6.430461918169789, 61.693895303988207 ], [ 6.432565703061633, 61.693552436366076 ] ] ] ] } },
{ "type": "Feature", "properties": { "fid": 217021, "navn": "Bøavatnet", "hoyde_moh": 1101, "arealInnsjo_km2": 0.0771, "magasinKategori": null, "fid_2": 186, "id": 186, "left": 5.986919847, "top": 61.946110046000001, "right": 6.486919847, "bottom": 61.446110046000001, "row_index": 25, "col_index": 4, "tile_id": 186 }, "geometry": { "type": "MultiPolygon", "coordinates": [ [ [ [ 6.461743519871735, 61.711776897324157 ], [ 6.462779474183926, 61.711202570938681 ], [ 6.462774855661281, 61.71101621001074 ], [ 6.462180456461118, 61.710344827756458 ], [ 6.462254165002109, 61.709505538228733 ], [ 6.46193205264431, 61.709463647977245 ], [ 6.461695916052607, 61.709136302598793 ], [ 6.460935965623666, 61.708859996949606 ], [ 6.459333546174918, 61.708782004231026 ], [ 6.457795893616235, 61.709101249354099 ], [ 6.457474093929965, 61.710294311361096 ], [ 6.457838204898236, 61.711050079186556 ], [ 6.457457825773518, 61.711156450064777 ], [ 6.457426261599764, 61.711356438529428 ], [ 6.459410842629395, 61.711713516471733 ], [ 6.459188873503453, 61.712008138958566 ], [ 6.45978167348353, 61.711859996176123 ], [ 6.459729618965595, 61.71199628311922 ], [ 6.460481436189841, 61.712052680109089 ], [ 6.461743519871735, 61.711776897324157 ] ], [ [ 6.460365094387852, 61.711429896556282 ], [ 6.46004439327962, 61.711380142466879 ], [ 6.460100485831876, 61.711266238866955 ], [ 6.46092823871466, 61.71126381034869 ], [ 6.460661920000232, 61.711451956942291 ], [ 6.460662292252614, 61.71166785966134 ], [ 6.460293547179421, 61.711660073652908 ], [ 6.460365094387852, 61.711429896556282 ] ] ] ] } },
{ "type": "Feature", "properties": { "fid": 217024, "navn": "Fremstevatnet", "hoyde_moh": 503, "arealInnsjo_km2": 0.069, "magasinKategori": null, "fid_2": 186, "id": 186, "left": 5.986919847, "top": 61.946110046000001, "right": 6.486919847, "bottom": 61.446110046000001, "row_index": 25, "col_index": 4, "tile_id": 186 }, "geometry": { "type": "MultiPolygon", "coordinates": [ [ [ [ 6.30124053376109, 61.726159678348374 ], [ 6.30245232524148, 61.725386514318437 ], [ 6.303211402657709, 61.724689754383199 ], [ 6.303898886253704, 61.724401303315254 ], [ 6.304255102930608, 61.72318016773297 ], [ 6.304034094993596, 61.722772762518453 ], [ 6.303617511758132, 61.72262968115502 ], [ 6.303275260308572, 61.722000131104927 ], [ 6.302705391313841, 61.722056945106523 ], [ 6.301092131007681, 61.722970949811703 ], [ 6.300695110536968, 61.723393963036614 ], [ 6.300065369238913, 61.72470864573522 ], [ 6.29982188594382, 61.724914159419114 ], [ 6.299651457314774, 61.725593881370891 ], [ 6.299104755743739, 61.725969737760181 ], [ 6.300481804780082, 61.726228717465503 ], [ 6.30124053376109, 61.726159678348374 ] ] ] ] } },
{ "type": "Feature", "properties": { "fid": 217140, "navn": "Styggevatnet", "hoyde_moh": 942, "arealInnsjo_km2": 0.1976, "magasinKategori": null, "fid_2": 186, "id": 186, "left": 5.986919847, "top": 61.946110046000001, "right": 6.486919847, "bottom": 61.446110046000001, "row_index": 25, "col_index": 4, "tile_id": 186 }, "geometry": { "type": "MultiPolygon", "coordinates": [ [ [ [ 6.339305162297392, 61.473625358153789 ], [ 6.34030740674872, 61.473220020671405 ], [ 6.340765587997849, 61.472549676650523 ], [ 6.341695347043637, 61.472187209974535 ], [ 6.341925583811507, 61.47190762274122 ], [ 6.343138089593855, 61.471281568233543 ], [ 6.343144502624027, 61.470996601771311 ], [ 6.343891610525621, 61.470748095925295 ], [ 6.344941490855127, 61.469962386809364 ], [ 6.345062210277156, 61.469533960441886 ], [ 6.34355915804901, 61.468517528481669 ], [ 6.342638678503675, 61.468240191446256 ], [ 6.341615042447637, 61.468249391672643 ], [ 6.340837938935985, 61.468493885227439 ], [ 6.338926637955061, 61.468496655405971 ], [ 6.338281965851026, 61.469135719597212 ], [ 6.336808352352161, 61.469359898202413 ], [ 6.335587294485236, 61.470695773740765 ], [ 6.335548465064503, 61.470926270531265 ], [ 6.335818175707614, 61.471036862901208 ], [ 6.335712087004408, 61.471293767583546 ], [ 6.335852918252034, 61.471966052921687 ], [ 6.33625471455312, 61.472345006655935 ], [ 6.33640250360875, 61.472813661382766 ], [ 6.337348669693944, 61.473715566155626 ], [ 6.337900291927823, 61.473864347365378 ], [ 6.339305162297392, 61.473625358153789 ] ] ] ] } },
{ "type": "Feature", "properties": { "fid": 217141, "navn": "Fagrevatnet", "hoyde_moh": 922, "arealInnsjo_km2": 0.1121, "magasinKategori": null, "fid_2": 186, "id": 186, "left": 5.986919847, "top": 61.946110046000001, "right": 6.486919847, "bottom": 61.446110046000001, "row_index": 25, "col_index": 4, "tile_id": 186 }, "geometry": { "type": "MultiPolygon", "coordinates": [ [ [ [ 6.306777548532179, 61.475927189192056 ], [ 6.30674344424048, 61.475608798831708 ], [ 6.307322194928075, 61.475270609867664 ], [ 6.30729966567863, 61.475042131651875 ], [ 6.307663104764341, 61.474910273013094 ], [ 6.307873634764364, 61.474321395053011 ], [ 6.30845430583389, 61.474239898635176 ], [ 6.308517732526635, 61.473901033641638 ], [ 6.307833637470853, 61.473506737300511 ], [ 6.307552212387518, 61.473078953443654 ], [ 6.307080541890625, 61.472812763945107 ], [ 6.305409302103756, 61.472352311937129 ], [ 6.304624922895448, 61.471661731324332 ], [ 6.302783968221653, 61.471864112633753 ], [ 6.302669505190153, 61.472029490133387 ], [ 6.300369297368223, 61.47223474854583 ], [ 6.300934884878234, 61.472876236546902 ], [ 6.301864208750909, 61.473286790498733 ], [ 6.301888191085951, 61.473433333212824 ], [ 6.302273870087295, 61.473493904216504 ], [ 6.302687006021368, 61.474278170969619 ], [ 6.303753821202732, 61.474633223117465 ], [ 6.304008093420108, 61.475259019877981 ], [ 6.30496823281556, 61.475600608945996 ], [ 6.305169299251426, 61.475988272278833 ], [ 6.305454691570525, 61.476021337897571 ], [ 6.305543256514007, 61.475864773468636 ], [ 6.305655124399814, 61.476103329852961 ], [ 6.306777548532179, 61.475927189192056 ] ] ] ] } },
{ "type": "Feature", "properties": { "fid": 217558, "navn": "Nykkjedalsvatnet", "hoyde_moh": 779, "arealInnsjo_km2": 0.0393, "magasinKategori": null, "fid_2": 186, "id": 186, "left": 5.986919847, "top": 61.946110046000001, "right": 6.486919847, "bottom": 61.446110046000001, "row_index": 25, "col_index": 4, "tile_id": 186 }, "geometry": { "type": "MultiPolygon", "coordinates": [ [ [ [ 6.462764645101265, 61.906251281493567 ], [ 6.463873540510275, 61.906328573701316 ], [ 6.464744216512889, 61.906022983218442 ], [ 6.466720103746874, 61.905891620880865 ], [ 6.468008864103806, 61.905684192786659 ], [ 6.468401425651235, 61.905481700597264 ], [ 6.467617066214424, 61.905342052440304 ], [ 6.467366263235758, 61.905147907999364 ], [ 6.465693118974467, 61.905141821170275 ], [ 6.464584733153623, 61.904585290113495 ], [ 6.463702215642507, 61.90464191479159 ], [ 6.462109894034784, 61.90519653403399 ], [ 6.462011001772164, 61.905486635994173 ], [ 6.462155675166251, 61.905579136630983 ], [ 6.461633447266271, 61.90571190875459 ], [ 6.462100436264281, 61.906147559095864 ], [ 6.461526460781507, 61.906386126227041 ], [ 6.461602841409346, 61.906620875137925 ], [ 6.462764645101265, 61.906251281493567 ] ], [ [ 6.465946102149132, 61.90540936167276 ], [ 6.466415041097368, 61.905461581980852 ], [ 6.46615467879964, 61.905566276979165 ], [ 6.465816539440446, 61.905507950433005 ], [ 6.465946102149132, 61.90540936167276 ] ] ] ] } },
{ "type": "Feature", "properties": { "fid": 218294, "navn": "Kupevatnet", "hoyde_moh": 772, "arealInnsjo_km2": 0.0928, "magasinKategori": null, "fid_2": 186, "id": 186, "left": 5.986919847, "top": 61.946110046000001, "right": 6.486919847, "bottom": 61.446110046000001, "row_index": 25, "col_index": 4, "tile_id": 186 }, "geometry": { "type": "MultiPolygon", "coordinates": [ [ [ [ 6.115059232597808, 61.587356897954834 ], [ 6.115555631298407, 61.586650554535808 ], [ 6.116044131050547, 61.586392200739617 ], [ 6.116284700433255, 61.586108474963211 ], [ 6.116247864466072, 61.58567544727677 ], [ 6.11653197640011, 61.585497777035755 ], [ 6.116933217475995, 61.584580057148528 ], [ 6.115615532566367, 61.583484378147823 ], [ 6.1150801662165, 61.583276328195282 ], [ 6.112866762943903, 61.583214768978195 ], [ 6.112461094926211, 61.58340759853391 ], [ 6.112100797942449, 61.584073962003337 ], [ 6.112021142841506, 61.584901236546351 ], [ 6.112285793973888, 61.585633417174115 ], [ 6.112246377028591, 61.586338346645967 ], [ 6.112936106021276, 61.587013709034622 ], [ 6.114393208837329, 61.58747131416056 ], [ 6.115059232597808, 61.587356897954834 ] ] ] ] } },
{ "type": "Feature", "properties": { "fid": 218295, "navn": "Inste Blåvatnet", "hoyde_moh": 971, "arealInnsjo_km2": 0.145, "magasinKategori": null, "fid_2": 186, "id": 186, "left": 5.986919847, "top": 61.946110046000001, "right": 6.486919847, "bottom": 61.446110046000001, "row_index": 25, "col_index": 4, "tile_id": 186 }, "geometry": { "type": "MultiPolygon", "coordinates": [ [ [ [ 6.140099056804368, 61.654972104466424 ], [ 6.142285627580105, 61.654985047978435 ], [ 6.143042920440638, 61.654790170630974 ], [ 6.143635698803491, 61.654475759059444 ], [ 6.143942581219701, 61.65396187758742 ], [ 6.144449447971445, 61.653677737517555 ], [ 6.144512905808527, 61.653212505711373 ], [ 6.144142434233827, 61.652891220031471 ], [ 6.143072789383291, 61.652731551076037 ], [ 6.141277978269065, 61.652116019109691 ], [ 6.139674368037567, 61.652003182539389 ], [ 6.137003220497005, 61.652433450529522 ], [ 6.136760741917468, 61.652596736535315 ], [ 6.136509777548781, 61.653191069418931 ], [ 6.134778051807122, 61.652933990678243 ], [ 6.133741461343217, 61.653018683090671 ], [ 6.133529262887045, 61.653267894103458 ], [ 6.134741425953594, 61.654588153551941 ], [ 6.135876943338064, 61.654769266354009 ], [ 6.136534572581507, 61.65504362012264 ], [ 6.138009255237055, 61.655188198285863 ], [ 6.140099056804368, 61.654972104466424 ] ] ] ] } },
{ "type": "Feature", "properties": { "fid": 218768, "navn": null, "hoyde_moh": 1025, "arealInnsjo_km2": 0.065, "magasinKategori": null, "fid_2": 186, "id": 186, "left": 5.986919847, "top": 61.946110046000001, "right": 6.486919847, "bottom": 61.446110046000001, "row_index": 25, "col_index": 4, "tile_id": 186 }, "geometry": { "type": "MultiPolygon", "coordinates": [ [ [ [ 6.339497009839167, 61.622579794849102 ], [ 6.339934049553032, 61.622013683397483 ], [ 6.340019528424794, 61.62094959307268 ], [ 6.339644764767485, 61.620629188482525 ], [ 6.338486437264491, 61.620345790222075 ], [ 6.336742052726894, 61.620320669297762 ], [ 6.336302115861822, 61.62018870178472 ], [ 6.334337299996784, 61.620737965383363 ], [ 6.334442931654219, 61.62122062642424 ], [ 6.33537611961057, 61.621898394440429 ], [ 6.337007643621543, 61.622646734765318 ], [ 6.338600943065069, 61.622809192075806 ], [ 6.339497009839167, 61.622579794849102 ] ] ] ] } },
{ "type": "Feature", "properties": { "fid": 219114, "navn": "Salomonstjønna", "hoyde_moh": 662, "arealInnsjo_km2": 0.0073, "magasinKategori": null, "fid_2": 186, "id": 186, "left": 5.986919847, "top": 61.946110046000001, "right": 6.486919847, "bottom": 61.446110046000001, "row_index": 25, "col_index": 4, "tile_id": 186 }, "geometry": { "type": "MultiPolygon", "coordinates": [ [ [ [ 6.062926630465268, 61.811018562473883 ], [ 6.063291284301576, 61.81093266008601 ], [ 6.062446095441565, 61.810450182551847 ], [ 6.062668440858195, 61.810210971346578 ], [ 6.062209984971711, 61.810353625940536 ], [ 6.061300057506544, 61.810304071896901 ], [ 6.060962594616023, 61.81049081104198 ], [ 6.061133378253838, 61.810621226515181 ], [ 6.060900762018915, 61.810761788101161 ], [ 6.061533214082687, 61.811013768699283 ], [ 6.062926630465268, 61.811018562473883 ] ] ] ] } },
{ "type": "Feature", "properties": { "fid": 219131, "navn": null, "hoyde_moh": 1165, "arealInnsjo_km2": 0.0589, "magasinKategori": null, "fid_2": 186, "id": 186, "left": 5.986919847, "top": 61.946110046000001, "right": 6.486919847, "bottom": 61.446110046000001, "row_index": 25, "col_index": 4, "tile_id": 186 }, "geometry": { "type": "MultiPolygon", "coordinates": [ [ [ [ 6.477785036870755, 61.506002430183663 ], [ 6.478043856836237, 61.50565047923719 ], [ 6.477824642282647, 61.505281273969629 ], [ 6.478074263769713, 61.504987362495264 ], [ 6.478052612349316, 61.504201747042679 ], [ 6.478428857577639, 61.504060135360859 ], [ 6.477981119730498, 61.503787644788282 ], [ 6.47727883263306, 61.503693954888313 ], [ 6.477159575889789, 61.503472389937571 ], [ 6.476956677940192, 61.503657152070524 ], [ 6.475819883183902, 61.503256113681765 ], [ 6.475349369274461, 61.503378326506571 ], [ 6.47522010037002, 61.503858193074315 ], [ 6.472857529296031, 61.504816341565594 ], [ 6.473412970763425, 61.504894215323361 ], [ 6.473249468130136, 61.505188935796035 ], [ 6.474130876283182, 61.505799900523542 ], [ 6.475316015097715, 61.505993635653383 ], [ 6.477785036870755, 61.506002430183663 ] ] ] ] } },
{ "type": "Feature", "properties": { "fid": 219132, "navn": "Stigsvatnet", "hoyde_moh": 780, "arealInnsjo_km2": 0.4857, "magasinKategori": null, "fid_2": 186, "id": 186, "left": 5.986919847, "top": 61.946110046000001, "right": 6.486919847, "bottom": 61.446110046000001, "row_index": 25, "col_index": 4, "tile_id": 186 }, "geometry": { "type": "MultiPolygon", "coordinates": [ [ [ [ 6.286005228930901, 61.622010668019293 ], [ 6.287339231620105, 61.621765169085187 ], [ 6.288109292415174, 61.621213508540535 ], [ 6.288337689561067, 61.620900294978867 ], [ 6.288371502230335, 61.620211938670415 ], [ 6.28859177584533, 61.619873087250099 ], [ 6.290203530522435, 61.618610642766775 ], [ 6.290898367622814, 61.617476195052966 ], [ 6.290850198862429, 61.616868049566939 ], [ 6.291347841246031, 61.616383103344077 ], [ 6.291454360640489, 61.615952477174552 ], [ 6.292216016094977, 61.61548266102087 ], [ 6.292541001503919, 61.614813079136816 ], [ 6.292578369505669, 61.614248549785259 ], [ 6.2915991916191, 61.613642652041754 ], [ 6.291435579024418, 61.612869806132366 ], [ 6.290781264735695, 61.612715880572068 ], [ 6.290376891953584, 61.612434429709367 ], [ 6.289783309674271, 61.611697319903051 ], [ 6.289167852341797, 61.61166965463616 ], [ 6.28914785146322, 61.611560676945089 ], [ 6.289684734374722, 61.611323641659148 ], [ 6.2894488295906, 61.611013517325034 ], [ 6.28797520274473, 61.611254659353179 ], [ 6.287905776038868, 61.61134172458933 ], [ 6.288296606140352, 61.61168429347758 ], [ 6.287591910208953, 61.612273386985166 ], [ 6.284622625283925, 61.612587606298007 ], [ 6.284364119134756, 61.612961670305232 ], [ 6.284117978383942, 61.614197725337021 ], [ 6.283922890446721, 61.614451001041367 ], [ 6.2839284110969, 61.615124809863929 ], [ 6.283108026859748, 61.615863754823437 ], [ 6.283191341903041, 61.616010410029411 ], [ 6.283018898675639, 61.616442222118742 ], [ 6.283173563131927, 61.616685343590504 ], [ 6.282602012513918, 61.617071647370039 ], [ 6.281730718595094, 61.617328291346034 ], [ 6.281138009331733, 61.618210328623107 ], [ 6.281039863095664, 61.61872000450758 ], [ 6.281215922515199, 61.618990071403942 ], [ 6.280953626577306, 61.61941999671739 ], [ 6.281333921165719, 61.619720799797022 ], [ 6.279830206062735, 61.62021291928734 ], [ 6.279604237037308, 61.620590245067895 ], [ 6.280727925369715, 61.621350522891056 ], [ 6.282517643633676, 61.622030597477305 ], [ 6.282758188038891, 61.622287545597494 ], [ 6.284585942993159, 61.622815626031652 ], [ 6.286005228930901, 61.622010668019293 ] ] ] ] } },
{ "type": "Feature", "properties": { "fid": 219133, "navn": "Svartevatnet", "hoyde_moh": 1061, "arealInnsjo_km2": 0.1186, "magasinKategori": null, "fid_2": 186, "id": 186, "left": 5.986919847, "top": 61.946110046000001, "right": 6.486919847, "bottom": 61.446110046000001, "row_index": 25, "col_index": 4, "tile_id": 186 }, "geometry": { "type": "MultiPolygon", "coordinates": [ [ [ [ 6.486919847, 61.655227849546108 ], [ 6.486919847, 61.652137577099296 ], [ 6.48551135299798, 61.651381511466724 ], [ 6.483671755051856, 61.651504684018384 ], [ 6.482929851286683, 61.651780997444718 ], [ 6.482830366271804, 61.652075535051402 ], [ 6.483723879414167, 61.652235675923201 ], [ 6.484100922450816, 61.652476167890768 ], [ 6.483248462427315, 61.6529724451091 ], [ 6.483103714773777, 61.653822969851824 ], [ 6.48405494833744, 61.654900422092368 ], [ 6.4841561446554, 61.655279613003408 ], [ 6.486919847, 61.655227849546108 ] ] ] ] } },
{ "type": "Feature", "properties": { "fid": 219135, "navn": null, "hoyde_moh": 1091, "arealInnsjo_km2": 0.0025, "magasinKategori": null, "fid_2": 186, "id": 186, "left": 5.986919847, "top": 61.946110046000001, "right": 6.486919847, "bottom": 61.446110046000001, "row_index": 25, "col_index": 4, "tile_id": 186 }, "geometry": { "type": "MultiPolygon", "coordinates": [ [ [ [ 6.25437812193471, 61.651769239509704 ], [ 6.254128134746688, 61.651773744405418 ], [ 6.253940403682618, 61.652062079766665 ], [ 6.255133023583467, 61.652383086905033 ], [ 6.255575174496974, 61.652274215086351 ], [ 6.25437812193471, 61.651769239509704 ] ] ] ] } },
{ "type": "Feature", "properties": { "fid": 222607, "navn": null, "hoyde_moh": 1071, "arealInnsjo_km2": 0.0501, "magasinKategori": null, "fid_2": 186, "id": 186, "left": 5.986919847, "top": 61.946110046000001, "right": 6.486919847, "bottom": 61.446110046000001, "row_index": 25, "col_index": 4, "tile_id": 186 }, "geometry": { "type": "MultiPolygon", "coordinates": [ [ [ [ 6.141012754639329, 61.647548325745142 ], [ 6.141680503739531, 61.647249573512561 ], [ 6.141740452528572, 61.647009400518087 ], [ 6.140778813156585, 61.646582030367313 ], [ 6.136151311912347, 61.64635793984209 ], [ 6.13552139698902, 61.646986994025021 ], [ 6.135882125860534, 61.647492297703721 ], [ 6.135941108703936, 61.64821629613575 ], [ 6.1368772695979, 61.64834011714958 ], [ 6.141012754639329, 61.647548325745142 ] ] ] ] } },
{ "type": "Feature", "properties": { "fid": 222625, "navn": null, "hoyde_moh": 620, "arealInnsjo_km2": 0.0081, "magasinKategori": null, "fid_2": 186, "id": 186, "left": 5.986919847, "top": 61.946110046000001, "right": 6.486919847, "bottom": 61.446110046000001, "row_index": 25, "col_index": 4, "tile_id": 186 }, "geometry": { "type": "MultiPolygon", "coordinates": [ [ [ [ 6.447790151094287, 61.590975053277049 ], [ 6.447681047714857, 61.590460545389277 ], [ 6.448553516618074, 61.590082511230911 ], [ 6.448416973533348, 61.589760385159096 ], [ 6.44876571677905, 61.589448429726872 ], [ 6.44853472829508, 61.589224135853712 ], [ 6.449769187349546, 61.588837928000153 ], [ 6.450099161005809, 61.588320290518169 ], [ 6.449999860935616, 61.588036733877033 ], [ 6.449648456588942, 61.588383660088645 ], [ 6.449557733890757, 61.588781608070796 ], [ 6.44810596165733, 61.589264405345666 ], [ 6.44802483542968, 61.589541650643277 ], [ 6.448509395452853, 61.589398042189913 ], [ 6.448622659544317, 61.589565689291895 ], [ 6.448265255263333, 61.58975244904952 ], [ 6.448317977805192, 61.590144353367059 ], [ 6.446968560609598, 61.590511472350251 ], [ 6.446886079920892, 61.590846802186405 ], [ 6.447081619583704, 61.590988474423305 ], [ 6.446729221607272, 61.59110726043 ], [ 6.446688458904247, 61.591255445070551 ], [ 6.447790151094287, 61.590975053277049 ] ] ] ] } },
{ "type": "Feature", "properties": { "fid": 222626, "navn": "Botnavatnet", "hoyde_moh": 764, "arealInnsjo_km2": 0.0237, "magasinKategori": null, "fid_2": 186, "id": 186, "left": 5.986919847, "top": 61.946110046000001, "right": 6.486919847, "bottom": 61.446110046000001, "row_index": 25, "col_index": 4, "tile_id": 186 }, "geometry": { "type": "MultiPolygon", "coordinates": [ [ [ [ 6.421116769957169, 61.600170225485101 ], [ 6.421144695557333, 61.599988983140442 ], [ 6.420056254775664, 61.599809882361242 ], [ 6.419822822013421, 61.599396770257471 ], [ 6.419780754310812, 61.598897116645148 ], [ 6.419964295061121, 61.598718847937995 ], [ 6.421099658304388, 61.598645646218785 ], [ 6.421234991305631, 61.598521958922213 ], [ 6.419120404178233, 61.598263162476293 ], [ 6.418630358942004, 61.598337590515065 ], [ 6.418347257740233, 61.598590045764929 ], [ 6.417005717207132, 61.59878929312557 ], [ 6.417948213997828, 61.599645699073051 ], [ 6.418757832629653, 61.599609274971094 ], [ 6.420126743693967, 61.600197336487355 ], [ 6.420709808979959, 61.600288033291648 ], [ 6.421116769957169, 61.600170225485101 ] ] ] ] } },
{ "type": "Feature", "properties": { "fid": 222628, "navn": null, "hoyde_moh": 779, "arealInnsjo_km2": 0.0175, "magasinKategori": null, "fid_2": 186, "id": 186, "left": 5.986919847, "top": 61.946110046000001, "right": 6.486919847, "bottom": 61.446110046000001, "row_index": 25, "col_index": 4, "tile_id": 186 }, "geometry": { "type": "MultiPolygon", "coordinates": [ [ [ [ 6.234178882773739, 61.648923185681845 ], [ 6.234730376440754, 61.648587688693731 ], [ 6.234759502642214, 61.64817863268182 ], [ 6.234087192322603, 61.64754666777192 ], [ 6.232219997253751, 61.648224071449654 ], [ 6.231918941108916, 61.648597954407926 ], [ 6.232021266584492, 61.649060856153483 ], [ 6.234178882773739, 61.648923185681845 ] ] ] ] } },
{ "type": "Feature", "properties": { "fid": 222629, "navn": "Sørsendalsvatna", "hoyde_moh": 914, "arealInnsjo_km2": 0.0664, "magasinKategori": null, "fid_2": 186, "id": 186, "left": 5.986919847, "top": 61.946110046000001, "right": 6.486919847, "bottom": 61.446110046000001, "row_index": 25, "col_index": 4, "tile_id": 186 }, "geometry": { "type": "MultiPolygon", "coordinates": [ [ [ [ 6.289282453150337, 61.675109576057054 ], [ 6.28923380532042, 61.67495675102716 ], [ 6.288647402691022, 61.674965606543388 ], [ 6.28859091138149, 61.674852483467582 ], [ 6.289146831896257, 61.674494827313268 ], [ 6.289268802963819, 61.674228527615412 ], [ 6.289660926780224, 61.674070793457865 ], [ 6.290420862102902, 61.673984332872344 ], [ 6.291357264883567, 61.674445843006424 ], [ 6.291612172429199, 61.674210827605094 ], [ 6.292757111542005, 61.674131042548993 ], [ 6.28820010397465, 61.672623654238997 ], [ 6.285618941183794, 61.672304762366252 ], [ 6.285109925839834, 61.672092780576456 ], [ 6.28478711440419, 61.672284942059996 ], [ 6.28502158049553, 61.672427369318171 ], [ 6.284953089191261, 61.672698722136616 ], [ 6.285240549157391, 61.672957844521925 ], [ 6.285197295186291, 61.673229370139289 ], [ 6.28552086807055, 61.673662650741036 ], [ 6.285540226678598, 61.673980835717259 ], [ 6.286084378684085, 61.67426002792768 ], [ 6.286148005651802, 61.674677452902898 ], [ 6.287977343060528, 61.675077605824896 ], [ 6.289282453150337, 61.675109576057054 ] ] ] ] } },
{ "type": "Feature", "properties": { "fid": 222630, "navn": "Sørsendalsvatna", "hoyde_moh": 925, "arealInnsjo_km2": 0.3479, "magasinKategori": null, "fid_2": 186, "id": 186, "left": 5.986919847, "top": 61.946110046000001, "right": 6.486919847, "bottom": 61.446110046000001, "row_index": 25, "col_index": 4, "tile_id": 186 }, "geometry": { "type": "MultiPolygon", "coordinates": [ [ [ [ 6.271979892626498, 61.677638233947334 ], [ 6.274875203741541, 61.676964530103184 ], [ 6.278219816916251, 61.676607457419422 ], [ 6.279032743869017, 61.675948838423587 ], [ 6.278758738201877, 61.675504625078723 ], [ 6.280345890239393, 61.675296197944398 ], [ 6.280509987469063, 61.675138223685998 ], [ 6.280309322817955, 61.674925677466874 ], [ 6.281324839685747, 61.674621747963059 ], [ 6.281918003199642, 61.674045602790386 ], [ 6.280293625264303, 61.673178755707653 ], [ 6.279514988242225, 61.673410597378052 ], [ 6.279345439375063, 61.673672754950843 ], [ 6.278515753053495, 61.673754317115694 ], [ 6.278088606559184, 61.673964164512988 ], [ 6.277128146883506, 61.673959263978112 ], [ 6.276020115765565, 61.673672207465074 ], [ 6.275415486357945, 61.673340569820155 ], [ 6.274936066114471, 61.672462849225717 ], [ 6.275090333735632, 61.67166131784478 ], [ 6.273343472749257, 61.671179533973401 ], [ 6.271822038014434, 61.671315836140693 ], [ 6.27024993463835, 61.671688387211603 ], [ 6.267978193022561, 61.67283934031888 ], [ 6.267956862480403, 61.673452267584302 ], [ 6.268284782837522, 61.673699033511966 ], [ 6.26895117009195, 61.673741845851168 ], [ 6.26911153210239, 61.674201373323307 ], [ 6.267013460250952, 61.675232287480178 ], [ 6.266637925594238, 61.675786225254207 ], [ 6.266626041297102, 61.676258270615627 ], [ 6.267053079039184, 61.676560378082833 ], [ 6.267299168639887, 61.677064719573508 ], [ 6.268004141493972, 61.677435276975721 ], [ 6.270584240862989, 61.677724247676103 ], [ 6.271979892626498, 61.677638233947334 ] ] ] ] } },
{ "type": "Feature", "properties": { "fid": 222631, "navn": null, "hoyde_moh": 1261, "arealInnsjo_km2": 0.0163, "magasinKategori": null, "fid_2": 186, "id": 186, "left": 5.986919847, "top": 61.946110046000001, "right": 6.486919847, "bottom": 61.446110046000001, "row_index": 25, "col_index": 4, "tile_id": 186 }, "geometry": { "type": "MultiPolygon", "coordinates": [ [ [ [ 6.473119650470527, 61.700352356386183 ], [ 6.474224139806509, 61.700227203007934 ], [ 6.473037373937394, 61.699861435361193 ], [ 6.473818619670709, 61.699689830495515 ], [ 6.473798206058601, 61.699360222723406 ], [ 6.472457028662428, 61.699149702512393 ], [ 6.469625941516845, 61.699022152011494 ], [ 6.469692954408405, 61.699212784382269 ], [ 6.470480318139408, 61.699270916451418 ], [ 6.470776104468147, 61.699472098386885 ], [ 6.471554951244569, 61.699450746257504 ], [ 6.472426096960607, 61.69965023785327 ], [ 6.472254401658912, 61.699863389040331 ], [ 6.471199731789638, 61.700146646427726 ], [ 6.471230598805534, 61.700327062845638 ], [ 6.473119650470527, 61.700352356386183 ] ] ] ] } },
{ "type": "Feature", "properties": { "fid": 222632, "navn": "Vonavatnet", "hoyde_moh": 466, "arealInnsjo_km2": 1.6329, "magasinKategori": null, "fid_2": 186, "id": 186, "left": 5.986919847, "top": 61.946110046000001, "right": 6.486919847, "bottom": 61.446110046000001, "row_index": 25, "col_index": 4, "tile_id": 186 }, "geometry": { "type": "MultiPolygon", "coordinates": [ [ [ [ 6.007387398120495, 61.619289743485439 ], [ 6.006507150089003, 61.61879392752293 ], [ 6.005109838482266, 61.618502895395387 ], [ 6.005385440103582, 61.618220181650109 ], [ 6.005116872532113, 61.618094635343333 ], [ 6.005233908274003, 61.61792171289013 ], [ 6.006295868637033, 61.617607253176068 ], [ 6.006328940580284, 61.617394869193241 ], [ 6.00397149529483, 61.617015311967087 ], [ 6.003859084353651, 61.61688104576988 ], [ 6.004448990861365, 61.616914016169567 ], [ 6.004545676505615, 61.616729531368286 ], [ 6.007307723312103, 61.616372771388463 ], [ 6.007879226296371, 61.616612123346357 ], [ 6.007867333376878, 61.616746281038687 ], [ 6.008781506385451, 61.617394107107543 ], [ 6.009821573860724, 61.617332245099718 ], [ 6.009740123899275, 61.617498489793654 ], [ 6.0108922893801, 61.61768637106897 ], [ 6.011252318136755, 61.617554310743643 ], [ 6.012219461201327, 61.617592535816804 ], [ 6.01606478486753, 61.617980995719982 ], [ 6.017510398055648, 61.617923603604041 ], [ 6.018261125994703, 61.61748342261118 ], [ 6.02186549239919, 61.617595095441004 ], [ 6.024381814183863, 61.617206004464983 ], [ 6.024545618959681, 61.617062375967613 ], [ 6.024395558011689, 61.616950134190496 ], [ 6.024713415290339, 61.616704079556094 ], [ 6.025082123494499, 61.616009923368502 ], [ 6.024963936360224, 61.615558864508834 ], [ 6.027876536772357, 61.615333316309432 ], [ 6.028359451738243, 61.615080275446537 ], [ 6.028409862653874, 61.614248290393078 ], [ 6.030241491199441, 61.613906015515504 ], [ 6.030034588462342, 61.61359813959124 ], [ 6.030132697719041, 61.613393221640528 ], [ 6.030775520403513, 61.61316837231459 ], [ 6.030819946480154, 61.613016032385552 ], [ 6.030480110928877, 61.612842443693424 ], [ 6.030289805797262, 61.6125154197223 ], [ 6.03482630228276, 61.61098678070254 ], [ 6.039278194470271, 61.610180172786556 ], [ 6.039892585750701, 61.609926022987331 ], [ 6.042445317774756, 61.609563806319123 ], [ 6.043542992035229, 61.609189985789371 ], [ 6.044041474153083, 61.609273782168451 ], [ 6.044157877245626, 61.60909691013002 ], [ 6.043508967446878, 61.60900959888648 ], [ 6.043746141331716, 61.608852721854987 ], [ 6.043421653934621, 61.608493363540269 ], [ 6.043852201124309, 61.608390648881809 ], [ 6.043779773695305, 61.608101619656722 ], [ 6.043269910149257, 61.607993751661986 ], [ 6.04362593599939, 61.607851682305643 ], [ 6.043500733715522, 61.607727637746798 ], [ 6.044036243339041, 61.607816501155867 ], [ 6.044122534482987, 61.607702624959202 ], [ 6.042078221325678, 61.606560610922145 ], [ 6.041608389500616, 61.606501111718053 ], [ 6.041833060509134, 61.606375407654788 ], [ 6.041835102140438, 61.606174173878486 ], [ 6.04124547192685, 61.606168310536631 ], [ 6.041531840280338, 61.606002124232035 ], [ 6.040558433477098, 61.605774240918215 ], [ 6.040887800564721, 61.60562201309466 ], [ 6.040763548751244, 61.605498027893979 ], [ 6.040332752306973, 61.605583451988117 ], [ 6.039937469675848, 61.605348831327603 ], [ 6.040290063610344, 61.60532015385332 ], [ 6.040331690901921, 61.605189591525289 ], [ 6.039988602759805, 61.604893705718212 ], [ 6.039422875957311, 61.60480454437193 ], [ 6.039714791492889, 61.604793280331243 ], [ 6.039791459996151, 61.604464206108098 ], [ 6.039570681113154, 61.604235779050406 ], [ 6.03917146006926, 61.604188074432081 ], [ 6.038194083595844, 61.603165546822567 ], [ 6.037678073600188, 61.602355977729275 ], [ 6.033395632990561, 61.602437069953474 ], [ 6.033300069329075, 61.602735700794575 ], [ 6.032883249776201, 61.602942503604233 ], [ 6.031906316727898, 61.603009776843976 ], [ 6.030276837709549, 61.603740859922894 ], [ 6.029175991390277, 61.603906932942927 ], [ 6.028754850231359, 61.604253351645426 ], [ 6.028522896124144, 61.604867253202663 ], [ 6.027473992217931, 61.605000145445949 ], [ 6.027343983083393, 61.60517068369672 ], [ 6.027394611764012, 61.605498778612912 ], [ 6.026974692298078, 61.606052974665126 ], [ 6.026961461462361, 61.606220663558027 ], [ 6.027234581242527, 61.606429439518003 ], [ 6.026255192530944, 61.607038180962967 ], [ 6.026088000725125, 61.607435018415011 ], [ 6.025649210166036, 61.607775925552545 ], [ 6.02536177132764, 61.608674658534682 ], [ 6.024506157263609, 61.608938815759167 ], [ 6.024010848454956, 61.609397816593884 ], [ 6.022757207358981, 61.610098931657937 ], [ 6.022219282439971, 61.61020369606252 ], [ 6.021569848666484, 61.610726875785467 ], [ 6.019274902634067, 61.611153866151071 ], [ 6.017760794142705, 61.611132340066895 ], [ 6.017013147160888, 61.611756827814233 ], [ 6.01539800523515, 61.611793843690741 ], [ 6.014659012197067, 61.612004480575798 ], [ 6.013377450787664, 61.611925550822249 ], [ 6.009945200068903, 61.61243449495273 ], [ 6.008778712609347, 61.612161226827759 ], [ 6.007523174962542, 61.612441893711008 ], [ 6.005453712812546, 61.612201107330819 ], [ 6.005178320858212, 61.612299625343603 ], [ 6.005115344543412, 61.612627889460384 ], [ 6.005498628154296, 61.612786171633005 ], [ 6.005335407988928, 61.612895110574726 ], [ 6.005510782311036, 61.613015925380203 ], [ 6.00540330416566, 61.613104969694959 ], [ 6.004344365061251, 61.612817733754213 ], [ 6.003914164074564, 61.612891250481709 ], [ 6.003853002281735, 61.612984178823531 ], [ 6.004527004793117, 61.613245983326202 ], [ 6.004314157892543, 61.613520019970025 ], [ 6.00160928137625, 61.614502179584342 ], [ 6.001163925643105, 61.615040627125261 ], [ 6.001834039045645, 61.615670692319696 ], [ 6.002546179552063, 61.615815272378171 ], [ 6.002750964991115, 61.616062684177422 ], [ 6.002350350833757, 61.616934827640094 ], [ 6.001788322189174, 61.616972029377735 ], [ 6.00239614933343, 61.617237677358304 ], [ 6.001719705489001, 61.617350536819565 ], [ 6.004461096855162, 61.61795706306107 ], [ 6.004239109929456, 61.618099977544041 ], [ 6.004598086722591, 61.618257190039735 ], [ 6.004560152756949, 61.618490040718562 ], [ 6.003063362362094, 61.618504042580653 ], [ 6.003076209434247, 61.618979875575931 ], [ 6.004980476822697, 61.619167696042453 ], [ 6.00546950376686, 61.619423642772958 ], [ 6.007387398120495, 61.619289743485439 ] ], [ [ 6.042822232774534, 61.607528916786634 ], [ 6.043268213600531, 61.607450722684938 ], [ 6.043456938196484, 61.607585378944286 ], [ 6.042822232774534, 61.607528916786634 ] ] ] ] } },
{ "type": "Feature", "properties": { "fid": 222634, "navn": null, "hoyde_moh": 904, "arealInnsjo_km2": 0.0131, "magasinKategori": null, "fid_2": 186, "id": 186, "left": 5.986919847, "top": 61.946110046000001, "right": 6.486919847, "bottom": 61.446110046000001, "row_index": 25, "col_index": 4, "tile_id": 186 }, "geometry": { "type": "MultiPolygon", "coordinates": [ [ [ [ 6.095659971112888, 61.642973832916951 ], [ 6.095359475375435, 61.642697009988261 ], [ 6.095321294381857, 61.641982537974684 ], [ 6.095041202832877, 61.641386946662529 ], [ 6.094722303409805, 61.641473212857761 ], [ 6.094574302003815, 61.642004123623977 ], [ 6.094139473387544, 61.641948940049652 ], [ 6.093436708123265, 61.641228825718699 ], [ 6.093409421860481, 61.640899609090532 ], [ 6.093236288685167, 61.640774017276392 ], [ 6.092908758234327, 61.640882848746088 ], [ 6.093220516711719, 61.641782555526461 ], [ 6.093607440721365, 61.641843727417069 ], [ 6.093697687727616, 61.642309653479607 ], [ 6.095538279008681, 61.643111173334844 ], [ 6.095659971112888, 61.642973832916951 ] ] ] ] } },
{ "type": "Feature", "properties": { "fid": 222985, "navn": "Grøningsstølsvatnet", "hoyde_moh": 520, "arealInnsjo_km2": 0.879, "magasinKategori": null, "fid_2": 186, "id": 186, "left": 5.986919847, "top": 61.946110046000001, "right": 6.486919847, "bottom": 61.446110046000001, "row_index": 25, "col_index": 4, "tile_id": 186 }, "geometry": { "type": "MultiPolygon", "coordinates": [ [ [ [ 6.485867292509938, 61.45123077427656 ], [ 6.486919847, 61.451120809902733 ], [ 6.486919847, 61.446110046 ], [ 6.468884368686871, 61.446110046 ], [ 6.468585794699316, 61.446819178447612 ], [ 6.469168942773843, 61.446955765603342 ], [ 6.469589548994632, 61.447352518727534 ], [ 6.469671256286536, 61.448162790757259 ], [ 6.473996991821268, 61.449730727507557 ], [ 6.479219978425493, 61.450484890992442 ], [ 6.480634135048478, 61.451055006533039 ], [ 6.485867292509938, 61.45123077427656 ] ] ] ] } },
{ "type": "Feature", "properties": { "fid": 222989, "navn": null, "hoyde_moh": 1047, "arealInnsjo_km2": 0.0735, "magasinKategori": null, "fid_2": 186, "id": 186, "left": 5.986919847, "top": 61.946110046000001, "right": 6.486919847, "bottom": 61.446110046000001, "row_index": 25, "col_index": 4, "tile_id": 186 }, "geometry": { "type": "MultiPolygon", "coordinates": [ [ [ [ 6.463373765137752, 61.458648590455503 ], [ 6.463603554190054, 61.45813181802049 ], [ 6.462999848315132, 61.457707507333659 ], [ 6.463087891231448, 61.45754759382956 ], [ 6.462576390166087, 61.457376400048524 ], [ 6.462110387590705, 61.45687370414273 ], [ 6.461262456122849, 61.456453659864948 ], [ 6.460138282234756, 61.456199163302657 ], [ 6.458929530646405, 61.456293289397202 ], [ 6.458432201332439, 61.456176262917502 ], [ 6.458314674322496, 61.456470428312556 ], [ 6.458593785243753, 61.45696070808178 ], [ 6.458540744745664, 61.457148300510816 ], [ 6.457926627299323, 61.457774477810815 ], [ 6.457928049138561, 61.458448372707259 ], [ 6.458129772291848, 61.458739483272019 ], [ 6.459438311363397, 61.459033451557417 ], [ 6.461550194264632, 61.459144627829552 ], [ 6.463373765137752, 61.458648590455503 ] ] ] ] } },
{ "type": "Feature", "properties": { "fid": 223373, "navn": "Dalevatnet", "hoyde_moh": 832, "arealInnsjo_km2": 0.1383, "magasinKategori": null, "fid_2": 186, "id": 186, "left": 5.986919847, "top": 61.946110046000001, "right": 6.486919847, "bottom": 61.446110046000001, "row_index": 25, "col_index": 4, "tile_id": 186 }, "geometry": { "type": "MultiPolygon", "coordinates": [ [ [ [ 6.435818922577587, 61.458165033580705 ], [ 6.436480732507143, 61.457756568292986 ], [ 6.43631743974602, 61.45645864533175 ], [ 6.436782384010437, 61.455667655414203 ], [ 6.436267329610298, 61.455403365134529 ], [ 6.434758495150319, 61.453865518832473 ], [ 6.434228360420448, 61.453539203823091 ], [ 6.43281849045558, 61.453213261016231 ], [ 6.432303917654989, 61.452869676942591 ], [ 6.431166353271745, 61.452954783415613 ], [ 6.430929010828452, 61.453220660862804 ], [ 6.430823816660181, 61.454683959892179 ], [ 6.430539938064316, 61.455016350027059 ], [ 6.430256541323427, 61.455093147887602 ], [ 6.430072422829395, 61.455667337516275 ], [ 6.430154603301559, 61.455993201285565 ], [ 6.429987676887615, 61.45625071342392 ], [ 6.430890218515606, 61.456742809616962 ], [ 6.431982386269273, 61.456837372153565 ], [ 6.43210360803783, 61.45660857729748 ], [ 6.431707358888056, 61.456346102841756 ], [ 6.431795111278845, 61.455865708455669 ], [ 6.43244184920346, 61.456450884528032 ], [ 6.432388741138195, 61.456737105117377 ], [ 6.43268492417829, 61.456716481760687 ], [ 6.432480562371784, 61.45715173480459 ], [ 6.432547608545902, 61.457451888129391 ], [ 6.433006053393818, 61.457679277383143 ], [ 6.433735488118008, 61.457707585823613 ], [ 6.434040647724721, 61.458189014830467 ], [ 6.434853020143505, 61.458318132627717 ], [ 6.435818922577587, 61.458165033580705 ] ] ] ] } },
{ "type": "Feature", "properties": { "fid": 223374, "navn": "Litledalsvatnet", "hoyde_moh": 560, "arealInnsjo_km2": 0.0244, "magasinKategori": null, "fid_2": 186, "id": 186, "left": 5.986919847, "top": 61.946110046000001, "right": 6.486919847, "bottom": 61.446110046000001, "row_index": 25, "col_index": 4, "tile_id": 186 }, "geometry": { "type": "MultiPolygon", "coordinates": [ [ [ [ 6.007454864127886, 61.488786376983668 ], [ 6.009213312660411, 61.488215631199949 ], [ 6.009050601604809, 61.487998923296693 ], [ 6.009142245222095, 61.487460817806216 ], [ 6.008199384048285, 61.487293298850389 ], [ 6.006846476013998, 61.487422806606482 ], [ 6.006397974277131, 61.48816910994455 ], [ 6.005893445215994, 61.488221518400429 ], [ 6.005068383001234, 61.48892072697771 ], [ 6.005015413715657, 61.489074833885773 ], [ 6.007454864127886, 61.488786376983668 ] ] ] ] } },
{ "type": "Feature", "properties": { "fid": 223385, "navn": "Kvanndalsvatnet", "hoyde_moh": 598, "arealInnsjo_km2": 0.0517, "magasinKategori": null, "fid_2": 186, "id": 186, "left": 5.986919847, "top": 61.946110046000001, "right": 6.486919847, "bottom": 61.446110046000001, "row_index": 25, "col_index": 4, "tile_id": 186 }, "geometry": { "type": "MultiPolygon", "coordinates": [ [ [ [ 6.259377253360647, 61.892947054497277 ], [ 6.261910343644662, 61.89162719063475 ], [ 6.261576607622096, 61.890682043026104 ], [ 6.260045516217279, 61.890528604949139 ], [ 6.25873523303632, 61.890724230416396 ], [ 6.256941446960042, 61.890716586874383 ], [ 6.256938756541308, 61.890954413556216 ], [ 6.258151238628511, 61.891516146168655 ], [ 6.257488519589618, 61.891532643777033 ], [ 6.257145214831306, 61.891755626919881 ], [ 6.257370136093888, 61.892076331214042 ], [ 6.257880233478383, 61.89231833394954 ], [ 6.257526902470537, 61.892710727439741 ], [ 6.258428320050938, 61.89328426045995 ], [ 6.258902666303058, 61.893413554948587 ], [ 6.259377253360647, 61.892947054497277 ] ] ] ] } },
{ "type": "Feature", "properties": { "fid": 223831, "navn": "Maragjølvatna", "hoyde_moh": 634, "arealInnsjo_km2": 0.0127, "magasinKategori": null, "fid_2": 186, "id": 186, "left": 5.986919847, "top": 61.946110046000001, "right": 6.486919847, "bottom": 61.446110046000001, "row_index": 25, "col_index": 4, "tile_id": 186 }, "geometry": { "type": "MultiPolygon", "coordinates": [ [ [ [ 6.181865813294947, 61.886635106447393 ], [ 6.183831129393154, 61.886005903213899 ], [ 6.183125681381153, 61.885723959057081 ], [ 6.183320055691816, 61.8854160692688 ], [ 6.182910249016439, 61.885383193689833 ], [ 6.180995059079379, 61.886021855081729 ], [ 6.180923097863276, 61.886577753085497 ], [ 6.18059795031996, 61.886675496561018 ], [ 6.181865813294947, 61.886635106447393 ] ] ] ] } },
{ "type": "Feature", "properties": { "fid": 224271, "navn": "Jardalsvatna", "hoyde_moh": 831, "arealInnsjo_km2": 0.0675, "magasinKategori": null, "fid_2": 186, "id": 186, "left": 5.986919847, "top": 61.946110046000001, "right": 6.486919847, "bottom": 61.446110046000001, "row_index": 25, "col_index": 4, "tile_id": 186 }, "geometry": { "type": "MultiPolygon", "coordinates": [ [ [ [ 6.233202206642771, 61.696211422281124 ], [ 6.234056441425244, 61.696270383025244 ], [ 6.234441802937569, 61.696613641820662 ], [ 6.235394261044569, 61.696540048413169 ], [ 6.235528240887112, 61.696172532668577 ], [ 6.236022173926992, 61.695924989835596 ], [ 6.237097800616771, 61.694940316093302 ], [ 6.237413368997926, 61.694255518007054 ], [ 6.236715468945293, 61.693888058027319 ], [ 6.235829268618561, 61.693792715481841 ], [ 6.232429003546448, 61.694391213694637 ], [ 6.231909116281705, 61.694665622453144 ], [ 6.231611652122337, 61.695232762378822 ], [ 6.231728141543346, 61.696009750623915 ], [ 6.232053017064959, 61.69628496385598 ], [ 6.231797415365807, 61.696278510674482 ], [ 6.231734281980795, 61.696420094060628 ], [ 6.232078006788445, 61.696500991196352 ], [ 6.233202206642771, 61.696211422281124 ] ] ] ] } },
{ "type": "Feature", "properties": { "fid": 224273, "navn": "Skogstadtjørna", "hoyde_moh": 158, "arealInnsjo_km2": 0.0162, "magasinKategori": null, "fid_2": 186, "id": 186, "left": 5.986919847, "top": 61.946110046000001, "right": 6.486919847, "bottom": 61.446110046000001, "row_index": 25, "col_index": 4, "tile_id": 186 }, "geometry": { "type": "MultiPolygon", "coordinates": [ [ [ [ 6.001707279755889, 61.512106651883116 ], [ 6.001886541850301, 61.512060905067052 ], [ 6.001822561909806, 61.511920080107153 ], [ 6.00211664808434, 61.511908178828762 ], [ 6.002145677411682, 61.511748139680435 ], [ 6.001132107988401, 61.511544900642654 ], [ 5.999759889741024, 61.510999918868016 ], [ 5.998075029535208, 61.510885779584193 ], [ 5.999218636475415, 61.511942430022401 ], [ 6.001707279755889, 61.512106651883116 ] ] ] ] } },
{ "type": "Feature", "properties": { "fid": 225897, "navn": null, "hoyde_moh": 675, "arealInnsjo_km2": 0.0064, "magasinKategori": null, "fid_2": 186, "id": 186, "left": 5.986919847, "top": 61.946110046000001, "right": 6.486919847, "bottom": 61.446110046000001, "row_index": 25, "col_index": 4, "tile_id": 186 }, "geometry": { "type": "MultiPolygon", "coordinates": [ [ [ [ 6.036200516252126, 61.88723292166415 ], [ 6.036514910120018, 61.886906477547726 ], [ 6.036489997912542, 61.886423802765179 ], [ 6.036035025360398, 61.885966761610781 ], [ 6.035828154133471, 61.885976588559544 ], [ 6.03582405788764, 61.886334794442078 ], [ 6.035639643781025, 61.886525694810942 ], [ 6.035745472329027, 61.886708536813003 ], [ 6.035190664827708, 61.887122143934917 ], [ 6.035149943146977, 61.887414855066055 ], [ 6.036200516252126, 61.88723292166415 ] ] ] ] } },
{ "type": "Feature", "properties": { "fid": 226724, "navn": "Blådalsvatnet", "hoyde_moh": 774, "arealInnsjo_km2": 0.228, "magasinKategori": null, "fid_2": 186, "id": 186, "left": 5.986919847, "top": 61.946110046000001, "right": 6.486919847, "bottom": 61.446110046000001, "row_index": 25, "col_index": 4, "tile_id": 186 }, "geometry": { "type": "MultiPolygon", "coordinates": [ [ [ [ 6.219489726395019, 61.66261079510582 ], [ 6.220527239911849, 61.6628431084374 ], [ 6.222154600546796, 61.662898473390172 ], [ 6.225598577327112, 61.662746049638493 ], [ 6.227213832801629, 61.662346168885975 ], [ 6.229329290424277, 61.661577020059539 ], [ 6.230467805964155, 61.661479741509432 ], [ 6.230747220087864, 61.660911998958682 ], [ 6.231564286943831, 61.660505999163775 ], [ 6.231401428284871, 61.660173820761059 ], [ 6.231113683805001, 61.660058025332994 ], [ 6.231610404290648, 61.658779744854613 ], [ 6.231761673787152, 61.657598347400828 ], [ 6.231395362156322, 61.656626328207963 ], [ 6.230577877235685, 61.656315410799081 ], [ 6.230952900239849, 61.655935729217411 ], [ 6.231430691218475, 61.655942175312319 ], [ 6.231914242786669, 61.655736745831206 ], [ 6.230619689074461, 61.655785642368862 ], [ 6.230666031375832, 61.655906187118227 ], [ 6.230409698978889, 61.656019932497223 ], [ 6.230264257024198, 61.656341607456369 ], [ 6.228504643445646, 61.657511689939213 ], [ 6.227823115382258, 61.658261643685911 ], [ 6.225592706412827, 61.659578757749038 ], [ 6.223774799080151, 61.660234604844192 ], [ 6.222703730908318, 61.660892512362281 ], [ 6.221743789238943, 61.661144932431654 ], [ 6.221549667307059, 61.661345270925075 ], [ 6.21979459113318, 61.661732163390802 ], [ 6.219219736321452, 61.662094029454941 ], [ 6.217819838004284, 61.662381871923536 ], [ 6.21678607474972, 61.662257485331523 ], [ 6.216619966130421, 61.662414902479298 ], [ 6.217343754112022, 61.662660119939524 ], [ 6.218577330320009, 61.662754496856309 ], [ 6.219489726395019, 61.66261079510582 ] ] ] ] } },
{ "type": "Feature", "properties": { "fid": 226728, "navn": "Breidalsvatna", "hoyde_moh": 658, "arealInnsjo_km2": 0.2157, "magasinKategori": null, "fid_2": 186, "id": 186, "left": 5.986919847, "top": 61.946110046000001, "right": 6.486919847, "bottom": 61.446110046000001, "row_index": 25, "col_index": 4, "tile_id": 186 }, "geometry": { "type": "MultiPolygon", "coordinates": [ [ [ [ 6.124596512059862, 61.730202530711807 ], [ 6.125839002645478, 61.729728338081266 ], [ 6.126223222047741, 61.729427519787343 ], [ 6.126328899075914, 61.729056388607432 ], [ 6.125571916087703, 61.728655104651295 ], [ 6.125037397033926, 61.727276228463751 ], [ 6.124186140858701, 61.726869145266441 ], [ 6.125848047804855, 61.726408496459939 ], [ 6.126012081859031, 61.725839282954595 ], [ 6.124830828958002, 61.725273491205016 ], [ 6.122236262571389, 61.725177209993518 ], [ 6.120275811039488, 61.72492209839352 ], [ 6.117916948163415, 61.724842745178123 ], [ 6.116530550736495, 61.725323369177474 ], [ 6.116502860510281, 61.725867864430228 ], [ 6.117067833396656, 61.72645693554928 ], [ 6.116838830732322, 61.727130622267268 ], [ 6.117468328261682, 61.727713420596352 ], [ 6.118510649558911, 61.728360038898977 ], [ 6.119229406403271, 61.728561136543576 ], [ 6.120947623363927, 61.729471547763204 ], [ 6.123520424561417, 61.730300507825113 ], [ 6.124596512059862, 61.730202530711807 ] ] ] ] } },
{ "type": "Feature", "properties": { "fid": 226729, "navn": null, "hoyde_moh": 843, "arealInnsjo_km2": 0.0353, "magasinKategori": null, "fid_2": 186, "id": 186, "left": 5.986919847, "top": 61.946110046000001, "right": 6.486919847, "bottom": 61.446110046000001, "row_index": 25, "col_index": 4, "tile_id": 186 }, "geometry": { "type": "MultiPolygon", "coordinates": [ [ [ [ 6.089357830163529, 61.741771703788643 ], [ 6.089288779584125, 61.741445982831038 ], [ 6.089523447787769, 61.741392843916657 ], [ 6.09009153535855, 61.740821806768182 ], [ 6.090095975106363, 61.740616761562059 ], [ 6.089282759686538, 61.739992238735965 ], [ 6.086438758902653, 61.740170096099718 ], [ 6.085488936818356, 61.740462152074976 ], [ 6.085783210397742, 61.740819351428286 ], [ 6.087350418901583, 61.741682624911199 ], [ 6.088563606854254, 61.741916896115143 ], [ 6.089357830163529, 61.741771703788643 ] ] ] ] } },
{ "type": "Feature", "properties": { "fid": 241138, "navn": null, "hoyde_moh": 900, "arealInnsjo_km2": 0.0027, "magasinKategori": null, "fid_2": 186, "id": 186, "left": 5.986919847, "top": 61.946110046000001, "right": 6.486919847, "bottom": 61.446110046000001, "row_index": 25, "col_index": 4, "tile_id": 186 }, "geometry": { "type": "MultiPolygon", "coordinates": [ [ [ [ 6.076734629248409, 61.450950455901058 ], [ 6.077686915499069, 61.451161710868277 ], [ 6.077487346851003, 61.450956585139792 ], [ 6.07499089651277, 61.450701758610144 ], [ 6.076554259526928, 61.451105287078938 ], [ 6.076734629248409, 61.450950455901058 ] ] ] ] } },
{ "type": "Feature", "properties": { "fid": 241139, "navn": null, "hoyde_moh": 300, "arealInnsjo_km2": 0.005, "magasinKategori": null, "fid_2": 186, "id": 186, "left": 5.986919847, "top": 61.946110046000001, "right": 6.486919847, "bottom": 61.446110046000001, "row_index": 25, "col_index": 4, "tile_id": 186 }, "geometry": { "type": "MultiPolygon", "coordinates": [ [ [ [ 6.031253735919712, 61.453070958328283 ], [ 6.030544876969999, 61.452238431916498 ], [ 6.02980501021207, 61.452431458415283 ], [ 6.029809008889843, 61.452585821052978 ], [ 6.030388899698389, 61.453010225589431 ], [ 6.031184286661674, 61.453314622378755 ], [ 6.031253735919712, 61.453070958328283 ] ] ] ] } },
{ "type": "Feature", "properties": { "fid": 241657, "navn": null, "hoyde_moh": 393, "arealInnsjo_km2": 0.0027, "magasinKategori": null, "fid_2": 186, "id": 186, "left": 5.986919847, "top": 61.946110046000001, "right": 6.486919847, "bottom": 61.446110046000001, "row_index": 25, "col_index": 4, "tile_id": 186 }, "geometry": { "type": "MultiPolygon", "coordinates": [ [ [ [ 6.260921280679538, 61.498175185492912 ], [ 6.26096888080859, 61.497925190814762 ], [ 6.260821189947418, 61.497770193406552 ], [ 6.259915167912173, 61.497608786539551 ], [ 6.259812201228812, 61.497976364490491 ], [ 6.260921280679538, 61.498175185492912 ] ] ] ] } },
{ "type": "Feature", "properties": { "fid": 243054, "navn": null, "hoyde_moh": 691, "arealInnsjo_km2": 0.004, "magasinKategori": null, "fid_2": 186, "id": 186, "left": 5.986919847, "top": 61.946110046000001, "right": 6.486919847, "bottom": 61.446110046000001, "row_index": 25, "col_index": 4, "tile_id": 186 }, "geometry": { "type": "MultiPolygon", "coordinates": [ [ [ [ 6.007853584222222, 61.484050496924496 ], [ 6.008248729990122, 61.48383119597883 ], [ 6.008005961682072, 61.483700721462661 ], [ 6.007168076637934, 61.483825870598437 ], [ 6.007195175824757, 61.483698243465362 ], [ 6.006761689924233, 61.483611936753945 ], [ 6.005765911770338, 61.483716455534207 ], [ 6.006549841360909, 61.483990656573063 ], [ 6.007853584222222, 61.484050496924496 ] ] ] ] } },
{ "type": "Feature", "properties": { "fid": 244775, "navn": null, "hoyde_moh": 1049, "arealInnsjo_km2": 0.0025, "magasinKategori": null, "fid_2": 186, "id": 186, "left": 5.986919847, "top": 61.946110046000001, "right": 6.486919847, "bottom": 61.446110046000001, "row_index": 25, "col_index": 4, "tile_id": 186 }, "geometry": { "type": "MultiPolygon", "coordinates": [ [ [ [ 6.039830875215911, 61.781019840452323 ], [ 6.039572349109734, 61.780612279711136 ], [ 6.039066036686705, 61.780876240686098 ], [ 6.038098085151864, 61.780750995418899 ], [ 6.038602088603588, 61.781004247433856 ], [ 6.03893471401614, 61.78094912668309 ], [ 6.039630363484729, 61.781155511376525 ], [ 6.039830875215911, 61.781019840452323 ] ] ] ] } },
{ "type": "Feature", "properties": { "fid": 245127, "navn": null, "hoyde_moh": 1195, "arealInnsjo_km2": 0.0032, "magasinKategori": null, "fid_2": 186, "id": 186, "left": 5.986919847, "top": 61.946110046000001, "right": 6.486919847, "bottom": 61.446110046000001, "row_index": 25, "col_index": 4, "tile_id": 186 }, "geometry": { "type": "MultiPolygon", "coordinates": [ [ [ [ 6.215527988272497, 61.454466414853123 ], [ 6.216097942651342, 61.45460689777282 ], [ 6.216490324767673, 61.45439629164872 ], [ 6.21592550112894, 61.454418781492151 ], [ 6.216214668955301, 61.45426589355062 ], [ 6.216103563195286, 61.454226961421796 ], [ 6.215251766740646, 61.45440591223165 ], [ 6.214379527030087, 61.454302165622849 ], [ 6.214498655147516, 61.454630935852116 ], [ 6.215527988272497, 61.454466414853123 ] ] ] ] } },
{ "type": "Feature", "properties": { "fid": 269059, "navn": "Fossevatnet", "hoyde_moh": 640, "arealInnsjo_km2": 0.0958, "magasinKategori": 1, "fid_2": 186, "id": 186, "left": 5.986919847, "top": 61.946110046000001, "right": 6.486919847, "bottom": 61.446110046000001, "row_index": 25, "col_index": 4, "tile_id": 186 }, "geometry": { "type": "MultiPolygon", "coordinates": [ [ [ [ 6.006892506261572, 61.942681392390085 ], [ 6.007183495755833, 61.941985986482798 ], [ 6.006430248255202, 61.941324203395993 ], [ 6.005865053522968, 61.941101259316618 ], [ 6.003453668952218, 61.940804902345398 ], [ 6.002186849677122, 61.939952998042365 ], [ 6.000964850232499, 61.939725752133789 ], [ 6.000191531742553, 61.939377352859722 ], [ 5.999744220545332, 61.939608412219073 ], [ 5.999909738016053, 61.939675264259861 ], [ 5.999666203803276, 61.939880420298849 ], [ 5.99997278291625, 61.94004288600614 ], [ 5.998838731631487, 61.939845184768366 ], [ 5.996203213595594, 61.939724571442213 ], [ 5.995779085069431, 61.939468207302887 ], [ 5.995343397713637, 61.939428567289987 ], [ 5.994402610355881, 61.939611552182271 ], [ 5.994683467387291, 61.939877374115248 ], [ 5.999033517862544, 61.94061849001735 ], [ 6.000334471727381, 61.941075758183487 ], [ 6.002280954407427, 61.942411548535567 ], [ 6.005099575257864, 61.942820772126268 ], [ 6.006892506261572, 61.942681392390085 ] ], [ [ 6.001729318191871, 61.941334362835399 ], [ 6.002741124604798, 61.941567921097416 ], [ 6.002589937438445, 61.941591143748397 ], [ 6.001729318191871, 61.941334362835399 ] ] ] ] } },
{ "type": "Feature", "properties": { "fid": 269747, "navn": "Åstjønna", "hoyde_moh": 480, "arealInnsjo_km2": 0.0555, "magasinKategori": null, "fid_2": 186, "id": 186, "left": 5.986919847, "top": 61.946110046000001, "right": 6.486919847, "bottom": 61.446110046000001, "row_index": 25, "col_index": 4, "tile_id": 186 }, "geometry": { "type": "MultiPolygon", "coordinates": [ [ [ [ 6.240142174445759, 61.788024692360558 ], [ 6.24003594622547, 61.787973859294858 ], [ 6.240404441145637, 61.787942702166376 ], [ 6.2405548423489, 61.787762982695398 ], [ 6.240806654157874, 61.787819921147793 ], [ 6.240712900252958, 61.787689653611132 ], [ 6.241685243790573, 61.787585899781568 ], [ 6.241355648506478, 61.787462791542801 ], [ 6.241371844580014, 61.787239928510751 ], [ 6.241155538717122, 61.786985313704278 ], [ 6.241327859907314, 61.78690747963072 ], [ 6.24099264110393, 61.786692206106629 ], [ 6.241586817636878, 61.786088235147098 ], [ 6.240305579547964, 61.785989606849363 ], [ 6.239588747070778, 61.785644438370802 ], [ 6.237351554421463, 61.785287334922856 ], [ 6.236782261602402, 61.785668623817195 ], [ 6.235907519147568, 61.785720337899505 ], [ 6.236093786212511, 61.785959748752887 ], [ 6.236074568657611, 61.786258860932222 ], [ 6.235629893876696, 61.786429858197685 ], [ 6.235602672275083, 61.786638459585852 ], [ 6.236011080290922, 61.787062121573229 ], [ 6.236292754546376, 61.787126682304695 ], [ 6.236095994402331, 61.787253719669593 ], [ 6.236271002534534, 61.787492496048763 ], [ 6.236887947260938, 61.787696263945847 ], [ 6.236824846397186, 61.78786298125975 ], [ 6.237515442238815, 61.788043562053787 ], [ 6.239002018266611, 61.788161831078078 ], [ 6.240142174445759, 61.788024692360558 ] ], [ [ 6.239807490768114, 61.785919091914586 ], [ 6.240282694044804, 61.78610867166347 ], [ 6.24015301247011, 61.786245447651325 ], [ 6.239374127469961, 61.785889060228904 ], [ 6.239807490768114, 61.785919091914586 ] ], [ [ 6.237487764163498, 61.787816069556989 ], [ 6.237160420601525, 61.78726407853739 ], [ 6.236576013622043, 61.787261552053423 ], [ 6.23666462246355, 61.787031869864457 ], [ 6.236487722267653, 61.786863541502093 ], [ 6.236504839920005, 61.786602334817971 ], [ 6.236242930171046, 61.78657067068022 ], [ 6.236270427087427, 61.785972646437202 ], [ 6.237617743764953, 61.785582121867044 ], [ 6.23844664242192, 61.78564762416606 ], [ 6.238913900519517, 61.785746431637179 ], [ 6.237588982294202, 61.785687706998772 ], [ 6.236500579252328, 61.785970643076496 ], [ 6.236388359438643, 61.78626666484579 ], [ 6.23671375706517, 61.786515384505066 ], [ 6.237141021625581, 61.786570693650653 ], [ 6.239610111028983, 61.786568718384537 ], [ 6.240068765717741, 61.786352887191441 ], [ 6.240307290666554, 61.786511347290137 ], [ 6.240796924514908, 61.786484273124245 ], [ 6.240216088772993, 61.786897904140218 ], [ 6.240327559427933, 61.787032925459577 ], [ 6.239620052392246, 61.787096319649983 ], [ 6.23894429602294, 61.787367043160003 ], [ 6.237625548535227, 61.787329139615061 ], [ 6.237920939459337, 61.787785644997335 ], [ 6.238599692083568, 61.787891094538942 ], [ 6.237487764163498, 61.787816069556989 ] ] ], [ [ [ 6.239178594313038, 61.787077152647548 ], [ 6.239314222357928, 61.78692033884105 ], [ 6.238754379943501, 61.786700465495869 ], [ 6.236667010691269, 61.786603819675314 ], [ 6.236726405132711, 61.786781939096649 ], [ 6.237207972564214, 61.786817608858918 ], [ 6.237094996561561, 61.787011840068111 ], [ 6.239178594313038, 61.787077152647548 ] ] ] ] } },
{ "type": "Feature", "properties": { "fid": 269837, "navn": "Nordvatnet", "hoyde_moh": 889, "arealInnsjo_km2": 0.071, "magasinKategori": null, "fid_2": 186, "id": 186, "left": 5.986919847, "top": 61.946110046000001, "right": 6.486919847, "bottom": 61.446110046000001, "row_index": 25, "col_index": 4, "tile_id": 186 }, "geometry": { "type": "MultiPolygon", "coordinates": [ [ [ [ 6.125354278500986, 61.572134176530035 ], [ 6.125881287367855, 61.57151784297605 ], [ 6.125286705146953, 61.570935438892406 ], [ 6.122500439122183, 61.570339820817644 ], [ 6.122061889115906, 61.57064302405859 ], [ 6.119801177628503, 61.571164484574297 ], [ 6.119458425087812, 61.571730335498721 ], [ 6.119349358595411, 61.572443526080995 ], [ 6.119486222391956, 61.572615790297135 ], [ 6.121507676642116, 61.572679072644867 ], [ 6.122378196387212, 61.572946375464525 ], [ 6.123445056440328, 61.573032235402628 ], [ 6.125354278500986, 61.572134176530035 ] ] ] ] } },
{ "type": "Feature", "properties": { "fid": 269916, "navn": "Trollebottsvatnet", "hoyde_moh": 863, "arealInnsjo_km2": 0.8172, "magasinKategori": null, "fid_2": 186, "id": 186, "left": 5.986919847, "top": 61.946110046000001, "right": 6.486919847, "bottom": 61.446110046000001, "row_index": 25, "col_index": 4, "tile_id": 186 }, "geometry": { "type": "MultiPolygon", "coordinates": [ [ [ [ 6.193050006971215, 61.608386988600365 ], [ 6.195878907122686, 61.608593888792349 ], [ 6.202268391898868, 61.608320331014113 ], [ 6.209359283071439, 61.608427600010685 ], [ 6.210439681008329, 61.608292025753279 ], [ 6.215014080821581, 61.608472156694198 ], [ 6.221376741625179, 61.607920833947638 ], [ 6.223683248416066, 61.607496004573221 ], [ 6.227584571682983, 61.607526280110875 ], [ 6.228401108297748, 61.607241589700436 ], [ 6.229276887982264, 61.606451391849298 ], [ 6.229106013324547, 61.606107658348037 ], [ 6.227601314148368, 61.605948671346077 ], [ 6.226970286298655, 61.605560726090275 ], [ 6.226068743393606, 61.605323165344785 ], [ 6.226330674518693, 61.605230230441904 ], [ 6.226169741336908, 61.605113294547451 ], [ 6.221249765293702, 61.604295473930883 ], [ 6.218248133568786, 61.604174505231732 ], [ 6.217318369026563, 61.604466985318346 ], [ 6.216587772501876, 61.604454387436014 ], [ 6.213710148536163, 61.604164787658029 ], [ 6.210098025731472, 61.604344748445747 ], [ 6.208710875183829, 61.604284148965149 ], [ 6.208153992760015, 61.604016746989053 ], [ 6.204718190950661, 61.603770745575879 ], [ 6.200541122849639, 61.6042536669868 ], [ 6.199477979289466, 61.604592591175063 ], [ 6.19863458768008, 61.604575651825186 ], [ 6.196601528961791, 61.604974340144501 ], [ 6.194739806905702, 61.605109516386023 ], [ 6.193630747280693, 61.605419576082916 ], [ 6.193188288810093, 61.605737206697086 ], [ 6.192528400219588, 61.605891717942136 ], [ 6.192357949348056, 61.606181010431634 ], [ 6.191509569145603, 61.606353009641445 ], [ 6.191059125105284, 61.606674544207792 ], [ 6.191038245521776, 61.606899270436543 ], [ 6.190559226148046, 61.607467711246429 ], [ 6.190427521301713, 61.608141833825293 ], [ 6.190619580865821, 61.608364391928774 ], [ 6.191229026010558, 61.608449952849384 ], [ 6.190976296740495, 61.60877998719981 ], [ 6.190500346491685, 61.608910108857536 ], [ 6.191144819648615, 61.60917559259822 ], [ 6.193050006971215, 61.608386988600365 ] ] ] ] } },
{ "type": "Feature", "properties": { "fid": 269968, "navn": "Trodalsvatnet", "hoyde_moh": 417, "arealInnsjo_km2": 1.2241, "magasinKategori": null, "fid_2": 186, "id": 186, "left": 5.986919847, "top": 61.946110046000001, "right": 6.486919847, "bottom": 61.446110046000001, "row_index": 25, "col_index": 4, "tile_id": 186 }, "geometry": { "type": "MultiPolygon", "coordinates": [ [ [ [ 5.987181603662246, 61.539508273322255 ], [ 5.987974446432292, 61.539012660277564 ], [ 5.988012262651183, 61.538781436023491 ], [ 5.98770466036615, 61.538628005363137 ], [ 5.987897829554842, 61.538158646153747 ], [ 5.988445041748426, 61.538081084929381 ], [ 5.988760317388549, 61.537664954240107 ], [ 5.98911329204248, 61.537577447721482 ], [ 5.989400852095605, 61.537201049880487 ], [ 5.989804119860437, 61.535957045643727 ], [ 5.990152098492298, 61.535699820403828 ], [ 5.990847300170577, 61.534650952366647 ], [ 5.990831709260981, 61.533481307119551 ], [ 5.991225976191947, 61.532748925935856 ], [ 5.990586459719037, 61.532892028235182 ], [ 5.98975272993042, 61.532598561480363 ], [ 5.989003549469847, 61.532569312420705 ], [ 5.988634165641603, 61.531884633665506 ], [ 5.98811356488174, 61.531531098724493 ], [ 5.987917723962469, 61.530756644027363 ], [ 5.987542380421429, 61.530646786231195 ], [ 5.986919847, 61.530693226762004 ], [ 5.986919847, 61.5399463954613 ], [ 5.987181603662246, 61.539508273322255 ] ] ] ] } },
{ "type": "Feature", "properties": { "fid": 269980, "navn": "Inste Langevatnet", "hoyde_moh": 773, "arealInnsjo_km2": 1.1767, "magasinKategori": null, "fid_2": 186, "id": 186, "left": 5.986919847, "top": 61.946110046000001, "right": 6.486919847, "bottom": 61.446110046000001, "row_index": 25, "col_index": 4, "tile_id": 186 }, "geometry": { "type": "MultiPolygon", "coordinates": [ [ [ [ 6.226553039088619, 61.624901780366507 ], [ 6.228635943988317, 61.624716708805899 ], [ 6.230198730825074, 61.624310426840417 ], [ 6.232221087387848, 61.624596478713514 ], [ 6.23299335537644, 61.624864745848093 ], [ 6.23548739011276, 61.624902102143423 ], [ 6.236571115701358, 61.625180697852961 ], [ 6.239229202960917, 61.6249107985699 ], [ 6.241117440178275, 61.624974911122131 ], [ 6.24175018730664, 61.62488481377229 ], [ 6.242119925030406, 61.624434400940352 ], [ 6.242811633064663, 61.624573174422444 ], [ 6.242785038728828, 61.624423911108494 ], [ 6.243514204552119, 61.623979786382414 ], [ 6.24371889051432, 61.623480233129229 ], [ 6.243528571291885, 61.62317195774547 ], [ 6.24175767140685, 61.622978829752114 ], [ 6.241272709405647, 61.622762764591542 ], [ 6.241270158083356, 61.622303150271748 ], [ 6.240820564954975, 61.621945611925952 ], [ 6.241028319050862, 61.621568689121496 ], [ 6.240171376683908, 61.621012646505108 ], [ 6.237084081360094, 61.620044089937565 ], [ 6.235853125737779, 61.619877149390902 ], [ 6.235843518910801, 61.619751659006432 ], [ 6.234856571087471, 61.619758223519554 ], [ 6.234517069563053, 61.61959218289001 ], [ 6.233314288418942, 61.619540252078494 ], [ 6.23217588976332, 61.619267123804818 ], [ 6.229820356546634, 61.619067772781236 ], [ 6.22627863553781, 61.619135780494481 ], [ 6.224451214350327, 61.619004084304088 ], [ 6.221685464813298, 61.619262646270229 ], [ 6.219108266314885, 61.619178340421293 ], [ 6.209699028132289, 61.619736956628621 ], [ 6.206700870450288, 61.619633734132421 ], [ 6.206024730022674, 61.619543572047142 ], [ 6.20626855499636, 61.619245103000289 ], [ 6.204316890864108, 61.619097942837755 ], [ 6.201654098281887, 61.619242507900601 ], [ 6.199447506334127, 61.61915645907969 ], [ 6.198521959324149, 61.619371494572746 ], [ 6.198537912003862, 61.619530658508374 ], [ 6.199038865206425, 61.619703653595209 ], [ 6.201021261520422, 61.620021492176868 ], [ 6.2001477797521, 61.620552739357038 ], [ 6.200073232585439, 61.620949282722989 ], [ 6.200218528317923, 61.621339748945118 ], [ 6.200753050439575, 61.621591266058424 ], [ 6.201321004135385, 61.622269365649615 ], [ 6.202547809789285, 61.622688276900348 ], [ 6.206889221918515, 61.623162963191135 ], [ 6.208266017103052, 61.62308480406552 ], [ 6.208849068855566, 61.623350813336593 ], [ 6.21292862978723, 61.624087362680534 ], [ 6.214154435750312, 61.624125778295145 ], [ 6.216349876480692, 61.624578421117242 ], [ 6.219310614000091, 61.624821659274559 ], [ 6.226553039088619, 61.624901780366507 ] ] ] ] } },
{ "type": "Feature", "properties": { "fid": 270031, "navn": "Ytre Langevatnet", "hoyde_moh": 752, "arealInnsjo_km2": 1.2194, "magasinKategori": null, "fid_2": 186, "id": 186, "left": 5.986919847, "top": 61.946110046000001, "right": 6.486919847, "bottom": 61.446110046000001, "row_index": 25, "col_index": 4, "tile_id": 186 }, "geometry": { "type": "MultiPolygon", "coordinates": [ [ [ [ 6.178445636369224, 61.61868021244257 ], [ 6.178249884252149, 61.618334954437309 ], [ 6.178474815666751, 61.618075506595268 ], [ 6.179794999498475, 61.617932969984054 ], [ 6.180646941295515, 61.617985626460595 ], [ 6.181290270913649, 61.618319030637522 ], [ 6.181914672412788, 61.61805842722746 ], [ 6.18391400734803, 61.617995852114575 ], [ 6.193002787983692, 61.618147173132819 ], [ 6.193699378256816, 61.617852801592349 ], [ 6.194471269357981, 61.617772044910033 ], [ 6.197040850427224, 61.618067685950123 ], [ 6.199376966790064, 61.617839412904225 ], [ 6.199081914025069, 61.618005606923973 ], [ 6.199592206485536, 61.618127972718803 ], [ 6.200221605846573, 61.617990595445164 ], [ 6.200337353181731, 61.617757834828453 ], [ 6.201272003796035, 61.617632835690024 ], [ 6.201671541496723, 61.617787409604681 ], [ 6.204184989706572, 61.617960902623309 ], [ 6.205355063482957, 61.617797098849422 ], [ 6.205426884792189, 61.617606307124497 ], [ 6.206383212449524, 61.617714086834027 ], [ 6.206551357122054, 61.617494386526218 ], [ 6.206182522120256, 61.617284801137956 ], [ 6.204503263594887, 61.617088784564643 ], [ 6.204987313015269, 61.617052023995164 ], [ 6.205036976658851, 61.616876332179942 ], [ 6.20446371045322, 61.6166874677442 ], [ 6.203136999068417, 61.616749394568103 ], [ 6.200977499032877, 61.616224648681047 ], [ 6.19913300311275, 61.616382900123732 ], [ 6.199238823038591, 61.616250518543488 ], [ 6.19894161879455, 61.616089289744146 ], [ 6.197951656250794, 61.615865148135995 ], [ 6.196858250261975, 61.615869223976873 ], [ 6.196237649202093, 61.615552192898356 ], [ 6.195038220216539, 61.615564013750287 ], [ 6.194243182122776, 61.615060174886317 ], [ 6.194382213319121, 61.614800555702693 ], [ 6.19427707017171, 61.61454198972713 ], [ 6.192813044309993, 61.614293549908297 ], [ 6.192353057654328, 61.614019632169935 ], [ 6.192325638583324, 61.61379258406307 ], [ 6.192029346646239, 61.61369266097924 ], [ 6.19209163599825, 61.613517519285786 ], [ 6.191673286327459, 61.613405787248936 ], [ 6.191267855253911, 61.613044141902314 ], [ 6.190914406021377, 61.613013968705026 ], [ 6.190687717738724, 61.6126604003437 ], [ 6.188545022004915, 61.612417817785143 ], [ 6.187885899006199, 61.611944264879085 ], [ 6.186978898685705, 61.611701475280185 ], [ 6.184669822846217, 61.611662357896584 ], [ 6.181160199765899, 61.61185521180095 ], [ 6.178021440113427, 61.611588379438139 ], [ 6.175240971339223, 61.611893275809841 ], [ 6.174808545735521, 61.611753463548737 ], [ 6.172371176883678, 61.611828685358951 ], [ 6.17016513802698, 61.612228502515812 ], [ 6.167110760009544, 61.612514510078569 ], [ 6.166329295817782, 61.612768164061151 ], [ 6.164903444340581, 61.612889223354131 ], [ 6.163332833456877, 61.612795352514375 ], [ 6.163118458588766, 61.612880972966956 ], [ 6.163181823768762, 61.61308652175984 ], [ 6.161267678222411, 61.612916758271012 ], [ 6.160419866789697, 61.613025270818873 ], [ 6.159020409289524, 61.61277234223855 ], [ 6.158879548830585, 61.613104653342816 ], [ 6.159058741840048, 61.613191693172496 ], [ 6.160434833152371, 61.613176612710497 ], [ 6.161554230116566, 61.613383180141312 ], [ 6.161668423618138, 61.613568997872868 ], [ 6.161463847715313, 61.613699081266915 ], [ 6.159142941952476, 61.613653522007176 ], [ 6.158647076152709, 61.613926737524508 ], [ 6.158293255440449, 61.614672418504249 ], [ 6.162280634681064, 61.616164652213108 ], [ 6.166590687737328, 61.617214006948643 ], [ 6.168764386620661, 61.617291232481683 ], [ 6.170533765653963, 61.617814898415574 ], [ 6.173896095571666, 61.61831807920786 ], [ 6.174855295522402, 61.618642601281977 ], [ 6.17799926860019, 61.618836801423278 ], [ 6.178445636369224, 61.61868021244257 ] ], [ [ 6.190768443212355, 61.616705574189083 ], [ 6.190599680858409, 61.616573807062053 ], [ 6.191714408178282, 61.616429117708229 ], [ 6.193514002632658, 61.616443169938059 ], [ 6.194261423098388, 61.616634077325052 ], [ 6.192677240004928, 61.616854675679328 ], [ 6.192161223880746, 61.616660977147028 ], [ 6.190415844688117, 61.616763739227146 ], [ 6.190768443212355, 61.616705574189083 ] ] ] ] } },
{ "type": "Feature", "properties": { "fid": 270070, "navn": "Storevatnet", "hoyde_moh": 484, "arealInnsjo_km2": 3.157, "magasinKategori": null, "fid_2": 186, "id": 186, "left": 5.986919847, "top": 61.946110046000001, "right": 6.486919847, "bottom": 61.446110046000001, "row_index": 25, "col_index": 4, "tile_id": 186 }, "geometry": { "type": "MultiPolygon", "coordinates": [ [ [ [ 6.101280950734217, 61.693701925161292 ], [ 6.10357396632828, 61.693786860951128 ], [ 6.104508599040843, 61.693591185966248 ], [ 6.10805942871297, 61.692181700099752 ], [ 6.109690126060002, 61.691228471045299 ], [ 6.109972646907981, 61.690695764345207 ], [ 6.109799129111489, 61.689983029720665 ], [ 6.11008663073126, 61.688045077990807 ], [ 6.110957053590224, 61.68731007124083 ], [ 6.110323122283508, 61.686727906991251 ], [ 6.11030778482114, 61.686143546504653 ], [ 6.111698737170621, 61.685435174967253 ], [ 6.110991086308546, 61.685245922237357 ], [ 6.110435452812213, 61.684666799455819 ], [ 6.110154380031106, 61.684627718350583 ], [ 6.110087976815197, 61.684293694220592 ], [ 6.110369945063538, 61.684154438112103 ], [ 6.109098415021925, 61.684125481457755 ], [ 6.108761767086611, 61.68392442761175 ], [ 6.108705844434331, 61.68371770048482 ], [ 6.107415405267184, 61.683382660910404 ], [ 6.106288275674965, 61.683307184063167 ], [ 6.104772041479324, 61.683743590544502 ], [ 6.102606744716605, 61.683672153559911 ], [ 6.101801883191215, 61.683138304106926 ], [ 6.100319125986261, 61.682741255058403 ], [ 6.099489801726223, 61.682964479557576 ], [ 6.098576457667841, 61.682943607435497 ], [ 6.098083207330605, 61.683168322445155 ], [ 6.096018406399656, 61.682854377996819 ], [ 6.095816267175461, 61.682426222278167 ], [ 6.094940564957399, 61.682233819416865 ], [ 6.094779483411191, 61.682044320981625 ], [ 6.095270337140321, 61.681669980599473 ], [ 6.095061805374998, 61.680876018244291 ], [ 6.094129550750651, 61.680533946158135 ], [ 6.095425298524114, 61.678935269511697 ], [ 6.095349619894818, 61.678521725382197 ], [ 6.094884286035735, 61.678213417062445 ], [ 6.092699586600863, 61.677296968813366 ], [ 6.090111406225844, 61.676919501023477 ], [ 6.087829712716236, 61.676391364581015 ], [ 6.086173465966065, 61.675834360101909 ], [ 6.086166031088919, 61.675540511630963 ], [ 6.085299411605928, 61.675175650594213 ], [ 6.082901928811811, 61.674473350349864 ], [ 6.083043914364969, 61.673572578228246 ], [ 6.082510833734913, 61.673479025374853 ], [ 6.08211859287683, 61.672940843974814 ], [ 6.08106417902285, 61.672479211223575 ], [ 6.081159313196934, 61.672158473851084 ], [ 6.08098504084275, 61.671831618142434 ], [ 6.079836691596351, 61.671482651838893 ], [ 6.078347655111798, 61.671323777872374 ], [ 6.076270048956769, 61.670167774786982 ], [ 6.072308377125902, 61.669141072637665 ], [ 6.068932988686966, 61.668707622507497 ], [ 6.067620102747954, 61.668182601606183 ], [ 6.065261237074212, 61.66788033244643 ], [ 6.064838431119888, 61.667477087981986 ], [ 6.063707726045837, 61.667691558211722 ], [ 6.061430084673306, 61.666772481448859 ], [ 6.061057248733145, 61.666845465706778 ], [ 6.060747186501595, 61.666650718921467 ], [ 6.060024295767172, 61.666941704767325 ], [ 6.057543274837531, 61.666337428565889 ], [ 6.055688386105229, 61.666433476548825 ], [ 6.055103220581143, 61.666613843668827 ], [ 6.054753823138697, 61.667065601799457 ], [ 6.054255327519577, 61.667139059809443 ], [ 6.05416741137345, 61.667488916362863 ], [ 6.054302042292595, 61.667976165907341 ], [ 6.053943779826603, 61.668311471897326 ], [ 6.05393109048754, 61.668578071744555 ], [ 6.054592305701751, 61.669712958974756 ], [ 6.054121320676801, 61.670548329266488 ], [ 6.054560811419243, 61.671174504132324 ], [ 6.0540784809315, 61.671411442794948 ], [ 6.053431966036893, 61.672289030177112 ], [ 6.054603629248938, 61.672430718413686 ], [ 6.055879218991633, 61.672319666460531 ], [ 6.056826326591095, 61.67258257239375 ], [ 6.057283692532184, 61.672985226750498 ], [ 6.057738038332306, 61.672936955455214 ], [ 6.057786439088772, 61.673242010340708 ], [ 6.057978242879131, 61.673266475005939 ], [ 6.057924251134873, 61.673466727919319 ], [ 6.058251666022421, 61.67362755377944 ], [ 6.058332434365998, 61.673890090933426 ], [ 6.058136750400075, 61.674089694496608 ], [ 6.057588710622775, 61.674039793925601 ], [ 6.057554790741998, 61.674348649138189 ], [ 6.057316861241255, 61.674470003877445 ], [ 6.057251925444788, 61.674752143850881 ], [ 6.05666772713621, 61.675046106172303 ], [ 6.055835924408972, 61.67515855084752 ], [ 6.055432643905776, 61.675527323975082 ], [ 6.055477332327225, 61.675653906365064 ], [ 6.056849749461493, 61.676169582901515 ], [ 6.057837883997022, 61.67619494656271 ], [ 6.058252701975969, 61.676012295739994 ], [ 6.058132790341399, 61.675699371406786 ], [ 6.058292195691499, 61.675330628676363 ], [ 6.060277010779825, 61.674649546307137 ], [ 6.061766297621433, 61.673603513271402 ], [ 6.0631042911457, 61.67331808931781 ], [ 6.064093192457182, 61.673752517536698 ], [ 6.064286337913114, 61.673626128125072 ], [ 6.064827179085558, 61.673779102291995 ], [ 6.068390105719647, 61.675820051177773 ], [ 6.06928423355613, 61.676052625252908 ], [ 6.069700689009439, 61.676493932033807 ], [ 6.070377858969782, 61.676628366091748 ], [ 6.071885637400536, 61.677552966894332 ], [ 6.074099612791636, 61.67851273379452 ], [ 6.074774940458606, 61.679099543027696 ], [ 6.076481507365521, 61.680080519731113 ], [ 6.079678418095755, 61.683122485736675 ], [ 6.081785486081587, 61.684245892385789 ], [ 6.083307824339331, 61.685466911315402 ], [ 6.084317457128067, 61.685962441093515 ], [ 6.084581500346484, 61.686346691847803 ], [ 6.086520283445511, 61.687336868869643 ], [ 6.087224175448336, 61.687923030122775 ], [ 6.087974372642572, 61.688057992936699 ], [ 6.087704087862224, 61.689107700877038 ], [ 6.088536835755703, 61.689904744307384 ], [ 6.092174884606747, 61.691263435964657 ], [ 6.092553335582683, 61.691208527226173 ], [ 6.092666679148875, 61.691006374522502 ], [ 6.093809602155872, 61.690832558049244 ], [ 6.09657403974809, 61.691326008859747 ], [ 6.097649514357562, 61.691817600023242 ], [ 6.099695043727749, 61.693653220556158 ], [ 6.100497099268487, 61.693844188945114 ], [ 6.101280950734217, 61.693701925161292 ] ], [ [ 6.063768971745005, 61.673196689529661 ], [ 6.064398364817841, 61.673329642179311 ], [ 6.064243988959483, 61.673415651623209 ], [ 6.063768971745005, 61.673196689529661 ] ], [ [ 6.103162151463543, 61.685043699433791 ], [ 6.102753318477479, 61.684639080942027 ], [ 6.104576895856119, 61.68446953152916 ], [ 6.105348605277236, 61.684673225243252 ], [ 6.105479453698936, 61.684994120201424 ], [ 6.105099405711017, 61.685210363057578 ], [ 6.104246751653404, 61.685290927534012 ], [ 6.103162151463543, 61.685043699433791 ] ], [ [ 6.110051850066687, 61.684991269367337 ], [ 6.110672556692134, 61.685046601544393 ], [ 6.110615553809009, 61.685094927788427 ], [ 6.11020757579816, 61.685168103573396 ], [ 6.110051850066687, 61.684991269367337 ] ] ] ] } },
{ "type": "Feature", "properties": { "fid": 270083, "navn": "Nesvatnet", "hoyde_moh": 324, "arealInnsjo_km2": 0.3166, "magasinKategori": null, "fid_2": 186, "id": 186, "left": 5.986919847, "top": 61.946110046000001, "right": 6.486919847, "bottom": 61.446110046000001, "row_index": 25, "col_index": 4, "tile_id": 186 }, "geometry": { "type": "MultiPolygon", "coordinates": [ [ [ [ 5.987225879559716, 61.601200599523622 ], [ 5.987948635103074, 61.600752400883835 ], [ 5.988104976575242, 61.600352066518262 ], [ 5.988656448297366, 61.600167895429749 ], [ 5.98887622026146, 61.599706425280047 ], [ 5.989741131802917, 61.599338892096874 ], [ 5.989958730082869, 61.598766822830697 ], [ 5.989118436195589, 61.598222892233053 ], [ 5.988274719358435, 61.597922052488045 ], [ 5.988183577296485, 61.597746698316747 ], [ 5.989181133673321, 61.597709406300474 ], [ 5.992778157101769, 61.598285077997225 ], [ 5.99404784848638, 61.598289778045682 ], [ 5.994453602797894, 61.597947131544153 ], [ 5.994483032124855, 61.597720134986709 ], [ 5.994201733340448, 61.596731778051939 ], [ 5.99396078014215, 61.596619602733277 ], [ 5.993895851899444, 61.59689268913607 ], [ 5.993754942681912, 61.596902853921257 ], [ 5.993587075745462, 61.596610961130104 ], [ 5.993167070079439, 61.596371557038871 ], [ 5.990760909198656, 61.595879082247173 ], [ 5.986919847, 61.595429509355974 ], [ 5.986919847, 61.596634099133752 ], [ 5.986959364916832, 61.59664611418038 ], [ 5.986919847, 61.596654206096019 ], [ 5.986919847, 61.597465508474393 ], [ 5.9871917818633, 61.597520070612639 ], [ 5.987066529554276, 61.597616686287616 ], [ 5.987214813242844, 61.597716117038075 ], [ 5.986919847, 61.59770156159999 ], [ 5.986919847, 61.601299708423603 ], [ 5.987225879559716, 61.601200599523622 ] ], [ [ 5.987981602252904, 61.599966044734188 ], [ 5.98843318297232, 61.600085358159781 ], [ 5.988340602243891, 61.600145550751158 ], [ 5.98799587241258, 61.600131770833094 ], [ 5.987981602252904, 61.599966044734188 ] ] ] ] } },
{ "type": "Feature", "properties": { "fid": 270125, "navn": "Isvatnet", "hoyde_moh": 908, "arealInnsjo_km2": 0.6432, "magasinKategori": null, "fid_2": 186, "id": 186, "left": 5.986919847, "top": 61.946110046000001, "right": 6.486919847, "bottom": 61.446110046000001, "row_index": 25, "col_index": 4, "tile_id": 186 }, "geometry": { "type": "MultiPolygon", "coordinates": [ [ [ [ 6.168280608806848, 61.577311818839604 ], [ 6.168728575958208, 61.577117259847931 ], [ 6.17022769635866, 61.576947605944177 ], [ 6.171459911364274, 61.576486848247825 ], [ 6.172187635806305, 61.575958805367009 ], [ 6.17256325565488, 61.574826352581482 ], [ 6.173337281950167, 61.57422776629064 ], [ 6.174667596639567, 61.573993043964819 ], [ 6.174900200494816, 61.573582580260293 ], [ 6.173666391287464, 61.572823367633731 ], [ 6.171647949564628, 61.572625342340338 ], [ 6.170914290530627, 61.572292559831901 ], [ 6.1704028239746, 61.57223873602014 ], [ 6.169708660032252, 61.572272860837707 ], [ 6.169407148358138, 61.572475152045492 ], [ 6.168121996219038, 61.572411493531163 ], [ 6.16489251979688, 61.573066198531592 ], [ 6.163121648690041, 61.573013488833546 ], [ 6.161318870216744, 61.572500440131719 ], [ 6.16051297909772, 61.572423134613274 ], [ 6.160324473835093, 61.572064748821646 ], [ 6.161216014294776, 61.571819619430599 ], [ 6.161292595510544, 61.571626625342446 ], [ 6.160064677198794, 61.571181216940836 ], [ 6.159021198177528, 61.570285250744668 ], [ 6.158101518398239, 61.569942878085179 ], [ 6.157497845648044, 61.569889584850195 ], [ 6.157530217190367, 61.569723257362291 ], [ 6.156955175969383, 61.569714842603702 ], [ 6.15572311437819, 61.570049054919672 ], [ 6.154064640130871, 61.570181750530885 ], [ 6.153322502328521, 61.570489989199181 ], [ 6.152363353011297, 61.571604213982276 ], [ 6.151426769250017, 61.572107593629369 ], [ 6.15135732908083, 61.57276326934884 ], [ 6.150168566290544, 61.573703003228587 ], [ 6.150212055748447, 61.573965371705668 ], [ 6.149851201221678, 61.574121641865233 ], [ 6.150118128972786, 61.574397331722963 ], [ 6.151300312237484, 61.574768999952816 ], [ 6.151962546035281, 61.575478756453727 ], [ 6.154470160962859, 61.576483597921069 ], [ 6.157681375510879, 61.576549302761698 ], [ 6.158209302627927, 61.576251373098664 ], [ 6.160470142867408, 61.576238131027552 ], [ 6.161764525482613, 61.576727438745074 ], [ 6.163532605078768, 61.57697172619234 ], [ 6.164505708051856, 61.577310482990264 ], [ 6.168280608806848, 61.577311818839604 ] ], [ [ 6.170635059860925, 61.572655252345093 ], [ 6.169836595837121, 61.572643910001077 ], [ 6.170211712015572, 61.572506864568155 ], [ 6.171204329063292, 61.572627085288829 ], [ 6.170635059860925, 61.572655252345093 ] ], [ [ 6.168172373860367, 61.573092768716442 ], [ 6.167836544338008, 61.572855283968153 ], [ 6.168659216023973, 61.572657850094032 ], [ 6.169330224933469, 61.572842797483098 ], [ 6.169222257852105, 61.57313622096202 ], [ 6.168172373860367, 61.573092768716442 ] ] ] ] } },
{ "type": "Feature", "properties": { "fid": 270151, "navn": "Hornindalsvatnet", "hoyde_moh": 53, "arealInnsjo_km2": 50.7796, "magasinKategori": 2, "fid_2": 186, "id": 186, "left": 5.986919847, "top": 61.946110046000001, "right": 6.486919847, "bottom": 61.446110046000001, "row_index": 25, "col_index": 4, "tile_id": 186 }, "geometry": { "type": "MultiPolygon", "coordinates": [ [ [ [ 6.469343282093695, 61.945749869212364 ], [ 6.469063024429633, 61.945355724365989 ], [ 6.470567321769347, 61.945269668175591 ], [ 6.469734863682435, 61.945671489643345 ], [ 6.470538421964789, 61.945747872089036 ], [ 6.472098164702299, 61.945433111160597 ], [ 6.472711194637362, 61.945030608427075 ], [ 6.473115476740588, 61.944528740327861 ], [ 6.476227330034638, 61.943881874931058 ], [ 6.477806001992978, 61.943769575115013 ], [ 6.479151949195125, 61.944065495496112 ], [ 6.480595416027759, 61.943971660403008 ], [ 6.483515109572614, 61.943390263477681 ], [ 6.485207969454822, 61.942861718407883 ], [ 6.485533138116396, 61.942507732813247 ], [ 6.486648505971543, 61.942170131968659 ], [ 6.486919847, 61.942254659305085 ], [ 6.486919847, 61.940133928595898 ], [ 6.486760172313963, 61.940197129080808 ], [ 6.485696439228772, 61.940261993871296 ], [ 6.48529680104653, 61.940186990093707 ], [ 6.485634920550756, 61.939959004174014 ], [ 6.484773513656554, 61.940117386112057 ], [ 6.484751093501454, 61.93996351946911 ], [ 6.485040283516486, 61.939837539051773 ], [ 6.484865847692284, 61.939817558762037 ], [ 6.483183199101951, 61.940033474631377 ], [ 6.481353922804554, 61.940508782673284 ], [ 6.478650304702065, 61.940429107304503 ], [ 6.477132393042174, 61.940204027181117 ], [ 6.475928301680588, 61.939813943984738 ], [ 6.474248909161533, 61.938579289500794 ], [ 6.473697346561277, 61.9383667862107 ], [ 6.473849046421695, 61.93775623041337 ], [ 6.473347046326576, 61.936882542121985 ], [ 6.472220075768439, 61.936273753778352 ], [ 6.468961302964381, 61.935993866074575 ], [ 6.462671194758824, 61.936335801864999 ], [ 6.459902111460861, 61.936775743644077 ], [ 6.458228072491238, 61.936833360503286 ], [ 6.456673084800324, 61.936681780884143 ], [ 6.45594070261082, 61.936779210065573 ], [ 6.455602578843294, 61.936894759493264 ], [ 6.455627626496853, 61.937048982359663 ], [ 6.453656066403306, 61.937540244802832 ], [ 6.45327531314109, 61.937893676418042 ], [ 6.451268862897624, 61.938229979060246 ], [ 6.449255972757601, 61.938165503715055 ], [ 6.448623796475505, 61.937968176251779 ], [ 6.44719759402543, 61.937891566013285 ], [ 6.447220968643478, 61.938018226955172 ], [ 6.445227358030235, 61.938617570388693 ], [ 6.445456832515522, 61.938840226266436 ], [ 6.444534039592471, 61.939304090569436 ], [ 6.443153239010729, 61.939439669677263 ], [ 6.443492308314257, 61.939565302904803 ], [ 6.44254560604746, 61.939759374180376 ], [ 6.443133841717213, 61.940002399356864 ], [ 6.441888870627324, 61.939953243151692 ], [ 6.442166213125832, 61.940210787211527 ], [ 6.440031074728422, 61.940320281915554 ], [ 6.439616014693063, 61.940638927519672 ], [ 6.438709519388904, 61.940688158306813 ], [ 6.43877998436254, 61.940859864374218 ], [ 6.43791662890592, 61.941062736165016 ], [ 6.435308505529428, 61.94106423675376 ], [ 6.434868190533368, 61.941299537934079 ], [ 6.434685589937902, 61.941735344610343 ], [ 6.435637565959563, 61.942254381065901 ], [ 6.43539005915801, 61.942278632305381 ], [ 6.435637804712382, 61.942435694556053 ], [ 6.435519712340517, 61.942534804140337 ], [ 6.435655050164813, 61.942656644979643 ], [ 6.433239677780068, 61.942761506214374 ], [ 6.430915266229693, 61.942311050630835 ], [ 6.428093953770312, 61.941992018209646 ], [ 6.427862138117424, 61.941790229496426 ], [ 6.426862882037995, 61.941803038312536 ], [ 6.424349735457453, 61.94120865611746 ], [ 6.424565481398442, 61.941106101148975 ], [ 6.424442431469452, 61.941010853043913 ], [ 6.424905124131282, 61.941086290247377 ], [ 6.424999921127831, 61.940946884442184 ], [ 6.423349866396918, 61.940385442390408 ], [ 6.424143511661269, 61.940386239207683 ], [ 6.425250145400708, 61.940136370606481 ], [ 6.425207693486903, 61.939897665536542 ], [ 6.424359994852069, 61.939537748067508 ], [ 6.424453634688067, 61.939331151662643 ], [ 6.421273595524193, 61.939085047185252 ], [ 6.420708169757991, 61.938937659577711 ], [ 6.420519960585207, 61.938739222604795 ], [ 6.421699365142969, 61.93850316273813 ], [ 6.42293621531015, 61.938549649350797 ], [ 6.422994459056028, 61.938656373424656 ], [ 6.42268841240759, 61.938772504258615 ], [ 6.423261336554148, 61.938980245436348 ], [ 6.423831857803613, 61.938900569061616 ], [ 6.423799615009364, 61.938658347719524 ], [ 6.423367992408262, 61.938621709695937 ], [ 6.423198396552636, 61.938403486553163 ], [ 6.423745723629188, 61.938424886500208 ], [ 6.423371376143402, 61.938260854106325 ], [ 6.423737156481155, 61.938253616883941 ], [ 6.424294269300446, 61.937630097541117 ], [ 6.424096429815715, 61.937467738293947 ], [ 6.424470945715742, 61.937375229443042 ], [ 6.42431694030865, 61.93712149007267 ], [ 6.423630959446274, 61.936941442162563 ], [ 6.423293281827902, 61.936611685523346 ], [ 6.42325151236223, 61.9363210794344 ], [ 6.422454039050134, 61.936313167126841 ], [ 6.421486142383455, 61.935840989980498 ], [ 6.421610944344216, 61.935711418051739 ], [ 6.415665845696418, 61.936102024932424 ], [ 6.410440082437385, 61.936689321239676 ], [ 6.409192308806829, 61.936646457485537 ], [ 6.409259567389741, 61.936473802957437 ], [ 6.408889556986344, 61.936318490319117 ], [ 6.407089449432458, 61.935957073726307 ], [ 6.40601089636598, 61.936087326909735 ], [ 6.399875384067522, 61.935594527533205 ], [ 6.399430392225075, 61.935267527372062 ], [ 6.399570129976195, 61.934988769205702 ], [ 6.399397552118685, 61.934708619700217 ], [ 6.392878382261308, 61.933303241105605 ], [ 6.391054455345293, 61.932574585963231 ], [ 6.387748600918534, 61.931599460111016 ], [ 6.386372376479144, 61.931317379479275 ], [ 6.38554676409752, 61.931317771410413 ], [ 6.38127488063292, 61.9302491845459 ], [ 6.375765293401085, 61.929290576161634 ], [ 6.371116898366996, 61.929021539876778 ], [ 6.369260225203448, 61.92915262412432 ], [ 6.361359434447808, 61.929139128767559 ], [ 6.360941695080638, 61.929211301364809 ], [ 6.360975535498283, 61.929358530127395 ], [ 6.359219710915708, 61.929471730396912 ], [ 6.355029280486225, 61.929037111268322 ], [ 6.353558417351057, 61.928397168967081 ], [ 6.351835931611515, 61.928036538317869 ], [ 6.349515386596047, 61.926979347248484 ], [ 6.341884667409014, 61.924938440488503 ], [ 6.337018999361153, 61.924023100311899 ], [ 6.334545438148324, 61.923980631054654 ], [ 6.333848403447266, 61.923751871565017 ], [ 6.330407406785368, 61.923391955191462 ], [ 6.329039245189637, 61.922984997224127 ], [ 6.327231170771673, 61.922919276615175 ], [ 6.323897286319546, 61.921920447760385 ], [ 6.319454088363313, 61.921143549703899 ], [ 6.316991816593659, 61.92036693160766 ], [ 6.314392572118094, 61.919806349010727 ], [ 6.309519703711692, 61.918404678911521 ], [ 6.304535711619893, 61.916459967441284 ], [ 6.301536993170611, 61.91581786343896 ], [ 6.300694517925992, 61.915459944027305 ], [ 6.299100738668121, 61.915243659691669 ], [ 6.298996900130958, 61.915037463786064 ], [ 6.296212868727931, 61.913985872414528 ], [ 6.288800051560839, 61.911576716447115 ], [ 6.286007701221022, 61.910888387907526 ], [ 6.281080093870909, 61.909296230679722 ], [ 6.280137777198286, 61.909170780465679 ], [ 6.279702959644572, 61.908919318966383 ], [ 6.26922311584119, 61.906562059074574 ], [ 6.267500254408836, 61.90569027293666 ], [ 6.264063438119694, 61.904925834294424 ], [ 6.262933390639173, 61.904535708473652 ], [ 6.258916816796834, 61.903856849430682 ], [ 6.257703001284399, 61.903498543267588 ], [ 6.254855068576003, 61.903129793973335 ], [ 6.245032823668795, 61.90245286131298 ], [ 6.239020484606062, 61.902410188240651 ], [ 6.236413271709528, 61.90253095205648 ], [ 6.23359475838562, 61.902880092830877 ], [ 6.231315297185495, 61.902885799445698 ], [ 6.229587959626384, 61.902783239012592 ], [ 6.226491513319929, 61.902169402192939 ], [ 6.219311315455728, 61.902182238427031 ], [ 6.217481260757718, 61.902579217619135 ], [ 6.214466981079929, 61.902846351303396 ], [ 6.211933752591993, 61.903477713683429 ], [ 6.209635185482147, 61.904248562422609 ], [ 6.206022052679698, 61.906070552291979 ], [ 6.205832178352617, 61.90626454105815 ], [ 6.205834076614306, 61.906875070287079 ], [ 6.205269448421293, 61.907213917670504 ], [ 6.20498169493121, 61.907657335292129 ], [ 6.202792611424417, 61.908268598129162 ], [ 6.200569215817503, 61.908421008427901 ], [ 6.193186672713829, 61.90708489746865 ], [ 6.190611823489838, 61.906915558759671 ], [ 6.187230557659085, 61.90702616196711 ], [ 6.183479297575879, 61.906598981316087 ], [ 6.180152567176813, 61.906530837639437 ], [ 6.178052195638313, 61.90617346746847 ], [ 6.172291131880525, 61.906064219732741 ], [ 6.164565001226801, 61.905375265059043 ], [ 6.163241815658552, 61.905473856446676 ], [ 6.162609925293546, 61.90571222448812 ], [ 6.159727054157724, 61.90578750904973 ], [ 6.156018528168238, 61.905522268772678 ], [ 6.153578587345862, 61.905543768570794 ], [ 6.151606012673374, 61.905251272902994 ], [ 6.148642753904063, 61.905369554616449 ], [ 6.146892306174075, 61.905144789774859 ], [ 6.142128510949979, 61.904964945929109 ], [ 6.13647616166113, 61.904919326587866 ], [ 6.136136988195975, 61.905082946321549 ], [ 6.135948780268679, 61.90546539474996 ], [ 6.136044450163122, 61.905664911023131 ], [ 6.136717689807247, 61.906002305866011 ], [ 6.136899993348804, 61.906293748431615 ], [ 6.136854934874917, 61.906571072635465 ], [ 6.135987372654153, 61.906885315078448 ], [ 6.13346708316745, 61.906338941714175 ], [ 6.13262504046652, 61.905979908389376 ], [ 6.131280857737312, 61.905889125683387 ], [ 6.130099202807379, 61.905289501774092 ], [ 6.125902519171817, 61.904950337917661 ], [ 6.124331509761224, 61.905249899332098 ], [ 6.122726589643434, 61.90611470646266 ], [ 6.119687430872491, 61.907246240243445 ], [ 6.119016991678121, 61.908066107045919 ], [ 6.119031518607171, 61.908715949551237 ], [ 6.118559651996269, 61.909157939711399 ], [ 6.116769898547415, 61.909710991523674 ], [ 6.116008069765082, 61.91020913326237 ], [ 6.115596258868405, 61.910834147494285 ], [ 6.115314935236659, 61.910990008064942 ], [ 6.113176783107748, 61.911645806420637 ], [ 6.113114861708419, 61.912300353467742 ], [ 6.112463287636864, 61.912744829404552 ], [ 6.112069862739929, 61.914290528416792 ], [ 6.109693843390225, 61.915237915058789 ], [ 6.108877580708275, 61.915236135317166 ], [ 6.108597221292765, 61.91602423813783 ], [ 6.112987795879794, 61.916474814000537 ], [ 6.113504673255491, 61.916449686022382 ], [ 6.113890450963487, 61.916197138055665 ], [ 6.11522208911752, 61.916422732203955 ], [ 6.116119110552062, 61.917214099452096 ], [ 6.116507222768766, 61.918147614232922 ], [ 6.116409694431582, 61.918576706886469 ], [ 6.116708422621775, 61.919247650120745 ], [ 6.117028850805209, 61.919487913838836 ], [ 6.117610359704414, 61.919534299690227 ], [ 6.118705226127853, 61.919226877715957 ], [ 6.11999723076268, 61.919132893444761 ], [ 6.120993831125316, 61.918613916272015 ], [ 6.120988778937736, 61.918246301168125 ], [ 6.120482473295947, 61.917858857303713 ], [ 6.12057923617027, 61.917603959274317 ], [ 6.122666699544733, 61.91728834614775 ], [ 6.123245030028734, 61.917012947489347 ], [ 6.123088373110305, 61.916856994974587 ], [ 6.123107913869764, 61.916039825133197 ], [ 6.122883242720027, 61.915999200902291 ], [ 6.122555704180564, 61.915633048506102 ], [ 6.122548609821462, 61.915300548273642 ], [ 6.123021334631736, 61.914933157424841 ], [ 6.12387161740872, 61.914807283979655 ], [ 6.123264244023864, 61.914174783669644 ], [ 6.123785276098634, 61.913700362498673 ], [ 6.123881808458557, 61.912876085538549 ], [ 6.124210580584978, 61.912273041906829 ], [ 6.12518054189693, 61.911762169019696 ], [ 6.125928852955364, 61.911563147660345 ], [ 6.126136549806109, 61.911212336715174 ], [ 6.12625950888834, 61.911432432655488 ], [ 6.127691181081646, 61.911914835420014 ], [ 6.128423577053925, 61.912544676912056 ], [ 6.129454638011204, 61.912984777248731 ], [ 6.130615617697059, 61.913975186146651 ], [ 6.135463097944569, 61.915829096281712 ], [ 6.147639053240839, 61.918250380002348 ], [ 6.148590371228022, 61.918402555531294 ], [ 6.14877158078777, 61.918298436140354 ], [ 6.150688170396752, 61.918383250978039 ], [ 6.151295004723555, 61.918620369593754 ], [ 6.150825878199026, 61.918745521231429 ], [ 6.151115381571892, 61.918998691570039 ], [ 6.156503147426672, 61.919335527106377 ], [ 6.162342230197725, 61.920224482696881 ], [ 6.171757395508191, 61.920120719260282 ], [ 6.176389784399444, 61.920269327365865 ], [ 6.177920544443727, 61.920408453248491 ], [ 6.179586607531023, 61.921015722605922 ], [ 6.181124288947582, 61.921251317349395 ], [ 6.185013627184341, 61.921458578335653 ], [ 6.18982527444139, 61.921289888087657 ], [ 6.191953748831121, 61.920640802359294 ], [ 6.195848113570715, 61.919822702670061 ], [ 6.197129488099615, 61.919354736950304 ], [ 6.206805877494181, 61.919389736777326 ], [ 6.213651590794841, 61.918917698568478 ], [ 6.215688028008379, 61.9178989185719 ], [ 6.216340568238718, 61.916798315512168 ], [ 6.216567296226677, 61.915664200232932 ], [ 6.21801631348413, 61.915792563999723 ], [ 6.225310328848595, 61.917535445038503 ], [ 6.232699785913286, 61.919031282338644 ], [ 6.237157205644994, 61.920190641993109 ], [ 6.243383678295669, 61.922250751445397 ], [ 6.247326985327931, 61.924220298769455 ], [ 6.249547813453823, 61.925530538196639 ], [ 6.24958286898494, 61.926144054442481 ], [ 6.250039361186903, 61.926468021668015 ], [ 6.250322319004701, 61.926989064973291 ], [ 6.251048929302935, 61.92767448921277 ], [ 6.252372733766067, 61.928221743376454 ], [ 6.252428812802999, 61.928422401838574 ], [ 6.253110816160734, 61.928825661901179 ], [ 6.254164591761331, 61.929139121745585 ], [ 6.255845153122798, 61.929935322615883 ], [ 6.258003431222477, 61.931105763282865 ], [ 6.257864802685753, 61.931167016316088 ], [ 6.258002459011143, 61.931247651968199 ], [ 6.259073573040381, 61.931645846895158 ], [ 6.261900275205361, 61.933240249718978 ], [ 6.265645329465086, 61.934323822646967 ], [ 6.266207961983662, 61.934314493328365 ], [ 6.265563270480382, 61.934587028547703 ], [ 6.266605318696084, 61.934494382234199 ], [ 6.266556820674833, 61.934632962628761 ], [ 6.268527076568974, 61.935310773537445 ], [ 6.268432588958731, 61.935555928623643 ], [ 6.275394450311475, 61.93744128044186 ], [ 6.278483645170073, 61.93809869513904 ], [ 6.283358434020167, 61.9388037211191 ], [ 6.285477093378317, 61.938885891580703 ], [ 6.285439275881546, 61.939079729219742 ], [ 6.285970292104161, 61.939218828496763 ], [ 6.286734979011004, 61.939251469521146 ], [ 6.286944071842139, 61.939329484499197 ], [ 6.28686059082601, 61.939433221958865 ], [ 6.287346819874945, 61.93936960064395 ], [ 6.287809080484819, 61.939628005076237 ], [ 6.294307872654328, 61.941048201401856 ], [ 6.294218948025732, 61.941098107430349 ], [ 6.298854188106971, 61.942081929202139 ], [ 6.30195924718632, 61.942514350986926 ], [ 6.306671245100027, 61.942763609528136 ], [ 6.309952983673773, 61.94267463768184 ], [ 6.312605279073945, 61.942849364406257 ], [ 6.314931316060183, 61.942410900136252 ], [ 6.315656470144323, 61.942134218035207 ], [ 6.315678575151262, 61.941977871706342 ], [ 6.320150190108254, 61.942043351525008 ], [ 6.330558849492571, 61.943175566199344 ], [ 6.334428473125159, 61.943853811654371 ], [ 6.336326879879087, 61.944447304144717 ], [ 6.339609635846514, 61.9445858030059 ], [ 6.340524061768666, 61.944889346565851 ], [ 6.342649669760906, 61.944931742384689 ], [ 6.354059844945074, 61.946110046 ], [ 6.468367094411565, 61.946110046 ], [ 6.469343282093695, 61.945749869212364 ] ], [ [ 6.410360709819676, 61.939644842226329 ], [ 6.410015215301529, 61.939541662504304 ], [ 6.412085925583281, 61.939547924156287 ], [ 6.410360709819676, 61.939644842226329 ] ], [ [ 6.415594251939424, 61.939733725184496 ], [ 6.416158806736713, 61.939768882882134 ], [ 6.415495301360787, 61.939840886673018 ], [ 6.414778527622746, 61.93959201354091 ], [ 6.415594251939424, 61.939733725184496 ] ], [ [ 6.417614886668138, 61.93996323075617 ], [ 6.418188613810287, 61.940174205948516 ], [ 6.41740922782737, 61.94019622044614 ], [ 6.417192806581042, 61.940071167267753 ], [ 6.417614886668138, 61.93996323075617 ] ], [ [ 6.419884420453871, 61.940484562397046 ], [ 6.420161117792065, 61.940311581588951 ], [ 6.419768546861652, 61.939996259304422 ], [ 6.42045694618411, 61.939964369501602 ], [ 6.420892447484161, 61.940346971538219 ], [ 6.421761346694471, 61.940496766829 ], [ 6.42177606828828, 61.940608892332847 ], [ 6.419884420453871, 61.940484562397046 ] ], [ [ 6.42271646549445, 61.940839587871729 ], [ 6.422705248576722, 61.940656679215635 ], [ 6.423460822655572, 61.940919863549766 ], [ 6.42271646549445, 61.940839587871729 ] ], [ [ 6.419679448269505, 61.940935667202965 ], [ 6.419509822961409, 61.94076576628148 ], [ 6.419790021622757, 61.940604839543944 ], [ 6.421007198759466, 61.940691389052951 ], [ 6.421983784921328, 61.94090394369524 ], [ 6.422233210083354, 61.94106701096856 ], [ 6.422056030278345, 61.941165386522648 ], [ 6.419679448269505, 61.940935667202965 ] ], [ [ 6.467433151739574, 61.942918725402819 ], [ 6.467445139735467, 61.942681637193857 ], [ 6.466364290765788, 61.942041446101484 ], [ 6.466059945356731, 61.941547692212538 ], [ 6.466112633875256, 61.941029419219689 ], [ 6.466640481226809, 61.940430585008109 ], [ 6.469155656083567, 61.939472254743528 ], [ 6.470908323141113, 61.939457248057941 ], [ 6.471142893978321, 61.939583247493076 ], [ 6.471014968408332, 61.939732172182275 ], [ 6.471125932893599, 61.939908455922023 ], [ 6.471363305078789, 61.939984226256087 ], [ 6.473222792236034, 61.939398471209991 ], [ 6.474431132647531, 61.939491937633179 ], [ 6.47329723125964, 61.939880313930402 ], [ 6.472892941124102, 61.940174243490723 ], [ 6.472021625404306, 61.940149828919388 ], [ 6.470872647884042, 61.940904251938349 ], [ 6.469413049493791, 61.942589194873385 ], [ 6.46770194947475, 61.943075137845291 ], [ 6.467433151739574, 61.942918725402819 ] ], [ [ 6.463978491427404, 61.94382267198047 ], [ 6.463631296427243, 61.943530472777191 ], [ 6.463779062413655, 61.943348013694433 ], [ 6.46470199583403, 61.943335139559963 ], [ 6.465175126931736, 61.943379289538107 ], [ 6.465370934896157, 61.943585892990193 ], [ 6.465340673662504, 61.943727628571345 ], [ 6.463978491427404, 61.94382267198047 ] ] ] ] } },
{ "type": "Feature", "properties": { "fid": 270193, "navn": "Veslevatnet", "hoyde_moh": 478, "arealInnsjo_km2": 0.6697, "magasinKategori": null, "fid_2": 186, "id": 186, "left": 5.986919847, "top": 61.946110046000001, "right": 6.486919847, "bottom": 61.446110046000001, "row_index": 25, "col_index": 4, "tile_id": 186 }, "geometry": { "type": "MultiPolygon", "coordinates": [ [ [ [ 6.060388862933928, 61.665299191826684 ], [ 6.06148027529881, 61.664851880324356 ], [ 6.060782367800258, 61.664296120771091 ], [ 6.061164941421943, 61.664105382695361 ], [ 6.0634040067352, 61.664473244121879 ], [ 6.064937211050164, 61.664155837745966 ], [ 6.065248905685526, 61.663947231475966 ], [ 6.066803941712012, 61.663934823680854 ], [ 6.067655074192475, 61.663437864306751 ], [ 6.067888019832648, 61.662924198963999 ], [ 6.06759256202854, 61.662651166768327 ], [ 6.06644441923028, 61.662293943845711 ], [ 6.065868541196363, 61.661690475164193 ], [ 6.065138989480494, 61.661372070366944 ], [ 6.065452386668696, 61.6611176647897 ], [ 6.064621152439282, 61.66045048365595 ], [ 6.064313490949127, 61.660029502396839 ], [ 6.06433910987039, 61.659827203048678 ], [ 6.063444070388589, 61.659348049912751 ], [ 6.062228250271543, 61.659087373887658 ], [ 6.061046777985116, 61.65859585877844 ], [ 6.0582542295313, 61.658314141192385 ], [ 6.056205009034403, 61.657714557943855 ], [ 6.052891634361758, 61.65748401213559 ], [ 6.052499524487171, 61.657350806208541 ], [ 6.052277614838631, 61.657083662363867 ], [ 6.051988451991643, 61.65706162700917 ], [ 6.05161278528485, 61.657436807246377 ], [ 6.049881499489612, 61.65754487235759 ], [ 6.049559325058421, 61.657813399647139 ], [ 6.049573961386967, 61.658132233529912 ], [ 6.049740381569451, 61.658246687673206 ], [ 6.049668077857173, 61.658456215268892 ], [ 6.048814295224781, 61.658325378974489 ], [ 6.048092354617062, 61.658515584537135 ], [ 6.047804309613277, 61.658792143020499 ], [ 6.045751078718924, 61.658505933031819 ], [ 6.045128599312578, 61.658664631244591 ], [ 6.045166187456582, 61.658845974604276 ], [ 6.045760594134583, 61.659032489408219 ], [ 6.045423438547786, 61.659268116976079 ], [ 6.045637287503367, 61.659866442379048 ], [ 6.047778119211575, 61.661135443961342 ], [ 6.048696797274346, 61.662010148156398 ], [ 6.050400424716607, 61.662941992125113 ], [ 6.051825483564024, 61.663244304250888 ], [ 6.052586239545799, 61.663835620824599 ], [ 6.052504268534811, 61.664026798467013 ], [ 6.052639534354838, 61.664300433624149 ], [ 6.053213481782632, 61.664665237338248 ], [ 6.05464839872687, 61.665111507181031 ], [ 6.056114308927462, 61.665349124876528 ], [ 6.060388862933928, 61.665299191826684 ] ], [ [ 6.051220502660621, 61.659230590019042 ], [ 6.051718348282738, 61.65925155380917 ], [ 6.051623592480193, 61.659371843123637 ], [ 6.051220502660621, 61.659230590019042 ] ] ] ] } },
{ "type": "Feature", "properties": { "fid": 270446, "navn": "Breimsvatnet", "hoyde_moh": 61, "arealInnsjo_km2": 22.6931, "magasinKategori": 1, "fid_2": 186, "id": 186, "left": 5.986919847, "top": 61.946110046000001, "right": 6.486919847, "bottom": 61.446110046000001, "row_index": 25, "col_index": 4, "tile_id": 186 }, "geometry": { "type": "MultiPolygon", "coordinates": [ [ [ [ 6.284646453150799, 61.754169009289761 ], [ 6.285544567500198, 61.753757212315378 ], [ 6.286000599033194, 61.753235713588424 ], [ 6.286703227616607, 61.752890366161779 ], [ 6.293550878095673, 61.751191905319423 ], [ 6.294438370469146, 61.751112044881936 ], [ 6.296332261921209, 61.750199985441967 ], [ 6.299017762241729, 61.749296574512044 ], [ 6.300616153655073, 61.748897370802069 ], [ 6.301805253374423, 61.748796712913034 ], [ 6.302251120450655, 61.7488037845512 ], [ 6.303775387220177, 61.749408091310393 ], [ 6.304578866733903, 61.749510183061645 ], [ 6.30740666081878, 61.750451291524236 ], [ 6.308232616910419, 61.751047999580571 ], [ 6.308607136027711, 61.751656542267391 ], [ 6.308872369536271, 61.751710514507423 ], [ 6.308711577526816, 61.751874620950481 ], [ 6.309088060790939, 61.752251546821874 ], [ 6.31069728453278, 61.752753039585507 ], [ 6.310388143963525, 61.753028745814696 ], [ 6.310581719819096, 61.75320083209116 ], [ 6.3117709761495, 61.753080575840102 ], [ 6.31137133943164, 61.753327290762023 ], [ 6.3117512030326, 61.753428052294382 ], [ 6.31166305837569, 61.753493440649535 ], [ 6.311891215304594, 61.753654540465192 ], [ 6.313219816136257, 61.753753126798252 ], [ 6.314426958818403, 61.754362088709279 ], [ 6.316143444460543, 61.754417896326551 ], [ 6.316563280544108, 61.754625722518433 ], [ 6.316494634639154, 61.754828598930231 ], [ 6.316681126998482, 61.755070783028678 ], [ 6.317902301957218, 61.755282810611781 ], [ 6.318127327777965, 61.755258308621116 ], [ 6.318373908206015, 61.754679644176314 ], [ 6.318846775523824, 61.754654318284921 ], [ 6.3188709005694, 61.754487361503529 ], [ 6.319508015213357, 61.754456874445623 ], [ 6.319769414934989, 61.754675640467482 ], [ 6.320195407690303, 61.754669727665302 ], [ 6.321574692516509, 61.755217404365681 ], [ 6.322683732322373, 61.754782596729768 ], [ 6.322932118188609, 61.754476795277114 ], [ 6.327766090901356, 61.753687495601945 ], [ 6.32861663322261, 61.753790897796108 ], [ 6.329688808402877, 61.753603946027653 ], [ 6.330821460042599, 61.753107342550749 ], [ 6.333135606671553, 61.752531357003683 ], [ 6.336823528950148, 61.752318651677506 ], [ 6.337583974720237, 61.751962020672011 ], [ 6.337547121353083, 61.751798684734659 ], [ 6.340015343358331, 61.751009427890892 ], [ 6.346648061512894, 61.749883171898915 ], [ 6.348053430846931, 61.750065708785662 ], [ 6.349478465319424, 61.749456100421419 ], [ 6.352287067697286, 61.749666210492009 ], [ 6.352692647822534, 61.749868403848566 ], [ 6.354298934151593, 61.749596932597719 ], [ 6.356654037567571, 61.749698926766335 ], [ 6.358042797723232, 61.749414057028581 ], [ 6.359123740107246, 61.749558451216551 ], [ 6.362262889662142, 61.749444319052131 ], [ 6.363579445873413, 61.749118589160908 ], [ 6.363978030698373, 61.749189129009693 ], [ 6.365261815487426, 61.748936197059209 ], [ 6.370837811944166, 61.747647584574366 ], [ 6.372058624736703, 61.747207938833711 ], [ 6.373401300255184, 61.746995616794159 ], [ 6.373738232611733, 61.746389112120795 ], [ 6.374568068082932, 61.746138327134801 ], [ 6.374575736034775, 61.745940069068929 ], [ 6.375430355404848, 61.745638453684364 ], [ 6.375977718855757, 61.745230287243956 ], [ 6.37685154138403, 61.744042763917328 ], [ 6.376778672927149, 61.743769845700932 ], [ 6.377187266250096, 61.743395527143839 ], [ 6.378244542806122, 61.742938886031773 ], [ 6.380352228370954, 61.741539495651168 ], [ 6.382968470211092, 61.740548524175807 ], [ 6.386270097287976, 61.739975501415415 ], [ 6.390152071203854, 61.738819854584996 ], [ 6.394616750823563, 61.737980261405724 ], [ 6.395479671294139, 61.73762648894062 ], [ 6.40300849107993, 61.73709553450167 ], [ 6.405270265094315, 61.736722446984622 ], [ 6.406386363434887, 61.736279718669394 ], [ 6.406448257789937, 61.735612627178455 ], [ 6.4061152893808, 61.734251326841878 ], [ 6.406269500274336, 61.733680126241723 ], [ 6.406062378641794, 61.733533176062075 ], [ 6.406707683736937, 61.733448259387522 ], [ 6.407060921369977, 61.732514557680553 ], [ 6.406996928867389, 61.732355054084721 ], [ 6.406676046622947, 61.732280958854133 ], [ 6.407466103062881, 61.731933906299872 ], [ 6.407548595808513, 61.731681301774429 ], [ 6.405873397989049, 61.73150553922072 ], [ 6.405780920396693, 61.731749563554821 ], [ 6.40634253242018, 61.732189443939077 ], [ 6.406380503454066, 61.732309997470786 ], [ 6.406231068859999, 61.732330102578416 ], [ 6.405621483824196, 61.73177138507549 ], [ 6.405626145886755, 61.731328592556203 ], [ 6.405996159780796, 61.731068757865586 ], [ 6.406689181357168, 61.731366076558302 ], [ 6.407264533148461, 61.731217394147379 ], [ 6.406458679597634, 61.731214940431059 ], [ 6.406286233992884, 61.730769368165582 ], [ 6.405928281403476, 61.730667275205192 ], [ 6.405643537888369, 61.73025137727506 ], [ 6.406730303230043, 61.729944202774277 ], [ 6.408188978402931, 61.729829781137077 ], [ 6.408177375600095, 61.729712970408841 ], [ 6.40678783581504, 61.72828325911113 ], [ 6.405864128434617, 61.728064506441022 ], [ 6.405424156861738, 61.727748561126191 ], [ 6.404976452047856, 61.727080185437551 ], [ 6.404441458859994, 61.726624541344144 ], [ 6.404398436831019, 61.725870608537392 ], [ 6.404065854960256, 61.725564329719255 ], [ 6.40428045027264, 61.725191796288193 ], [ 6.403744207232629, 61.72478078396594 ], [ 6.404297164347087, 61.724243985869521 ], [ 6.40370773099111, 61.724013081333304 ], [ 6.404062636539425, 61.723776962345667 ], [ 6.403769741468865, 61.723534254059103 ], [ 6.403896659412934, 61.723307221938065 ], [ 6.403603291614847, 61.72314424797802 ], [ 6.40360961345587, 61.722660999906225 ], [ 6.402601226183167, 61.722178151190022 ], [ 6.402517242563802, 61.722011328460923 ], [ 6.403424980198032, 61.721168765522826 ], [ 6.40286230799936, 61.720835931966548 ], [ 6.403209116911181, 61.720610235612931 ], [ 6.40306030727712, 61.720310772933303 ], [ 6.403216952613632, 61.720072069843475 ], [ 6.404065091868133, 61.719461331691342 ], [ 6.405370894404134, 61.717816089310503 ], [ 6.404465188304527, 61.716157357389839 ], [ 6.404888553399513, 61.715412109528231 ], [ 6.406727471161189, 61.713361520554805 ], [ 6.406950742135877, 61.712427393266978 ], [ 6.406677029198645, 61.711711288426436 ], [ 6.407014200392392, 61.711145417445806 ], [ 6.406963367837381, 61.710687921344643 ], [ 6.407201463277364, 61.710587422636451 ], [ 6.407497473625079, 61.71004677455695 ], [ 6.408028145820562, 61.709771529710963 ], [ 6.408001591903552, 61.709308160626222 ], [ 6.408246191842546, 61.708916205600495 ], [ 6.408257571705731, 61.708582963174912 ], [ 6.407610434036589, 61.707885372535287 ], [ 6.407825690596935, 61.707612340650869 ], [ 6.40756277675896, 61.707349307197951 ], [ 6.407665083825121, 61.706995159185965 ], [ 6.407540305424881, 61.706715917853558 ], [ 6.407740562901861, 61.706471929727648 ], [ 6.407617499366043, 61.705653598868345 ], [ 6.408429934224457, 61.704742683930654 ], [ 6.408346142702716, 61.704389158612209 ], [ 6.408558671618058, 61.703694552012962 ], [ 6.408997735796152, 61.703341076486041 ], [ 6.408766220549715, 61.702593946355755 ], [ 6.407648814243024, 61.701421217868109 ], [ 6.407206705386148, 61.700664664678584 ], [ 6.406769860403998, 61.699299416345958 ], [ 6.406753087128118, 61.698805951302006 ], [ 6.405571422667109, 61.697771592449953 ], [ 6.405331825851911, 61.697006867910687 ], [ 6.405519861541623, 61.696269345882584 ], [ 6.405355487207234, 61.695712081983764 ], [ 6.404554097812808, 61.694830914248428 ], [ 6.404222946592331, 61.694132395314888 ], [ 6.403813802411427, 61.693691183002265 ], [ 6.404204129011853, 61.693101316208597 ], [ 6.404421516967442, 61.691652199443652 ], [ 6.403375987380015, 61.690999939734837 ], [ 6.402785583989985, 61.690030918032704 ], [ 6.402029984635874, 61.68922461692754 ], [ 6.40205261282108, 61.688683775646588 ], [ 6.402546683927402, 61.688170122040511 ], [ 6.402348105505781, 61.687784760899497 ], [ 6.402368891763536, 61.686680394004298 ], [ 6.402206151122598, 61.686325301529649 ], [ 6.40250698229431, 61.68613872366079 ], [ 6.402666115594372, 61.685745898292978 ], [ 6.403884000662493, 61.684343960291024 ], [ 6.403872594136605, 61.683424189499632 ], [ 6.403279365756711, 61.682560676673248 ], [ 6.401977126415731, 61.681311046117187 ], [ 6.401710434088515, 61.680911076734652 ], [ 6.401635801895121, 61.680388204456499 ], [ 6.402593054178869, 61.679263115289565 ], [ 6.402639479271068, 61.67878041946134 ], [ 6.403059645797774, 61.678174295127143 ], [ 6.402790243962198, 61.676953930636969 ], [ 6.403069867765391, 61.675518423870621 ], [ 6.404810240679266, 61.674082513552115 ], [ 6.40500383140108, 61.673893492053352 ], [ 6.404986520916781, 61.673655906152987 ], [ 6.40548783768458, 61.673178395936709 ], [ 6.405101210323894, 61.673039860980346 ], [ 6.405507403757014, 61.672775122806911 ], [ 6.405380386600579, 61.672587871940614 ], [ 6.405637740691291, 61.67227966776899 ], [ 6.405089845860289, 61.671182080393812 ], [ 6.404868224343314, 61.66958516519626 ], [ 6.405511002943595, 61.669129611229799 ], [ 6.407129786964947, 61.668698904120447 ], [ 6.411483441399652, 61.666819375005488 ], [ 6.416872430178048, 61.665232751281195 ], [ 6.419493308272149, 61.663980131516411 ], [ 6.424865714213857, 61.660716563075582 ], [ 6.430698159337375, 61.658491725491984 ], [ 6.434071292813966, 61.656245633277287 ], [ 6.435698584566622, 61.654656437088143 ], [ 6.435861492094644, 61.654322101186594 ], [ 6.438596280815283, 61.651821713768598 ], [ 6.439453384864934, 61.650464612112884 ], [ 6.439742706398492, 61.649354373882787 ], [ 6.440560270717708, 61.648108773602189 ], [ 6.441533996878515, 61.647002538553856 ], [ 6.442974762297773, 61.645987229344648 ], [ 6.443371212400308, 61.644941729426023 ], [ 6.443752715714042, 61.644821684671783 ], [ 6.444340920589982, 61.64403268600087 ], [ 6.445271664127246, 61.643511126550173 ], [ 6.445140246370382, 61.643041731562178 ], [ 6.445317220265638, 61.642730588923442 ], [ 6.445839956979175, 61.642345110463836 ], [ 6.44625901051158, 61.641382959034665 ], [ 6.447443981105421, 61.639833130443449 ], [ 6.447443793965218, 61.639608566513779 ], [ 6.446818894360347, 61.638941270248161 ], [ 6.446408478586886, 61.638197149117893 ], [ 6.446549805512493, 61.637858380470178 ], [ 6.44639631871397, 61.637658035708348 ], [ 6.44635722519478, 61.63675917091421 ], [ 6.446549755198294, 61.636026098938693 ], [ 6.446398647096291, 61.635798805594661 ], [ 6.44659051475251, 61.635532862138149 ], [ 6.446453834933609, 61.634901542555973 ], [ 6.446596857970525, 61.634769549103602 ], [ 6.446463289663013, 61.634560431902592 ], [ 6.446784602524825, 61.633865910715244 ], [ 6.447019764813715, 61.632388342505912 ], [ 6.447434675766027, 61.632162549132403 ], [ 6.447541151278563, 61.631787172536946 ], [ 6.447999722637089, 61.631490330544487 ], [ 6.448628608500173, 61.630729726402087 ], [ 6.449565930248993, 61.629202249480983 ], [ 6.449838321147743, 61.628416940532972 ], [ 6.449836891692316, 61.627518737283886 ], [ 6.449985587649641, 61.627090288039916 ], [ 6.449367172637444, 61.626575784674138 ], [ 6.449932016631967, 61.625903733071574 ], [ 6.450130397129758, 61.625099133071998 ], [ 6.448058412487983, 61.624135223208995 ], [ 6.447180691545751, 61.62287932477885 ], [ 6.447460357277876, 61.62200433373949 ], [ 6.448376975133953, 61.621644213901213 ], [ 6.448276417375481, 61.6213560629066 ], [ 6.446550478113294, 61.621293058358667 ], [ 6.445188626478991, 61.621005023696405 ], [ 6.444424499273667, 61.621199496995487 ], [ 6.44309987849301, 61.621260731986887 ], [ 6.441902552174807, 61.621247689302166 ], [ 6.441126013565913, 61.621071924599761 ], [ 6.440042737038969, 61.621179595492656 ], [ 6.43956201337199, 61.62158430617167 ], [ 6.439346542103867, 61.622008177723984 ], [ 6.439544850685268, 61.622600130561203 ], [ 6.439138552840102, 61.623129397695465 ], [ 6.438434897449954, 61.623638109800751 ], [ 6.438591840998309, 61.623847448272976 ], [ 6.438514176181024, 61.624121754282719 ], [ 6.439064517262348, 61.624629135259006 ], [ 6.439074897502691, 61.624833929930908 ], [ 6.438775712205019, 61.625313676363135 ], [ 6.438184096709983, 61.625609866664838 ], [ 6.437130545760538, 61.626700988691958 ], [ 6.436410785060444, 61.627138947088262 ], [ 6.436039209716202, 61.628098645089366 ], [ 6.436172018667592, 61.628580790413082 ], [ 6.43602915000096, 61.628999845612071 ], [ 6.436200775148407, 61.629224655182988 ], [ 6.435982274503703, 61.630078929197829 ], [ 6.435223003690978, 61.630831536552158 ], [ 6.43433987664244, 61.632163644579478 ], [ 6.433571820909152, 61.63282545496169 ], [ 6.432670322056471, 61.635786107554999 ], [ 6.432145459578553, 61.636517632801976 ], [ 6.431686147189189, 61.636868040154582 ], [ 6.431481394599505, 61.637763560334214 ], [ 6.43007899423564, 61.639184123577095 ], [ 6.42994379482796, 61.639654156854498 ], [ 6.430030413668003, 61.640047042628581 ], [ 6.429762323574737, 61.640177094257005 ], [ 6.430007155598316, 61.640299399790578 ], [ 6.42995311640085, 61.640773198695264 ], [ 6.428836148615551, 61.642260272509667 ], [ 6.428595988832195, 61.64317469763013 ], [ 6.427944289974948, 61.643826312810653 ], [ 6.427899792464561, 61.644064865056649 ], [ 6.427631341330909, 61.644191278587925 ], [ 6.427426224631702, 61.644625104707487 ], [ 6.426182282776912, 61.6453987736298 ], [ 6.425678266097947, 61.646012821447798 ], [ 6.42354534175201, 61.647729321997012 ], [ 6.422264413271751, 61.649277018402863 ], [ 6.420044217533617, 61.650986799787951 ], [ 6.420326672913757, 61.651450055270907 ], [ 6.420290823562513, 61.651656003301547 ], [ 6.417727209225023, 61.653404055160941 ], [ 6.416885642364054, 61.654663587656643 ], [ 6.413492251223508, 61.656162334159603 ], [ 6.411696466921858, 61.657305091410322 ], [ 6.411228192960295, 61.657709268567061 ], [ 6.411124157045395, 61.658048754167424 ], [ 6.409987098570838, 61.658090068909615 ], [ 6.40798123427358, 61.658736502467548 ], [ 6.40650981137278, 61.65889576028016 ], [ 6.402143353683839, 61.660318278933289 ], [ 6.398891409421703, 61.660580062591428 ], [ 6.397098357260857, 61.661294835335582 ], [ 6.396262652964522, 61.662081763004103 ], [ 6.395297340739162, 61.662412786398875 ], [ 6.394853482578128, 61.663215665217855 ], [ 6.394091953916204, 61.663857507257049 ], [ 6.390039643203303, 61.66576986928785 ], [ 6.389098799296113, 61.666682537484597 ], [ 6.387961020140227, 61.667454176877861 ], [ 6.387203659872484, 61.667642502766405 ], [ 6.387137983584204, 61.667886130216338 ], [ 6.38691839267385, 61.667988024564849 ], [ 6.385319164157233, 61.668124434494956 ], [ 6.384126231551867, 61.668447921377989 ], [ 6.382300264440531, 61.669481412351637 ], [ 6.381857205158239, 61.670004188741451 ], [ 6.382363931567363, 61.670659724108361 ], [ 6.383284697030351, 61.670996873494914 ], [ 6.382565292107797, 61.671575035169184 ], [ 6.38213056830724, 61.67162245291594 ], [ 6.382613040353768, 61.671945999981048 ], [ 6.380951262029476, 61.672792509569412 ], [ 6.379895496052727, 61.673525669405734 ], [ 6.378493624565222, 61.67387733371482 ], [ 6.378261088890584, 61.674148228842391 ], [ 6.378058112667648, 61.674107440824862 ], [ 6.378122055273532, 61.673966416196762 ], [ 6.377850837644448, 61.674078575235207 ], [ 6.377592011353906, 61.675318106526611 ], [ 6.377782764330868, 61.67623149300146 ], [ 6.377257544298301, 61.676761156891835 ], [ 6.377214035082679, 61.677104838000886 ], [ 6.376921925958007, 61.677257407054242 ], [ 6.376152486263064, 61.679685271304969 ], [ 6.375501097557587, 61.680481553554714 ], [ 6.375652238201575, 61.680946439225927 ], [ 6.375186174747877, 61.681456636825438 ], [ 6.375199481537623, 61.681939699625865 ], [ 6.375407892854313, 61.682369283390138 ], [ 6.375338313377362, 61.682695322152902 ], [ 6.375771402220581, 61.683602224136564 ], [ 6.375941039943337, 61.683684711704572 ], [ 6.375645579659011, 61.684859050506702 ], [ 6.375876104755219, 61.685272961571826 ], [ 6.375095239669951, 61.686316238276476 ], [ 6.375230615234337, 61.686655278122331 ], [ 6.37483562716413, 61.687375685093734 ], [ 6.374891273113467, 61.687695936642129 ], [ 6.37370410684007, 61.689471548386138 ], [ 6.373771909324461, 61.689670074706164 ], [ 6.373495058808618, 61.689872031669772 ], [ 6.373467614354411, 61.690752163601921 ], [ 6.372787843105411, 61.691695523848182 ], [ 6.37250044373125, 61.691792199951792 ], [ 6.372257527551354, 61.692113476348695 ], [ 6.372414525081471, 61.692683981020238 ], [ 6.372359855044082, 61.693491020836824 ], [ 6.374404979360613, 61.6948591841264 ], [ 6.374231974270344, 61.695543989227239 ], [ 6.374503095627533, 61.696011244974635 ], [ 6.374477316367761, 61.696411339924211 ], [ 6.375131189599951, 61.696924006679843 ], [ 6.374689144887908, 61.697371508789708 ], [ 6.374693592139703, 61.697808210232388 ], [ 6.376766308995342, 61.699120164998284 ], [ 6.377572763562833, 61.699960656052845 ], [ 6.377669793529697, 61.700971534390831 ], [ 6.378642551080503, 61.702204050221319 ], [ 6.378439022762165, 61.70254147643265 ], [ 6.379070712945234, 61.703207456767103 ], [ 6.378825550903374, 61.703441880883481 ], [ 6.378925168167803, 61.703712881312441 ], [ 6.380618506674591, 61.704830966116553 ], [ 6.380557878385321, 61.705099399078229 ], [ 6.380762642808665, 61.705139293751941 ], [ 6.380843190084021, 61.705751639891403 ], [ 6.381371286085247, 61.705995221816686 ], [ 6.381363502329428, 61.706533947443432 ], [ 6.381787149441521, 61.706667835692208 ], [ 6.382491436037877, 61.707292049898804 ], [ 6.383396781818242, 61.708216624789173 ], [ 6.383778849266035, 61.709067942127319 ], [ 6.384486001896018, 61.709656550310925 ], [ 6.384803922297702, 61.710596756513041 ], [ 6.384810894391864, 61.711180679205924 ], [ 6.384192368078687, 61.711779736656823 ], [ 6.383716700361456, 61.712031011151439 ], [ 6.381074939766191, 61.712609412742175 ], [ 6.380650742387623, 61.712924554753087 ], [ 6.380021889543075, 61.714313753164099 ], [ 6.379656664741493, 61.714603179986923 ], [ 6.378885774604117, 61.714768164925779 ], [ 6.378094610874366, 61.715166195665468 ], [ 6.377899248501876, 61.715683282051288 ], [ 6.376712149109297, 61.716289467556422 ], [ 6.376290462927344, 61.716353170034012 ], [ 6.375902195880305, 61.71691159946657 ], [ 6.375479447739817, 61.716984447012912 ], [ 6.375256316422511, 61.717384230504912 ], [ 6.373923141228496, 61.717924586802404 ], [ 6.373551851986798, 61.718285887720789 ], [ 6.370793119810794, 61.719337667777026 ], [ 6.370226978471297, 61.71975788239039 ], [ 6.370003689790036, 61.719717884759888 ], [ 6.366879210782467, 61.72128355501016 ], [ 6.36469482100539, 61.7226965286455 ], [ 6.363988390735846, 61.722988393638666 ], [ 6.362853190738534, 61.723864910868137 ], [ 6.36247370987031, 61.724540142465635 ], [ 6.360155169886981, 61.725968670071445 ], [ 6.357690196916462, 61.727115584796444 ], [ 6.357125482124888, 61.727518053626461 ], [ 6.35650708007173, 61.728547956950194 ], [ 6.356591984473974, 61.728882097101554 ], [ 6.35602168082395, 61.728906766902739 ], [ 6.352617090519196, 61.730628573554874 ], [ 6.351098081218046, 61.73200054871733 ], [ 6.350858878393078, 61.732579702453243 ], [ 6.350254416181697, 61.732783676127632 ], [ 6.350158745762975, 61.73345542603812 ], [ 6.350333067424136, 61.734509853650387 ], [ 6.349369253455811, 61.735371350017999 ], [ 6.347782127057221, 61.735987336268337 ], [ 6.344750357858319, 61.737536658740176 ], [ 6.344417057679107, 61.738113801275013 ], [ 6.344561558805316, 61.738637667528792 ], [ 6.343094942252744, 61.739166052949258 ], [ 6.343186749309453, 61.739419428774667 ], [ 6.342898708834101, 61.739683430995242 ], [ 6.341071823188791, 61.740649272629241 ], [ 6.340509765356991, 61.74141368567313 ], [ 6.339620322175386, 61.741876486682386 ], [ 6.339318682097821, 61.742251643774097 ], [ 6.337345805619666, 61.742953393198398 ], [ 6.335471979611428, 61.743304927409184 ], [ 6.333544759695922, 61.744936278924989 ], [ 6.331715006267002, 61.745605874362752 ], [ 6.331248819489578, 61.745983553021041 ], [ 6.329657739540868, 61.746445262504679 ], [ 6.329492893162548, 61.746760726344291 ], [ 6.327706953293644, 61.747523772934585 ], [ 6.323728887661502, 61.748314446587017 ], [ 6.322962822454574, 61.748765868586254 ], [ 6.321378427079299, 61.749298388928018 ], [ 6.318192308364883, 61.749801229994624 ], [ 6.317873621480156, 61.749611239927965 ], [ 6.31548111057187, 61.749677296618337 ], [ 6.315574442050108, 61.749591548282844 ], [ 6.314224378489493, 61.749367110847537 ], [ 6.31379948267104, 61.74778035663897 ], [ 6.312797799139689, 61.74717156778258 ], [ 6.307834195469201, 61.747329627357821 ], [ 6.301367771015107, 61.74628645281858 ], [ 6.298380661055032, 61.746190970465982 ], [ 6.29764081785343, 61.746269536117367 ], [ 6.297881930522829, 61.746353161155902 ], [ 6.297737425534616, 61.746399579057687 ], [ 6.297487650532188, 61.746272032782564 ], [ 6.296794715670292, 61.746351153088604 ], [ 6.296878688791949, 61.746497464977928 ], [ 6.295551967584671, 61.746692907396891 ], [ 6.294353825925382, 61.747539572827044 ], [ 6.293039030572285, 61.748033094980407 ], [ 6.292522607480938, 61.748588059604955 ], [ 6.291887426090734, 61.74894280283457 ], [ 6.289483024649442, 61.749583168078871 ], [ 6.287330355750862, 61.75049303608435 ], [ 6.286947238787488, 61.750869853707201 ], [ 6.286678648311797, 61.751786793973764 ], [ 6.285827066863855, 61.752256325267439 ], [ 6.284091102037896, 61.751831695607898 ], [ 6.282716663147465, 61.751861612607428 ], [ 6.281586058893171, 61.751458628504757 ], [ 6.280479567181104, 61.751394457587828 ], [ 6.280535431867624, 61.751249950210742 ], [ 6.279990491447704, 61.751029921327863 ], [ 6.279502704441248, 61.750583336309525 ], [ 6.279508682301016, 61.749770650897162 ], [ 6.279043860491599, 61.749704285501743 ], [ 6.278289334361761, 61.750110599157942 ], [ 6.278772176191931, 61.750835876987772 ], [ 6.279336704774336, 61.751314124194202 ], [ 6.279989415764128, 61.751507808771343 ], [ 6.281116452381815, 61.752150640601677 ], [ 6.281649224450215, 61.752236888329698 ], [ 6.28208349999178, 61.75274301133436 ], [ 6.282457410906849, 61.75285097749876 ], [ 6.282529692625235, 61.753644817821836 ], [ 6.282768554098815, 61.754058827344942 ], [ 6.283094610274414, 61.75421504635657 ], [ 6.284646453150799, 61.754169009289761 ] ], [ [ 6.405846678346982, 61.728907843448084 ], [ 6.406355243359988, 61.729049979387177 ], [ 6.406190166795811, 61.729115708290976 ], [ 6.405846678346982, 61.728907843448084 ] ], [ [ 6.405115351061331, 61.729198520196029 ], [ 6.404816845260578, 61.729147963646568 ], [ 6.40496398745822, 61.728971077267786 ], [ 6.405204419744783, 61.729038562651425 ], [ 6.405115351061331, 61.729198520196029 ] ], [ [ 6.406098326176092, 61.729571966179982 ], [ 6.406315298771551, 61.729429207182953 ], [ 6.406115145148699, 61.72926770045823 ], [ 6.406489982446945, 61.729212504878937 ], [ 6.4071535749392, 61.729744909522076 ], [ 6.40670490386636, 61.729791742253454 ], [ 6.406098326176092, 61.729571966179982 ] ] ] ] } },
{ "type": "Feature", "properties": { "fid": 270460, "navn": "Jølstravatnet", "hoyde_moh": 207, "arealInnsjo_km2": 39.2899, "magasinKategori": 1, "fid_2": 186, "id": 186, "left": 5.986919847, "top": 61.946110046000001, "right": 6.486919847, "bottom": 61.446110046000001, "row_index": 25, "col_index": 4, "tile_id": 186 }, "geometry": { "type": "MultiPolygon", "coordinates": [ [ [ [ 6.480055271757546, 61.571255540219312 ], [ 6.481016931412331, 61.570803369618254 ], [ 6.481341335799839, 61.570399144555715 ], [ 6.481052475839633, 61.570338731927471 ], [ 6.480505537172642, 61.570628270761411 ], [ 6.481135774585645, 61.569773224344857 ], [ 6.481349280870465, 61.569873252025481 ], [ 6.481256574801461, 61.570033981647732 ], [ 6.481605541028401, 61.570024918468611 ], [ 6.481717375456304, 61.569493899454166 ], [ 6.481419749231854, 61.569545476815009 ], [ 6.48128103684774, 61.569145222680469 ], [ 6.481490786154478, 61.569090836228064 ], [ 6.481386734937256, 61.568947735606173 ], [ 6.479555692815842, 61.567332211895355 ], [ 6.479325130130041, 61.56739820330349 ], [ 6.479011108487725, 61.567188348019357 ], [ 6.478904974432729, 61.567040507484151 ], [ 6.479115460178225, 61.566910753114058 ], [ 6.477539611886454, 61.565600796369068 ], [ 6.477199418036181, 61.56565230737727 ], [ 6.477101546525128, 61.565495861607772 ], [ 6.477216880449509, 61.565424620174497 ], [ 6.474210071890901, 61.564130628365668 ], [ 6.473593380556563, 61.56399918640723 ], [ 6.473418049788928, 61.563731828748004 ], [ 6.473079880523732, 61.563763043263158 ], [ 6.473082932024208, 61.563556758798619 ], [ 6.472175888290816, 61.562935661084524 ], [ 6.470290578060859, 61.562698587088057 ], [ 6.469705583437257, 61.562386938574342 ], [ 6.469201889832336, 61.561662207986423 ], [ 6.469052595410798, 61.560786622264381 ], [ 6.468791144489959, 61.560515193025303 ], [ 6.466552139511703, 61.560204593259471 ], [ 6.465665727984467, 61.559756805725478 ], [ 6.465367806247492, 61.559481808245366 ], [ 6.465462200743383, 61.559016714855275 ], [ 6.465792501153649, 61.558429901097355 ], [ 6.466463167299152, 61.557915269942633 ], [ 6.466591879427943, 61.557455407616246 ], [ 6.46634531542426, 61.557245334493857 ], [ 6.466466326121889, 61.557136433949765 ], [ 6.466602640726142, 61.557315181220261 ], [ 6.467134043705036, 61.557219733206168 ], [ 6.467083193398519, 61.556859306526299 ], [ 6.466392076820705, 61.556154828815259 ], [ 6.465830754253552, 61.556018969726956 ], [ 6.465838483959788, 61.555758964920145 ], [ 6.465418133271584, 61.555569382970717 ], [ 6.465449439135229, 61.555372010741365 ], [ 6.464141237269478, 61.555129876425099 ], [ 6.464527771843118, 61.554777743990414 ], [ 6.464055920423991, 61.55432884858002 ], [ 6.464796041932766, 61.554028331649121 ], [ 6.462132792631317, 61.552981708687156 ], [ 6.460352502473389, 61.551727171250739 ], [ 6.460767678430774, 61.55171692193953 ], [ 6.461776732321563, 61.552499087750085 ], [ 6.46332820314016, 61.553327320873301 ], [ 6.465107190006054, 61.553908279609303 ], [ 6.465696257393334, 61.553380300385683 ], [ 6.466503173978094, 61.553179722627071 ], [ 6.466812751011817, 61.552218392694606 ], [ 6.46675226240072, 61.551807952484964 ], [ 6.467084443617147, 61.55169319534204 ], [ 6.467574393618751, 61.551821941206356 ], [ 6.467838456877532, 61.551674172703272 ], [ 6.467671448791743, 61.551508578247457 ], [ 6.467663275100163, 61.550995844270091 ], [ 6.46789102909475, 61.550776694081648 ], [ 6.469474305855402, 61.551236713484734 ], [ 6.471106199990618, 61.550990109478022 ], [ 6.473132840222936, 61.551012545584861 ], [ 6.474055485046702, 61.550865451207493 ], [ 6.475025704834514, 61.550367913916816 ], [ 6.47526186689528, 61.549818615208274 ], [ 6.475974100928398, 61.549838921876699 ], [ 6.476637423580848, 61.549655907101595 ], [ 6.478671593955911, 61.548193767475446 ], [ 6.480887100672119, 61.547359080385924 ], [ 6.486660236850255, 61.546116671914518 ], [ 6.486919847, 61.546107917709989 ], [ 6.486919847, 61.536681966424496 ], [ 6.485645753031759, 61.537186593536696 ], [ 6.484455639402808, 61.537306283417429 ], [ 6.481345461735296, 61.538005460726957 ], [ 6.479332396229019, 61.538929261702641 ], [ 6.478370066773169, 61.539190032475467 ], [ 6.475787626228577, 61.540866946893523 ], [ 6.474073375237679, 61.541441326469347 ], [ 6.473576740923101, 61.541826559779182 ], [ 6.473515001697855, 61.542109718452437 ], [ 6.472956018864876, 61.542264952891252 ], [ 6.472873383724413, 61.542477791205165 ], [ 6.472368503029742, 61.542565253531812 ], [ 6.472103786103762, 61.542885680541715 ], [ 6.471489360685999, 61.543171640226788 ], [ 6.469563773289235, 61.54374288158462 ], [ 6.467178072399403, 61.543814645584263 ], [ 6.46508252400251, 61.544095128721864 ], [ 6.465135762351665, 61.544257178090056 ], [ 6.464879866046516, 61.544384498196571 ], [ 6.462696920368328, 61.545162092394371 ], [ 6.462317930707989, 61.545485966962865 ], [ 6.461390799297043, 61.545814514709683 ], [ 6.460291166038694, 61.546905359068823 ], [ 6.459433735667029, 61.54728344907236 ], [ 6.459216536499786, 61.547579936203427 ], [ 6.459171539579222, 61.548016164595289 ], [ 6.458754234598951, 61.548299682598028 ], [ 6.458885079096829, 61.548512961423192 ], [ 6.458175750572867, 61.548758568948422 ], [ 6.458186895895301, 61.548936486552023 ], [ 6.457650257459795, 61.549346704290464 ], [ 6.459718534519152, 61.550960763211592 ], [ 6.459393051739472, 61.551026608364502 ], [ 6.457348811957244, 61.549551441314065 ], [ 6.455116917479245, 61.549680487513953 ], [ 6.454655503900007, 61.549797638090475 ], [ 6.453698900282351, 61.550444394815734 ], [ 6.453281772855981, 61.550939541260689 ], [ 6.450654742554684, 61.551752928771414 ], [ 6.450415553115678, 61.551685546666178 ], [ 6.450642471960035, 61.551213638191527 ], [ 6.450941568556408, 61.551012829829403 ], [ 6.450796589620787, 61.550938201738226 ], [ 6.450235676396476, 61.551125298362372 ], [ 6.449565401749219, 61.551031991430769 ], [ 6.449561433526474, 61.550852265403506 ], [ 6.448516110020556, 61.550542453272733 ], [ 6.448292025936625, 61.550296272604491 ], [ 6.447713677251339, 61.550273698113621 ], [ 6.444836031253918, 61.54880634228077 ], [ 6.442901965297336, 61.548275545101959 ], [ 6.442369711987715, 61.548337419933738 ], [ 6.441899036454358, 61.548113053390964 ], [ 6.437675770341292, 61.54796188647839 ], [ 6.436681577734304, 61.547691604581736 ], [ 6.436640007272185, 61.547511215658062 ], [ 6.435798573971371, 61.547217155606631 ], [ 6.433399932023899, 61.547082208153142 ], [ 6.432276509387936, 61.547465189793456 ], [ 6.431090364761006, 61.547469881896347 ], [ 6.427950328113593, 61.546970556486393 ], [ 6.420430317317108, 61.546855557406936 ], [ 6.419349721934823, 61.547176473733764 ], [ 6.417701110415456, 61.547082398757986 ], [ 6.416667293444267, 61.547287383772101 ], [ 6.413316733985981, 61.54751137579062 ], [ 6.407820192014886, 61.546607625840473 ], [ 6.404679791163599, 61.545667714662741 ], [ 6.40232476071805, 61.545694765726452 ], [ 6.399369544928544, 61.545243236215555 ], [ 6.394799623530357, 61.545191918013906 ], [ 6.392222984521233, 61.54494519662709 ], [ 6.390248222459085, 61.5444763208125 ], [ 6.38657817991429, 61.542681450778616 ], [ 6.380426839272674, 61.540632098363531 ], [ 6.379869576136196, 61.540325199296447 ], [ 6.377713291269307, 61.539780705866931 ], [ 6.377001803617208, 61.53929089967189 ], [ 6.37286624889123, 61.537900031897408 ], [ 6.372208407658412, 61.537222732846843 ], [ 6.372110885059616, 61.536816610587358 ], [ 6.371595095749497, 61.536465427619945 ], [ 6.369718791125321, 61.535705370680098 ], [ 6.368403402513472, 61.534598355671392 ], [ 6.364897146655971, 61.532895881002375 ], [ 6.363177089593289, 61.531500674991847 ], [ 6.362877069767672, 61.531454358229603 ], [ 6.362824990901063, 61.531208937493219 ], [ 6.363200969850469, 61.531104086296786 ], [ 6.363281009151488, 61.53063591806 ], [ 6.362346220171021, 61.52921414596662 ], [ 6.362112293206144, 61.529223170549123 ], [ 6.361231147055282, 61.528589377423238 ], [ 6.359061956243821, 61.528148954703759 ], [ 6.357861319835528, 61.528073724866481 ], [ 6.353141578938116, 61.52707036918364 ], [ 6.35355245884729, 61.527018542916487 ], [ 6.352889040954357, 61.526700579167922 ], [ 6.351886638667674, 61.525804763894328 ], [ 6.351444182403838, 61.525601171824583 ], [ 6.351350637185496, 61.525228519558887 ], [ 6.351175127244984, 61.525158052685754 ], [ 6.351140017236912, 61.524440247385876 ], [ 6.350254387279648, 61.523554128880789 ], [ 6.349468203729438, 61.523468873693716 ], [ 6.348241054210222, 61.522798697320859 ], [ 6.346058844190297, 61.522133891934594 ], [ 6.345976392269619, 61.521981192261705 ], [ 6.342374171284036, 61.521261183054385 ], [ 6.340750549620662, 61.521458946378466 ], [ 6.33883943673758, 61.521215882566501 ], [ 6.337157210873358, 61.520653173959751 ], [ 6.336735189781884, 61.520312523551887 ], [ 6.335233165146527, 61.519624900284072 ], [ 6.335145478754807, 61.51932921028191 ], [ 6.333401881026209, 61.518603523037868 ], [ 6.332655423408962, 61.518534977960876 ], [ 6.332523654269546, 61.518316956837687 ], [ 6.330353001134262, 61.517528842102202 ], [ 6.328704738130463, 61.517069367802158 ], [ 6.32824866539653, 61.517120750151477 ], [ 6.328191461032048, 61.516910117387411 ], [ 6.327151826842752, 61.51662546316404 ], [ 6.325506173070431, 61.51636450104867 ], [ 6.323603640616796, 61.515754153987309 ], [ 6.321416737729679, 61.515330267067803 ], [ 6.315753826624107, 61.514777077493065 ], [ 6.311255268651525, 61.513497826156573 ], [ 6.307074804959062, 61.512912247027593 ], [ 6.304974624028584, 61.512412693955653 ], [ 6.299909887083031, 61.511620848540062 ], [ 6.293332578734958, 61.510924527812548 ], [ 6.290276085599116, 61.510827880896962 ], [ 6.288589127031742, 61.510982987768259 ], [ 6.288074548735181, 61.511278106896398 ], [ 6.28548267747316, 61.511675714190829 ], [ 6.283199557772278, 61.511333880082567 ], [ 6.281641143535278, 61.510665086275672 ], [ 6.276309037250623, 61.510466479268459 ], [ 6.272490256817804, 61.510805657840301 ], [ 6.271213912045567, 61.511211261492072 ], [ 6.269814055937164, 61.511946793328072 ], [ 6.266940161795063, 61.512554004484748 ], [ 6.263458674521129, 61.512798508989619 ], [ 6.261444242063848, 61.512614399877343 ], [ 6.259242637135656, 61.513055232010977 ], [ 6.254151868446905, 61.514488792142231 ], [ 6.249599607299235, 61.514926891436502 ], [ 6.248844397156814, 61.515172359017598 ], [ 6.244194444780036, 61.515437813953824 ], [ 6.240621741394712, 61.515437415411149 ], [ 6.237137827424228, 61.514943199222863 ], [ 6.234797182984396, 61.514951264689678 ], [ 6.230919830439103, 61.514144900973243 ], [ 6.227175180136977, 61.512614696617526 ], [ 6.219863458703023, 61.511313809403511 ], [ 6.219118330958, 61.511381410513245 ], [ 6.218258010354441, 61.511095656776966 ], [ 6.214648160730836, 61.510569973699283 ], [ 6.210465194396735, 61.509502251958814 ], [ 6.20576466145631, 61.507256309012938 ], [ 6.201108328503521, 61.505955290641431 ], [ 6.198672104887081, 61.505606982960074 ], [ 6.197048385613408, 61.504983651072735 ], [ 6.196834434090164, 61.504724325411395 ], [ 6.195777400064792, 61.504436008705206 ], [ 6.194706495452376, 61.504347104500077 ], [ 6.194233042019247, 61.504490245029992 ], [ 6.191306565276483, 61.504249686459154 ], [ 6.191049506315431, 61.504440330961408 ], [ 6.190692759132476, 61.504392898218477 ], [ 6.189993673359129, 61.503784464790996 ], [ 6.186703735346565, 61.50283666793986 ], [ 6.186198188272458, 61.502372826422075 ], [ 6.185419920232696, 61.501987454834151 ], [ 6.18435905946755, 61.501960471456059 ], [ 6.18357082286925, 61.501623413318875 ], [ 6.183726082298512, 61.501529884039037 ], [ 6.182003370310706, 61.501074926552285 ], [ 6.180968072405458, 61.501104248119134 ], [ 6.179795261892824, 61.500819635402536 ], [ 6.17700444165787, 61.500574212667921 ], [ 6.174631779971529, 61.500847108326873 ], [ 6.170730444491221, 61.500754678401023 ], [ 6.164481817463933, 61.498849598648157 ], [ 6.161785506500769, 61.498196428472767 ], [ 6.160912761667142, 61.498200966829103 ], [ 6.158875990743371, 61.498782874902155 ], [ 6.157875004871419, 61.498865494101302 ], [ 6.156376056733138, 61.498800444610481 ], [ 6.155197517751481, 61.498313448003159 ], [ 6.153956154713519, 61.498399575125184 ], [ 6.152493038312664, 61.498230555470506 ], [ 6.150822636313388, 61.497516896320882 ], [ 6.149718171060378, 61.496877275115772 ], [ 6.149833464410267, 61.496757221053429 ], [ 6.149271806785122, 61.496418220481559 ], [ 6.14815758015004, 61.496114009637836 ], [ 6.147316805505461, 61.495625442172141 ], [ 6.144412530854842, 61.494855455191001 ], [ 6.144098428766966, 61.494922372593685 ], [ 6.144155996114933, 61.494827009828732 ], [ 6.143077370355478, 61.494206184140559 ], [ 6.142727263779773, 61.494169803896547 ], [ 6.142407637585528, 61.493759137948707 ], [ 6.141209694082639, 61.493240909820862 ], [ 6.139930219414738, 61.492928153060447 ], [ 6.139116256282918, 61.492882354059411 ], [ 6.139038140241081, 61.493001220066837 ], [ 6.13802549507774, 61.493018039693453 ], [ 6.137235992889317, 61.493216643985363 ], [ 6.136166841591757, 61.493146973862828 ], [ 6.135626571853463, 61.49360904622997 ], [ 6.13486429010753, 61.49367107086757 ], [ 6.132912215789316, 61.493533587197938 ], [ 6.131694473533713, 61.493172562515433 ], [ 6.130879108184934, 61.493166563677207 ], [ 6.128911019063888, 61.492391245430511 ], [ 6.127415917534943, 61.492196613151705 ], [ 6.127280670094775, 61.492339832205062 ], [ 6.125914338910887, 61.492282128881108 ], [ 6.12488320137878, 61.492678805880317 ], [ 6.123235846984096, 61.492680630050479 ], [ 6.123092397544602, 61.492966901995231 ], [ 6.121879490740272, 61.492954828924269 ], [ 6.121756615611962, 61.492929777428856 ], [ 6.121781407745648, 61.492534689506201 ], [ 6.121229024799545, 61.492742617707819 ], [ 6.120588277177958, 61.492552548278795 ], [ 6.12030082207457, 61.492217847868694 ], [ 6.120061533497003, 61.492405923847024 ], [ 6.120078342301028, 61.491736586629507 ], [ 6.119857313448005, 61.491755787814803 ], [ 6.119352994841477, 61.492304478030476 ], [ 6.119173514339926, 61.491932219420889 ], [ 6.118346939711999, 61.491933721366138 ], [ 6.117976168103876, 61.49170948806443 ], [ 6.117309649748266, 61.491667811342765 ], [ 6.115849430968029, 61.491767859073803 ], [ 6.115541006426859, 61.491863550283647 ], [ 6.115585403700464, 61.492026146900955 ], [ 6.114661086143121, 61.492013165497234 ], [ 6.11465280478203, 61.492157753894531 ], [ 6.114277358278621, 61.492215604831131 ], [ 6.113572169018773, 61.492718192614902 ], [ 6.113834182927846, 61.492916228631522 ], [ 6.11379016631141, 61.493079887742084 ], [ 6.113462212712674, 61.493373013885737 ], [ 6.113189174966909, 61.49338300551517 ], [ 6.113865736159167, 61.493703606513883 ], [ 6.113373734039527, 61.494250378812808 ], [ 6.113683486335781, 61.494644126068586 ], [ 6.116390962249286, 61.496162433084734 ], [ 6.119352437425856, 61.497165435611137 ], [ 6.122007884069984, 61.498786194593869 ], [ 6.123231140111639, 61.499150826619534 ], [ 6.123495074603885, 61.499487407993712 ], [ 6.125415437555667, 61.500685563733853 ], [ 6.126037921703182, 61.500830575601839 ], [ 6.126416179049158, 61.501270344404311 ], [ 6.127161211601014, 61.501717711477909 ], [ 6.128554934358431, 61.50226841357923 ], [ 6.129975233344632, 61.502529678747244 ], [ 6.130040362878578, 61.502735646058326 ], [ 6.130370130708647, 61.502890639326139 ], [ 6.131229785440959, 61.503022611001086 ], [ 6.131945328295245, 61.503442621200406 ], [ 6.133936419504494, 61.503806845029999 ], [ 6.134775942031358, 61.503799484208535 ], [ 6.13507734046479, 61.50407062442104 ], [ 6.136996312441405, 61.504795335090719 ], [ 6.138639506905102, 61.505249387536054 ], [ 6.139347153193732, 61.505731729114586 ], [ 6.139840602983077, 61.505826654468464 ], [ 6.140298125750363, 61.50629623122304 ], [ 6.140866995990942, 61.506559560037346 ], [ 6.143447074040642, 61.507239417664032 ], [ 6.145702478593218, 61.508178747001089 ], [ 6.149913687957392, 61.508822558747738 ], [ 6.154455078177314, 61.510513615393371 ], [ 6.155686215263937, 61.51037835801425 ], [ 6.155685983075538, 61.510529159553144 ], [ 6.155934097112016, 61.510561725308442 ], [ 6.156021952989115, 61.510330803127957 ], [ 6.156534665546821, 61.510317851589043 ], [ 6.156612773595481, 61.510565037700438 ], [ 6.157012311767453, 61.510365952149726 ], [ 6.158494126254328, 61.510621057993653 ], [ 6.158606190763517, 61.510808470861136 ], [ 6.159148131922743, 61.5108679012138 ], [ 6.159483689058036, 61.511156114867632 ], [ 6.160242896734804, 61.511347381192543 ], [ 6.160973214017457, 61.512413185551083 ], [ 6.161174851191101, 61.513138499859515 ], [ 6.162627753623246, 61.513663837338122 ], [ 6.166269603314478, 61.514282482377837 ], [ 6.169498633865146, 61.514329939355306 ], [ 6.174171546205124, 61.514850335902608 ], [ 6.175822771359791, 61.51527441019843 ], [ 6.178588660497381, 61.516645149027681 ], [ 6.184992335034693, 61.517791864130771 ], [ 6.189569052828659, 61.517920951555816 ], [ 6.193332303434494, 61.51833988738052 ], [ 6.194077545963482, 61.518674249678469 ], [ 6.196636020100074, 61.519199152262082 ], [ 6.198753770744643, 61.520219252354387 ], [ 6.203893440348053, 61.521458589321014 ], [ 6.205700610545009, 61.522780601849497 ], [ 6.208257781994956, 61.523858790377716 ], [ 6.211218964727514, 61.524767972108776 ], [ 6.218828694853422, 61.527531677495702 ], [ 6.222669321208245, 61.528519458180504 ], [ 6.225823831887991, 61.52916604080486 ], [ 6.230336384212322, 61.529690494807994 ], [ 6.23362325110787, 61.529085293881316 ], [ 6.236536361064048, 61.528844987256903 ], [ 6.23861735740831, 61.52883531793271 ], [ 6.239488166894644, 61.529023015347363 ], [ 6.243853888046087, 61.52877774199991 ], [ 6.247927395663537, 61.529019598176895 ], [ 6.251306359660113, 61.52849230808021 ], [ 6.254464779549819, 61.528500030211717 ], [ 6.258205109427401, 61.528242291382789 ], [ 6.26282134723845, 61.527310931430208 ], [ 6.268321374749998, 61.526594784334662 ], [ 6.277948821304063, 61.526005765651561 ], [ 6.280402862210027, 61.525264091965688 ], [ 6.28833905881844, 61.523993947222387 ], [ 6.297919672228511, 61.524363621300395 ], [ 6.300869381452298, 61.525032191388824 ], [ 6.305537395756975, 61.525794733504277 ], [ 6.306821998362682, 61.525805810711397 ], [ 6.312364121912843, 61.527206186663356 ], [ 6.312968452450523, 61.52781428273093 ], [ 6.314996912496773, 61.528722919754784 ], [ 6.315964258416775, 61.528668212268009 ], [ 6.31643109859015, 61.528795255949255 ], [ 6.316768302586357, 61.528967471028231 ], [ 6.317225956160854, 61.529661542355328 ], [ 6.317652866109125, 61.529978450272438 ], [ 6.32022886029388, 61.530900494210982 ], [ 6.321183204870684, 61.531531148689261 ], [ 6.327431133365403, 61.534593956905795 ], [ 6.328337664336877, 61.534814232821375 ], [ 6.329140986971082, 61.535210656247045 ], [ 6.332674487687964, 61.536096042494989 ], [ 6.335043378235792, 61.537438144956795 ], [ 6.336881997644405, 61.537741357653637 ], [ 6.337048551522822, 61.537903234647132 ], [ 6.338757333106185, 61.538345552702474 ], [ 6.339645187526271, 61.538357763793613 ], [ 6.341250524121623, 61.539784455995942 ], [ 6.342927668988463, 61.542011144342034 ], [ 6.344085121348408, 61.543102837519868 ], [ 6.344117999061051, 61.543509384244267 ], [ 6.34481713648915, 61.544172767427561 ], [ 6.345237618234619, 61.544232052715316 ], [ 6.345323817024417, 61.544379660240622 ], [ 6.345002956086417, 61.54454364073662 ], [ 6.345992448912566, 61.54561645362066 ], [ 6.347393177540677, 61.546527336517855 ], [ 6.347596102633982, 61.546937961259104 ], [ 6.350238672971371, 61.548845284935005 ], [ 6.350515163929186, 61.54897946588968 ], [ 6.35233844690485, 61.548859213336982 ], [ 6.353644167783027, 61.549223103850039 ], [ 6.355685899850389, 61.550493843888368 ], [ 6.356175432954898, 61.552016261084908 ], [ 6.356701807277697, 61.552139350739949 ], [ 6.356545721371671, 61.552624175127107 ], [ 6.357398285583448, 61.552785405488933 ], [ 6.357553026379961, 61.552972513015938 ], [ 6.358124610938568, 61.552847070528095 ], [ 6.358843499272824, 61.553239523190022 ], [ 6.359623421106373, 61.553254549548022 ], [ 6.360710912425688, 61.553591260271851 ], [ 6.362220822621778, 61.554577478470186 ], [ 6.363125962071883, 61.554769662013122 ], [ 6.363423775174837, 61.555006618056233 ], [ 6.364047780754441, 61.555054502602559 ], [ 6.364783882099495, 61.555522542051683 ], [ 6.366257441747067, 61.556013516324008 ], [ 6.366993678444288, 61.556066456134467 ], [ 6.368875391556895, 61.55663596571253 ], [ 6.369600340323617, 61.556574981249824 ], [ 6.372638234144406, 61.556856873266028 ], [ 6.373536567468663, 61.557203834154201 ], [ 6.37442719065726, 61.557332590282485 ], [ 6.375352179704531, 61.557332360252254 ], [ 6.376362042148001, 61.557012950029993 ], [ 6.377736500605569, 61.556979866909273 ], [ 6.378969568012478, 61.557166053785409 ], [ 6.380226882191851, 61.556971385616464 ], [ 6.381492573381402, 61.557319424035377 ], [ 6.381544530632873, 61.557467622869929 ], [ 6.381162929744193, 61.557412740199432 ], [ 6.380968356678676, 61.557594678946003 ], [ 6.381621433966868, 61.557805121659101 ], [ 6.382624002730823, 61.557844461199863 ], [ 6.385494913600542, 61.558552021562342 ], [ 6.388213406408912, 61.558702956610489 ], [ 6.389390407103788, 61.559161629339549 ], [ 6.39314841049117, 61.559876209091122 ], [ 6.393870056483181, 61.560212617396395 ], [ 6.395225760071621, 61.560226036544755 ], [ 6.396868129862399, 61.560662048758978 ], [ 6.399369482988362, 61.560824895898989 ], [ 6.399354906059922, 61.560593263940063 ], [ 6.400201870540918, 61.560333084589935 ], [ 6.400823438564867, 61.559817510529243 ], [ 6.402119633364013, 61.559623751029626 ], [ 6.402376452769348, 61.559461993681545 ], [ 6.403498492881791, 61.559664030048665 ], [ 6.404994304578179, 61.559645496162723 ], [ 6.4062074880597, 61.55995210866098 ], [ 6.407130764573274, 61.560374206606134 ], [ 6.409735317427797, 61.560798222869799 ], [ 6.410776881170447, 61.560792394851745 ], [ 6.411166460259381, 61.560512841068196 ], [ 6.411556883055469, 61.560592763559796 ], [ 6.411632869900733, 61.560387197824603 ], [ 6.412977086451384, 61.560288062897051 ], [ 6.413349024116146, 61.560052732373222 ], [ 6.414647187087295, 61.560071345714654 ], [ 6.415998450096723, 61.559748068749158 ], [ 6.417452441717983, 61.55986883765835 ], [ 6.417703190974041, 61.56017647328882 ], [ 6.418225911217887, 61.560415328717447 ], [ 6.419873305116652, 61.560898967849049 ], [ 6.421825663682715, 61.560959718791644 ], [ 6.424934171409152, 61.560631713433914 ], [ 6.426506976799352, 61.560784464736656 ], [ 6.428770647820873, 61.56076010892469 ], [ 6.435206653763203, 61.561808473876695 ], [ 6.439840543263053, 61.561876983929821 ], [ 6.447868882051571, 61.562419957194763 ], [ 6.448353713498814, 61.562564794971181 ], [ 6.448417545335143, 61.562743057977038 ], [ 6.450932944519276, 61.563129462182168 ], [ 6.452265351089121, 61.563661737270984 ], [ 6.452603399432734, 61.56353265420951 ], [ 6.454349814632365, 61.563947565467885 ], [ 6.454650804583428, 61.564142936358238 ], [ 6.454312027430732, 61.564131794799238 ], [ 6.455119858034695, 61.564470021400631 ], [ 6.455272992542729, 61.56470141690081 ], [ 6.457508181489994, 61.565596983387536 ], [ 6.458741221887668, 61.565668776776178 ], [ 6.460027458311401, 61.565480072567063 ], [ 6.46106187690219, 61.565672022536603 ], [ 6.461880705631443, 61.566014689802387 ], [ 6.46206982860292, 61.565955511710435 ], [ 6.4619895951646, 61.566066074701332 ], [ 6.462485502567622, 61.566600306186189 ], [ 6.462858215757546, 61.566471844629156 ], [ 6.463213040657135, 61.56664474938691 ], [ 6.462850234549917, 61.566516413638055 ], [ 6.462584711487638, 61.566681881382557 ], [ 6.464066835624205, 61.567523684166908 ], [ 6.466431816868343, 61.568233779810456 ], [ 6.467575633436002, 61.568312156975288 ], [ 6.467591010242549, 61.568450324838359 ], [ 6.468994818289498, 61.568649548974804 ], [ 6.47088523557094, 61.569507733031124 ], [ 6.47394364896083, 61.570500008923702 ], [ 6.47832821545976, 61.571350720803004 ], [ 6.480055271757546, 61.571255540219312 ] ], [ [ 6.463531066865754, 61.554992737705604 ], [ 6.463041628191647, 61.554992721489967 ], [ 6.463143633215208, 61.554895724019701 ], [ 6.463531066865754, 61.554992737705604 ] ] ] ] } }
]
}
